ISO-10303-21;
HEADER;
FILE_DESCRIPTION(('Open CASCADE Model'),'2;1');
FILE_NAME('Open CASCADE Shape Model','2026-09-29T17:45:19',('Author'),(
    'Open CASCADE'),'Open CASCADE STEP processor 7.9','Open CASCADE 7.9'
  ,'Unknown');
FILE_SCHEMA(('AUTOMOTIVE_DESIGN { 1 0 10303 214 1 1 1 1 }'));
ENDSEC;
DATA;
#1 = APPLICATION_PROTOCOL_DEFINITION('international standard',
  'automotive_design',2000,#2);
#2 = APPLICATION_CONTEXT(
  'core data for automotive mechanical design processes');
#3 = SHAPE_DEFINITION_REPRESENTATION(#4,#10);
#4 = PRODUCT_DEFINITION_SHAPE('','',#5);
#5 = PRODUCT_DEFINITION('design','',#6,#9);
#6 = PRODUCT_DEFINITION_FORMATION('','',#7);
#7 = PRODUCT('Open CASCADE STEP translator 7.9 3',
  'Open CASCADE STEP translator 7.9 3','',(#8));
#8 = PRODUCT_CONTEXT('',#2,'mechanical');
#9 = PRODUCT_DEFINITION_CONTEXT('part definition',#2,'design');
#10 = ADVANCED_BREP_SHAPE_REPRESENTATION('',(#11,#15),#11803);
#11 = AXIS2_PLACEMENT_3D('',#12,#13,#14);
#12 = CARTESIAN_POINT('',(0.,0.,0.));
#13 = DIRECTION('',(0.,0.,1.));
#14 = DIRECTION('',(1.,0.,-0.));
#15 = MANIFOLD_SOLID_BREP('',#16);
#16 = CLOSED_SHELL('',(#17,#2256,#2792,#3940,#3996,#5315,#5385,#5456,
    #5481,#5506,#5576,#5647,#5672,#5697,#5767,#5838,#5863,#5888,#5958,
    #6029,#6054,#6079,#6149,#6220,#6245,#6270,#6340,#6411,#6436,#6461,
    #6531,#6602,#6627,#6652,#6722,#6793,#6818,#6843,#6913,#6984,#7009,
    #7034,#7104,#7175,#7200,#7225,#7295,#7366,#7391,#7416,#7486,#7557,
    #7582,#7607,#8150,#8713,#8769,#8928,#8983,#9122,#9596,#11527,#11554,
    #11581,#11608,#11635,#11662,#11689,#11717,#11745,#11774));
#17 = ADVANCED_FACE('',(#18,#934,#1195,#1456,#1717,#1978),#33,.T.);
#18 = FACE_BOUND('',#19,.T.);
#19 = EDGE_LOOP('',(#20,#55,#305,#407,#408,#601));
#20 = ORIENTED_EDGE('',*,*,#21,.F.);
#21 = EDGE_CURVE('',#22,#24,#26,.T.);
#22 = VERTEX_POINT('',#23);
#23 = CARTESIAN_POINT('',(-4.5,-5.510910596163E-16,-395.1935804656));
#24 = VERTEX_POINT('',#25);
#25 = CARTESIAN_POINT('',(-46.8,-5.73134702001E-15,-394.5050577939));
#26 = SEAM_CURVE('',#27,(#32,#48),.PCURVE_S1.);
#27 = ELLIPSE('',#28,789.507,395.2);
#28 = AXIS2_PLACEMENT_3D('',#29,#30,#31);
#29 = CARTESIAN_POINT('',(0.,0.,0.));
#30 = DIRECTION('',(-1.224646799147E-16,1.,0.));
#31 = DIRECTION('',(-1.,-1.224646799147E-16,0.));
#32 = PCURVE('',#33,#42);
#33 = SURFACE_OF_REVOLUTION('',#34,#39);
#34 = ELLIPSE('',#35,789.507,395.2);
#35 = AXIS2_PLACEMENT_3D('',#36,#37,#38);
#36 = CARTESIAN_POINT('',(0.,0.,0.));
#37 = DIRECTION('',(-1.224646799147E-16,1.,0.));
#38 = DIRECTION('',(-1.,-1.224646799147E-16,0.));
#39 = AXIS1_PLACEMENT('',#40,#41);
#40 = CARTESIAN_POINT('',(0.,0.,0.));
#41 = DIRECTION('',(0.,0.,1.));
#42 = DEFINITIONAL_REPRESENTATION('',(#43),#47);
#43 = LINE('',#44,#45);
#44 = CARTESIAN_POINT('',(0.,0.));
#45 = VECTOR('',#46,1.);
#46 = DIRECTION('',(0.,1.));
#47 = ( GEOMETRIC_REPRESENTATION_CONTEXT(2) 
PARAMETRIC_REPRESENTATION_CONTEXT() REPRESENTATION_CONTEXT('2D SPACE',''
  ) );
#48 = PCURVE('',#33,#49);
#49 = DEFINITIONAL_REPRESENTATION('',(#50),#54);
#50 = LINE('',#51,#52);
#51 = CARTESIAN_POINT('',(6.28318530718,0.));
#52 = VECTOR('',#53,1.);
#53 = DIRECTION('',(0.,1.));
#54 = ( GEOMETRIC_REPRESENTATION_CONTEXT(2) 
PARAMETRIC_REPRESENTATION_CONTEXT() REPRESENTATION_CONTEXT('2D SPACE',''
  ) );
#55 = ORIENTED_EDGE('',*,*,#56,.F.);
#56 = EDGE_CURVE('',#57,#22,#59,.T.);
#57 = VERTEX_POINT('',#58);
#58 = CARTESIAN_POINT('',(4.5,-1.102182119233E-15,-395.1935804656));
#59 = SURFACE_CURVE('',#60,(#138,#219),.PCURVE_S1.);
#60 = B_SPLINE_CURVE_WITH_KNOTS('',6,(#61,#62,#63,#64,#65,#66,#67,#68,
    #69,#70,#71,#72,#73,#74,#75,#76,#77,#78,#79,#80,#81,#82,#83,#84,#85,
    #86,#87,#88,#89,#90,#91,#92,#93,#94,#95,#96,#97,#98,#99,#100,#101,
    #102,#103,#104,#105,#106,#107,#108,#109,#110,#111,#112,#113,#114,
    #115,#116,#117,#118,#119,#120,#121,#122,#123,#124,#125,#126,#127,
    #128,#129,#130,#131,#132,#133,#134,#135,#136,#137),.UNSPECIFIED.,.F.
  ,.F.,(7,5,5,5,5,5,5,5,5,5,5,5,5,5,5,7),(0.,5.600073734828E-02,
    0.11400149573,0.172002254112,0.230003012494,0.288003770876,
    0.328004315489,0.384005052837,0.442005811219,0.500006569601,
    0.558007327983,0.616008086365,0.674008844746,0.730009582095,
    0.814010491437,1.),.UNSPECIFIED.);
#61 = CARTESIAN_POINT('',(4.5,-1.7763568394E-15,-395.1935804656));
#62 = CARTESIAN_POINT('',(4.5,-0.131946811475,-395.1935804656));
#63 = CARTESIAN_POINT('',(4.495357329515,-0.263893929534,-395.1935804656
    ));
#64 = CARTESIAN_POINT('',(4.486072015719,-0.395636479661,-395.1935804656
    ));
#65 = CARTESIAN_POINT('',(4.472156020397,-0.52697063988,-395.1935804656)
  );
#66 = CARTESIAN_POINT('',(4.453633239948,-0.657693640755,-395.1935804656
    ));
#67 = CARTESIAN_POINT('',(4.406620996766,-0.922153525034,-395.1935804656
    ));
#68 = CARTESIAN_POINT('',(4.377799084136,-1.055831992319,-395.1935804656
    ));
#69 = CARTESIAN_POINT('',(4.344113648629,-1.188415013895,-395.1935804656
    ));
#70 = CARTESIAN_POINT('',(4.30561786966,-1.319682074414,-395.1935804656)
  );
#71 = CARTESIAN_POINT('',(4.262378224918,-1.449416296521,-395.1935804656
    ));
#72 = CARTESIAN_POINT('',(4.166570755816,-1.705392585199,-395.1935804656
    ));
#73 = CARTESIAN_POINT('',(4.114002675296,-1.831635336174,-395.1935804656
    ));
#74 = CARTESIAN_POINT('',(4.0568500876,-1.955919477943,-395.1935804656)
  );
#75 = CARTESIAN_POINT('',(3.99520525042,-2.078037782159,-395.1935804656)
  );
#76 = CARTESIAN_POINT('',(3.929172840347,-2.19778900797,-395.1935804656)
  );
#77 = CARTESIAN_POINT('',(3.788567065396,-2.432166796063,-395.1935804656
    ));
#78 = CARTESIAN_POINT('',(3.71399332458,-2.546793985001,-395.1935804656)
  );
#79 = CARTESIAN_POINT('',(3.635265883442,-2.658664249984,-395.1935804656
    ));
#80 = CARTESIAN_POINT('',(3.552513023336,-2.767590510913,-395.1935804656
    ));
#81 = CARTESIAN_POINT('',(3.465874153957,-2.873393826437,-395.1935804656
    ));
#82 = CARTESIAN_POINT('',(3.285125472718,-3.078412961474,-395.1935804656
    ));
#83 = CARTESIAN_POINT('',(3.19101517759,-3.177629329147,-395.1935804656)
  );
#84 = CARTESIAN_POINT('',(3.093319516307,-3.273381738736,-395.1935804656
    ));
#85 = CARTESIAN_POINT('',(2.992198546546,-3.365509452537,-395.1935804656
    ));
#86 = CARTESIAN_POINT('',(2.887821795305,-3.453861753376,-395.1935804656
    ));
#87 = CARTESIAN_POINT('',(2.706262331735,-3.596529832072,-395.1935804656
    ));
#88 = CARTESIAN_POINT('',(2.63069283185,-3.652899268471,-395.1935804656)
  );
#89 = CARTESIAN_POINT('',(2.553718372563,-3.707360200493,-395.1935804656
    ));
#90 = CARTESIAN_POINT('',(2.475399335895,-3.759869142536,-395.1935804656
    ));
#91 = CARTESIAN_POINT('',(2.39579787257,-3.810385176717,-395.1935804656)
  );
#92 = CARTESIAN_POINT('',(2.201829993977,-3.92674860905,-395.1935804656)
  );
#93 = CARTESIAN_POINT('',(2.086293449794,-3.990646209252,-395.1935804656
    ));
#94 = CARTESIAN_POINT('',(1.968543968805,-4.050457381227,-395.1935804656
    ));
#95 = CARTESIAN_POINT('',(1.848762487403,-4.106087528444,-395.1935804656
    ));
#96 = CARTESIAN_POINT('',(1.727135179036,-4.157452830086,-395.1935804656
    ));
#97 = CARTESIAN_POINT('',(1.476168822308,-4.253187197963,-395.1935804656
    ));
#98 = CARTESIAN_POINT('',(1.346708841957,-4.297241127987,-395.1935804656
    ));
#99 = CARTESIAN_POINT('',(1.215686247059,-4.336560916922,-395.1935804656
    ));
#100 = CARTESIAN_POINT('',(1.083317492998,-4.371078725719,
    -395.1935804656));
#101 = CARTESIAN_POINT('',(0.949822756639,-4.400739990484,
    -395.1935804656));
#102 = CARTESIAN_POINT('',(0.681029116007,-4.450266854473,
    -395.1935804656));
#103 = CARTESIAN_POINT('',(0.54572949306,-4.470132586118,-395.1935804656
    ));
#104 = CARTESIAN_POINT('',(0.409750977982,-4.485059394646,
    -395.1935804656));
#105 = CARTESIAN_POINT('',(0.273318735608,-4.495019787034,
    -395.1935804656));
#106 = CARTESIAN_POINT('',(0.136659185111,-4.5,-395.1935804656));
#107 = CARTESIAN_POINT('',(-0.13665918511,-4.5,-395.1935804656));
#108 = CARTESIAN_POINT('',(-0.273318735607,-4.495019787035,
    -395.1935804656));
#109 = CARTESIAN_POINT('',(-0.409750977981,-4.485059394646,
    -395.1935804656));
#110 = CARTESIAN_POINT('',(-0.545729493059,-4.470132586118,
    -395.1935804656));
#111 = CARTESIAN_POINT('',(-0.681029116006,-4.450266854474,
    -395.1935804656));
#112 = CARTESIAN_POINT('',(-0.949822756637,-4.400739990484,
    -395.1935804656));
#113 = CARTESIAN_POINT('',(-1.083317492997,-4.371078725719,
    -395.1935804656));
#114 = CARTESIAN_POINT('',(-1.215686247058,-4.336560916922,
    -395.1935804656));
#115 = CARTESIAN_POINT('',(-1.346708841956,-4.297241127987,
    -395.1935804656));
#116 = CARTESIAN_POINT('',(-1.476168822307,-4.253187197964,
    -395.1935804656));
#117 = CARTESIAN_POINT('',(-1.731538086111,-4.155773284146,
    -395.1935804656));
#118 = CARTESIAN_POINT('',(-1.857448052344,-4.102413039896,
    -395.1935804656));
#119 = CARTESIAN_POINT('',(-1.981370642914,-4.044480685188,
    -395.1935804656));
#120 = CARTESIAN_POINT('',(-2.103099213233,-3.982069777938,
    -395.1935804656));
#121 = CARTESIAN_POINT('',(-2.222433184118,-3.915286257096,
    -395.1935804656));
#122 = CARTESIAN_POINT('',(-2.451897225021,-3.775660201739,
    -395.1935804656));
#123 = CARTESIAN_POINT('',(-2.562203329522,-3.703105672845,
    -395.1935804656));
#124 = CARTESIAN_POINT('',(-2.669921349747,-3.626691376505,
    -395.1935804656));
#125 = CARTESIAN_POINT('',(-2.774883383126,-3.546533481602,
    -395.1935804656));
#126 = CARTESIAN_POINT('',(-2.876928630066,-3.462757805357,
    -395.1935804656));
#127 = CARTESIAN_POINT('',(-3.124365192181,-3.244613131767,
    -395.1935804656));
#128 = CARTESIAN_POINT('',(-3.265920456569,-3.105889356685,
    -395.1935804656));
#129 = CARTESIAN_POINT('',(-3.400048998132,-2.959787410475,
    -395.1935804656));
#130 = CARTESIAN_POINT('',(-3.526275729341,-2.806806834334,
    -395.1935804656));
#131 = CARTESIAN_POINT('',(-3.644171336359,-2.64748701606,
    -395.1935804656));
#132 = CARTESIAN_POINT('',(-3.995095987835,-2.116895382542,
    -395.1935804656));
#133 = CARTESIAN_POINT('',(-4.194187951021,-1.723039791548,
    -395.1935804656));
#134 = CARTESIAN_POINT('',(-4.346322146401,-1.307267246886,
    -395.1935804656));
#135 = CARTESIAN_POINT('',(-4.448789502403,-0.876556133434,
    -395.1935804656));
#136 = CARTESIAN_POINT('',(-4.5,-0.43822141966,-395.1935804656));
#137 = CARTESIAN_POINT('',(-4.5,-8.881784197001E-16,-395.1935804656));
#138 = PCURVE('',#33,#139);
#139 = DEFINITIONAL_REPRESENTATION('',(#140),#218);
#140 = B_SPLINE_CURVE_WITH_KNOTS('',6,(#141,#142,#143,#144,#145,#146,
    #147,#148,#149,#150,#151,#152,#153,#154,#155,#156,#157,#158,#159,
    #160,#161,#162,#163,#164,#165,#166,#167,#168,#169,#170,#171,#172,
    #173,#174,#175,#176,#177,#178,#179,#180,#181,#182,#183,#184,#185,
    #186,#187,#188,#189,#190,#191,#192,#193,#194,#195,#196,#197,#198,
    #199,#200,#201,#202,#203,#204,#205,#206,#207,#208,#209,#210,#211,
    #212,#213,#214,#215,#216,#217),.UNSPECIFIED.,.F.,.F.,(7,5,5,5,5,5,5,
    5,5,5,5,5,5,5,5,7),(0.,5.600073734828E-02,0.11400149573,
    0.172002254112,0.230003012494,0.288003770876,0.328004315489,
    0.384005052837,0.442005811219,0.500006569601,0.558007327983,
    0.616008086365,0.674008844746,0.730009582095,0.814010491437,1.),
  .UNSPECIFIED.);
#141 = CARTESIAN_POINT('',(3.14159265359,4.718088770717));
#142 = CARTESIAN_POINT('',(3.112271139929,4.718088770717));
#143 = CARTESIAN_POINT('',(3.082949604941,4.718088770717));
#144 = CARTESIAN_POINT('',(3.053628059289,4.718088770717));
#145 = CARTESIAN_POINT('',(3.024306513638,4.718088770717));
#146 = CARTESIAN_POINT('',(2.99498497865,4.718088770717));
#147 = CARTESIAN_POINT('',(2.935294757186,4.718088770717));
#148 = CARTESIAN_POINT('',(2.904926023965,4.718088770717));
#149 = CARTESIAN_POINT('',(2.874557278035,4.718088770717));
#150 = CARTESIAN_POINT('',(2.844188532104,4.718088770717));
#151 = CARTESIAN_POINT('',(2.813819798883,4.718088770717));
#152 = CARTESIAN_POINT('',(2.753082383278,4.718088770717));
#153 = CARTESIAN_POINT('',(2.722713650057,4.718088770717));
#154 = CARTESIAN_POINT('',(2.692344904127,4.718088770717));
#155 = CARTESIAN_POINT('',(2.661976158196,4.718088770717));
#156 = CARTESIAN_POINT('',(2.631607424975,4.718088770717));
#157 = CARTESIAN_POINT('',(2.57087000937,4.718088770717));
#158 = CARTESIAN_POINT('',(2.540501276149,4.718088770717));
#159 = CARTESIAN_POINT('',(2.510132530218,4.718088770717));
#160 = CARTESIAN_POINT('',(2.479763784288,4.718088770717));
#161 = CARTESIAN_POINT('',(2.449395051067,4.718088770717));
#162 = CARTESIAN_POINT('',(2.388657635462,4.718088770717));
#163 = CARTESIAN_POINT('',(2.358288902241,4.718088770717));
#164 = CARTESIAN_POINT('',(2.32792015631,4.718088770717));
#165 = CARTESIAN_POINT('',(2.29755141038,4.718088770717));
#166 = CARTESIAN_POINT('',(2.267182677158,4.718088770717));
#167 = CARTESIAN_POINT('',(2.215870021636,4.718088770717));
#168 = CARTESIAN_POINT('',(2.194926069951,4.718088770717));
#169 = CARTESIAN_POINT('',(2.173982116284,4.718088770717));
#170 = CARTESIAN_POINT('',(2.153038162618,4.718088770717));
#171 = CARTESIAN_POINT('',(2.132094210933,4.718088770717));
#172 = CARTESIAN_POINT('',(2.081828749551,4.718088770717));
#173 = CARTESIAN_POINT('',(2.052507214563,4.718088770717));
#174 = CARTESIAN_POINT('',(2.023185668912,4.718088770717));
#175 = CARTESIAN_POINT('',(1.993864123261,4.718088770717));
#176 = CARTESIAN_POINT('',(1.964542588273,4.718088770717));
#177 = CARTESIAN_POINT('',(1.904852366809,4.718088770717));
#178 = CARTESIAN_POINT('',(1.874483633588,4.718088770717));
#179 = CARTESIAN_POINT('',(1.844114887657,4.718088770717));
#180 = CARTESIAN_POINT('',(1.813746141727,4.718088770717));
#181 = CARTESIAN_POINT('',(1.783377408506,4.718088770717));
#182 = CARTESIAN_POINT('',(1.722639992901,4.718088770717));
#183 = CARTESIAN_POINT('',(1.69227125968,4.718088770717));
#184 = CARTESIAN_POINT('',(1.661902513749,4.718088770717));
#185 = CARTESIAN_POINT('',(1.631533767819,4.718088770717));
#186 = CARTESIAN_POINT('',(1.601165034597,4.718088770717));
#187 = CARTESIAN_POINT('',(1.540427618993,4.718088770717));
#188 = CARTESIAN_POINT('',(1.510058885771,4.718088770717));
#189 = CARTESIAN_POINT('',(1.479690139841,4.718088770717));
#190 = CARTESIAN_POINT('',(1.44932139391,4.718088770717));
#191 = CARTESIAN_POINT('',(1.418952660689,4.718088770717));
#192 = CARTESIAN_POINT('',(1.358215245084,4.718088770717));
#193 = CARTESIAN_POINT('',(1.327846511863,4.718088770717));
#194 = CARTESIAN_POINT('',(1.297477765933,4.718088770717));
#195 = CARTESIAN_POINT('',(1.267109020002,4.718088770717));
#196 = CARTESIAN_POINT('',(1.236740286781,4.718088770717));
#197 = CARTESIAN_POINT('',(1.176002871176,4.718088770717));
#198 = CARTESIAN_POINT('',(1.145634137955,4.718088770717));
#199 = CARTESIAN_POINT('',(1.115265392024,4.718088770717));
#200 = CARTESIAN_POINT('',(1.084896646094,4.718088770717));
#201 = CARTESIAN_POINT('',(1.054527912873,4.718088770717));
#202 = CARTESIAN_POINT('',(0.994837691409,4.718088770717));
#203 = CARTESIAN_POINT('',(0.965516156421,4.718088770717));
#204 = CARTESIAN_POINT('',(0.93619461077,4.718088770717));
#205 = CARTESIAN_POINT('',(0.906873065119,4.718088770717));
#206 = CARTESIAN_POINT('',(0.877551530131,4.718088770717));
#207 = CARTESIAN_POINT('',(0.804247848958,4.718088770717));
#208 = CARTESIAN_POINT('',(0.760265213782,4.718088770717));
#209 = CARTESIAN_POINT('',(0.716283125019,4.718088770717));
#210 = CARTESIAN_POINT('',(0.672301036255,4.718088770717));
#211 = CARTESIAN_POINT('',(0.628318401079,4.718088770717));
#212 = CARTESIAN_POINT('',(0.486953695866,4.718088770717));
#213 = CARTESIAN_POINT('',(0.389546483467,4.718088770717));
#214 = CARTESIAN_POINT('',(0.292168116784,4.718088770717));
#215 = CARTESIAN_POINT('',(0.194789750101,4.718088770717));
#216 = CARTESIAN_POINT('',(9.738253770228E-02,4.718088770717));
#217 = CARTESIAN_POINT('',(0.,4.718088770717));
#218 = ( GEOMETRIC_REPRESENTATION_CONTEXT(2) 
PARAMETRIC_REPRESENTATION_CONTEXT() REPRESENTATION_CONTEXT('2D SPACE',''
  ) );
#219 = PCURVE('',#220,#225);
#220 = CYLINDRICAL_SURFACE('',#221,4.5);
#221 = AXIS2_PLACEMENT_3D('',#222,#223,#224);
#222 = CARTESIAN_POINT('',(0.,0.,-396.3));
#223 = DIRECTION('',(0.,0.,1.));
#224 = DIRECTION('',(1.,0.,-0.));
#225 = DEFINITIONAL_REPRESENTATION('',(#226),#304);
#226 = B_SPLINE_CURVE_WITH_KNOTS('',6,(#227,#228,#229,#230,#231,#232,
    #233,#234,#235,#236,#237,#238,#239,#240,#241,#242,#243,#244,#245,
    #246,#247,#248,#249,#250,#251,#252,#253,#254,#255,#256,#257,#258,
    #259,#260,#261,#262,#263,#264,#265,#266,#267,#268,#269,#270,#271,
    #272,#273,#274,#275,#276,#277,#278,#279,#280,#281,#282,#283,#284,
    #285,#286,#287,#288,#289,#290,#291,#292,#293,#294,#295,#296,#297,
    #298,#299,#300,#301,#302,#303),.UNSPECIFIED.,.F.,.F.,(7,5,5,5,5,5,5,
    5,5,5,5,5,5,5,5,7),(0.,5.600073734828E-02,0.11400149573,
    0.172002254112,0.230003012494,0.288003770876,0.328004315489,
    0.384005052837,0.442005811219,0.500006569601,0.558007327983,
    0.616008086365,0.674008844746,0.730009582095,0.814010491437,1.),
  .UNSPECIFIED.);
#227 = CARTESIAN_POINT('',(6.28318530718,1.106419534323));
#228 = CARTESIAN_POINT('',(6.253863793518,1.106419534323));
#229 = CARTESIAN_POINT('',(6.22454225853,1.106419534323));
#230 = CARTESIAN_POINT('',(6.195220712879,1.106419534323));
#231 = CARTESIAN_POINT('',(6.165899167228,1.106419534323));
#232 = CARTESIAN_POINT('',(6.13657763224,1.106419534323));
#233 = CARTESIAN_POINT('',(6.076887410776,1.106419534323));
#234 = CARTESIAN_POINT('',(6.046518677555,1.106419534323));
#235 = CARTESIAN_POINT('',(6.016149931625,1.106419534323));
#236 = CARTESIAN_POINT('',(5.985781185694,1.106419534323));
#237 = CARTESIAN_POINT('',(5.955412452473,1.106419534323));
#238 = CARTESIAN_POINT('',(5.894675036868,1.106419534323));
#239 = CARTESIAN_POINT('',(5.864306303647,1.106419534323));
#240 = CARTESIAN_POINT('',(5.833937557716,1.106419534323));
#241 = CARTESIAN_POINT('',(5.803568811786,1.106419534323));
#242 = CARTESIAN_POINT('',(5.773200078565,1.106419534323));
#243 = CARTESIAN_POINT('',(5.71246266296,1.106419534323));
#244 = CARTESIAN_POINT('',(5.682093929739,1.106419534323));
#245 = CARTESIAN_POINT('',(5.651725183808,1.106419534323));
#246 = CARTESIAN_POINT('',(5.621356437878,1.106419534323));
#247 = CARTESIAN_POINT('',(5.590987704656,1.106419534323));
#248 = CARTESIAN_POINT('',(5.530250289052,1.106419534323));
#249 = CARTESIAN_POINT('',(5.49988155583,1.106419534323));
#250 = CARTESIAN_POINT('',(5.4695128099,1.106419534323));
#251 = CARTESIAN_POINT('',(5.439144063969,1.106419534323));
#252 = CARTESIAN_POINT('',(5.408775330748,1.106419534323));
#253 = CARTESIAN_POINT('',(5.357462675225,1.106419534323));
#254 = CARTESIAN_POINT('',(5.336518723541,1.106419534323));
#255 = CARTESIAN_POINT('',(5.315574769874,1.106419534323));
#256 = CARTESIAN_POINT('',(5.294630816207,1.106419534323));
#257 = CARTESIAN_POINT('',(5.273686864523,1.106419534323));
#258 = CARTESIAN_POINT('',(5.223421403141,1.106419534323));
#259 = CARTESIAN_POINT('',(5.194099868153,1.106419534323));
#260 = CARTESIAN_POINT('',(5.164778322502,1.106419534323));
#261 = CARTESIAN_POINT('',(5.13545677685,1.106419534323));
#262 = CARTESIAN_POINT('',(5.106135241862,1.106419534323));
#263 = CARTESIAN_POINT('',(5.046445020399,1.106419534323));
#264 = CARTESIAN_POINT('',(5.016076287178,1.106419534323));
#265 = CARTESIAN_POINT('',(4.985707541247,1.106419534323));
#266 = CARTESIAN_POINT('',(4.955338795317,1.106419534323));
#267 = CARTESIAN_POINT('',(4.924970062095,1.106419534323));
#268 = CARTESIAN_POINT('',(4.864232646491,1.106419534323));
#269 = CARTESIAN_POINT('',(4.833863913269,1.106419534323));
#270 = CARTESIAN_POINT('',(4.803495167339,1.106419534323));
#271 = CARTESIAN_POINT('',(4.773126421408,1.106419534323));
#272 = CARTESIAN_POINT('',(4.742757688187,1.106419534323));
#273 = CARTESIAN_POINT('',(4.682020272582,1.106419534323));
#274 = CARTESIAN_POINT('',(4.651651539361,1.106419534323));
#275 = CARTESIAN_POINT('',(4.621282793431,1.106419534323));
#276 = CARTESIAN_POINT('',(4.5909140475,1.106419534323));
#277 = CARTESIAN_POINT('',(4.560545314279,1.106419534323));
#278 = CARTESIAN_POINT('',(4.499807898674,1.106419534323));
#279 = CARTESIAN_POINT('',(4.469439165453,1.106419534323));
#280 = CARTESIAN_POINT('',(4.439070419522,1.106419534323));
#281 = CARTESIAN_POINT('',(4.408701673592,1.106419534323));
#282 = CARTESIAN_POINT('',(4.378332940371,1.106419534323));
#283 = CARTESIAN_POINT('',(4.317595524766,1.106419534323));
#284 = CARTESIAN_POINT('',(4.287226791545,1.106419534323));
#285 = CARTESIAN_POINT('',(4.256858045614,1.106419534323));
#286 = CARTESIAN_POINT('',(4.226489299684,1.106419534323));
#287 = CARTESIAN_POINT('',(4.196120566463,1.106419534323));
#288 = CARTESIAN_POINT('',(4.136430344999,1.106419534323));
#289 = CARTESIAN_POINT('',(4.107108810011,1.106419534323));
#290 = CARTESIAN_POINT('',(4.07778726436,1.106419534323));
#291 = CARTESIAN_POINT('',(4.048465718708,1.106419534323));
#292 = CARTESIAN_POINT('',(4.01914418372,1.106419534323));
#293 = CARTESIAN_POINT('',(3.945840502548,1.106419534323));
#294 = CARTESIAN_POINT('',(3.901857867372,1.106419534323));
#295 = CARTESIAN_POINT('',(3.857875778608,1.106419534323));
#296 = CARTESIAN_POINT('',(3.813893689845,1.106419534323));
#297 = CARTESIAN_POINT('',(3.769911054669,1.106419534323));
#298 = CARTESIAN_POINT('',(3.628546349455,1.106419534323));
#299 = CARTESIAN_POINT('',(3.531139137056,1.106419534323));
#300 = CARTESIAN_POINT('',(3.433760770374,1.106419534323));
#301 = CARTESIAN_POINT('',(3.336382403691,1.106419534323));
#302 = CARTESIAN_POINT('',(3.238975191292,1.106419534323));
#303 = CARTESIAN_POINT('',(3.14159265359,1.106419534323));
#304 = ( GEOMETRIC_REPRESENTATION_CONTEXT(2) 
PARAMETRIC_REPRESENTATION_CONTEXT() REPRESENTATION_CONTEXT('2D SPACE',''
  ) );
#305 = ORIENTED_EDGE('',*,*,#306,.F.);
#306 = EDGE_CURVE('',#22,#57,#307,.T.);
#307 = SURFACE_CURVE('',#308,(#339,#373),.PCURVE_S1.);
#308 = B_SPLINE_CURVE_WITH_KNOTS('',8,(#309,#310,#311,#312,#313,#314,
    #315,#316,#317,#318,#319,#320,#321,#322,#323,#324,#325,#326,#327,
    #328,#329,#330,#331,#332,#333,#334,#335,#336,#337,#338),
  .UNSPECIFIED.,.F.,.F.,(9,7,7,7,9),(0.,0.249999999999,0.499999999998,
    0.749999999999,1.),.UNSPECIFIED.);
#309 = CARTESIAN_POINT('',(-4.5,5.510910596163E-16,-395.1935804656));
#310 = CARTESIAN_POINT('',(-4.5,0.441688171955,-395.1935804656));
#311 = CARTESIAN_POINT('',(-4.450453672493,0.883639029402,
    -395.1935804656));
#312 = CARTESIAN_POINT('',(-4.351258436232,1.318960530722,
    -395.1935804656));
#313 = CARTESIAN_POINT('',(-4.203582755856,1.741180988045,
    -395.1935804656));
#314 = CARTESIAN_POINT('',(-4.009450282354,2.144158411548,
    -395.1935804656));
#315 = CARTESIAN_POINT('',(-3.771773120983,2.522118821372,
    -395.1935804656));
#316 = CARTESIAN_POINT('',(-3.4943012169,2.869659813779,-395.1935804656)
  );
#317 = CARTESIAN_POINT('',(-2.869659813779,3.4943012169,-395.1935804656)
  );
#318 = CARTESIAN_POINT('',(-2.522118821372,3.771773120982,
    -395.1935804656));
#319 = CARTESIAN_POINT('',(-2.144158411549,4.009450282356,
    -395.1935804656));
#320 = CARTESIAN_POINT('',(-1.741180988043,4.203582755854,
    -395.1935804656));
#321 = CARTESIAN_POINT('',(-1.318960530726,4.351258436233,
    -395.1935804656));
#322 = CARTESIAN_POINT('',(-0.883639029401,4.450453672493,
    -395.1935804656));
#323 = CARTESIAN_POINT('',(-0.441688171956,4.5,-395.1935804656));
#324 = CARTESIAN_POINT('',(0.441688171958,4.5,-395.1935804656));
#325 = CARTESIAN_POINT('',(0.883639029389,4.450453672494,-395.1935804656
    ));
#326 = CARTESIAN_POINT('',(1.318960530745,4.351258436229,-395.1935804656
    ));
#327 = CARTESIAN_POINT('',(1.741180988021,4.20358275586,-395.1935804656)
  );
#328 = CARTESIAN_POINT('',(2.144158411561,4.009450282352,-395.1935804656
    ));
#329 = CARTESIAN_POINT('',(2.522118821367,3.771773120985,-395.1935804656
    ));
#330 = CARTESIAN_POINT('',(2.869659813779,3.4943012169,-395.1935804656)
  );
#331 = CARTESIAN_POINT('',(3.494301216899,2.86965981378,-395.1935804656)
  );
#332 = CARTESIAN_POINT('',(3.771773120984,2.522118821368,-395.1935804656
    ));
#333 = CARTESIAN_POINT('',(4.009450282354,2.144158411559,-395.1935804656
    ));
#334 = CARTESIAN_POINT('',(4.203582755854,1.74118098803,-395.1935804656)
  );
#335 = CARTESIAN_POINT('',(4.351258436233,1.318960530736,-395.1935804656
    ));
#336 = CARTESIAN_POINT('',(4.450453672492,0.883639029396,-395.1935804656
    ));
#337 = CARTESIAN_POINT('',(4.5,0.441688171957,-395.1935804656));
#338 = CARTESIAN_POINT('',(4.5,-1.550291781779E-15,-395.1935804656));
#339 = PCURVE('',#33,#340);
#340 = DEFINITIONAL_REPRESENTATION('',(#341),#372);
#341 = B_SPLINE_CURVE_WITH_KNOTS('',8,(#342,#343,#344,#345,#346,#347,
    #348,#349,#350,#351,#352,#353,#354,#355,#356,#357,#358,#359,#360,
    #361,#362,#363,#364,#365,#366,#367,#368,#369,#370,#371),
  .UNSPECIFIED.,.F.,.F.,(9,7,7,7,9),(0.,0.249999999999,0.499999999998,
    0.749999999999,1.),.UNSPECIFIED.);
#342 = CARTESIAN_POINT('',(6.28318530718,4.718088770717));
#343 = CARTESIAN_POINT('',(6.185032380078,4.718088770717));
#344 = CARTESIAN_POINT('',(6.086821144784,4.718088770717));
#345 = CARTESIAN_POINT('',(5.988641713459,4.718088770717));
#346 = CARTESIAN_POINT('',(5.890486225477,4.718088770717));
#347 = CARTESIAN_POINT('',(5.792330737509,4.718088770717));
#348 = CARTESIAN_POINT('',(5.694151306175,4.718088770717));
#349 = CARTESIAN_POINT('',(5.595940070884,4.718088770717));
#350 = CARTESIAN_POINT('',(5.399634216681,4.718088770717));
#351 = CARTESIAN_POINT('',(5.301422981389,4.718088770717));
#352 = CARTESIAN_POINT('',(5.203243550057,4.718088770717));
#353 = CARTESIAN_POINT('',(5.105088062086,4.718088770717));
#354 = CARTESIAN_POINT('',(5.006932574107,4.718088770717));
#355 = CARTESIAN_POINT('',(4.90875314278,4.718088770717));
#356 = CARTESIAN_POINT('',(4.810541907486,4.718088770717));
#357 = CARTESIAN_POINT('',(4.614236053283,4.718088770717));
#358 = CARTESIAN_POINT('',(4.516024817992,4.718088770717));
#359 = CARTESIAN_POINT('',(4.417845386659,4.718088770717));
#360 = CARTESIAN_POINT('',(4.319689898687,4.718088770717));
#361 = CARTESIAN_POINT('',(4.221534410711,4.718088770717));
#362 = CARTESIAN_POINT('',(4.123354979381,4.718088770717));
#363 = CARTESIAN_POINT('',(4.025143744089,4.718088770717));
#364 = CARTESIAN_POINT('',(3.828837889886,4.718088770717));
#365 = CARTESIAN_POINT('',(3.730626654593,4.718088770717));
#366 = CARTESIAN_POINT('',(3.632447223265,4.718088770717));
#367 = CARTESIAN_POINT('',(3.534291735286,4.718088770717));
#368 = CARTESIAN_POINT('',(3.436136247316,4.718088770717));
#369 = CARTESIAN_POINT('',(3.337956815983,4.718088770717));
#370 = CARTESIAN_POINT('',(3.239745580691,4.718088770717));
#371 = CARTESIAN_POINT('',(3.14159265359,4.718088770717));
#372 = ( GEOMETRIC_REPRESENTATION_CONTEXT(2) 
PARAMETRIC_REPRESENTATION_CONTEXT() REPRESENTATION_CONTEXT('2D SPACE',''
  ) );
#373 = PCURVE('',#220,#374);
#374 = DEFINITIONAL_REPRESENTATION('',(#375),#406);
#375 = B_SPLINE_CURVE_WITH_KNOTS('',8,(#376,#377,#378,#379,#380,#381,
    #382,#383,#384,#385,#386,#387,#388,#389,#390,#391,#392,#393,#394,
    #395,#396,#397,#398,#399,#400,#401,#402,#403,#404,#405),
  .UNSPECIFIED.,.F.,.F.,(9,7,7,7,9),(0.,0.249999999999,0.499999999998,
    0.749999999999,1.),.UNSPECIFIED.);
#376 = CARTESIAN_POINT('',(3.14159265359,1.106419534323));
#377 = CARTESIAN_POINT('',(3.043439726489,1.106419534323));
#378 = CARTESIAN_POINT('',(2.945228491195,1.106419534323));
#379 = CARTESIAN_POINT('',(2.847049059867,1.106419534323));
#380 = CARTESIAN_POINT('',(2.74889357189,1.106419534323));
#381 = CARTESIAN_POINT('',(2.650738083917,1.106419534323));
#382 = CARTESIAN_POINT('',(2.552558652586,1.106419534323));
#383 = CARTESIAN_POINT('',(2.454347417294,1.106419534323));
#384 = CARTESIAN_POINT('',(2.258041563091,1.106419534323));
#385 = CARTESIAN_POINT('',(2.159830327799,1.106419534323));
#386 = CARTESIAN_POINT('',(2.061650896467,1.106419534323));
#387 = CARTESIAN_POINT('',(1.963495408496,1.106419534323));
#388 = CARTESIAN_POINT('',(1.865339920517,1.106419534323));
#389 = CARTESIAN_POINT('',(1.76716048919,1.106419534323));
#390 = CARTESIAN_POINT('',(1.668949253896,1.106419534323));
#391 = CARTESIAN_POINT('',(1.472643399693,1.106419534323));
#392 = CARTESIAN_POINT('',(1.374432164403,1.106419534323));
#393 = CARTESIAN_POINT('',(1.276252733068,1.106419534323));
#394 = CARTESIAN_POINT('',(1.178097245099,1.106419534323));
#395 = CARTESIAN_POINT('',(1.07994175712,1.106419534323));
#396 = CARTESIAN_POINT('',(0.981762325792,1.106419534323));
#397 = CARTESIAN_POINT('',(0.883551090499,1.106419534323));
#398 = CARTESIAN_POINT('',(0.687245236296,1.106419534323));
#399 = CARTESIAN_POINT('',(0.589034001003,1.106419534323));
#400 = CARTESIAN_POINT('',(0.490854569674,1.106419534323));
#401 = CARTESIAN_POINT('',(0.392699081698,1.106419534323));
#402 = CARTESIAN_POINT('',(0.294543593724,1.106419534323));
#403 = CARTESIAN_POINT('',(0.196364162394,1.106419534323));
#404 = CARTESIAN_POINT('',(9.81529271015E-02,1.106419534323));
#405 = CARTESIAN_POINT('',(0.,1.106419534323));
#406 = ( GEOMETRIC_REPRESENTATION_CONTEXT(2) 
PARAMETRIC_REPRESENTATION_CONTEXT() REPRESENTATION_CONTEXT('2D SPACE',''
  ) );
#407 = ORIENTED_EDGE('',*,*,#21,.T.);
#408 = ORIENTED_EDGE('',*,*,#409,.T.);
#409 = EDGE_CURVE('',#24,#410,#412,.T.);
#410 = VERTEX_POINT('',#411);
#411 = CARTESIAN_POINT('',(46.8,-1.146269404002E-14,-394.5050577939));
#412 = SURFACE_CURVE('',#413,(#472,#534),.PCURVE_S1.);
#413 = B_SPLINE_CURVE_WITH_KNOTS('',8,(#414,#415,#416,#417,#418,#419,
    #420,#421,#422,#423,#424,#425,#426,#427,#428,#429,#430,#431,#432,
    #433,#434,#435,#436,#437,#438,#439,#440,#441,#442,#443,#444,#445,
    #446,#447,#448,#449,#450,#451,#452,#453,#454,#455,#456,#457,#458,
    #459,#460,#461,#462,#463,#464,#465,#466,#467,#468,#469,#470,#471),
  .UNSPECIFIED.,.F.,.F.,(9,7,7,7,7,7,7,7,9),(0.,3.800334618281E-02,
    0.186011766168,0.40999594121,0.635978708103,0.681982751295,
    0.731987140068,0.825994942296,1.),.UNSPECIFIED.);
#414 = CARTESIAN_POINT('',(-46.8,5.73134702001E-15,-394.5050577939));
#415 = CARTESIAN_POINT('',(-46.8,0.698375948364,-394.5050577939));
#416 = CARTESIAN_POINT('',(-46.78808963911,1.396752150051,
    -394.5050577939));
#417 = CARTESIAN_POINT('',(-46.76426892667,2.094891261815,
    -394.5050577939));
#418 = CARTESIAN_POINT('',(-46.72854352165,2.792556278045,
    -394.5050577939));
#419 = CARTESIAN_POINT('',(-46.6809247327,3.489510530757,-394.5050577939
    ));
#420 = CARTESIAN_POINT('',(-46.62142951816,4.185517689602,
    -394.5050577939));
#421 = CARTESIAN_POINT('',(-46.55008048599,4.880341761859,
    -394.5050577939));
#422 = CARTESIAN_POINT('',(-46.14297284058,8.274294220446,
    -394.5050577939));
#423 = CARTESIAN_POINT('',(-45.63964222313,10.953545955213,
    -394.5050577939));
#424 = CARTESIAN_POINT('',(-44.95857148158,13.597269660863,
    -394.5050577939));
#425 = CARTESIAN_POINT('',(-44.10278632303,16.191717252533,
    -394.5050577939));
#426 = CARTESIAN_POINT('',(-43.07652052703,18.723575277673,
    -394.5050577939));
#427 = CARTESIAN_POINT('',(-41.88516062891,21.1799535018,-394.5050577939
    ));
#428 = CARTESIAN_POINT('',(-40.53529548122,23.548411998753,
    -394.5050577939));
#429 = CARTESIAN_POINT('',(-36.76424711359,29.25016793136,
    -394.5050577939));
#430 = CARTESIAN_POINT('',(-34.14758491919,32.456523082274,
    -394.5050577939));
#431 = CARTESIAN_POINT('',(-31.2126122331,35.393066568693,
    -394.5050577939));
#432 = CARTESIAN_POINT('',(-27.99248655681,38.023633022671,
    -394.5050577939));
#433 = CARTESIAN_POINT('',(-24.52414069333,40.317029240796,
    -394.5050577939));
#434 = CARTESIAN_POINT('',(-20.84833050563,42.247255076894,
    -394.5050577939));
#435 = CARTESIAN_POINT('',(-17.00943817742,43.793392226805,
    -394.5050577939));
#436 = CARTESIAN_POINT('',(-9.068860146819,46.100343402671,
    -394.5050577939));
#437 = CARTESIAN_POINT('',(-4.961701084275,46.855024643078,
    -394.5050577939));
#438 = CARTESIAN_POINT('',(-0.785655121224,47.190493666141,
    -394.5050577939));
#439 = CARTESIAN_POINT('',(3.409262552876,47.100552034313,
    -394.5050577939));
#440 = CARTESIAN_POINT('',(7.57340546718,46.585442748283,-394.5050577939
    ));
#441 = CARTESIAN_POINT('',(11.657609666043,45.652074967377,
    -394.5050577939));
#442 = CARTESIAN_POINT('',(15.613273953565,44.313785244073,
    -394.5050577939));
#443 = CARTESIAN_POINT('',(20.162182895834,42.242645347673,
    -394.5050577939));
#444 = CARTESIAN_POINT('',(20.924357045534,41.876446787572,
    -394.5050577939));
#445 = CARTESIAN_POINT('',(21.678916206918,41.494538358699,
    -394.5050577939));
#446 = CARTESIAN_POINT('',(22.425482769517,41.097105341794,
    -394.5050577939));
#447 = CARTESIAN_POINT('',(23.16368494506,40.684343687395,
    -394.5050577939));
#448 = CARTESIAN_POINT('',(23.893156767467,40.256460015835,
    -394.5050577939));
#449 = CARTESIAN_POINT('',(24.613538092854,39.813671617247,
    -394.5050577939));
#450 = CARTESIAN_POINT('',(26.097231579253,38.858961765929,
    -394.5050577939));
#451 = CARTESIAN_POINT('',(26.858831237874,38.344375887502,
    -394.5050577939));
#452 = CARTESIAN_POINT('',(27.608818411701,37.812741757243,
    -394.5050577939));
#453 = CARTESIAN_POINT('',(28.346748210128,37.264365821028,
    -394.5050577939));
#454 = CARTESIAN_POINT('',(29.072186015643,36.699568029639,
    -394.5050577939));
#455 = CARTESIAN_POINT('',(29.784707483819,36.118681838765,
    -394.5050577939));
#456 = CARTESIAN_POINT('',(30.483898543325,35.522054209003,
    -394.5050577939));
#457 = CARTESIAN_POINT('',(32.458008128535,33.759474923184,
    -394.5050577939));
#458 = CARTESIAN_POINT('',(33.698139175943,32.554524536431,
    -394.5050577939));
#459 = CARTESIAN_POINT('',(34.887045300234,31.297603510685,
    -394.5050577939));
#460 = CARTESIAN_POINT('',(36.022193342653,29.991263509818,
    -394.5050577939));
#461 = CARTESIAN_POINT('',(37.101211784743,28.638191273127,
    -394.5050577939));
#462 = CARTESIAN_POINT('',(38.121888098439,27.241205911714,
    -394.5050577939));
#463 = CARTESIAN_POINT('',(39.082171885105,25.803261024612,
    -394.5050577939));
#464 = CARTESIAN_POINT('',(41.642371536658,21.595781582046,
    -394.5050577939));
#465 = CARTESIAN_POINT('',(43.091510420082,18.733894167681,
    -394.5050577939));
#466 = CARTESIAN_POINT('',(44.315274123033,15.761786696859,
    -394.5050577939));
#467 = CARTESIAN_POINT('',(45.304117570818,12.700292633076,
    -394.5050577939));
#468 = CARTESIAN_POINT('',(46.050788638595,9.570909373731,
    -394.5050577939));
#469 = CARTESIAN_POINT('',(46.550307932891,6.395771440806,
    -394.5050577939));
#470 = CARTESIAN_POINT('',(46.8,3.197638087166,-394.5050577939));
#471 = CARTESIAN_POINT('',(46.8,-1.61230345305E-14,-394.5050577939));
#472 = PCURVE('',#33,#473);
#473 = DEFINITIONAL_REPRESENTATION('',(#474),#533);
#474 = B_SPLINE_CURVE_WITH_KNOTS('',8,(#475,#476,#477,#478,#479,#480,
    #481,#482,#483,#484,#485,#486,#487,#488,#489,#490,#491,#492,#493,
    #494,#495,#496,#497,#498,#499,#500,#501,#502,#503,#504,#505,#506,
    #507,#508,#509,#510,#511,#512,#513,#514,#515,#516,#517,#518,#519,
    #520,#521,#522,#523,#524,#525,#526,#527,#528,#529,#530,#531,#532),
  .UNSPECIFIED.,.F.,.F.,(9,7,7,7,7,7,7,7,9),(0.,3.800334618281E-02,
    0.186011766168,0.40999594121,0.635978708103,0.681982751295,
    0.731987140068,0.825994942296,1.),.UNSPECIFIED.);
#475 = CARTESIAN_POINT('',(6.28318530718,4.771701248976));
#476 = CARTESIAN_POINT('',(6.26826274418,4.771701248976));
#477 = CARTESIAN_POINT('',(6.253340179377,4.771701248976));
#478 = CARTESIAN_POINT('',(6.23841761337,4.771701248976));
#479 = CARTESIAN_POINT('',(6.223495046761,4.771701248976));
#480 = CARTESIAN_POINT('',(6.208572480153,4.771701248976));
#481 = CARTESIAN_POINT('',(6.193649914146,4.771701248976));
#482 = CARTESIAN_POINT('',(6.178727349342,4.771701248976));
#483 = CARTESIAN_POINT('',(6.105687141623,4.771701248976));
#484 = CARTESIAN_POINT('',(6.04756481614,4.771701248976));
#485 = CARTESIAN_POINT('',(5.989444572318,4.771701248976));
#486 = CARTESIAN_POINT('',(5.931326929978,4.771701248976));
#487 = CARTESIAN_POINT('',(5.873209287637,4.771701248976));
#488 = CARTESIAN_POINT('',(5.815089043815,4.771701248976));
#489 = CARTESIAN_POINT('',(5.756966718333,4.771701248976));
#490 = CARTESIAN_POINT('',(5.610898450874,4.771701248976));
#491 = CARTESIAN_POINT('',(5.522910820088,4.771701248976));
#492 = CARTESIAN_POINT('',(5.434942896901,4.771701248976));
#493 = CARTESIAN_POINT('',(5.346990696408,4.771701248976));
#494 = CARTESIAN_POINT('',(5.259038495922,4.771701248976));
#495 = CARTESIAN_POINT('',(5.171070572731,4.771701248976));
#496 = CARTESIAN_POINT('',(5.083082941946,4.771701248976));
#497 = CARTESIAN_POINT('',(4.906396920502,4.771701248976));
#498 = CARTESIAN_POINT('',(4.817622845832,4.771701248976));
#499 = CARTESIAN_POINT('',(4.728869423606,4.771701248976));
#500 = CARTESIAN_POINT('',(4.640132349351,4.771701248976));
#501 = CARTESIAN_POINT('',(4.551395275101,4.771701248976));
#502 = CARTESIAN_POINT('',(4.462641852872,4.771701248976));
#503 = CARTESIAN_POINT('',(4.373867778203,4.771701248976));
#504 = CARTESIAN_POINT('',(4.267068227212,4.771701248976));
#505 = CARTESIAN_POINT('',(4.249004070236,4.771701248976));
#506 = CARTESIAN_POINT('',(4.230939910132,4.771701248976));
#507 = CARTESIAN_POINT('',(4.212875748464,4.771701248976));
#508 = CARTESIAN_POINT('',(4.194811586796,4.771701248976));
#509 = CARTESIAN_POINT('',(4.176747426692,4.771701248976));
#510 = CARTESIAN_POINT('',(4.158683269716,4.771701248976));
#511 = CARTESIAN_POINT('',(4.120984171653,4.771701248976));
#512 = CARTESIAN_POINT('',(4.101349218755,4.771701248976));
#513 = CARTESIAN_POINT('',(4.08171426111,4.771701248976));
#514 = CARTESIAN_POINT('',(4.062079301092,4.771701248976));
#515 = CARTESIAN_POINT('',(4.042444341074,4.771701248976));
#516 = CARTESIAN_POINT('',(4.022809383429,4.771701248976));
#517 = CARTESIAN_POINT('',(4.00317443053,4.771701248976));
#518 = CARTESIAN_POINT('',(3.946625962863,4.771701248976));
#519 = CARTESIAN_POINT('',(3.909711947714,4.771701248976));
#520 = CARTESIAN_POINT('',(3.872798151839,4.771701248976));
#521 = CARTESIAN_POINT('',(3.835884630033,4.771701248976));
#522 = CARTESIAN_POINT('',(3.798971108228,4.771701248976));
#523 = CARTESIAN_POINT('',(3.762057312352,4.771701248976));
#524 = CARTESIAN_POINT('',(3.725143297204,4.771701248976));
#525 = CARTESIAN_POINT('',(3.619904175161,4.771701248976));
#526 = CARTESIAN_POINT('',(3.551567995771,4.771701248976));
#527 = CARTESIAN_POINT('',(3.483237097767,4.771701248976));
#528 = CARTESIAN_POINT('',(3.414911214451,4.771701248976));
#529 = CARTESIAN_POINT('',(3.34658533114,4.771701248976));
#530 = CARTESIAN_POINT('',(3.278254433132,4.771701248976));
#531 = CARTESIAN_POINT('',(3.209918253743,4.771701248976));
#532 = CARTESIAN_POINT('',(3.14159265359,4.771701248976));
#533 = ( GEOMETRIC_REPRESENTATION_CONTEXT(2) 
PARAMETRIC_REPRESENTATION_CONTEXT() REPRESENTATION_CONTEXT('2D SPACE',''
  ) );
#534 = PCURVE('',#535,#540);
#535 = CYLINDRICAL_SURFACE('',#536,46.8);
#536 = AXIS2_PLACEMENT_3D('',#537,#538,#539);
#537 = CARTESIAN_POINT('',(0.,0.,-400.2));
#538 = DIRECTION('',(0.,0.,1.));
#539 = DIRECTION('',(1.,0.,-0.));
#540 = DEFINITIONAL_REPRESENTATION('',(#541),#600);
#541 = B_SPLINE_CURVE_WITH_KNOTS('',8,(#542,#543,#544,#545,#546,#547,
    #548,#549,#550,#551,#552,#553,#554,#555,#556,#557,#558,#559,#560,
    #561,#562,#563,#564,#565,#566,#567,#568,#569,#570,#571,#572,#573,
    #574,#575,#576,#577,#578,#579,#580,#581,#582,#583,#584,#585,#586,
    #587,#588,#589,#590,#591,#592,#593,#594,#595,#596,#597,#598,#599),
  .UNSPECIFIED.,.F.,.F.,(9,7,7,7,7,7,7,7,9),(0.,3.800334618281E-02,
    0.186011766168,0.40999594121,0.635978708103,0.681982751295,
    0.731987140068,0.825994942296,1.),.UNSPECIFIED.);
#542 = CARTESIAN_POINT('',(3.14159265359,5.694942206044));
#543 = CARTESIAN_POINT('',(3.126670090591,5.694942206044));
#544 = CARTESIAN_POINT('',(3.111747525787,5.694942206044));
#545 = CARTESIAN_POINT('',(3.09682495978,5.694942206044));
#546 = CARTESIAN_POINT('',(3.081902393172,5.694942206044));
#547 = CARTESIAN_POINT('',(3.066979826563,5.694942206044));
#548 = CARTESIAN_POINT('',(3.052057260556,5.694942206044));
#549 = CARTESIAN_POINT('',(3.037134695753,5.694942206044));
#550 = CARTESIAN_POINT('',(2.964094488033,5.694942206044));
#551 = CARTESIAN_POINT('',(2.90597216255,5.694942206044));
#552 = CARTESIAN_POINT('',(2.847851918729,5.694942206044));
#553 = CARTESIAN_POINT('',(2.789734276388,5.694942206044));
#554 = CARTESIAN_POINT('',(2.731616634047,5.694942206044));
#555 = CARTESIAN_POINT('',(2.673496390225,5.694942206044));
#556 = CARTESIAN_POINT('',(2.615374064743,5.694942206044));
#557 = CARTESIAN_POINT('',(2.469305797284,5.694942206044));
#558 = CARTESIAN_POINT('',(2.381318166498,5.694942206044));
#559 = CARTESIAN_POINT('',(2.293350243311,5.694942206044));
#560 = CARTESIAN_POINT('',(2.205398042818,5.694942206044));
#561 = CARTESIAN_POINT('',(2.117445842332,5.694942206044));
#562 = CARTESIAN_POINT('',(2.029477919141,5.694942206044));
#563 = CARTESIAN_POINT('',(1.941490288356,5.694942206044));
#564 = CARTESIAN_POINT('',(1.764804266912,5.694942206044));
#565 = CARTESIAN_POINT('',(1.676030192242,5.694942206044));
#566 = CARTESIAN_POINT('',(1.587276770017,5.694942206044));
#567 = CARTESIAN_POINT('',(1.49853969576,5.694942206044));
#568 = CARTESIAN_POINT('',(1.409802621512,5.694942206044));
#569 = CARTESIAN_POINT('',(1.321049199281,5.694942206044));
#570 = CARTESIAN_POINT('',(1.232275124613,5.694942206044));
#571 = CARTESIAN_POINT('',(1.125475573622,5.694942206044));
#572 = CARTESIAN_POINT('',(1.107411416646,5.694942206044));
#573 = CARTESIAN_POINT('',(1.089347256542,5.694942206044));
#574 = CARTESIAN_POINT('',(1.071283094874,5.694942206044));
#575 = CARTESIAN_POINT('',(1.053218933206,5.694942206044));
#576 = CARTESIAN_POINT('',(1.035154773102,5.694942206044));
#577 = CARTESIAN_POINT('',(1.017090616126,5.694942206044));
#578 = CARTESIAN_POINT('',(0.979391518063,5.694942206044));
#579 = CARTESIAN_POINT('',(0.959756565165,5.694942206044));
#580 = CARTESIAN_POINT('',(0.94012160752,5.694942206044));
#581 = CARTESIAN_POINT('',(0.920486647502,5.694942206044));
#582 = CARTESIAN_POINT('',(0.900851687484,5.694942206044));
#583 = CARTESIAN_POINT('',(0.881216729839,5.694942206044));
#584 = CARTESIAN_POINT('',(0.861581776941,5.694942206044));
#585 = CARTESIAN_POINT('',(0.805033309273,5.694942206044));
#586 = CARTESIAN_POINT('',(0.768119294125,5.694942206044));
#587 = CARTESIAN_POINT('',(0.731205498249,5.694942206044));
#588 = CARTESIAN_POINT('',(0.694291976443,5.694942206044));
#589 = CARTESIAN_POINT('',(0.657378454638,5.694942206044));
#590 = CARTESIAN_POINT('',(0.620464658762,5.694942206044));
#591 = CARTESIAN_POINT('',(0.583550643614,5.694942206044));
#592 = CARTESIAN_POINT('',(0.478311521572,5.694942206044));
#593 = CARTESIAN_POINT('',(0.409975342182,5.694942206044));
#594 = CARTESIAN_POINT('',(0.341644444176,5.694942206044));
#595 = CARTESIAN_POINT('',(0.273318560863,5.694942206043));
#596 = CARTESIAN_POINT('',(0.204992677548,5.694942206045));
#597 = CARTESIAN_POINT('',(0.136661779543,5.694942206043));
#598 = CARTESIAN_POINT('',(6.832560015312E-02,5.694942206044));
#599 = CARTESIAN_POINT('',(0.,5.694942206044));
#600 = ( GEOMETRIC_REPRESENTATION_CONTEXT(2) 
PARAMETRIC_REPRESENTATION_CONTEXT() REPRESENTATION_CONTEXT('2D SPACE',''
  ) );
#601 = ORIENTED_EDGE('',*,*,#602,.T.);
#602 = EDGE_CURVE('',#410,#24,#603,.T.);
#603 = SURFACE_CURVE('',#604,(#712,#823),.PCURVE_S1.);
#604 = B_SPLINE_CURVE_WITH_KNOTS('',8,(#605,#606,#607,#608,#609,#610,
    #611,#612,#613,#614,#615,#616,#617,#618,#619,#620,#621,#622,#623,
    #624,#625,#626,#627,#628,#629,#630,#631,#632,#633,#634,#635,#636,
    #637,#638,#639,#640,#641,#642,#643,#644,#645,#646,#647,#648,#649,
    #650,#651,#652,#653,#654,#655,#656,#657,#658,#659,#660,#661,#662,
    #663,#664,#665,#666,#667,#668,#669,#670,#671,#672,#673,#674,#675,
    #676,#677,#678,#679,#680,#681,#682,#683,#684,#685,#686,#687,#688,
    #689,#690,#691,#692,#693,#694,#695,#696,#697,#698,#699,#700,#701,
    #702,#703,#704,#705,#706,#707,#708,#709,#710,#711),.UNSPECIFIED.,.F.
  ,.F.,(9,7,7,7,7,7,7,7,7,7,7,7,7,7,7,9),(0.,5.800149121339E-02,
    0.116002982427,0.17400447364,0.230005919057,0.288007410271,
    0.346008901484,0.400010300151,0.454011698818,0.512013190031,
    0.568014635448,0.626016126662,0.684017617875,0.734018920568,
    0.790020365985,1.),.UNSPECIFIED.);
#605 = CARTESIAN_POINT('',(46.8,-1.42108547152E-14,-394.5050577939));
#606 = CARTESIAN_POINT('',(46.8,-1.065941570499,-394.5050577939));
#607 = CARTESIAN_POINT('',(46.772253104025,-2.131885240047,
    -394.5050577939));
#608 = CARTESIAN_POINT('',(46.716759429929,-3.196985342603,
    -394.5050577939));
#609 = CARTESIAN_POINT('',(46.633549696728,-4.260399007823,
    -394.5050577939));
#610 = CARTESIAN_POINT('',(46.522685224596,-5.321286161056,
    -394.5050577939));
#611 = CARTESIAN_POINT('',(46.38425793487,-6.378809523346,
    -394.5050577939));
#612 = CARTESIAN_POINT('',(46.218390350047,-7.432134611431,
    -394.5050577939));
#613 = CARTESIAN_POINT('',(45.832080837518,-9.528724864057,
    -394.5050577939));
#614 = CARTESIAN_POINT('',(45.611638149094,-10.57199415719,
    -394.5050577939));
#615 = CARTESIAN_POINT('',(45.364060883974,-11.6094059723,
    -394.5050577939));
#616 = CARTESIAN_POINT('',(45.08953198559,-12.64013695904,
    -394.5050577939));
#617 = CARTESIAN_POINT('',(44.788263985344,-13.6633720616,
    -394.5050577939));
#618 = CARTESIAN_POINT('',(44.460499002605,-14.67830451867,
    -394.5050577939));
#619 = CARTESIAN_POINT('',(44.106508744712,-15.68413586348,
    -394.5050577939));
#620 = CARTESIAN_POINT('',(43.346680269231,-17.67601598406,
    -394.5050577939));
#621 = CARTESIAN_POINT('',(42.940840555392,-18.66206868222,
    -394.5050577939));
#622 = CARTESIAN_POINT('',(42.509376880991,-19.63744393001,
    -394.5050577939));
#623 = CARTESIAN_POINT('',(42.052618356697,-20.60136515789,
    -394.5050577939));
#624 = CARTESIAN_POINT('',(41.570921688307,-21.55306931505,
    -394.5050577939));
#625 = CARTESIAN_POINT('',(41.064671176753,-22.49180686936,
    -394.5050577939));
#626 = CARTESIAN_POINT('',(40.534278718096,-23.41684180745,
    -394.5050577939));
#627 = CARTESIAN_POINT('',(39.445195556422,-25.20666121127,
    -394.5050577939));
#628 = CARTESIAN_POINT('',(38.888109394864,-26.0724265395,
    -394.5050577939));
#629 = CARTESIAN_POINT('',(38.309320971305,-26.92409758048,
    -394.5050577939));
#630 = CARTESIAN_POINT('',(37.709247442472,-27.76104012648,
    -394.5050577939));
#631 = CARTESIAN_POINT('',(37.088327469371,-28.58263580096,
    -394.5050577939));
#632 = CARTESIAN_POINT('',(36.447021217287,-29.38828205852,
    -394.5050577939));
#633 = CARTESIAN_POINT('',(35.785810355786,-30.17739218494,
    -394.5050577939));
#634 = CARTESIAN_POINT('',(34.400278250396,-31.74896986875,
    -394.5050577939));
#635 = CARTESIAN_POINT('',(33.674543800138,-32.53019666335,
    -394.5050577939));
#636 = CARTESIAN_POINT('',(32.928554045326,-33.29244141541,
    -394.5050577939));
#637 = CARTESIAN_POINT('',(32.162889428793,-34.03509219341,
    -394.5050577939));
#638 = CARTESIAN_POINT('',(31.378151498816,-34.75755939982,
    -394.5050577939));
#639 = CARTESIAN_POINT('',(30.574962909113,-35.45927577108,
    -394.5050577939));
#640 = CARTESIAN_POINT('',(29.75396741885,-36.13969637766,
    -394.5050577939));
#641 = CARTESIAN_POINT('',(28.077692366415,-37.45690087031,
    -394.5050577939));
#642 = CARTESIAN_POINT('',(27.222409503328,-38.09368735022,
    -394.5050577939));
#643 = CARTESIAN_POINT('',(26.350646313614,-38.70813565349,
    -394.5050577939));
#644 = CARTESIAN_POINT('',(25.463084516514,-39.29974915858,
    -394.5050577939));
#645 = CARTESIAN_POINT('',(24.560422540267,-39.86805703264,
    -394.5050577939));
#646 = CARTESIAN_POINT('',(23.643375522112,-40.4126142315,
    -394.5050577939));
#647 = CARTESIAN_POINT('',(22.712675308288,-40.93300149967,
    -394.5050577939));
#648 = CARTESIAN_POINT('',(20.890541629121,-41.89045457935,
    -394.5050577939));
#649 = CARTESIAN_POINT('',(20.000823831538,-42.33079315587,
    -394.5050577939));
#650 = CARTESIAN_POINT('',(19.100520970181,-42.7495238584,
    -394.5050577939));
#651 = CARTESIAN_POINT('',(18.190245922784,-43.14635071908,
    -394.5050577939));
#652 = CARTESIAN_POINT('',(17.270620535918,-43.52099904365,
    -394.5050577939));
#653 = CARTESIAN_POINT('',(16.342275624991,-43.87321541148,
    -394.5050577939));
#654 = CARTESIAN_POINT('',(15.405850974243,-44.20276767559,
    -394.5050577939));
#655 = CARTESIAN_POINT('',(13.518139699263,-44.81612224963,
    -394.5050577939));
#656 = CARTESIAN_POINT('',(12.566850282154,-45.09992546702,
    -394.5050577939));
#657 = CARTESIAN_POINT('',(11.608775885944,-45.36064388743,
    -394.5050577939));
#658 = CARTESIAN_POINT('',(10.644570559536,-45.59808926598,
    -394.5050577939));
#659 = CARTESIAN_POINT('',(9.674893600218,-45.81209584026,
    -394.5050577939));
#660 = CARTESIAN_POINT('',(8.700409553663,-46.00252033034,
    -394.5050577939));
#661 = CARTESIAN_POINT('',(7.721788213926,-46.16924193878,
    -394.5050577939));
#662 = CARTESIAN_POINT('',(5.684874301458,-46.46566943032,
    -394.5050577939));
#663 = CARTESIAN_POINT('',(4.626046050095,-46.59171914671,
    -394.5050577939));
#664 = CARTESIAN_POINT('',(3.56405673725,-46.69018983135,-394.5050577939
    ));
#665 = CARTESIAN_POINT('',(2.499744871158,-46.76099050065,
    -394.5050577939));
#666 = CARTESIAN_POINT('',(1.433950600396,-46.80406085576,
    -394.5050577939));
#667 = CARTESIAN_POINT('',(0.367515713889,-46.81937128266,
    -394.5050577939));
#668 = CARTESIAN_POINT('',(-0.698716359096,-46.80692285208,
    -394.5050577939));
#669 = CARTESIAN_POINT('',(-2.79235435279,-46.72795714636,
    -394.5050577939));
#670 = CARTESIAN_POINT('',(-3.819835010875,-46.66331898241,
    -394.5050577939));
#671 = CARTESIAN_POINT('',(-4.845582086957,-46.57286160463,
    -394.5050577939));
#672 = CARTESIAN_POINT('',(-5.868838491583,-46.45664028254,
    -394.5050577939));
#673 = CARTESIAN_POINT('',(-6.888850482097,-46.31473677827,
    -394.5050577939));
#674 = CARTESIAN_POINT('',(-7.90486766264,-46.14725934658,
    -394.5050577939));
#675 = CARTESIAN_POINT('',(-8.916142984147,-45.95434273483,
    -394.5050577939));
#676 = CARTESIAN_POINT('',(-10.96364346278,-45.51016099128,
    -394.5050577939));
#677 = CARTESIAN_POINT('',(-11.99947369332,-45.2570571976,
    -394.5050577939));
#678 = CARTESIAN_POINT('',(-13.0285970185,-44.97701620432,
    -394.5050577939));
#679 = CARTESIAN_POINT('',(-14.05019624063,-44.67024672668,
    -394.5050577939));
#680 = CARTESIAN_POINT('',(-15.06346338186,-44.33698679272,
    -394.5050577939));
#681 = CARTESIAN_POINT('',(-16.06759968412,-43.97750374332,
    -394.5050577939));
#682 = CARTESIAN_POINT('',(-17.06181560918,-43.59209423221,
    -394.5050577939));
#683 = CARTESIAN_POINT('',(-19.02884606797,-42.77007421963,
    -394.5050577939));
#684 = CARTESIAN_POINT('',(-20.00166447517,-42.33346209945,
    -394.5050577939));
#685 = CARTESIAN_POINT('',(-20.96300583263,-41.87157404941,
    -394.5050577939));
#686 = CARTESIAN_POINT('',(-21.91210429161,-41.38476341041,
    -394.5050577939));
#687 = CARTESIAN_POINT('',(-22.84820838221,-40.87341068026,
    -394.5050577939));
#688 = CARTESIAN_POINT('',(-23.77058101336,-40.33792351362,
    -394.5050577939));
#689 = CARTESIAN_POINT('',(-24.67849947281,-39.77873672204,
    -394.5050577939));
#690 = CARTESIAN_POINT('',(-26.34087289337,-38.69422206017,
    -394.5050577939));
#691 = CARTESIAN_POINT('',(-27.09922430151,-38.17486109893,
    -394.5050577939));
#692 = CARTESIAN_POINT('',(-27.84585633745,-37.63852518529,
    -394.5050577939));
#693 = CARTESIAN_POINT('',(-28.58032604482,-37.08552355439,
    -394.5050577939));
#694 = CARTESIAN_POINT('',(-29.30220082498,-36.51617888145,
    -394.5050577939));
#695 = CARTESIAN_POINT('',(-30.01105843703,-35.93082728181,
    -394.5050577939));
#696 = CARTESIAN_POINT('',(-30.70648699781,-35.32981831088,
    -394.5050577939));
#697 = CARTESIAN_POINT('',(-32.15147453872,-34.02325538348,
    -394.5050577939));
#698 = CARTESIAN_POINT('',(-32.89751724548,-33.3138085041,
    -394.5050577939));
#699 = CARTESIAN_POINT('',(-33.62564871517,-32.58568477552,
    -394.5050577939));
#700 = CARTESIAN_POINT('',(-34.33532414102,-31.83941280414,
    -394.5050577939));
#701 = CARTESIAN_POINT('',(-35.0260182965,-31.0755393533,-394.5050577939
    ));
#702 = CARTESIAN_POINT('',(-35.69722553534,-30.29462934323,
    -394.5050577939));
#703 = CARTESIAN_POINT('',(-36.34845979149,-29.49726585109,
    -394.5050577939));
#704 = CARTESIAN_POINT('',(-39.34444457866,-25.63486553693,
    -394.5050577939));
#705 = CARTESIAN_POINT('',(-41.42306243562,-22.36180007615,
    -394.5050577939));
#706 = CARTESIAN_POINT('',(-43.18909883446,-18.89770952068,
    -394.5050577939));
#707 = CARTESIAN_POINT('',(-44.62269783145,-15.27776425196,
    -394.5050577939));
#708 = CARTESIAN_POINT('',(-45.70862238707,-11.53878341668,
    -394.5050577939));
#709 = CARTESIAN_POINT('',(-46.43634541053,-7.719198734652,
    -394.5050577939));
#710 = CARTESIAN_POINT('',(-46.8,-3.858970108769,-394.5050577939));
#711 = CARTESIAN_POINT('',(-46.8,-7.105427357601E-15,-394.5050577939));
#712 = PCURVE('',#33,#713);
#713 = DEFINITIONAL_REPRESENTATION('',(#714),#822);
#714 = B_SPLINE_CURVE_WITH_KNOTS('',8,(#715,#716,#717,#718,#719,#720,
    #721,#722,#723,#724,#725,#726,#727,#728,#729,#730,#731,#732,#733,
    #734,#735,#736,#737,#738,#739,#740,#741,#742,#743,#744,#745,#746,
    #747,#748,#749,#750,#751,#752,#753,#754,#755,#756,#757,#758,#759,
    #760,#761,#762,#763,#764,#765,#766,#767,#768,#769,#770,#771,#772,
    #773,#774,#775,#776,#777,#778,#779,#780,#781,#782,#783,#784,#785,
    #786,#787,#788,#789,#790,#791,#792,#793,#794,#795,#796,#797,#798,
    #799,#800,#801,#802,#803,#804,#805,#806,#807,#808,#809,#810,#811,
    #812,#813,#814,#815,#816,#817,#818,#819,#820,#821),.UNSPECIFIED.,.F.
  ,.F.,(9,7,7,7,7,7,7,7,7,7,7,7,7,7,7,9),(0.,5.800149121339E-02,
    0.116002982427,0.17400447364,0.230005919057,0.288007410271,
    0.346008901484,0.400010300151,0.454011698818,0.512013190031,
    0.568014635448,0.626016126662,0.684017617875,0.734018920568,
    0.790020365985,1.),.UNSPECIFIED.);
#715 = CARTESIAN_POINT('',(3.14159265359,4.771701248976));
#716 = CARTESIAN_POINT('',(3.118816124306,4.771701248976));
#717 = CARTESIAN_POINT('',(3.096039580061,4.771701248976));
#718 = CARTESIAN_POINT('',(3.073263025842,4.771701248976));
#719 = CARTESIAN_POINT('',(3.050486466636,4.771701248976));
#720 = CARTESIAN_POINT('',(3.02770990743,4.771701248976));
#721 = CARTESIAN_POINT('',(3.004933353211,4.771701248976));
#722 = CARTESIAN_POINT('',(2.982156808966,4.771701248976));
#723 = CARTESIAN_POINT('',(2.936603750398,4.771701248976));
#724 = CARTESIAN_POINT('',(2.913827206152,4.771701248976));
#725 = CARTESIAN_POINT('',(2.891050651934,4.771701248976));
#726 = CARTESIAN_POINT('',(2.868274092728,4.771701248976));
#727 = CARTESIAN_POINT('',(2.845497533522,4.771701248976));
#728 = CARTESIAN_POINT('',(2.822720979303,4.771701248976));
#729 = CARTESIAN_POINT('',(2.799944435058,4.771701248976));
#730 = CARTESIAN_POINT('',(2.754391376489,4.771701248976));
#731 = CARTESIAN_POINT('',(2.731614832244,4.771701248976));
#732 = CARTESIAN_POINT('',(2.708838278025,4.771701248976));
#733 = CARTESIAN_POINT('',(2.686061718819,4.771701248976));
#734 = CARTESIAN_POINT('',(2.663285159613,4.771701248976));
#735 = CARTESIAN_POINT('',(2.640508605395,4.771701248976));
#736 = CARTESIAN_POINT('',(2.617732061149,4.771701248976));
#737 = CARTESIAN_POINT('',(2.572964397934,4.771701248976));
#738 = CARTESIAN_POINT('',(2.550973251451,4.771701248976));
#739 = CARTESIAN_POINT('',(2.5289820966,4.771701248976));
#740 = CARTESIAN_POINT('',(2.506990937565,4.771701248976));
#741 = CARTESIAN_POINT('',(2.48499977853,4.771701248976));
#742 = CARTESIAN_POINT('',(2.463008623679,4.771701248976));
#743 = CARTESIAN_POINT('',(2.441017477196,4.771701248976));
#744 = CARTESIAN_POINT('',(2.39624981398,4.771701248976));
#745 = CARTESIAN_POINT('',(2.373473269735,4.771701248976));
#746 = CARTESIAN_POINT('',(2.350696715516,4.771701248976));
#747 = CARTESIAN_POINT('',(2.32792015631,4.771701248976));
#748 = CARTESIAN_POINT('',(2.305143597104,4.771701248976));
#749 = CARTESIAN_POINT('',(2.282367042885,4.771701248976));
#750 = CARTESIAN_POINT('',(2.25959049864,4.771701248976));
#751 = CARTESIAN_POINT('',(2.214037440072,4.771701248976));
#752 = CARTESIAN_POINT('',(2.191260895827,4.771701248976));
#753 = CARTESIAN_POINT('',(2.168484341608,4.771701248976));
#754 = CARTESIAN_POINT('',(2.145707782402,4.771701248976));
#755 = CARTESIAN_POINT('',(2.122931223196,4.771701248976));
#756 = CARTESIAN_POINT('',(2.100154668977,4.771701248976));
#757 = CARTESIAN_POINT('',(2.077378124732,4.771701248976));
#758 = CARTESIAN_POINT('',(2.033395857244,4.771701248976));
#759 = CARTESIAN_POINT('',(2.012190108576,4.771701248976));
#760 = CARTESIAN_POINT('',(1.990984352932,4.771701248976));
#761 = CARTESIAN_POINT('',(1.969778593801,4.771701248976));
#762 = CARTESIAN_POINT('',(1.948572834669,4.771701248976));
#763 = CARTESIAN_POINT('',(1.927367079026,4.771701248976));
#764 = CARTESIAN_POINT('',(1.906161330358,4.771701248976));
#765 = CARTESIAN_POINT('',(1.86374985395,4.771701248976));
#766 = CARTESIAN_POINT('',(1.842544105282,4.771701248976));
#767 = CARTESIAN_POINT('',(1.821338349639,4.771701248976));
#768 = CARTESIAN_POINT('',(1.800132590507,4.771701248976));
#769 = CARTESIAN_POINT('',(1.778926831376,4.771701248976));
#770 = CARTESIAN_POINT('',(1.757721075732,4.771701248976));
#771 = CARTESIAN_POINT('',(1.736515327064,4.771701248976));
#772 = CARTESIAN_POINT('',(1.692533059576,4.771701248976));
#773 = CARTESIAN_POINT('',(1.669756515331,4.771701248976));
#774 = CARTESIAN_POINT('',(1.646979961112,4.771701248976));
#775 = CARTESIAN_POINT('',(1.624203401906,4.771701248976));
#776 = CARTESIAN_POINT('',(1.6014268427,4.771701248976));
#777 = CARTESIAN_POINT('',(1.578650288481,4.771701248976));
#778 = CARTESIAN_POINT('',(1.555873744236,4.771701248976));
#779 = CARTESIAN_POINT('',(1.511106081021,4.771701248976));
#780 = CARTESIAN_POINT('',(1.489114934537,4.771701248976));
#781 = CARTESIAN_POINT('',(1.467123779686,4.771701248976));
#782 = CARTESIAN_POINT('',(1.445132620651,4.771701248976));
#783 = CARTESIAN_POINT('',(1.423141461617,4.771701248976));
#784 = CARTESIAN_POINT('',(1.401150306766,4.771701248976));
#785 = CARTESIAN_POINT('',(1.379159160282,4.771701248976));
#786 = CARTESIAN_POINT('',(1.334391497067,4.771701248976));
#787 = CARTESIAN_POINT('',(1.311614952822,4.771701248976));
#788 = CARTESIAN_POINT('',(1.288838398603,4.771701248976));
#789 = CARTESIAN_POINT('',(1.266061839397,4.771701248976));
#790 = CARTESIAN_POINT('',(1.243285280191,4.771701248976));
#791 = CARTESIAN_POINT('',(1.220508725972,4.771701248976));
#792 = CARTESIAN_POINT('',(1.197732181727,4.771701248976));
#793 = CARTESIAN_POINT('',(1.152179123159,4.771701248976));
#794 = CARTESIAN_POINT('',(1.129402578913,4.771701248976));
#795 = CARTESIAN_POINT('',(1.106626024695,4.771701248976));
#796 = CARTESIAN_POINT('',(1.083849465489,4.771701248976));
#797 = CARTESIAN_POINT('',(1.061072906283,4.771701248976));
#798 = CARTESIAN_POINT('',(1.038296352064,4.771701248976));
#799 = CARTESIAN_POINT('',(1.015519807819,4.771701248976));
#800 = CARTESIAN_POINT('',(0.973108332756,4.771701248976));
#801 = CARTESIAN_POINT('',(0.953473379858,4.771701248976));
#802 = CARTESIAN_POINT('',(0.933838422213,4.771701248976));
#803 = CARTESIAN_POINT('',(0.914203462195,4.771701248976));
#804 = CARTESIAN_POINT('',(0.894568502177,4.771701248976));
#805 = CARTESIAN_POINT('',(0.874933544532,4.771701248976));
#806 = CARTESIAN_POINT('',(0.855298591633,4.771701248976));
#807 = CARTESIAN_POINT('',(0.813672511924,4.771701248976));
#808 = CARTESIAN_POINT('',(0.79168136544,4.771701248976));
#809 = CARTESIAN_POINT('',(0.769690210589,4.771701248976));
#810 = CARTESIAN_POINT('',(0.747699051554,4.771701248976));
#811 = CARTESIAN_POINT('',(0.72570789252,4.771701248976));
#812 = CARTESIAN_POINT('',(0.703716737669,4.771701248976));
#813 = CARTESIAN_POINT('',(0.681725591185,4.771701248976));
#814 = CARTESIAN_POINT('',(0.577277830999,4.771701248976));
#815 = CARTESIAN_POINT('',(0.494794331018,4.771701248976));
#816 = CARTESIAN_POINT('',(0.412324873781,4.771701248976));
#817 = CARTESIAN_POINT('',(0.329867228623,4.771701248976));
#818 = CARTESIAN_POINT('',(0.24740958348,4.771701248976));
#819 = CARTESIAN_POINT('',(0.164940126233,4.771701248976));
#820 = CARTESIAN_POINT('',(8.245662625575E-02,4.771701248976));
#821 = CARTESIAN_POINT('',(0.,4.771701248976));
#822 = ( GEOMETRIC_REPRESENTATION_CONTEXT(2) 
PARAMETRIC_REPRESENTATION_CONTEXT() REPRESENTATION_CONTEXT('2D SPACE',''
  ) );
#823 = PCURVE('',#535,#824);
#824 = DEFINITIONAL_REPRESENTATION('',(#825),#933);
#825 = B_SPLINE_CURVE_WITH_KNOTS('',8,(#826,#827,#828,#829,#830,#831,
    #832,#833,#834,#835,#836,#837,#838,#839,#840,#841,#842,#843,#844,
    #845,#846,#847,#848,#849,#850,#851,#852,#853,#854,#855,#856,#857,
    #858,#859,#860,#861,#862,#863,#864,#865,#866,#867,#868,#869,#870,
    #871,#872,#873,#874,#875,#876,#877,#878,#879,#880,#881,#882,#883,
    #884,#885,#886,#887,#888,#889,#890,#891,#892,#893,#894,#895,#896,
    #897,#898,#899,#900,#901,#902,#903,#904,#905,#906,#907,#908,#909,
    #910,#911,#912,#913,#914,#915,#916,#917,#918,#919,#920,#921,#922,
    #923,#924,#925,#926,#927,#928,#929,#930,#931,#932),.UNSPECIFIED.,.F.
  ,.F.,(9,7,7,7,7,7,7,7,7,7,7,7,7,7,7,9),(0.,5.800149121339E-02,
    0.116002982427,0.17400447364,0.230005919057,0.288007410271,
    0.346008901484,0.400010300151,0.454011698818,0.512013190031,
    0.568014635448,0.626016126662,0.684017617875,0.734018920568,
    0.790020365985,1.),.UNSPECIFIED.);
#826 = CARTESIAN_POINT('',(6.28318530718,5.694942206044));
#827 = CARTESIAN_POINT('',(6.260408777895,5.694942206044));
#828 = CARTESIAN_POINT('',(6.23763223365,5.694942206044));
#829 = CARTESIAN_POINT('',(6.214855679431,5.694942206044));
#830 = CARTESIAN_POINT('',(6.192079120226,5.694942206044));
#831 = CARTESIAN_POINT('',(6.16930256102,5.694942206044));
#832 = CARTESIAN_POINT('',(6.146526006801,5.694942206044));
#833 = CARTESIAN_POINT('',(6.123749462556,5.694942206044));
#834 = CARTESIAN_POINT('',(6.078196403987,5.694942206044));
#835 = CARTESIAN_POINT('',(6.055419859742,5.694942206044));
#836 = CARTESIAN_POINT('',(6.032643305523,5.694942206044));
#837 = CARTESIAN_POINT('',(6.009866746317,5.694942206044));
#838 = CARTESIAN_POINT('',(5.987090187111,5.694942206044));
#839 = CARTESIAN_POINT('',(5.964313632893,5.694942206044));
#840 = CARTESIAN_POINT('',(5.941537088647,5.694942206044));
#841 = CARTESIAN_POINT('',(5.895984030079,5.694942206044));
#842 = CARTESIAN_POINT('',(5.873207485834,5.694942206044));
#843 = CARTESIAN_POINT('',(5.850430931615,5.694942206044));
#844 = CARTESIAN_POINT('',(5.827654372409,5.694942206044));
#845 = CARTESIAN_POINT('',(5.804877813203,5.694942206044));
#846 = CARTESIAN_POINT('',(5.782101258984,5.694942206044));
#847 = CARTESIAN_POINT('',(5.759324714739,5.694942206044));
#848 = CARTESIAN_POINT('',(5.714557051524,5.694942206044));
#849 = CARTESIAN_POINT('',(5.69256590504,5.694942206044));
#850 = CARTESIAN_POINT('',(5.670574750189,5.694942206044));
#851 = CARTESIAN_POINT('',(5.648583591155,5.694942206044));
#852 = CARTESIAN_POINT('',(5.62659243212,5.694942206044));
#853 = CARTESIAN_POINT('',(5.604601277269,5.694942206044));
#854 = CARTESIAN_POINT('',(5.582610130785,5.694942206044));
#855 = CARTESIAN_POINT('',(5.53784246757,5.694942206044));
#856 = CARTESIAN_POINT('',(5.515065923325,5.694942206044));
#857 = CARTESIAN_POINT('',(5.492289369106,5.694942206044));
#858 = CARTESIAN_POINT('',(5.4695128099,5.694942206044));
#859 = CARTESIAN_POINT('',(5.446736250694,5.694942206044));
#860 = CARTESIAN_POINT('',(5.423959696475,5.694942206044));
#861 = CARTESIAN_POINT('',(5.40118315223,5.694942206044));
#862 = CARTESIAN_POINT('',(5.355630093662,5.694942206044));
#863 = CARTESIAN_POINT('',(5.332853549417,5.694942206044));
#864 = CARTESIAN_POINT('',(5.310076995198,5.694942206044));
#865 = CARTESIAN_POINT('',(5.287300435992,5.694942206044));
#866 = CARTESIAN_POINT('',(5.264523876786,5.694942206044));
#867 = CARTESIAN_POINT('',(5.241747322567,5.694942206044));
#868 = CARTESIAN_POINT('',(5.218970778322,5.694942206044));
#869 = CARTESIAN_POINT('',(5.174988510833,5.694942206044));
#870 = CARTESIAN_POINT('',(5.153782762166,5.694942206044));
#871 = CARTESIAN_POINT('',(5.132577006522,5.694942206044));
#872 = CARTESIAN_POINT('',(5.111371247391,5.694942206044));
#873 = CARTESIAN_POINT('',(5.090165488259,5.694942206044));
#874 = CARTESIAN_POINT('',(5.068959732616,5.694942206044));
#875 = CARTESIAN_POINT('',(5.047753983948,5.694942206044));
#876 = CARTESIAN_POINT('',(5.00534250754,5.694942206044));
#877 = CARTESIAN_POINT('',(4.984136758872,5.694942206044));
#878 = CARTESIAN_POINT('',(4.962931003228,5.694942206044));
#879 = CARTESIAN_POINT('',(4.941725244097,5.694942206044));
#880 = CARTESIAN_POINT('',(4.920519484965,5.694942206044));
#881 = CARTESIAN_POINT('',(4.899313729322,5.694942206044));
#882 = CARTESIAN_POINT('',(4.878107980654,5.694942206044));
#883 = CARTESIAN_POINT('',(4.834125713166,5.694942206044));
#884 = CARTESIAN_POINT('',(4.811349168921,5.694942206044));
#885 = CARTESIAN_POINT('',(4.788572614702,5.694942206044));
#886 = CARTESIAN_POINT('',(4.765796055496,5.694942206044));
#887 = CARTESIAN_POINT('',(4.74301949629,5.694942206044));
#888 = CARTESIAN_POINT('',(4.720242942071,5.694942206044));
#889 = CARTESIAN_POINT('',(4.697466397826,5.694942206044));
#890 = CARTESIAN_POINT('',(4.65269873461,5.694942206044));
#891 = CARTESIAN_POINT('',(4.630707588127,5.694942206044));
#892 = CARTESIAN_POINT('',(4.608716433276,5.694942206044));
#893 = CARTESIAN_POINT('',(4.586725274241,5.694942206044));
#894 = CARTESIAN_POINT('',(4.564734115206,5.694942206044));
#895 = CARTESIAN_POINT('',(4.542742960355,5.694942206044));
#896 = CARTESIAN_POINT('',(4.520751813872,5.694942206044));
#897 = CARTESIAN_POINT('',(4.475984150657,5.694942206044));
#898 = CARTESIAN_POINT('',(4.453207606411,5.694942206044));
#899 = CARTESIAN_POINT('',(4.430431052193,5.694942206044));
#900 = CARTESIAN_POINT('',(4.407654492987,5.694942206044));
#901 = CARTESIAN_POINT('',(4.384877933781,5.694942206044));
#902 = CARTESIAN_POINT('',(4.362101379562,5.694942206044));
#903 = CARTESIAN_POINT('',(4.339324835317,5.694942206044));
#904 = CARTESIAN_POINT('',(4.293771776748,5.694942206044));
#905 = CARTESIAN_POINT('',(4.270995232503,5.694942206044));
#906 = CARTESIAN_POINT('',(4.248218678284,5.694942206044));
#907 = CARTESIAN_POINT('',(4.225442119078,5.694942206044));
#908 = CARTESIAN_POINT('',(4.202665559872,5.694942206044));
#909 = CARTESIAN_POINT('',(4.179889005654,5.694942206044));
#910 = CARTESIAN_POINT('',(4.157112461408,5.694942206044));
#911 = CARTESIAN_POINT('',(4.114700986346,5.694942206044));
#912 = CARTESIAN_POINT('',(4.095066033448,5.694942206044));
#913 = CARTESIAN_POINT('',(4.075431075803,5.694942206044));
#914 = CARTESIAN_POINT('',(4.055796115785,5.694942206044));
#915 = CARTESIAN_POINT('',(4.036161155766,5.694942206044));
#916 = CARTESIAN_POINT('',(4.016526198121,5.694942206044));
#917 = CARTESIAN_POINT('',(3.996891245223,5.694942206044));
#918 = CARTESIAN_POINT('',(3.955265165513,5.694942206044));
#919 = CARTESIAN_POINT('',(3.93327401903,5.694942206044));
#920 = CARTESIAN_POINT('',(3.911282864179,5.694942206044));
#921 = CARTESIAN_POINT('',(3.889291705144,5.694942206044));
#922 = CARTESIAN_POINT('',(3.867300546109,5.694942206044));
#923 = CARTESIAN_POINT('',(3.845309391258,5.694942206044));
#924 = CARTESIAN_POINT('',(3.823318244775,5.694942206044));
#925 = CARTESIAN_POINT('',(3.718870484589,5.694942206044));
#926 = CARTESIAN_POINT('',(3.636386984608,5.694942206044));
#927 = CARTESIAN_POINT('',(3.553917527371,5.694942206044));
#928 = CARTESIAN_POINT('',(3.471459882212,5.694942206044));
#929 = CARTESIAN_POINT('',(3.38900223707,5.694942206044));
#930 = CARTESIAN_POINT('',(3.306532779823,5.694942206044));
#931 = CARTESIAN_POINT('',(3.224049279846,5.694942206044));
#932 = CARTESIAN_POINT('',(3.14159265359,5.694942206044));
#933 = ( GEOMETRIC_REPRESENTATION_CONTEXT(2) 
PARAMETRIC_REPRESENTATION_CONTEXT() REPRESENTATION_CONTEXT('2D SPACE',''
  ) );
#934 = FACE_BOUND('',#935,.T.);
#935 = EDGE_LOOP('',(#936));
#936 = ORIENTED_EDGE('',*,*,#937,.T.);
#937 = EDGE_CURVE('',#938,#938,#940,.T.);
#938 = VERTEX_POINT('',#939);
#939 = CARTESIAN_POINT('',(-6.3,-8.,-395.1671277139));
#940 = SURFACE_CURVE('',#941,(#1000,#1095),.PCURVE_S1.);
#941 = B_SPLINE_CURVE_WITH_KNOTS('',8,(#942,#943,#944,#945,#946,#947,
    #948,#949,#950,#951,#952,#953,#954,#955,#956,#957,#958,#959,#960,
    #961,#962,#963,#964,#965,#966,#967,#968,#969,#970,#971,#972,#973,
    #974,#975,#976,#977,#978,#979,#980,#981,#982,#983,#984,#985,#986,
    #987,#988,#989,#990,#991,#992,#993,#994,#995,#996,#997,#998,#999),
  .UNSPECIFIED.,.T.,.F.,(9,7,7,7,7,7,7,7,9),(0.,1.,2.122507407565,
    3.004304565902,4.018584102775,5.595909601391,6.775339375442,
    7.41672716232,7.986511342891),.UNSPECIFIED.);
#942 = CARTESIAN_POINT('',(-6.3,-8.,-395.1671277139));
#943 = CARTESIAN_POINT('',(-6.3,-7.832864094324,-395.1679755284));
#944 = CARTESIAN_POINT('',(-6.318779716809,-7.665732207997,
    -395.1687280583));
#945 = CARTESIAN_POINT('',(-6.356335802762,-7.501195298388,
    -395.1693721786));
#946 = CARTESIAN_POINT('',(-6.412203102873,-7.341703843329,
    -395.1698978193));
#947 = CARTESIAN_POINT('',(-6.485572268182,-7.189560562168,
    -395.170297406));
#948 = CARTESIAN_POINT('',(-6.575331341792,-7.046923350983,
    -395.1705656335));
#949 = CARTESIAN_POINT('',(-6.680049167635,-6.915787776331,
    -395.1706996391));
#950 = CARTESIAN_POINT('',(-6.930227639238,-6.665609304728,
    -395.1706996391));
#951 = CARTESIAN_POINT('',(-7.079284454816,-6.549839880746,
    -395.1705307868));
#952 = CARTESIAN_POINT('',(-7.242571745736,-6.453213265946,
    -395.1701926466));
#953 = CARTESIAN_POINT('',(-7.417203441108,-6.377696640189,
    -395.1696898791));
#954 = CARTESIAN_POINT('',(-7.600062087013,-6.324739004128,
    -395.1690309468));
#955 = CARTESIAN_POINT('',(-7.787827724292,-6.2953106601,-395.1682277676
    ));
#956 = CARTESIAN_POINT('',(-7.97697129831,-6.289825649542,
    -395.1672961412));
#957 = CARTESIAN_POINT('',(-8.310539785822,-6.322113363296,
    -395.165440293));
#958 = CARTESIAN_POINT('',(-8.455987985201,-6.350874558823,
    -395.1645565936));
#959 = CARTESIAN_POINT('',(-8.59836176205,-6.394055762864,
    -395.1636153399));
#960 = CARTESIAN_POINT('',(-8.735981098606,-6.451249999289,
    -395.162627118));
#961 = CARTESIAN_POINT('',(-8.867258219916,-6.521831540939,
    -395.1616031557));
#962 = CARTESIAN_POINT('',(-8.99070004305,-6.604974765392,
    -395.1605552147));
#963 = CARTESIAN_POINT('',(-9.104923194953,-6.699645293327,
    -395.1594955594));
#964 = CARTESIAN_POINT('',(-9.328058421279,-6.925256386665,
    -395.1572191963));
#965 = CARTESIAN_POINT('',(-9.433696247511,-7.059612627667,
    -395.1560017701));
#966 = CARTESIAN_POINT('',(-9.52367778248,-7.205720381967,
    -395.1548041474));
#967 = CARTESIAN_POINT('',(-9.596521274753,-7.36141214831,
    -395.1536448402));
#968 = CARTESIAN_POINT('',(-9.651115244996,-7.524362395594,
    -395.1525412844));
#969 = CARTESIAN_POINT('',(-9.686690289365,-7.692114951649,
    -395.1515098432));
#970 = CARTESIAN_POINT('',(-9.702854699027,-7.862084192633,
    -395.1505656211));
#971 = CARTESIAN_POINT('',(-9.694811602363,-8.295137213248,
    -395.1484096185));
#972 = CARTESIAN_POINT('',(-9.643192808463,-8.558530953588,
    -395.1473353155));
#973 = CARTESIAN_POINT('',(-9.544635238453,-8.810796727967,
    -395.1465555733));
#974 = CARTESIAN_POINT('',(-9.402501475446,-9.0425417642,-395.1461009856
    ));
#975 = CARTESIAN_POINT('',(-9.221555145622,-9.245403681311,
    -395.1459898104));
#976 = CARTESIAN_POINT('',(-9.008450976239,-9.412438908832,
    -395.1462235132));
#977 = CARTESIAN_POINT('',(-8.771203949926,-9.537749982865,
    -395.1467913503));
#978 = CARTESIAN_POINT('',(-8.332784139081,-9.678712127956,-395.14830031
    ));
#979 = CARTESIAN_POINT('',(-8.137009941026,-9.714244954544,
    -395.1491131901));
#980 = CARTESIAN_POINT('',(-7.937117731981,-9.723579143016,
    -395.1500798598));
#981 = CARTESIAN_POINT('',(-7.737205217974,-9.7062962203,-395.1511816537
    ));
#982 = CARTESIAN_POINT('',(-7.541304836999,-9.66263940472,
    -395.1523968806));
#983 = CARTESIAN_POINT('',(-7.353348543542,-9.593547869722,
    -395.1537008288));
#984 = CARTESIAN_POINT('',(-7.177146302146,-9.500619025537,
    -395.1550660671));
#985 = CARTESIAN_POINT('',(-6.928679796128,-9.32430754406,
    -395.1572208564));
#986 = CARTESIAN_POINT('',(-6.845618050078,-9.255872879812,
    -395.1579893569));
#987 = CARTESIAN_POINT('',(-6.767568319014,-9.181493305684,
    -395.1587625881));
#988 = CARTESIAN_POINT('',(-6.695027571721,-9.101603939224,
    -395.1595358216));
#989 = CARTESIAN_POINT('',(-6.62844310502,-9.016684567617,
    -395.1603043547));
#990 = CARTESIAN_POINT('',(-6.568213001315,-8.927255924064,
    -395.1610635265));
#991 = CARTESIAN_POINT('',(-6.51468290529,-8.833879118344,
    -395.1618087374));
#992 = CARTESIAN_POINT('',(-6.426791415237,-8.651235105997,
    -395.1631810732));
#993 = CARTESIAN_POINT('',(-6.390952456256,-8.562663014058,
    -395.1638121675));
#994 = CARTESIAN_POINT('',(-6.3608250619,-8.471864438005,-395.164425582)
  );
#995 = CARTESIAN_POINT('',(-6.336567994435,-8.379274023659,
    -395.1650183068));
#996 = CARTESIAN_POINT('',(-6.318299321992,-8.285336288139,
    -395.1655874881));
#997 = CARTESIAN_POINT('',(-6.306097475516,-8.190503892325,
    -395.1661304321));
#998 = CARTESIAN_POINT('',(-6.3,-8.095236468051,-395.1666446169));
#999 = CARTESIAN_POINT('',(-6.3,-8.,-395.1671277139));
#1000 = PCURVE('',#33,#1001);
#1001 = DEFINITIONAL_REPRESENTATION('',(#1002),#1094);
#1002 = B_SPLINE_CURVE_WITH_KNOTS('',3,(#1003,#1004,#1005,#1006,#1007,
    #1008,#1009,#1010,#1011,#1012,#1013,#1014,#1015,#1016,#1017,#1018,
    #1019,#1020,#1021,#1022,#1023,#1024,#1025,#1026,#1027,#1028,#1029,
    #1030,#1031,#1032,#1033,#1034,#1035,#1036,#1037,#1038,#1039,#1040,
    #1041,#1042,#1043,#1044,#1045,#1046,#1047,#1048,#1049,#1050,#1051,
    #1052,#1053,#1054,#1055,#1056,#1057,#1058,#1059,#1060,#1061,#1062,
    #1063,#1064,#1065,#1066,#1067,#1068,#1069,#1070,#1071,#1072,#1073,
    #1074,#1075,#1076,#1077,#1078,#1079,#1080,#1081,#1082,#1083,#1084,
    #1085,#1086,#1087,#1088,#1089,#1090,#1091,#1092,#1093),
  .UNSPECIFIED.,.F.,.F.,(4,1,1,1,1,1,1,1,1,1,1,1,1,1,1,1,1,1,1,1,1,1,1,1
    ,1,1,1,1,1,1,1,1,1,1,1,1,1,1,1,1,1,1,1,1,1,1,1,1,1,1,1,1,1,1,1,1,1,1
    ,1,1,1,1,1,1,1,1,1,1,1,1,1,1,1,1,1,1,1,1,1,1,1,1,1,1,1,1,1,1,4),(0.,
    9.075581071466E-02,0.181511621429,0.272267432144,0.363023242859,
    0.453779053573,0.544534864288,0.635290675003,0.726046485717,
    0.816802296432,0.907558107147,0.998313917861,1.089069728576,
    1.179825539291,1.270581350005,1.36133716072,1.452092971435,
    1.542848782149,1.633604592864,1.724360403579,1.815116214293,
    1.905872025008,1.996627835723,2.087383646437,2.178139457152,
    2.268895267867,2.359651078581,2.450406889296,2.541162700011,
    2.631918510725,2.72267432144,2.813430132155,2.904185942869,
    2.994941753584,3.085697564299,3.176453375013,3.267209185728,
    3.357964996443,3.448720807157,3.539476617872,3.630232428587,
    3.720988239301,3.811744050016,3.902499860731,3.993255671445,
    4.08401148216,4.174767292875,4.265523103589,4.356278914304,
    4.447034725019,4.537790535733,4.628546346448,4.719302157163,
    4.810057967877,4.900813778592,4.991569589307,5.082325400021,
    5.173081210736,5.263837021451,5.354592832165,5.44534864288,
    5.536104453595,5.626860264309,5.717616075024,5.808371885739,
    5.899127696453,5.989883507168,6.080639317883,6.171395128597,
    6.262150939312,6.352906750027,6.443662560741,6.534418371456,
    6.625174182171,6.715929992885,6.8066858036,6.897441614315,
    6.988197425029,7.078953235744,7.169709046459,7.260464857173,
    7.351220667888,7.441976478603,7.532732289317,7.623488100032,
    7.714243910747,7.804999721461,7.895755532176,7.986511342891),
  .QUASI_UNIFORM_KNOTS.);
#1003 = CARTESIAN_POINT('',(0.903723945903,4.725287043385));
#1004 = CARTESIAN_POINT('',(0.901267053944,4.725246784416));
#1005 = CARTESIAN_POINT('',(0.896081716306,4.725168780546));
#1006 = CARTESIAN_POINT('',(0.887532562363,4.725060090555));
#1007 = CARTESIAN_POINT('',(0.878252286942,4.724960511896));
#1008 = CARTESIAN_POINT('',(0.868293122901,4.724870763415));
#1009 = CARTESIAN_POINT('',(0.85771521418,4.724791507516));
#1010 = CARTESIAN_POINT('',(0.846587465125,4.724723337564));
#1011 = CARTESIAN_POINT('',(0.834986787413,4.724666773287));
#1012 = CARTESIAN_POINT('',(0.82299746318,4.724622253508));
#1013 = CARTESIAN_POINT('',(0.810710409664,4.724590129301));
#1014 = CARTESIAN_POINT('',(0.798221458991,4.724570656986));
#1015 = CARTESIAN_POINT('',(0.785632457865,4.724563991495));
#1016 = CARTESIAN_POINT('',(0.773040974588,4.724570179709));
#1017 = CARTESIAN_POINT('',(0.760544695771,4.724589182131));
#1018 = CARTESIAN_POINT('',(0.748246427342,4.724620848714));
#1019 = CARTESIAN_POINT('',(0.736242566587,4.724664926094));
#1020 = CARTESIAN_POINT('',(0.724624525702,4.724721065037));
#1021 = CARTESIAN_POINT('',(0.71347692546,4.724788828134));
#1022 = CARTESIAN_POINT('',(0.702876920137,4.724867697496));
#1023 = CARTESIAN_POINT('',(0.692893496437,4.72495708225));
#1024 = CARTESIAN_POINT('',(0.68358705136,4.725056325586));
#1025 = CARTESIAN_POINT('',(0.675009150305,4.725164711362));
#1026 = CARTESIAN_POINT('',(0.6672024567,4.725281469351));
#1027 = CARTESIAN_POINT('',(0.660200819841,4.725405781777));
#1028 = CARTESIAN_POINT('',(0.654029403057,4.7255367806));
#1029 = CARTESIAN_POINT('',(0.648700733793,4.725673675802));
#1030 = CARTESIAN_POINT('',(0.644224306826,4.725815571787));
#1031 = CARTESIAN_POINT('',(0.640600801521,4.725961594493));
#1032 = CARTESIAN_POINT('',(0.637824499173,4.726110874338));
#1033 = CARTESIAN_POINT('',(0.635883893458,4.726262556026));
#1034 = CARTESIAN_POINT('',(0.634762648196,4.726415799825));
#1035 = CARTESIAN_POINT('',(0.634440294739,4.726569782534));
#1036 = CARTESIAN_POINT('',(0.634892875319,4.726723701894));
#1037 = CARTESIAN_POINT('',(0.636093279485,4.726876762311));
#1038 = CARTESIAN_POINT('',(0.638012069526,4.727028227731));
#1039 = CARTESIAN_POINT('',(0.640618780518,4.727177416432));
#1040 = CARTESIAN_POINT('',(0.643880506556,4.727323609943));
#1041 = CARTESIAN_POINT('',(0.647763558738,4.727466156354));
#1042 = CARTESIAN_POINT('',(0.652233640591,4.727604439281));
#1043 = CARTESIAN_POINT('',(0.657256236286,4.727737882313));
#1044 = CARTESIAN_POINT('',(0.662796781873,4.727865944198));
#1045 = CARTESIAN_POINT('',(0.668820773907,4.727988117226));
#1046 = CARTESIAN_POINT('',(0.675293717837,4.728103924404));
#1047 = CARTESIAN_POINT('',(0.682181228102,4.728212920985));
#1048 = CARTESIAN_POINT('',(0.689448191272,4.728314683008));
#1049 = CARTESIAN_POINT('',(0.697061082743,4.728408846925));
#1050 = CARTESIAN_POINT('',(0.704995645226,4.728495164813));
#1051 = CARTESIAN_POINT('',(0.713213478745,4.728573244677));
#1052 = CARTESIAN_POINT('',(0.721680802974,4.72864279796));
#1053 = CARTESIAN_POINT('',(0.730364065843,4.728703571954));
#1054 = CARTESIAN_POINT('',(0.739230981609,4.728755359413));
#1055 = CARTESIAN_POINT('',(0.748250078331,4.728797989429));
#1056 = CARTESIAN_POINT('',(0.757390616509,4.728831324978));
#1057 = CARTESIAN_POINT('',(0.766622386332,4.72885526006));
#1058 = CARTESIAN_POINT('',(0.775915520502,4.728869718146));
#1059 = CARTESIAN_POINT('',(0.785240290948,4.728874651363));
#1060 = CARTESIAN_POINT('',(0.794566898422,4.728870040547));
#1061 = CARTESIAN_POINT('',(0.803865265649,4.728855896061));
#1062 = CARTESIAN_POINT('',(0.813104792809,4.72883225985));
#1063 = CARTESIAN_POINT('',(0.822254235272,4.728799207547));
#1064 = CARTESIAN_POINT('',(0.831281105717,4.728756855761));
#1065 = CARTESIAN_POINT('',(0.840152827454,4.728705356386));
#1066 = CARTESIAN_POINT('',(0.848831319461,4.728644947026));
#1067 = CARTESIAN_POINT('',(0.857297311785,4.728575761507));
#1068 = CARTESIAN_POINT('',(0.865517296099,4.728498038885));
#1069 = CARTESIAN_POINT('',(0.873457445929,4.728412063734));
#1070 = CARTESIAN_POINT('',(0.881084541323,4.728318147184));
#1071 = CARTESIAN_POINT('',(0.888365363041,4.728216630926));
#1072 = CARTESIAN_POINT('',(0.895266575459,4.728107886229));
#1073 = CARTESIAN_POINT('',(0.901754550616,4.727992315327));
#1074 = CARTESIAN_POINT('',(0.907795280802,4.727870352991));
#1075 = CARTESIAN_POINT('',(0.913354341021,4.727742469049));
#1076 = CARTESIAN_POINT('',(0.918396939242,4.727609170653));
#1077 = CARTESIAN_POINT('',(0.922888000685,4.727471008094));
#1078 = CARTESIAN_POINT('',(0.926792552541,4.727328570165));
#1079 = CARTESIAN_POINT('',(0.930075518592,4.727182521355));
#1080 = CARTESIAN_POINT('',(0.932705017563,4.727033453987));
#1081 = CARTESIAN_POINT('',(0.934648271016,4.726882054513));
#1082 = CARTESIAN_POINT('',(0.935874071861,4.726729042681));
#1083 = CARTESIAN_POINT('',(0.936353098806,4.726575162417));
#1084 = CARTESIAN_POINT('',(0.936058320737,4.726421185972));
#1085 = CARTESIAN_POINT('',(0.934965523723,4.726267911892));
#1086 = CARTESIAN_POINT('',(0.933054140391,4.726116171997));
#1087 = CARTESIAN_POINT('',(0.930307608528,4.725966801047));
#1088 = CARTESIAN_POINT('',(0.926714439548,4.72582066238));
#1089 = CARTESIAN_POINT('',(0.922268758568,4.725678624814));
#1090 = CARTESIAN_POINT('',(0.916971216917,4.725541556986));
#1091 = CARTESIAN_POINT('',(0.910828708569,4.725410325948));
#1092 = CARTESIAN_POINT('',(0.90618242766,4.725327298908));
#1093 = CARTESIAN_POINT('',(0.903723945903,4.725287043385));
#1094 = ( GEOMETRIC_REPRESENTATION_CONTEXT(2) 
PARAMETRIC_REPRESENTATION_CONTEXT() REPRESENTATION_CONTEXT('2D SPACE',''
  ) );
#1095 = PCURVE('',#1096,#1101);
#1096 = CYLINDRICAL_SURFACE('',#1097,1.7);
#1097 = AXIS2_PLACEMENT_3D('',#1098,#1099,#1100);
#1098 = CARTESIAN_POINT('',(-8.,-8.,-396.3));
#1099 = DIRECTION('',(0.,0.,1.));
#1100 = DIRECTION('',(1.,0.,-0.));
#1101 = DEFINITIONAL_REPRESENTATION('',(#1102),#1194);
#1102 = B_SPLINE_CURVE_WITH_KNOTS('',3,(#1103,#1104,#1105,#1106,#1107,
    #1108,#1109,#1110,#1111,#1112,#1113,#1114,#1115,#1116,#1117,#1118,
    #1119,#1120,#1121,#1122,#1123,#1124,#1125,#1126,#1127,#1128,#1129,
    #1130,#1131,#1132,#1133,#1134,#1135,#1136,#1137,#1138,#1139,#1140,
    #1141,#1142,#1143,#1144,#1145,#1146,#1147,#1148,#1149,#1150,#1151,
    #1152,#1153,#1154,#1155,#1156,#1157,#1158,#1159,#1160,#1161,#1162,
    #1163,#1164,#1165,#1166,#1167,#1168,#1169,#1170,#1171,#1172,#1173,
    #1174,#1175,#1176,#1177,#1178,#1179,#1180,#1181,#1182,#1183,#1184,
    #1185,#1186,#1187,#1188,#1189,#1190,#1191,#1192,#1193),
  .UNSPECIFIED.,.F.,.F.,(4,1,1,1,1,1,1,1,1,1,1,1,1,1,1,1,1,1,1,1,1,1,1,1
    ,1,1,1,1,1,1,1,1,1,1,1,1,1,1,1,1,1,1,1,1,1,1,1,1,1,1,1,1,1,1,1,1,1,1
    ,1,1,1,1,1,1,1,1,1,1,1,1,1,1,1,1,1,1,1,1,1,1,1,1,1,1,1,1,1,1,4),(0.,
    9.075581071466E-02,0.181511621429,0.272267432144,0.363023242859,
    0.453779053573,0.544534864288,0.635290675003,0.726046485717,
    0.816802296432,0.907558107147,0.998313917861,1.089069728576,
    1.179825539291,1.270581350005,1.36133716072,1.452092971435,
    1.542848782149,1.633604592864,1.724360403579,1.815116214293,
    1.905872025008,1.996627835723,2.087383646437,2.178139457152,
    2.268895267867,2.359651078581,2.450406889296,2.541162700011,
    2.631918510725,2.72267432144,2.813430132155,2.904185942869,
    2.994941753584,3.085697564299,3.176453375013,3.267209185728,
    3.357964996443,3.448720807157,3.539476617872,3.630232428587,
    3.720988239301,3.811744050016,3.902499860731,3.993255671445,
    4.08401148216,4.174767292875,4.265523103589,4.356278914304,
    4.447034725019,4.537790535733,4.628546346448,4.719302157163,
    4.810057967877,4.900813778592,4.991569589307,5.082325400021,
    5.173081210736,5.263837021451,5.354592832165,5.44534864288,
    5.536104453595,5.626860264309,5.717616075024,5.808371885739,
    5.899127696453,5.989883507168,6.080639317883,6.171395128597,
    6.262150939312,6.352906750027,6.443662560741,6.534418371456,
    6.625174182171,6.715929992885,6.8066858036,6.897441614315,
    6.988197425029,7.078953235744,7.169709046459,7.260464857173,
    7.351220667888,7.441976478603,7.532732289317,7.623488100032,
    7.714243910747,7.804999721461,7.895755532176,7.986511342891),
  .QUASI_UNIFORM_KNOTS.);
#1103 = CARTESIAN_POINT('',(6.687461042448E-14,1.132872286038));
#1104 = CARTESIAN_POINT('',(2.379436702188E-02,1.132667074825));
#1105 = CARTESIAN_POINT('',(7.138056971461E-02,1.132271405358));
#1106 = CARTESIAN_POINT('',(0.142744916678,1.131724929663));
#1107 = CARTESIAN_POINT('',(0.214084768045,1.131228374998));
#1108 = CARTESIAN_POINT('',(0.285398199538,1.130784203763));
#1109 = CARTESIAN_POINT('',(0.356686194071,1.130394614406));
#1110 = CARTESIAN_POINT('',(0.427952163403,1.130061509649));
#1111 = CARTESIAN_POINT('',(0.499200471828,1.129786512354));
#1112 = CARTESIAN_POINT('',(0.570435636685,1.129570963034));
#1113 = CARTESIAN_POINT('',(0.641660213945,1.129415916573));
#1114 = CARTESIAN_POINT('',(0.712877150084,1.129322133124));
#1115 = CARTESIAN_POINT('',(0.784074983868,1.129290064936));
#1116 = CARTESIAN_POINT('',(0.85527614432,1.129319836351));
#1117 = CARTESIAN_POINT('',(0.926502738814,1.129411351305));
#1118 = CARTESIAN_POINT('',(0.997738754693,1.129564174244));
#1119 = CARTESIAN_POINT('',(1.068985090429,1.129777553188));
#1120 = CARTESIAN_POINT('',(1.140242793744,1.130050436843));
#1121 = CARTESIAN_POINT('',(1.211515813669,1.130381487093));
#1122 = CARTESIAN_POINT('',(1.282808733735,1.130769086708));
#1123 = CARTESIAN_POINT('',(1.354125972304,1.131211342579));
#1124 = CARTESIAN_POINT('',(1.425470591332,1.131706084336));
#1125 = CARTESIAN_POINT('',(1.496843175684,1.132250859592));
#1126 = CARTESIAN_POINT('',(1.568240283421,1.132842921882));
#1127 = CARTESIAN_POINT('',(1.639653488354,1.133479226806));
#1128 = CARTESIAN_POINT('',(1.711064929027,1.134156379147));
#1129 = CARTESIAN_POINT('',(1.782508459537,1.134871271846));
#1130 = CARTESIAN_POINT('',(1.853965514791,1.135620112665));
#1131 = CARTESIAN_POINT('',(1.925432605403,1.136399055385));
#1132 = CARTESIAN_POINT('',(1.996906598698,1.137204099942));
#1133 = CARTESIAN_POINT('',(2.068386798712,1.13803113386));
#1134 = CARTESIAN_POINT('',(2.139872846381,1.138875934449));
#1135 = CARTESIAN_POINT('',(2.211363229335,1.139734172002));
#1136 = CARTESIAN_POINT('',(2.282855670362,1.140601436498));
#1137 = CARTESIAN_POINT('',(2.354338965493,1.141473160396));
#1138 = CARTESIAN_POINT('',(2.425816167639,1.142344927606));
#1139 = CARTESIAN_POINT('',(2.497302187463,1.143212467036));
#1140 = CARTESIAN_POINT('',(2.568779476658,1.144071134694));
#1141 = CARTESIAN_POINT('',(2.640245940099,1.144916525013));
#1142 = CARTESIAN_POINT('',(2.711700259012,1.145744313809));
#1143 = CARTESIAN_POINT('',(2.783143991208,1.146550303949));
#1144 = CARTESIAN_POINT('',(2.854579353049,1.147330417629));
#1145 = CARTESIAN_POINT('',(2.926008423655,1.148080706421));
#1146 = CARTESIAN_POINT('',(2.997431375645,1.148797353481));
#1147 = CARTESIAN_POINT('',(3.068847039511,1.149476702077));
#1148 = CARTESIAN_POINT('',(3.140244447555,1.150115202347));
#1149 = CARTESIAN_POINT('',(3.211626978221,1.150709677355));
#1150 = CARTESIAN_POINT('',(3.283073963621,1.151257700388));
#1151 = CARTESIAN_POINT('',(3.354529839724,1.151755960947));
#1152 = CARTESIAN_POINT('',(3.425983298873,1.152201840901));
#1153 = CARTESIAN_POINT('',(3.497422406155,1.152593006947));
#1154 = CARTESIAN_POINT('',(3.568843700427,1.152927484986));
#1155 = CARTESIAN_POINT('',(3.640247512163,1.153203614223));
#1156 = CARTESIAN_POINT('',(3.711637437772,1.153420040853));
#1157 = CARTESIAN_POINT('',(3.783018995543,1.153575707314));
#1158 = CARTESIAN_POINT('',(3.854398670938,1.153669848093));
#1159 = CARTESIAN_POINT('',(3.925782944476,1.153701988637));
#1160 = CARTESIAN_POINT('',(3.99717731683,1.153671948298));
#1161 = CARTESIAN_POINT('',(4.068585349505,1.153579846743));
#1162 = CARTESIAN_POINT('',(4.140007298429,1.153426116627));
#1163 = CARTESIAN_POINT('',(4.211439594585,1.153211514846));
#1164 = CARTESIAN_POINT('',(4.282870006398,1.15293716508));
#1165 = CARTESIAN_POINT('',(4.354287113591,1.152604514686));
#1166 = CARTESIAN_POINT('',(4.425633728276,1.152215649));
#1167 = CARTESIAN_POINT('',(4.497009627898,1.151772062699));
#1168 = CARTESIAN_POINT('',(4.568404444757,1.151275999054));
#1169 = CARTESIAN_POINT('',(4.639806322499,1.150730047772));
#1170 = CARTESIAN_POINT('',(4.711211441759,1.15013700979));
#1171 = CARTESIAN_POINT('',(4.78261922043,1.149499907866));
#1172 = CARTESIAN_POINT('',(4.854031770199,1.148821964318));
#1173 = CARTESIAN_POINT('',(4.925452462731,1.148106592766));
#1174 = CARTESIAN_POINT('',(4.996884894039,1.147357389986));
#1175 = CARTESIAN_POINT('',(5.068331682946,1.146578132373));
#1176 = CARTESIAN_POINT('',(5.139793608452,1.145772769927));
#1177 = CARTESIAN_POINT('',(5.211267183883,1.144945439651));
#1178 = CARTESIAN_POINT('',(5.28274726095,1.144100416955));
#1179 = CARTESIAN_POINT('',(5.354209546712,1.143242309069));
#1180 = CARTESIAN_POINT('',(5.425681583682,1.142375169854));
#1181 = CARTESIAN_POINT('',(5.497159762734,1.141503466794));
#1182 = CARTESIAN_POINT('',(5.568640283259,1.140631698022));
#1183 = CARTESIAN_POINT('',(5.640122204182,1.139764327467));
#1184 = CARTESIAN_POINT('',(5.711604607032,1.138905796499));
#1185 = CARTESIAN_POINT('',(5.783086440575,1.138060503037));
#1186 = CARTESIAN_POINT('',(5.854561768238,1.137232831719));
#1187 = CARTESIAN_POINT('',(5.926032249025,1.136426985299));
#1188 = CARTESIAN_POINT('',(5.99749298596,1.13564712608));
#1189 = CARTESIAN_POINT('',(6.068940859955,1.134897256332));
#1190 = CARTESIAN_POINT('',(6.140374256477,1.134181196137));
#1191 = CARTESIAN_POINT('',(6.211791672841,1.133502607378));
#1192 = CARTESIAN_POINT('',(6.259390003004,1.133077465057));
#1193 = CARTESIAN_POINT('',(6.28318530718,1.132872286038));
#1194 = ( GEOMETRIC_REPRESENTATION_CONTEXT(2) 
PARAMETRIC_REPRESENTATION_CONTEXT() REPRESENTATION_CONTEXT('2D SPACE',''
  ) );
#1195 = FACE_BOUND('',#1196,.T.);
#1196 = EDGE_LOOP('',(#1197));
#1197 = ORIENTED_EDGE('',*,*,#1198,.T.);
#1198 = EDGE_CURVE('',#1199,#1199,#1201,.T.);
#1199 = VERTEX_POINT('',#1200);
#1200 = CARTESIAN_POINT('',(9.7,-8.,-395.1498804792));
#1201 = SURFACE_CURVE('',#1202,(#1261,#1356),.PCURVE_S1.);
#1202 = B_SPLINE_CURVE_WITH_KNOTS('',8,(#1203,#1204,#1205,#1206,#1207,
    #1208,#1209,#1210,#1211,#1212,#1213,#1214,#1215,#1216,#1217,#1218,
    #1219,#1220,#1221,#1222,#1223,#1224,#1225,#1226,#1227,#1228,#1229,
    #1230,#1231,#1232,#1233,#1234,#1235,#1236,#1237,#1238,#1239,#1240,
    #1241,#1242,#1243,#1244,#1245,#1246,#1247,#1248,#1249,#1250,#1251,
    #1252,#1253,#1254,#1255,#1256,#1257,#1258,#1259,#1260),
  .UNSPECIFIED.,.T.,.F.,(9,7,7,7,7,7,7,7,9),(0.,0.233358480157,
    0.300967763595,0.530535014847,0.761816788498,1.,1.175119138628,
    1.472032887426,1.663842804982),.UNSPECIFIED.);
#1203 = CARTESIAN_POINT('',(9.7,-8.,-395.1498804792));
#1204 = CARTESIAN_POINT('',(9.7,-7.812772793692,-395.1508302504));
#1205 = CARTESIAN_POINT('',(9.676433563108,-7.62535176623,
    -395.1519005507));
#1206 = CARTESIAN_POINT('',(9.629219595383,-7.441421753782,
    -395.1530730977));
#1207 = CARTESIAN_POINT('',(9.559028864799,-7.26445860635,
    -395.1543268552));
#1208 = CARTESIAN_POINT('',(9.467078964654,-7.097711351644,
    -395.1556391642));
#1209 = CARTESIAN_POINT('',(9.35507224605,-6.944209317228,
    -395.1569860213));
#1210 = CARTESIAN_POINT('',(9.225245040736,-6.806715705495,
    -395.1583420651));
#1211 = CARTESIAN_POINT('',(9.038559534931,-6.653023832323,
    -395.1600686978));
#1212 = CARTESIAN_POINT('',(8.9953630867,-6.620031090033,-395.1604551823
    ));
#1213 = CARTESIAN_POINT('',(8.950971839797,-6.588623802673,
    -395.1608396847));
#1214 = CARTESIAN_POINT('',(8.905453280914,-6.558851948454,
    -395.1612216092));
#1215 = CARTESIAN_POINT('',(8.858877731101,-6.530762351613,
    -395.1616003615));
#1216 = CARTESIAN_POINT('',(8.811318382296,-6.504398463759,
    -395.1619753499));
#1217 = CARTESIAN_POINT('',(8.762851333845,-6.479800145231,
    -395.1623459862));
#1218 = CARTESIAN_POINT('',(8.546172114836,-6.37959727954,
    -395.1639534219));
#1219 = CARTESIAN_POINT('',(8.369099806387,-6.322900734167,
    -395.1651392479));
#1220 = CARTESIAN_POINT('',(8.185538287575,-6.288437835595,
    -395.1662452038));
#1221 = CARTESIAN_POINT('',(7.998789684996,-6.276982189073,
    -395.1672506162));
#1222 = CARTESIAN_POINT('',(7.81215924994,-6.288740526581,
    -395.1681376712));
#1223 = CARTESIAN_POINT('',(7.628932841353,-6.323416240382,
    -395.1688912067));
#1224 = CARTESIAN_POINT('',(7.452357448059,-6.380160300053,-395.16949906
    ));
#1225 = CARTESIAN_POINT('',(7.117498534635,-6.535250590408,
    -395.1704109488));
#1226 = CARTESIAN_POINT('',(6.959119647276,-6.634016254911,
    -395.1707133404));
#1227 = CARTESIAN_POINT('',(6.813583943267,-6.752251317509,
    -395.1708518243));
#1228 = CARTESIAN_POINT('',(6.683602684347,-6.887967570488,
    -395.1708227332));
#1229 = CARTESIAN_POINT('',(6.57149124732,-7.038817175106,
    -395.1706262318));
#1230 = CARTESIAN_POINT('',(6.47920097079,-7.202135283421,-395.170265939
    ));
#1231 = CARTESIAN_POINT('',(6.408266605418,-7.374912418345,
    -395.1697493346));
#1232 = CARTESIAN_POINT('',(6.309513042948,-7.737923476728,
    -395.1684088673));
#1233 = CARTESIAN_POINT('',(6.282965754872,-7.928811359744,
    -395.1675752351));
#1234 = CARTESIAN_POINT('',(6.281130496721,-8.122647256335,
    -395.1666012927));
#1235 = CARTESIAN_POINT('',(6.304299525826,-8.31566436991,
    -395.1655046638));
#1236 = CARTESIAN_POINT('',(6.35211985945,-8.504176784141,
    -395.1643058348));
#1237 = CARTESIAN_POINT('',(6.423661868475,-8.684590654172,
    -395.1630277504));
#1238 = CARTESIAN_POINT('',(6.517349594277,-8.853443391537,
    -395.1616959686));
#1239 = CARTESIAN_POINT('',(6.714151415274,-9.120886973736,
    -395.1593409945));
#1240 = CARTESIAN_POINT('',(6.808275982056,-9.226345181587,
    -395.1583285695));
#1241 = CARTESIAN_POINT('',(6.912240023462,-9.322705037495,
    -395.1573123821));
#1242 = CARTESIAN_POINT('',(7.024998213463,-9.408906107866,
    -395.156303114));
#1243 = CARTESIAN_POINT('',(7.145388744641,-9.484042662683,
    -395.1553112535));
#1244 = CARTESIAN_POINT('',(7.272149388527,-9.547359048311,
    -395.1543470371));
#1245 = CARTESIAN_POINT('',(7.403919535698,-9.598264112136,
    -395.1534203658));
#1246 = CARTESIAN_POINT('',(7.768643502399,-9.700964026826,
    -395.1510492214));
#1247 = CARTESIAN_POINT('',(8.008768126551,-9.728905568088,
    -395.1496893709));
#1248 = CARTESIAN_POINT('',(8.252070375468,-9.717855659172,
    -395.1485111921));
#1249 = CARTESIAN_POINT('',(8.491227643327,-9.667870077011,
    -395.1475515509));
#1250 = CARTESIAN_POINT('',(8.719248536902,-9.580236292792,
    -395.1468393853));
#1251 = CARTESIAN_POINT('',(8.929579670374,-9.457706577569,
    -395.1463939797));
#1252 = CARTESIAN_POINT('',(9.116072393128,-9.304236618052,
    -395.1462264595));
#1253 = CARTESIAN_POINT('',(9.375543724227,-9.010703527405,
    -395.1463992504));
#1254 = CARTESIAN_POINT('',(9.465506923699,-8.884932211341,
    -395.1465809004));
#1255 = CARTESIAN_POINT('',(9.542266157436,-8.750071060814,
    -395.1468756439));
#1256 = CARTESIAN_POINT('',(9.604776056873,-8.607751231665,
    -395.1472805091));
#1257 = CARTESIAN_POINT('',(9.65223703806,-8.459710673622,
    -395.1477907352));
#1258 = CARTESIAN_POINT('',(9.684082220457,-8.307778904704,
    -395.1483999165));
#1259 = CARTESIAN_POINT('',(9.7,-8.153874862766,-395.1490998987));
#1260 = CARTESIAN_POINT('',(9.7,-8.,-395.1498804792));
#1261 = PCURVE('',#33,#1262);
#1262 = DEFINITIONAL_REPRESENTATION('',(#1263),#1355);
#1263 = B_SPLINE_CURVE_WITH_KNOTS('',3,(#1264,#1265,#1266,#1267,#1268,
    #1269,#1270,#1271,#1272,#1273,#1274,#1275,#1276,#1277,#1278,#1279,
    #1280,#1281,#1282,#1283,#1284,#1285,#1286,#1287,#1288,#1289,#1290,
    #1291,#1292,#1293,#1294,#1295,#1296,#1297,#1298,#1299,#1300,#1301,
    #1302,#1303,#1304,#1305,#1306,#1307,#1308,#1309,#1310,#1311,#1312,
    #1313,#1314,#1315,#1316,#1317,#1318,#1319,#1320,#1321,#1322,#1323,
    #1324,#1325,#1326,#1327,#1328,#1329,#1330,#1331,#1332,#1333,#1334,
    #1335,#1336,#1337,#1338,#1339,#1340,#1341,#1342,#1343,#1344,#1345,
    #1346,#1347,#1348,#1349,#1350,#1351,#1352,#1353,#1354),
  .UNSPECIFIED.,.T.,.F.,(4,1,1,1,1,1,1,1,1,1,1,1,1,1,1,1,1,1,1,1,1,1,1,1
    ,1,1,1,1,1,1,1,1,1,1,1,1,1,1,1,1,1,1,1,1,1,1,1,1,1,1,1,1,1,1,1,1,1,1
    ,1,1,1,1,1,1,1,1,1,1,1,1,1,1,1,1,1,1,1,1,1,1,1,1,1,1,1,1,1,1,4),(0.,
    1.890730460207E-02,3.781460920414E-02,5.67219138062E-02,
    7.562921840827E-02,9.453652301034E-02,0.113443827612,0.132351132214,
    0.151258436817,0.170165741419,0.189073046021,0.207980350623,
    0.226887655225,0.245794959827,0.264702264429,0.283609569031,
    0.302516873633,0.321424178235,0.340331482837,0.359238787439,
    0.378146092041,0.397053396643,0.415960701245,0.434868005848,
    0.45377531045,0.472682615052,0.491589919654,0.510497224256,
    0.529404528858,0.54831183346,0.567219138062,0.586126442664,
    0.605033747266,0.623941051868,0.64284835647,0.661755661072,
    0.680662965674,0.699570270277,0.718477574879,0.737384879481,
    0.756292184083,0.775199488685,0.794106793287,0.813014097889,
    0.831921402491,0.850828707093,0.869736011695,0.888643316297,
    0.907550620899,0.926457925501,0.945365230103,0.964272534705,
    0.983179839308,1.00208714391,1.020994448512,1.039901753114,
    1.058809057716,1.077716362318,1.09662366692,1.115530971522,
    1.134438276124,1.153345580726,1.172252885328,1.19116018993,
    1.210067494532,1.228974799134,1.247882103736,1.266789408339,
    1.285696712941,1.304604017543,1.323511322145,1.342418626747,
    1.361325931349,1.380233235951,1.399140540553,1.418047845155,
    1.436955149757,1.455862454359,1.474769758961,1.493677063563,
    1.512584368165,1.531491672768,1.55039897737,1.569306281972,
    1.588213586574,1.607120891176,1.626028195778,1.64493550038,
    1.663842804982),.QUASI_UNIFORM_KNOTS.);
#1264 = CARTESIAN_POINT('',(2.451945983088,4.728315268735));
#1265 = CARTESIAN_POINT('',(2.454428086076,4.728282666406));
#1266 = CARTESIAN_POINT('',(2.45927790063,4.728214905668));
#1267 = CARTESIAN_POINT('',(2.466174233143,4.728106021195));
#1268 = CARTESIAN_POINT('',(2.472656786746,4.727990307001));
#1269 = CARTESIAN_POINT('',(2.478690782707,4.727868216057));
#1270 = CARTESIAN_POINT('',(2.484241582284,4.727740227434));
#1271 = CARTESIAN_POINT('',(2.489274643001,4.727606850927));
#1272 = CARTESIAN_POINT('',(2.49375545914,4.727468627572));
#1273 = CARTESIAN_POINT('',(2.497649615682,4.72732613185));
#1274 = CARTESIAN_POINT('',(2.500922935806,4.727179973982));
#1275 = CARTESIAN_POINT('',(2.503541740152,4.727030802394));
#1276 = CARTESIAN_POINT('',(2.505473246492,4.726879307008));
#1277 = CARTESIAN_POINT('',(2.506686071612,4.726726219978));
#1278 = CARTESIAN_POINT('',(2.507151065531,4.726572325806));
#1279 = CARTESIAN_POINT('',(2.506841803465,4.726418351322));
#1280 = CARTESIAN_POINT('',(2.505734024346,4.726265092792));
#1281 = CARTESIAN_POINT('',(2.503807348332,4.726113387162));
#1282 = CARTESIAN_POINT('',(2.501044672522,4.725964037825));
#1283 = CARTESIAN_POINT('',(2.497434122274,4.725817913841));
#1284 = CARTESIAN_POINT('',(2.492970426578,4.725675912238));
#1285 = CARTESIAN_POINT('',(2.487654556046,4.725538910083));
#1286 = CARTESIAN_POINT('',(2.481494505727,4.72540777455));
#1287 = CARTESIAN_POINT('',(2.474505827397,4.725283355976));
#1288 = CARTESIAN_POINT('',(2.466712245737,4.725166483886));
#1289 = CARTESIAN_POINT('',(2.45814624131,4.725057960658));
#1290 = CARTESIAN_POINT('',(2.448849526469,4.724958553879));
#1291 = CARTESIAN_POINT('',(2.43887358916,4.724868988316));
#1292 = CARTESIAN_POINT('',(2.428279419129,4.724789932821));
#1293 = CARTESIAN_POINT('',(2.417139514659,4.724722000277));
#1294 = CARTESIAN_POINT('',(2.405530401842,4.724665693421));
#1295 = CARTESIAN_POINT('',(2.39353203333,4.724621429529));
#1296 = CARTESIAN_POINT('',(2.381238521165,4.724589573636));
#1297 = CARTESIAN_POINT('',(2.368745866532,4.724570376088));
#1298 = CARTESIAN_POINT('',(2.356153476323,4.724563988516));
#1299 = CARTESIAN_POINT('',(2.34356189526,4.724570459609));
#1300 = CARTESIAN_POINT('',(2.331071492063,4.724589737062));
#1301 = CARTESIAN_POINT('',(2.318780895974,4.724621668641));
#1302 = CARTESIAN_POINT('',(2.30678555359,4.724666004295));
#1303 = CARTESIAN_POINT('',(2.29517641765,4.724722398397));
#1304 = CARTESIAN_POINT('',(2.284038612857,4.724790413298));
#1305 = CARTESIAN_POINT('',(2.273450905078,4.724869519547));
#1306 = CARTESIAN_POINT('',(2.263482985829,4.72495910912));
#1307 = CARTESIAN_POINT('',(2.254189504387,4.725058579767));
#1308 = CARTESIAN_POINT('',(2.245626296077,4.72516717802));
#1309 = CARTESIAN_POINT('',(2.237835875655,4.725284126877));
#1310 = CARTESIAN_POINT('',(2.230851428631,4.725408611309));
#1311 = CARTESIAN_POINT('',(2.22469662628,4.725539794678));
#1312 = CARTESIAN_POINT('',(2.219386655562,4.72567682482));
#1313 = CARTESIAN_POINT('',(2.214928960722,4.725818840976));
#1314 = CARTESIAN_POINT('',(2.211324048601,4.725964978449));
#1315 = CARTESIAN_POINT('',(2.208566222698,4.726114373002));
#1316 = CARTESIAN_POINT('',(2.206644246459,4.726266160747));
#1317 = CARTESIAN_POINT('',(2.20554192339,4.726419489418));
#1318 = CARTESIAN_POINT('',(2.205238535449,4.726573482442));
#1319 = CARTESIAN_POINT('',(2.205709312235,4.726727378969));
#1320 = CARTESIAN_POINT('',(2.20692740465,4.726880426637));
#1321 = CARTESIAN_POINT('',(2.208863365597,4.727031859873));
#1322 = CARTESIAN_POINT('',(2.211485943589,4.727180965717));
#1323 = CARTESIAN_POINT('',(2.21476258909,4.727327063595));
#1324 = CARTESIAN_POINT('',(2.218659869491,4.727469508582));
#1325 = CARTESIAN_POINT('',(2.223143662998,4.727607686802));
#1326 = CARTESIAN_POINT('',(2.22817952941,4.727741019219));
#1327 = CARTESIAN_POINT('',(2.233731864237,4.727868940342));
#1328 = CARTESIAN_POINT('',(2.239767072816,4.727990969594));
#1329 = CARTESIAN_POINT('',(2.246254324831,4.728106687029));
#1330 = CARTESIAN_POINT('',(2.25315630297,4.72821558092));
#1331 = CARTESIAN_POINT('',(2.260438195739,4.728317232424));
#1332 = CARTESIAN_POINT('',(2.268065547928,4.728411259586));
#1333 = CARTESIAN_POINT('',(2.276004877739,4.728497325132));
#1334 = CARTESIAN_POINT('',(2.284223469904,4.728575128649));
#1335 = CARTESIAN_POINT('',(2.292689324728,4.728644404218));
#1336 = CARTESIAN_POINT('',(2.301371014975,4.72870491771));
#1337 = CARTESIAN_POINT('',(2.310237525077,4.72875646519));
#1338 = CARTESIAN_POINT('',(2.319258067808,4.728798872035));
#1339 = CARTESIAN_POINT('',(2.32840185247,4.728831992918));
#1340 = CARTESIAN_POINT('',(2.337637927024,4.728855712614));
#1341 = CARTESIAN_POINT('',(2.346934629002,4.728869948275));
#1342 = CARTESIAN_POINT('',(2.356260366669,4.728874651384));
#1343 = CARTESIAN_POINT('',(2.365579277193,4.728869817108));
#1344 = CARTESIAN_POINT('',(2.374866491643,4.728855472598));
#1345 = CARTESIAN_POINT('',(2.384094077025,4.728831658993));
#1346 = CARTESIAN_POINT('',(2.39322983989,4.728798457858));
#1347 = CARTESIAN_POINT('',(2.402243191001,4.728755980893));
#1348 = CARTESIAN_POINT('',(2.41110325343,4.728704370916));
#1349 = CARTESIAN_POINT('',(2.419779073895,4.72864380122));
#1350 = CARTESIAN_POINT('',(2.428239308963,4.728574476154));
#1351 = CARTESIAN_POINT('',(2.436452049148,4.728496634348));
#1352 = CARTESIAN_POINT('',(2.444384771974,4.728410546002));
#1353 = CARTESIAN_POINT('',(2.449464136157,4.728347873428));
#1354 = CARTESIAN_POINT('',(2.451945983088,4.728315268735));
#1355 = ( GEOMETRIC_REPRESENTATION_CONTEXT(2) 
PARAMETRIC_REPRESENTATION_CONTEXT() REPRESENTATION_CONTEXT('2D SPACE',''
  ) );
#1356 = PCURVE('',#1357,#1362);
#1357 = CYLINDRICAL_SURFACE('',#1358,1.7);
#1358 = AXIS2_PLACEMENT_3D('',#1359,#1360,#1361);
#1359 = CARTESIAN_POINT('',(8.,-8.,-396.3));
#1360 = DIRECTION('',(0.,0.,1.));
#1361 = DIRECTION('',(1.,0.,-0.));
#1362 = DEFINITIONAL_REPRESENTATION('',(#1363),#1455);
#1363 = B_SPLINE_CURVE_WITH_KNOTS('',3,(#1364,#1365,#1366,#1367,#1368,
    #1369,#1370,#1371,#1372,#1373,#1374,#1375,#1376,#1377,#1378,#1379,
    #1380,#1381,#1382,#1383,#1384,#1385,#1386,#1387,#1388,#1389,#1390,
    #1391,#1392,#1393,#1394,#1395,#1396,#1397,#1398,#1399,#1400,#1401,
    #1402,#1403,#1404,#1405,#1406,#1407,#1408,#1409,#1410,#1411,#1412,
    #1413,#1414,#1415,#1416,#1417,#1418,#1419,#1420,#1421,#1422,#1423,
    #1424,#1425,#1426,#1427,#1428,#1429,#1430,#1431,#1432,#1433,#1434,
    #1435,#1436,#1437,#1438,#1439,#1440,#1441,#1442,#1443,#1444,#1445,
    #1446,#1447,#1448,#1449,#1450,#1451,#1452,#1453,#1454),
  .UNSPECIFIED.,.F.,.F.,(4,1,1,1,1,1,1,1,1,1,1,1,1,1,1,1,1,1,1,1,1,1,1,1
    ,1,1,1,1,1,1,1,1,1,1,1,1,1,1,1,1,1,1,1,1,1,1,1,1,1,1,1,1,1,1,1,1,1,1
    ,1,1,1,1,1,1,1,1,1,1,1,1,1,1,1,1,1,1,1,1,1,1,1,1,1,1,1,1,1,1,4),(0.,
    1.890730460207E-02,3.781460920414E-02,5.67219138062E-02,
    7.562921840827E-02,9.453652301034E-02,0.113443827612,0.132351132214,
    0.151258436817,0.170165741419,0.189073046021,0.207980350623,
    0.226887655225,0.245794959827,0.264702264429,0.283609569031,
    0.302516873633,0.321424178235,0.340331482837,0.359238787439,
    0.378146092041,0.397053396643,0.415960701245,0.434868005848,
    0.45377531045,0.472682615052,0.491589919654,0.510497224256,
    0.529404528858,0.54831183346,0.567219138062,0.586126442664,
    0.605033747266,0.623941051868,0.64284835647,0.661755661072,
    0.680662965674,0.699570270277,0.718477574879,0.737384879481,
    0.756292184083,0.775199488685,0.794106793287,0.813014097889,
    0.831921402491,0.850828707093,0.869736011695,0.888643316297,
    0.907550620899,0.926457925501,0.945365230103,0.964272534705,
    0.983179839308,1.00208714391,1.020994448512,1.039901753114,
    1.058809057716,1.077716362318,1.09662366692,1.115530971522,
    1.134438276124,1.153345580726,1.172252885328,1.19116018993,
    1.210067494532,1.228974799134,1.247882103736,1.266789408339,
    1.285696712941,1.304604017543,1.323511322145,1.342418626747,
    1.361325931349,1.380233235951,1.399140540553,1.418047845155,
    1.436955149757,1.455862454359,1.474769758961,1.493677063563,
    1.512584368165,1.531491672768,1.55039897737,1.569306281972,
    1.588213586574,1.607120891176,1.626028195778,1.64493550038,
    1.663842804982),.QUASI_UNIFORM_KNOTS.);
#1364 = CARTESIAN_POINT('',(5.851528412142E-14,1.150119520738));
#1365 = CARTESIAN_POINT('',(2.379610604485E-02,1.149914327269));
#1366 = CARTESIAN_POINT('',(7.139992104155E-02,1.149489115835));
#1367 = CARTESIAN_POINT('',(0.142829662369,1.148810377493));
#1368 = CARTESIAN_POINT('',(0.214270238595,1.148094207676));
#1369 = CARTESIAN_POINT('',(0.285716844941,1.147344315144));
#1370 = CARTESIAN_POINT('',(0.357167943417,1.146564530905));
#1371 = CARTESIAN_POINT('',(0.428624743549,1.145758817138));
#1372 = CARTESIAN_POINT('',(0.500089696115,1.14493125149));
#1373 = CARTESIAN_POINT('',(0.571565401087,1.144086020928));
#1374 = CARTESIAN_POINT('',(0.643053420104,1.143227415647));
#1375 = CARTESIAN_POINT('',(0.714553118221,1.142359823759));
#1376 = CARTESIAN_POINT('',(0.786060022082,1.141487730254));
#1377 = CARTESIAN_POINT('',(0.85756510467,1.140615702453));
#1378 = CARTESIAN_POINT('',(0.929049378115,1.139748426489));
#1379 = CARTESIAN_POINT('',(1.000533489691,1.138890079086));
#1380 = CARTESIAN_POINT('',(1.072017672569,1.138045043039));
#1381 = CARTESIAN_POINT('',(1.143493750945,1.137217726651));
#1382 = CARTESIAN_POINT('',(1.214978600558,1.136412160239));
#1383 = CARTESIAN_POINT('',(1.286465777487,1.135632538742));
#1384 = CARTESIAN_POINT('',(1.357939242845,1.134883012123));
#1385 = CARTESIAN_POINT('',(1.429393496038,1.134167442277));
#1386 = CARTESIAN_POINT('',(1.500825879251,1.133489476516));
#1387 = CARTESIAN_POINT('',(1.572236701069,1.13285253323));
#1388 = CARTESIAN_POINT('',(1.643627546653,1.132259807531));
#1389 = CARTESIAN_POINT('',(1.715000148276,1.131714267977));
#1390 = CARTESIAN_POINT('',(1.78635541901,1.131218650094));
#1391 = CARTESIAN_POINT('',(1.857691325336,1.13077545059));
#1392 = CARTESIAN_POINT('',(1.929004768494,1.130386898921));
#1393 = CARTESIAN_POINT('',(2.000277628528,1.130054993547));
#1394 = CARTESIAN_POINT('',(2.071520744801,1.129781274772));
#1395 = CARTESIAN_POINT('',(2.142765714456,1.129566981027));
#1396 = CARTESIAN_POINT('',(2.213996258431,1.129413238243));
#1397 = CARTESIAN_POINT('',(2.285215491882,1.129320781282));
#1398 = CARTESIAN_POINT('',(2.356426113759,1.129290050629));
#1399 = CARTESIAN_POINT('',(2.427634049209,1.129321183274));
#1400 = CARTESIAN_POINT('',(2.498846021993,1.129414025985));
#1401 = CARTESIAN_POINT('',(2.570068855165,1.129568136529));
#1402 = CARTESIAN_POINT('',(2.641308403134,1.129782782429));
#1403 = CARTESIAN_POINT('',(2.712568251513,1.130056933274));
#1404 = CARTESIAN_POINT('',(2.783849270826,1.130389252957));
#1405 = CARTESIAN_POINT('',(2.855145080529,1.130778070302));
#1406 = CARTESIAN_POINT('',(2.926451667245,1.131221407814));
#1407 = CARTESIAN_POINT('',(2.997813575707,1.1317173668));
#1408 = CARTESIAN_POINT('',(3.069200874537,1.132263311513));
#1409 = CARTESIAN_POINT('',(3.140608258712,1.132856460383));
#1410 = CARTESIAN_POINT('',(3.212030354385,1.133493780665));
#1411 = CARTESIAN_POINT('',(3.2834662709,1.134172038806));
#1412 = CARTESIAN_POINT('',(3.354916599021,1.134887803819));
#1413 = CARTESIAN_POINT('',(3.426382652,1.135637458976));
#1414 = CARTESIAN_POINT('',(3.497865086584,1.136417205992));
#1415 = CARTESIAN_POINT('',(3.569363044739,1.137223072401));
#1416 = CARTESIAN_POINT('',(3.640871582255,1.138050897862));
#1417 = CARTESIAN_POINT('',(3.712384643316,1.138896388406));
#1418 = CARTESIAN_POINT('',(3.783876260068,1.139754909566));
#1419 = CARTESIAN_POINT('',(3.855363300774,1.140622269778));
#1420 = CARTESIAN_POINT('',(3.926854326544,1.141494142965));
#1421 = CARTESIAN_POINT('',(3.998338589768,1.142365944105));
#1422 = CARTESIAN_POINT('',(4.069815546933,1.143233214014));
#1423 = CARTESIAN_POINT('',(4.141284892024,1.144091522212));
#1424 = CARTESIAN_POINT('',(4.21274771758,1.144936502656));
#1425 = CARTESIAN_POINT('',(4.284203896494,1.145763844822));
#1426 = CARTESIAN_POINT('',(4.355653885074,1.146569335408));
#1427 = CARTESIAN_POINT('',(4.427086200354,1.1473487471));
#1428 = CARTESIAN_POINT('',(4.498516547835,1.14809829337));
#1429 = CARTESIAN_POINT('',(4.569982250845,1.148814512998));
#1430 = CARTESIAN_POINT('',(4.641445095397,1.149493338498));
#1431 = CARTESIAN_POINT('',(4.712897696956,1.15013124999));
#1432 = CARTESIAN_POINT('',(4.784333242276,1.150724954828));
#1433 = CARTESIAN_POINT('',(4.855751174642,1.151271454493));
#1434 = CARTESIAN_POINT('',(4.927153755069,1.15176801375));
#1435 = CARTESIAN_POINT('',(4.998545395475,1.152212161123));
#1436 = CARTESIAN_POINT('',(5.069931446889,1.152601685564));
#1437 = CARTESIAN_POINT('',(5.141317214585,1.15293463849));
#1438 = CARTESIAN_POINT('',(5.212706976272,1.153209338752));
#1439 = CARTESIAN_POINT('',(5.284102749708,1.153424381831));
#1440 = CARTESIAN_POINT('',(5.355503668001,1.153578652758));
#1441 = CARTESIAN_POINT('',(5.426902321222,1.153671347213));
#1442 = CARTESIAN_POINT('',(5.498291158581,1.153701988774));
#1443 = CARTESIAN_POINT('',(5.569629399674,1.153670492753));
#1444 = CARTESIAN_POINT('',(5.640959791252,1.153577090675));
#1445 = CARTESIAN_POINT('',(5.712302217908,1.153422211685));
#1446 = CARTESIAN_POINT('',(5.783644794072,1.153206652503));
#1447 = CARTESIAN_POINT('',(5.854989190772,1.152931505617));
#1448 = CARTESIAN_POINT('',(5.9263366488,1.152598159586));
#1449 = CARTESIAN_POINT('',(5.997690091235,1.152208287189));
#1450 = CARTESIAN_POINT('',(6.069052098887,1.151763839638));
#1451 = CARTESIAN_POINT('',(6.140423783166,1.151267057186));
#1452 = CARTESIAN_POINT('',(6.211804131526,1.150720435426));
#1453 = CARTESIAN_POINT('',(6.25939201922,1.150324730911));
#1454 = CARTESIAN_POINT('',(6.28318530718,1.150119520738));
#1455 = ( GEOMETRIC_REPRESENTATION_CONTEXT(2) 
PARAMETRIC_REPRESENTATION_CONTEXT() REPRESENTATION_CONTEXT('2D SPACE',''
  ) );
#1456 = FACE_BOUND('',#1457,.T.);
#1457 = EDGE_LOOP('',(#1458));
#1458 = ORIENTED_EDGE('',*,*,#1459,.T.);
#1459 = EDGE_CURVE('',#1460,#1460,#1462,.T.);
#1460 = VERTEX_POINT('',#1461);
#1461 = CARTESIAN_POINT('',(9.7,8.,-395.1498804792));
#1462 = SURFACE_CURVE('',#1463,(#1522,#1617),.PCURVE_S1.);
#1463 = B_SPLINE_CURVE_WITH_KNOTS('',8,(#1464,#1465,#1466,#1467,#1468,
    #1469,#1470,#1471,#1472,#1473,#1474,#1475,#1476,#1477,#1478,#1479,
    #1480,#1481,#1482,#1483,#1484,#1485,#1486,#1487,#1488,#1489,#1490,
    #1491,#1492,#1493,#1494,#1495,#1496,#1497,#1498,#1499,#1500,#1501,
    #1502,#1503,#1504,#1505,#1506,#1507,#1508,#1509,#1510,#1511,#1512,
    #1513,#1514,#1515,#1516,#1517,#1518,#1519,#1520,#1521),
  .UNSPECIFIED.,.T.,.F.,(9,7,7,7,7,7,7,7,9),(0.,0.11336121533,
    0.241305565201,0.458626516756,0.506446708563,0.668618611395,
    0.83425526729,1.,1.174942508486),.UNSPECIFIED.);
#1464 = CARTESIAN_POINT('',(9.7,8.,-395.1498804792));
#1465 = CARTESIAN_POINT('',(9.7,8.128774774474,-395.1492272271));
#1466 = CARTESIAN_POINT('',(9.688851720889,8.257555258689,
    -395.1486304981));
#1467 = CARTESIAN_POINT('',(9.666553920959,8.385182228246,
    -395.1480961793));
#1468 = CARTESIAN_POINT('',(9.633256166502,8.510531598514,
    -395.1476292149));
#1469 = CARTESIAN_POINT('',(9.589237117408,8.632514568761,
    -395.1472337147));
#1470 = CARTESIAN_POINT('',(9.534895641136,8.750081559331,
    -395.1469129802));
#1471 = CARTESIAN_POINT('',(9.470754755055,8.862229941879,
    -395.1466694445));
#1472 = CARTESIAN_POINT('',(9.314775543726,9.087409770227,
    -395.1463183987));
#1473 = CARTESIAN_POINT('',(9.220396804726,9.198754711407,
    -395.1462323313));
#1474 = CARTESIAN_POINT('',(9.115285775285,9.300671278823,
    -395.1462485364));
#1475 = CARTESIAN_POINT('',(9.000553824562,9.391971571243,
    -395.1463674023));
#1476 = CARTESIAN_POINT('',(8.877447175848,9.471633404161,
    -395.1465877923));
#1477 = CARTESIAN_POINT('',(8.74732969161,9.538796679584,-395.1469071508
    ));
#1478 = CARTESIAN_POINT('',(8.611681363479,9.592781615009,
    -395.1473214179));
#1479 = CARTESIAN_POINT('',(8.235046652418,9.701660935663,
    -395.1486797017));
#1480 = CARTESIAN_POINT('',(7.985971101922,9.731048689903,
    -395.1497941435));
#1481 = CARTESIAN_POINT('',(7.733321071358,9.718457927378,
    -395.1511396647));
#1482 = CARTESIAN_POINT('',(7.485290384295,9.663931907094,
    -395.1526744768));
#1483 = CARTESIAN_POINT('',(7.249708438502,9.568902126828,
    -395.1543515982));
#1484 = CARTESIAN_POINT('',(7.033883245441,9.436530920233,-395.156117913
    ));
#1485 = CARTESIAN_POINT('',(6.844674442764,9.271361270536,
    -395.1579155779));
#1486 = CARTESIAN_POINT('',(6.652944988489,9.038461840791,
    -395.1600695933));
#1487 = CARTESIAN_POINT('',(6.619902641827,8.995193172423,
    -395.1604566958));
#1488 = CARTESIAN_POINT('',(6.58845096488,8.950726000533,-395.1608418086
    ));
#1489 = CARTESIAN_POINT('',(6.558640173014,8.905128146709,
    -395.1612243328));
#1490 = CARTESIAN_POINT('',(6.530517304529,8.85847028274,-395.1616036714
    ));
#1491 = CARTESIAN_POINT('',(6.504126000958,8.810825966896,
    -395.1619792299));
#1492 = CARTESIAN_POINT('',(6.479506287379,8.762271680204,
    -395.1623504172));
#1493 = CARTESIAN_POINT('',(6.379332579119,8.545408868236,
    -395.1639586363));
#1494 = CARTESIAN_POINT('',(6.32269969304,8.368243968946,-395.165144609)
  );
#1495 = CARTESIAN_POINT('',(6.288320065132,8.184596026411,-395.166250581
    ));
#1496 = CARTESIAN_POINT('',(6.276966392053,7.997771203003,
    -395.1672558627));
#1497 = CARTESIAN_POINT('',(6.288843703346,7.81107842926,-395.1681426304
    ));
#1498 = CARTESIAN_POINT('',(6.323653044351,7.627806903631,
    -395.1688957169));
#1499 = CARTESIAN_POINT('',(6.380542302718,7.451206573282,
    -395.1695029602));
#1500 = CARTESIAN_POINT('',(6.537014816386,7.114024692045,-395.170419621
    ));
#1501 = CARTESIAN_POINT('',(6.637601628587,6.953612913698,
    -395.1707230866));
#1502 = CARTESIAN_POINT('',(6.758183683302,6.806472473936,
    -395.1708578054));
#1503 = CARTESIAN_POINT('',(6.896675465401,6.675425100587,
    -395.1708200432));
#1504 = CARTESIAN_POINT('',(7.050613923335,6.562871555194,-395.170610116
    ));
#1505 = CARTESIAN_POINT('',(7.217204107723,6.470826986667,-395.170231979
    ));
#1506 = CARTESIAN_POINT('',(7.393289001729,6.400864105403,
    -395.1696936678));
#1507 = CARTESIAN_POINT('',(7.75743311184,6.306913683588,-395.1683230884
    ));
#1508 = CARTESIAN_POINT('',(7.945779923448,6.282884110958,
    -395.1674895745));
#1509 = CARTESIAN_POINT('',(8.136725540492,6.282872574403,
    -395.1665210421));
#1510 = CARTESIAN_POINT('',(8.326665177332,6.307122241493,
    -395.1654345422));
#1511 = CARTESIAN_POINT('',(8.512074272979,6.355268796541,
    -395.1642498001));
#1512 = CARTESIAN_POINT('',(8.689518563775,6.426402757431,
    -395.1629888491));
#1513 = CARTESIAN_POINT('',(8.855692264382,6.519004182421,
    -395.1616761676));
#1514 = CARTESIAN_POINT('',(9.167877693398,6.748730433707,
    -395.1589272163));
#1515 = CARTESIAN_POINT('',(9.312546181522,6.888251398864,
    -395.1574856048));
#1516 = CARTESIAN_POINT('',(9.43791863188,7.046741962254,-395.156045643)
  );
#1517 = CARTESIAN_POINT('',(9.541201649481,7.220989447624,
    -395.1546377982));
#1518 = CARTESIAN_POINT('',(9.62021710393,7.40744905571,-395.1532911021)
  );
#1519 = CARTESIAN_POINT('',(9.673446518351,7.602253308711,
    -395.1520328776));
#1520 = CARTESIAN_POINT('',(9.7,7.801258584319,-395.15088866));
#1521 = CARTESIAN_POINT('',(9.7,8.,-395.1498804792));
#1522 = PCURVE('',#33,#1523);
#1523 = DEFINITIONAL_REPRESENTATION('',(#1524),#1616);
#1524 = B_SPLINE_CURVE_WITH_KNOTS('',3,(#1525,#1526,#1527,#1528,#1529,
    #1530,#1531,#1532,#1533,#1534,#1535,#1536,#1537,#1538,#1539,#1540,
    #1541,#1542,#1543,#1544,#1545,#1546,#1547,#1548,#1549,#1550,#1551,
    #1552,#1553,#1554,#1555,#1556,#1557,#1558,#1559,#1560,#1561,#1562,
    #1563,#1564,#1565,#1566,#1567,#1568,#1569,#1570,#1571,#1572,#1573,
    #1574,#1575,#1576,#1577,#1578,#1579,#1580,#1581,#1582,#1583,#1584,
    #1585,#1586,#1587,#1588,#1589,#1590,#1591,#1592,#1593,#1594,#1595,
    #1596,#1597,#1598,#1599,#1600,#1601,#1602,#1603,#1604,#1605,#1606,
    #1607,#1608,#1609,#1610,#1611,#1612,#1613,#1614,#1615),
  .UNSPECIFIED.,.T.,.F.,(4,1,1,1,1,1,1,1,1,1,1,1,1,1,1,1,1,1,1,1,1,1,1,1
    ,1,1,1,1,1,1,1,1,1,1,1,1,1,1,1,1,1,1,1,1,1,1,1,1,1,1,1,1,1,1,1,1,1,1
    ,1,1,1,1,1,1,1,1,1,1,1,1,1,1,1,1,1,1,1,1,1,1,1,1,1,1,1,1,1,1,4),(0.,
    1.335161941462E-02,2.670323882924E-02,4.005485824386E-02,
    5.340647765848E-02,6.67580970731E-02,8.010971648771E-02,
    9.346133590233E-02,0.106812955317,0.120164574732,0.133516194146,
    0.146867813561,0.160219432975,0.17357105239,0.186922671805,
    0.200274291219,0.213625910634,0.226977530049,0.240329149463,
    0.253680768878,0.267032388292,0.280384007707,0.293735627122,
    0.307087246536,0.320438865951,0.333790485365,0.34714210478,
    0.360493724195,0.373845343609,0.387196963024,0.400548582439,
    0.413900201853,0.427251821268,0.440603440682,0.453955060097,
    0.467306679512,0.480658298926,0.494009918341,0.507361537756,
    0.52071315717,0.534064776585,0.547416395999,0.560768015414,
    0.574119634829,0.587471254243,0.600822873658,0.614174493072,
    0.627526112487,0.640877731902,0.654229351316,0.667580970731,
    0.680932590146,0.69428420956,0.707635828975,0.720987448389,
    0.734339067804,0.747690687219,0.761042306633,0.774393926048,
    0.787745545463,0.801097164877,0.814448784292,0.827800403706,
    0.841152023121,0.854503642536,0.86785526195,0.881206881365,
    0.894558500779,0.907910120194,0.921261739609,0.934613359023,
    0.947964978438,0.961316597853,0.974668217267,0.988019836682,
    1.001371456096,1.014723075511,1.028074694926,1.04142631434,
    1.054777933755,1.06812955317,1.081481172584,1.094832791999,
    1.108184411413,1.121536030828,1.134887650243,1.148239269657,
    1.161590889072,1.174942508486),.QUASI_UNIFORM_KNOTS.);
#1525 = CARTESIAN_POINT('',(3.831239324091,4.728315268735));
#1526 = CARTESIAN_POINT('',(3.833721016455,4.728347871248));
#1527 = CARTESIAN_POINT('',(3.838799845248,4.72841053758));
#1528 = CARTESIAN_POINT('',(3.846731367172,4.728496614576));
#1529 = CARTESIAN_POINT('',(3.854942824474,4.728574447644));
#1530 = CARTESIAN_POINT('',(3.863401888415,4.728643767887));
#1531 = CARTESIAN_POINT('',(3.872076734228,4.728704336614));
#1532 = CARTESIAN_POINT('',(3.880935991948,4.728755948386));
#1533 = CARTESIAN_POINT('',(3.889948489757,4.728798428518));
#1534 = CARTESIAN_POINT('',(3.899083183244,4.728831633291));
#1535 = CARTESIAN_POINT('',(3.908308353931,4.728855450601));
#1536 = CARTESIAN_POINT('',(3.917595784247,4.728869806833));
#1537 = CARTESIAN_POINT('',(3.926913755234,4.728874649816));
#1538 = CARTESIAN_POINT('',(3.936231717484,4.728869964378));
#1539 = CARTESIAN_POINT('',(3.945519341054,4.728855766759));
#1540 = CARTESIAN_POINT('',(3.954746457659,4.728832104188));
#1541 = CARTESIAN_POINT('',(3.963882834351,4.728799053998));
#1542 = CARTESIAN_POINT('',(3.972897815686,4.728756725598));
#1543 = CARTESIAN_POINT('',(3.98176072239,4.728705257666));
#1544 = CARTESIAN_POINT('',(3.990438394374,4.728644837913));
#1545 = CARTESIAN_POINT('',(3.998903418075,4.728575643666));
#1546 = CARTESIAN_POINT('',(4.007127339469,4.728497865261));
#1547 = CARTESIAN_POINT('',(4.015072334354,4.728411809662));
#1548 = CARTESIAN_POINT('',(4.022704370468,4.728317794119));
#1549 = CARTESIAN_POINT('',(4.029989212138,4.728216171429));
#1550 = CARTESIAN_POINT('',(4.036893088009,4.72810732165));
#1551 = CARTESIAN_POINT('',(4.04338220583,4.727991653972));
#1552 = CARTESIAN_POINT('',(4.049422662202,4.727869606851));
#1553 = CARTESIAN_POINT('',(4.054980327883,4.727741649445));
#1554 = CARTESIAN_POINT('',(4.06002082213,4.727608283396));
#1555 = CARTESIAN_POINT('',(4.064509553007,4.727470045117));
#1556 = CARTESIAN_POINT('',(4.068411842381,4.727327508426));
#1557 = CARTESIAN_POINT('',(4.071693153045,4.727181287598));
#1558 = CARTESIAN_POINT('',(4.074319429493,4.72703204043));
#1559 = CARTESIAN_POINT('',(4.076257620795,4.726880472632));
#1560 = CARTESIAN_POINT('',(4.077476265587,4.726727338593));
#1561 = CARTESIAN_POINT('',(4.07794675002,4.726573456787));
#1562 = CARTESIAN_POINT('',(4.077643282177,4.726419478949));
#1563 = CARTESIAN_POINT('',(4.076541446739,4.726266213865));
#1564 = CARTESIAN_POINT('',(4.074620865058,4.72611449456));
#1565 = CARTESIAN_POINT('',(4.07186441688,4.725965126383));
#1566 = CARTESIAN_POINT('',(4.068260159955,4.725818976247));
#1567 = CARTESIAN_POINT('',(4.063802784779,4.725676941969));
#1568 = CARTESIAN_POINT('',(4.058493212145,4.725539900588));
#1569 = CARTESIAN_POINT('',(4.052339385592,4.725408719451));
#1570 = CARTESIAN_POINT('',(4.045356800037,4.725284249017));
#1571 = CARTESIAN_POINT('',(4.037569118304,4.725167318967));
#1572 = CARTESIAN_POINT('',(4.029008752983,4.725058731863));
#1573 = CARTESIAN_POINT('',(4.019717344632,4.724959255537));
#1574 = CARTESIAN_POINT('',(4.009746297523,4.724869615037));
#1575 = CARTESIAN_POINT('',(3.999156537908,4.724790479697));
#1576 = CARTESIAN_POINT('',(3.988020404924,4.724722462559));
#1577 = CARTESIAN_POINT('',(3.976414607748,4.724666068227));
#1578 = CARTESIAN_POINT('',(3.964418692874,4.72462171292));
#1579 = CARTESIAN_POINT('',(3.952126892964,4.724589763539));
#1580 = CARTESIAN_POINT('',(3.939635207449,4.724570471254));
#1581 = CARTESIAN_POINT('',(3.927043070726,4.72456398852));
#1582 = CARTESIAN_POINT('',(3.914451041031,4.724570364661));
#1583 = CARTESIAN_POINT('',(3.901959497713,4.724589547968));
#1584 = CARTESIAN_POINT('',(3.889667070577,4.724621386854));
#1585 = CARTESIAN_POINT('',(3.877669213164,4.724665631933));
#1586 = CARTESIAN_POINT('',(3.866056836475,4.724721938831));
#1587 = CARTESIAN_POINT('',(3.854915186473,4.724789869974));
#1588 = CARTESIAN_POINT('',(3.844322533129,4.724868901802));
#1589 = CARTESIAN_POINT('',(3.834350377892,4.724958412275));
#1590 = CARTESIAN_POINT('',(3.825052286951,4.725057805918));
#1591 = CARTESIAN_POINT('',(3.816483683997,4.725166336187));
#1592 = CARTESIAN_POINT('',(3.808687486378,4.725283223719));
#1593 = CARTESIAN_POINT('',(3.801696983875,4.725407653523));
#1594 = CARTESIAN_POINT('',(3.795535970082,4.725538788383));
#1595 = CARTESIAN_POINT('',(3.790219703111,4.725675775815));
#1596 = CARTESIAN_POINT('',(3.785755678991,4.725817754857));
#1597 = CARTESIAN_POINT('',(3.78214443959,4.725963860748));
#1598 = CARTESIAN_POINT('',(3.779380316296,4.726113229624));
#1599 = CARTESIAN_POINT('',(3.777452097663,4.726264997467));
#1600 = CARTESIAN_POINT('',(3.776343623838,4.72641831505));
#1601 = CARTESIAN_POINT('',(3.776034203132,4.726572298548));
#1602 = CARTESIAN_POINT('',(3.776499195095,4.726726220845));
#1603 = CARTESIAN_POINT('',(3.777712217449,4.726879323631));
#1604 = CARTESIAN_POINT('',(3.779643830046,4.727030819423));
#1605 = CARTESIAN_POINT('',(3.78226261773,4.7271799856));
#1606 = CARTESIAN_POINT('',(3.785535810151,4.727326136076));
#1607 = CARTESIAN_POINT('',(3.789429797619,4.727468625676));
#1608 = CARTESIAN_POINT('',(3.793910483293,4.727606845775));
#1609 = CARTESIAN_POINT('',(3.798943518337,4.727740222408));
#1610 = CARTESIAN_POINT('',(3.804494427561,4.727868214058));
#1611 = CARTESIAN_POINT('',(3.810528650139,4.727990309605));
#1612 = CARTESIAN_POINT('',(3.817011458098,4.728106027871));
#1613 = CARTESIAN_POINT('',(3.823907913354,4.728214913141));
#1614 = CARTESIAN_POINT('',(3.828757479115,4.728282669988));
#1615 = CARTESIAN_POINT('',(3.831239324091,4.728315268735));
#1616 = ( GEOMETRIC_REPRESENTATION_CONTEXT(2) 
PARAMETRIC_REPRESENTATION_CONTEXT() REPRESENTATION_CONTEXT('2D SPACE',''
  ) );
#1617 = PCURVE('',#1618,#1623);
#1618 = CYLINDRICAL_SURFACE('',#1619,1.7);
#1619 = AXIS2_PLACEMENT_3D('',#1620,#1621,#1622);
#1620 = CARTESIAN_POINT('',(8.,8.,-396.3));
#1621 = DIRECTION('',(0.,0.,1.));
#1622 = DIRECTION('',(1.,0.,-0.));
#1623 = DEFINITIONAL_REPRESENTATION('',(#1624),#1716);
#1624 = B_SPLINE_CURVE_WITH_KNOTS('',3,(#1625,#1626,#1627,#1628,#1629,
    #1630,#1631,#1632,#1633,#1634,#1635,#1636,#1637,#1638,#1639,#1640,
    #1641,#1642,#1643,#1644,#1645,#1646,#1647,#1648,#1649,#1650,#1651,
    #1652,#1653,#1654,#1655,#1656,#1657,#1658,#1659,#1660,#1661,#1662,
    #1663,#1664,#1665,#1666,#1667,#1668,#1669,#1670,#1671,#1672,#1673,
    #1674,#1675,#1676,#1677,#1678,#1679,#1680,#1681,#1682,#1683,#1684,
    #1685,#1686,#1687,#1688,#1689,#1690,#1691,#1692,#1693,#1694,#1695,
    #1696,#1697,#1698,#1699,#1700,#1701,#1702,#1703,#1704,#1705,#1706,
    #1707,#1708,#1709,#1710,#1711,#1712,#1713,#1714,#1715),
  .UNSPECIFIED.,.F.,.F.,(4,1,1,1,1,1,1,1,1,1,1,1,1,1,1,1,1,1,1,1,1,1,1,1
    ,1,1,1,1,1,1,1,1,1,1,1,1,1,1,1,1,1,1,1,1,1,1,1,1,1,1,1,1,1,1,1,1,1,1
    ,1,1,1,1,1,1,1,1,1,1,1,1,1,1,1,1,1,1,1,1,1,1,1,1,1,1,1,1,1,1,4),(0.,
    1.335161941462E-02,2.670323882924E-02,4.005485824386E-02,
    5.340647765848E-02,6.67580970731E-02,8.010971648771E-02,
    9.346133590233E-02,0.106812955317,0.120164574732,0.133516194146,
    0.146867813561,0.160219432975,0.17357105239,0.186922671805,
    0.200274291219,0.213625910634,0.226977530049,0.240329149463,
    0.253680768878,0.267032388292,0.280384007707,0.293735627122,
    0.307087246536,0.320438865951,0.333790485365,0.34714210478,
    0.360493724195,0.373845343609,0.387196963024,0.400548582439,
    0.413900201853,0.427251821268,0.440603440682,0.453955060097,
    0.467306679512,0.480658298926,0.494009918341,0.507361537756,
    0.52071315717,0.534064776585,0.547416395999,0.560768015414,
    0.574119634829,0.587471254243,0.600822873658,0.614174493072,
    0.627526112487,0.640877731902,0.654229351316,0.667580970731,
    0.680932590146,0.69428420956,0.707635828975,0.720987448389,
    0.734339067804,0.747690687219,0.761042306633,0.774393926048,
    0.787745545463,0.801097164877,0.814448784292,0.827800403706,
    0.841152023121,0.854503642536,0.86785526195,0.881206881365,
    0.894558500779,0.907910120194,0.921261739609,0.934613359023,
    0.947964978438,0.961316597853,0.974668217267,0.988019836682,
    1.001371456096,1.014723075511,1.028074694926,1.04142631434,
    1.054777933755,1.06812955317,1.081481172584,1.094832791999,
    1.108184411413,1.121536030828,1.134887650243,1.148239269657,
    1.161590889072,1.174942508486),.QUASI_UNIFORM_KNOTS.);
#1625 = CARTESIAN_POINT('',(-5.773159728051E-14,1.150119520738));
#1626 = CARTESIAN_POINT('',(2.37917651875E-02,1.150324717235));
#1627 = CARTESIAN_POINT('',(7.137474011946E-02,1.150720382211));
#1628 = CARTESIAN_POINT('',(0.142744687279,1.151266931449));
#1629 = CARTESIAN_POINT('',(0.214105957383,1.151763657353));
#1630 = CARTESIAN_POINT('',(0.285458983791,1.152208073097));
#1631 = CARTESIAN_POINT('',(0.356805355515,1.152597938408));
#1632 = CARTESIAN_POINT('',(0.428147220279,1.152931295341));
#1633 = CARTESIAN_POINT('',(0.499485659783,1.153206462242));
#1634 = CARTESIAN_POINT('',(0.570820548101,1.153422044673));
#1635 = CARTESIAN_POINT('',(0.642144923829,1.153576947503));
#1636 = CARTESIAN_POINT('',(0.713477391596,1.153670425843));
#1637 = CARTESIAN_POINT('',(0.784808566183,1.153701978531));
#1638 = CARTESIAN_POINT('',(0.856137754004,1.153671452107));
#1639 = CARTESIAN_POINT('',(0.927465872928,1.153579005235));
#1640 = CARTESIAN_POINT('',(0.998795511402,1.153425105111));
#1641 = CARTESIAN_POINT('',(1.070129738055,1.153210519133));
#1642 = CARTESIAN_POINT('',(1.141469739823,1.152936323328));
#1643 = CARTESIAN_POINT('',(1.212818594159,1.152603878212));
#1644 = CARTESIAN_POINT('',(1.284161086837,1.152214947975));
#1645 = CARTESIAN_POINT('',(1.355531885323,1.151771308661));
#1646 = CARTESIAN_POINT('',(1.426964799737,1.151274893012));
#1647 = CARTESIAN_POINT('',(1.498416788318,1.150728437907));
#1648 = CARTESIAN_POINT('',(1.569878069443,1.15013478593));
#1649 = CARTESIAN_POINT('',(1.641339600199,1.149497032354));
#1650 = CARTESIAN_POINT('',(1.71279918957,1.1488184558));
#1651 = CARTESIAN_POINT('',(1.784257823557,1.14810251339));
#1652 = CARTESIAN_POINT('',(1.855718983413,1.147352823908));
#1653 = CARTESIAN_POINT('',(1.927187385824,1.146573158411));
#1654 = CARTESIAN_POINT('',(1.998667994697,1.145767432163));
#1655 = CARTESIAN_POINT('',(2.070164990663,1.144939698857));
#1656 = CARTESIAN_POINT('',(2.141680717875,1.144094146166));
#1657 = CARTESIAN_POINT('',(2.213214478453,1.143235092952));
#1658 = CARTESIAN_POINT('',(2.284761248066,1.142366986119));
#1659 = CARTESIAN_POINT('',(2.356309587462,1.141494403932));
#1660 = CARTESIAN_POINT('',(2.427840821298,1.140622040403));
#1661 = CARTESIAN_POINT('',(2.499320936517,1.13975476621));
#1662 = CARTESIAN_POINT('',(2.570805555915,1.138896330992));
#1663 = CARTESIAN_POINT('',(2.642288962506,1.138051190694));
#1664 = CARTESIAN_POINT('',(2.713764738837,1.137223732771));
#1665 = CARTESIAN_POINT('',(2.785248760573,1.13641799982));
#1666 = CARTESIAN_POINT('',(2.856735552203,1.135638176542));
#1667 = CARTESIAN_POINT('',(2.928208679494,1.134888418626));
#1668 = CARTESIAN_POINT('',(2.99966265024,1.134172589078));
#1669 = CARTESIAN_POINT('',(3.071094738918,1.133494337274));
#1670 = CARTESIAN_POINT('',(3.142505234518,1.132857083196));
#1671 = CARTESIAN_POINT('',(3.213895713615,1.132264023531));
#1672 = CARTESIAN_POINT('',(3.285267923131,1.131718128331));
#1673 = CARTESIAN_POINT('',(3.356622798706,1.131222134679));
#1674 = CARTESIAN_POINT('',(3.427958391265,1.130778540775));
#1675 = CARTESIAN_POINT('',(3.499271560964,1.130389578273));
#1676 = CARTESIAN_POINT('',(3.570544737628,1.130057245994));
#1677 = CARTESIAN_POINT('',(3.641787250635,1.129783092633));
#1678 = CARTESIAN_POINT('',(3.713032869968,1.129568350535));
#1679 = CARTESIAN_POINT('',(3.784264261055,1.129414153559));
#1680 = CARTESIAN_POINT('',(3.855484390861,1.129321239244));
#1681 = CARTESIAN_POINT('',(3.926695710671,1.129290050641));
#1682 = CARTESIAN_POINT('',(3.99790405527,1.129320726359));
#1683 = CARTESIAN_POINT('',(4.069116130548,1.129413114574));
#1684 = CARTESIAN_POINT('',(4.140338862084,1.12956677479));
#1685 = CARTESIAN_POINT('',(4.211578221996,1.12978097643));
#1686 = CARTESIAN_POINT('',(4.282838342657,1.130054694071));
#1687 = CARTESIAN_POINT('',(4.354119600564,1.130386590989));
#1688 = CARTESIAN_POINT('',(4.425419662526,1.130775024412));
#1689 = CARTESIAN_POINT('',(4.496722391445,1.131217947246));
#1690 = CARTESIAN_POINT('',(4.568079358215,1.131713493343));
#1691 = CARTESIAN_POINT('',(4.639464673202,1.13225906153));
#1692 = CARTESIAN_POINT('',(4.710870746276,1.132851858957));
#1693 = CARTESIAN_POINT('',(4.782291979942,1.1334888537));
#1694 = CARTESIAN_POINT('',(4.853726984622,1.134166810039));
#1695 = CARTESIAN_POINT('',(4.925176136801,1.134882296235));
#1696 = CARTESIAN_POINT('',(4.996640636667,1.135631695483));
#1697 = CARTESIAN_POINT('',(5.068121126556,1.136411210259));
#1698 = CARTESIAN_POINT('',(5.13961694047,1.137216871325));
#1699 = CARTESIAN_POINT('',(5.211123097087,1.138044518882));
#1700 = CARTESIAN_POINT('',(5.282634973157,1.138889877449));
#1701 = CARTESIAN_POINT('',(5.354123275575,1.139748273407));
#1702 = CARTESIAN_POINT('',(5.425620585763,1.140615706808));
#1703 = CARTESIAN_POINT('',(5.497133065114,1.14148782526));
#1704 = CARTESIAN_POINT('',(5.568640288144,1.142359922359));
#1705 = CARTESIAN_POINT('',(5.640137535986,1.143227483733));
#1706 = CARTESIAN_POINT('',(5.71162203265,1.144086046036));
#1707 = CARTESIAN_POINT('',(5.783094666535,1.144931240258));
#1708 = CARTESIAN_POINT('',(5.85455785405,1.145758786141));
#1709 = CARTESIAN_POINT('',(5.926014605362,1.146564500379));
#1710 = CARTESIAN_POINT('',(5.997467300573,1.14734430289));
#1711 = CARTESIAN_POINT('',(6.068916596332,1.148094223682));
#1712 = CARTESIAN_POINT('',(6.14035981611,1.148810418867));
#1713 = CARTESIAN_POINT('',(6.211790478037,1.149489162569));
#1714 = CARTESIAN_POINT('',(6.259391724229,1.149914349752));
#1715 = CARTESIAN_POINT('',(6.28318530718,1.150119520738));
#1716 = ( GEOMETRIC_REPRESENTATION_CONTEXT(2) 
PARAMETRIC_REPRESENTATION_CONTEXT() REPRESENTATION_CONTEXT('2D SPACE',''
  ) );
#1717 = FACE_BOUND('',#1718,.T.);
#1718 = EDGE_LOOP('',(#1719));
#1719 = ORIENTED_EDGE('',*,*,#1720,.T.);
#1720 = EDGE_CURVE('',#1721,#1721,#1723,.T.);
#1721 = VERTEX_POINT('',#1722);
#1722 = CARTESIAN_POINT('',(-6.3,8.,-395.1671277139));
#1723 = SURFACE_CURVE('',#1724,(#1783,#1878),.PCURVE_S1.);
#1724 = B_SPLINE_CURVE_WITH_KNOTS('',8,(#1725,#1726,#1727,#1728,#1729,
    #1730,#1731,#1732,#1733,#1734,#1735,#1736,#1737,#1738,#1739,#1740,
    #1741,#1742,#1743,#1744,#1745,#1746,#1747,#1748,#1749,#1750,#1751,
    #1752,#1753,#1754,#1755,#1756,#1757,#1758,#1759,#1760,#1761,#1762,
    #1763,#1764,#1765,#1766,#1767,#1768,#1769,#1770,#1771,#1772,#1773,
    #1774,#1775,#1776,#1777,#1778,#1779,#1780,#1781,#1782),
  .UNSPECIFIED.,.T.,.F.,(9,7,7,7,7,7,7,7,9),(0.,1.,2.04324367068,
    3.812094332229,5.40659335698,6.399285944254,6.746659781581,
    8.11360498115,9.91161136721),.UNSPECIFIED.);
#1725 = CARTESIAN_POINT('',(-6.3,8.,-395.1671277139));
#1726 = CARTESIAN_POINT('',(-6.3,8.134674343494,-395.1664445641));
#1727 = CARTESIAN_POINT('',(-6.312193188142,8.269431283596,
    -395.1656991428));
#1728 = CARTESIAN_POINT('',(-6.336604993071,8.402928509913,
    -395.1648981294));
#1729 = CARTESIAN_POINT('',(-6.373072746916,8.533864947218,
    -395.1640489487));
#1730 = CARTESIAN_POINT('',(-6.421274037542,8.660980293045,
    -395.1631596287));
#1731 = CARTESIAN_POINT('',(-6.48073752908,8.783060563743,
    -395.1622387182));
#1732 = CARTESIAN_POINT('',(-6.550836250748,8.898949648989,
    -395.1612952619));
#1733 = CARTESIAN_POINT('',(-6.714146798494,9.12088110809,
    -395.1593410476));
#1734 = CARTESIAN_POINT('',(-6.808267800913,9.226336328475,
    -395.1583286559));
#1735 = CARTESIAN_POINT('',(-6.912227687646,9.322693841414,
    -395.1573125014));
#1736 = CARTESIAN_POINT('',(-7.024981241593,9.408893309113,
    -395.156303265));
#1737 = CARTESIAN_POINT('',(-7.145366777509,9.484029076438,
    -395.1553114339));
#1738 = CARTESIAN_POINT('',(-7.272122199552,9.547345544894,
    -395.1543472435));
#1739 = CARTESIAN_POINT('',(-7.403887040975,9.598251594637,
    -395.1534205942));
#1740 = CARTESIAN_POINT('',(-7.768601499819,9.700957908149,
    -395.1510494655));
#1741 = CARTESIAN_POINT('',(-8.008722418508,9.728905086657,
    -395.1496896052));
#1742 = CARTESIAN_POINT('',(-8.252021875551,9.71786187329,
    -395.1485114066));
#1743 = CARTESIAN_POINT('',(-8.4911775351,9.667883839295,-395.1475517353
    ));
#1744 = CARTESIAN_POINT('',(-8.719198222155,9.580258212305,
    -395.1468395294));
#1745 = CARTESIAN_POINT('',(-8.929530702974,9.457736957538,
    -395.146394074));
#1746 = CARTESIAN_POINT('',(-9.116026428563,9.304275420466,
    -395.1462264958));
#1747 = CARTESIAN_POINT('',(-9.415770027375,8.965208461028,
    -395.1464259782));
#1748 = CARTESIAN_POINT('',(-9.534887020002,8.78374103713,-395.146742274
    ));
#1749 = CARTESIAN_POINT('',(-9.627160398112,8.585688013951,
    -395.1472788803));
#1750 = CARTESIAN_POINT('',(-9.690096486344,8.375760540613,
    -395.1480245475));
#1751 = CARTESIAN_POINT('',(-9.722067437219,8.158904909966,
    -395.1489624397));
#1752 = CARTESIAN_POINT('',(-9.722411371494,7.940287890781,
    -395.1500697026));
#1753 = CARTESIAN_POINT('',(-9.691350277006,7.725243735564,
    -395.1513181484));
#1754 = CARTESIAN_POINT('',(-9.592754078975,7.390882036494,
    -395.1535144533));
#1755 = CARTESIAN_POINT('',(-9.543372406976,7.265940866994,
    -395.1543987546));
#1756 = CARTESIAN_POINT('',(-9.482793979792,7.14560793477,
    -395.1553164756));
#1757 = CARTESIAN_POINT('',(-9.411532959533,7.031051627381,
    -395.156259081));
#1758 = CARTESIAN_POINT('',(-9.330238545519,6.92335996861,
    -395.1572177578));
#1759 = CARTESIAN_POINT('',(-9.239684169892,6.823538408456,
    -395.1581834824));
#1760 = CARTESIAN_POINT('',(-9.140770969,6.732497672948,-395.1591470635)
  );
#1761 = CARTESIAN_POINT('',(-8.997373964408,6.62252420114,
    -395.1604323348));
#1762 = CARTESIAN_POINT('',(-8.959304572078,6.595187249665,
    -395.1607641209));
#1763 = CARTESIAN_POINT('',(-8.920380518603,6.569054000176,
    -395.1610941362));
#1764 = CARTESIAN_POINT('',(-8.880646377322,6.544155618166,
    -395.1614219964));
#1765 = CARTESIAN_POINT('',(-8.840148129876,6.520521253773,
    -395.1617473203));
#1766 = CARTESIAN_POINT('',(-8.798933166207,6.498178041785,
    -395.1620697301));
#1767 = CARTESIAN_POINT('',(-8.757050284562,6.477151101639,
    -395.1623888506));
#1768 = CARTESIAN_POINT('',(-8.547306291332,6.379991320142,
    -395.1639456698));
#1769 = CARTESIAN_POINT('',(-8.370371266733,6.323200185708,
    -395.1651312792));
#1770 = CARTESIAN_POINT('',(-8.186937870344,6.288613652768,
    -395.1662372124));
#1771 = CARTESIAN_POINT('',(-8.000302255725,6.277006674417,
    -395.1672428193));
#1772 = CARTESIAN_POINT('',(-7.813764228807,6.288588504922,
    -395.1681303009));
#1773 = CARTESIAN_POINT('',(-7.630604706188,6.323066012421,
    -395.1688845026));
#1774 = CARTESIAN_POINT('',(-7.454066298658,6.379594729589,
    -395.1694932607));
#1775 = CARTESIAN_POINT('',(-7.067859903967,6.557946333128,
    -395.1705476185));
#1776 = CARTESIAN_POINT('',(-6.864629032492,6.695047355064,
    -395.1708830657));
#1777 = CARTESIAN_POINT('',(-6.685029621107,6.864677513669,
    -395.1709336349));
#1778 = CARTESIAN_POINT('',(-6.534744925445,7.061880189034,
    -395.1706956411));
#1779 = CARTESIAN_POINT('',(-6.418424727448,7.280976317651,
    -395.1701743048));
#1780 = CARTESIAN_POINT('',(-6.339423058485,7.515399841057,
    -395.1693859173));
#1781 = CARTESIAN_POINT('',(-6.3,7.75784104613,-395.1683560907));
#1782 = CARTESIAN_POINT('',(-6.3,8.,-395.1671277139));
#1783 = PCURVE('',#33,#1784);
#1784 = DEFINITIONAL_REPRESENTATION('',(#1785),#1877);
#1785 = B_SPLINE_CURVE_WITH_KNOTS('',3,(#1786,#1787,#1788,#1789,#1790,
    #1791,#1792,#1793,#1794,#1795,#1796,#1797,#1798,#1799,#1800,#1801,
    #1802,#1803,#1804,#1805,#1806,#1807,#1808,#1809,#1810,#1811,#1812,
    #1813,#1814,#1815,#1816,#1817,#1818,#1819,#1820,#1821,#1822,#1823,
    #1824,#1825,#1826,#1827,#1828,#1829,#1830,#1831,#1832,#1833,#1834,
    #1835,#1836,#1837,#1838,#1839,#1840,#1841,#1842,#1843,#1844,#1845,
    #1846,#1847,#1848,#1849,#1850,#1851,#1852,#1853,#1854,#1855,#1856,
    #1857,#1858,#1859,#1860,#1861,#1862,#1863,#1864,#1865,#1866,#1867,
    #1868,#1869,#1870,#1871,#1872,#1873,#1874,#1875,#1876),
  .UNSPECIFIED.,.F.,.F.,(4,1,1,1,1,1,1,1,1,1,1,1,1,1,1,1,1,1,1,1,1,1,1,1
    ,1,1,1,1,1,1,1,1,1,1,1,1,1,1,1,1,1,1,1,1,1,1,1,1,1,1,1,1,1,1,1,1,1,1
    ,1,1,1,1,1,1,1,1,1,1,1,1,1,1,1,1,1,1,1,1,1,1,1,1,1,1,1,1,1,1,4),(0.,
    0.112631947355,0.225263894709,0.337895842064,0.450527789419,
    0.563159736773,0.675791684128,0.788423631483,0.901055578837,
    1.013687526192,1.126319473547,1.238951420901,1.351583368256,
    1.464215315611,1.576847262965,1.68947921032,1.802111157675,
    1.914743105029,2.027375052384,2.140006999739,2.252638947093,
    2.365270894448,2.477902841803,2.590534789157,2.703166736512,
    2.815798683867,2.928430631221,3.041062578576,3.153694525931,
    3.266326473285,3.37895842064,3.491590367994,3.604222315349,
    3.716854262704,3.829486210058,3.942118157413,4.054750104768,
    4.167382052122,4.280013999477,4.392645946832,4.505277894186,
    4.617909841541,4.730541788896,4.84317373625,4.955805683605,
    5.06843763096,5.181069578314,5.293701525669,5.406333473024,
    5.518965420378,5.631597367733,5.744229315088,5.856861262442,
    5.969493209797,6.082125157152,6.194757104506,6.307389051861,
    6.420020999216,6.53265294657,6.645284893925,6.75791684128,
    6.870548788634,6.983180735989,7.095812683344,7.208444630698,
    7.321076578053,7.433708525408,7.546340472762,7.658972420117,
    7.771604367472,7.884236314826,7.996868262181,8.109500209536,
    8.22213215689,8.334764104245,8.4473960516,8.560027998954,
    8.672659946309,8.785291893664,8.897923841018,9.010555788373,
    9.123187735728,9.235819683082,9.348451630437,9.461083577792,
    9.573715525146,9.686347472501,9.798979419856,9.91161136721),
  .QUASI_UNIFORM_KNOTS.);
#1786 = CARTESIAN_POINT('',(5.379461361277,4.725287043385));
#1787 = CARTESIAN_POINT('',(5.37700296635,4.725327297171));
#1788 = CARTESIAN_POINT('',(5.372356660113,4.725410324657));
#1789 = CARTESIAN_POINT('',(5.366213834566,4.725541562477));
#1790 = CARTESIAN_POINT('',(5.360916132091,4.725678636465));
#1791 = CARTESIAN_POINT('',(5.356470469903,4.725820676658));
#1792 = CARTESIAN_POINT('',(5.352877413952,4.725966814498));
#1793 = CARTESIAN_POINT('',(5.350130937171,4.726116186268));
#1794 = CARTESIAN_POINT('',(5.348219531689,4.726267935254));
#1795 = CARTESIAN_POINT('',(5.347126838223,4.726421218893));
#1796 = CARTESIAN_POINT('',(5.34683223241,4.726575190171));
#1797 = CARTESIAN_POINT('',(5.347311392012,4.726729072952));
#1798 = CARTESIAN_POINT('',(5.348537436304,4.726882093913));
#1799 = CARTESIAN_POINT('',(5.350480903123,4.727033493882));
#1800 = CARTESIAN_POINT('',(5.353110531342,4.727182558922));
#1801 = CARTESIAN_POINT('',(5.356393767514,4.727328609415));
#1802 = CARTESIAN_POINT('',(5.360297179473,4.727471000847));
#1803 = CARTESIAN_POINT('',(5.364786645392,4.72760911981));
#1804 = CARTESIAN_POINT('',(5.369827736361,4.727742387869));
#1805 = CARTESIAN_POINT('',(5.375384820326,4.727870239366));
#1806 = CARTESIAN_POINT('',(5.381424418174,4.727992196348));
#1807 = CARTESIAN_POINT('',(5.387915603135,4.728107836903));
#1808 = CARTESIAN_POINT('',(5.394821087165,4.728216650434));
#1809 = CARTESIAN_POINT('',(5.40210607173,4.728318218607));
#1810 = CARTESIAN_POINT('',(5.409736119516,4.728412160038));
#1811 = CARTESIAN_POINT('',(5.417677764888,4.728498137925));
#1812 = CARTESIAN_POINT('',(5.425898308073,4.728575852285));
#1813 = CARTESIAN_POINT('',(5.43436576335,4.728645037587));
#1814 = CARTESIAN_POINT('',(5.443048715897,4.728705460058));
#1815 = CARTESIAN_POINT('',(5.451916160231,4.7287569161));
#1816 = CARTESIAN_POINT('',(5.460937318701,4.728799231407));
#1817 = CARTESIAN_POINT('',(5.470081402139,4.728832260978));
#1818 = CARTESIAN_POINT('',(5.479317479404,4.72885588988));
#1819 = CARTESIAN_POINT('',(5.48861382523,4.728870035699));
#1820 = CARTESIAN_POINT('',(5.497939085119,4.728874649918));
#1821 = CARTESIAN_POINT('',(5.507256500184,4.728869729456));
#1822 = CARTESIAN_POINT('',(5.516544904182,4.728855296492));
#1823 = CARTESIAN_POINT('',(5.525775488575,4.728831384424));
#1824 = CARTESIAN_POINT('',(5.534914453825,4.728798075417));
#1825 = CARTESIAN_POINT('',(5.543930381083,4.728755484061));
#1826 = CARTESIAN_POINT('',(5.552791856008,4.728703757612));
#1827 = CARTESIAN_POINT('',(5.561467755183,4.728643073416));
#1828 = CARTESIAN_POINT('',(5.569926861365,4.728573638477));
#1829 = CARTESIAN_POINT('',(5.578137695436,4.728495689665));
#1830 = CARTESIAN_POINT('',(5.586068328622,4.728409494793));
#1831 = CARTESIAN_POINT('',(5.593686231658,4.72831535464));
#1832 = CARTESIAN_POINT('',(5.600958186921,4.728213605159));
#1833 = CARTESIAN_POINT('',(5.607850136886,4.728104622901));
#1834 = CARTESIAN_POINT('',(5.614327502217,4.727988822677));
#1835 = CARTESIAN_POINT('',(5.620354035768,4.727866688967));
#1836 = CARTESIAN_POINT('',(5.625896509258,4.727738686982));
#1837 = CARTESIAN_POINT('',(5.630922210848,4.727605281353));
#1838 = CARTESIAN_POINT('',(5.635395348533,4.727467041601));
#1839 = CARTESIAN_POINT('',(5.63928155985,4.727324545752));
#1840 = CARTESIAN_POINT('',(5.642546718591,4.727178408256));
#1841 = CARTESIAN_POINT('',(5.645157408289,4.727029274572));
#1842 = CARTESIAN_POINT('',(5.647081098196,4.726877825656));
#1843 = CARTESIAN_POINT('',(5.648286569533,4.726724776931));
#1844 = CARTESIAN_POINT('',(5.648744433841,4.726570889984));
#1845 = CARTESIAN_POINT('',(5.648427906823,4.726416936493));
#1846 = CARTESIAN_POINT('',(5.647312836285,4.726263704502));
#1847 = CARTESIAN_POINT('',(5.645378894074,4.726112033479));
#1848 = CARTESIAN_POINT('',(5.642608942782,4.725962723061));
#1849 = CARTESIAN_POINT('',(5.638991232336,4.725816646599));
#1850 = CARTESIAN_POINT('',(5.634520529264,4.725674699303));
#1851 = CARTESIAN_POINT('',(5.62919786538,4.725537758118));
#1852 = CARTESIAN_POINT('',(5.623031292068,4.725406689675));
#1853 = CARTESIAN_POINT('',(5.616036421802,4.725282343901));
#1854 = CARTESIAN_POINT('',(5.608237040495,4.725165549866));
#1855 = CARTESIAN_POINT('',(5.599665699706,4.725057109514));
#1856 = CARTESIAN_POINT('',(5.590364160975,4.724957789824));
#1857 = CARTESIAN_POINT('',(5.580384056334,4.724868315393));
#1858 = CARTESIAN_POINT('',(5.569786177002,4.724789353007));
#1859 = CARTESIAN_POINT('',(5.5586441092,4.724721520187));
#1860 = CARTESIAN_POINT('',(5.547030668491,4.724665298845));
#1861 = CARTESIAN_POINT('',(5.535024067089,4.724621112189));
#1862 = CARTESIAN_POINT('',(5.52272125946,4.724589345102));
#1863 = CARTESIAN_POINT('',(5.510219454793,4.724570252628));
#1864 = CARTESIAN_POINT('',(5.497619266318,4.72456398727));
#1865 = CARTESIAN_POINT('',(5.485021971214,4.724570594489));
#1866 = CARTESIAN_POINT('',(5.472528304132,4.724590017059));
#1867 = CARTESIAN_POINT('',(5.460236862142,4.724622097646));
#1868 = CARTESIAN_POINT('',(5.448242702093,4.724666582569));
#1869 = CARTESIAN_POINT('',(5.436636031049,4.724723125943));
#1870 = CARTESIAN_POINT('',(5.425501072861,4.724791294333));
#1871 = CARTESIAN_POINT('',(5.414915089434,4.724870571437));
#1872 = CARTESIAN_POINT('',(5.404947701693,4.724960363488));
#1873 = CARTESIAN_POINT('',(5.395660017599,4.725060001456));
#1874 = CARTESIAN_POINT('',(5.387105382219,4.725168753189));
#1875 = CARTESIAN_POINT('',(5.381918395173,4.72524678087));
#1876 = CARTESIAN_POINT('',(5.379461361277,4.725287043385));
#1877 = ( GEOMETRIC_REPRESENTATION_CONTEXT(2) 
PARAMETRIC_REPRESENTATION_CONTEXT() REPRESENTATION_CONTEXT('2D SPACE',''
  ) );
#1878 = PCURVE('',#1879,#1884);
#1879 = CYLINDRICAL_SURFACE('',#1880,1.7);
#1880 = AXIS2_PLACEMENT_3D('',#1881,#1882,#1883);
#1881 = CARTESIAN_POINT('',(-8.,8.,-396.3));
#1882 = DIRECTION('',(0.,0.,1.));
#1883 = DIRECTION('',(1.,0.,-0.));
#1884 = DEFINITIONAL_REPRESENTATION('',(#1885),#1977);
#1885 = B_SPLINE_CURVE_WITH_KNOTS('',3,(#1886,#1887,#1888,#1889,#1890,
    #1891,#1892,#1893,#1894,#1895,#1896,#1897,#1898,#1899,#1900,#1901,
    #1902,#1903,#1904,#1905,#1906,#1907,#1908,#1909,#1910,#1911,#1912,
    #1913,#1914,#1915,#1916,#1917,#1918,#1919,#1920,#1921,#1922,#1923,
    #1924,#1925,#1926,#1927,#1928,#1929,#1930,#1931,#1932,#1933,#1934,
    #1935,#1936,#1937,#1938,#1939,#1940,#1941,#1942,#1943,#1944,#1945,
    #1946,#1947,#1948,#1949,#1950,#1951,#1952,#1953,#1954,#1955,#1956,
    #1957,#1958,#1959,#1960,#1961,#1962,#1963,#1964,#1965,#1966,#1967,
    #1968,#1969,#1970,#1971,#1972,#1973,#1974,#1975,#1976),
  .UNSPECIFIED.,.F.,.F.,(4,1,1,1,1,1,1,1,1,1,1,1,1,1,1,1,1,1,1,1,1,1,1,1
    ,1,1,1,1,1,1,1,1,1,1,1,1,1,1,1,1,1,1,1,1,1,1,1,1,1,1,1,1,1,1,1,1,1,1
    ,1,1,1,1,1,1,1,1,1,1,1,1,1,1,1,1,1,1,1,1,1,1,1,1,1,1,1,1,1,1,4),(0.,
    0.112631947355,0.225263894709,0.337895842064,0.450527789419,
    0.563159736773,0.675791684128,0.788423631483,0.901055578837,
    1.013687526192,1.126319473547,1.238951420901,1.351583368256,
    1.464215315611,1.576847262965,1.68947921032,1.802111157675,
    1.914743105029,2.027375052384,2.140006999739,2.252638947093,
    2.365270894448,2.477902841803,2.590534789157,2.703166736512,
    2.815798683867,2.928430631221,3.041062578576,3.153694525931,
    3.266326473285,3.37895842064,3.491590367994,3.604222315349,
    3.716854262704,3.829486210058,3.942118157413,4.054750104768,
    4.167382052122,4.280013999477,4.392645946832,4.505277894186,
    4.617909841541,4.730541788896,4.84317373625,4.955805683605,
    5.06843763096,5.181069578314,5.293701525669,5.406333473024,
    5.518965420378,5.631597367733,5.744229315088,5.856861262442,
    5.969493209797,6.082125157152,6.194757104506,6.307389051861,
    6.420020999216,6.53265294657,6.645284893925,6.75791684128,
    6.870548788634,6.983180735989,7.095812683344,7.208444630698,
    7.321076578053,7.433708525408,7.546340472762,7.658972420117,
    7.771604367472,7.884236314826,7.996868262181,8.109500209536,
    8.22213215689,8.334764104245,8.4473960516,8.560027998954,
    8.672659946309,8.785291893664,8.897923841018,9.010555788373,
    9.123187735728,9.235819683082,9.348451630437,9.461083577792,
    9.573715525146,9.686347472501,9.798979419856,9.91161136721),
  .QUASI_UNIFORM_KNOTS.);
#1886 = CARTESIAN_POINT('',(-6.750155989721E-14,1.132872286038));
#1887 = CARTESIAN_POINT('',(2.37943442382E-02,1.133077456121));
#1888 = CARTESIAN_POINT('',(7.139292718464E-02,1.133502600712));
#1889 = CARTESIAN_POINT('',(0.142814033996,1.134181224532));
#1890 = CARTESIAN_POINT('',(0.214250429252,1.134897317432));
#1891 = CARTESIAN_POINT('',(0.285699394261,1.135647201864));
#1892 = CARTESIAN_POINT('',(0.3571595522,1.136427057501));
#1893 = CARTESIAN_POINT('',(0.428630320919,1.137232909039));
#1894 = CARTESIAN_POINT('',(0.500109823687,1.138060630916));
#1895 = CARTESIAN_POINT('',(0.571596005304,1.13890597905));
#1896 = CARTESIAN_POINT('',(0.64307598057,1.139764483143));
#1897 = CARTESIAN_POINT('',(0.714559108635,1.140631869421));
#1898 = CARTESIAN_POINT('',(0.786044020396,1.141503692329));
#1899 = CARTESIAN_POINT('',(0.857522699314,1.14237540081));
#1900 = CARTESIAN_POINT('',(0.928993914849,1.143242528582));
#1901 = CARTESIAN_POINT('',(1.000457566578,1.144100649099));
#1902 = CARTESIAN_POINT('',(1.071914703386,1.144945397442));
#1903 = CARTESIAN_POINT('',(1.143365174389,1.145772464726));
#1904 = CARTESIAN_POINT('',(1.214809500284,1.146577640381));
#1905 = CARTESIAN_POINT('',(1.28623580229,1.147356695298));
#1906 = CARTESIAN_POINT('',(1.357661041306,1.148105858579));
#1907 = CARTESIAN_POINT('',(1.429121185627,1.148821656738));
#1908 = CARTESIAN_POINT('',(1.500578346999,1.149500029042));
#1909 = CARTESIAN_POINT('',(1.572025166483,1.15013745888));
#1910 = CARTESIAN_POINT('',(1.643454905058,1.150730657441));
#1911 = CARTESIAN_POINT('',(1.714867042783,1.151276629613));
#1912 = CARTESIAN_POINT('',(1.786263868153,1.151772643454));
#1913 = CARTESIAN_POINT('',(1.857649806709,1.152216230652));
#1914 = CARTESIAN_POINT('',(1.929030213461,1.152605183233));
#1915 = CARTESIAN_POINT('',(2.000410384141,1.152937555641));
#1916 = CARTESIAN_POINT('',(2.071794588794,1.153211669723));
#1917 = CARTESIAN_POINT('',(2.143184782102,1.153426124032));
#1918 = CARTESIAN_POINT('',(2.214580188857,1.153579806523));
#1919 = CARTESIAN_POINT('',(2.285972853731,1.153671916717));
#1920 = CARTESIAN_POINT('',(2.357356985855,1.153701979226));
#1921 = CARTESIAN_POINT('',(2.428684869353,1.15366992178));
#1922 = CARTESIAN_POINT('',(2.50002759509,1.153575944472));
#1923 = CARTESIAN_POINT('',(2.571398763718,1.153420427207));
#1924 = CARTESIAN_POINT('',(2.642774615507,1.153204171956));
#1925 = CARTESIAN_POINT('',(2.714150726804,1.152928291462));
#1926 = CARTESIAN_POINT('',(2.785524256429,1.152594204487));
#1927 = CARTESIAN_POINT('',(2.856896677346,1.152203611168));
#1928 = CARTESIAN_POINT('',(2.92827137268,1.151758480841));
#1929 = CARTESIAN_POINT('',(2.999652811586,1.151261042566));
#1930 = CARTESIAN_POINT('',(3.071045428005,1.1507137798));
#1931 = CARTESIAN_POINT('',(3.142452503039,1.150119429484));
#1932 = CARTESIAN_POINT('',(3.213875307736,1.149480980756));
#1933 = CARTESIAN_POINT('',(3.285310756716,1.148801691551));
#1934 = CARTESIAN_POINT('',(3.356753810039,1.148085055615));
#1935 = CARTESIAN_POINT('',(3.428180767916,1.147334973877));
#1936 = CARTESIAN_POINT('',(3.499601785055,1.146555185767));
#1937 = CARTESIAN_POINT('',(3.571042438262,1.145749377883));
#1938 = CARTESIAN_POINT('',(3.64248900488,1.144921800613));
#1939 = CARTESIAN_POINT('',(3.713942720523,1.14407665899));
#1940 = CARTESIAN_POINT('',(3.785403281722,1.143218264804));
#1941 = CARTESIAN_POINT('',(3.856871672668,1.142350984727));
#1942 = CARTESIAN_POINT('',(3.928347538137,1.14147924881));
#1943 = CARTESIAN_POINT('',(3.999829323169,1.140607527148));
#1944 = CARTESIAN_POINT('',(4.071308236705,1.139740379203));
#1945 = CARTESIAN_POINT('',(4.142783968298,1.138882235847));
#1946 = CARTESIAN_POINT('',(4.214260596148,1.138037431164));
#1947 = CARTESIAN_POINT('',(4.285728702607,1.13721038574));
#1948 = CARTESIAN_POINT('',(4.357206930015,1.136405108102));
#1949 = CARTESIAN_POINT('',(4.428686723366,1.135625814833));
#1950 = CARTESIAN_POINT('',(4.500152796955,1.134876644548));
#1951 = CARTESIAN_POINT('',(4.571599580794,1.134161457256));
#1952 = CARTESIAN_POINT('',(4.643024523409,1.133483896375));
#1953 = CARTESIAN_POINT('',(4.714427951641,1.132847377388));
#1954 = CARTESIAN_POINT('',(4.785811469193,1.132255092538));
#1955 = CARTESIAN_POINT('',(4.857176757307,1.131710007905));
#1956 = CARTESIAN_POINT('',(4.928524807728,1.131214855989));
#1957 = CARTESIAN_POINT('',(4.999853065094,1.130772132864));
#1958 = CARTESIAN_POINT('',(5.071160016475,1.130384058418));
#1959 = CARTESIAN_POINT('',(5.142421110107,1.130052654473));
#1960 = CARTESIAN_POINT('',(5.213670498273,1.129779360958));
#1961 = CARTESIAN_POINT('',(5.284948026413,1.129565447363));
#1962 = CARTESIAN_POINT('',(5.356219962557,1.129412136709));
#1963 = CARTESIAN_POINT('',(5.427483366134,1.129320187177));
#1964 = CARTESIAN_POINT('',(5.498735226811,1.129290044643));
#1965 = CARTESIAN_POINT('',(5.569978434201,1.129321832328));
#1966 = CARTESIAN_POINT('',(5.641218357727,1.129415375526));
#1967 = CARTESIAN_POINT('',(5.712462249663,1.129570209743));
#1968 = CARTESIAN_POINT('',(5.783718071149,1.12978558719));
#1969 = CARTESIAN_POINT('',(5.85499355374,1.130060478226));
#1970 = CARTESIAN_POINT('',(5.926295213187,1.130393569433));
#1971 = CARTESIAN_POINT('',(5.997627276074,1.130783256443));
#1972 = CARTESIAN_POINT('',(6.068990596581,1.131227637054));
#1973 = CARTESIAN_POINT('',(6.140380849574,1.131724482572));
#1974 = CARTESIAN_POINT('',(6.211788184855,1.132271266581));
#1975 = CARTESIAN_POINT('',(6.259389077112,1.132667056341));
#1976 = CARTESIAN_POINT('',(6.28318530718,1.132872286038));
#1977 = ( GEOMETRIC_REPRESENTATION_CONTEXT(2) 
PARAMETRIC_REPRESENTATION_CONTEXT() REPRESENTATION_CONTEXT('2D SPACE',''
  ) );
#1978 = FACE_BOUND('',#1979,.T.);
#1979 = EDGE_LOOP('',(#1980,#2133));
#1980 = ORIENTED_EDGE('',*,*,#1981,.T.);
#1981 = EDGE_CURVE('',#1982,#1984,#1986,.T.);
#1982 = VERTEX_POINT('',#1983);
#1983 = CARTESIAN_POINT('',(28.,-7.347880794884E-16,-394.9513848104));
#1984 = VERTEX_POINT('',#1985);
#1985 = CARTESIAN_POINT('',(23.240836436791,-2.430091265339,
    -395.0268605549));
#1986 = SURFACE_CURVE('',#1987,(#2032,#2080),.PCURVE_S1.);
#1987 = B_SPLINE_CURVE_WITH_KNOTS('',8,(#1988,#1989,#1990,#1991,#1992,
    #1993,#1994,#1995,#1996,#1997,#1998,#1999,#2000,#2001,#2002,#2003,
    #2004,#2005,#2006,#2007,#2008,#2009,#2010,#2011,#2012,#2013,#2014,
    #2015,#2016,#2017,#2018,#2019,#2020,#2021,#2022,#2023,#2024,#2025,
    #2026,#2027,#2028,#2029,#2030,#2031),.UNSPECIFIED.,.F.,.F.,(9,7,7,7,
    7,7,9),(0.,0.249499505418,0.414363355432,0.46854407181,
    0.578875060673,0.785904157836,1.),.UNSPECIFIED.);
#1988 = CARTESIAN_POINT('',(28.,-4.440892098501E-16,-394.9513848104));
#1989 = CARTESIAN_POINT('',(28.,0.382110577077,-394.9513848104));
#1990 = CARTESIAN_POINT('',(27.944377174695,0.764929566691,
    -394.9522670191));
#1991 = CARTESIAN_POINT('',(27.83277581493,1.137894387687,
    -394.9540370781));
#1992 = CARTESIAN_POINT('',(27.667643011078,1.491641141116,
    -394.9566561643));
#1993 = CARTESIAN_POINT('',(27.452739918622,1.817525941577,
    -394.9600646013));
#1994 = CARTESIAN_POINT('',(27.19347395545,2.107856127468,
    -394.9641765969));
#1995 = CARTESIAN_POINT('',(26.896513346462,2.355700932821,
    -394.9688863627));
#1996 = CARTESIAN_POINT('',(26.355716646645,2.688088398915,
    -394.9774632041));
#1997 = CARTESIAN_POINT('',(26.127747945845,2.799680849083,
    -394.9810786721));
#1998 = CARTESIAN_POINT('',(25.889392139261,2.889101070086,
    -394.9848588352));
#1999 = CARTESIAN_POINT('',(25.643185327416,2.955258473558,
    -394.9887634662));
#2000 = CARTESIAN_POINT('',(25.391746913979,2.997411363745,
    -394.9927510191));
#2001 = CARTESIAN_POINT('',(25.137767431962,3.01514101555,
    -394.9967788225));
#2002 = CARTESIAN_POINT('',(24.884008268771,3.008380788479,
    -395.0008030843));
#2003 = CARTESIAN_POINT('',(24.55090470858,2.967356573177,
    -395.0060855762));
#2004 = CARTESIAN_POINT('',(24.468831832631,2.954603447477,
    -395.0073871163));
#2005 = CARTESIAN_POINT('',(24.387176085597,2.939256463705,
    -395.0086820366));
#2006 = CARTESIAN_POINT('',(24.306033244799,2.921331740097,
    -395.0099688182));
#2007 = CARTESIAN_POINT('',(24.22549809084,2.900849593182,
    -395.0112459582));
#2008 = CARTESIAN_POINT('',(24.145664407604,2.877834537787,
    -395.0125119695));
#2009 = CARTESIAN_POINT('',(24.066624982257,2.85231528703,
    -395.0137653809));
#2010 = CARTESIAN_POINT('',(23.829323850375,2.767326182003,
    -395.0175285014));
#2011 = CARTESIAN_POINT('',(23.673838501439,2.700075719579,
    -395.0199941691));
#2012 = CARTESIAN_POINT('',(23.522802745616,2.622853305238,
    -395.0223892582));
#2013 = CARTESIAN_POINT('',(23.376961819897,2.536008518906,
    -395.0247019528));
#2014 = CARTESIAN_POINT('',(23.237022292059,2.439953166099,
    -395.0269210503));
#2015 = CARTESIAN_POINT('',(23.103652493242,2.335158344519,
    -395.0290359549));
#2016 = CARTESIAN_POINT('',(22.977480102128,2.222155991408,
    -395.0310367157));
#2017 = CARTESIAN_POINT('',(22.63692951594,1.875225876467,
    -395.0364369209));
#2018 = CARTESIAN_POINT('',(22.441983725704,1.62193405857,
    -395.0395281945));
#2019 = CARTESIAN_POINT('',(22.278339509951,1.345724293998,
    -395.0421230899));
#2020 = CARTESIAN_POINT('',(22.148986491263,1.051174728823,
    -395.0441742161));
#2021 = CARTESIAN_POINT('',(22.05617812574,0.743162099767,
    -395.0456458536));
#2022 = CARTESIAN_POINT('',(22.001360344652,0.426864494551,
    -395.0465150832));
#2023 = CARTESIAN_POINT('',(21.985224784145,0.107721329926,
    -395.0467709409));
#2024 = CARTESIAN_POINT('',(22.030033733534,-0.535490490711,
    -395.0460604172));
#2025 = CARTESIAN_POINT('',(22.093671860723,-0.859983125985,
    -395.0450513239));
#2026 = CARTESIAN_POINT('',(22.197864332367,-1.175518799839,
    -395.0433991683));
#2027 = CARTESIAN_POINT('',(22.340969226774,-1.476251944021,
    -395.0411299777));
#2028 = CARTESIAN_POINT('',(22.52054899741,-1.756755341989,
    -395.0382823898));
#2029 = CARTESIAN_POINT('',(22.733299973454,-2.012085447937,
    -395.0349087734));
#2030 = CARTESIAN_POINT('',(22.975147293135,-2.237756653333,
    -395.0310737259));
#2031 = CARTESIAN_POINT('',(23.240836436791,-2.430091265339,
    -395.0268605549));
#2032 = PCURVE('',#33,#2033);
#2033 = DEFINITIONAL_REPRESENTATION('',(#2034),#2079);
#2034 = B_SPLINE_CURVE_WITH_KNOTS('',8,(#2035,#2036,#2037,#2038,#2039,
    #2040,#2041,#2042,#2043,#2044,#2045,#2046,#2047,#2048,#2049,#2050,
    #2051,#2052,#2053,#2054,#2055,#2056,#2057,#2058,#2059,#2060,#2061,
    #2062,#2063,#2064,#2065,#2066,#2067,#2068,#2069,#2070,#2071,#2072,
    #2073,#2074,#2075,#2076,#2077,#2078),.UNSPECIFIED.,.F.,.F.,(9,7,7,7,
    7,7,9),(0.,0.249499505418,0.414363355432,0.46854407181,
    0.578875060673,0.785904157836,1.),.UNSPECIFIED.);
#2035 = CARTESIAN_POINT('',(3.14159265359,4.747861589186));
#2036 = CARTESIAN_POINT('',(3.155239459914,4.747861589186));
#2037 = CARTESIAN_POINT('',(3.168911564862,4.747798645488));
#2038 = CARTESIAN_POINT('',(3.182332444309,4.747672355569));
#2039 = CARTESIAN_POINT('',(3.195269834739,4.747484863538));
#2040 = CARTESIAN_POINT('',(3.207493767482,4.747239161585));
#2041 = CARTESIAN_POINT('',(3.218773951726,4.746939727292));
#2042 = CARTESIAN_POINT('',(3.228855902333,4.746592295542));
#2043 = CARTESIAN_POINT('',(3.243190477769,4.745950405689));
#2044 = CARTESIAN_POINT('',(3.24826789544,4.745677621052));
#2045 = CARTESIAN_POINT('',(3.252647303135,4.745389781755));
#2046 = CARTESIAN_POINT('',(3.256262126332,4.745089436586));
#2047 = CARTESIAN_POINT('',(3.25904902148,4.744779344156));
#2048 = CARTESIAN_POINT('',(3.26094785261,4.744462508954));
#2049 = CARTESIAN_POINT('',(3.261905144991,4.744142227309));
#2050 = CARTESIAN_POINT('',(3.261874698945,4.743716917217));
#2051 = CARTESIAN_POINT('',(3.261761320076,4.743611723872));
#2052 = CARTESIAN_POINT('',(3.261540648879,4.743506661339));
#2053 = CARTESIAN_POINT('',(3.261211419759,4.743401854658));
#2054 = CARTESIAN_POINT('',(3.260772545825,4.743297430284));
#2055 = CARTESIAN_POINT('',(3.260223118888,4.74319351609));
#2056 = CARTESIAN_POINT('',(3.259562409461,4.743090241367));
#2057 = CARTESIAN_POINT('',(3.257216698183,4.742779001524));
#2058 = CARTESIAN_POINT('',(3.255179750908,4.742573444442));
#2059 = CARTESIAN_POINT('',(3.252674734017,4.742372184672));
#2060 = CARTESIAN_POINT('',(3.249701093153,4.742176333024));
#2061 = CARTESIAN_POINT('',(3.246262475411,4.741986993007));
#2062 = CARTESIAN_POINT('',(3.242367326464,4.74180525509));
#2063 = CARTESIAN_POINT('',(3.238029619931,4.741632184254));
#2064 = CARTESIAN_POINT('',(3.224338067012,4.741162222177));
#2065 = CARTESIAN_POINT('',(3.213912654319,4.74088950589));
#2066 = CARTESIAN_POINT('',(3.202130582659,4.740657723014));
#2067 = CARTESIAN_POINT('',(3.189197275256,4.740472679029));
#2068 = CARTESIAN_POINT('',(3.175383327109,4.740339066303));
#2069 = CARTESIAN_POINT('',(3.161021660213,4.740259997462));
#2070 = CARTESIAN_POINT('',(3.14647697595,4.740236813774));
#2071 = CARTESIAN_POINT('',(3.117271621437,4.740301309696));
#2072 = CARTESIAN_POINT('',(3.102595442759,4.740392863525));
#2073 = CARTESIAN_POINT('',(3.088502906317,4.740542468622));
#2074 = CARTESIAN_POINT('',(3.075369280279,4.740746800407));
#2075 = CARTESIAN_POINT('',(3.063505786472,4.741000765982));
#2076 = CARTESIAN_POINT('',(3.053137287132,4.741297868825));
#2077 = CARTESIAN_POINT('',(3.044413767308,4.741630742674));
#2078 = CARTESIAN_POINT('',(3.037409966063,4.741990935608));
#2079 = ( GEOMETRIC_REPRESENTATION_CONTEXT(2) 
PARAMETRIC_REPRESENTATION_CONTEXT() REPRESENTATION_CONTEXT('2D SPACE',''
  ) );
#2080 = PCURVE('',#2081,#2086);
#2081 = CYLINDRICAL_SURFACE('',#2082,3.);
#2082 = AXIS2_PLACEMENT_3D('',#2083,#2084,#2085);
#2083 = CARTESIAN_POINT('',(25.,0.,-400.2));
#2084 = DIRECTION('',(0.,0.,1.));
#2085 = DIRECTION('',(1.,0.,-0.));
#2086 = DEFINITIONAL_REPRESENTATION('',(#2087),#2132);
#2087 = B_SPLINE_CURVE_WITH_KNOTS('',8,(#2088,#2089,#2090,#2091,#2092,
    #2093,#2094,#2095,#2096,#2097,#2098,#2099,#2100,#2101,#2102,#2103,
    #2104,#2105,#2106,#2107,#2108,#2109,#2110,#2111,#2112,#2113,#2114,
    #2115,#2116,#2117,#2118,#2119,#2120,#2121,#2122,#2123,#2124,#2125,
    #2126,#2127,#2128,#2129,#2130,#2131),.UNSPECIFIED.,.F.,.F.,(9,7,7,7,
    7,7,9),(0.,0.249499505418,0.414363355432,0.46854407181,
    0.578875060673,0.785904157836,1.),.UNSPECIFIED.);
#2088 = CARTESIAN_POINT('',(0.,5.248615189552));
#2089 = CARTESIAN_POINT('',(0.127370192359,5.248615189552));
#2090 = CARTESIAN_POINT('',(0.25497584856,5.247732980897));
#2091 = CARTESIAN_POINT('',(0.382450233726,5.24596292184));
#2092 = CARTESIAN_POINT('',(0.509848450823,5.243343835639));
#2093 = CARTESIAN_POINT('',(0.637239158958,5.239935398623));
#2094 = CARTESIAN_POINT('',(0.764695955478,5.235823403019));
#2095 = CARTESIAN_POINT('',(0.892286468395,5.231113637259));
#2096 = CARTESIAN_POINT('',(1.103878974602,5.222536795859));
#2097 = CARTESIAN_POINT('',(1.188095715159,5.218921327848));
#2098 = CARTESIAN_POINT('',(1.272301369109,5.21514116478));
#2099 = CARTESIAN_POINT('',(1.35649731373,5.21123653378));
#2100 = CARTESIAN_POINT('',(1.440695474474,5.207248980881));
#2101 = CARTESIAN_POINT('',(1.524907730323,5.203221177456));
#2102 = CARTESIAN_POINT('',(1.609135287109,5.199196915622));
#2103 = CARTESIAN_POINT('',(1.721008711643,5.193914423779));
#2104 = CARTESIAN_POINT('',(1.748680732868,5.192612883646));
#2105 = CARTESIAN_POINT('',(1.776352808368,5.191317963385));
#2106 = CARTESIAN_POINT('',(1.804024884138,5.190031181771));
#2107 = CARTESIAN_POINT('',(1.831696905653,5.188754041744));
#2108 = CARTESIAN_POINT('',(1.859368817871,5.18748803041));
#2109 = CARTESIAN_POINT('',(1.88704056523,5.186234619036));
#2110 = CARTESIAN_POINT('',(1.971061048953,5.182471498515));
#2111 = CARTESIAN_POINT('',(2.027412880041,5.180005830823));
#2112 = CARTESIAN_POINT('',(2.08376193282,5.177610741706));
#2113 = CARTESIAN_POINT('',(2.140107461095,5.175298047182));
#2114 = CARTESIAN_POINT('',(2.196451170602,5.173078949685));
#2115 = CARTESIAN_POINT('',(2.252794768943,5.170964045027));
#2116 = CARTESIAN_POINT('',(2.309137519439,5.168963284203));
#2117 = CARTESIAN_POINT('',(2.47118525123,5.163563079034));
#2118 = CARTESIAN_POINT('',(2.576958824872,5.160471805432));
#2119 = CARTESIAN_POINT('',(2.682675895639,5.157876910093));
#2120 = CARTESIAN_POINT('',(2.788354733516,5.155825783847));
#2121 = CARTESIAN_POINT('',(2.894030261418,5.154354146369));
#2122 = CARTESIAN_POINT('',(2.999736223275,5.153484916756));
#2123 = CARTESIAN_POINT('',(3.105486148607,5.15322905909));
#2124 = CARTESIAN_POINT('',(3.320409723694,5.153939582743));
#2125 = CARTESIAN_POINT('',(3.429786423219,5.154948676062));
#2126 = CARTESIAN_POINT('',(3.539113258607,5.156600831636));
#2127 = CARTESIAN_POINT('',(3.648407518342,5.158870022243));
#2128 = CARTESIAN_POINT('',(3.757707466585,5.161717610131));
#2129 = CARTESIAN_POINT('',(3.867052285069,5.165091226533));
#2130 = CARTESIAN_POINT('',(3.976463656994,5.168926274023));
#2131 = CARTESIAN_POINT('',(4.085796646847,5.173139445083));
#2132 = ( GEOMETRIC_REPRESENTATION_CONTEXT(2) 
PARAMETRIC_REPRESENTATION_CONTEXT() REPRESENTATION_CONTEXT('2D SPACE',''
  ) );
#2133 = ORIENTED_EDGE('',*,*,#2134,.T.);
#2134 = EDGE_CURVE('',#1984,#1982,#2135,.T.);
#2135 = SURFACE_CURVE('',#2136,(#2174,#2215),.PCURVE_S1.);
#2136 = B_SPLINE_CURVE_WITH_KNOTS('',8,(#2137,#2138,#2139,#2140,#2141,
    #2142,#2143,#2144,#2145,#2146,#2147,#2148,#2149,#2150,#2151,#2152,
    #2153,#2154,#2155,#2156,#2157,#2158,#2159,#2160,#2161,#2162,#2163,
    #2164,#2165,#2166,#2167,#2168,#2169,#2170,#2171,#2172,#2173),
  .UNSPECIFIED.,.F.,.F.,(9,7,7,7,7,9),(0.,0.134641605714,0.312180469206,
    0.416800182041,0.600165846012,1.),.UNSPECIFIED.);
#2137 = CARTESIAN_POINT('',(23.240836436791,-2.430091265339,
    -395.0268605549));
#2138 = CARTESIAN_POINT('',(23.330697862851,-2.495142709586,
    -395.0254355755));
#2139 = CARTESIAN_POINT('',(23.423311774688,-2.556398786529,
    -395.0239669426));
#2140 = CARTESIAN_POINT('',(23.518489322609,-2.613722423185,
    -395.0224576503));
#2141 = CARTESIAN_POINT('',(23.616035021504,-2.666988605866,
    -395.0209107979));
#2142 = CARTESIAN_POINT('',(23.715746882733,-2.716084454326,
    -395.0193295879));
#2143 = CARTESIAN_POINT('',(23.817416546028,-2.760909295902,
    -395.0177173239));
#2144 = CARTESIAN_POINT('',(23.920829411376,-2.801374739662,
    -395.0160774086));
#2145 = CARTESIAN_POINT('',(24.164132880643,-2.884914041227,
    -395.0122190973));
#2146 = CARTESIAN_POINT('',(24.305155928159,-2.92471420817,
    -395.009982737));
#2147 = CARTESIAN_POINT('',(24.448324223698,-2.956628730812,
    -395.0077123425));
#2148 = CARTESIAN_POINT('',(24.593121214002,-2.980525376255,
    -395.0054161045));
#2149 = CARTESIAN_POINT('',(24.739024493887,-2.99631279195,
    -395.0031023071));
#2150 = CARTESIAN_POINT('',(24.885506511105,-3.003939332565,
    -395.0007793161));
#2151 = CARTESIAN_POINT('',(25.032034964536,-3.003394121051,
    -394.9984555729));
#2152 = CARTESIAN_POINT('',(25.264129808056,-2.9895931867,
    -394.9947748379));
#2153 = CARTESIAN_POINT('',(25.350018505233,-2.981649773096,
    -394.9934127448));
#2154 = CARTESIAN_POINT('',(25.435630020675,-2.970886687524,
    -394.9920550421));
#2155 = CARTESIAN_POINT('',(25.520856270853,-2.957315436135,
    -394.990703444));
#2156 = CARTESIAN_POINT('',(25.60559005524,-2.940952446786,
    -394.9893596506));
#2157 = CARTESIAN_POINT('',(25.689725056313,-2.921819069044,
    -394.9880253481));
#2158 = CARTESIAN_POINT('',(25.773155839553,-2.899941574179,
    -394.9867022088));
#2159 = CARTESIAN_POINT('',(26.000588425232,-2.832251834919,
    -394.9830953132));
#2160 = CARTESIAN_POINT('',(26.142921669489,-2.780816585255,
    -394.9808380087));
#2161 = CARTESIAN_POINT('',(26.282208810625,-2.721213993603,
    -394.9786289985));
#2162 = CARTESIAN_POINT('',(26.417903913234,-2.653657908347,
    -394.9764769419));
#2163 = CARTESIAN_POINT('',(26.549482530616,-2.578403536677,
    -394.9743901579));
#2164 = CARTESIAN_POINT('',(26.676441622649,-2.495745931682,
    -394.9723766258));
#2165 = CARTESIAN_POINT('',(26.798300742983,-2.406020868683,
    -394.9704439671));
#2166 = CARTESIAN_POINT('',(27.168208204795,-2.099377293082,
    -394.9645772867));
#2167 = CARTESIAN_POINT('',(27.39562144755,-1.857162957367,
    -394.9609704978));
#2168 = CARTESIAN_POINT('',(27.591785654973,-1.587017745479,
    -394.9578592843));
#2169 = CARTESIAN_POINT('',(27.752876193229,-1.293736642446,
    -394.955304324));
#2170 = CARTESIAN_POINT('',(27.875874836997,-0.982534462042,
    -394.9533535039));
#2171 = CARTESIAN_POINT('',(27.958673638341,-0.659065725706,
    -394.9520402693));
#2172 = CARTESIAN_POINT('',(28.,-0.329365026651,-394.9513848104));
#2173 = CARTESIAN_POINT('',(28.,-4.440892098501E-16,-394.9513848104));
#2174 = PCURVE('',#33,#2175);
#2175 = DEFINITIONAL_REPRESENTATION('',(#2176),#2214);
#2176 = B_SPLINE_CURVE_WITH_KNOTS('',8,(#2177,#2178,#2179,#2180,#2181,
    #2182,#2183,#2184,#2185,#2186,#2187,#2188,#2189,#2190,#2191,#2192,
    #2193,#2194,#2195,#2196,#2197,#2198,#2199,#2200,#2201,#2202,#2203,
    #2204,#2205,#2206,#2207,#2208,#2209,#2210,#2211,#2212,#2213),
  .UNSPECIFIED.,.F.,.F.,(9,7,7,7,7,9),(0.,0.134641605714,0.312180469206,
    0.416800182041,0.600165846012,1.),.UNSPECIFIED.);
#2177 = CARTESIAN_POINT('',(3.037409966063,4.741990935608));
#2178 = CARTESIAN_POINT('',(3.035041139249,4.742112760121));
#2179 = CARTESIAN_POINT('',(3.032868377838,4.742237743902));
#2180 = CARTESIAN_POINT('',(3.030894440689,4.742365578821));
#2181 = CARTESIAN_POINT('',(3.029121089802,4.742495954279));
#2182 = CARTESIAN_POINT('',(3.027549176726,4.742628558061));
#2183 = CARTESIAN_POINT('',(3.026178728961,4.742763077189));
#2184 = CARTESIAN_POINT('',(3.025009036366,4.742899198775));
#2185 = CARTESIAN_POINT('',(3.02275929837,4.743217802919));
#2186 = CARTESIAN_POINT('',(3.021826469707,4.743401248872));
#2187 = CARTESIAN_POINT('',(3.021237204407,4.743586228048));
#2188 = CARTESIAN_POINT('',(3.02098625096,4.743772037224));
#2189 = CARTESIAN_POINT('',(3.021066658621,4.743957992142));
#2190 = CARTESIAN_POINT('',(3.021470138328,4.74414342783));
#2191 = CARTESIAN_POINT('',(3.02218727942,4.744327697733));
#2192 = CARTESIAN_POINT('',(3.023808887523,4.744617699508));
#2193 = CARTESIAN_POINT('',(3.02451546576,4.744724606145));
#2194 = CARTESIAN_POINT('',(3.025325206761,4.744830764148));
#2195 = CARTESIAN_POINT('',(3.026235879287,4.74493604945));
#2196 = CARTESIAN_POINT('',(3.027245170987,4.745040341349));
#2197 = CARTESIAN_POINT('',(3.028350688401,4.745143522506));
#2198 = CARTESIAN_POINT('',(3.029549956959,4.745245478944));
#2199 = CARTESIAN_POINT('',(3.033102201145,4.745522457408));
#2200 = CARTESIAN_POINT('',(3.035644265461,4.745694720792));
#2201 = CARTESIAN_POINT('',(3.038452898063,4.745862285065));
#2202 = CARTESIAN_POINT('',(3.041513903439,4.746024590724));
#2203 = CARTESIAN_POINT('',(3.044812831771,4.746181117761));
#2204 = CARTESIAN_POINT('',(3.048335073569,4.746331381309));
#2205 = CARTESIAN_POINT('',(3.052065823572,4.746474929078));
#2206 = CARTESIAN_POINT('',(3.064546506875,4.74690878978));
#2207 = CARTESIAN_POINT('',(3.074029928356,4.747172570395));
#2208 = CARTESIAN_POINT('',(3.084277103013,4.747397918327));
#2209 = CARTESIAN_POINT('',(3.095129297335,4.747581594971));
#2210 = CARTESIAN_POINT('',(3.106437646203,4.747721127108));
#2211 = CARTESIAN_POINT('',(3.118054592911,4.747814823595));
#2212 = CARTESIAN_POINT('',(3.129829616924,4.747861589186));
#2213 = CARTESIAN_POINT('',(3.14159265359,4.747861589186));
#2214 = ( GEOMETRIC_REPRESENTATION_CONTEXT(2) 
PARAMETRIC_REPRESENTATION_CONTEXT() REPRESENTATION_CONTEXT('2D SPACE',''
  ) );
#2215 = PCURVE('',#2081,#2216);
#2216 = DEFINITIONAL_REPRESENTATION('',(#2217),#2255);
#2217 = B_SPLINE_CURVE_WITH_KNOTS('',8,(#2218,#2219,#2220,#2221,#2222,
    #2223,#2224,#2225,#2226,#2227,#2228,#2229,#2230,#2231,#2232,#2233,
    #2234,#2235,#2236,#2237,#2238,#2239,#2240,#2241,#2242,#2243,#2244,
    #2245,#2246,#2247,#2248,#2249,#2250,#2251,#2252,#2253,#2254),
  .UNSPECIFIED.,.F.,.F.,(9,7,7,7,7,9),(0.,0.134641605714,0.312180469206,
    0.416800182041,0.600165846012,1.),.UNSPECIFIED.);
#2218 = CARTESIAN_POINT('',(4.085796646847,5.173139445083));
#2219 = CARTESIAN_POINT('',(4.122775268737,5.174564424495));
#2220 = CARTESIAN_POINT('',(4.159755239702,5.176033057382));
#2221 = CARTESIAN_POINT('',(4.196735823083,5.177542349685));
#2222 = CARTESIAN_POINT('',(4.233716869424,5.179089202083));
#2223 = CARTESIAN_POINT('',(4.270698522708,5.180670412069));
#2224 = CARTESIAN_POINT('',(4.307680926596,5.182282676032));
#2225 = CARTESIAN_POINT('',(4.344663930657,5.183922591334));
#2226 = CARTESIAN_POINT('',(4.430412525115,5.187780902676));
#2227 = CARTESIAN_POINT('',(4.479180751607,5.19001726295));
#2228 = CARTESIAN_POINT('',(4.527948471995,5.192287657475));
#2229 = CARTESIAN_POINT('',(4.576715182185,5.194583895415));
#2230 = CARTESIAN_POINT('',(4.625481659897,5.196897692837));
#2231 = CARTESIAN_POINT('',(4.674248760867,5.199220683877));
#2232 = CARTESIAN_POINT('',(4.72301622947,5.201544427039));
#2233 = CARTESIAN_POINT('',(4.800517829581,5.205225162042));
#2234 = CARTESIAN_POINT('',(4.829253987051,5.206587255143));
#2235 = CARTESIAN_POINT('',(4.857989958755,5.207944957838));
#2236 = CARTESIAN_POINT('',(4.886725710166,5.209296555982));
#2237 = CARTESIAN_POINT('',(4.915461209613,5.210640349397));
#2238 = CARTESIAN_POINT('',(4.944196428285,5.211974651873));
#2239 = CARTESIAN_POINT('',(4.972931340229,5.213297791168));
#2240 = CARTESIAN_POINT('',(5.052028665532,5.216904686713));
#2241 = CARTESIAN_POINT('',(5.102392557492,5.219161991285));
#2242 = CARTESIAN_POINT('',(5.152754597239,5.22137100149));
#2243 = CARTESIAN_POINT('',(5.203114565163,5.22352305801));
#2244 = CARTESIAN_POINT('',(5.253473632608,5.225609842053));
#2245 = CARTESIAN_POINT('',(5.303832973375,5.227623374102));
#2246 = CARTESIAN_POINT('',(5.354192377163,5.229556032807));
#2247 = CARTESIAN_POINT('',(5.514352648545,5.235422713247));
#2248 = CARTESIAN_POINT('',(5.62423918492,5.239029502178));
#2249 = CARTESIAN_POINT('',(5.734066748924,5.242140715683));
#2250 = CARTESIAN_POINT('',(5.843858990943,5.244695675916));
#2251 = CARTESIAN_POINT('',(5.953656358023,5.246646496078));
#2252 = CARTESIAN_POINT('',(6.063496933515,5.247959730687));
#2253 = CARTESIAN_POINT('',(6.173396964963,5.248615189552));
#2254 = CARTESIAN_POINT('',(6.28318530718,5.248615189552));
#2255 = ( GEOMETRIC_REPRESENTATION_CONTEXT(2) 
PARAMETRIC_REPRESENTATION_CONTEXT() REPRESENTATION_CONTEXT('2D SPACE',''
  ) );
#2256 = ADVANCED_FACE('',(#2257),#2081,.F.);
#2257 = FACE_BOUND('',#2258,.F.);
#2258 = EDGE_LOOP('',(#2259,#2768,#2789,#2790,#2791));
#2259 = ORIENTED_EDGE('',*,*,#2260,.F.);
#2260 = EDGE_CURVE('',#2261,#2261,#2263,.T.);
#2261 = VERTEX_POINT('',#2262);
#2262 = CARTESIAN_POINT('',(28.,-7.347880794884E-16,-394.091384322));
#2263 = SURFACE_CURVE('',#2264,(#2393,#2576),.PCURVE_S1.);
#2264 = B_SPLINE_CURVE_WITH_KNOTS('',8,(#2265,#2266,#2267,#2268,#2269,
    #2270,#2271,#2272,#2273,#2274,#2275,#2276,#2277,#2278,#2279,#2280,
    #2281,#2282,#2283,#2284,#2285,#2286,#2287,#2288,#2289,#2290,#2291,
    #2292,#2293,#2294,#2295,#2296,#2297,#2298,#2299,#2300,#2301,#2302,
    #2303,#2304,#2305,#2306,#2307,#2308,#2309,#2310,#2311,#2312,#2313,
    #2314,#2315,#2316,#2317,#2318,#2319,#2320,#2321,#2322,#2323,#2324,
    #2325,#2326,#2327,#2328,#2329,#2330,#2331,#2332,#2333,#2334,#2335,
    #2336,#2337,#2338,#2339,#2340,#2341,#2342,#2343,#2344,#2345,#2346,
    #2347,#2348,#2349,#2350,#2351,#2352,#2353,#2354,#2355,#2356,#2357,
    #2358,#2359,#2360,#2361,#2362,#2363,#2364,#2365,#2366,#2367,#2368,
    #2369,#2370,#2371,#2372,#2373,#2374,#2375,#2376,#2377,#2378,#2379,
    #2380,#2381,#2382,#2383,#2384,#2385,#2386,#2387,#2388,#2389,#2390,
    #2391,#2392),.UNSPECIFIED.,.T.,.F.,(9,7,7,7,7,7,7,7,7,7,7,7,7,7,7,7,
    7,7,9),(0.,0.165865949143,0.282626527073,0.344592756076,
    0.435772761988,0.615432132947,0.696230506284,0.854295342004,1.,
    1.240025711354,1.379568372086,1.48868183682,1.595043383042,
    1.700614977075,1.754119737162,1.844083528526,1.942702523175,
    2.007116801673,2.290836959939),.UNSPECIFIED.);
#2265 = CARTESIAN_POINT('',(28.,-3.673940397442E-16,-394.091384322));
#2266 = CARTESIAN_POINT('',(28.,0.170573004532,-394.091384322));
#2267 = CARTESIAN_POINT('',(27.988916104893,0.341166979651,
    -394.0915601192));
#2268 = CARTESIAN_POINT('',(27.966743705508,0.510918633218,
    -394.0919117866));
#2269 = CARTESIAN_POINT('',(27.933562464994,0.678983119993,
    -394.0924380603));
#2270 = CARTESIAN_POINT('',(27.889526955088,0.844533173107,
    -394.0931364878));
#2271 = CARTESIAN_POINT('',(27.834862768166,1.0067595154,-394.0940034899
    ));
#2272 = CARTESIAN_POINT('',(27.769868105091,1.164872550598,
    -394.0950343352));
#2273 = CARTESIAN_POINT('',(27.642162052783,1.425972853162,
    -394.0970598041));
#2274 = CARTESIAN_POINT('',(27.584467696481,1.531429165732,
    -394.0979748575));
#2275 = CARTESIAN_POINT('',(27.521967789701,1.634208623249,
    -394.0989661262));
#2276 = CARTESIAN_POINT('',(27.454807947407,1.734056006437,
    -394.1000312999));
#2277 = CARTESIAN_POINT('',(27.38314925133,1.83072671839,-394.101167823)
  );
#2278 = CARTESIAN_POINT('',(27.307168121547,1.923986977396,
    -394.1023728967));
#2279 = CARTESIAN_POINT('',(27.227056188059,2.013614009765,
    -394.1036434808));
#2280 = CARTESIAN_POINT('',(27.098421242904,2.144921895076,
    -394.105683637));
#2281 = CARTESIAN_POINT('',(27.05271668275,2.189365100455,
    -394.1064085119));
#2282 = CARTESIAN_POINT('',(27.00593721628,2.232694443934,
    -394.1071504334));
#2283 = CARTESIAN_POINT('',(26.958114551589,2.274879636975,
    -394.1079088983));
#2284 = CARTESIAN_POINT('',(26.909281370504,2.315891517361,
    -394.1086833883));
#2285 = CARTESIAN_POINT('',(26.859471328582,2.355702049189,
    -394.1094733693));
#2286 = CARTESIAN_POINT('',(26.808719055108,2.394284322876,
    -394.1102782922));
#2287 = CARTESIAN_POINT('',(26.68104682993,2.48653906101,-394.1123031481
    ));
#2288 = CARTESIAN_POINT('',(26.60306987576,2.538750802498,
    -394.1135398428));
#2289 = CARTESIAN_POINT('',(26.523243075224,2.588165452048,
    -394.114805871));
#2290 = CARTESIAN_POINT('',(26.441683684088,2.63470674347,
    -394.1160993729));
#2291 = CARTESIAN_POINT('',(26.358512379791,2.67830450306,-394.117418434
    ));
#2292 = CARTESIAN_POINT('',(26.273853211974,2.718894680685,
    -394.1187610868));
#2293 = CARTESIAN_POINT('',(26.187833553015,2.756419380884,
    -394.1201253109));
#2294 = CARTESIAN_POINT('',(25.928669263864,2.858622811421,
    -394.124235496));
#2295 = CARTESIAN_POINT('',(25.751961514199,2.914323845011,-394.12703795
    ));
#2296 = CARTESIAN_POINT('',(25.571477097554,2.957523692334,
    -394.1299002758));
#2297 = CARTESIAN_POINT('',(25.38825157026,2.987931868701,
    -394.1328060489));
#2298 = CARTESIAN_POINT('',(25.20333610743,3.00536071577,-394.1357385974
    ));
#2299 = CARTESIAN_POINT('',(25.01779500838,3.00972131538,-394.1386810423
    ));
#2300 = CARTESIAN_POINT('',(24.832704347025,3.001028308564,
    -394.1416163187));
#2301 = CARTESIAN_POINT('',(24.566602497568,2.969692825975,
    -394.1458362828));
#2302 = CARTESIAN_POINT('',(24.484360487649,2.957358055462,
    -394.147140509));
#2303 = CARTESIAN_POINT('',(24.40252293673,2.942420758021,
    -394.1484383162));
#2304 = CARTESIAN_POINT('',(24.321186062931,2.924896606656,
    -394.1497281786));
#2305 = CARTESIAN_POINT('',(24.240445103269,2.904805497569,
    -394.1510085861));
#2306 = CARTESIAN_POINT('',(24.160394313657,2.882171550163,
    -394.1522780441));
#2307 = CARTESIAN_POINT('',(24.081126968902,2.857023107039,
    -394.1535350734));
#2308 = CARTESIAN_POINT('',(23.849378855113,2.775339784727,
    -394.1572101448));
#2309 = CARTESIAN_POINT('',(23.69936398238,2.711784932269,
    -394.1595890698));
#2310 = CARTESIAN_POINT('',(23.55339145843,2.638973614169,
    -394.1619038752));
#2311 = CARTESIAN_POINT('',(23.412127034178,2.557210936934,
    -394.1641440053));
#2312 = CARTESIAN_POINT('',(23.276204013331,2.466855745907,
    -394.166299419));
#2313 = CARTESIAN_POINT('',(23.146223551547,2.368318284532,
    -394.1683605856));
#2314 = CARTESIAN_POINT('',(23.022752738943,2.262061443014,
    -394.1703185145));
#2315 = CARTESIAN_POINT('',(22.798992834009,2.044021643486,
    -394.1738667519));
#2316 = CARTESIAN_POINT('',(22.697636096822,1.9333109036,-394.175473992)
  );
#2317 = CARTESIAN_POINT('',(22.602664803321,1.816877527817,
    -394.1769799692));
#2318 = CARTESIAN_POINT('',(22.514453436767,1.695154102448,
    -394.1783787469));
#2319 = CARTESIAN_POINT('',(22.433339321767,1.568598889698,
    -394.1796649775));
#2320 = CARTESIAN_POINT('',(22.359623416139,1.43769453654,
    -394.1808338905));
#2321 = CARTESIAN_POINT('',(22.293568987644,1.302948251743,
    -394.1818813123));
#2322 = CARTESIAN_POINT('',(22.139570830452,0.937469687214,
    -394.184323248));
#2323 = CARTESIAN_POINT('',(22.06510044398,0.70097882402,-394.1855041118
    ));
#2324 = CARTESIAN_POINT('',(22.013034725525,0.457857480459,
    -394.1863297053));
#2325 = CARTESIAN_POINT('',(21.984023343201,0.21059312511,
    -394.1867897307));
#2326 = CARTESIAN_POINT('',(21.978391146332,-3.830023339353E-02,
    -394.186879039));
#2327 = CARTESIAN_POINT('',(21.996163356278,-0.28628884328,
    -394.1865972303));
#2328 = CARTESIAN_POINT('',(22.03704109772,-0.530821830466,
    -394.1859490419));
#2329 = CARTESIAN_POINT('',(22.13711709172,-0.908010940155,
    -394.1843621541));
#2330 = CARTESIAN_POINT('',(22.181489285205,-1.044675785665,
    -394.1836585508));
#2331 = CARTESIAN_POINT('',(22.233313908463,-1.178848080057,
    -394.182836774));
#2332 = CARTESIAN_POINT('',(22.292425644718,-1.310054886479,
    -394.181899444));
#2333 = CARTESIAN_POINT('',(22.358624922196,-1.43783891413,
    -394.1808497245));
#2334 = CARTESIAN_POINT('',(22.431678894566,-1.561758552733,
    -394.1796913064));
#2335 = CARTESIAN_POINT('',(22.511320654525,-1.681388794855,
    -394.1784284208));
#2336 = CARTESIAN_POINT('',(22.664435355062,-1.886194303402,
    -394.1760004588));
#2337 = CARTESIAN_POINT('',(22.735469004077,-1.973197657322,
    -394.1748740646));
#2338 = CARTESIAN_POINT('',(22.81020352398,-2.057139570244,
    -394.1736889812));
#2339 = CARTESIAN_POINT('',(22.88848443679,-2.137836410162,
    -394.1724476575));
#2340 = CARTESIAN_POINT('',(22.970146987421,-2.215114580349,
    -394.1711527054));
#2341 = CARTESIAN_POINT('',(23.055016240927,-2.288810649037,
    -394.1698068982));
#2342 = CARTESIAN_POINT('',(23.14290717975,-2.358771479102,
    -394.1684131691));
#2343 = CARTESIAN_POINT('',(23.322054459819,-2.489270579585,
    -394.1655723319));
#2344 = CARTESIAN_POINT('',(23.413172072579,-2.550003497244,
    -394.164127424));
#2345 = CARTESIAN_POINT('',(23.50679693684,-2.606921115191,
    -394.1626427509));
#2346 = CARTESIAN_POINT('',(23.602742021292,-2.659902816332,
    -394.1611212779));
#2347 = CARTESIAN_POINT('',(23.700814087166,-2.708839431339,
    -394.1595660688));
#2348 = CARTESIAN_POINT('',(23.80081380967,-2.75363330799,
    -394.1579802839));
#2349 = CARTESIAN_POINT('',(23.902535899429,-2.794198380505,
    -394.1563671783));
#2350 = CARTESIAN_POINT('',(24.108235829685,-2.866452778743,
    -394.1531051798));
#2351 = CARTESIAN_POINT('',(24.212193611293,-2.898206593684,
    -394.151456605));
#2352 = CARTESIAN_POINT('',(24.317436041876,-2.9256491029,
    -394.1497876502));
#2353 = CARTESIAN_POINT('',(24.423753920729,-2.948720087723,
    -394.1481016326));
#2354 = CARTESIAN_POINT('',(24.530935511565,-2.967371715516,
    -394.1464019095));
#2355 = CARTESIAN_POINT('',(24.638766680767,-2.981568563579,
    -394.1446918768));
#2356 = CARTESIAN_POINT('',(24.747031035636,-2.991287643044,
    -394.1429749657));
#2357 = CARTESIAN_POINT('',(24.910488339398,-2.99916943526,
    -394.140382764));
#2358 = CARTESIAN_POINT('',(24.965522108806,-3.000667632402,
    -394.139510004));
#2359 = CARTESIAN_POINT('',(25.020583078007,-3.00101166311,
    -394.1386368105));
#2360 = CARTESIAN_POINT('',(25.075642977637,-3.00020100753,
    -394.1377636317));
#2361 = CARTESIAN_POINT('',(25.130673561832,-2.998235977045,
    -394.1368909156));
#2362 = CARTESIAN_POINT('',(25.185646608224,-2.995117714268,
    -394.1360191098));
#2363 = CARTESIAN_POINT('',(25.240533917943,-2.990848193048,
    -394.1351486614));
#2364 = CARTESIAN_POINT('',(25.387404215268,-2.976320346114,
    -394.1328194649));
#2365 = CARTESIAN_POINT('',(25.479179771887,-2.963963501409,
    -394.1313640024));
#2366 = CARTESIAN_POINT('',(25.570499499915,-2.948373139334,
    -394.1299157627));
#2367 = CARTESIAN_POINT('',(25.661230395815,-2.929569186775,
    -394.1284768552));
#2368 = CARTESIAN_POINT('',(25.751240938072,-2.907578042527,
    -394.1270493659));
#2369 = CARTESIAN_POINT('',(25.840401087192,-2.88243257729,
    -394.1256353573));
#2370 = CARTESIAN_POINT('',(25.928582285704,-2.854172133674,
    -394.1242368684));
#2371 = CARTESIAN_POINT('',(26.111109926712,-2.788498771384,
    -394.121342103));
#2372 = CARTESIAN_POINT('',(26.205234763726,-2.750466356126,
    -394.1198493398));
#2373 = CARTESIAN_POINT('',(26.297864591712,-2.708805750526,
    -394.1183802802));
#2374 = CARTESIAN_POINT('',(26.388836326077,-2.663585990901,
    -394.1169375108));
#2375 = CARTESIAN_POINT('',(26.477991252343,-2.614884633559,
    -394.1155235493));
#2376 = CARTESIAN_POINT('',(26.565175103359,-2.562787708585,
    -394.1141408427));
#2377 = CARTESIAN_POINT('',(26.650238136523,-2.507389673621,
    -394.1127917664));
#2378 = CARTESIAN_POINT('',(26.787115196637,-2.410520428592,
    -394.1106209257));
#2379 = CARTESIAN_POINT('',(26.840228869451,-2.370882780102,
    -394.1097785522));
#2380 = CARTESIAN_POINT('',(26.892335943205,-2.329908997967,
    -394.1089521411));
#2381 = CARTESIAN_POINT('',(26.943397260199,-2.287628980637,
    -394.1081423136));
#2382 = CARTESIAN_POINT('',(26.993374791274,-2.244073949222,
    -394.107349673));
#2383 = CARTESIAN_POINT('',(27.04223163581,-2.19927644749,
    -394.1065748047));
#2384 = CARTESIAN_POINT('',(27.089932021726,-2.153270341872,
    -394.1058182762));
#2385 = CARTESIAN_POINT('',(27.341296838384,-1.898283153485,
    -394.1018316197));
#2386 = CARTESIAN_POINT('',(27.523143587468,-1.667609787947,
    -394.098947492));
#2387 = CARTESIAN_POINT('',(27.678831990912,-1.41719351072,
    -394.0964782183));
#2388 = CARTESIAN_POINT('',(27.805952829513,-1.150538502565,
    -394.0944620215));
#2389 = CARTESIAN_POINT('',(27.902632956259,-0.87139208555,
    -394.0929286211));
#2390 = CARTESIAN_POINT('',(27.967566727997,-0.583739534362,
    -394.0918987329));
#2391 = CARTESIAN_POINT('',(28.,-0.291782826889,-394.091384322));
#2392 = CARTESIAN_POINT('',(28.,-4.440892098501E-16,-394.091384322));
#2393 = PCURVE('',#2081,#2394);
#2394 = DEFINITIONAL_REPRESENTATION('',(#2395),#2575);
#2395 = B_SPLINE_CURVE_WITH_KNOTS('',3,(#2396,#2397,#2398,#2399,#2400,
    #2401,#2402,#2403,#2404,#2405,#2406,#2407,#2408,#2409,#2410,#2411,
    #2412,#2413,#2414,#2415,#2416,#2417,#2418,#2419,#2420,#2421,#2422,
    #2423,#2424,#2425,#2426,#2427,#2428,#2429,#2430,#2431,#2432,#2433,
    #2434,#2435,#2436,#2437,#2438,#2439,#2440,#2441,#2442,#2443,#2444,
    #2445,#2446,#2447,#2448,#2449,#2450,#2451,#2452,#2453,#2454,#2455,
    #2456,#2457,#2458,#2459,#2460,#2461,#2462,#2463,#2464,#2465,#2466,
    #2467,#2468,#2469,#2470,#2471,#2472,#2473,#2474,#2475,#2476,#2477,
    #2478,#2479,#2480,#2481,#2482,#2483,#2484,#2485,#2486,#2487,#2488,
    #2489,#2490,#2491,#2492,#2493,#2494,#2495,#2496,#2497,#2498,#2499,
    #2500,#2501,#2502,#2503,#2504,#2505,#2506,#2507,#2508,#2509,#2510,
    #2511,#2512,#2513,#2514,#2515,#2516,#2517,#2518,#2519,#2520,#2521,
    #2522,#2523,#2524,#2525,#2526,#2527,#2528,#2529,#2530,#2531,#2532,
    #2533,#2534,#2535,#2536,#2537,#2538,#2539,#2540,#2541,#2542,#2543,
    #2544,#2545,#2546,#2547,#2548,#2549,#2550,#2551,#2552,#2553,#2554,
    #2555,#2556,#2557,#2558,#2559,#2560,#2561,#2562,#2563,#2564,#2565,
    #2566,#2567,#2568,#2569,#2570,#2571,#2572,#2573,#2574),
  .UNSPECIFIED.,.F.,.F.,(4,1,1,1,1,1,1,1,1,1,1,1,1,1,1,1,1,1,1,1,1,1,1,1
    ,1,1,1,1,1,1,1,1,1,1,1,1,1,1,1,1,1,1,1,1,1,1,1,1,1,1,1,1,1,1,1,1,1,1
    ,1,1,1,1,1,1,1,1,1,1,1,1,1,1,1,1,1,1,1,1,1,1,1,1,1,1,1,1,1,1,1,1,1,1
    ,1,1,1,1,1,1,1,1,1,1,1,1,1,1,1,1,1,1,1,1,1,1,1,1,1,1,1,1,1,1,1,1,1,1
    ,1,1,1,1,1,1,1,1,1,1,1,1,1,1,1,1,1,1,1,1,1,1,1,1,1,1,1,1,1,1,1,1,1,1
    ,1,1,1,1,1,1,1,1,1,1,1,1,1,1,1,1,4),(0.,1.301611909056E-02,
    2.603223818112E-02,3.904835727169E-02,5.206447636225E-02,
    6.508059545281E-02,7.809671454337E-02,9.111283363393E-02,
    0.104128952724,0.117145071815,0.130161190906,0.143177309996,
    0.156193429087,0.169209548177,0.182225667268,0.195241786358,
    0.208257905449,0.22127402454,0.23429014363,0.247306262721,
    0.260322381811,0.273338500902,0.286354619992,0.299370739083,
    0.312386858173,0.325402977264,0.338419096355,0.351435215445,
    0.364451334536,0.377467453626,0.390483572717,0.403499691807,
    0.416515810898,0.429531929989,0.442548049079,0.45556416817,
    0.46858028726,0.481596406351,0.494612525441,0.507628644532,
    0.520644763622,0.533660882713,0.546677001804,0.559693120894,
    0.572709239985,0.585725359075,0.598741478166,0.611757597256,
    0.624773716347,0.637789835438,0.650805954528,0.663822073619,
    0.676838192709,0.6898543118,0.70287043089,0.715886549981,
    0.728902669071,0.741918788162,0.754934907253,0.767951026343,
    0.780967145434,0.793983264524,0.806999383615,0.820015502705,
    0.833031621796,0.846047740887,0.859063859977,0.872079979068,
    0.885096098158,0.898112217249,0.911128336339,0.92414445543,
    0.93716057452,0.950176693611,0.963192812702,0.976208931792,
    0.989225050883,1.002241169973,1.015257289064,1.028273408154,
    1.041289527245,1.054305646335,1.067321765426,1.080337884517,
    1.093354003607,1.106370122698,1.119386241788,1.132402360879,
    1.145418479969,1.15843459906,1.171450718151,1.184466837241,
    1.197482956332,1.210499075422,1.223515194513,1.236531313603,
    1.249547432694,1.262563551784,1.275579670875,1.288595789966,
    1.301611909056,1.314628028147,1.327644147237,1.340660266328,
    1.353676385418,1.366692504509,1.3797086236,1.39272474269,
    1.405740861781,1.418756980871,1.431773099962,1.444789219052,
    1.457805338143,1.470821457233,1.483837576324,1.496853695415,
    1.509869814505,1.522885933596,1.535902052686,1.548918171777,
    1.561934290867,1.574950409958,1.587966529049,1.600982648139,
    1.61399876723,1.62701488632,1.640031005411,1.653047124501,
    1.666063243592,1.679079362682,1.692095481773,1.705111600864,
    1.718127719954,1.731143839045,1.744159958135,1.757176077226,
    1.770192196316,1.783208315407,1.796224434498,1.809240553588,
    1.822256672679,1.835272791769,1.84828891086,1.86130502995,
    1.874321149041,1.887337268131,1.900353387222,1.913369506313,
    1.926385625403,1.939401744494,1.952417863584,1.965433982675,
    1.978450101765,1.991466220856,2.004482339947,2.017498459037,
    2.030514578128,2.043530697218,2.056546816309,2.069562935399,
    2.08257905449,2.09559517358,2.108611292671,2.121627411762,
    2.134643530852,2.147659649943,2.160675769033,2.173691888124,
    2.186708007214,2.199724126305,2.212740245395,2.225756364486,
    2.238772483577,2.251788602667,2.264804721758,2.277820840848,
    2.290836959939),.QUASI_UNIFORM_KNOTS.);
#2396 = CARTESIAN_POINT('',(0.,6.108615677936));
#2397 = CARTESIAN_POINT('',(1.189824840345E-02,6.108615684766));
#2398 = CARTESIAN_POINT('',(3.569544493708E-02,6.108595464242));
#2399 = CARTESIAN_POINT('',(7.139264293562E-02,6.108504551302));
#2400 = CARTESIAN_POINT('',(0.107090437364,6.108353145006));
#2401 = CARTESIAN_POINT('',(0.142788409206,6.108141444761));
#2402 = CARTESIAN_POINT('',(0.17848631479,6.107869719901));
#2403 = CARTESIAN_POINT('',(0.214184070495,6.107538318526));
#2404 = CARTESIAN_POINT('',(0.249881689376,6.107147663595));
#2405 = CARTESIAN_POINT('',(0.285579235314,6.106698252924));
#2406 = CARTESIAN_POINT('',(0.321276769976,6.106190658762));
#2407 = CARTESIAN_POINT('',(0.356974318007,6.105625527626));
#2408 = CARTESIAN_POINT('',(0.392671765444,6.105003581939));
#2409 = CARTESIAN_POINT('',(0.428368998113,6.104325616686));
#2410 = CARTESIAN_POINT('',(0.464065130155,6.103592516606));
#2411 = CARTESIAN_POINT('',(0.499761484134,6.102805190469));
#2412 = CARTESIAN_POINT('',(0.535458127722,6.101964639762));
#2413 = CARTESIAN_POINT('',(0.571154880281,6.101071939032));
#2414 = CARTESIAN_POINT('',(0.60685178023,6.100128224015));
#2415 = CARTESIAN_POINT('',(0.642548897726,6.099134694547));
#2416 = CARTESIAN_POINT('',(0.678246325758,6.098092613364));
#2417 = CARTESIAN_POINT('',(0.71394410559,6.097003306552));
#2418 = CARTESIAN_POINT('',(0.749642234941,6.095868161537));
#2419 = CARTESIAN_POINT('',(0.785340414643,6.094688633227));
#2420 = CARTESIAN_POINT('',(0.821038898022,6.093466215981));
#2421 = CARTESIAN_POINT('',(0.856737726682,6.09220246551));
#2422 = CARTESIAN_POINT('',(0.892436907357,6.090898991003));
#2423 = CARTESIAN_POINT('',(0.928136483596,6.089557451131));
#2424 = CARTESIAN_POINT('',(0.963836414703,6.088179556151));
#2425 = CARTESIAN_POINT('',(0.999536870944,6.08676705444));
#2426 = CARTESIAN_POINT('',(1.035237691988,6.085321751685));
#2427 = CARTESIAN_POINT('',(1.070938885343,6.083845488693));
#2428 = CARTESIAN_POINT('',(1.106640490892,6.0823401445));
#2429 = CARTESIAN_POINT('',(1.142342540924,6.08080763569));
#2430 = CARTESIAN_POINT('',(1.178045051252,6.07924991411));
#2431 = CARTESIAN_POINT('',(1.213747792329,6.077668974828));
#2432 = CARTESIAN_POINT('',(1.249452368933,6.076066760086));
#2433 = CARTESIAN_POINT('',(1.285157701837,6.074445358365));
#2434 = CARTESIAN_POINT('',(1.320863430881,6.0728068524));
#2435 = CARTESIAN_POINT('',(1.356569304049,6.071153342266));
#2436 = CARTESIAN_POINT('',(1.392275267244,6.069486938398));
#2437 = CARTESIAN_POINT('',(1.427981372035,6.067809762736));
#2438 = CARTESIAN_POINT('',(1.463687736343,6.066123947756));
#2439 = CARTESIAN_POINT('',(1.499394493637,6.064431636133));
#2440 = CARTESIAN_POINT('',(1.535101745818,6.062734980326));
#2441 = CARTESIAN_POINT('',(1.570809515628,6.061036142172));
#2442 = CARTESIAN_POINT('',(1.606517692143,6.05933729279));
#2443 = CARTESIAN_POINT('',(1.642225991478,6.057640611618));
#2444 = CARTESIAN_POINT('',(1.677933843084,6.055948288885));
#2445 = CARTESIAN_POINT('',(1.713640530955,6.054262515545));
#2446 = CARTESIAN_POINT('',(1.749347591257,6.052585367847));
#2447 = CARTESIAN_POINT('',(1.785054537233,6.050919006797));
#2448 = CARTESIAN_POINT('',(1.820761430297,6.049265553669));
#2449 = CARTESIAN_POINT('',(1.8564682222,6.047627118346));
#2450 = CARTESIAN_POINT('',(1.892174891013,6.046005790199));
#2451 = CARTESIAN_POINT('',(1.927881199345,6.044403646205));
#2452 = CARTESIAN_POINT('',(1.963588133749,6.042822684634));
#2453 = CARTESIAN_POINT('',(1.999294870077,6.041264957736));
#2454 = CARTESIAN_POINT('',(2.035001119571,6.039732462841));
#2455 = CARTESIAN_POINT('',(2.070706699326,6.038227159849));
#2456 = CARTESIAN_POINT('',(2.106411576457,6.036750967047));
#2457 = CARTESIAN_POINT('',(2.142115789575,6.035305762467));
#2458 = CARTESIAN_POINT('',(2.177819407197,6.033893383436));
#2459 = CARTESIAN_POINT('',(2.213522473424,6.03251562647));
#2460 = CARTESIAN_POINT('',(2.249224972032,6.031174246286));
#2461 = CARTESIAN_POINT('',(2.284926726158,6.029870956662));
#2462 = CARTESIAN_POINT('',(2.320627525816,6.028607423487));
#2463 = CARTESIAN_POINT('',(2.356326389499,6.027385285859));
#2464 = CARTESIAN_POINT('',(2.392024875909,6.026206043167));
#2465 = CARTESIAN_POINT('',(2.42772253897,6.025071210803));
#2466 = CARTESIAN_POINT('',(2.463419114834,6.023982238882));
#2467 = CARTESIAN_POINT('',(2.499114520823,6.022940512588));
#2468 = CARTESIAN_POINT('',(2.534808785864,6.021947353174));
#2469 = CARTESIAN_POINT('',(2.570502006316,6.021004018294));
#2470 = CARTESIAN_POINT('',(2.606194286112,6.020111702282));
#2471 = CARTESIAN_POINT('',(2.641885724081,6.019271535264));
#2472 = CARTESIAN_POINT('',(2.677576230222,6.018484584923));
#2473 = CARTESIAN_POINT('',(2.713265973173,6.017751846757));
#2474 = CARTESIAN_POINT('',(2.748953460391,6.017074275649));
#2475 = CARTESIAN_POINT('',(2.78464289844,6.016452653237));
#2476 = CARTESIAN_POINT('',(2.820334152516,6.015887784303));
#2477 = CARTESIAN_POINT('',(2.856025723393,6.015380416585));
#2478 = CARTESIAN_POINT('',(2.891716976515,6.014931204969));
#2479 = CARTESIAN_POINT('',(2.927407459264,6.0145407245));
#2480 = CARTESIAN_POINT('',(2.96309700585,6.014209469811));
#2481 = CARTESIAN_POINT('',(2.998785637583,6.013937857693));
#2482 = CARTESIAN_POINT('',(3.034473523288,6.013726228314));
#2483 = CARTESIAN_POINT('',(3.070160927744,6.013574846294));
#2484 = CARTESIAN_POINT('',(3.105848166218,6.013483901317));
#2485 = CARTESIAN_POINT('',(3.141535558963,6.013453508349));
#2486 = CARTESIAN_POINT('',(3.177223385889,6.013483707453));
#2487 = CARTESIAN_POINT('',(3.212911840488,6.013574463206));
#2488 = CARTESIAN_POINT('',(3.248600980158,6.013725663687));
#2489 = CARTESIAN_POINT('',(3.284290679052,6.013937119108));
#2490 = CARTESIAN_POINT('',(3.319980555827,6.01420855988));
#2491 = CARTESIAN_POINT('',(3.355669974909,6.014539634839));
#2492 = CARTESIAN_POINT('',(3.391357749151,6.014929906915));
#2493 = CARTESIAN_POINT('',(3.427042928849,6.015378856407));
#2494 = CARTESIAN_POINT('',(3.462729851914,6.015885964221));
#2495 = CARTESIAN_POINT('',(3.498417257094,6.016450574275));
#2496 = CARTESIAN_POINT('',(3.534105350814,6.017071972819));
#2497 = CARTESIAN_POINT('',(3.569794116559,6.017749372034));
#2498 = CARTESIAN_POINT('',(3.605483702241,6.018481915629));
#2499 = CARTESIAN_POINT('',(3.641174251828,6.019268678024));
#2500 = CARTESIAN_POINT('',(3.676865894174,6.020108664979));
#2501 = CARTESIAN_POINT('',(3.712558663347,6.021000812603));
#2502 = CARTESIAN_POINT('',(3.748252532586,6.021943989166));
#2503 = CARTESIAN_POINT('',(3.783947051314,6.022936985104));
#2504 = CARTESIAN_POINT('',(3.81964243827,6.023978545201));
#2505 = CARTESIAN_POINT('',(3.855339061891,6.025067357325));
#2506 = CARTESIAN_POINT('',(3.891036601201,6.02620202908));
#2507 = CARTESIAN_POINT('',(3.926735065791,6.027381119191));
#2508 = CARTESIAN_POINT('',(3.962434460425,6.028603129403));
#2509 = CARTESIAN_POINT('',(3.998134811265,6.029866506973));
#2510 = CARTESIAN_POINT('',(4.033836093964,6.031169644307));
#2511 = CARTESIAN_POINT('',(4.069538190911,6.032510879397));
#2512 = CARTESIAN_POINT('',(4.10524083359,6.033888495924));
#2513 = CARTESIAN_POINT('',(4.140944444192,6.035300756635));
#2514 = CARTESIAN_POINT('',(4.176648660259,6.036745849478));
#2515 = CARTESIAN_POINT('',(4.212353419576,6.038221932047));
#2516 = CARTESIAN_POINT('',(4.248058686179,6.039727123153));
#2517 = CARTESIAN_POINT('',(4.283764462727,6.04125950567));
#2518 = CARTESIAN_POINT('',(4.319470710936,6.042817125715));
#2519 = CARTESIAN_POINT('',(4.355177350784,6.044397995196));
#2520 = CARTESIAN_POINT('',(4.39088403935,6.046000084556));
#2521 = CARTESIAN_POINT('',(4.426591197724,6.047621370953));
#2522 = CARTESIAN_POINT('',(4.462298515467,6.049259773847));
#2523 = CARTESIAN_POINT('',(4.498005892816,6.050913200384));
#2524 = CARTESIAN_POINT('',(4.533713293217,6.052579541265));
#2525 = CARTESIAN_POINT('',(4.569420722349,6.054256672515));
#2526 = CARTESIAN_POINT('',(4.605128158843,6.055942455038));
#2527 = CARTESIAN_POINT('',(4.640835548372,6.057634737149));
#2528 = CARTESIAN_POINT('',(4.676542594531,6.059331347406));
#2529 = CARTESIAN_POINT('',(4.712249457663,6.061030130429));
#2530 = CARTESIAN_POINT('',(4.747956106642,6.06272891905));
#2531 = CARTESIAN_POINT('',(4.783662530448,6.064425547077));
#2532 = CARTESIAN_POINT('',(4.819368649472,6.066117847897));
#2533 = CARTESIAN_POINT('',(4.855074599622,6.067803670595));
#2534 = CARTESIAN_POINT('',(4.890780217828,6.069480858569));
#2535 = CARTESIAN_POINT('',(4.926485441229,6.071147271024));
#2536 = CARTESIAN_POINT('',(4.962190291988,6.072800784933));
#2537 = CARTESIAN_POINT('',(4.997894795869,6.074439294));
#2538 = CARTESIAN_POINT('',(5.033598971629,6.076060710845));
#2539 = CARTESIAN_POINT('',(5.069302601502,6.077662959304));
#2540 = CARTESIAN_POINT('',(5.105005969315,6.079244010108));
#2541 = CARTESIAN_POINT('',(5.140708925626,6.08080184208));
#2542 = CARTESIAN_POINT('',(5.176411416757,6.082334467835));
#2543 = CARTESIAN_POINT('',(5.212113472205,6.083839935794));
#2544 = CARTESIAN_POINT('',(5.24781514354,6.085316330036));
#2545 = CARTESIAN_POINT('',(5.283516459617,6.086761770881));
#2546 = CARTESIAN_POINT('',(5.319217362842,6.088174414698));
#2547 = CARTESIAN_POINT('',(5.354917708079,6.089552456079));
#2548 = CARTESIAN_POINT('',(5.390617729956,6.090894149124));
#2549 = CARTESIAN_POINT('',(5.426317322667,6.092197780811));
#2550 = CARTESIAN_POINT('',(5.462016653759,6.093461696601));
#2551 = CARTESIAN_POINT('',(5.497715328553,6.094684273219));
#2552 = CARTESIAN_POINT('',(5.533414837471,6.095864004585));
#2553 = CARTESIAN_POINT('',(5.56911876098,6.096999494111));
#2554 = CARTESIAN_POINT('',(5.604824019749,6.098089184068));
#2555 = CARTESIAN_POINT('',(5.640529765648,6.099131656582));
#2556 = CARTESIAN_POINT('',(5.676235084525,6.100125555364));
#2557 = CARTESIAN_POINT('',(5.711939521382,6.101069603398));
#2558 = CARTESIAN_POINT('',(5.747642859722,6.101962595518));
#2559 = CARTESIAN_POINT('',(5.783345109063,6.102803398263));
#2560 = CARTESIAN_POINT('',(5.819046443176,6.103590948275));
#2561 = CARTESIAN_POINT('',(5.854747156388,6.104324251543));
#2562 = CARTESIAN_POINT('',(5.890447618508,6.105002382861));
#2563 = CARTESIAN_POINT('',(5.926148232295,6.105624485624));
#2564 = CARTESIAN_POINT('',(5.961849391267,6.106189771952));
#2565 = CARTESIAN_POINT('',(5.997551437298,6.106697523112));
#2566 = CARTESIAN_POINT('',(6.033254617093,6.107147090285));
#2567 = CARTESIAN_POINT('',(6.068959036449,6.107537895679));
#2568 = CARTESIAN_POINT('',(6.104664611927,6.107869433951));
#2569 = CARTESIAN_POINT('',(6.140371016414,6.108141274309));
#2570 = CARTESIAN_POINT('',(6.176077626101,6.10835306201));
#2571 = CARTESIAN_POINT('',(6.211783434505,6.108504524254));
#2572 = CARTESIAN_POINT('',(6.247487054477,6.108595462087));
#2573 = CARTESIAN_POINT('',(6.271286583926,6.108615685488));
#2574 = CARTESIAN_POINT('',(6.28318530718,6.108615677936));
#2575 = ( GEOMETRIC_REPRESENTATION_CONTEXT(2) 
PARAMETRIC_REPRESENTATION_CONTEXT() REPRESENTATION_CONTEXT('2D SPACE',''
  ) );
#2576 = PCURVE('',#2577,#2586);
#2577 = SURFACE_OF_REVOLUTION('',#2578,#2583);
#2578 = ELLIPSE('',#2579,788.647,394.34);
#2579 = AXIS2_PLACEMENT_3D('',#2580,#2581,#2582);
#2580 = CARTESIAN_POINT('',(0.,0.,0.));
#2581 = DIRECTION('',(-1.224646799147E-16,1.,0.));
#2582 = DIRECTION('',(-1.,-1.224646799147E-16,0.));
#2583 = AXIS1_PLACEMENT('',#2584,#2585);
#2584 = CARTESIAN_POINT('',(0.,0.,0.));
#2585 = DIRECTION('',(0.,0.,1.));
#2586 = DEFINITIONAL_REPRESENTATION('',(#2587),#2767);
#2587 = B_SPLINE_CURVE_WITH_KNOTS('',3,(#2588,#2589,#2590,#2591,#2592,
    #2593,#2594,#2595,#2596,#2597,#2598,#2599,#2600,#2601,#2602,#2603,
    #2604,#2605,#2606,#2607,#2608,#2609,#2610,#2611,#2612,#2613,#2614,
    #2615,#2616,#2617,#2618,#2619,#2620,#2621,#2622,#2623,#2624,#2625,
    #2626,#2627,#2628,#2629,#2630,#2631,#2632,#2633,#2634,#2635,#2636,
    #2637,#2638,#2639,#2640,#2641,#2642,#2643,#2644,#2645,#2646,#2647,
    #2648,#2649,#2650,#2651,#2652,#2653,#2654,#2655,#2656,#2657,#2658,
    #2659,#2660,#2661,#2662,#2663,#2664,#2665,#2666,#2667,#2668,#2669,
    #2670,#2671,#2672,#2673,#2674,#2675,#2676,#2677,#2678,#2679,#2680,
    #2681,#2682,#2683,#2684,#2685,#2686,#2687,#2688,#2689,#2690,#2691,
    #2692,#2693,#2694,#2695,#2696,#2697,#2698,#2699,#2700,#2701,#2702,
    #2703,#2704,#2705,#2706,#2707,#2708,#2709,#2710,#2711,#2712,#2713,
    #2714,#2715,#2716,#2717,#2718,#2719,#2720,#2721,#2722,#2723,#2724,
    #2725,#2726,#2727,#2728,#2729,#2730,#2731,#2732,#2733,#2734,#2735,
    #2736,#2737,#2738,#2739,#2740,#2741,#2742,#2743,#2744,#2745,#2746,
    #2747,#2748,#2749,#2750,#2751,#2752,#2753,#2754,#2755,#2756,#2757,
    #2758,#2759,#2760,#2761,#2762,#2763,#2764,#2765,#2766),
  .UNSPECIFIED.,.T.,.F.,(4,1,1,1,1,1,1,1,1,1,1,1,1,1,1,1,1,1,1,1,1,1,1,1
    ,1,1,1,1,1,1,1,1,1,1,1,1,1,1,1,1,1,1,1,1,1,1,1,1,1,1,1,1,1,1,1,1,1,1
    ,1,1,1,1,1,1,1,1,1,1,1,1,1,1,1,1,1,1,1,1,1,1,1,1,1,1,1,1,1,1,1,1,1,1
    ,1,1,1,1,1,1,1,1,1,1,1,1,1,1,1,1,1,1,1,1,1,1,1,1,1,1,1,1,1,1,1,1,1,1
    ,1,1,1,1,1,1,1,1,1,1,1,1,1,1,1,1,1,1,1,1,1,1,1,1,1,1,1,1,1,1,1,1,1,1
    ,1,1,1,1,1,1,1,1,1,1,1,1,1,1,1,1,4),(0.,1.301611909056E-02,
    2.603223818112E-02,3.904835727169E-02,5.206447636225E-02,
    6.508059545281E-02,7.809671454337E-02,9.111283363393E-02,
    0.104128952724,0.117145071815,0.130161190906,0.143177309996,
    0.156193429087,0.169209548177,0.182225667268,0.195241786358,
    0.208257905449,0.22127402454,0.23429014363,0.247306262721,
    0.260322381811,0.273338500902,0.286354619992,0.299370739083,
    0.312386858173,0.325402977264,0.338419096355,0.351435215445,
    0.364451334536,0.377467453626,0.390483572717,0.403499691807,
    0.416515810898,0.429531929989,0.442548049079,0.45556416817,
    0.46858028726,0.481596406351,0.494612525441,0.507628644532,
    0.520644763622,0.533660882713,0.546677001804,0.559693120894,
    0.572709239985,0.585725359075,0.598741478166,0.611757597256,
    0.624773716347,0.637789835438,0.650805954528,0.663822073619,
    0.676838192709,0.6898543118,0.70287043089,0.715886549981,
    0.728902669071,0.741918788162,0.754934907253,0.767951026343,
    0.780967145434,0.793983264524,0.806999383615,0.820015502705,
    0.833031621796,0.846047740887,0.859063859977,0.872079979068,
    0.885096098158,0.898112217249,0.911128336339,0.92414445543,
    0.93716057452,0.950176693611,0.963192812702,0.976208931792,
    0.989225050883,1.002241169973,1.015257289064,1.028273408154,
    1.041289527245,1.054305646335,1.067321765426,1.080337884517,
    1.093354003607,1.106370122698,1.119386241788,1.132402360879,
    1.145418479969,1.15843459906,1.171450718151,1.184466837241,
    1.197482956332,1.210499075422,1.223515194513,1.236531313603,
    1.249547432694,1.262563551784,1.275579670875,1.288595789966,
    1.301611909056,1.314628028147,1.327644147237,1.340660266328,
    1.353676385418,1.366692504509,1.3797086236,1.39272474269,
    1.405740861781,1.418756980871,1.431773099962,1.444789219052,
    1.457805338143,1.470821457233,1.483837576324,1.496853695415,
    1.509869814505,1.522885933596,1.535902052686,1.548918171777,
    1.561934290867,1.574950409958,1.587966529049,1.600982648139,
    1.61399876723,1.62701488632,1.640031005411,1.653047124501,
    1.666063243592,1.679079362682,1.692095481773,1.705111600864,
    1.718127719954,1.731143839045,1.744159958135,1.757176077226,
    1.770192196316,1.783208315407,1.796224434498,1.809240553588,
    1.822256672679,1.835272791769,1.84828891086,1.86130502995,
    1.874321149041,1.887337268131,1.900353387222,1.913369506313,
    1.926385625403,1.939401744494,1.952417863584,1.965433982675,
    1.978450101765,1.991466220856,2.004482339947,2.017498459037,
    2.030514578128,2.043530697218,2.056546816309,2.069562935399,
    2.08257905449,2.09559517358,2.108611292671,2.121627411762,
    2.134643530852,2.147659649943,2.160675769033,2.173691888124,
    2.186708007214,2.199724126305,2.212740245395,2.225756364486,
    2.238772483577,2.251788602667,2.264804721758,2.277820840848,
    2.290836959939),.QUASI_UNIFORM_KNOTS.);
#2588 = CARTESIAN_POINT('',(3.14159265359,4.747900287446));
#2589 = CARTESIAN_POINT('',(3.142867465823,4.747900287802));
#2590 = CARTESIAN_POINT('',(3.145417165624,4.747898843775));
#2591 = CARTESIAN_POINT('',(3.149238446495,4.747892349595));
#2592 = CARTESIAN_POINT('',(3.153052952315,4.747881531707));
#2593 = CARTESIAN_POINT('',(3.156857216705,4.747866400289));
#2594 = CARTESIAN_POINT('',(3.160647790476,4.747846969118));
#2595 = CARTESIAN_POINT('',(3.164421239227,4.747823256028));
#2596 = CARTESIAN_POINT('',(3.168174135905,4.74779528272));
#2597 = CARTESIAN_POINT('',(3.171903055211,4.747763074779));
#2598 = CARTESIAN_POINT('',(3.175604567432,4.747726661703));
#2599 = CARTESIAN_POINT('',(3.179275234338,4.747686076933));
#2600 = CARTESIAN_POINT('',(3.182911598884,4.747641358041));
#2601 = CARTESIAN_POINT('',(3.186510198961,4.74759254655));
#2602 = CARTESIAN_POINT('',(3.190067492366,4.747539689252));
#2603 = CARTESIAN_POINT('',(3.193580150968,4.747482833542));
#2604 = CARTESIAN_POINT('',(3.197044715166,4.747422032471));
#2605 = CARTESIAN_POINT('',(3.200457695166,4.747357343398));
#2606 = CARTESIAN_POINT('',(3.203815617042,4.74728882724));
#2607 = CARTESIAN_POINT('',(3.207115005006,4.747216548784));
#2608 = CARTESIAN_POINT('',(3.210352381392,4.74714057672));
#2609 = CARTESIAN_POINT('',(3.213524260566,4.747060983779));
#2610 = CARTESIAN_POINT('',(3.216627150467,4.746977846709));
#2611 = CARTESIAN_POINT('',(3.219657530777,4.746891246835));
#2612 = CARTESIAN_POINT('',(3.222611929761,4.746801268155));
#2613 = CARTESIAN_POINT('',(3.225486858897,4.74670799907));
#2614 = CARTESIAN_POINT('',(3.228278828928,4.746611531938));
#2615 = CARTESIAN_POINT('',(3.23098435902,4.746511962923));
#2616 = CARTESIAN_POINT('',(3.233599969056,4.746409392295));
#2617 = CARTESIAN_POINT('',(3.236122203937,4.746303923569));
#2618 = CARTESIAN_POINT('',(3.238547598493,4.746195665094));
#2619 = CARTESIAN_POINT('',(3.240872714939,4.746084728537));
#2620 = CARTESIAN_POINT('',(3.243094137248,4.745971229268));
#2621 = CARTESIAN_POINT('',(3.245208472917,4.745855286466));
#2622 = CARTESIAN_POINT('',(3.247212355729,4.745737023092));
#2623 = CARTESIAN_POINT('',(3.249102439722,4.745616566655));
#2624 = CARTESIAN_POINT('',(3.250875506324,4.745494042012));
#2625 = CARTESIAN_POINT('',(3.252528237718,4.745369586714));
#2626 = CARTESIAN_POINT('',(3.254057411358,4.745243339605));
#2627 = CARTESIAN_POINT('',(3.255459868099,4.7451154427));
#2628 = CARTESIAN_POINT('',(3.256732521925,4.744986040784));
#2629 = CARTESIAN_POINT('',(3.257872360439,4.744855281625));
#2630 = CARTESIAN_POINT('',(3.258876449756,4.744723316025));
#2631 = CARTESIAN_POINT('',(3.259741940229,4.744590297911));
#2632 = CARTESIAN_POINT('',(3.260466074004,4.744456384423));
#2633 = CARTESIAN_POINT('',(3.26104619423,4.744321735998));
#2634 = CARTESIAN_POINT('',(3.261479755924,4.74418651647));
#2635 = CARTESIAN_POINT('',(3.261764338986,4.744050893101));
#2636 = CARTESIAN_POINT('',(3.261897661652,4.743915036877));
#2637 = CARTESIAN_POINT('',(3.261877601076,4.743779121804));
#2638 = CARTESIAN_POINT('',(3.261702187715,4.7436433156));
#2639 = CARTESIAN_POINT('',(3.26136961571,4.743507795808));
#2640 = CARTESIAN_POINT('',(3.260878263075,4.74337273983));
#2641 = CARTESIAN_POINT('',(3.260226703424,4.743238327216));
#2642 = CARTESIAN_POINT('',(3.259413718823,4.743104738938));
#2643 = CARTESIAN_POINT('',(3.258438319517,4.742972158042));
#2644 = CARTESIAN_POINT('',(3.257299711157,4.742840764118));
#2645 = CARTESIAN_POINT('',(3.255997398468,4.74271074425));
#2646 = CARTESIAN_POINT('',(3.254531141495,4.742582283975));
#2647 = CARTESIAN_POINT('',(3.252900973756,4.74245556861));
#2648 = CARTESIAN_POINT('',(3.251107211898,4.742330782805));
#2649 = CARTESIAN_POINT('',(3.249150468854,4.742208110525));
#2650 = CARTESIAN_POINT('',(3.247031667073,4.742087734873));
#2651 = CARTESIAN_POINT('',(3.244752053097,4.741969837925));
#2652 = CARTESIAN_POINT('',(3.24231321136,4.741854600478));
#2653 = CARTESIAN_POINT('',(3.239717083921,4.741742201944));
#2654 = CARTESIAN_POINT('',(3.236965970735,4.741632819541));
#2655 = CARTESIAN_POINT('',(3.234062604687,4.741526629928));
#2656 = CARTESIAN_POINT('',(3.231009879074,4.741423799123));
#2657 = CARTESIAN_POINT('',(3.227811215577,4.741324495769));
#2658 = CARTESIAN_POINT('',(3.224470405784,4.741228883848));
#2659 = CARTESIAN_POINT('',(3.220991605171,4.74113712241));
#2660 = CARTESIAN_POINT('',(3.217379337697,4.741049365376));
#2661 = CARTESIAN_POINT('',(3.213638496134,4.740965761273));
#2662 = CARTESIAN_POINT('',(3.209774343771,4.740886452963));
#2663 = CARTESIAN_POINT('',(3.205792509278,4.740811577265));
#2664 = CARTESIAN_POINT('',(3.201699001328,4.740741264824));
#2665 = CARTESIAN_POINT('',(3.197500144275,4.740675638941));
#2666 = CARTESIAN_POINT('',(3.193202802604,4.740614818128));
#2667 = CARTESIAN_POINT('',(3.188813465177,4.740558903893));
#2668 = CARTESIAN_POINT('',(3.18433942844,4.74050799811));
#2669 = CARTESIAN_POINT('',(3.179788456297,4.740462195593));
#2670 = CARTESIAN_POINT('',(3.175168475383,4.740421580619));
#2671 = CARTESIAN_POINT('',(3.17048763148,4.740386227869));
#2672 = CARTESIAN_POINT('',(3.165754247806,4.740356202165));
#2673 = CARTESIAN_POINT('',(3.160976808331,4.740331558519));
#2674 = CARTESIAN_POINT('',(3.156163933266,4.740312342087));
#2675 = CARTESIAN_POINT('',(3.151324355662,4.740298588133));
#2676 = CARTESIAN_POINT('',(3.146466896868,4.740290321982));
#2677 = CARTESIAN_POINT('',(3.141600441623,4.740287558966));
#2678 = CARTESIAN_POINT('',(3.136733912756,4.740290304362));
#2679 = CARTESIAN_POINT('',(3.131876245616,4.740298553323));
#2680 = CARTESIAN_POINT('',(3.127036362628,4.740312290802));
#2681 = CARTESIAN_POINT('',(3.122223147154,4.740331491476));
#2682 = CARTESIAN_POINT('',(3.117445420423,4.740356119637));
#2683 = CARTESIAN_POINT('',(3.112711908195,4.740386129147));
#2684 = CARTESIAN_POINT('',(3.108031247604,4.740421463168));
#2685 = CARTESIAN_POINT('',(3.103411846581,4.740462054629));
#2686 = CARTESIAN_POINT('',(3.098861222835,4.740507833934));
#2687 = CARTESIAN_POINT('',(3.094387389172,4.740558716706));
#2688 = CARTESIAN_POINT('',(3.089997903747,4.740614611196));
#2689 = CARTESIAN_POINT('',(3.085700071699,4.740675417042));
#2690 = CARTESIAN_POINT('',(3.081500875616,4.740741026031));
#2691 = CARTESIAN_POINT('',(3.077406980573,4.740811322291));
#2692 = CARTESIAN_POINT('',(3.073424720244,4.740886182633));
#2693 = CARTESIAN_POINT('',(3.069560092362,4.74096547675));
#2694 = CARTESIAN_POINT('',(3.065818743828,4.741049067671));
#2695 = CARTESIAN_POINT('',(3.06220599578,4.741136811191));
#2696 = CARTESIAN_POINT('',(3.058726726784,4.741228558999));
#2697 = CARTESIAN_POINT('',(3.055385426614,4.741324157986));
#2698 = CARTESIAN_POINT('',(3.052186273715,4.741423448469));
#2699 = CARTESIAN_POINT('',(3.049133035887,4.741526267236));
#2700 = CARTESIAN_POINT('',(3.04622910472,4.741632447113));
#2701 = CARTESIAN_POINT('',(3.043477495892,4.741741817451));
#2702 = CARTESIAN_POINT('',(3.040880860254,4.741854204342));
#2703 = CARTESIAN_POINT('',(3.038441493054,4.741969430896));
#2704 = CARTESIAN_POINT('',(3.036161346198,4.742087317466));
#2705 = CARTESIAN_POINT('',(3.034041979257,4.742207684738));
#2706 = CARTESIAN_POINT('',(3.032084665874,4.7423303493));
#2707 = CARTESIAN_POINT('',(3.030290336806,4.742455127608));
#2708 = CARTESIAN_POINT('',(3.028659608587,4.742581835424));
#2709 = CARTESIAN_POINT('',(3.027192794521,4.742710288196));
#2710 = CARTESIAN_POINT('',(3.025889920992,4.742840301108));
#2711 = CARTESIAN_POINT('',(3.024750740705,4.742971689391));
#2712 = CARTESIAN_POINT('',(3.023774752866,4.743104267802));
#2713 = CARTESIAN_POINT('',(3.022961185866,4.743237854684));
#2714 = CARTESIAN_POINT('',(3.022309050408,4.743372266695));
#2715 = CARTESIAN_POINT('',(3.021817131168,4.743507322564));
#2716 = CARTESIAN_POINT('',(3.021484003006,4.743642842772));
#2717 = CARTESIAN_POINT('',(3.021308044261,4.743778649693));
#2718 = CARTESIAN_POINT('',(3.021287450089,4.743914567534));
#2719 = CARTESIAN_POINT('',(3.021420245165,4.744050422513));
#2720 = CARTESIAN_POINT('',(3.02170429539,4.744186042232));
#2721 = CARTESIAN_POINT('',(3.022137320992,4.744321258497));
#2722 = CARTESIAN_POINT('',(3.022716906171,4.744455905012));
#2723 = CARTESIAN_POINT('',(3.023440511781,4.744589818306));
#2724 = CARTESIAN_POINT('',(3.024305482038,4.744722837548));
#2725 = CARTESIAN_POINT('',(3.025309064002,4.744854805694));
#2726 = CARTESIAN_POINT('',(3.026448399514,4.74498556772));
#2727 = CARTESIAN_POINT('',(3.027720548036,4.745114972173));
#2728 = CARTESIAN_POINT('',(3.029122494139,4.7452428712));
#2729 = CARTESIAN_POINT('',(3.030651152305,4.745369120339));
#2730 = CARTESIAN_POINT('',(3.032303374293,4.745493578549));
#2731 = CARTESIAN_POINT('',(3.034075945299,4.74561610748));
#2732 = CARTESIAN_POINT('',(3.035965626793,4.745736574059));
#2733 = CARTESIAN_POINT('',(3.0379691132,4.745854847387));
#2734 = CARTESIAN_POINT('',(3.040083067547,4.745970800538));
#2735 = CARTESIAN_POINT('',(3.042304124867,4.746084310566));
#2736 = CARTESIAN_POINT('',(3.044628893459,4.74619525834));
#2737 = CARTESIAN_POINT('',(3.047053956429,4.746303528441));
#2738 = CARTESIAN_POINT('',(3.049575871489,4.746409008987));
#2739 = CARTESIAN_POINT('',(3.052191174789,4.746511591649));
#2740 = CARTESIAN_POINT('',(3.054896415139,4.746611173096));
#2741 = CARTESIAN_POINT('',(3.057688107703,4.746707652853));
#2742 = CARTESIAN_POINT('',(3.060562781511,4.74680093506));
#2743 = CARTESIAN_POINT('',(3.063516914111,4.746890926324));
#2744 = CARTESIAN_POINT('',(3.06654713644,4.746977541899));
#2745 = CARTESIAN_POINT('',(3.069650278686,4.747060704911));
#2746 = CARTESIAN_POINT('',(3.07282259885,4.747140326451));
#2747 = CARTESIAN_POINT('',(3.07606053215,4.747216327554));
#2748 = CARTESIAN_POINT('',(3.079360505486,4.747288633304));
#2749 = CARTESIAN_POINT('',(3.082718985726,4.747357173999));
#2750 = CARTESIAN_POINT('',(3.086132464529,4.747421884483));
#2751 = CARTESIAN_POINT('',(3.089597459437,4.747482704025));
#2752 = CARTESIAN_POINT('',(3.093110509951,4.747539576092));
#2753 = CARTESIAN_POINT('',(3.09666817435,4.747592448198));
#2754 = CARTESIAN_POINT('',(3.100267025752,4.747641271772));
#2755 = CARTESIAN_POINT('',(3.103903647868,4.74768600206));
#2756 = CARTESIAN_POINT('',(3.107574630345,4.747726598054));
#2757 = CARTESIAN_POINT('',(3.111276563735,4.747763022454));
#2758 = CARTESIAN_POINT('',(3.115006034102,4.747795241652));
#2759 = CARTESIAN_POINT('',(3.118759617215,4.747823225763));
#2760 = CARTESIAN_POINT('',(3.122533872404,4.747846948665));
#2761 = CARTESIAN_POINT('',(3.126325335775,4.747866388104));
#2762 = CARTESIAN_POINT('',(3.130130513675,4.747881525776));
#2763 = CARTESIAN_POINT('',(3.133945872948,4.747892347662));
#2764 = CARTESIAN_POINT('',(3.137767840626,4.747898843622));
#2765 = CARTESIAN_POINT('',(3.140317790559,4.747900287853));
#2766 = CARTESIAN_POINT('',(3.14159265359,4.747900287446));
#2767 = ( GEOMETRIC_REPRESENTATION_CONTEXT(2) 
PARAMETRIC_REPRESENTATION_CONTEXT() REPRESENTATION_CONTEXT('2D SPACE',''
  ) );
#2768 = ORIENTED_EDGE('',*,*,#2769,.F.);
#2769 = EDGE_CURVE('',#1982,#2261,#2770,.T.);
#2770 = SEAM_CURVE('',#2771,(#2775,#2782),.PCURVE_S1.);
#2771 = LINE('',#2772,#2773);
#2772 = CARTESIAN_POINT('',(28.,-7.347880794884E-16,-400.2));
#2773 = VECTOR('',#2774,1.);
#2774 = DIRECTION('',(0.,0.,1.));
#2775 = PCURVE('',#2081,#2776);
#2776 = DEFINITIONAL_REPRESENTATION('',(#2777),#2781);
#2777 = LINE('',#2778,#2779);
#2778 = CARTESIAN_POINT('',(0.,-0.));
#2779 = VECTOR('',#2780,1.);
#2780 = DIRECTION('',(0.,1.));
#2781 = ( GEOMETRIC_REPRESENTATION_CONTEXT(2) 
PARAMETRIC_REPRESENTATION_CONTEXT() REPRESENTATION_CONTEXT('2D SPACE',''
  ) );
#2782 = PCURVE('',#2081,#2783);
#2783 = DEFINITIONAL_REPRESENTATION('',(#2784),#2788);
#2784 = LINE('',#2785,#2786);
#2785 = CARTESIAN_POINT('',(6.28318530718,-0.));
#2786 = VECTOR('',#2787,1.);
#2787 = DIRECTION('',(0.,1.));
#2788 = ( GEOMETRIC_REPRESENTATION_CONTEXT(2) 
PARAMETRIC_REPRESENTATION_CONTEXT() REPRESENTATION_CONTEXT('2D SPACE',''
  ) );
#2789 = ORIENTED_EDGE('',*,*,#1981,.T.);
#2790 = ORIENTED_EDGE('',*,*,#2134,.T.);
#2791 = ORIENTED_EDGE('',*,*,#2769,.T.);
#2792 = ADVANCED_FACE('',(#2793,#3937),#2577,.F.);
#2793 = FACE_BOUND('',#2794,.F.);
#2794 = EDGE_LOOP('',(#2795,#2821,#3161,#3263,#3264,#3604));
#2795 = ORIENTED_EDGE('',*,*,#2796,.F.);
#2796 = EDGE_CURVE('',#2797,#2799,#2801,.T.);
#2797 = VERTEX_POINT('',#2798);
#2798 = CARTESIAN_POINT('',(-20.,-2.449293598295E-15,-394.2131748572));
#2799 = VERTEX_POINT('',#2800);
#2800 = CARTESIAN_POINT('',(-43.54,-5.332112163488E-15,-393.7385719444)
  );
#2801 = SEAM_CURVE('',#2802,(#2807,#2814),.PCURVE_S1.);
#2802 = ELLIPSE('',#2803,788.647,394.34);
#2803 = AXIS2_PLACEMENT_3D('',#2804,#2805,#2806);
#2804 = CARTESIAN_POINT('',(0.,0.,0.));
#2805 = DIRECTION('',(-1.224646799147E-16,1.,0.));
#2806 = DIRECTION('',(-1.,-1.224646799147E-16,0.));
#2807 = PCURVE('',#2577,#2808);
#2808 = DEFINITIONAL_REPRESENTATION('',(#2809),#2813);
#2809 = LINE('',#2810,#2811);
#2810 = CARTESIAN_POINT('',(0.,0.));
#2811 = VECTOR('',#2812,1.);
#2812 = DIRECTION('',(0.,1.));
#2813 = ( GEOMETRIC_REPRESENTATION_CONTEXT(2) 
PARAMETRIC_REPRESENTATION_CONTEXT() REPRESENTATION_CONTEXT('2D SPACE',''
  ) );
#2814 = PCURVE('',#2577,#2815);
#2815 = DEFINITIONAL_REPRESENTATION('',(#2816),#2820);
#2816 = LINE('',#2817,#2818);
#2817 = CARTESIAN_POINT('',(6.28318530718,0.));
#2818 = VECTOR('',#2819,1.);
#2819 = DIRECTION('',(0.,1.));
#2820 = ( GEOMETRIC_REPRESENTATION_CONTEXT(2) 
PARAMETRIC_REPRESENTATION_CONTEXT() REPRESENTATION_CONTEXT('2D SPACE',''
  ) );
#2821 = ORIENTED_EDGE('',*,*,#2822,.F.);
#2822 = EDGE_CURVE('',#2823,#2797,#2825,.T.);
#2823 = VERTEX_POINT('',#2824);
#2824 = CARTESIAN_POINT('',(20.,-4.898587196589E-15,-394.2131748572));
#2825 = SURFACE_CURVE('',#2826,(#2934,#3045),.PCURVE_S1.);
#2826 = B_SPLINE_CURVE_WITH_KNOTS('',8,(#2827,#2828,#2829,#2830,#2831,
    #2832,#2833,#2834,#2835,#2836,#2837,#2838,#2839,#2840,#2841,#2842,
    #2843,#2844,#2845,#2846,#2847,#2848,#2849,#2850,#2851,#2852,#2853,
    #2854,#2855,#2856,#2857,#2858,#2859,#2860,#2861,#2862,#2863,#2864,
    #2865,#2866,#2867,#2868,#2869,#2870,#2871,#2872,#2873,#2874,#2875,
    #2876,#2877,#2878,#2879,#2880,#2881,#2882,#2883,#2884,#2885,#2886,
    #2887,#2888,#2889,#2890,#2891,#2892,#2893,#2894,#2895,#2896,#2897,
    #2898,#2899,#2900,#2901,#2902,#2903,#2904,#2905,#2906,#2907,#2908,
    #2909,#2910,#2911,#2912,#2913,#2914,#2915,#2916,#2917,#2918,#2919,
    #2920,#2921,#2922,#2923,#2924,#2925,#2926,#2927,#2928,#2929,#2930,
    #2931,#2932,#2933),.UNSPECIFIED.,.F.,.F.,(9,7,7,7,7,7,7,7,7,7,7,7,7,
    7,7,9),(0.,5.800122731179E-02,0.116002454624,0.174003681935,
    0.232004909247,0.290006136559,0.348007363871,0.406008591183,
    0.464009818495,0.522011045807,0.580012273119,0.63801350043,
    0.694014691023,0.752015918335,0.798016912945,1.),.UNSPECIFIED.);
#2827 = CARTESIAN_POINT('',(20.,-7.105427357601E-15,-394.2131748572));
#2828 = CARTESIAN_POINT('',(20.,-0.455530587116,-394.2131748572));
#2829 = CARTESIAN_POINT('',(19.988142352053,-0.911062070025,
    -394.2131748572));
#2830 = CARTESIAN_POINT('',(19.964427106656,-1.366233053404,
    -394.2131748572));
#2831 = CARTESIAN_POINT('',(19.928867391656,-1.820683336667,
    -394.2131748572));
#2832 = CARTESIAN_POINT('',(19.881489412255,-2.274053913961,
    -394.2131748572));
#2833 = CARTESIAN_POINT('',(19.822332451002,-2.72598697417,
    -394.2131748572));
#2834 = CARTESIAN_POINT('',(19.751448867801,-3.176125900912,
    -394.2131748572));
#2835 = CARTESIAN_POINT('',(19.586359332013,-4.072104644169,
    -394.2131748572));
#2836 = CARTESIAN_POINT('',(19.492153054781,-4.517946222609,
    -394.2131748572));
#2837 = CARTESIAN_POINT('',(19.386350804785,-4.961284604515,
    -394.2131748572));
#2838 = CARTESIAN_POINT('',(19.269030762969,-5.401767931188,
    -394.2131748572));
#2839 = CARTESIAN_POINT('',(19.140283754639,-5.839047888577,
    -394.2131748572));
#2840 = CARTESIAN_POINT('',(19.000213249469,-6.272779707281,
    -394.2131748572));
#2841 = CARTESIAN_POINT('',(18.848935361499,-6.702622162545,
    -394.2131748572));
#2842 = CARTESIAN_POINT('',(18.524222336768,-7.55385298598,
    -394.2131748572));
#2843 = CARTESIAN_POINT('',(18.350786561465,-7.97524302808,
    -394.2131748572));
#2844 = CARTESIAN_POINT('',(18.166400375991,-8.392070056452,
    -394.2131748572));
#2845 = CARTESIAN_POINT('',(17.971204425842,-8.804002204183,
    -394.2131748572));
#2846 = CARTESIAN_POINT('',(17.765351149245,-9.210713381559,
    -394.2131748572));
#2847 = CARTESIAN_POINT('',(17.549004777156,-9.611883276066,
    -394.2131748572));
#2848 = CARTESIAN_POINT('',(17.322341333265,-10.00719735239,
    -394.2131748572));
#2849 = CARTESIAN_POINT('',(16.84875593471,-10.78549635243,
    -394.2131748572));
#2850 = CARTESIAN_POINT('',(16.60183304875,-11.16848280666,
    -394.2131748572));
#2851 = CARTESIAN_POINT('',(16.344967878802,-11.54499750949,
    -394.2131748572));
#2852 = CARTESIAN_POINT('',(16.078358878201,-11.91473957375,
    -394.2131748572));
#2853 = CARTESIAN_POINT('',(15.802215050927,-12.27741593078,
    -394.2131748572));
#2854 = CARTESIAN_POINT('',(15.5167559516,-12.63274133036,
    -394.2131748572));
#2855 = CARTESIAN_POINT('',(15.222211685484,-12.98043834075,
    -394.2131748572));
#2856 = CARTESIAN_POINT('',(14.615434131487,-13.66003635661,
    -394.2131748572));
#2857 = CARTESIAN_POINT('',(14.303199650388,-13.99193869849,
    -394.2131748572));
#2858 = CARTESIAN_POINT('',(13.98236019643,-14.31567482833,
    -394.2131748572));
#2859 = CARTESIAN_POINT('',(13.65316546008,-14.63098480097,
    -394.2131748572));
#2860 = CARTESIAN_POINT('',(13.315874091033,-14.93761827216,
    -394.2131748572));
#2861 = CARTESIAN_POINT('',(12.970753698211,-15.23533449851,
    -394.2131748572));
#2862 = CARTESIAN_POINT('',(12.618080849762,-15.52390233751,
    -394.2131748572));
#2863 = CARTESIAN_POINT('',(11.898201296361,-16.08229815751,
    -394.2131748572));
#2864 = CARTESIAN_POINT('',(11.530993175779,-16.35212723658,
    -394.2131748572));
#2865 = CARTESIAN_POINT('',(11.156802300591,-16.61236602289,
    -394.2131748572));
#2866 = CARTESIAN_POINT('',(10.775921331246,-16.86280411999,
    -394.2131748572));
#2867 = CARTESIAN_POINT('',(10.38864999937,-17.10324219684,
    -394.2131748572));
#2868 = CARTESIAN_POINT('',(9.995295107763,-17.33349198777,
    -394.2131748572));
#2869 = CARTESIAN_POINT('',(9.5961705304,-17.55337629253,-394.2131748572
    ));
#2870 = CARTESIAN_POINT('',(8.787023894464,-17.97208166,-394.2131748572)
  );
#2871 = CARTESIAN_POINT('',(8.37700024472,-18.17090354609,
    -394.2131748572));
#2872 = CARTESIAN_POINT('',(7.961847254764,-18.35902858936,
    -394.2131748572));
#2873 = CARTESIAN_POINT('',(7.541890865162,-18.5363029082,
    -394.2131748572));
#2874 = CARTESIAN_POINT('',(7.117461965477,-18.70258478454,
    -394.2131748572));
#2875 = CARTESIAN_POINT('',(6.688896394273,-18.85774466387,
    -394.2131748572));
#2876 = CARTESIAN_POINT('',(6.256534939116,-19.00166515522,
    -394.2131748572));
#2877 = CARTESIAN_POINT('',(5.38491173402,-19.26681690712,
    -394.2131748572));
#2878 = CARTESIAN_POINT('',(4.94564827005,-19.38804868908,
    -394.2131748572));
#2879 = CARTESIAN_POINT('',(4.503278710615,-19.49783124626,
    -394.2131748572));
#2880 = CARTESIAN_POINT('',(4.058151484636,-19.59607230682,
    -394.2131748572));
#2881 = CARTESIAN_POINT('',(3.610617683999,-19.68269245792,
    -394.2131748572));
#2882 = CARTESIAN_POINT('',(3.161031063555,-19.75762514566,
    -394.2131748572));
#2883 = CARTESIAN_POINT('',(2.709748041119,-19.82081667513,
    -394.2131748572));
#2884 = CARTESIAN_POINT('',(1.804507353825,-19.92363574566,
    -394.2131748572));
#2885 = CARTESIAN_POINT('',(1.350547908828,-19.9632634889,
    -394.2131748572));
#2886 = CARTESIAN_POINT('',(0.89560845466,-19.99106870452,
    -394.2131748572));
#2887 = CARTESIAN_POINT('',(0.440048372259,-20.00702378557,
    -394.2131748572));
#2888 = CARTESIAN_POINT('',(-1.577266867566E-02,-20.01111425373,
    -394.2131748572));
#2889 = CARTESIAN_POINT('',(-0.471494709685,-20.00333875932,
    -394.2131748572));
#2890 = CARTESIAN_POINT('',(-0.926757503548,-19.98370908128,
    -394.2131748572));
#2891 = CARTESIAN_POINT('',(-1.835643525023,-19.92079117316,
    -394.2131748572));
#2892 = CARTESIAN_POINT('',(-2.289268539943,-19.87750281935,
    -394.2131748572));
#2893 = CARTESIAN_POINT('',(-2.741715030038,-19.82241007413,
    -394.2131748572));
#2894 = CARTESIAN_POINT('',(-3.192624561308,-19.75555090948,
    -394.2131748572));
#2895 = CARTESIAN_POINT('',(-3.641640794757,-19.67697626098,
    -394.2131748572));
#2896 = CARTESIAN_POINT('',(-4.088409486395,-19.58675002783,
    -394.2131748572));
#2897 = CARTESIAN_POINT('',(-4.532578487235,-19.48494907288,
    -394.2131748572));
#2898 = CARTESIAN_POINT('',(-5.415016999355,-19.25837737226,
    -394.2131748572));
#2899 = CARTESIAN_POINT('',(-5.853288245935,-19.13360618104,
    -394.2131748572));
#2900 = CARTESIAN_POINT('',(-6.288261454168,-18.99743957319,
    -394.2131748572));
#2901 = CARTESIAN_POINT('',(-6.719591004596,-18.84997984236,
    -394.2131748572));
#2902 = CARTESIAN_POINT('',(-7.146935687163,-18.69134165159,
    -394.2131748572));
#2903 = CARTESIAN_POINT('',(-7.569958701221,-18.52165203331,
    -394.2131748572));
#2904 = CARTESIAN_POINT('',(-7.988327655524,-18.34105038932,
    -394.2131748572));
#2905 = CARTESIAN_POINT('',(-8.80084679974,-17.96492525999,
    -394.2131748572));
#2906 = CARTESIAN_POINT('',(-9.195336095861,-17.7701304026,
    -394.2131748572));
#2907 = CARTESIAN_POINT('',(-9.584887355305,-17.56544056976,
    -394.2131748572));
#2908 = CARTESIAN_POINT('',(-9.969211161846,-17.3510023072,
    -394.2131748572));
#2909 = CARTESIAN_POINT('',(-10.34802378432,-17.12697205529,
    -394.2131748572));
#2910 = CARTESIAN_POINT('',(-10.72104717666,-16.89351614902,
    -394.2131748572));
#2911 = CARTESIAN_POINT('',(-11.08800897783,-16.65081081801,
    -394.2131748572));
#2912 = CARTESIAN_POINT('',(-11.82215577765,-16.13828184425,
    -394.2131748572));
#2913 = CARTESIAN_POINT('',(-12.18888207931,-15.86779828577,
    -394.2131748572));
#2914 = CARTESIAN_POINT('',(-12.5485251189,-15.58779842676,
    -394.2131748572));
#2915 = CARTESIAN_POINT('',(-12.90079706401,-15.29849922181,
    -394.2131748572));
#2916 = CARTESIAN_POINT('',(-13.24541854771,-15.00012766442,
    -394.2131748572));
#2917 = CARTESIAN_POINT('',(-13.58211866863,-14.69292078698,
    -394.2131748572));
#2918 = CARTESIAN_POINT('',(-13.9106349909,-14.37712566077,
    -394.2131748572));
#2919 = CARTESIAN_POINT('',(-14.48456906564,-13.79593361908,
    -394.2131748572));
#2920 = CARTESIAN_POINT('',(-14.73311771971,-13.53362685235,
    -394.2131748572));
#2921 = CARTESIAN_POINT('',(-14.97623300275,-13.26620721711,
    -394.2131748572));
#2922 = CARTESIAN_POINT('',(-15.21379236094,-12.99380620814,
    -394.2131748572));
#2923 = CARTESIAN_POINT('',(-15.44567719036,-12.71655869373,
    -394.2131748572));
#2924 = CARTESIAN_POINT('',(-15.67177283689,-12.43460291567,
    -394.2131748572));
#2925 = CARTESIAN_POINT('',(-15.89196859631,-12.14808048925,
    -394.2131748572));
#2926 = CARTESIAN_POINT('',(-17.04662823264,-10.57964696731,
    -394.2131748572));
#2927 = CARTESIAN_POINT('',(-17.87155905638,-9.216550090544,
    -394.2131748572));
#2928 = CARTESIAN_POINT('',(-18.57142343549,-7.780550600735,
    -394.2131748572));
#2929 = CARTESIAN_POINT('',(-19.13892147186,-6.285155133348,
    -394.2131748572));
#2930 = CARTESIAN_POINT('',(-19.56846622974,-4.744456289871,
    -394.2131748572));
#2931 = CARTESIAN_POINT('',(-19.85620201759,-3.173115206535,
    -394.2131748572));
#2932 = CARTESIAN_POINT('',(-20.,-1.586336677651,-394.2131748572));
#2933 = CARTESIAN_POINT('',(-20.,-3.552713678801E-15,-394.2131748572));
#2934 = PCURVE('',#2577,#2935);
#2935 = DEFINITIONAL_REPRESENTATION('',(#2936),#3044);
#2936 = B_SPLINE_CURVE_WITH_KNOTS('',8,(#2937,#2938,#2939,#2940,#2941,
    #2942,#2943,#2944,#2945,#2946,#2947,#2948,#2949,#2950,#2951,#2952,
    #2953,#2954,#2955,#2956,#2957,#2958,#2959,#2960,#2961,#2962,#2963,
    #2964,#2965,#2966,#2967,#2968,#2969,#2970,#2971,#2972,#2973,#2974,
    #2975,#2976,#2977,#2978,#2979,#2980,#2981,#2982,#2983,#2984,#2985,
    #2986,#2987,#2988,#2989,#2990,#2991,#2992,#2993,#2994,#2995,#2996,
    #2997,#2998,#2999,#3000,#3001,#3002,#3003,#3004,#3005,#3006,#3007,
    #3008,#3009,#3010,#3011,#3012,#3013,#3014,#3015,#3016,#3017,#3018,
    #3019,#3020,#3021,#3022,#3023,#3024,#3025,#3026,#3027,#3028,#3029,
    #3030,#3031,#3032,#3033,#3034,#3035,#3036,#3037,#3038,#3039,#3040,
    #3041,#3042,#3043),.UNSPECIFIED.,.F.,.F.,(9,7,7,7,7,7,7,7,7,7,7,7,7,
    7,7,9),(0.,5.800122731179E-02,0.116002454624,0.174003681935,
    0.232004909247,0.290006136559,0.348007363871,0.406008591183,
    0.464009818495,0.522011045807,0.580012273119,0.63801350043,
    0.694014691023,0.752015918335,0.798016912945,1.),.UNSPECIFIED.);
#2937 = CARTESIAN_POINT('',(3.14159265359,4.737751587948));
#2938 = CARTESIAN_POINT('',(3.118816124234,4.737751587948));
#2939 = CARTESIAN_POINT('',(3.096039579979,4.737751587948));
#2940 = CARTESIAN_POINT('',(3.07326302579,4.737751587948));
#2941 = CARTESIAN_POINT('',(3.050486466636,4.737751587948));
#2942 = CARTESIAN_POINT('',(3.027709907481,4.737751587948));
#2943 = CARTESIAN_POINT('',(3.004933353293,4.737751587948));
#2944 = CARTESIAN_POINT('',(2.982156809038,4.737751587948));
#2945 = CARTESIAN_POINT('',(2.936603750326,4.737751587948));
#2946 = CARTESIAN_POINT('',(2.913827206071,4.737751587948));
#2947 = CARTESIAN_POINT('',(2.891050651882,4.737751587948));
#2948 = CARTESIAN_POINT('',(2.868274092728,4.737751587948));
#2949 = CARTESIAN_POINT('',(2.845497533573,4.737751587948));
#2950 = CARTESIAN_POINT('',(2.822720979385,4.737751587948));
#2951 = CARTESIAN_POINT('',(2.799944435129,4.737751587948));
#2952 = CARTESIAN_POINT('',(2.754391376418,4.737751587948));
#2953 = CARTESIAN_POINT('',(2.731614832162,4.737751587948));
#2954 = CARTESIAN_POINT('',(2.708838277974,4.737751587948));
#2955 = CARTESIAN_POINT('',(2.686061718819,4.737751587948));
#2956 = CARTESIAN_POINT('',(2.663285159665,4.737751587948));
#2957 = CARTESIAN_POINT('',(2.640508605476,4.737751587948));
#2958 = CARTESIAN_POINT('',(2.617732061221,4.737751587948));
#2959 = CARTESIAN_POINT('',(2.572179002509,4.737751587948));
#2960 = CARTESIAN_POINT('',(2.549402458254,4.737751587948));
#2961 = CARTESIAN_POINT('',(2.526625904066,4.737751587948));
#2962 = CARTESIAN_POINT('',(2.503849344911,4.737751587948));
#2963 = CARTESIAN_POINT('',(2.481072785756,4.737751587948));
#2964 = CARTESIAN_POINT('',(2.458296231568,4.737751587948));
#2965 = CARTESIAN_POINT('',(2.435519687313,4.737751587948));
#2966 = CARTESIAN_POINT('',(2.389966628601,4.737751587948));
#2967 = CARTESIAN_POINT('',(2.367190084346,4.737751587948));
#2968 = CARTESIAN_POINT('',(2.344413530158,4.737751587948));
#2969 = CARTESIAN_POINT('',(2.321636971003,4.737751587948));
#2970 = CARTESIAN_POINT('',(2.298860411848,4.737751587948));
#2971 = CARTESIAN_POINT('',(2.27608385766,4.737751587948));
#2972 = CARTESIAN_POINT('',(2.253307313405,4.737751587948));
#2973 = CARTESIAN_POINT('',(2.207754254693,4.737751587948));
#2974 = CARTESIAN_POINT('',(2.184977710438,4.737751587948));
#2975 = CARTESIAN_POINT('',(2.16220115625,4.737751587948));
#2976 = CARTESIAN_POINT('',(2.139424597095,4.737751587948));
#2977 = CARTESIAN_POINT('',(2.11664803794,4.737751587948));
#2978 = CARTESIAN_POINT('',(2.093871483752,4.737751587948));
#2979 = CARTESIAN_POINT('',(2.071094939496,4.737751587948));
#2980 = CARTESIAN_POINT('',(2.025541880785,4.737751587948));
#2981 = CARTESIAN_POINT('',(2.00276533653,4.737751587948));
#2982 = CARTESIAN_POINT('',(1.979988782341,4.737751587948));
#2983 = CARTESIAN_POINT('',(1.957212223187,4.737751587948));
#2984 = CARTESIAN_POINT('',(1.934435664032,4.737751587948));
#2985 = CARTESIAN_POINT('',(1.911659109844,4.737751587948));
#2986 = CARTESIAN_POINT('',(1.888882565588,4.737751587948));
#2987 = CARTESIAN_POINT('',(1.843329506877,4.737751587948));
#2988 = CARTESIAN_POINT('',(1.820552962621,4.737751587948));
#2989 = CARTESIAN_POINT('',(1.797776408433,4.737751587948));
#2990 = CARTESIAN_POINT('',(1.774999849278,4.737751587948));
#2991 = CARTESIAN_POINT('',(1.752223290124,4.737751587948));
#2992 = CARTESIAN_POINT('',(1.729446735935,4.737751587948));
#2993 = CARTESIAN_POINT('',(1.70667019168,4.737751587948));
#2994 = CARTESIAN_POINT('',(1.661117132968,4.737751587948));
#2995 = CARTESIAN_POINT('',(1.638340588713,4.737751587948));
#2996 = CARTESIAN_POINT('',(1.615564034525,4.737751587948));
#2997 = CARTESIAN_POINT('',(1.59278747537,4.737751587948));
#2998 = CARTESIAN_POINT('',(1.570010916215,4.737751587948));
#2999 = CARTESIAN_POINT('',(1.547234362027,4.737751587948));
#3000 = CARTESIAN_POINT('',(1.524457817772,4.737751587948));
#3001 = CARTESIAN_POINT('',(1.47890475906,4.737751587948));
#3002 = CARTESIAN_POINT('',(1.456128214805,4.737751587948));
#3003 = CARTESIAN_POINT('',(1.433351660617,4.737751587948));
#3004 = CARTESIAN_POINT('',(1.410575101462,4.737751587948));
#3005 = CARTESIAN_POINT('',(1.387798542307,4.737751587948));
#3006 = CARTESIAN_POINT('',(1.365021988119,4.737751587948));
#3007 = CARTESIAN_POINT('',(1.342245443864,4.737751587948));
#3008 = CARTESIAN_POINT('',(1.296692385152,4.737751587948));
#3009 = CARTESIAN_POINT('',(1.273915840897,4.737751587948));
#3010 = CARTESIAN_POINT('',(1.251139286708,4.737751587948));
#3011 = CARTESIAN_POINT('',(1.228362727554,4.737751587948));
#3012 = CARTESIAN_POINT('',(1.205586168399,4.737751587948));
#3013 = CARTESIAN_POINT('',(1.182809614211,4.737751587948));
#3014 = CARTESIAN_POINT('',(1.160033069955,4.737751587948));
#3015 = CARTESIAN_POINT('',(1.115265406608,4.737751587948));
#3016 = CARTESIAN_POINT('',(1.093274260116,4.737751587948));
#3017 = CARTESIAN_POINT('',(1.071283105291,4.737751587948));
#3018 = CARTESIAN_POINT('',(1.049291946299,4.737751587948));
#3019 = CARTESIAN_POINT('',(1.027300787307,4.737751587948));
#3020 = CARTESIAN_POINT('',(1.005309632482,4.737751587948));
#3021 = CARTESIAN_POINT('',(0.98331848599,4.737751587948));
#3022 = CARTESIAN_POINT('',(0.938550822643,4.737751587948));
#3023 = CARTESIAN_POINT('',(0.915774278387,4.737751587948));
#3024 = CARTESIAN_POINT('',(0.892997724199,4.737751587948));
#3025 = CARTESIAN_POINT('',(0.870221165044,4.737751587948));
#3026 = CARTESIAN_POINT('',(0.84744460589,4.737751587948));
#3027 = CARTESIAN_POINT('',(0.824668051701,4.737751587948));
#3028 = CARTESIAN_POINT('',(0.801891507446,4.737751587948));
#3029 = CARTESIAN_POINT('',(0.761050825784,4.737751587948));
#3030 = CARTESIAN_POINT('',(0.742986668804,4.737751587948));
#3031 = CARTESIAN_POINT('',(0.72492250871,4.737751587948));
#3032 = CARTESIAN_POINT('',(0.706858347058,4.737751587948));
#3033 = CARTESIAN_POINT('',(0.688794185406,4.737751587948));
#3034 = CARTESIAN_POINT('',(0.670730025311,4.737751587948));
#3035 = CARTESIAN_POINT('',(0.652665868332,4.737751587948));
#3036 = CARTESIAN_POINT('',(0.555284882143,4.737751587948));
#3037 = CARTESIAN_POINT('',(0.475945968155,4.737751587948));
#3038 = CARTESIAN_POINT('',(0.396618466129,4.737751587948));
#3039 = CARTESIAN_POINT('',(0.317300858013,4.737751587948));
#3040 = CARTESIAN_POINT('',(0.237983249895,4.737751587948));
#3041 = CARTESIAN_POINT('',(0.15865574787,4.737751587948));
#3042 = CARTESIAN_POINT('',(7.931683388256E-02,4.737751587948));
#3043 = CARTESIAN_POINT('',(0.,4.737751587948));
#3044 = ( GEOMETRIC_REPRESENTATION_CONTEXT(2) 
PARAMETRIC_REPRESENTATION_CONTEXT() REPRESENTATION_CONTEXT('2D SPACE',''
  ) );
#3045 = PCURVE('',#3046,#3051);
#3046 = CYLINDRICAL_SURFACE('',#3047,20.);
#3047 = AXIS2_PLACEMENT_3D('',#3048,#3049,#3050);
#3048 = CARTESIAN_POINT('',(0.,0.,-396.2));
#3049 = DIRECTION('',(0.,0.,1.));
#3050 = DIRECTION('',(1.,0.,-0.));
#3051 = DEFINITIONAL_REPRESENTATION('',(#3052),#3160);
#3052 = B_SPLINE_CURVE_WITH_KNOTS('',8,(#3053,#3054,#3055,#3056,#3057,
    #3058,#3059,#3060,#3061,#3062,#3063,#3064,#3065,#3066,#3067,#3068,
    #3069,#3070,#3071,#3072,#3073,#3074,#3075,#3076,#3077,#3078,#3079,
    #3080,#3081,#3082,#3083,#3084,#3085,#3086,#3087,#3088,#3089,#3090,
    #3091,#3092,#3093,#3094,#3095,#3096,#3097,#3098,#3099,#3100,#3101,
    #3102,#3103,#3104,#3105,#3106,#3107,#3108,#3109,#3110,#3111,#3112,
    #3113,#3114,#3115,#3116,#3117,#3118,#3119,#3120,#3121,#3122,#3123,
    #3124,#3125,#3126,#3127,#3128,#3129,#3130,#3131,#3132,#3133,#3134,
    #3135,#3136,#3137,#3138,#3139,#3140,#3141,#3142,#3143,#3144,#3145,
    #3146,#3147,#3148,#3149,#3150,#3151,#3152,#3153,#3154,#3155,#3156,
    #3157,#3158,#3159),.UNSPECIFIED.,.F.,.F.,(9,7,7,7,7,7,7,7,7,7,7,7,7,
    7,7,9),(0.,5.800122731179E-02,0.116002454624,0.174003681935,
    0.232004909247,0.290006136559,0.348007363871,0.406008591183,
    0.464009818495,0.522011045807,0.580012273119,0.63801350043,
    0.694014691023,0.752015918335,0.798016912945,1.),.UNSPECIFIED.);
#3053 = CARTESIAN_POINT('',(6.28318530718,1.986825142713));
#3054 = CARTESIAN_POINT('',(6.260408777824,1.986825142713));
#3055 = CARTESIAN_POINT('',(6.237632233569,1.986825142713));
#3056 = CARTESIAN_POINT('',(6.21485567938,1.986825142713));
#3057 = CARTESIAN_POINT('',(6.192079120226,1.986825142713));
#3058 = CARTESIAN_POINT('',(6.169302561071,1.986825142713));
#3059 = CARTESIAN_POINT('',(6.146526006883,1.986825142713));
#3060 = CARTESIAN_POINT('',(6.123749462627,1.986825142713));
#3061 = CARTESIAN_POINT('',(6.078196403916,1.986825142713));
#3062 = CARTESIAN_POINT('',(6.05541985966,1.986825142713));
#3063 = CARTESIAN_POINT('',(6.032643305472,1.986825142713));
#3064 = CARTESIAN_POINT('',(6.009866746317,1.986825142713));
#3065 = CARTESIAN_POINT('',(5.987090187163,1.986825142713));
#3066 = CARTESIAN_POINT('',(5.964313632974,1.986825142713));
#3067 = CARTESIAN_POINT('',(5.941537088719,1.986825142713));
#3068 = CARTESIAN_POINT('',(5.895984030007,1.986825142713));
#3069 = CARTESIAN_POINT('',(5.873207485752,1.986825142713));
#3070 = CARTESIAN_POINT('',(5.850430931564,1.986825142713));
#3071 = CARTESIAN_POINT('',(5.827654372409,1.986825142713));
#3072 = CARTESIAN_POINT('',(5.804877813254,1.986825142713));
#3073 = CARTESIAN_POINT('',(5.782101259066,1.986825142713));
#3074 = CARTESIAN_POINT('',(5.759324714811,1.986825142713));
#3075 = CARTESIAN_POINT('',(5.713771656099,1.986825142713));
#3076 = CARTESIAN_POINT('',(5.690995111844,1.986825142713));
#3077 = CARTESIAN_POINT('',(5.668218557656,1.986825142713));
#3078 = CARTESIAN_POINT('',(5.645441998501,1.986825142713));
#3079 = CARTESIAN_POINT('',(5.622665439346,1.986825142713));
#3080 = CARTESIAN_POINT('',(5.599888885158,1.986825142713));
#3081 = CARTESIAN_POINT('',(5.577112340903,1.986825142713));
#3082 = CARTESIAN_POINT('',(5.531559282191,1.986825142713));
#3083 = CARTESIAN_POINT('',(5.508782737936,1.986825142713));
#3084 = CARTESIAN_POINT('',(5.486006183748,1.986825142713));
#3085 = CARTESIAN_POINT('',(5.463229624593,1.986825142713));
#3086 = CARTESIAN_POINT('',(5.440453065438,1.986825142713));
#3087 = CARTESIAN_POINT('',(5.41767651125,1.986825142713));
#3088 = CARTESIAN_POINT('',(5.394899966995,1.986825142713));
#3089 = CARTESIAN_POINT('',(5.349346908283,1.986825142713));
#3090 = CARTESIAN_POINT('',(5.326570364028,1.986825142713));
#3091 = CARTESIAN_POINT('',(5.303793809839,1.986825142713));
#3092 = CARTESIAN_POINT('',(5.281017250685,1.986825142713));
#3093 = CARTESIAN_POINT('',(5.25824069153,1.986825142713));
#3094 = CARTESIAN_POINT('',(5.235464137342,1.986825142713));
#3095 = CARTESIAN_POINT('',(5.212687593086,1.986825142713));
#3096 = CARTESIAN_POINT('',(5.167134534375,1.986825142713));
#3097 = CARTESIAN_POINT('',(5.144357990119,1.986825142713));
#3098 = CARTESIAN_POINT('',(5.121581435931,1.986825142713));
#3099 = CARTESIAN_POINT('',(5.098804876776,1.986825142713));
#3100 = CARTESIAN_POINT('',(5.076028317622,1.986825142713));
#3101 = CARTESIAN_POINT('',(5.053251763433,1.986825142713));
#3102 = CARTESIAN_POINT('',(5.030475219178,1.986825142713));
#3103 = CARTESIAN_POINT('',(4.984922160466,1.986825142713));
#3104 = CARTESIAN_POINT('',(4.962145616211,1.986825142713));
#3105 = CARTESIAN_POINT('',(4.939369062023,1.986825142713));
#3106 = CARTESIAN_POINT('',(4.916592502868,1.986825142713));
#3107 = CARTESIAN_POINT('',(4.893815943713,1.986825142713));
#3108 = CARTESIAN_POINT('',(4.871039389525,1.986825142713));
#3109 = CARTESIAN_POINT('',(4.84826284527,1.986825142713));
#3110 = CARTESIAN_POINT('',(4.802709786558,1.986825142713));
#3111 = CARTESIAN_POINT('',(4.779933242303,1.986825142713));
#3112 = CARTESIAN_POINT('',(4.757156688115,1.986825142713));
#3113 = CARTESIAN_POINT('',(4.73438012896,1.986825142713));
#3114 = CARTESIAN_POINT('',(4.711603569805,1.986825142713));
#3115 = CARTESIAN_POINT('',(4.688827015617,1.986825142713));
#3116 = CARTESIAN_POINT('',(4.666050471362,1.986825142713));
#3117 = CARTESIAN_POINT('',(4.62049741265,1.986825142713));
#3118 = CARTESIAN_POINT('',(4.597720868395,1.986825142713));
#3119 = CARTESIAN_POINT('',(4.574944314206,1.986825142713));
#3120 = CARTESIAN_POINT('',(4.552167755052,1.986825142713));
#3121 = CARTESIAN_POINT('',(4.529391195897,1.986825142713));
#3122 = CARTESIAN_POINT('',(4.506614641709,1.986825142713));
#3123 = CARTESIAN_POINT('',(4.483838097453,1.986825142713));
#3124 = CARTESIAN_POINT('',(4.438285038742,1.986825142713));
#3125 = CARTESIAN_POINT('',(4.415508494487,1.986825142713));
#3126 = CARTESIAN_POINT('',(4.392731940298,1.986825142713));
#3127 = CARTESIAN_POINT('',(4.369955381144,1.986825142713));
#3128 = CARTESIAN_POINT('',(4.347178821989,1.986825142713));
#3129 = CARTESIAN_POINT('',(4.324402267801,1.986825142713));
#3130 = CARTESIAN_POINT('',(4.301625723545,1.986825142713));
#3131 = CARTESIAN_POINT('',(4.256858060198,1.986825142713));
#3132 = CARTESIAN_POINT('',(4.234866913706,1.986825142713));
#3133 = CARTESIAN_POINT('',(4.212875758881,1.986825142713));
#3134 = CARTESIAN_POINT('',(4.190884599889,1.986825142713));
#3135 = CARTESIAN_POINT('',(4.168893440897,1.986825142713));
#3136 = CARTESIAN_POINT('',(4.146902286072,1.986825142713));
#3137 = CARTESIAN_POINT('',(4.12491113958,1.986825142713));
#3138 = CARTESIAN_POINT('',(4.080143476233,1.986825142713));
#3139 = CARTESIAN_POINT('',(4.057366931977,1.986825142713));
#3140 = CARTESIAN_POINT('',(4.034590377789,1.986825142713));
#3141 = CARTESIAN_POINT('',(4.011813818634,1.986825142713));
#3142 = CARTESIAN_POINT('',(3.98903725948,1.986825142713));
#3143 = CARTESIAN_POINT('',(3.966260705291,1.986825142713));
#3144 = CARTESIAN_POINT('',(3.943484161036,1.986825142713));
#3145 = CARTESIAN_POINT('',(3.902643479373,1.986825142713));
#3146 = CARTESIAN_POINT('',(3.884579322394,1.986825142713));
#3147 = CARTESIAN_POINT('',(3.8665151623,1.986825142713));
#3148 = CARTESIAN_POINT('',(3.848451000648,1.986825142713));
#3149 = CARTESIAN_POINT('',(3.830386838996,1.986825142713));
#3150 = CARTESIAN_POINT('',(3.812322678901,1.986825142713));
#3151 = CARTESIAN_POINT('',(3.794258521922,1.986825142713));
#3152 = CARTESIAN_POINT('',(3.696877535732,1.986825142713));
#3153 = CARTESIAN_POINT('',(3.617538621745,1.986825142713));
#3154 = CARTESIAN_POINT('',(3.538211119719,1.986825142713));
#3155 = CARTESIAN_POINT('',(3.458893511603,1.986825142713));
#3156 = CARTESIAN_POINT('',(3.379575903485,1.986825142713));
#3157 = CARTESIAN_POINT('',(3.30024840146,1.986825142713));
#3158 = CARTESIAN_POINT('',(3.220909487472,1.986825142713));
#3159 = CARTESIAN_POINT('',(3.14159265359,1.986825142713));
#3160 = ( GEOMETRIC_REPRESENTATION_CONTEXT(2) 
PARAMETRIC_REPRESENTATION_CONTEXT() REPRESENTATION_CONTEXT('2D SPACE',''
  ) );
#3161 = ORIENTED_EDGE('',*,*,#3162,.F.);
#3162 = EDGE_CURVE('',#2797,#2823,#3163,.T.);
#3163 = SURFACE_CURVE('',#3164,(#3195,#3229),.PCURVE_S1.);
#3164 = B_SPLINE_CURVE_WITH_KNOTS('',8,(#3165,#3166,#3167,#3168,#3169,
    #3170,#3171,#3172,#3173,#3174,#3175,#3176,#3177,#3178,#3179,#3180,
    #3181,#3182,#3183,#3184,#3185,#3186,#3187,#3188,#3189,#3190,#3191,
    #3192,#3193,#3194),.UNSPECIFIED.,.F.,.F.,(9,7,7,7,9),(0.,0.25,
    0.500000000001,0.750000000001,1.),.UNSPECIFIED.);
#3165 = CARTESIAN_POINT('',(-20.,2.449293598295E-15,-394.2131748572));
#3166 = CARTESIAN_POINT('',(-20.,1.963018789948,-394.2131748572));
#3167 = CARTESIAN_POINT('',(-19.77980297764,3.927310564947,
    -394.2131748572));
#3168 = CARTESIAN_POINT('',(-19.33891205515,5.862072611202,
    -394.2131748572));
#3169 = CARTESIAN_POINT('',(-18.68258479839,7.738580003656,
    -394.2131748572));
#3170 = CARTESIAN_POINT('',(-17.81978715014,9.529564559809,
    -394.2131748572));
#3171 = CARTESIAN_POINT('',(-16.76346074833,11.209404883713,
    -394.2131748572));
#3172 = CARTESIAN_POINT('',(-15.53019952169,12.754071725764,
    -394.2131748572));
#3173 = CARTESIAN_POINT('',(-12.75407172576,15.530199521701,
    -394.2131748572));
#3174 = CARTESIAN_POINT('',(-11.20940488373,16.763460748316,
    -394.2131748572));
#3175 = CARTESIAN_POINT('',(-9.529564559753,17.81978715018,
    -394.2131748572));
#3176 = CARTESIAN_POINT('',(-7.738580003739,18.682584798349,
    -394.2131748572));
#3177 = CARTESIAN_POINT('',(-5.862072611136,19.33891205518,
    -394.2131748572));
#3178 = CARTESIAN_POINT('',(-3.927310564982,19.779802977636,
    -394.2131748572));
#3179 = CARTESIAN_POINT('',(-1.963018789942,20.,-394.2131748572));
#3180 = CARTESIAN_POINT('',(1.963018789931,20.,-394.2131748572));
#3181 = CARTESIAN_POINT('',(3.927310565005,19.779802977641,
    -394.2131748572));
#3182 = CARTESIAN_POINT('',(5.862072611092,19.338912055169,
    -394.2131748572));
#3183 = CARTESIAN_POINT('',(7.738580003765,18.68258479837,
    -394.2131748572));
#3184 = CARTESIAN_POINT('',(9.529564559741,17.819787150164,
    -394.2131748572));
#3185 = CARTESIAN_POINT('',(11.209404883732,16.763460748327,
    -394.2131748572));
#3186 = CARTESIAN_POINT('',(12.75407172576,15.530199521701,
    -394.2131748572));
#3187 = CARTESIAN_POINT('',(15.530199521691,12.754071725772,
    -394.2131748572));
#3188 = CARTESIAN_POINT('',(16.763460748353,11.209404883699,
    -394.2131748572));
#3189 = CARTESIAN_POINT('',(17.819787150108,9.529564559838,
    -394.2131748572));
#3190 = CARTESIAN_POINT('',(18.682584798425,7.738580003635,
    -394.2131748572));
#3191 = CARTESIAN_POINT('',(19.338912055135,5.862072611213,
    -394.2131748572));
#3192 = CARTESIAN_POINT('',(19.77980297765,3.927310564947,
    -394.2131748572));
#3193 = CARTESIAN_POINT('',(20.,1.963018789948,-394.2131748572));
#3194 = CARTESIAN_POINT('',(20.,-6.890185696795E-15,-394.2131748572));
#3195 = PCURVE('',#2577,#3196);
#3196 = DEFINITIONAL_REPRESENTATION('',(#3197),#3228);
#3197 = B_SPLINE_CURVE_WITH_KNOTS('',8,(#3198,#3199,#3200,#3201,#3202,
    #3203,#3204,#3205,#3206,#3207,#3208,#3209,#3210,#3211,#3212,#3213,
    #3214,#3215,#3216,#3217,#3218,#3219,#3220,#3221,#3222,#3223,#3224,
    #3225,#3226,#3227),.UNSPECIFIED.,.F.,.F.,(9,7,7,7,9),(0.,0.25,
    0.500000000001,0.750000000001,1.),.UNSPECIFIED.);
#3198 = CARTESIAN_POINT('',(6.28318530718,4.737751587948));
#3199 = CARTESIAN_POINT('',(6.185034367682,4.737751587948));
#3200 = CARTESIAN_POINT('',(6.086819859393,4.737751587948));
#3201 = CARTESIAN_POINT('',(5.98864044055,4.737751587948));
#3202 = CARTESIAN_POINT('',(5.89048622548,4.737751587948));
#3203 = CARTESIAN_POINT('',(5.792332010413,4.737751587948));
#3204 = CARTESIAN_POINT('',(5.694152591568,4.737751587948));
#3205 = CARTESIAN_POINT('',(5.595938083279,4.737751587948));
#3206 = CARTESIAN_POINT('',(5.399636204285,4.737751587948));
#3207 = CARTESIAN_POINT('',(5.301421695997,4.737751587948));
#3208 = CARTESIAN_POINT('',(5.203242277149,4.737751587948));
#3209 = CARTESIAN_POINT('',(5.105088062087,4.737751587948));
#3210 = CARTESIAN_POINT('',(5.006933847012,4.737751587948));
#3211 = CARTESIAN_POINT('',(4.908754428172,4.737751587948));
#3212 = CARTESIAN_POINT('',(4.810539919882,4.737751587948));
#3213 = CARTESIAN_POINT('',(4.614238040888,4.737751587948));
#3214 = CARTESIAN_POINT('',(4.516023532596,4.737751587948));
#3215 = CARTESIAN_POINT('',(4.417844113759,4.737751587948));
#3216 = CARTESIAN_POINT('',(4.319689898681,4.737751587948));
#3217 = CARTESIAN_POINT('',(4.221535683621,4.737751587948));
#3218 = CARTESIAN_POINT('',(4.123356264773,4.737751587948));
#3219 = CARTESIAN_POINT('',(4.025141756485,4.737751587948));
#3220 = CARTESIAN_POINT('',(3.82883987749,4.737751587948));
#3221 = CARTESIAN_POINT('',(3.730625369199,4.737751587948));
#3222 = CARTESIAN_POINT('',(3.632445950361,4.737751587948));
#3223 = CARTESIAN_POINT('',(3.534291735284,4.737751587948));
#3224 = CARTESIAN_POINT('',(3.436137520224,4.737751587948));
#3225 = CARTESIAN_POINT('',(3.337958101375,4.737751587948));
#3226 = CARTESIAN_POINT('',(3.239743593087,4.737751587948));
#3227 = CARTESIAN_POINT('',(3.14159265359,4.737751587948));
#3228 = ( GEOMETRIC_REPRESENTATION_CONTEXT(2) 
PARAMETRIC_REPRESENTATION_CONTEXT() REPRESENTATION_CONTEXT('2D SPACE',''
  ) );
#3229 = PCURVE('',#3046,#3230);
#3230 = DEFINITIONAL_REPRESENTATION('',(#3231),#3262);
#3231 = B_SPLINE_CURVE_WITH_KNOTS('',8,(#3232,#3233,#3234,#3235,#3236,
    #3237,#3238,#3239,#3240,#3241,#3242,#3243,#3244,#3245,#3246,#3247,
    #3248,#3249,#3250,#3251,#3252,#3253,#3254,#3255,#3256,#3257,#3258,
    #3259,#3260,#3261),.UNSPECIFIED.,.F.,.F.,(9,7,7,7,9),(0.,0.25,
    0.500000000001,0.750000000001,1.),.UNSPECIFIED.);
#3232 = CARTESIAN_POINT('',(3.14159265359,1.986825142713));
#3233 = CARTESIAN_POINT('',(3.043441714092,1.986825142713));
#3234 = CARTESIAN_POINT('',(2.945227205804,1.986825142713));
#3235 = CARTESIAN_POINT('',(2.847047786957,1.986825142713));
#3236 = CARTESIAN_POINT('',(2.748893571894,1.986825142713));
#3237 = CARTESIAN_POINT('',(2.650739356821,1.986825142713));
#3238 = CARTESIAN_POINT('',(2.55255993798,1.986825142713));
#3239 = CARTESIAN_POINT('',(2.45434542969,1.986825142713));
#3240 = CARTESIAN_POINT('',(2.258043550695,1.986825142713));
#3241 = CARTESIAN_POINT('',(2.159829042407,1.986825142713));
#3242 = CARTESIAN_POINT('',(2.06164962356,1.986825142713));
#3243 = CARTESIAN_POINT('',(1.963495408496,1.986825142713));
#3244 = CARTESIAN_POINT('',(1.865341193423,1.986825142713));
#3245 = CARTESIAN_POINT('',(1.767161774582,1.986825142713));
#3246 = CARTESIAN_POINT('',(1.668947266292,1.986825142713));
#3247 = CARTESIAN_POINT('',(1.472645387298,1.986825142713));
#3248 = CARTESIAN_POINT('',(1.374430879006,1.986825142713));
#3249 = CARTESIAN_POINT('',(1.27625146017,1.986825142713));
#3250 = CARTESIAN_POINT('',(1.17809724509,1.986825142713));
#3251 = CARTESIAN_POINT('',(1.079943030032,1.986825142713));
#3252 = CARTESIAN_POINT('',(0.981763611183,1.986825142713));
#3253 = CARTESIAN_POINT('',(0.883549102895,1.986825142713));
#3254 = CARTESIAN_POINT('',(0.687247223901,1.986825142713));
#3255 = CARTESIAN_POINT('',(0.58903271561,1.986825142713));
#3256 = CARTESIAN_POINT('',(0.49085329677,1.986825142714));
#3257 = CARTESIAN_POINT('',(0.392699081696,1.986825142713));
#3258 = CARTESIAN_POINT('',(0.294544866632,1.986825142714));
#3259 = CARTESIAN_POINT('',(0.196365447786,1.986825142713));
#3260 = CARTESIAN_POINT('',(9.815093949739E-02,1.986825142713));
#3261 = CARTESIAN_POINT('',(0.,1.986825142713));
#3262 = ( GEOMETRIC_REPRESENTATION_CONTEXT(2) 
PARAMETRIC_REPRESENTATION_CONTEXT() REPRESENTATION_CONTEXT('2D SPACE',''
  ) );
#3263 = ORIENTED_EDGE('',*,*,#2796,.T.);
#3264 = ORIENTED_EDGE('',*,*,#3265,.T.);
#3265 = EDGE_CURVE('',#2799,#3266,#3268,.T.);
#3266 = VERTEX_POINT('',#3267);
#3267 = CARTESIAN_POINT('',(43.54,-1.066422432698E-14,-393.7385719444));
#3268 = SURFACE_CURVE('',#3269,(#3377,#3488),.PCURVE_S1.);
#3269 = B_SPLINE_CURVE_WITH_KNOTS('',8,(#3270,#3271,#3272,#3273,#3274,
    #3275,#3276,#3277,#3278,#3279,#3280,#3281,#3282,#3283,#3284,#3285,
    #3286,#3287,#3288,#3289,#3290,#3291,#3292,#3293,#3294,#3295,#3296,
    #3297,#3298,#3299,#3300,#3301,#3302,#3303,#3304,#3305,#3306,#3307,
    #3308,#3309,#3310,#3311,#3312,#3313,#3314,#3315,#3316,#3317,#3318,
    #3319,#3320,#3321,#3322,#3323,#3324,#3325,#3326,#3327,#3328,#3329,
    #3330,#3331,#3332,#3333,#3334,#3335,#3336,#3337,#3338,#3339,#3340,
    #3341,#3342,#3343,#3344,#3345,#3346,#3347,#3348,#3349,#3350,#3351,
    #3352,#3353,#3354,#3355,#3356,#3357,#3358,#3359,#3360,#3361,#3362,
    #3363,#3364,#3365,#3366,#3367,#3368,#3369,#3370,#3371,#3372,#3373,
    #3374,#3375,#3376),.UNSPECIFIED.,.F.,.F.,(9,7,7,7,7,7,7,7,7,7,7,7,7,
    7,7,9),(0.,0.106001431826,0.156002504455,0.194003330365,0.2760048766
    ,0.322005868939,0.356006609634,0.414007833975,0.472009058316,
    0.522010130944,0.574011242739,0.634012502614,0.69001369036,
    0.748014914701,0.800016026496,1.),.UNSPECIFIED.);
#3270 = CARTESIAN_POINT('',(-43.54,5.332112163488E-15,-393.7385719444));
#3271 = CARTESIAN_POINT('',(-43.54,1.812385344411,-393.7385719444));
#3272 = CARTESIAN_POINT('',(-43.45378065456,3.6248099568,-393.7385719444
    ));
#3273 = CARTESIAN_POINT('',(-43.28133556781,5.432431024676,
    -393.7385719444));
#3274 = CARTESIAN_POINT('',(-43.02299184631,7.230460139809,
    -393.7385719444));
#3275 = CARTESIAN_POINT('',(-42.6793887635,9.014160534714,
    -393.7385719444));
#3276 = CARTESIAN_POINT('',(-42.25147055824,10.778846694511,
    -393.7385719444));
#3277 = CARTESIAN_POINT('',(-41.74049336753,12.519886344175,
    -393.7385719444));
#3278 = CARTESIAN_POINT('',(-40.86858790606,15.040644469081,
    -393.7385719444));
#3279 = CARTESIAN_POINT('',(-40.57099906419,15.842313964543,
    -393.7385719444));
#3280 = CARTESIAN_POINT('',(-40.25544442427,16.637237398181,
    -393.7385719444));
#3281 = CARTESIAN_POINT('',(-39.92210311091,17.424945185553,
    -393.7385719444));
#3282 = CARTESIAN_POINT('',(-39.57116871684,18.20497405716,
    -393.7385719444));
#3283 = CARTESIAN_POINT('',(-39.20284930288,18.976867058439,
    -393.7385719444));
#3284 = CARTESIAN_POINT('',(-38.81736739793,19.740173549772,
    -393.7385719444));
#3285 = CARTESIAN_POINT('',(-38.10913028955,21.067698867187,
    -393.7385719444));
#3286 = CARTESIAN_POINT('',(-37.79352405815,21.635733003212,
    -393.7385719444));
#3287 = CARTESIAN_POINT('',(-37.46824524873,22.198356799593,
    -393.7385719444));
#3288 = CARTESIAN_POINT('',(-37.13340229483,22.755378192588,
    -393.7385719444));
#3289 = CARTESIAN_POINT('',(-36.78910811953,23.30660786967,
    -393.7385719444));
#3290 = CARTESIAN_POINT('',(-36.43548013554,23.851859269525,
    -393.7385719444));
#3291 = CARTESIAN_POINT('',(-36.07264024509,24.390948582058,
    -393.7385719444));
#3292 = CARTESIAN_POINT('',(-34.89814127568,26.073301588312,
    -393.7385719444));
#3293 = CARTESIAN_POINT('',(-34.05325430813,27.193381555067,
    -393.7385719444));
#3294 = CARTESIAN_POINT('',(-33.16733003501,28.282104338601,
    -393.7385719444));
#3295 = CARTESIAN_POINT('',(-32.24173223785,29.337719034014,
    -393.7385719444));
#3296 = CARTESIAN_POINT('',(-31.27790884532,30.358551113888,
    -393.7385719444));
#3297 = CARTESIAN_POINT('',(-30.27739069111,31.343001488555,
    -393.7385719444));
#3298 = CARTESIAN_POINT('',(-29.24179256635,32.289547654291,
    -393.7385719444));
#3299 = CARTESIAN_POINT('',(-27.57314547482,33.705664978202,
    -393.7385719444));
#3300 = CARTESIAN_POINT('',(-26.96296741776,34.202203349258,
    -393.7385719444));
#3301 = CARTESIAN_POINT('',(-26.34258126824,34.686108436514,
    -393.7385719444));
#3302 = CARTESIAN_POINT('',(-25.71229257446,35.157135761514,
    -393.7385719444));
#3303 = CARTESIAN_POINT('',(-25.07241356018,35.615049973439,
    -393.7385719444));
#3304 = CARTESIAN_POINT('',(-24.42326312467,36.059624849109,
    -393.7385719444));
#3305 = CARTESIAN_POINT('',(-23.76516684274,36.490643292979,
    -393.7385719444));
#3306 = CARTESIAN_POINT('',(-22.60567129795,37.216302565777,
    -393.7385719444));
#3307 = CARTESIAN_POINT('',(-22.10817950906,37.517188366229,
    -393.7385719444));
#3308 = CARTESIAN_POINT('',(-21.60611563064,37.81047086072,
    -393.7385719444));
#3309 = CARTESIAN_POINT('',(-21.0996153302,38.096069123353,
    -393.7385719444));
#3310 = CARTESIAN_POINT('',(-20.58881591014,38.373905180113,
    -393.7385719444));
#3311 = CARTESIAN_POINT('',(-20.07385630778,38.643904008863,
    -393.7385719444));
#3312 = CARTESIAN_POINT('',(-19.55487709535,38.905993539349,
    -393.7385719444));
#3313 = CARTESIAN_POINT('',(-18.14008920948,39.593588025046,
    -393.7385719444));
#3314 = CARTESIAN_POINT('',(-17.23687243283,40.003854913917,
    -393.7385719444));
#3315 = CARTESIAN_POINT('',(-16.32307781269,40.390561513891,
    -393.7385719444));
#3316 = CARTESIAN_POINT('',(-15.39942311691,40.753390761613,
    -393.7385719444));
#3317 = CARTESIAN_POINT('',(-14.46663621848,41.092052336296,
    -393.7385719444));
#3318 = CARTESIAN_POINT('',(-13.52545509558,41.40628265972,
    -393.7385719444));
#3319 = CARTESIAN_POINT('',(-12.57662783159,41.695844896232,
    -393.7385719444));
#3320 = CARTESIAN_POINT('',(-10.66519739843,42.22521300926,
    -393.7385719444));
#3321 = CARTESIAN_POINT('',(-9.70259046548,42.465019928155,
    -393.7385719444));
#3322 = CARTESIAN_POINT('',(-8.733850063211,42.6797398277,
    -393.7385719444));
#3323 = CARTESIAN_POINT('',(-7.759739530669,42.869190957126,
    -393.7385719444));
#3324 = CARTESIAN_POINT('',(-6.781027298874,43.033219696633,
    -393.7385719444));
#3325 = CARTESIAN_POINT('',(-5.798486890822,43.171700557384,
    -393.7385719444));
#3326 = CARTESIAN_POINT('',(-4.812896921488,43.284536181506,
    -393.7385719444));
#3327 = CARTESIAN_POINT('',(-2.97344095754,43.446761816654,
    -393.7385719444));
#3328 = CARTESIAN_POINT('',(-2.120154548273,43.502756481742,
    -393.7385719444));
#3329 = CARTESIAN_POINT('',(-1.265683506127,43.539597142156,
    -393.7385719444));
#3330 = CARTESIAN_POINT('',(-0.410529615985,43.557255388193,
    -393.7385719444));
#3331 = CARTESIAN_POINT('',(0.44480518849,43.555718595648,
    -393.7385719444));
#3332 = CARTESIAN_POINT('',(1.299818824857,43.534989925816,
    -393.7385719444));
#3333 = CARTESIAN_POINT('',(2.154009061894,43.495088325492,
    -393.7385719444));
#3334 = CARTESIAN_POINT('',(3.893852491844,43.374647140918,
    -393.7385719444));
#3335 = CARTESIAN_POINT('',(4.779399632251,43.292545728363,
    -393.7385719444));
#3336 = CARTESIAN_POINT('',(5.662949716211,43.189783474229,
    -393.7385719444));
#3337 = CARTESIAN_POINT('',(6.543940293533,43.066417822241,
    -393.7385719444));
#3338 = CARTESIAN_POINT('',(7.421811688453,42.922524474922,
    -393.7385719444));
#3339 = CARTESIAN_POINT('',(8.296006999628,42.758197393591,
    -393.7385719444));
#3340 = CARTESIAN_POINT('',(9.16597210014,42.573548798366,
    -393.7385719444));
#3341 = CARTESIAN_POINT('',(11.029443952371,42.132355839156,
    -393.7385719444));
#3342 = CARTESIAN_POINT('',(12.021369991193,41.869120048577,
    -393.7385719444));
#3343 = CARTESIAN_POINT('',(13.006086016711,41.579202643605,
    -393.7385719444));
#3344 = CARTESIAN_POINT('',(13.982754799861,41.262835480866,
    -393.7385719444));
#3345 = CARTESIAN_POINT('',(14.950549619765,40.920281426439,
    -393.7385719444));
#3346 = CARTESIAN_POINT('',(15.908654263733,40.551834355851,
    -393.7385719444));
#3347 = CARTESIAN_POINT('',(16.856263027257,40.157819154079,
    -393.7385719444));
#3348 = CARTESIAN_POINT('',(18.666477406762,39.347312690046,
    -393.7385719444));
#3349 = CARTESIAN_POINT('',(19.530541657163,38.934069523692,
    -393.7385719444));
#3350 = CARTESIAN_POINT('',(20.384127341393,38.499151609688,
    -393.7385719444));
#3351 = CARTESIAN_POINT('',(21.226600440422,38.042870035763,
    -393.7385719444));
#3352 = CARTESIAN_POINT('',(22.057339040012,37.565557584174,
    -393.7385719444));
#3353 = CARTESIAN_POINT('',(22.875733330719,37.067568731705,
    -393.7385719444));
#3354 = CARTESIAN_POINT('',(23.681185607893,36.549279649672,
    -393.7385719444));
#3355 = CARTESIAN_POINT('',(25.293317876799,35.453675691079,
    -393.7385719444));
#3356 = CARTESIAN_POINT('',(26.099017420816,34.874911740496,
    -393.7385719444));
#3357 = CARTESIAN_POINT('',(26.88955825269,34.27523866674,
    -393.7385719444));
#3358 = CARTESIAN_POINT('',(27.664307874833,33.655120869027,
    -393.7385719444));
#3359 = CARTESIAN_POINT('',(28.422651943105,33.015044831226,
    -393.7385719444));
#3360 = CARTESIAN_POINT('',(29.163994266816,32.355519121853,
    -393.7385719444));
#3361 = CARTESIAN_POINT('',(29.887756808724,31.677074394072,
    -393.7385719444));
#3362 = CARTESIAN_POINT('',(31.226007263041,30.35553610523,
    -393.7385719444));
#3363 = CARTESIAN_POINT('',(31.844056018921,29.716044029295,
    -393.7385719444));
#3364 = CARTESIAN_POINT('',(32.447122849913,29.062185306714,
    -393.7385719444));
#3365 = CARTESIAN_POINT('',(33.034818658973,28.39437012462,
    -393.7385719444));
#3366 = CARTESIAN_POINT('',(33.606768354773,27.713020708464,
    -393.7385719444));
#3367 = CARTESIAN_POINT('',(34.162610851701,27.018571322008,
    -393.7385719444));
#3368 = CARTESIAN_POINT('',(34.701999069862,26.31146826733,
    -393.7385719444));
#3369 = CARTESIAN_POINT('',(37.234399225457,22.825918477771,
    -393.7385719444));
#3370 = CARTESIAN_POINT('',(38.996465866413,19.878542708875,
    -393.7385719444));
#3371 = CARTESIAN_POINT('',(40.490858627797,16.776999367602,
    -393.7385719444));
#3372 = CARTESIAN_POINT('',(41.702289894514,13.54989536467,
    -393.7385719444));
#3373 = CARTESIAN_POINT('',(42.619065552694,10.227051951182,
    -393.7385719444));
#3374 = CARTESIAN_POINT('',(43.233117847837,6.839468652879,
    -393.7385719444));
#3375 = CARTESIAN_POINT('',(43.54,3.419274781974,-393.7385719444));
#3376 = CARTESIAN_POINT('',(43.54,-1.499993426192E-14,-393.7385719444));
#3377 = PCURVE('',#2577,#3378);
#3378 = DEFINITIONAL_REPRESENTATION('',(#3379),#3487);
#3379 = B_SPLINE_CURVE_WITH_KNOTS('',8,(#3380,#3381,#3382,#3383,#3384,
    #3385,#3386,#3387,#3388,#3389,#3390,#3391,#3392,#3393,#3394,#3395,
    #3396,#3397,#3398,#3399,#3400,#3401,#3402,#3403,#3404,#3405,#3406,
    #3407,#3408,#3409,#3410,#3411,#3412,#3413,#3414,#3415,#3416,#3417,
    #3418,#3419,#3420,#3421,#3422,#3423,#3424,#3425,#3426,#3427,#3428,
    #3429,#3430,#3431,#3432,#3433,#3434,#3435,#3436,#3437,#3438,#3439,
    #3440,#3441,#3442,#3443,#3444,#3445,#3446,#3447,#3448,#3449,#3450,
    #3451,#3452,#3453,#3454,#3455,#3456,#3457,#3458,#3459,#3460,#3461,
    #3462,#3463,#3464,#3465,#3466,#3467,#3468,#3469,#3470,#3471,#3472,
    #3473,#3474,#3475,#3476,#3477,#3478,#3479,#3480,#3481,#3482,#3483,
    #3484,#3485,#3486),.UNSPECIFIED.,.F.,.F.,(9,7,7,7,7,7,7,7,7,7,7,7,7,
    7,7,9),(0.,0.106001431826,0.156002504455,0.194003330365,0.2760048766
    ,0.322005868939,0.356006609634,0.414007833975,0.472009058316,
    0.522010130944,0.574011242739,0.634012502614,0.69001369036,
    0.748014914701,0.800016026496,1.),.UNSPECIFIED.);
#3380 = CARTESIAN_POINT('',(6.28318530718,4.767625541911));
#3381 = CARTESIAN_POINT('',(6.241559552829,4.767625541911));
#3382 = CARTESIAN_POINT('',(6.199932902622,4.767625541911));
#3383 = CARTESIAN_POINT('',(6.158306650686,4.767625541911));
#3384 = CARTESIAN_POINT('',(6.116680896539,4.767625541911));
#3385 = CARTESIAN_POINT('',(6.075055142392,4.767625541911));
#3386 = CARTESIAN_POINT('',(6.033428890457,4.767625541911));
#3387 = CARTESIAN_POINT('',(5.991802240249,4.767625541911));
#3388 = CARTESIAN_POINT('',(5.930541540119,4.767625541911));
#3389 = CARTESIAN_POINT('',(5.910906587221,4.767625541911));
#3390 = CARTESIAN_POINT('',(5.891271629577,4.767625541911));
#3391 = CARTESIAN_POINT('',(5.871636669559,4.767625541911));
#3392 = CARTESIAN_POINT('',(5.852001709542,4.767625541911));
#3393 = CARTESIAN_POINT('',(5.832366751898,4.767625541911));
#3394 = CARTESIAN_POINT('',(5.812731798999,4.767625541911));
#3395 = CARTESIAN_POINT('',(5.77817429022,4.767625541911));
#3396 = CARTESIAN_POINT('',(5.763251725416,4.767625541911));
#3397 = CARTESIAN_POINT('',(5.74832915941,4.767625541911));
#3398 = CARTESIAN_POINT('',(5.733406592801,4.767625541911));
#3399 = CARTESIAN_POINT('',(5.718484026193,4.767625541911));
#3400 = CARTESIAN_POINT('',(5.703561460187,4.767625541911));
#3401 = CARTESIAN_POINT('',(5.688638895383,4.767625541911));
#3402 = CARTESIAN_POINT('',(5.641515104899,4.767625541911));
#3403 = CARTESIAN_POINT('',(5.609313627403,4.767625541911));
#3404 = CARTESIAN_POINT('',(5.577112261041,4.767625541911));
#3405 = CARTESIAN_POINT('',(5.544911033586,4.767625541911));
#3406 = CARTESIAN_POINT('',(5.512709806132,4.767625541911));
#3407 = CARTESIAN_POINT('',(5.480508439769,4.767625541911));
#3408 = CARTESIAN_POINT('',(5.448306962273,4.767625541911));
#3409 = CARTESIAN_POINT('',(5.398041582504,4.767625541911));
#3410 = CARTESIAN_POINT('',(5.379977425527,4.767625541911));
#3411 = CARTESIAN_POINT('',(5.361913265424,4.767625541911));
#3412 = CARTESIAN_POINT('',(5.343849103756,4.767625541911));
#3413 = CARTESIAN_POINT('',(5.325784942089,4.767625541911));
#3414 = CARTESIAN_POINT('',(5.307720781985,4.767625541911));
#3415 = CARTESIAN_POINT('',(5.289656625009,4.767625541911));
#3416 = CARTESIAN_POINT('',(5.258240705153,4.767625541911));
#3417 = CARTESIAN_POINT('',(5.244888936548,4.767625541911));
#3418 = CARTESIAN_POINT('',(5.231537167253,4.767625541911));
#3419 = CARTESIAN_POINT('',(5.218185397613,4.767625541911));
#3420 = CARTESIAN_POINT('',(5.204833627973,4.767625541911));
#3421 = CARTESIAN_POINT('',(5.191481858678,4.767625541911));
#3422 = CARTESIAN_POINT('',(5.178130090072,4.767625541911));
#3423 = CARTESIAN_POINT('',(5.142001793215,4.767625541911));
#3424 = CARTESIAN_POINT('',(5.11922524897,4.767625541911));
#3425 = CARTESIAN_POINT('',(5.096448694752,4.767625541911));
#3426 = CARTESIAN_POINT('',(5.073672135548,4.767625541911));
#3427 = CARTESIAN_POINT('',(5.050895576343,4.767625541911));
#3428 = CARTESIAN_POINT('',(5.028119022126,4.767625541911));
#3429 = CARTESIAN_POINT('',(5.00534247788,4.767625541911));
#3430 = CARTESIAN_POINT('',(4.959789419307,4.767625541911));
#3431 = CARTESIAN_POINT('',(4.937012875061,4.767625541911));
#3432 = CARTESIAN_POINT('',(4.914236320844,4.767625541911));
#3433 = CARTESIAN_POINT('',(4.891459761639,4.767625541911));
#3434 = CARTESIAN_POINT('',(4.868683202435,4.767625541911));
#3435 = CARTESIAN_POINT('',(4.845906648217,4.767625541911));
#3436 = CARTESIAN_POINT('',(4.823130103972,4.767625541911));
#3437 = CARTESIAN_POINT('',(4.780718628906,4.767625541911));
#3438 = CARTESIAN_POINT('',(4.761083676007,4.767625541911));
#3439 = CARTESIAN_POINT('',(4.741448718363,4.767625541911));
#3440 = CARTESIAN_POINT('',(4.721813758346,4.767625541911));
#3441 = CARTESIAN_POINT('',(4.702178798328,4.767625541911));
#3442 = CARTESIAN_POINT('',(4.682543840684,4.767625541911));
#3443 = CARTESIAN_POINT('',(4.662908887785,4.767625541911));
#3444 = CARTESIAN_POINT('',(4.622853599863,4.767625541911));
#3445 = CARTESIAN_POINT('',(4.602433249059,4.767625541911));
#3446 = CARTESIAN_POINT('',(4.582012892479,4.767625541911));
#3447 = CARTESIAN_POINT('',(4.561592533012,4.767625541911));
#3448 = CARTESIAN_POINT('',(4.541172173546,4.767625541911));
#3449 = CARTESIAN_POINT('',(4.520751816966,4.767625541911));
#3450 = CARTESIAN_POINT('',(4.500331466162,4.767625541911));
#3451 = CARTESIAN_POINT('',(4.456349199795,4.767625541911));
#3452 = CARTESIAN_POINT('',(4.432787257848,4.767625541911));
#3453 = CARTESIAN_POINT('',(4.409225304084,4.767625541911));
#3454 = CARTESIAN_POINT('',(4.385663344411,4.767625541911));
#3455 = CARTESIAN_POINT('',(4.362101384739,4.767625541911));
#3456 = CARTESIAN_POINT('',(4.338539430975,4.767625541911));
#3457 = CARTESIAN_POINT('',(4.314977489028,4.767625541911));
#3458 = CARTESIAN_POINT('',(4.26942443087,4.767625541911));
#3459 = CARTESIAN_POINT('',(4.247433284387,4.767625541911));
#3460 = CARTESIAN_POINT('',(4.225442129537,4.767625541911));
#3461 = CARTESIAN_POINT('',(4.203450970503,4.767625541911));
#3462 = CARTESIAN_POINT('',(4.18145981147,4.767625541911));
#3463 = CARTESIAN_POINT('',(4.15946865662,4.767625541911));
#3464 = CARTESIAN_POINT('',(4.137477510136,4.767625541911));
#3465 = CARTESIAN_POINT('',(4.092709846916,4.767625541911));
#3466 = CARTESIAN_POINT('',(4.069933302671,4.767625541911));
#3467 = CARTESIAN_POINT('',(4.047156748453,4.767625541911));
#3468 = CARTESIAN_POINT('',(4.024380189249,4.767625541911));
#3469 = CARTESIAN_POINT('',(4.001603630045,4.767625541911));
#3470 = CARTESIAN_POINT('',(3.978827075827,4.767625541911));
#3471 = CARTESIAN_POINT('',(3.956050531581,4.767625541911));
#3472 = CARTESIAN_POINT('',(3.912853660152,4.767625541911));
#3473 = CARTESIAN_POINT('',(3.892433309347,4.767625541911));
#3474 = CARTESIAN_POINT('',(3.872012952768,4.767625541911));
#3475 = CARTESIAN_POINT('',(3.851592593301,4.767625541911));
#3476 = CARTESIAN_POINT('',(3.831172233835,4.767625541911));
#3477 = CARTESIAN_POINT('',(3.810751877255,4.767625541911));
#3478 = CARTESIAN_POINT('',(3.79033152645,4.767625541911));
#3479 = CARTESIAN_POINT('',(3.691379379486,4.767625541911));
#3480 = CARTESIAN_POINT('',(3.612826477103,4.767625541911));
#3481 = CARTESIAN_POINT('',(3.534284455035,4.767625541911));
#3482 = CARTESIAN_POINT('',(3.455751918945,4.767625541911));
#3483 = CARTESIAN_POINT('',(3.377219382868,4.767625541911));
#3484 = CARTESIAN_POINT('',(3.298677360793,4.767625541911));
#3485 = CARTESIAN_POINT('',(3.220124458412,4.767625541911));
#3486 = CARTESIAN_POINT('',(3.14159265359,4.767625541911));
#3487 = ( GEOMETRIC_REPRESENTATION_CONTEXT(2) 
PARAMETRIC_REPRESENTATION_CONTEXT() REPRESENTATION_CONTEXT('2D SPACE',''
  ) );
#3488 = PCURVE('',#3489,#3494);
#3489 = CYLINDRICAL_SURFACE('',#3490,43.54);
#3490 = AXIS2_PLACEMENT_3D('',#3491,#3492,#3493);
#3491 = CARTESIAN_POINT('',(0.,0.,-396.2));
#3492 = DIRECTION('',(0.,0.,1.));
#3493 = DIRECTION('',(1.,0.,-0.));
#3494 = DEFINITIONAL_REPRESENTATION('',(#3495),#3603);
#3495 = B_SPLINE_CURVE_WITH_KNOTS('',8,(#3496,#3497,#3498,#3499,#3500,
    #3501,#3502,#3503,#3504,#3505,#3506,#3507,#3508,#3509,#3510,#3511,
    #3512,#3513,#3514,#3515,#3516,#3517,#3518,#3519,#3520,#3521,#3522,
    #3523,#3524,#3525,#3526,#3527,#3528,#3529,#3530,#3531,#3532,#3533,
    #3534,#3535,#3536,#3537,#3538,#3539,#3540,#3541,#3542,#3543,#3544,
    #3545,#3546,#3547,#3548,#3549,#3550,#3551,#3552,#3553,#3554,#3555,
    #3556,#3557,#3558,#3559,#3560,#3561,#3562,#3563,#3564,#3565,#3566,
    #3567,#3568,#3569,#3570,#3571,#3572,#3573,#3574,#3575,#3576,#3577,
    #3578,#3579,#3580,#3581,#3582,#3583,#3584,#3585,#3586,#3587,#3588,
    #3589,#3590,#3591,#3592,#3593,#3594,#3595,#3596,#3597,#3598,#3599,
    #3600,#3601,#3602),.UNSPECIFIED.,.F.,.F.,(9,7,7,7,7,7,7,7,7,7,7,7,7,
    7,7,9),(0.,0.106001431826,0.156002504455,0.194003330365,0.2760048766
    ,0.322005868939,0.356006609634,0.414007833975,0.472009058316,
    0.522010130944,0.574011242739,0.634012502614,0.69001369036,
    0.748014914701,0.800016026496,1.),.UNSPECIFIED.);
#3496 = CARTESIAN_POINT('',(3.14159265359,2.461428055559));
#3497 = CARTESIAN_POINT('',(3.09996689924,2.461428055559));
#3498 = CARTESIAN_POINT('',(3.058340249032,2.461428055559));
#3499 = CARTESIAN_POINT('',(3.016713997096,2.461428055559));
#3500 = CARTESIAN_POINT('',(2.97508824295,2.461428055559));
#3501 = CARTESIAN_POINT('',(2.933462488803,2.461428055559));
#3502 = CARTESIAN_POINT('',(2.891836236867,2.461428055559));
#3503 = CARTESIAN_POINT('',(2.85020958666,2.461428055559));
#3504 = CARTESIAN_POINT('',(2.78894888653,2.461428055559));
#3505 = CARTESIAN_POINT('',(2.769313933631,2.461428055559));
#3506 = CARTESIAN_POINT('',(2.749678975987,2.461428055559));
#3507 = CARTESIAN_POINT('',(2.73004401597,2.461428055559));
#3508 = CARTESIAN_POINT('',(2.710409055952,2.461428055559));
#3509 = CARTESIAN_POINT('',(2.690774098308,2.461428055559));
#3510 = CARTESIAN_POINT('',(2.671139145409,2.461428055559));
#3511 = CARTESIAN_POINT('',(2.63658163663,2.461428055559));
#3512 = CARTESIAN_POINT('',(2.621659071826,2.461428055559));
#3513 = CARTESIAN_POINT('',(2.60673650582,2.461428055559));
#3514 = CARTESIAN_POINT('',(2.591813939212,2.461428055559));
#3515 = CARTESIAN_POINT('',(2.576891372603,2.461428055559));
#3516 = CARTESIAN_POINT('',(2.561968806597,2.461428055559));
#3517 = CARTESIAN_POINT('',(2.547046241793,2.461428055559));
#3518 = CARTESIAN_POINT('',(2.499922451309,2.461428055559));
#3519 = CARTESIAN_POINT('',(2.467720973814,2.461428055559));
#3520 = CARTESIAN_POINT('',(2.435519607451,2.461428055559));
#3521 = CARTESIAN_POINT('',(2.403318379996,2.461428055559));
#3522 = CARTESIAN_POINT('',(2.371117152542,2.461428055559));
#3523 = CARTESIAN_POINT('',(2.338915786179,2.461428055559));
#3524 = CARTESIAN_POINT('',(2.306714308684,2.461428055559));
#3525 = CARTESIAN_POINT('',(2.256448928914,2.461428055559));
#3526 = CARTESIAN_POINT('',(2.238384771938,2.461428055559));
#3527 = CARTESIAN_POINT('',(2.220320611834,2.461428055559));
#3528 = CARTESIAN_POINT('',(2.202256450167,2.461428055559));
#3529 = CARTESIAN_POINT('',(2.184192288499,2.461428055559));
#3530 = CARTESIAN_POINT('',(2.166128128395,2.461428055559));
#3531 = CARTESIAN_POINT('',(2.148063971419,2.461428055559));
#3532 = CARTESIAN_POINT('',(2.116648051563,2.461428055559));
#3533 = CARTESIAN_POINT('',(2.103296282958,2.461428055559));
#3534 = CARTESIAN_POINT('',(2.089944513663,2.461428055559));
#3535 = CARTESIAN_POINT('',(2.076592744023,2.461428055559));
#3536 = CARTESIAN_POINT('',(2.063240974383,2.461428055559));
#3537 = CARTESIAN_POINT('',(2.049889205088,2.461428055559));
#3538 = CARTESIAN_POINT('',(2.036537436483,2.461428055559));
#3539 = CARTESIAN_POINT('',(2.000409139625,2.461428055559));
#3540 = CARTESIAN_POINT('',(1.97763259538,2.461428055559));
#3541 = CARTESIAN_POINT('',(1.954856041162,2.461428055559));
#3542 = CARTESIAN_POINT('',(1.932079481958,2.461428055559));
#3543 = CARTESIAN_POINT('',(1.909302922754,2.461428055559));
#3544 = CARTESIAN_POINT('',(1.886526368536,2.461428055559));
#3545 = CARTESIAN_POINT('',(1.86374982429,2.461428055559));
#3546 = CARTESIAN_POINT('',(1.818196765717,2.461428055559));
#3547 = CARTESIAN_POINT('',(1.795420221472,2.461428055559));
#3548 = CARTESIAN_POINT('',(1.772643667254,2.461428055559));
#3549 = CARTESIAN_POINT('',(1.74986710805,2.461428055559));
#3550 = CARTESIAN_POINT('',(1.727090548845,2.461428055559));
#3551 = CARTESIAN_POINT('',(1.704313994628,2.461428055559));
#3552 = CARTESIAN_POINT('',(1.681537450382,2.461428055559));
#3553 = CARTESIAN_POINT('',(1.639125975316,2.461428055559));
#3554 = CARTESIAN_POINT('',(1.619491022417,2.461428055559));
#3555 = CARTESIAN_POINT('',(1.599856064773,2.461428055559));
#3556 = CARTESIAN_POINT('',(1.580221104756,2.461428055559));
#3557 = CARTESIAN_POINT('',(1.560586144738,2.461428055559));
#3558 = CARTESIAN_POINT('',(1.540951187094,2.461428055559));
#3559 = CARTESIAN_POINT('',(1.521316234196,2.461428055559));
#3560 = CARTESIAN_POINT('',(1.481260946273,2.461428055559));
#3561 = CARTESIAN_POINT('',(1.460840595469,2.461428055559));
#3562 = CARTESIAN_POINT('',(1.440420238889,2.461428055559));
#3563 = CARTESIAN_POINT('',(1.419999879423,2.461428055559));
#3564 = CARTESIAN_POINT('',(1.399579519956,2.461428055559));
#3565 = CARTESIAN_POINT('',(1.379159163377,2.461428055559));
#3566 = CARTESIAN_POINT('',(1.358738812572,2.461428055559));
#3567 = CARTESIAN_POINT('',(1.314756546206,2.461428055559));
#3568 = CARTESIAN_POINT('',(1.291194604258,2.461428055559));
#3569 = CARTESIAN_POINT('',(1.267632650494,2.461428055559));
#3570 = CARTESIAN_POINT('',(1.244070690822,2.461428055559));
#3571 = CARTESIAN_POINT('',(1.22050873115,2.461428055559));
#3572 = CARTESIAN_POINT('',(1.196946777386,2.461428055559));
#3573 = CARTESIAN_POINT('',(1.173384835438,2.461428055559));
#3574 = CARTESIAN_POINT('',(1.12783177728,2.461428055559));
#3575 = CARTESIAN_POINT('',(1.105840630797,2.461428055559));
#3576 = CARTESIAN_POINT('',(1.083849475947,2.461428055559));
#3577 = CARTESIAN_POINT('',(1.061858316913,2.461428055559));
#3578 = CARTESIAN_POINT('',(1.03986715788,2.461428055559));
#3579 = CARTESIAN_POINT('',(1.01787600303,2.461428055559));
#3580 = CARTESIAN_POINT('',(0.995884856546,2.461428055559));
#3581 = CARTESIAN_POINT('',(0.951117193326,2.461428055559));
#3582 = CARTESIAN_POINT('',(0.928340649081,2.461428055559));
#3583 = CARTESIAN_POINT('',(0.905564094863,2.461428055559));
#3584 = CARTESIAN_POINT('',(0.882787535659,2.461428055559));
#3585 = CARTESIAN_POINT('',(0.860010976455,2.461428055559));
#3586 = CARTESIAN_POINT('',(0.837234422237,2.461428055559));
#3587 = CARTESIAN_POINT('',(0.814457877991,2.461428055559));
#3588 = CARTESIAN_POINT('',(0.771261006562,2.461428055559));
#3589 = CARTESIAN_POINT('',(0.750840655758,2.461428055559));
#3590 = CARTESIAN_POINT('',(0.730420299178,2.461428055559));
#3591 = CARTESIAN_POINT('',(0.709999939711,2.461428055559));
#3592 = CARTESIAN_POINT('',(0.689579580245,2.461428055559));
#3593 = CARTESIAN_POINT('',(0.669159223665,2.461428055559));
#3594 = CARTESIAN_POINT('',(0.648738872861,2.461428055559));
#3595 = CARTESIAN_POINT('',(0.549786725896,2.461428055559));
#3596 = CARTESIAN_POINT('',(0.471233823513,2.461428055559));
#3597 = CARTESIAN_POINT('',(0.392691801445,2.461428055559));
#3598 = CARTESIAN_POINT('',(0.314159265357,2.461428055558));
#3599 = CARTESIAN_POINT('',(0.235626729277,2.46142805556));
#3600 = CARTESIAN_POINT('',(0.157084707204,2.461428055558));
#3601 = CARTESIAN_POINT('',(7.853180482256E-02,2.461428055559));
#3602 = CARTESIAN_POINT('',(0.,2.461428055559));
#3603 = ( GEOMETRIC_REPRESENTATION_CONTEXT(2) 
PARAMETRIC_REPRESENTATION_CONTEXT() REPRESENTATION_CONTEXT('2D SPACE',''
  ) );
#3604 = ORIENTED_EDGE('',*,*,#3605,.T.);
#3605 = EDGE_CURVE('',#3266,#2799,#3606,.T.);
#3606 = SURFACE_CURVE('',#3607,(#3715,#3826),.PCURVE_S1.);
#3607 = B_SPLINE_CURVE_WITH_KNOTS('',8,(#3608,#3609,#3610,#3611,#3612,
    #3613,#3614,#3615,#3616,#3617,#3618,#3619,#3620,#3621,#3622,#3623,
    #3624,#3625,#3626,#3627,#3628,#3629,#3630,#3631,#3632,#3633,#3634,
    #3635,#3636,#3637,#3638,#3639,#3640,#3641,#3642,#3643,#3644,#3645,
    #3646,#3647,#3648,#3649,#3650,#3651,#3652,#3653,#3654,#3655,#3656,
    #3657,#3658,#3659,#3660,#3661,#3662,#3663,#3664,#3665,#3666,#3667,
    #3668,#3669,#3670,#3671,#3672,#3673,#3674,#3675,#3676,#3677,#3678,
    #3679,#3680,#3681,#3682,#3683,#3684,#3685,#3686,#3687,#3688,#3689,
    #3690,#3691,#3692,#3693,#3694,#3695,#3696,#3697,#3698,#3699,#3700,
    #3701,#3702,#3703,#3704,#3705,#3706,#3707,#3708,#3709,#3710,#3711,
    #3712,#3713,#3714),.UNSPECIFIED.,.F.,.F.,(9,7,7,7,7,7,7,7,7,7,7,7,7,
    7,7,9),(0.,5.800117250197E-02,0.116002345004,0.174003517506,
    0.232004690008,0.286005791942,0.342006929637,0.400008102139,
    0.458009274641,0.514010412336,0.572011584838,0.628012722532,
    0.686013895034,0.744015067536,0.800016205231,1.),.UNSPECIFIED.);
#3608 = CARTESIAN_POINT('',(43.54,-1.42108547152E-14,-393.7385719444));
#3609 = CARTESIAN_POINT('',(43.54,-0.991690085142,-393.7385719444));
#3610 = CARTESIAN_POINT('',(43.514185900618,-1.983382123022,
    -393.7385719444));
#3611 = CARTESIAN_POINT('',(43.462557811508,-2.974289355139,
    -393.7385719444));
#3612 = CARTESIAN_POINT('',(43.385144311862,-3.963627623944,
    -393.7385719444));
#3613 = CARTESIAN_POINT('',(43.282002450407,-4.950615372837,
    -393.7385719444));
#3614 = CARTESIAN_POINT('',(43.153217745405,-5.93447364617,
    -393.7385719444));
#3615 = CARTESIAN_POINT('',(42.998904184657,-6.914426089246,
    -393.7385719444));
#3616 = CARTESIAN_POINT('',(42.639504266338,-8.864971807395,
    -393.7385719444));
#3617 = CARTESIAN_POINT('',(42.434417201072,-9.83556892329,
    -393.7385719444));
#3618 = CARTESIAN_POINT('',(42.204085702715,-10.800716582,
    -393.7385719444));
#3619 = CARTESIAN_POINT('',(41.948679971202,-11.75964878625,
    -393.7385719444));
#3620 = CARTESIAN_POINT('',(41.66839773339,-12.71160725552,
    -393.7385719444));
#3621 = CARTESIAN_POINT('',(41.363464243059,-13.65584142602,
    -393.7385719444));
#3622 = CARTESIAN_POINT('',(41.03413228091,-14.59160845067,
    -393.7385719444));
#3623 = CARTESIAN_POINT('',(40.327232028216,-16.44473794766,
    -393.7385719444));
#3624 = CARTESIAN_POINT('',(39.949662345714,-17.362104069,
    -393.7385719444));
#3625 = CARTESIAN_POINT('',(39.548253619585,-18.26953651102,
    -393.7385719444));
#3626 = CARTESIAN_POINT('',(39.123312035261,-19.1663127986,
    -393.7385719444));
#3627 = CARTESIAN_POINT('',(38.675169451075,-20.05172303363,
    -393.7385719444));
#3628 = CARTESIAN_POINT('',(38.20418339826,-20.92506989502,
    -393.7385719444));
#3629 = CARTESIAN_POINT('',(37.710737080952,-21.78566863872,
    -393.7385719444));
#3630 = CARTESIAN_POINT('',(36.679741671428,-23.48002555667,
    -393.7385719444));
#3631 = CARTESIAN_POINT('',(36.142190549077,-24.31378706729,
    -393.7385719444));
#3632 = CARTESIAN_POINT('',(35.582995073526,-25.13345957651,
    -393.7385719444));
#3633 = CARTESIAN_POINT('',(35.002587278026,-25.9383880522,
    -393.7385719444));
#3634 = CARTESIAN_POINT('',(34.401422164692,-26.72793448311,
    -393.7385719444));
#3635 = CARTESIAN_POINT('',(33.779977704502,-27.50147787888,
    -393.7385719444));
#3636 = CARTESIAN_POINT('',(33.138754837294,-28.25841427006,
    -393.7385719444));
#3637 = CARTESIAN_POINT('',(31.863350152167,-29.68688255752,
    -393.7385719444));
#3638 = CARTESIAN_POINT('',(31.231730519063,-30.36070654374,
    -393.7385719444));
#3639 = CARTESIAN_POINT('',(30.583841307496,-31.01915530573,
    -393.7385719444));
#3640 = CARTESIAN_POINT('',(29.920120004837,-31.66177109358,
    -393.7385719444));
#3641 = CARTESIAN_POINT('',(29.241018850795,-32.28811176843,
    -393.7385719444));
#3642 = CARTESIAN_POINT('',(28.54700483741,-32.8977508025,
    -393.7385719444));
#3643 = CARTESIAN_POINT('',(27.83855970906,-33.49027727907,
    -393.7385719444));
#3644 = CARTESIAN_POINT('',(26.367045478,-34.66161143782,-393.7385719444
    ));
#3645 = CARTESIAN_POINT('',(25.60292263197,-35.23910015592,
    -393.7385719444));
#3646 = CARTESIAN_POINT('',(24.824365390515,-35.79732119997,
    -393.7385719444));
#3647 = CARTESIAN_POINT('',(24.031941424361,-36.33585444421,
    -393.7385719444));
#3648 = CARTESIAN_POINT('',(23.226232108819,-36.85430048397,
    -393.7385719444));
#3649 = CARTESIAN_POINT('',(22.407832523782,-37.35228063564,
    -393.7385719444));
#3650 = CARTESIAN_POINT('',(21.577351453726,-37.8294369367,
    -393.7385719444));
#3651 = CARTESIAN_POINT('',(19.863402121187,-38.75771285043,
    -393.7385719444));
#3652 = CARTESIAN_POINT('',(18.979097477273,-39.20729572653,
    -393.7385719444));
#3653 = CARTESIAN_POINT('',(18.083189317769,-39.63380618593,
    -393.7385719444));
#3654 = CARTESIAN_POINT('',(17.176380775702,-40.03689591302,
    -393.7385719444));
#3655 = CARTESIAN_POINT('',(16.259386255319,-40.41624286456,
    -393.7385719444));
#3656 = CARTESIAN_POINT('',(15.332931432091,-40.7715512697,
    -393.7385719444));
#3657 = CARTESIAN_POINT('',(14.39775325271,-41.10255163002,
    -393.7385719444));
#3658 = CARTESIAN_POINT('',(12.51144661747,-41.71544980895,
    -393.7385719444));
#3659 = CARTESIAN_POINT('',(11.560314447282,-41.99734883441,
    -393.7385719444));
#3660 = CARTESIAN_POINT('',(10.60195171021,-42.25445477841,
    -393.7385719444));
#3661 = CARTESIAN_POINT('',(9.637113015858,-42.48655250337,
    -393.7385719444));
#3662 = CARTESIAN_POINT('',(8.666559297748,-42.69345475158,
    -393.7385719444));
#3663 = CARTESIAN_POINT('',(7.691057813322,-42.8750021452,
    -393.7385719444));
#3664 = CARTESIAN_POINT('',(6.711382143941,-43.03106318629,
    -393.7385719444));
#3665 = CARTESIAN_POINT('',(4.779141114266,-43.28750633745,
    -393.7385719444));
#3666 = CARTESIAN_POINT('',(3.826802378285,-43.38962330621,
    -393.7385719444));
#3667 = CARTESIAN_POINT('',(2.871997816716,-43.46779210722,
    -393.7385719444));
#3668 = CARTESIAN_POINT('',(1.915430351637,-43.5219445037,
    -393.7385719444));
#3669 = CARTESIAN_POINT('',(0.957803997433,-43.55203707794,
    -393.7385719444));
#3670 = CARTESIAN_POINT('',(-1.761392110024E-04,-43.55805123128,
    -393.7385719444));
#3671 = CARTESIAN_POINT('',(-0.957803859305,-43.53999318411,
    -393.7385719444));
#3672 = CARTESIAN_POINT('',(-2.905102927606,-43.45429122888,
    -393.7385719444));
#3673 = CARTESIAN_POINT('',(-3.894700937131,-43.38489926057,
    -393.7385719444));
#3674 = CARTESIAN_POINT('',(-4.882379907297,-43.28975277277,
    -393.7385719444));
#3675 = CARTESIAN_POINT('',(-5.867357695459,-43.16891479497,
    -393.7385719444));
#3676 = CARTESIAN_POINT('',(-6.84885600916,-43.02247668431,
    -393.7385719444));
#3677 = CARTESIAN_POINT('',(-7.826100406129,-42.85055812556,
    -393.7385719444));
#3678 = CARTESIAN_POINT('',(-8.798320294284,-42.65330713115,
    -393.7385719444));
#3679 = CARTESIAN_POINT('',(-10.69785253745,-42.21616213954,
    -393.7385719444));
#3680 = CARTESIAN_POINT('',(-11.625560775,-41.97797236366,
    -393.7385719444));
#3681 = CARTESIAN_POINT('',(-12.54718372653,-41.71648957748,
    -393.7385719444));
#3682 = CARTESIAN_POINT('',(-13.4620391511,-41.43189627218,
    -393.7385719444));
#3683 = CARTESIAN_POINT('',(-14.36945248473,-41.12439856611,
    -393.7385719444));
#3684 = CARTESIAN_POINT('',(-15.26875684037,-40.79422620478,
    -393.7385719444));
#3685 = CARTESIAN_POINT('',(-16.15929300788,-40.44163256089,
    -393.7385719444));
#3686 = CARTESIAN_POINT('',(-17.95299425315,-39.67877324932,
    -393.7385719444));
#3687 = CARTESIAN_POINT('',(-18.85547789045,-39.26689614372,
    -393.7385719444));
#3688 = CARTESIAN_POINT('',(-19.74713640869,-38.83157133497,
    -393.7385719444));
#3689 = CARTESIAN_POINT('',(-20.62725938624,-38.37313202118,
    -393.7385719444));
#3690 = CARTESIAN_POINT('',(-21.49514993721,-37.89193658106,
    -393.7385719444));
#3691 = CARTESIAN_POINT('',(-22.3501247114,-37.38836857398,
    -393.7385719444));
#3692 = CARTESIAN_POINT('',(-23.19151389431,-36.86283673993,
    -393.7385719444));
#3693 = CARTESIAN_POINT('',(-24.84580852,-35.7687132591,-393.7385719444)
  );
#3694 = CARTESIAN_POINT('',(-25.65871722025,-35.20011945789,
    -393.7385719444));
#3695 = CARTESIAN_POINT('',(-26.45673115011,-34.61042769943,
    -393.7385719444));
#3696 = CARTESIAN_POINT('',(-27.23921202626,-34.00009439826,
    -393.7385719444));
#3697 = CARTESIAN_POINT('',(-28.00553943989,-33.36959827998,
    -393.7385719444));
#3698 = CARTESIAN_POINT('',(-28.75511085669,-32.71944038119,
    -393.7385719444));
#3699 = CARTESIAN_POINT('',(-29.48734161686,-32.05014404952,
    -393.7385719444));
#3700 = CARTESIAN_POINT('',(-30.891356484,-30.69808608502,
    -393.7385719444));
#3701 = CARTESIAN_POINT('',(-31.56435678962,-30.01658220975,
    -393.7385719444));
#3702 = CARTESIAN_POINT('',(-32.2201559549,-29.31823446897,
    -393.7385719444));
#3703 = CARTESIAN_POINT('',(-32.85826282074,-28.6035503254,
    -393.7385719444));
#3704 = CARTESIAN_POINT('',(-33.47820496596,-27.87305355343,
    -393.7385719444));
#3705 = CARTESIAN_POINT('',(-34.07952870732,-27.12728423901,
    -393.7385719444));
#3706 = CARTESIAN_POINT('',(-34.66179909949,-26.36679877974,
    -393.7385719444));
#3707 = CARTESIAN_POINT('',(-37.23439922546,-22.82591847776,
    -393.7385719444));
#3708 = CARTESIAN_POINT('',(-38.99646586639,-19.87854270892,
    -393.7385719444));
#3709 = CARTESIAN_POINT('',(-40.49085862781,-16.77699936746,
    -393.7385719444));
#3710 = CARTESIAN_POINT('',(-41.7022898945,-13.54989536485,
    -393.7385719444));
#3711 = CARTESIAN_POINT('',(-42.61906555269,-10.22705195103,
    -393.7385719444));
#3712 = CARTESIAN_POINT('',(-43.23311784784,-6.839468652942,
    -393.7385719444));
#3713 = CARTESIAN_POINT('',(-43.54,-3.419274781961,-393.7385719444));
#3714 = CARTESIAN_POINT('',(-43.54,-7.105427357601E-15,-393.7385719444)
  );
#3715 = PCURVE('',#2577,#3716);
#3716 = DEFINITIONAL_REPRESENTATION('',(#3717),#3825);
#3717 = B_SPLINE_CURVE_WITH_KNOTS('',8,(#3718,#3719,#3720,#3721,#3722,
    #3723,#3724,#3725,#3726,#3727,#3728,#3729,#3730,#3731,#3732,#3733,
    #3734,#3735,#3736,#3737,#3738,#3739,#3740,#3741,#3742,#3743,#3744,
    #3745,#3746,#3747,#3748,#3749,#3750,#3751,#3752,#3753,#3754,#3755,
    #3756,#3757,#3758,#3759,#3760,#3761,#3762,#3763,#3764,#3765,#3766,
    #3767,#3768,#3769,#3770,#3771,#3772,#3773,#3774,#3775,#3776,#3777,
    #3778,#3779,#3780,#3781,#3782,#3783,#3784,#3785,#3786,#3787,#3788,
    #3789,#3790,#3791,#3792,#3793,#3794,#3795,#3796,#3797,#3798,#3799,
    #3800,#3801,#3802,#3803,#3804,#3805,#3806,#3807,#3808,#3809,#3810,
    #3811,#3812,#3813,#3814,#3815,#3816,#3817,#3818,#3819,#3820,#3821,
    #3822,#3823,#3824),.UNSPECIFIED.,.F.,.F.,(9,7,7,7,7,7,7,7,7,7,7,7,7,
    7,7,9),(0.,5.800117250197E-02,0.116002345004,0.174003517506,
    0.232004690008,0.286005791942,0.342006929637,0.400008102139,
    0.458009274641,0.514010412336,0.572011584838,0.628012722532,
    0.686013895034,0.744015067536,0.800016205231,1.),.UNSPECIFIED.);
#3718 = CARTESIAN_POINT('',(3.14159265359,4.767625541911));
#3719 = CARTESIAN_POINT('',(3.118816124303,4.767625541911));
#3720 = CARTESIAN_POINT('',(3.096039580058,4.767625541911));
#3721 = CARTESIAN_POINT('',(3.07326302584,4.767625541911));
#3722 = CARTESIAN_POINT('',(3.050486466636,4.767625541911));
#3723 = CARTESIAN_POINT('',(3.027709907432,4.767625541911));
#3724 = CARTESIAN_POINT('',(3.004933353214,4.767625541911));
#3725 = CARTESIAN_POINT('',(2.982156808968,4.767625541911));
#3726 = CARTESIAN_POINT('',(2.936603750395,4.767625541911));
#3727 = CARTESIAN_POINT('',(2.91382720615,4.767625541911));
#3728 = CARTESIAN_POINT('',(2.891050651932,4.767625541911));
#3729 = CARTESIAN_POINT('',(2.868274092728,4.767625541911));
#3730 = CARTESIAN_POINT('',(2.845497533523,4.767625541911));
#3731 = CARTESIAN_POINT('',(2.822720979306,4.767625541911));
#3732 = CARTESIAN_POINT('',(2.79994443506,4.767625541911));
#3733 = CARTESIAN_POINT('',(2.754391376487,4.767625541911));
#3734 = CARTESIAN_POINT('',(2.731614832241,4.767625541911));
#3735 = CARTESIAN_POINT('',(2.708838278024,4.767625541911));
#3736 = CARTESIAN_POINT('',(2.686061718819,4.767625541911));
#3737 = CARTESIAN_POINT('',(2.663285159615,4.767625541911));
#3738 = CARTESIAN_POINT('',(2.640508605397,4.767625541911));
#3739 = CARTESIAN_POINT('',(2.617732061152,4.767625541911));
#3740 = CARTESIAN_POINT('',(2.572179002579,4.767625541911));
#3741 = CARTESIAN_POINT('',(2.549402458333,4.767625541911));
#3742 = CARTESIAN_POINT('',(2.526625904115,4.767625541911));
#3743 = CARTESIAN_POINT('',(2.503849344911,4.767625541911));
#3744 = CARTESIAN_POINT('',(2.481072785707,4.767625541911));
#3745 = CARTESIAN_POINT('',(2.458296231489,4.767625541911));
#3746 = CARTESIAN_POINT('',(2.435519687244,4.767625541911));
#3747 = CARTESIAN_POINT('',(2.391537419751,4.767625541911));
#3748 = CARTESIAN_POINT('',(2.370331671083,4.767625541911));
#3749 = CARTESIAN_POINT('',(2.34912591544,4.767625541911));
#3750 = CARTESIAN_POINT('',(2.32792015631,4.767625541911));
#3751 = CARTESIAN_POINT('',(2.30671439718,4.767625541911));
#3752 = CARTESIAN_POINT('',(2.285508641537,4.767625541911));
#3753 = CARTESIAN_POINT('',(2.264302892869,4.767625541911));
#3754 = CARTESIAN_POINT('',(2.22110602073,4.767625541911));
#3755 = CARTESIAN_POINT('',(2.199114874246,4.767625541911));
#3756 = CARTESIAN_POINT('',(2.177123719396,4.767625541911));
#3757 = CARTESIAN_POINT('',(2.155132560363,4.767625541911));
#3758 = CARTESIAN_POINT('',(2.133141401329,4.767625541911));
#3759 = CARTESIAN_POINT('',(2.111150246479,4.767625541911));
#3760 = CARTESIAN_POINT('',(2.089159099996,4.767625541911));
#3761 = CARTESIAN_POINT('',(2.044391436776,4.767625541911));
#3762 = CARTESIAN_POINT('',(2.02161489253,4.767625541911));
#3763 = CARTESIAN_POINT('',(1.998838338312,4.767625541911));
#3764 = CARTESIAN_POINT('',(1.976061779108,4.767625541911));
#3765 = CARTESIAN_POINT('',(1.953285219904,4.767625541911));
#3766 = CARTESIAN_POINT('',(1.930508665686,4.767625541911));
#3767 = CARTESIAN_POINT('',(1.907732121441,4.767625541911));
#3768 = CARTESIAN_POINT('',(1.862179062867,4.767625541911));
#3769 = CARTESIAN_POINT('',(1.839402518622,4.767625541911));
#3770 = CARTESIAN_POINT('',(1.816625964404,4.767625541911));
#3771 = CARTESIAN_POINT('',(1.7938494052,4.767625541911));
#3772 = CARTESIAN_POINT('',(1.771072845996,4.767625541911));
#3773 = CARTESIAN_POINT('',(1.748296291778,4.767625541911));
#3774 = CARTESIAN_POINT('',(1.725519747532,4.767625541911));
#3775 = CARTESIAN_POINT('',(1.680752084312,4.767625541911));
#3776 = CARTESIAN_POINT('',(1.658760937829,4.767625541911));
#3777 = CARTESIAN_POINT('',(1.636769782979,4.767625541911));
#3778 = CARTESIAN_POINT('',(1.614778623945,4.767625541911));
#3779 = CARTESIAN_POINT('',(1.592787464912,4.767625541911));
#3780 = CARTESIAN_POINT('',(1.570796310062,4.767625541911));
#3781 = CARTESIAN_POINT('',(1.548805163578,4.767625541911));
#3782 = CARTESIAN_POINT('',(1.504037500358,4.767625541911));
#3783 = CARTESIAN_POINT('',(1.481260956113,4.767625541911));
#3784 = CARTESIAN_POINT('',(1.458484401895,4.767625541911));
#3785 = CARTESIAN_POINT('',(1.435707842691,4.767625541911));
#3786 = CARTESIAN_POINT('',(1.412931283487,4.767625541911));
#3787 = CARTESIAN_POINT('',(1.390154729269,4.767625541911));
#3788 = CARTESIAN_POINT('',(1.367378185023,4.767625541911));
#3789 = CARTESIAN_POINT('',(1.322610521803,4.767625541911));
#3790 = CARTESIAN_POINT('',(1.30061937532,4.767625541911));
#3791 = CARTESIAN_POINT('',(1.278628220469,4.767625541911));
#3792 = CARTESIAN_POINT('',(1.256637061436,4.767625541911));
#3793 = CARTESIAN_POINT('',(1.234645902403,4.767625541911));
#3794 = CARTESIAN_POINT('',(1.212654747553,4.767625541911));
#3795 = CARTESIAN_POINT('',(1.190663601069,4.767625541911));
#3796 = CARTESIAN_POINT('',(1.145895937849,4.767625541911));
#3797 = CARTESIAN_POINT('',(1.123119393603,4.767625541911));
#3798 = CARTESIAN_POINT('',(1.100342839386,4.767625541911));
#3799 = CARTESIAN_POINT('',(1.077566280181,4.767625541911));
#3800 = CARTESIAN_POINT('',(1.054789720977,4.767625541911));
#3801 = CARTESIAN_POINT('',(1.032013166759,4.767625541911));
#3802 = CARTESIAN_POINT('',(1.009236622514,4.767625541911));
#3803 = CARTESIAN_POINT('',(0.963683563941,4.767625541911));
#3804 = CARTESIAN_POINT('',(0.940907019695,4.767625541911));
#3805 = CARTESIAN_POINT('',(0.918130465477,4.767625541911));
#3806 = CARTESIAN_POINT('',(0.895353906273,4.767625541911));
#3807 = CARTESIAN_POINT('',(0.872577347069,4.767625541911));
#3808 = CARTESIAN_POINT('',(0.849800792851,4.767625541911));
#3809 = CARTESIAN_POINT('',(0.827024248606,4.767625541911));
#3810 = CARTESIAN_POINT('',(0.782256585386,4.767625541911));
#3811 = CARTESIAN_POINT('',(0.760265438902,4.767625541911));
#3812 = CARTESIAN_POINT('',(0.738274284052,4.767625541911));
#3813 = CARTESIAN_POINT('',(0.716283125019,4.767625541911));
#3814 = CARTESIAN_POINT('',(0.694291965985,4.767625541911));
#3815 = CARTESIAN_POINT('',(0.672300811135,4.767625541911));
#3816 = CARTESIAN_POINT('',(0.650309664652,4.767625541911));
#3817 = CARTESIAN_POINT('',(0.549786725895,4.767625541911));
#3818 = CARTESIAN_POINT('',(0.471233823514,4.767625541911));
#3819 = CARTESIAN_POINT('',(0.392691801442,4.767625541911));
#3820 = CARTESIAN_POINT('',(0.314159265361,4.767625541911));
#3821 = CARTESIAN_POINT('',(0.235626729273,4.767625541911));
#3822 = CARTESIAN_POINT('',(0.157084707205,4.767625541911));
#3823 = CARTESIAN_POINT('',(7.853180482225E-02,4.767625541911));
#3824 = CARTESIAN_POINT('',(0.,4.767625541911));
#3825 = ( GEOMETRIC_REPRESENTATION_CONTEXT(2) 
PARAMETRIC_REPRESENTATION_CONTEXT() REPRESENTATION_CONTEXT('2D SPACE',''
  ) );
#3826 = PCURVE('',#3489,#3827);
#3827 = DEFINITIONAL_REPRESENTATION('',(#3828),#3936);
#3828 = B_SPLINE_CURVE_WITH_KNOTS('',8,(#3829,#3830,#3831,#3832,#3833,
    #3834,#3835,#3836,#3837,#3838,#3839,#3840,#3841,#3842,#3843,#3844,
    #3845,#3846,#3847,#3848,#3849,#3850,#3851,#3852,#3853,#3854,#3855,
    #3856,#3857,#3858,#3859,#3860,#3861,#3862,#3863,#3864,#3865,#3866,
    #3867,#3868,#3869,#3870,#3871,#3872,#3873,#3874,#3875,#3876,#3877,
    #3878,#3879,#3880,#3881,#3882,#3883,#3884,#3885,#3886,#3887,#3888,
    #3889,#3890,#3891,#3892,#3893,#3894,#3895,#3896,#3897,#3898,#3899,
    #3900,#3901,#3902,#3903,#3904,#3905,#3906,#3907,#3908,#3909,#3910,
    #3911,#3912,#3913,#3914,#3915,#3916,#3917,#3918,#3919,#3920,#3921,
    #3922,#3923,#3924,#3925,#3926,#3927,#3928,#3929,#3930,#3931,#3932,
    #3933,#3934,#3935),.UNSPECIFIED.,.F.,.F.,(9,7,7,7,7,7,7,7,7,7,7,7,7,
    7,7,9),(0.,5.800117250197E-02,0.116002345004,0.174003517506,
    0.232004690008,0.286005791942,0.342006929637,0.400008102139,
    0.458009274641,0.514010412336,0.572011584838,0.628012722532,
    0.686013895034,0.744015067536,0.800016205231,1.),.UNSPECIFIED.);
#3829 = CARTESIAN_POINT('',(6.28318530718,2.461428055559));
#3830 = CARTESIAN_POINT('',(6.260408777893,2.461428055559));
#3831 = CARTESIAN_POINT('',(6.237632233648,2.461428055559));
#3832 = CARTESIAN_POINT('',(6.21485567943,2.461428055559));
#3833 = CARTESIAN_POINT('',(6.192079120226,2.461428055559));
#3834 = CARTESIAN_POINT('',(6.169302561021,2.461428055559));
#3835 = CARTESIAN_POINT('',(6.146526006804,2.461428055559));
#3836 = CARTESIAN_POINT('',(6.123749462558,2.461428055559));
#3837 = CARTESIAN_POINT('',(6.078196403985,2.461428055559));
#3838 = CARTESIAN_POINT('',(6.055419859739,2.461428055559));
#3839 = CARTESIAN_POINT('',(6.032643305522,2.461428055559));
#3840 = CARTESIAN_POINT('',(6.009866746317,2.461428055559));
#3841 = CARTESIAN_POINT('',(5.987090187113,2.461428055559));
#3842 = CARTESIAN_POINT('',(5.964313632895,2.461428055559));
#3843 = CARTESIAN_POINT('',(5.94153708865,2.461428055559));
#3844 = CARTESIAN_POINT('',(5.895984030077,2.461428055559));
#3845 = CARTESIAN_POINT('',(5.873207485831,2.461428055559));
#3846 = CARTESIAN_POINT('',(5.850430931613,2.461428055559));
#3847 = CARTESIAN_POINT('',(5.827654372409,2.461428055559));
#3848 = CARTESIAN_POINT('',(5.804877813205,2.461428055559));
#3849 = CARTESIAN_POINT('',(5.782101258987,2.461428055559));
#3850 = CARTESIAN_POINT('',(5.759324714742,2.461428055559));
#3851 = CARTESIAN_POINT('',(5.713771656168,2.461428055559));
#3852 = CARTESIAN_POINT('',(5.690995111923,2.461428055559));
#3853 = CARTESIAN_POINT('',(5.668218557705,2.461428055559));
#3854 = CARTESIAN_POINT('',(5.645441998501,2.461428055559));
#3855 = CARTESIAN_POINT('',(5.622665439297,2.461428055559));
#3856 = CARTESIAN_POINT('',(5.599888885079,2.461428055559));
#3857 = CARTESIAN_POINT('',(5.577112340834,2.461428055559));
#3858 = CARTESIAN_POINT('',(5.533130073341,2.461428055559));
#3859 = CARTESIAN_POINT('',(5.511924324673,2.461428055559));
#3860 = CARTESIAN_POINT('',(5.49071856903,2.461428055559));
#3861 = CARTESIAN_POINT('',(5.4695128099,2.461428055559));
#3862 = CARTESIAN_POINT('',(5.44830705077,2.461428055559));
#3863 = CARTESIAN_POINT('',(5.427101295127,2.461428055559));
#3864 = CARTESIAN_POINT('',(5.405895546459,2.461428055559));
#3865 = CARTESIAN_POINT('',(5.36269867432,2.461428055559));
#3866 = CARTESIAN_POINT('',(5.340707527836,2.461428055559));
#3867 = CARTESIAN_POINT('',(5.318716372986,2.461428055559));
#3868 = CARTESIAN_POINT('',(5.296725213953,2.461428055559));
#3869 = CARTESIAN_POINT('',(5.274734054919,2.461428055559));
#3870 = CARTESIAN_POINT('',(5.252742900069,2.461428055559));
#3871 = CARTESIAN_POINT('',(5.230751753586,2.461428055559));
#3872 = CARTESIAN_POINT('',(5.185984090365,2.461428055559));
#3873 = CARTESIAN_POINT('',(5.16320754612,2.461428055559));
#3874 = CARTESIAN_POINT('',(5.140430991902,2.461428055559));
#3875 = CARTESIAN_POINT('',(5.117654432698,2.461428055559));
#3876 = CARTESIAN_POINT('',(5.094877873494,2.461428055559));
#3877 = CARTESIAN_POINT('',(5.072101319276,2.461428055559));
#3878 = CARTESIAN_POINT('',(5.04932477503,2.461428055559));
#3879 = CARTESIAN_POINT('',(5.003771716457,2.461428055559));
#3880 = CARTESIAN_POINT('',(4.980995172212,2.461428055559));
#3881 = CARTESIAN_POINT('',(4.958218617994,2.461428055559));
#3882 = CARTESIAN_POINT('',(4.93544205879,2.461428055559));
#3883 = CARTESIAN_POINT('',(4.912665499586,2.461428055559));
#3884 = CARTESIAN_POINT('',(4.889888945368,2.461428055559));
#3885 = CARTESIAN_POINT('',(4.867112401122,2.461428055559));
#3886 = CARTESIAN_POINT('',(4.822344737902,2.461428055559));
#3887 = CARTESIAN_POINT('',(4.800353591419,2.461428055559));
#3888 = CARTESIAN_POINT('',(4.778362436568,2.461428055559));
#3889 = CARTESIAN_POINT('',(4.756371277535,2.461428055559));
#3890 = CARTESIAN_POINT('',(4.734380118502,2.461428055559));
#3891 = CARTESIAN_POINT('',(4.712388963652,2.461428055559));
#3892 = CARTESIAN_POINT('',(4.690397817168,2.461428055559));
#3893 = CARTESIAN_POINT('',(4.645630153948,2.461428055559));
#3894 = CARTESIAN_POINT('',(4.622853609702,2.461428055559));
#3895 = CARTESIAN_POINT('',(4.600077055485,2.461428055559));
#3896 = CARTESIAN_POINT('',(4.57730049628,2.461428055559));
#3897 = CARTESIAN_POINT('',(4.554523937076,2.461428055559));
#3898 = CARTESIAN_POINT('',(4.531747382858,2.461428055559));
#3899 = CARTESIAN_POINT('',(4.508970838613,2.461428055559));
#3900 = CARTESIAN_POINT('',(4.464203175393,2.461428055559));
#3901 = CARTESIAN_POINT('',(4.442212028909,2.461428055559));
#3902 = CARTESIAN_POINT('',(4.420220874059,2.461428055559));
#3903 = CARTESIAN_POINT('',(4.398229715026,2.461428055559));
#3904 = CARTESIAN_POINT('',(4.376238555992,2.461428055559));
#3905 = CARTESIAN_POINT('',(4.354247401142,2.461428055559));
#3906 = CARTESIAN_POINT('',(4.332256254659,2.461428055559));
#3907 = CARTESIAN_POINT('',(4.287488591439,2.461428055559));
#3908 = CARTESIAN_POINT('',(4.264712047193,2.461428055559));
#3909 = CARTESIAN_POINT('',(4.241935492975,2.461428055559));
#3910 = CARTESIAN_POINT('',(4.219158933771,2.461428055559));
#3911 = CARTESIAN_POINT('',(4.196382374567,2.461428055559));
#3912 = CARTESIAN_POINT('',(4.173605820349,2.461428055559));
#3913 = CARTESIAN_POINT('',(4.150829276104,2.461428055559));
#3914 = CARTESIAN_POINT('',(4.10527621753,2.461428055559));
#3915 = CARTESIAN_POINT('',(4.082499673285,2.461428055559));
#3916 = CARTESIAN_POINT('',(4.059723119067,2.461428055559));
#3917 = CARTESIAN_POINT('',(4.036946559863,2.461428055559));
#3918 = CARTESIAN_POINT('',(4.014170000659,2.461428055559));
#3919 = CARTESIAN_POINT('',(3.991393446441,2.461428055559));
#3920 = CARTESIAN_POINT('',(3.968616902196,2.461428055559));
#3921 = CARTESIAN_POINT('',(3.923849238975,2.461428055559));
#3922 = CARTESIAN_POINT('',(3.901858092492,2.461428055559));
#3923 = CARTESIAN_POINT('',(3.879866937642,2.461428055559));
#3924 = CARTESIAN_POINT('',(3.857875778608,2.461428055559));
#3925 = CARTESIAN_POINT('',(3.835884619575,2.461428055559));
#3926 = CARTESIAN_POINT('',(3.813893464725,2.461428055559));
#3927 = CARTESIAN_POINT('',(3.791902318241,2.461428055559));
#3928 = CARTESIAN_POINT('',(3.691379379485,2.461428055559));
#3929 = CARTESIAN_POINT('',(3.612826477104,2.461428055559));
#3930 = CARTESIAN_POINT('',(3.534284455031,2.461428055559));
#3931 = CARTESIAN_POINT('',(3.455751918951,2.461428055559));
#3932 = CARTESIAN_POINT('',(3.377219382863,2.461428055559));
#3933 = CARTESIAN_POINT('',(3.298677360795,2.461428055559));
#3934 = CARTESIAN_POINT('',(3.220124458412,2.461428055559));
#3935 = CARTESIAN_POINT('',(3.14159265359,2.461428055559));
#3936 = ( GEOMETRIC_REPRESENTATION_CONTEXT(2) 
PARAMETRIC_REPRESENTATION_CONTEXT() REPRESENTATION_CONTEXT('2D SPACE',''
  ) );
#3937 = FACE_BOUND('',#3938,.F.);
#3938 = EDGE_LOOP('',(#3939));
#3939 = ORIENTED_EDGE('',*,*,#2260,.T.);
#3940 = ADVANCED_FACE('',(#3941),#3489,.F.);
#3941 = FACE_BOUND('',#3942,.F.);
#3942 = EDGE_LOOP('',(#3943,#3944,#3967,#3994,#3995));
#3943 = ORIENTED_EDGE('',*,*,#3605,.F.);
#3944 = ORIENTED_EDGE('',*,*,#3945,.T.);
#3945 = EDGE_CURVE('',#3266,#3946,#3948,.T.);
#3946 = VERTEX_POINT('',#3947);
#3947 = CARTESIAN_POINT('',(43.54,-1.066422432698E-14,-386.5));
#3948 = SEAM_CURVE('',#3949,(#3953,#3960),.PCURVE_S1.);
#3949 = LINE('',#3950,#3951);
#3950 = CARTESIAN_POINT('',(43.54,-1.066422432698E-14,-396.2));
#3951 = VECTOR('',#3952,1.);
#3952 = DIRECTION('',(0.,0.,1.));
#3953 = PCURVE('',#3489,#3954);
#3954 = DEFINITIONAL_REPRESENTATION('',(#3955),#3959);
#3955 = LINE('',#3956,#3957);
#3956 = CARTESIAN_POINT('',(0.,-0.));
#3957 = VECTOR('',#3958,1.);
#3958 = DIRECTION('',(0.,1.));
#3959 = ( GEOMETRIC_REPRESENTATION_CONTEXT(2) 
PARAMETRIC_REPRESENTATION_CONTEXT() REPRESENTATION_CONTEXT('2D SPACE',''
  ) );
#3960 = PCURVE('',#3489,#3961);
#3961 = DEFINITIONAL_REPRESENTATION('',(#3962),#3966);
#3962 = LINE('',#3963,#3964);
#3963 = CARTESIAN_POINT('',(6.28318530718,-0.));
#3964 = VECTOR('',#3965,1.);
#3965 = DIRECTION('',(0.,1.));
#3966 = ( GEOMETRIC_REPRESENTATION_CONTEXT(2) 
PARAMETRIC_REPRESENTATION_CONTEXT() REPRESENTATION_CONTEXT('2D SPACE',''
  ) );
#3967 = ORIENTED_EDGE('',*,*,#3968,.F.);
#3968 = EDGE_CURVE('',#3946,#3946,#3969,.T.);
#3969 = SURFACE_CURVE('',#3970,(#3975,#3982),.PCURVE_S1.);
#3970 = CIRCLE('',#3971,43.54);
#3971 = AXIS2_PLACEMENT_3D('',#3972,#3973,#3974);
#3972 = CARTESIAN_POINT('',(0.,0.,-386.5));
#3973 = DIRECTION('',(0.,0.,1.));
#3974 = DIRECTION('',(1.,0.,-0.));
#3975 = PCURVE('',#3489,#3976);
#3976 = DEFINITIONAL_REPRESENTATION('',(#3977),#3981);
#3977 = LINE('',#3978,#3979);
#3978 = CARTESIAN_POINT('',(0.,9.7));
#3979 = VECTOR('',#3980,1.);
#3980 = DIRECTION('',(1.,0.));
#3981 = ( GEOMETRIC_REPRESENTATION_CONTEXT(2) 
PARAMETRIC_REPRESENTATION_CONTEXT() REPRESENTATION_CONTEXT('2D SPACE',''
  ) );
#3982 = PCURVE('',#3983,#3988);
#3983 = PLANE('',#3984);
#3984 = AXIS2_PLACEMENT_3D('',#3985,#3986,#3987);
#3985 = CARTESIAN_POINT('',(0.,0.,-386.5));
#3986 = DIRECTION('',(0.,0.,1.));
#3987 = DIRECTION('',(1.,0.,-0.));
#3988 = DEFINITIONAL_REPRESENTATION('',(#3989),#3993);
#3989 = CIRCLE('',#3990,43.54);
#3990 = AXIS2_PLACEMENT_2D('',#3991,#3992);
#3991 = CARTESIAN_POINT('',(0.,0.));
#3992 = DIRECTION('',(1.,0.));
#3993 = ( GEOMETRIC_REPRESENTATION_CONTEXT(2) 
PARAMETRIC_REPRESENTATION_CONTEXT() REPRESENTATION_CONTEXT('2D SPACE',''
  ) );
#3994 = ORIENTED_EDGE('',*,*,#3945,.F.);
#3995 = ORIENTED_EDGE('',*,*,#3265,.F.);
#3996 = ADVANCED_FACE('',(#3997,#5312),#3983,.T.);
#3997 = FACE_BOUND('',#3998,.T.);
#3998 = EDGE_LOOP('',(#3999,#4030,#4054,#4081,#4110,#4137,#4161,#4188,
    #4217,#4244,#4268,#4295,#4324,#4351,#4375,#4402,#4431,#4458,#4482,
    #4509,#4538,#4565,#4589,#4616,#4645,#4672,#4696,#4723,#4752,#4779,
    #4803,#4830,#4859,#4886,#4910,#4937,#4966,#4993,#5017,#5044,#5073,
    #5100,#5124,#5151,#5180,#5207,#5231,#5258,#5287));
#3999 = ORIENTED_EDGE('',*,*,#4000,.T.);
#4000 = EDGE_CURVE('',#4001,#4003,#4005,.T.);
#4001 = VERTEX_POINT('',#4002);
#4002 = CARTESIAN_POINT('',(44.183025345225,-4.384092989803,-386.5));
#4003 = VERTEX_POINT('',#4004);
#4004 = CARTESIAN_POINT('',(44.4,-1.087486357643E-14,-386.5));
#4005 = SURFACE_CURVE('',#4006,(#4011,#4018),.PCURVE_S1.);
#4006 = CIRCLE('',#4007,44.4);
#4007 = AXIS2_PLACEMENT_3D('',#4008,#4009,#4010);
#4008 = CARTESIAN_POINT('',(0.,0.,-386.5));
#4009 = DIRECTION('',(0.,0.,1.));
#4010 = DIRECTION('',(1.,0.,-0.));
#4011 = PCURVE('',#3983,#4012);
#4012 = DEFINITIONAL_REPRESENTATION('',(#4013),#4017);
#4013 = CIRCLE('',#4014,44.4);
#4014 = AXIS2_PLACEMENT_2D('',#4015,#4016);
#4015 = CARTESIAN_POINT('',(0.,0.));
#4016 = DIRECTION('',(1.,0.));
#4017 = ( GEOMETRIC_REPRESENTATION_CONTEXT(2) 
PARAMETRIC_REPRESENTATION_CONTEXT() REPRESENTATION_CONTEXT('2D SPACE',''
  ) );
#4018 = PCURVE('',#4019,#4024);
#4019 = CYLINDRICAL_SURFACE('',#4020,44.4);
#4020 = AXIS2_PLACEMENT_3D('',#4021,#4022,#4023);
#4021 = CARTESIAN_POINT('',(0.,0.,-396.2));
#4022 = DIRECTION('',(0.,0.,1.));
#4023 = DIRECTION('',(1.,0.,-0.));
#4024 = DEFINITIONAL_REPRESENTATION('',(#4025),#4029);
#4025 = LINE('',#4026,#4027);
#4026 = CARTESIAN_POINT('',(0.,9.7));
#4027 = VECTOR('',#4028,1.);
#4028 = DIRECTION('',(1.,0.));
#4029 = ( GEOMETRIC_REPRESENTATION_CONTEXT(2) 
PARAMETRIC_REPRESENTATION_CONTEXT() REPRESENTATION_CONTEXT('2D SPACE',''
  ) );
#4030 = ORIENTED_EDGE('',*,*,#4031,.T.);
#4031 = EDGE_CURVE('',#4003,#4032,#4034,.T.);
#4032 = VERTEX_POINT('',#4033);
#4033 = CARTESIAN_POINT('',(44.183025345225,4.384092989803,-386.5));
#4034 = SURFACE_CURVE('',#4035,(#4040,#4047),.PCURVE_S1.);
#4035 = CIRCLE('',#4036,44.4);
#4036 = AXIS2_PLACEMENT_3D('',#4037,#4038,#4039);
#4037 = CARTESIAN_POINT('',(0.,0.,-386.5));
#4038 = DIRECTION('',(0.,0.,1.));
#4039 = DIRECTION('',(1.,0.,-0.));
#4040 = PCURVE('',#3983,#4041);
#4041 = DEFINITIONAL_REPRESENTATION('',(#4042),#4046);
#4042 = CIRCLE('',#4043,44.4);
#4043 = AXIS2_PLACEMENT_2D('',#4044,#4045);
#4044 = CARTESIAN_POINT('',(0.,0.));
#4045 = DIRECTION('',(1.,0.));
#4046 = ( GEOMETRIC_REPRESENTATION_CONTEXT(2) 
PARAMETRIC_REPRESENTATION_CONTEXT() REPRESENTATION_CONTEXT('2D SPACE',''
  ) );
#4047 = PCURVE('',#4019,#4048);
#4048 = DEFINITIONAL_REPRESENTATION('',(#4049),#4053);
#4049 = LINE('',#4050,#4051);
#4050 = CARTESIAN_POINT('',(0.,9.7));
#4051 = VECTOR('',#4052,1.);
#4052 = DIRECTION('',(1.,0.));
#4053 = ( GEOMETRIC_REPRESENTATION_CONTEXT(2) 
PARAMETRIC_REPRESENTATION_CONTEXT() REPRESENTATION_CONTEXT('2D SPACE',''
  ) );
#4054 = ORIENTED_EDGE('',*,*,#4055,.T.);
#4055 = EDGE_CURVE('',#4032,#4056,#4058,.T.);
#4056 = VERTEX_POINT('',#4057);
#4057 = CARTESIAN_POINT('',(46.372274348817,4.601322822632,-386.5));
#4058 = SURFACE_CURVE('',#4059,(#4063,#4070),.PCURVE_S1.);
#4059 = LINE('',#4060,#4061);
#4060 = CARTESIAN_POINT('',(14.926697751765,1.481112496555,-386.5));
#4061 = VECTOR('',#4062,1.);
#4062 = DIRECTION('',(0.995113183451,9.874083310369E-02,-0.));
#4063 = PCURVE('',#3983,#4064);
#4064 = DEFINITIONAL_REPRESENTATION('',(#4065),#4069);
#4065 = LINE('',#4066,#4067);
#4066 = CARTESIAN_POINT('',(14.926697751765,1.481112496555));
#4067 = VECTOR('',#4068,1.);
#4068 = DIRECTION('',(0.995113183451,9.874083310369E-02));
#4069 = ( GEOMETRIC_REPRESENTATION_CONTEXT(2) 
PARAMETRIC_REPRESENTATION_CONTEXT() REPRESENTATION_CONTEXT('2D SPACE',''
  ) );
#4070 = PCURVE('',#4071,#4076);
#4071 = PLANE('',#4072);
#4072 = AXIS2_PLACEMENT_3D('',#4073,#4074,#4075);
#4073 = CARTESIAN_POINT('',(29.85339550353,2.962224993111,-387.25));
#4074 = DIRECTION('',(9.874083310369E-02,-0.995113183451,-0.));
#4075 = DIRECTION('',(0.,0.,-1.));
#4076 = DEFINITIONAL_REPRESENTATION('',(#4077),#4080);
#4077 = B_SPLINE_CURVE_WITH_KNOTS('',1,(#4078,#4079),.UNSPECIFIED.,.F.,
  .F.,(2,2),(-15.,31.828843969681),.PIECEWISE_BEZIER_KNOTS.);
#4078 = CARTESIAN_POINT('',(-0.75,-30.));
#4079 = CARTESIAN_POINT('',(-0.75,16.828843969681));
#4080 = ( GEOMETRIC_REPRESENTATION_CONTEXT(2) 
PARAMETRIC_REPRESENTATION_CONTEXT() REPRESENTATION_CONTEXT('2D SPACE',''
  ) );
#4081 = ORIENTED_EDGE('',*,*,#4082,.T.);
#4082 = EDGE_CURVE('',#4056,#4083,#4085,.T.);
#4083 = VERTEX_POINT('',#4084);
#4084 = CARTESIAN_POINT('',(42.460229028653,19.201274718996,-386.5));
#4085 = SURFACE_CURVE('',#4086,(#4091,#4098),.PCURVE_S1.);
#4086 = CIRCLE('',#4087,46.6);
#4087 = AXIS2_PLACEMENT_3D('',#4088,#4089,#4090);
#4088 = CARTESIAN_POINT('',(0.,0.,-386.5));
#4089 = DIRECTION('',(0.,0.,1.));
#4090 = DIRECTION('',(1.,0.,-0.));
#4091 = PCURVE('',#3983,#4092);
#4092 = DEFINITIONAL_REPRESENTATION('',(#4093),#4097);
#4093 = CIRCLE('',#4094,46.6);
#4094 = AXIS2_PLACEMENT_2D('',#4095,#4096);
#4095 = CARTESIAN_POINT('',(0.,0.));
#4096 = DIRECTION('',(1.,0.));
#4097 = ( GEOMETRIC_REPRESENTATION_CONTEXT(2) 
PARAMETRIC_REPRESENTATION_CONTEXT() REPRESENTATION_CONTEXT('2D SPACE',''
  ) );
#4098 = PCURVE('',#4099,#4104);
#4099 = CYLINDRICAL_SURFACE('',#4100,46.6);
#4100 = AXIS2_PLACEMENT_3D('',#4101,#4102,#4103);
#4101 = CARTESIAN_POINT('',(0.,0.,-388.));
#4102 = DIRECTION('',(0.,0.,1.));
#4103 = DIRECTION('',(1.,0.,-0.));
#4104 = DEFINITIONAL_REPRESENTATION('',(#4105),#4109);
#4105 = LINE('',#4106,#4107);
#4106 = CARTESIAN_POINT('',(0.,1.5));
#4107 = VECTOR('',#4108,1.);
#4108 = DIRECTION('',(1.,0.));
#4109 = ( GEOMETRIC_REPRESENTATION_CONTEXT(2) 
PARAMETRIC_REPRESENTATION_CONTEXT() REPRESENTATION_CONTEXT('2D SPACE',''
  ) );
#4110 = ORIENTED_EDGE('',*,*,#4111,.F.);
#4111 = EDGE_CURVE('',#4112,#4083,#4114,.T.);
#4112 = VERTEX_POINT('',#4113);
#4113 = CARTESIAN_POINT('',(40.455668859918,18.294776770889,-386.5));
#4114 = SURFACE_CURVE('',#4115,(#4119,#4126),.PCURVE_S1.);
#4115 = LINE('',#4116,#4117);
#4116 = CARTESIAN_POINT('',(13.667455695918,6.180667828003,-386.5));
#4117 = VECTOR('',#4118,1.);
#4118 = DIRECTION('',(0.911163713061,0.412044521867,-0.));
#4119 = PCURVE('',#3983,#4120);
#4120 = DEFINITIONAL_REPRESENTATION('',(#4121),#4125);
#4121 = LINE('',#4122,#4123);
#4122 = CARTESIAN_POINT('',(13.667455695918,6.180667828003));
#4123 = VECTOR('',#4124,1.);
#4124 = DIRECTION('',(0.911163713061,0.412044521867));
#4125 = ( GEOMETRIC_REPRESENTATION_CONTEXT(2) 
PARAMETRIC_REPRESENTATION_CONTEXT() REPRESENTATION_CONTEXT('2D SPACE',''
  ) );
#4126 = PCURVE('',#4127,#4132);
#4127 = PLANE('',#4128);
#4128 = AXIS2_PLACEMENT_3D('',#4129,#4130,#4131);
#4129 = CARTESIAN_POINT('',(27.334911391837,12.361335656006,-387.25));
#4130 = DIRECTION('',(0.412044521867,-0.911163713061,0.));
#4131 = DIRECTION('',(0.,0.,-1.));
#4132 = DEFINITIONAL_REPRESENTATION('',(#4133),#4136);
#4133 = B_SPLINE_CURVE_WITH_KNOTS('',1,(#4134,#4135),.UNSPECIFIED.,.F.,
  .F.,(2,2),(-15.,36.143388758798),.PIECEWISE_BEZIER_KNOTS.);
#4134 = CARTESIAN_POINT('',(-0.75,-30.));
#4135 = CARTESIAN_POINT('',(-0.75,21.143388758798));
#4136 = ( GEOMETRIC_REPRESENTATION_CONTEXT(2) 
PARAMETRIC_REPRESENTATION_CONTEXT() REPRESENTATION_CONTEXT('2D SPACE',''
  ) );
#4137 = ORIENTED_EDGE('',*,*,#4138,.T.);
#4138 = EDGE_CURVE('',#4112,#4139,#4141,.T.);
#4139 = VERTEX_POINT('',#4140);
#4140 = CARTESIAN_POINT('',(36.071575870115,25.888248574334,-386.5));
#4141 = SURFACE_CURVE('',#4142,(#4147,#4154),.PCURVE_S1.);
#4142 = CIRCLE('',#4143,44.4);
#4143 = AXIS2_PLACEMENT_3D('',#4144,#4145,#4146);
#4144 = CARTESIAN_POINT('',(0.,0.,-386.5));
#4145 = DIRECTION('',(0.,0.,1.));
#4146 = DIRECTION('',(1.,0.,-0.));
#4147 = PCURVE('',#3983,#4148);
#4148 = DEFINITIONAL_REPRESENTATION('',(#4149),#4153);
#4149 = CIRCLE('',#4150,44.4);
#4150 = AXIS2_PLACEMENT_2D('',#4151,#4152);
#4151 = CARTESIAN_POINT('',(0.,0.));
#4152 = DIRECTION('',(1.,0.));
#4153 = ( GEOMETRIC_REPRESENTATION_CONTEXT(2) 
PARAMETRIC_REPRESENTATION_CONTEXT() REPRESENTATION_CONTEXT('2D SPACE',''
  ) );
#4154 = PCURVE('',#4019,#4155);
#4155 = DEFINITIONAL_REPRESENTATION('',(#4156),#4160);
#4156 = LINE('',#4157,#4158);
#4157 = CARTESIAN_POINT('',(0.,9.7));
#4158 = VECTOR('',#4159,1.);
#4159 = DIRECTION('',(1.,0.));
#4160 = ( GEOMETRIC_REPRESENTATION_CONTEXT(2) 
PARAMETRIC_REPRESENTATION_CONTEXT() REPRESENTATION_CONTEXT('2D SPACE',''
  ) );
#4161 = ORIENTED_EDGE('',*,*,#4162,.T.);
#4162 = EDGE_CURVE('',#4139,#4163,#4165,.T.);
#4163 = VERTEX_POINT('',#4164);
#4164 = CARTESIAN_POINT('',(37.858906206021,27.170999629821,-386.5));
#4165 = SURFACE_CURVE('',#4166,(#4170,#4177),.PCURVE_S1.);
#4166 = LINE('',#4167,#4168);
#4167 = CARTESIAN_POINT('',(12.186343199363,8.746029923762,-386.5));
#4168 = VECTOR('',#4169,1.);
#4169 = DIRECTION('',(0.812422879958,0.583068661584,-0.));
#4170 = PCURVE('',#3983,#4171);
#4171 = DEFINITIONAL_REPRESENTATION('',(#4172),#4176);
#4172 = LINE('',#4173,#4174);
#4173 = CARTESIAN_POINT('',(12.186343199363,8.746029923762));
#4174 = VECTOR('',#4175,1.);
#4175 = DIRECTION('',(0.812422879958,0.583068661584));
#4176 = ( GEOMETRIC_REPRESENTATION_CONTEXT(2) 
PARAMETRIC_REPRESENTATION_CONTEXT() REPRESENTATION_CONTEXT('2D SPACE',''
  ) );
#4177 = PCURVE('',#4178,#4183);
#4178 = PLANE('',#4179);
#4179 = AXIS2_PLACEMENT_3D('',#4180,#4181,#4182);
#4180 = CARTESIAN_POINT('',(24.372686398726,17.492059847524,-387.25));
#4181 = DIRECTION('',(0.583068661584,-0.812422879958,-0.));
#4182 = DIRECTION('',(0.,0.,-1.));
#4183 = DEFINITIONAL_REPRESENTATION('',(#4184),#4187);
#4184 = B_SPLINE_CURVE_WITH_KNOTS('',1,(#4185,#4186),.UNSPECIFIED.,.F.,
  .F.,(2,2),(-15.,42.359290524211),.PIECEWISE_BEZIER_KNOTS.);
#4185 = CARTESIAN_POINT('',(-0.75,-30.));
#4186 = CARTESIAN_POINT('',(-0.75,27.359290524211));
#4187 = ( GEOMETRIC_REPRESENTATION_CONTEXT(2) 
PARAMETRIC_REPRESENTATION_CONTEXT() REPRESENTATION_CONTEXT('2D SPACE',''
  ) );
#4188 = ORIENTED_EDGE('',*,*,#4189,.T.);
#4189 = EDGE_CURVE('',#4163,#4190,#4192,.T.);
#4190 = VERTEX_POINT('',#4191);
#4191 = CARTESIAN_POINT('',(27.170999629821,37.858906206021,-386.5));
#4192 = SURFACE_CURVE('',#4193,(#4198,#4205),.PCURVE_S1.);
#4193 = CIRCLE('',#4194,46.6);
#4194 = AXIS2_PLACEMENT_3D('',#4195,#4196,#4197);
#4195 = CARTESIAN_POINT('',(0.,0.,-386.5));
#4196 = DIRECTION('',(0.,0.,1.));
#4197 = DIRECTION('',(1.,0.,-0.));
#4198 = PCURVE('',#3983,#4199);
#4199 = DEFINITIONAL_REPRESENTATION('',(#4200),#4204);
#4200 = CIRCLE('',#4201,46.6);
#4201 = AXIS2_PLACEMENT_2D('',#4202,#4203);
#4202 = CARTESIAN_POINT('',(0.,0.));
#4203 = DIRECTION('',(1.,0.));
#4204 = ( GEOMETRIC_REPRESENTATION_CONTEXT(2) 
PARAMETRIC_REPRESENTATION_CONTEXT() REPRESENTATION_CONTEXT('2D SPACE',''
  ) );
#4205 = PCURVE('',#4206,#4211);
#4206 = CYLINDRICAL_SURFACE('',#4207,46.6);
#4207 = AXIS2_PLACEMENT_3D('',#4208,#4209,#4210);
#4208 = CARTESIAN_POINT('',(0.,0.,-388.));
#4209 = DIRECTION('',(0.,0.,1.));
#4210 = DIRECTION('',(1.,0.,-0.));
#4211 = DEFINITIONAL_REPRESENTATION('',(#4212),#4216);
#4212 = LINE('',#4213,#4214);
#4213 = CARTESIAN_POINT('',(0.,1.5));
#4214 = VECTOR('',#4215,1.);
#4215 = DIRECTION('',(1.,0.));
#4216 = ( GEOMETRIC_REPRESENTATION_CONTEXT(2) 
PARAMETRIC_REPRESENTATION_CONTEXT() REPRESENTATION_CONTEXT('2D SPACE',''
  ) );
#4217 = ORIENTED_EDGE('',*,*,#4218,.F.);
#4218 = EDGE_CURVE('',#4219,#4190,#4221,.T.);
#4219 = VERTEX_POINT('',#4220);
#4220 = CARTESIAN_POINT('',(25.888248574334,36.071575870115,-386.5));
#4221 = SURFACE_CURVE('',#4222,(#4226,#4233),.PCURVE_S1.);
#4222 = LINE('',#4223,#4224);
#4223 = CARTESIAN_POINT('',(8.746029923762,12.186343199363,-386.5));
#4224 = VECTOR('',#4225,1.);
#4225 = DIRECTION('',(0.583068661584,0.812422879958,-0.));
#4226 = PCURVE('',#3983,#4227);
#4227 = DEFINITIONAL_REPRESENTATION('',(#4228),#4232);
#4228 = LINE('',#4229,#4230);
#4229 = CARTESIAN_POINT('',(8.746029923762,12.186343199363));
#4230 = VECTOR('',#4231,1.);
#4231 = DIRECTION('',(0.583068661584,0.812422879958));
#4232 = ( GEOMETRIC_REPRESENTATION_CONTEXT(2) 
PARAMETRIC_REPRESENTATION_CONTEXT() REPRESENTATION_CONTEXT('2D SPACE',''
  ) );
#4233 = PCURVE('',#4234,#4239);
#4234 = PLANE('',#4235);
#4235 = AXIS2_PLACEMENT_3D('',#4236,#4237,#4238);
#4236 = CARTESIAN_POINT('',(17.492059847524,24.372686398726,-387.25));
#4237 = DIRECTION('',(0.812422879958,-0.583068661584,0.));
#4238 = DIRECTION('',(0.,0.,-1.));
#4239 = DEFINITIONAL_REPRESENTATION('',(#4240),#4243);
#4240 = B_SPLINE_CURVE_WITH_KNOTS('',1,(#4241,#4242),.UNSPECIFIED.,.F.,
  .F.,(2,2),(-15.,42.359290524211),.PIECEWISE_BEZIER_KNOTS.);
#4241 = CARTESIAN_POINT('',(-0.75,-30.));
#4242 = CARTESIAN_POINT('',(-0.75,27.359290524211));
#4243 = ( GEOMETRIC_REPRESENTATION_CONTEXT(2) 
PARAMETRIC_REPRESENTATION_CONTEXT() REPRESENTATION_CONTEXT('2D SPACE',''
  ) );
#4244 = ORIENTED_EDGE('',*,*,#4245,.T.);
#4245 = EDGE_CURVE('',#4219,#4246,#4248,.T.);
#4246 = VERTEX_POINT('',#4247);
#4247 = CARTESIAN_POINT('',(18.294776770889,40.455668859918,-386.5));
#4248 = SURFACE_CURVE('',#4249,(#4254,#4261),.PCURVE_S1.);
#4249 = CIRCLE('',#4250,44.4);
#4250 = AXIS2_PLACEMENT_3D('',#4251,#4252,#4253);
#4251 = CARTESIAN_POINT('',(0.,0.,-386.5));
#4252 = DIRECTION('',(0.,0.,1.));
#4253 = DIRECTION('',(1.,0.,-0.));
#4254 = PCURVE('',#3983,#4255);
#4255 = DEFINITIONAL_REPRESENTATION('',(#4256),#4260);
#4256 = CIRCLE('',#4257,44.4);
#4257 = AXIS2_PLACEMENT_2D('',#4258,#4259);
#4258 = CARTESIAN_POINT('',(0.,0.));
#4259 = DIRECTION('',(1.,0.));
#4260 = ( GEOMETRIC_REPRESENTATION_CONTEXT(2) 
PARAMETRIC_REPRESENTATION_CONTEXT() REPRESENTATION_CONTEXT('2D SPACE',''
  ) );
#4261 = PCURVE('',#4019,#4262);
#4262 = DEFINITIONAL_REPRESENTATION('',(#4263),#4267);
#4263 = LINE('',#4264,#4265);
#4264 = CARTESIAN_POINT('',(0.,9.7));
#4265 = VECTOR('',#4266,1.);
#4266 = DIRECTION('',(1.,0.));
#4267 = ( GEOMETRIC_REPRESENTATION_CONTEXT(2) 
PARAMETRIC_REPRESENTATION_CONTEXT() REPRESENTATION_CONTEXT('2D SPACE',''
  ) );
#4268 = ORIENTED_EDGE('',*,*,#4269,.T.);
#4269 = EDGE_CURVE('',#4246,#4270,#4272,.T.);
#4270 = VERTEX_POINT('',#4271);
#4271 = CARTESIAN_POINT('',(19.201274718996,42.460229028653,-386.5));
#4272 = SURFACE_CURVE('',#4273,(#4277,#4284),.PCURVE_S1.);
#4273 = LINE('',#4274,#4275);
#4274 = CARTESIAN_POINT('',(6.180667828003,13.667455695918,-386.5));
#4275 = VECTOR('',#4276,1.);
#4276 = DIRECTION('',(0.412044521867,0.911163713061,-0.));
#4277 = PCURVE('',#3983,#4278);
#4278 = DEFINITIONAL_REPRESENTATION('',(#4279),#4283);
#4279 = LINE('',#4280,#4281);
#4280 = CARTESIAN_POINT('',(6.180667828003,13.667455695918));
#4281 = VECTOR('',#4282,1.);
#4282 = DIRECTION('',(0.412044521867,0.911163713061));
#4283 = ( GEOMETRIC_REPRESENTATION_CONTEXT(2) 
PARAMETRIC_REPRESENTATION_CONTEXT() REPRESENTATION_CONTEXT('2D SPACE',''
  ) );
#4284 = PCURVE('',#4285,#4290);
#4285 = PLANE('',#4286);
#4286 = AXIS2_PLACEMENT_3D('',#4287,#4288,#4289);
#4287 = CARTESIAN_POINT('',(12.361335656006,27.334911391837,-387.25));
#4288 = DIRECTION('',(0.911163713061,-0.412044521867,-0.));
#4289 = DIRECTION('',(0.,0.,-1.));
#4290 = DEFINITIONAL_REPRESENTATION('',(#4291),#4294);
#4291 = B_SPLINE_CURVE_WITH_KNOTS('',1,(#4292,#4293),.UNSPECIFIED.,.F.,
  .F.,(2,2),(-15.,36.143388758798),.PIECEWISE_BEZIER_KNOTS.);
#4292 = CARTESIAN_POINT('',(-0.75,-30.));
#4293 = CARTESIAN_POINT('',(-0.75,21.143388758798));
#4294 = ( GEOMETRIC_REPRESENTATION_CONTEXT(2) 
PARAMETRIC_REPRESENTATION_CONTEXT() REPRESENTATION_CONTEXT('2D SPACE',''
  ) );
#4295 = ORIENTED_EDGE('',*,*,#4296,.T.);
#4296 = EDGE_CURVE('',#4270,#4297,#4299,.T.);
#4297 = VERTEX_POINT('',#4298);
#4298 = CARTESIAN_POINT('',(4.601322822632,46.372274348817,-386.5));
#4299 = SURFACE_CURVE('',#4300,(#4305,#4312),.PCURVE_S1.);
#4300 = CIRCLE('',#4301,46.6);
#4301 = AXIS2_PLACEMENT_3D('',#4302,#4303,#4304);
#4302 = CARTESIAN_POINT('',(0.,0.,-386.5));
#4303 = DIRECTION('',(0.,0.,1.));
#4304 = DIRECTION('',(1.,0.,-0.));
#4305 = PCURVE('',#3983,#4306);
#4306 = DEFINITIONAL_REPRESENTATION('',(#4307),#4311);
#4307 = CIRCLE('',#4308,46.6);
#4308 = AXIS2_PLACEMENT_2D('',#4309,#4310);
#4309 = CARTESIAN_POINT('',(0.,0.));
#4310 = DIRECTION('',(1.,0.));
#4311 = ( GEOMETRIC_REPRESENTATION_CONTEXT(2) 
PARAMETRIC_REPRESENTATION_CONTEXT() REPRESENTATION_CONTEXT('2D SPACE',''
  ) );
#4312 = PCURVE('',#4313,#4318);
#4313 = CYLINDRICAL_SURFACE('',#4314,46.6);
#4314 = AXIS2_PLACEMENT_3D('',#4315,#4316,#4317);
#4315 = CARTESIAN_POINT('',(0.,0.,-388.));
#4316 = DIRECTION('',(0.,0.,1.));
#4317 = DIRECTION('',(1.,0.,-0.));
#4318 = DEFINITIONAL_REPRESENTATION('',(#4319),#4323);
#4319 = LINE('',#4320,#4321);
#4320 = CARTESIAN_POINT('',(0.,1.5));
#4321 = VECTOR('',#4322,1.);
#4322 = DIRECTION('',(1.,0.));
#4323 = ( GEOMETRIC_REPRESENTATION_CONTEXT(2) 
PARAMETRIC_REPRESENTATION_CONTEXT() REPRESENTATION_CONTEXT('2D SPACE',''
  ) );
#4324 = ORIENTED_EDGE('',*,*,#4325,.F.);
#4325 = EDGE_CURVE('',#4326,#4297,#4328,.T.);
#4326 = VERTEX_POINT('',#4327);
#4327 = CARTESIAN_POINT('',(4.384092989803,44.183025345225,-386.5));
#4328 = SURFACE_CURVE('',#4329,(#4333,#4340),.PCURVE_S1.);
#4329 = LINE('',#4330,#4331);
#4330 = CARTESIAN_POINT('',(1.481112496555,14.926697751765,-386.5));
#4331 = VECTOR('',#4332,1.);
#4332 = DIRECTION('',(9.874083310369E-02,0.995113183451,-0.));
#4333 = PCURVE('',#3983,#4334);
#4334 = DEFINITIONAL_REPRESENTATION('',(#4335),#4339);
#4335 = LINE('',#4336,#4337);
#4336 = CARTESIAN_POINT('',(1.481112496555,14.926697751765));
#4337 = VECTOR('',#4338,1.);
#4338 = DIRECTION('',(9.874083310369E-02,0.995113183451));
#4339 = ( GEOMETRIC_REPRESENTATION_CONTEXT(2) 
PARAMETRIC_REPRESENTATION_CONTEXT() REPRESENTATION_CONTEXT('2D SPACE',''
  ) );
#4340 = PCURVE('',#4341,#4346);
#4341 = PLANE('',#4342);
#4342 = AXIS2_PLACEMENT_3D('',#4343,#4344,#4345);
#4343 = CARTESIAN_POINT('',(2.962224993111,29.85339550353,-387.25));
#4344 = DIRECTION('',(0.995113183451,-9.874083310369E-02,0.));
#4345 = DIRECTION('',(0.,0.,-1.));
#4346 = DEFINITIONAL_REPRESENTATION('',(#4347),#4350);
#4347 = B_SPLINE_CURVE_WITH_KNOTS('',1,(#4348,#4349),.UNSPECIFIED.,.F.,
  .F.,(2,2),(-15.,31.828843969681),.PIECEWISE_BEZIER_KNOTS.);
#4348 = CARTESIAN_POINT('',(-0.75,-30.));
#4349 = CARTESIAN_POINT('',(-0.75,16.828843969681));
#4350 = ( GEOMETRIC_REPRESENTATION_CONTEXT(2) 
PARAMETRIC_REPRESENTATION_CONTEXT() REPRESENTATION_CONTEXT('2D SPACE',''
  ) );
#4351 = ORIENTED_EDGE('',*,*,#4352,.T.);
#4352 = EDGE_CURVE('',#4326,#4353,#4355,.T.);
#4353 = VERTEX_POINT('',#4354);
#4354 = CARTESIAN_POINT('',(-4.384092989803,44.183025345225,-386.5));
#4355 = SURFACE_CURVE('',#4356,(#4361,#4368),.PCURVE_S1.);
#4356 = CIRCLE('',#4357,44.4);
#4357 = AXIS2_PLACEMENT_3D('',#4358,#4359,#4360);
#4358 = CARTESIAN_POINT('',(0.,0.,-386.5));
#4359 = DIRECTION('',(0.,0.,1.));
#4360 = DIRECTION('',(1.,0.,-0.));
#4361 = PCURVE('',#3983,#4362);
#4362 = DEFINITIONAL_REPRESENTATION('',(#4363),#4367);
#4363 = CIRCLE('',#4364,44.4);
#4364 = AXIS2_PLACEMENT_2D('',#4365,#4366);
#4365 = CARTESIAN_POINT('',(0.,0.));
#4366 = DIRECTION('',(1.,0.));
#4367 = ( GEOMETRIC_REPRESENTATION_CONTEXT(2) 
PARAMETRIC_REPRESENTATION_CONTEXT() REPRESENTATION_CONTEXT('2D SPACE',''
  ) );
#4368 = PCURVE('',#4019,#4369);
#4369 = DEFINITIONAL_REPRESENTATION('',(#4370),#4374);
#4370 = LINE('',#4371,#4372);
#4371 = CARTESIAN_POINT('',(0.,9.7));
#4372 = VECTOR('',#4373,1.);
#4373 = DIRECTION('',(1.,0.));
#4374 = ( GEOMETRIC_REPRESENTATION_CONTEXT(2) 
PARAMETRIC_REPRESENTATION_CONTEXT() REPRESENTATION_CONTEXT('2D SPACE',''
  ) );
#4375 = ORIENTED_EDGE('',*,*,#4376,.T.);
#4376 = EDGE_CURVE('',#4353,#4377,#4379,.T.);
#4377 = VERTEX_POINT('',#4378);
#4378 = CARTESIAN_POINT('',(-4.601322822632,46.372274348817,-386.5));
#4379 = SURFACE_CURVE('',#4380,(#4384,#4391),.PCURVE_S1.);
#4380 = LINE('',#4381,#4382);
#4381 = CARTESIAN_POINT('',(-1.481112496555,14.926697751765,-386.5));
#4382 = VECTOR('',#4383,1.);
#4383 = DIRECTION('',(-9.874083310369E-02,0.995113183451,0.));
#4384 = PCURVE('',#3983,#4385);
#4385 = DEFINITIONAL_REPRESENTATION('',(#4386),#4390);
#4386 = LINE('',#4387,#4388);
#4387 = CARTESIAN_POINT('',(-1.481112496555,14.926697751765));
#4388 = VECTOR('',#4389,1.);
#4389 = DIRECTION('',(-9.874083310369E-02,0.995113183451));
#4390 = ( GEOMETRIC_REPRESENTATION_CONTEXT(2) 
PARAMETRIC_REPRESENTATION_CONTEXT() REPRESENTATION_CONTEXT('2D SPACE',''
  ) );
#4391 = PCURVE('',#4392,#4397);
#4392 = PLANE('',#4393);
#4393 = AXIS2_PLACEMENT_3D('',#4394,#4395,#4396);
#4394 = CARTESIAN_POINT('',(-2.962224993111,29.85339550353,-387.25));
#4395 = DIRECTION('',(0.995113183451,9.874083310369E-02,-0.));
#4396 = DIRECTION('',(-0.,0.,-1.));
#4397 = DEFINITIONAL_REPRESENTATION('',(#4398),#4401);
#4398 = B_SPLINE_CURVE_WITH_KNOTS('',1,(#4399,#4400),.UNSPECIFIED.,.F.,
  .F.,(2,2),(-15.,31.828843969681),.PIECEWISE_BEZIER_KNOTS.);
#4399 = CARTESIAN_POINT('',(-0.75,-30.));
#4400 = CARTESIAN_POINT('',(-0.75,16.828843969681));
#4401 = ( GEOMETRIC_REPRESENTATION_CONTEXT(2) 
PARAMETRIC_REPRESENTATION_CONTEXT() REPRESENTATION_CONTEXT('2D SPACE',''
  ) );
#4402 = ORIENTED_EDGE('',*,*,#4403,.T.);
#4403 = EDGE_CURVE('',#4377,#4404,#4406,.T.);
#4404 = VERTEX_POINT('',#4405);
#4405 = CARTESIAN_POINT('',(-19.20127471899,42.460229028653,-386.5));
#4406 = SURFACE_CURVE('',#4407,(#4412,#4419),.PCURVE_S1.);
#4407 = CIRCLE('',#4408,46.6);
#4408 = AXIS2_PLACEMENT_3D('',#4409,#4410,#4411);
#4409 = CARTESIAN_POINT('',(0.,0.,-386.5));
#4410 = DIRECTION('',(0.,0.,1.));
#4411 = DIRECTION('',(1.,0.,-0.));
#4412 = PCURVE('',#3983,#4413);
#4413 = DEFINITIONAL_REPRESENTATION('',(#4414),#4418);
#4414 = CIRCLE('',#4415,46.6);
#4415 = AXIS2_PLACEMENT_2D('',#4416,#4417);
#4416 = CARTESIAN_POINT('',(0.,0.));
#4417 = DIRECTION('',(1.,0.));
#4418 = ( GEOMETRIC_REPRESENTATION_CONTEXT(2) 
PARAMETRIC_REPRESENTATION_CONTEXT() REPRESENTATION_CONTEXT('2D SPACE',''
  ) );
#4419 = PCURVE('',#4420,#4425);
#4420 = CYLINDRICAL_SURFACE('',#4421,46.6);
#4421 = AXIS2_PLACEMENT_3D('',#4422,#4423,#4424);
#4422 = CARTESIAN_POINT('',(0.,0.,-388.));
#4423 = DIRECTION('',(0.,0.,1.));
#4424 = DIRECTION('',(1.,0.,-0.));
#4425 = DEFINITIONAL_REPRESENTATION('',(#4426),#4430);
#4426 = LINE('',#4427,#4428);
#4427 = CARTESIAN_POINT('',(0.,1.5));
#4428 = VECTOR('',#4429,1.);
#4429 = DIRECTION('',(1.,0.));
#4430 = ( GEOMETRIC_REPRESENTATION_CONTEXT(2) 
PARAMETRIC_REPRESENTATION_CONTEXT() REPRESENTATION_CONTEXT('2D SPACE',''
  ) );
#4431 = ORIENTED_EDGE('',*,*,#4432,.F.);
#4432 = EDGE_CURVE('',#4433,#4404,#4435,.T.);
#4433 = VERTEX_POINT('',#4434);
#4434 = CARTESIAN_POINT('',(-18.29477677088,40.455668859918,-386.5));
#4435 = SURFACE_CURVE('',#4436,(#4440,#4447),.PCURVE_S1.);
#4436 = LINE('',#4437,#4438);
#4437 = CARTESIAN_POINT('',(-6.180667828003,13.667455695918,-386.5));
#4438 = VECTOR('',#4439,1.);
#4439 = DIRECTION('',(-0.412044521867,0.911163713061,0.));
#4440 = PCURVE('',#3983,#4441);
#4441 = DEFINITIONAL_REPRESENTATION('',(#4442),#4446);
#4442 = LINE('',#4443,#4444);
#4443 = CARTESIAN_POINT('',(-6.180667828003,13.667455695918));
#4444 = VECTOR('',#4445,1.);
#4445 = DIRECTION('',(-0.412044521867,0.911163713061));
#4446 = ( GEOMETRIC_REPRESENTATION_CONTEXT(2) 
PARAMETRIC_REPRESENTATION_CONTEXT() REPRESENTATION_CONTEXT('2D SPACE',''
  ) );
#4447 = PCURVE('',#4448,#4453);
#4448 = PLANE('',#4449);
#4449 = AXIS2_PLACEMENT_3D('',#4450,#4451,#4452);
#4450 = CARTESIAN_POINT('',(-12.361335656,27.334911391837,-387.25));
#4451 = DIRECTION('',(0.911163713061,0.412044521867,0.));
#4452 = DIRECTION('',(-0.,0.,-1.));
#4453 = DEFINITIONAL_REPRESENTATION('',(#4454),#4457);
#4454 = B_SPLINE_CURVE_WITH_KNOTS('',1,(#4455,#4456),.UNSPECIFIED.,.F.,
  .F.,(2,2),(-15.,36.143388758798),.PIECEWISE_BEZIER_KNOTS.);
#4455 = CARTESIAN_POINT('',(-0.75,-30.));
#4456 = CARTESIAN_POINT('',(-0.75,21.143388758798));
#4457 = ( GEOMETRIC_REPRESENTATION_CONTEXT(2) 
PARAMETRIC_REPRESENTATION_CONTEXT() REPRESENTATION_CONTEXT('2D SPACE',''
  ) );
#4458 = ORIENTED_EDGE('',*,*,#4459,.T.);
#4459 = EDGE_CURVE('',#4433,#4460,#4462,.T.);
#4460 = VERTEX_POINT('',#4461);
#4461 = CARTESIAN_POINT('',(-25.88824857433,36.071575870115,-386.5));
#4462 = SURFACE_CURVE('',#4463,(#4468,#4475),.PCURVE_S1.);
#4463 = CIRCLE('',#4464,44.4);
#4464 = AXIS2_PLACEMENT_3D('',#4465,#4466,#4467);
#4465 = CARTESIAN_POINT('',(0.,0.,-386.5));
#4466 = DIRECTION('',(0.,0.,1.));
#4467 = DIRECTION('',(1.,0.,-0.));
#4468 = PCURVE('',#3983,#4469);
#4469 = DEFINITIONAL_REPRESENTATION('',(#4470),#4474);
#4470 = CIRCLE('',#4471,44.4);
#4471 = AXIS2_PLACEMENT_2D('',#4472,#4473);
#4472 = CARTESIAN_POINT('',(0.,0.));
#4473 = DIRECTION('',(1.,0.));
#4474 = ( GEOMETRIC_REPRESENTATION_CONTEXT(2) 
PARAMETRIC_REPRESENTATION_CONTEXT() REPRESENTATION_CONTEXT('2D SPACE',''
  ) );
#4475 = PCURVE('',#4019,#4476);
#4476 = DEFINITIONAL_REPRESENTATION('',(#4477),#4481);
#4477 = LINE('',#4478,#4479);
#4478 = CARTESIAN_POINT('',(0.,9.7));
#4479 = VECTOR('',#4480,1.);
#4480 = DIRECTION('',(1.,0.));
#4481 = ( GEOMETRIC_REPRESENTATION_CONTEXT(2) 
PARAMETRIC_REPRESENTATION_CONTEXT() REPRESENTATION_CONTEXT('2D SPACE',''
  ) );
#4482 = ORIENTED_EDGE('',*,*,#4483,.T.);
#4483 = EDGE_CURVE('',#4460,#4484,#4486,.T.);
#4484 = VERTEX_POINT('',#4485);
#4485 = CARTESIAN_POINT('',(-27.17099962982,37.858906206021,-386.5));
#4486 = SURFACE_CURVE('',#4487,(#4491,#4498),.PCURVE_S1.);
#4487 = LINE('',#4488,#4489);
#4488 = CARTESIAN_POINT('',(-8.746029923762,12.186343199363,-386.5));
#4489 = VECTOR('',#4490,1.);
#4490 = DIRECTION('',(-0.583068661584,0.812422879958,0.));
#4491 = PCURVE('',#3983,#4492);
#4492 = DEFINITIONAL_REPRESENTATION('',(#4493),#4497);
#4493 = LINE('',#4494,#4495);
#4494 = CARTESIAN_POINT('',(-8.746029923762,12.186343199363));
#4495 = VECTOR('',#4496,1.);
#4496 = DIRECTION('',(-0.583068661584,0.812422879958));
#4497 = ( GEOMETRIC_REPRESENTATION_CONTEXT(2) 
PARAMETRIC_REPRESENTATION_CONTEXT() REPRESENTATION_CONTEXT('2D SPACE',''
  ) );
#4498 = PCURVE('',#4499,#4504);
#4499 = PLANE('',#4500);
#4500 = AXIS2_PLACEMENT_3D('',#4501,#4502,#4503);
#4501 = CARTESIAN_POINT('',(-17.49205984752,24.372686398726,-387.25));
#4502 = DIRECTION('',(0.812422879958,0.583068661584,-0.));
#4503 = DIRECTION('',(-0.,0.,-1.));
#4504 = DEFINITIONAL_REPRESENTATION('',(#4505),#4508);
#4505 = B_SPLINE_CURVE_WITH_KNOTS('',1,(#4506,#4507),.UNSPECIFIED.,.F.,
  .F.,(2,2),(-15.,42.359290524211),.PIECEWISE_BEZIER_KNOTS.);
#4506 = CARTESIAN_POINT('',(-0.75,-30.));
#4507 = CARTESIAN_POINT('',(-0.75,27.359290524211));
#4508 = ( GEOMETRIC_REPRESENTATION_CONTEXT(2) 
PARAMETRIC_REPRESENTATION_CONTEXT() REPRESENTATION_CONTEXT('2D SPACE',''
  ) );
#4509 = ORIENTED_EDGE('',*,*,#4510,.T.);
#4510 = EDGE_CURVE('',#4484,#4511,#4513,.T.);
#4511 = VERTEX_POINT('',#4512);
#4512 = CARTESIAN_POINT('',(-37.85890620602,27.170999629821,-386.5));
#4513 = SURFACE_CURVE('',#4514,(#4519,#4526),.PCURVE_S1.);
#4514 = CIRCLE('',#4515,46.6);
#4515 = AXIS2_PLACEMENT_3D('',#4516,#4517,#4518);
#4516 = CARTESIAN_POINT('',(0.,0.,-386.5));
#4517 = DIRECTION('',(0.,0.,1.));
#4518 = DIRECTION('',(1.,0.,-0.));
#4519 = PCURVE('',#3983,#4520);
#4520 = DEFINITIONAL_REPRESENTATION('',(#4521),#4525);
#4521 = CIRCLE('',#4522,46.6);
#4522 = AXIS2_PLACEMENT_2D('',#4523,#4524);
#4523 = CARTESIAN_POINT('',(0.,0.));
#4524 = DIRECTION('',(1.,0.));
#4525 = ( GEOMETRIC_REPRESENTATION_CONTEXT(2) 
PARAMETRIC_REPRESENTATION_CONTEXT() REPRESENTATION_CONTEXT('2D SPACE',''
  ) );
#4526 = PCURVE('',#4527,#4532);
#4527 = CYLINDRICAL_SURFACE('',#4528,46.6);
#4528 = AXIS2_PLACEMENT_3D('',#4529,#4530,#4531);
#4529 = CARTESIAN_POINT('',(0.,0.,-388.));
#4530 = DIRECTION('',(0.,0.,1.));
#4531 = DIRECTION('',(1.,0.,-0.));
#4532 = DEFINITIONAL_REPRESENTATION('',(#4533),#4537);
#4533 = LINE('',#4534,#4535);
#4534 = CARTESIAN_POINT('',(0.,1.5));
#4535 = VECTOR('',#4536,1.);
#4536 = DIRECTION('',(1.,0.));
#4537 = ( GEOMETRIC_REPRESENTATION_CONTEXT(2) 
PARAMETRIC_REPRESENTATION_CONTEXT() REPRESENTATION_CONTEXT('2D SPACE',''
  ) );
#4538 = ORIENTED_EDGE('',*,*,#4539,.F.);
#4539 = EDGE_CURVE('',#4540,#4511,#4542,.T.);
#4540 = VERTEX_POINT('',#4541);
#4541 = CARTESIAN_POINT('',(-36.07157587011,25.888248574334,-386.5));
#4542 = SURFACE_CURVE('',#4543,(#4547,#4554),.PCURVE_S1.);
#4543 = LINE('',#4544,#4545);
#4544 = CARTESIAN_POINT('',(-12.18634319936,8.746029923762,-386.5));
#4545 = VECTOR('',#4546,1.);
#4546 = DIRECTION('',(-0.812422879958,0.583068661584,0.));
#4547 = PCURVE('',#3983,#4548);
#4548 = DEFINITIONAL_REPRESENTATION('',(#4549),#4553);
#4549 = LINE('',#4550,#4551);
#4550 = CARTESIAN_POINT('',(-12.18634319936,8.746029923762));
#4551 = VECTOR('',#4552,1.);
#4552 = DIRECTION('',(-0.812422879958,0.583068661584));
#4553 = ( GEOMETRIC_REPRESENTATION_CONTEXT(2) 
PARAMETRIC_REPRESENTATION_CONTEXT() REPRESENTATION_CONTEXT('2D SPACE',''
  ) );
#4554 = PCURVE('',#4555,#4560);
#4555 = PLANE('',#4556);
#4556 = AXIS2_PLACEMENT_3D('',#4557,#4558,#4559);
#4557 = CARTESIAN_POINT('',(-24.37268639872,17.492059847524,-387.25));
#4558 = DIRECTION('',(0.583068661584,0.812422879958,0.));
#4559 = DIRECTION('',(-0.,0.,-1.));
#4560 = DEFINITIONAL_REPRESENTATION('',(#4561),#4564);
#4561 = B_SPLINE_CURVE_WITH_KNOTS('',1,(#4562,#4563),.UNSPECIFIED.,.F.,
  .F.,(2,2),(-15.,42.359290524211),.PIECEWISE_BEZIER_KNOTS.);
#4562 = CARTESIAN_POINT('',(-0.75,-30.));
#4563 = CARTESIAN_POINT('',(-0.75,27.359290524211));
#4564 = ( GEOMETRIC_REPRESENTATION_CONTEXT(2) 
PARAMETRIC_REPRESENTATION_CONTEXT() REPRESENTATION_CONTEXT('2D SPACE',''
  ) );
#4565 = ORIENTED_EDGE('',*,*,#4566,.T.);
#4566 = EDGE_CURVE('',#4540,#4567,#4569,.T.);
#4567 = VERTEX_POINT('',#4568);
#4568 = CARTESIAN_POINT('',(-40.45566885991,18.294776770889,-386.5));
#4569 = SURFACE_CURVE('',#4570,(#4575,#4582),.PCURVE_S1.);
#4570 = CIRCLE('',#4571,44.4);
#4571 = AXIS2_PLACEMENT_3D('',#4572,#4573,#4574);
#4572 = CARTESIAN_POINT('',(0.,0.,-386.5));
#4573 = DIRECTION('',(0.,0.,1.));
#4574 = DIRECTION('',(1.,0.,-0.));
#4575 = PCURVE('',#3983,#4576);
#4576 = DEFINITIONAL_REPRESENTATION('',(#4577),#4581);
#4577 = CIRCLE('',#4578,44.4);
#4578 = AXIS2_PLACEMENT_2D('',#4579,#4580);
#4579 = CARTESIAN_POINT('',(0.,0.));
#4580 = DIRECTION('',(1.,0.));
#4581 = ( GEOMETRIC_REPRESENTATION_CONTEXT(2) 
PARAMETRIC_REPRESENTATION_CONTEXT() REPRESENTATION_CONTEXT('2D SPACE',''
  ) );
#4582 = PCURVE('',#4019,#4583);
#4583 = DEFINITIONAL_REPRESENTATION('',(#4584),#4588);
#4584 = LINE('',#4585,#4586);
#4585 = CARTESIAN_POINT('',(0.,9.7));
#4586 = VECTOR('',#4587,1.);
#4587 = DIRECTION('',(1.,0.));
#4588 = ( GEOMETRIC_REPRESENTATION_CONTEXT(2) 
PARAMETRIC_REPRESENTATION_CONTEXT() REPRESENTATION_CONTEXT('2D SPACE',''
  ) );
#4589 = ORIENTED_EDGE('',*,*,#4590,.T.);
#4590 = EDGE_CURVE('',#4567,#4591,#4593,.T.);
#4591 = VERTEX_POINT('',#4592);
#4592 = CARTESIAN_POINT('',(-42.46022902865,19.201274718996,-386.5));
#4593 = SURFACE_CURVE('',#4594,(#4598,#4605),.PCURVE_S1.);
#4594 = LINE('',#4595,#4596);
#4595 = CARTESIAN_POINT('',(-13.66745569591,6.180667828003,-386.5));
#4596 = VECTOR('',#4597,1.);
#4597 = DIRECTION('',(-0.911163713061,0.412044521867,0.));
#4598 = PCURVE('',#3983,#4599);
#4599 = DEFINITIONAL_REPRESENTATION('',(#4600),#4604);
#4600 = LINE('',#4601,#4602);
#4601 = CARTESIAN_POINT('',(-13.66745569591,6.180667828003));
#4602 = VECTOR('',#4603,1.);
#4603 = DIRECTION('',(-0.911163713061,0.412044521867));
#4604 = ( GEOMETRIC_REPRESENTATION_CONTEXT(2) 
PARAMETRIC_REPRESENTATION_CONTEXT() REPRESENTATION_CONTEXT('2D SPACE',''
  ) );
#4605 = PCURVE('',#4606,#4611);
#4606 = PLANE('',#4607);
#4607 = AXIS2_PLACEMENT_3D('',#4608,#4609,#4610);
#4608 = CARTESIAN_POINT('',(-27.33491139183,12.361335656006,-387.25));
#4609 = DIRECTION('',(0.412044521867,0.911163713061,-0.));
#4610 = DIRECTION('',(-0.,0.,-1.));
#4611 = DEFINITIONAL_REPRESENTATION('',(#4612),#4615);
#4612 = B_SPLINE_CURVE_WITH_KNOTS('',1,(#4613,#4614),.UNSPECIFIED.,.F.,
  .F.,(2,2),(-15.,36.143388758798),.PIECEWISE_BEZIER_KNOTS.);
#4613 = CARTESIAN_POINT('',(-0.75,-30.));
#4614 = CARTESIAN_POINT('',(-0.75,21.143388758798));
#4615 = ( GEOMETRIC_REPRESENTATION_CONTEXT(2) 
PARAMETRIC_REPRESENTATION_CONTEXT() REPRESENTATION_CONTEXT('2D SPACE',''
  ) );
#4616 = ORIENTED_EDGE('',*,*,#4617,.T.);
#4617 = EDGE_CURVE('',#4591,#4618,#4620,.T.);
#4618 = VERTEX_POINT('',#4619);
#4619 = CARTESIAN_POINT('',(-46.37227434881,4.601322822632,-386.5));
#4620 = SURFACE_CURVE('',#4621,(#4626,#4633),.PCURVE_S1.);
#4621 = CIRCLE('',#4622,46.6);
#4622 = AXIS2_PLACEMENT_3D('',#4623,#4624,#4625);
#4623 = CARTESIAN_POINT('',(0.,0.,-386.5));
#4624 = DIRECTION('',(0.,0.,1.));
#4625 = DIRECTION('',(1.,0.,-0.));
#4626 = PCURVE('',#3983,#4627);
#4627 = DEFINITIONAL_REPRESENTATION('',(#4628),#4632);
#4628 = CIRCLE('',#4629,46.6);
#4629 = AXIS2_PLACEMENT_2D('',#4630,#4631);
#4630 = CARTESIAN_POINT('',(0.,0.));
#4631 = DIRECTION('',(1.,0.));
#4632 = ( GEOMETRIC_REPRESENTATION_CONTEXT(2) 
PARAMETRIC_REPRESENTATION_CONTEXT() REPRESENTATION_CONTEXT('2D SPACE',''
  ) );
#4633 = PCURVE('',#4634,#4639);
#4634 = CYLINDRICAL_SURFACE('',#4635,46.6);
#4635 = AXIS2_PLACEMENT_3D('',#4636,#4637,#4638);
#4636 = CARTESIAN_POINT('',(0.,0.,-388.));
#4637 = DIRECTION('',(0.,0.,1.));
#4638 = DIRECTION('',(1.,0.,-0.));
#4639 = DEFINITIONAL_REPRESENTATION('',(#4640),#4644);
#4640 = LINE('',#4641,#4642);
#4641 = CARTESIAN_POINT('',(0.,1.5));
#4642 = VECTOR('',#4643,1.);
#4643 = DIRECTION('',(1.,0.));
#4644 = ( GEOMETRIC_REPRESENTATION_CONTEXT(2) 
PARAMETRIC_REPRESENTATION_CONTEXT() REPRESENTATION_CONTEXT('2D SPACE',''
  ) );
#4645 = ORIENTED_EDGE('',*,*,#4646,.F.);
#4646 = EDGE_CURVE('',#4647,#4618,#4649,.T.);
#4647 = VERTEX_POINT('',#4648);
#4648 = CARTESIAN_POINT('',(-44.18302534522,4.384092989803,-386.5));
#4649 = SURFACE_CURVE('',#4650,(#4654,#4661),.PCURVE_S1.);
#4650 = LINE('',#4651,#4652);
#4651 = CARTESIAN_POINT('',(-14.92669775176,1.481112496555,-386.5));
#4652 = VECTOR('',#4653,1.);
#4653 = DIRECTION('',(-0.995113183451,9.874083310369E-02,0.));
#4654 = PCURVE('',#3983,#4655);
#4655 = DEFINITIONAL_REPRESENTATION('',(#4656),#4660);
#4656 = LINE('',#4657,#4658);
#4657 = CARTESIAN_POINT('',(-14.92669775176,1.481112496555));
#4658 = VECTOR('',#4659,1.);
#4659 = DIRECTION('',(-0.995113183451,9.874083310369E-02));
#4660 = ( GEOMETRIC_REPRESENTATION_CONTEXT(2) 
PARAMETRIC_REPRESENTATION_CONTEXT() REPRESENTATION_CONTEXT('2D SPACE',''
  ) );
#4661 = PCURVE('',#4662,#4667);
#4662 = PLANE('',#4663);
#4663 = AXIS2_PLACEMENT_3D('',#4664,#4665,#4666);
#4664 = CARTESIAN_POINT('',(-29.85339550353,2.962224993111,-387.25));
#4665 = DIRECTION('',(9.874083310369E-02,0.995113183451,0.));
#4666 = DIRECTION('',(-0.,0.,-1.));
#4667 = DEFINITIONAL_REPRESENTATION('',(#4668),#4671);
#4668 = B_SPLINE_CURVE_WITH_KNOTS('',1,(#4669,#4670),.UNSPECIFIED.,.F.,
  .F.,(2,2),(-15.,31.828843969681),.PIECEWISE_BEZIER_KNOTS.);
#4669 = CARTESIAN_POINT('',(-0.75,-30.));
#4670 = CARTESIAN_POINT('',(-0.75,16.828843969681));
#4671 = ( GEOMETRIC_REPRESENTATION_CONTEXT(2) 
PARAMETRIC_REPRESENTATION_CONTEXT() REPRESENTATION_CONTEXT('2D SPACE',''
  ) );
#4672 = ORIENTED_EDGE('',*,*,#4673,.T.);
#4673 = EDGE_CURVE('',#4647,#4674,#4676,.T.);
#4674 = VERTEX_POINT('',#4675);
#4675 = CARTESIAN_POINT('',(-44.18302534522,-4.384092989803,-386.5));
#4676 = SURFACE_CURVE('',#4677,(#4682,#4689),.PCURVE_S1.);
#4677 = CIRCLE('',#4678,44.4);
#4678 = AXIS2_PLACEMENT_3D('',#4679,#4680,#4681);
#4679 = CARTESIAN_POINT('',(0.,0.,-386.5));
#4680 = DIRECTION('',(0.,0.,1.));
#4681 = DIRECTION('',(1.,0.,-0.));
#4682 = PCURVE('',#3983,#4683);
#4683 = DEFINITIONAL_REPRESENTATION('',(#4684),#4688);
#4684 = CIRCLE('',#4685,44.4);
#4685 = AXIS2_PLACEMENT_2D('',#4686,#4687);
#4686 = CARTESIAN_POINT('',(0.,0.));
#4687 = DIRECTION('',(1.,0.));
#4688 = ( GEOMETRIC_REPRESENTATION_CONTEXT(2) 
PARAMETRIC_REPRESENTATION_CONTEXT() REPRESENTATION_CONTEXT('2D SPACE',''
  ) );
#4689 = PCURVE('',#4019,#4690);
#4690 = DEFINITIONAL_REPRESENTATION('',(#4691),#4695);
#4691 = LINE('',#4692,#4693);
#4692 = CARTESIAN_POINT('',(0.,9.7));
#4693 = VECTOR('',#4694,1.);
#4694 = DIRECTION('',(1.,0.));
#4695 = ( GEOMETRIC_REPRESENTATION_CONTEXT(2) 
PARAMETRIC_REPRESENTATION_CONTEXT() REPRESENTATION_CONTEXT('2D SPACE',''
  ) );
#4696 = ORIENTED_EDGE('',*,*,#4697,.T.);
#4697 = EDGE_CURVE('',#4674,#4698,#4700,.T.);
#4698 = VERTEX_POINT('',#4699);
#4699 = CARTESIAN_POINT('',(-46.37227434881,-4.601322822632,-386.5));
#4700 = SURFACE_CURVE('',#4701,(#4705,#4712),.PCURVE_S1.);
#4701 = LINE('',#4702,#4703);
#4702 = CARTESIAN_POINT('',(-14.92669775176,-1.481112496555,-386.5));
#4703 = VECTOR('',#4704,1.);
#4704 = DIRECTION('',(-0.995113183451,-9.874083310369E-02,0.));
#4705 = PCURVE('',#3983,#4706);
#4706 = DEFINITIONAL_REPRESENTATION('',(#4707),#4711);
#4707 = LINE('',#4708,#4709);
#4708 = CARTESIAN_POINT('',(-14.92669775176,-1.481112496555));
#4709 = VECTOR('',#4710,1.);
#4710 = DIRECTION('',(-0.995113183451,-9.874083310369E-02));
#4711 = ( GEOMETRIC_REPRESENTATION_CONTEXT(2) 
PARAMETRIC_REPRESENTATION_CONTEXT() REPRESENTATION_CONTEXT('2D SPACE',''
  ) );
#4712 = PCURVE('',#4713,#4718);
#4713 = PLANE('',#4714);
#4714 = AXIS2_PLACEMENT_3D('',#4715,#4716,#4717);
#4715 = CARTESIAN_POINT('',(-29.85339550353,-2.962224993111,-387.25));
#4716 = DIRECTION('',(-9.874083310369E-02,0.995113183451,-0.));
#4717 = DIRECTION('',(0.,-0.,-1.));
#4718 = DEFINITIONAL_REPRESENTATION('',(#4719),#4722);
#4719 = B_SPLINE_CURVE_WITH_KNOTS('',1,(#4720,#4721),.UNSPECIFIED.,.F.,
  .F.,(2,2),(-15.,31.828843969681),.PIECEWISE_BEZIER_KNOTS.);
#4720 = CARTESIAN_POINT('',(-0.75,-30.));
#4721 = CARTESIAN_POINT('',(-0.75,16.828843969681));
#4722 = ( GEOMETRIC_REPRESENTATION_CONTEXT(2) 
PARAMETRIC_REPRESENTATION_CONTEXT() REPRESENTATION_CONTEXT('2D SPACE',''
  ) );
#4723 = ORIENTED_EDGE('',*,*,#4724,.T.);
#4724 = EDGE_CURVE('',#4698,#4725,#4727,.T.);
#4725 = VERTEX_POINT('',#4726);
#4726 = CARTESIAN_POINT('',(-42.46022902865,-19.20127471899,-386.5));
#4727 = SURFACE_CURVE('',#4728,(#4733,#4740),.PCURVE_S1.);
#4728 = CIRCLE('',#4729,46.6);
#4729 = AXIS2_PLACEMENT_3D('',#4730,#4731,#4732);
#4730 = CARTESIAN_POINT('',(0.,0.,-386.5));
#4731 = DIRECTION('',(0.,0.,1.));
#4732 = DIRECTION('',(1.,0.,-0.));
#4733 = PCURVE('',#3983,#4734);
#4734 = DEFINITIONAL_REPRESENTATION('',(#4735),#4739);
#4735 = CIRCLE('',#4736,46.6);
#4736 = AXIS2_PLACEMENT_2D('',#4737,#4738);
#4737 = CARTESIAN_POINT('',(0.,0.));
#4738 = DIRECTION('',(1.,0.));
#4739 = ( GEOMETRIC_REPRESENTATION_CONTEXT(2) 
PARAMETRIC_REPRESENTATION_CONTEXT() REPRESENTATION_CONTEXT('2D SPACE',''
  ) );
#4740 = PCURVE('',#4741,#4746);
#4741 = CYLINDRICAL_SURFACE('',#4742,46.6);
#4742 = AXIS2_PLACEMENT_3D('',#4743,#4744,#4745);
#4743 = CARTESIAN_POINT('',(0.,0.,-388.));
#4744 = DIRECTION('',(0.,0.,1.));
#4745 = DIRECTION('',(1.,0.,-0.));
#4746 = DEFINITIONAL_REPRESENTATION('',(#4747),#4751);
#4747 = LINE('',#4748,#4749);
#4748 = CARTESIAN_POINT('',(0.,1.5));
#4749 = VECTOR('',#4750,1.);
#4750 = DIRECTION('',(1.,0.));
#4751 = ( GEOMETRIC_REPRESENTATION_CONTEXT(2) 
PARAMETRIC_REPRESENTATION_CONTEXT() REPRESENTATION_CONTEXT('2D SPACE',''
  ) );
#4752 = ORIENTED_EDGE('',*,*,#4753,.F.);
#4753 = EDGE_CURVE('',#4754,#4725,#4756,.T.);
#4754 = VERTEX_POINT('',#4755);
#4755 = CARTESIAN_POINT('',(-40.45566885991,-18.29477677088,-386.5));
#4756 = SURFACE_CURVE('',#4757,(#4761,#4768),.PCURVE_S1.);
#4757 = LINE('',#4758,#4759);
#4758 = CARTESIAN_POINT('',(-13.66745569591,-6.180667828003,-386.5));
#4759 = VECTOR('',#4760,1.);
#4760 = DIRECTION('',(-0.911163713061,-0.412044521867,0.));
#4761 = PCURVE('',#3983,#4762);
#4762 = DEFINITIONAL_REPRESENTATION('',(#4763),#4767);
#4763 = LINE('',#4764,#4765);
#4764 = CARTESIAN_POINT('',(-13.66745569591,-6.180667828003));
#4765 = VECTOR('',#4766,1.);
#4766 = DIRECTION('',(-0.911163713061,-0.412044521867));
#4767 = ( GEOMETRIC_REPRESENTATION_CONTEXT(2) 
PARAMETRIC_REPRESENTATION_CONTEXT() REPRESENTATION_CONTEXT('2D SPACE',''
  ) );
#4768 = PCURVE('',#4769,#4774);
#4769 = PLANE('',#4770);
#4770 = AXIS2_PLACEMENT_3D('',#4771,#4772,#4773);
#4771 = CARTESIAN_POINT('',(-27.33491139183,-12.361335656,-387.25));
#4772 = DIRECTION('',(-0.412044521867,0.911163713061,0.));
#4773 = DIRECTION('',(0.,-0.,-1.));
#4774 = DEFINITIONAL_REPRESENTATION('',(#4775),#4778);
#4775 = B_SPLINE_CURVE_WITH_KNOTS('',1,(#4776,#4777),.UNSPECIFIED.,.F.,
  .F.,(2,2),(-15.,36.143388758798),.PIECEWISE_BEZIER_KNOTS.);
#4776 = CARTESIAN_POINT('',(-0.75,-30.));
#4777 = CARTESIAN_POINT('',(-0.75,21.143388758798));
#4778 = ( GEOMETRIC_REPRESENTATION_CONTEXT(2) 
PARAMETRIC_REPRESENTATION_CONTEXT() REPRESENTATION_CONTEXT('2D SPACE',''
  ) );
#4779 = ORIENTED_EDGE('',*,*,#4780,.T.);
#4780 = EDGE_CURVE('',#4754,#4781,#4783,.T.);
#4781 = VERTEX_POINT('',#4782);
#4782 = CARTESIAN_POINT('',(-36.07157587011,-25.88824857433,-386.5));
#4783 = SURFACE_CURVE('',#4784,(#4789,#4796),.PCURVE_S1.);
#4784 = CIRCLE('',#4785,44.4);
#4785 = AXIS2_PLACEMENT_3D('',#4786,#4787,#4788);
#4786 = CARTESIAN_POINT('',(0.,0.,-386.5));
#4787 = DIRECTION('',(0.,0.,1.));
#4788 = DIRECTION('',(1.,0.,-0.));
#4789 = PCURVE('',#3983,#4790);
#4790 = DEFINITIONAL_REPRESENTATION('',(#4791),#4795);
#4791 = CIRCLE('',#4792,44.4);
#4792 = AXIS2_PLACEMENT_2D('',#4793,#4794);
#4793 = CARTESIAN_POINT('',(0.,0.));
#4794 = DIRECTION('',(1.,0.));
#4795 = ( GEOMETRIC_REPRESENTATION_CONTEXT(2) 
PARAMETRIC_REPRESENTATION_CONTEXT() REPRESENTATION_CONTEXT('2D SPACE',''
  ) );
#4796 = PCURVE('',#4019,#4797);
#4797 = DEFINITIONAL_REPRESENTATION('',(#4798),#4802);
#4798 = LINE('',#4799,#4800);
#4799 = CARTESIAN_POINT('',(0.,9.7));
#4800 = VECTOR('',#4801,1.);
#4801 = DIRECTION('',(1.,0.));
#4802 = ( GEOMETRIC_REPRESENTATION_CONTEXT(2) 
PARAMETRIC_REPRESENTATION_CONTEXT() REPRESENTATION_CONTEXT('2D SPACE',''
  ) );
#4803 = ORIENTED_EDGE('',*,*,#4804,.T.);
#4804 = EDGE_CURVE('',#4781,#4805,#4807,.T.);
#4805 = VERTEX_POINT('',#4806);
#4806 = CARTESIAN_POINT('',(-37.85890620602,-27.17099962982,-386.5));
#4807 = SURFACE_CURVE('',#4808,(#4812,#4819),.PCURVE_S1.);
#4808 = LINE('',#4809,#4810);
#4809 = CARTESIAN_POINT('',(-12.18634319936,-8.746029923762,-386.5));
#4810 = VECTOR('',#4811,1.);
#4811 = DIRECTION('',(-0.812422879958,-0.583068661584,0.));
#4812 = PCURVE('',#3983,#4813);
#4813 = DEFINITIONAL_REPRESENTATION('',(#4814),#4818);
#4814 = LINE('',#4815,#4816);
#4815 = CARTESIAN_POINT('',(-12.18634319936,-8.746029923762));
#4816 = VECTOR('',#4817,1.);
#4817 = DIRECTION('',(-0.812422879958,-0.583068661584));
#4818 = ( GEOMETRIC_REPRESENTATION_CONTEXT(2) 
PARAMETRIC_REPRESENTATION_CONTEXT() REPRESENTATION_CONTEXT('2D SPACE',''
  ) );
#4819 = PCURVE('',#4820,#4825);
#4820 = PLANE('',#4821);
#4821 = AXIS2_PLACEMENT_3D('',#4822,#4823,#4824);
#4822 = CARTESIAN_POINT('',(-24.37268639872,-17.49205984752,-387.25));
#4823 = DIRECTION('',(-0.583068661584,0.812422879958,-0.));
#4824 = DIRECTION('',(0.,-0.,-1.));
#4825 = DEFINITIONAL_REPRESENTATION('',(#4826),#4829);
#4826 = B_SPLINE_CURVE_WITH_KNOTS('',1,(#4827,#4828),.UNSPECIFIED.,.F.,
  .F.,(2,2),(-15.,42.359290524211),.PIECEWISE_BEZIER_KNOTS.);
#4827 = CARTESIAN_POINT('',(-0.75,-30.));
#4828 = CARTESIAN_POINT('',(-0.75,27.359290524211));
#4829 = ( GEOMETRIC_REPRESENTATION_CONTEXT(2) 
PARAMETRIC_REPRESENTATION_CONTEXT() REPRESENTATION_CONTEXT('2D SPACE',''
  ) );
#4830 = ORIENTED_EDGE('',*,*,#4831,.T.);
#4831 = EDGE_CURVE('',#4805,#4832,#4834,.T.);
#4832 = VERTEX_POINT('',#4833);
#4833 = CARTESIAN_POINT('',(-27.17099962982,-37.85890620602,-386.5));
#4834 = SURFACE_CURVE('',#4835,(#4840,#4847),.PCURVE_S1.);
#4835 = CIRCLE('',#4836,46.6);
#4836 = AXIS2_PLACEMENT_3D('',#4837,#4838,#4839);
#4837 = CARTESIAN_POINT('',(0.,0.,-386.5));
#4838 = DIRECTION('',(0.,0.,1.));
#4839 = DIRECTION('',(1.,0.,-0.));
#4840 = PCURVE('',#3983,#4841);
#4841 = DEFINITIONAL_REPRESENTATION('',(#4842),#4846);
#4842 = CIRCLE('',#4843,46.6);
#4843 = AXIS2_PLACEMENT_2D('',#4844,#4845);
#4844 = CARTESIAN_POINT('',(0.,0.));
#4845 = DIRECTION('',(1.,0.));
#4846 = ( GEOMETRIC_REPRESENTATION_CONTEXT(2) 
PARAMETRIC_REPRESENTATION_CONTEXT() REPRESENTATION_CONTEXT('2D SPACE',''
  ) );
#4847 = PCURVE('',#4848,#4853);
#4848 = CYLINDRICAL_SURFACE('',#4849,46.6);
#4849 = AXIS2_PLACEMENT_3D('',#4850,#4851,#4852);
#4850 = CARTESIAN_POINT('',(0.,0.,-388.));
#4851 = DIRECTION('',(0.,0.,1.));
#4852 = DIRECTION('',(1.,0.,-0.));
#4853 = DEFINITIONAL_REPRESENTATION('',(#4854),#4858);
#4854 = LINE('',#4855,#4856);
#4855 = CARTESIAN_POINT('',(0.,1.5));
#4856 = VECTOR('',#4857,1.);
#4857 = DIRECTION('',(1.,0.));
#4858 = ( GEOMETRIC_REPRESENTATION_CONTEXT(2) 
PARAMETRIC_REPRESENTATION_CONTEXT() REPRESENTATION_CONTEXT('2D SPACE',''
  ) );
#4859 = ORIENTED_EDGE('',*,*,#4860,.F.);
#4860 = EDGE_CURVE('',#4861,#4832,#4863,.T.);
#4861 = VERTEX_POINT('',#4862);
#4862 = CARTESIAN_POINT('',(-25.88824857433,-36.07157587011,-386.5));
#4863 = SURFACE_CURVE('',#4864,(#4868,#4875),.PCURVE_S1.);
#4864 = LINE('',#4865,#4866);
#4865 = CARTESIAN_POINT('',(-8.746029923762,-12.18634319936,-386.5));
#4866 = VECTOR('',#4867,1.);
#4867 = DIRECTION('',(-0.583068661584,-0.812422879958,0.));
#4868 = PCURVE('',#3983,#4869);
#4869 = DEFINITIONAL_REPRESENTATION('',(#4870),#4874);
#4870 = LINE('',#4871,#4872);
#4871 = CARTESIAN_POINT('',(-8.746029923762,-12.18634319936));
#4872 = VECTOR('',#4873,1.);
#4873 = DIRECTION('',(-0.583068661584,-0.812422879958));
#4874 = ( GEOMETRIC_REPRESENTATION_CONTEXT(2) 
PARAMETRIC_REPRESENTATION_CONTEXT() REPRESENTATION_CONTEXT('2D SPACE',''
  ) );
#4875 = PCURVE('',#4876,#4881);
#4876 = PLANE('',#4877);
#4877 = AXIS2_PLACEMENT_3D('',#4878,#4879,#4880);
#4878 = CARTESIAN_POINT('',(-17.49205984752,-24.37268639872,-387.25));
#4879 = DIRECTION('',(-0.812422879958,0.583068661584,0.));
#4880 = DIRECTION('',(0.,-0.,-1.));
#4881 = DEFINITIONAL_REPRESENTATION('',(#4882),#4885);
#4882 = B_SPLINE_CURVE_WITH_KNOTS('',1,(#4883,#4884),.UNSPECIFIED.,.F.,
  .F.,(2,2),(-15.,42.359290524211),.PIECEWISE_BEZIER_KNOTS.);
#4883 = CARTESIAN_POINT('',(-0.75,-30.));
#4884 = CARTESIAN_POINT('',(-0.75,27.359290524211));
#4885 = ( GEOMETRIC_REPRESENTATION_CONTEXT(2) 
PARAMETRIC_REPRESENTATION_CONTEXT() REPRESENTATION_CONTEXT('2D SPACE',''
  ) );
#4886 = ORIENTED_EDGE('',*,*,#4887,.T.);
#4887 = EDGE_CURVE('',#4861,#4888,#4890,.T.);
#4888 = VERTEX_POINT('',#4889);
#4889 = CARTESIAN_POINT('',(-18.29477677088,-40.45566885991,-386.5));
#4890 = SURFACE_CURVE('',#4891,(#4896,#4903),.PCURVE_S1.);
#4891 = CIRCLE('',#4892,44.4);
#4892 = AXIS2_PLACEMENT_3D('',#4893,#4894,#4895);
#4893 = CARTESIAN_POINT('',(0.,0.,-386.5));
#4894 = DIRECTION('',(0.,0.,1.));
#4895 = DIRECTION('',(1.,0.,-0.));
#4896 = PCURVE('',#3983,#4897);
#4897 = DEFINITIONAL_REPRESENTATION('',(#4898),#4902);
#4898 = CIRCLE('',#4899,44.4);
#4899 = AXIS2_PLACEMENT_2D('',#4900,#4901);
#4900 = CARTESIAN_POINT('',(0.,0.));
#4901 = DIRECTION('',(1.,0.));
#4902 = ( GEOMETRIC_REPRESENTATION_CONTEXT(2) 
PARAMETRIC_REPRESENTATION_CONTEXT() REPRESENTATION_CONTEXT('2D SPACE',''
  ) );
#4903 = PCURVE('',#4019,#4904);
#4904 = DEFINITIONAL_REPRESENTATION('',(#4905),#4909);
#4905 = LINE('',#4906,#4907);
#4906 = CARTESIAN_POINT('',(0.,9.7));
#4907 = VECTOR('',#4908,1.);
#4908 = DIRECTION('',(1.,0.));
#4909 = ( GEOMETRIC_REPRESENTATION_CONTEXT(2) 
PARAMETRIC_REPRESENTATION_CONTEXT() REPRESENTATION_CONTEXT('2D SPACE',''
  ) );
#4910 = ORIENTED_EDGE('',*,*,#4911,.T.);
#4911 = EDGE_CURVE('',#4888,#4912,#4914,.T.);
#4912 = VERTEX_POINT('',#4913);
#4913 = CARTESIAN_POINT('',(-19.20127471899,-42.46022902865,-386.5));
#4914 = SURFACE_CURVE('',#4915,(#4919,#4926),.PCURVE_S1.);
#4915 = LINE('',#4916,#4917);
#4916 = CARTESIAN_POINT('',(-6.180667828003,-13.66745569591,-386.5));
#4917 = VECTOR('',#4918,1.);
#4918 = DIRECTION('',(-0.412044521867,-0.911163713061,0.));
#4919 = PCURVE('',#3983,#4920);
#4920 = DEFINITIONAL_REPRESENTATION('',(#4921),#4925);
#4921 = LINE('',#4922,#4923);
#4922 = CARTESIAN_POINT('',(-6.180667828003,-13.66745569591));
#4923 = VECTOR('',#4924,1.);
#4924 = DIRECTION('',(-0.412044521867,-0.911163713061));
#4925 = ( GEOMETRIC_REPRESENTATION_CONTEXT(2) 
PARAMETRIC_REPRESENTATION_CONTEXT() REPRESENTATION_CONTEXT('2D SPACE',''
  ) );
#4926 = PCURVE('',#4927,#4932);
#4927 = PLANE('',#4928);
#4928 = AXIS2_PLACEMENT_3D('',#4929,#4930,#4931);
#4929 = CARTESIAN_POINT('',(-12.361335656,-27.33491139183,-387.25));
#4930 = DIRECTION('',(-0.911163713061,0.412044521867,-0.));
#4931 = DIRECTION('',(0.,-0.,-1.));
#4932 = DEFINITIONAL_REPRESENTATION('',(#4933),#4936);
#4933 = B_SPLINE_CURVE_WITH_KNOTS('',1,(#4934,#4935),.UNSPECIFIED.,.F.,
  .F.,(2,2),(-15.,36.143388758798),.PIECEWISE_BEZIER_KNOTS.);
#4934 = CARTESIAN_POINT('',(-0.75,-30.));
#4935 = CARTESIAN_POINT('',(-0.75,21.143388758798));
#4936 = ( GEOMETRIC_REPRESENTATION_CONTEXT(2) 
PARAMETRIC_REPRESENTATION_CONTEXT() REPRESENTATION_CONTEXT('2D SPACE',''
  ) );
#4937 = ORIENTED_EDGE('',*,*,#4938,.T.);
#4938 = EDGE_CURVE('',#4912,#4939,#4941,.T.);
#4939 = VERTEX_POINT('',#4940);
#4940 = CARTESIAN_POINT('',(-4.601322822632,-46.37227434881,-386.5));
#4941 = SURFACE_CURVE('',#4942,(#4947,#4954),.PCURVE_S1.);
#4942 = CIRCLE('',#4943,46.6);
#4943 = AXIS2_PLACEMENT_3D('',#4944,#4945,#4946);
#4944 = CARTESIAN_POINT('',(0.,0.,-386.5));
#4945 = DIRECTION('',(0.,0.,1.));
#4946 = DIRECTION('',(1.,0.,-0.));
#4947 = PCURVE('',#3983,#4948);
#4948 = DEFINITIONAL_REPRESENTATION('',(#4949),#4953);
#4949 = CIRCLE('',#4950,46.6);
#4950 = AXIS2_PLACEMENT_2D('',#4951,#4952);
#4951 = CARTESIAN_POINT('',(0.,0.));
#4952 = DIRECTION('',(1.,0.));
#4953 = ( GEOMETRIC_REPRESENTATION_CONTEXT(2) 
PARAMETRIC_REPRESENTATION_CONTEXT() REPRESENTATION_CONTEXT('2D SPACE',''
  ) );
#4954 = PCURVE('',#4955,#4960);
#4955 = CYLINDRICAL_SURFACE('',#4956,46.6);
#4956 = AXIS2_PLACEMENT_3D('',#4957,#4958,#4959);
#4957 = CARTESIAN_POINT('',(0.,0.,-388.));
#4958 = DIRECTION('',(0.,0.,1.));
#4959 = DIRECTION('',(1.,0.,-0.));
#4960 = DEFINITIONAL_REPRESENTATION('',(#4961),#4965);
#4961 = LINE('',#4962,#4963);
#4962 = CARTESIAN_POINT('',(0.,1.5));
#4963 = VECTOR('',#4964,1.);
#4964 = DIRECTION('',(1.,0.));
#4965 = ( GEOMETRIC_REPRESENTATION_CONTEXT(2) 
PARAMETRIC_REPRESENTATION_CONTEXT() REPRESENTATION_CONTEXT('2D SPACE',''
  ) );
#4966 = ORIENTED_EDGE('',*,*,#4967,.F.);
#4967 = EDGE_CURVE('',#4968,#4939,#4970,.T.);
#4968 = VERTEX_POINT('',#4969);
#4969 = CARTESIAN_POINT('',(-4.384092989803,-44.18302534522,-386.5));
#4970 = SURFACE_CURVE('',#4971,(#4975,#4982),.PCURVE_S1.);
#4971 = LINE('',#4972,#4973);
#4972 = CARTESIAN_POINT('',(-1.481112496555,-14.92669775176,-386.5));
#4973 = VECTOR('',#4974,1.);
#4974 = DIRECTION('',(-9.874083310369E-02,-0.995113183451,0.));
#4975 = PCURVE('',#3983,#4976);
#4976 = DEFINITIONAL_REPRESENTATION('',(#4977),#4981);
#4977 = LINE('',#4978,#4979);
#4978 = CARTESIAN_POINT('',(-1.481112496555,-14.92669775176));
#4979 = VECTOR('',#4980,1.);
#4980 = DIRECTION('',(-9.874083310369E-02,-0.995113183451));
#4981 = ( GEOMETRIC_REPRESENTATION_CONTEXT(2) 
PARAMETRIC_REPRESENTATION_CONTEXT() REPRESENTATION_CONTEXT('2D SPACE',''
  ) );
#4982 = PCURVE('',#4983,#4988);
#4983 = PLANE('',#4984);
#4984 = AXIS2_PLACEMENT_3D('',#4985,#4986,#4987);
#4985 = CARTESIAN_POINT('',(-2.962224993111,-29.85339550353,-387.25));
#4986 = DIRECTION('',(-0.995113183451,9.874083310369E-02,0.));
#4987 = DIRECTION('',(0.,-0.,-1.));
#4988 = DEFINITIONAL_REPRESENTATION('',(#4989),#4992);
#4989 = B_SPLINE_CURVE_WITH_KNOTS('',1,(#4990,#4991),.UNSPECIFIED.,.F.,
  .F.,(2,2),(-15.,31.828843969681),.PIECEWISE_BEZIER_KNOTS.);
#4990 = CARTESIAN_POINT('',(-0.75,-30.));
#4991 = CARTESIAN_POINT('',(-0.75,16.828843969681));
#4992 = ( GEOMETRIC_REPRESENTATION_CONTEXT(2) 
PARAMETRIC_REPRESENTATION_CONTEXT() REPRESENTATION_CONTEXT('2D SPACE',''
  ) );
#4993 = ORIENTED_EDGE('',*,*,#4994,.T.);
#4994 = EDGE_CURVE('',#4968,#4995,#4997,.T.);
#4995 = VERTEX_POINT('',#4996);
#4996 = CARTESIAN_POINT('',(4.384092989803,-44.18302534522,-386.5));
#4997 = SURFACE_CURVE('',#4998,(#5003,#5010),.PCURVE_S1.);
#4998 = CIRCLE('',#4999,44.4);
#4999 = AXIS2_PLACEMENT_3D('',#5000,#5001,#5002);
#5000 = CARTESIAN_POINT('',(0.,0.,-386.5));
#5001 = DIRECTION('',(0.,0.,1.));
#5002 = DIRECTION('',(1.,0.,-0.));
#5003 = PCURVE('',#3983,#5004);
#5004 = DEFINITIONAL_REPRESENTATION('',(#5005),#5009);
#5005 = CIRCLE('',#5006,44.4);
#5006 = AXIS2_PLACEMENT_2D('',#5007,#5008);
#5007 = CARTESIAN_POINT('',(0.,0.));
#5008 = DIRECTION('',(1.,0.));
#5009 = ( GEOMETRIC_REPRESENTATION_CONTEXT(2) 
PARAMETRIC_REPRESENTATION_CONTEXT() REPRESENTATION_CONTEXT('2D SPACE',''
  ) );
#5010 = PCURVE('',#4019,#5011);
#5011 = DEFINITIONAL_REPRESENTATION('',(#5012),#5016);
#5012 = LINE('',#5013,#5014);
#5013 = CARTESIAN_POINT('',(0.,9.7));
#5014 = VECTOR('',#5015,1.);
#5015 = DIRECTION('',(1.,0.));
#5016 = ( GEOMETRIC_REPRESENTATION_CONTEXT(2) 
PARAMETRIC_REPRESENTATION_CONTEXT() REPRESENTATION_CONTEXT('2D SPACE',''
  ) );
#5017 = ORIENTED_EDGE('',*,*,#5018,.T.);
#5018 = EDGE_CURVE('',#4995,#5019,#5021,.T.);
#5019 = VERTEX_POINT('',#5020);
#5020 = CARTESIAN_POINT('',(4.601322822632,-46.37227434881,-386.5));
#5021 = SURFACE_CURVE('',#5022,(#5026,#5033),.PCURVE_S1.);
#5022 = LINE('',#5023,#5024);
#5023 = CARTESIAN_POINT('',(1.481112496555,-14.92669775176,-386.5));
#5024 = VECTOR('',#5025,1.);
#5025 = DIRECTION('',(9.874083310369E-02,-0.995113183451,0.));
#5026 = PCURVE('',#3983,#5027);
#5027 = DEFINITIONAL_REPRESENTATION('',(#5028),#5032);
#5028 = LINE('',#5029,#5030);
#5029 = CARTESIAN_POINT('',(1.481112496555,-14.92669775176));
#5030 = VECTOR('',#5031,1.);
#5031 = DIRECTION('',(9.874083310369E-02,-0.995113183451));
#5032 = ( GEOMETRIC_REPRESENTATION_CONTEXT(2) 
PARAMETRIC_REPRESENTATION_CONTEXT() REPRESENTATION_CONTEXT('2D SPACE',''
  ) );
#5033 = PCURVE('',#5034,#5039);
#5034 = PLANE('',#5035);
#5035 = AXIS2_PLACEMENT_3D('',#5036,#5037,#5038);
#5036 = CARTESIAN_POINT('',(2.962224993111,-29.85339550353,-387.25));
#5037 = DIRECTION('',(-0.995113183451,-9.874083310369E-02,-0.));
#5038 = DIRECTION('',(0.,0.,-1.));
#5039 = DEFINITIONAL_REPRESENTATION('',(#5040),#5043);
#5040 = B_SPLINE_CURVE_WITH_KNOTS('',1,(#5041,#5042),.UNSPECIFIED.,.F.,
  .F.,(2,2),(-15.,31.828843969681),.PIECEWISE_BEZIER_KNOTS.);
#5041 = CARTESIAN_POINT('',(-0.75,-30.));
#5042 = CARTESIAN_POINT('',(-0.75,16.828843969681));
#5043 = ( GEOMETRIC_REPRESENTATION_CONTEXT(2) 
PARAMETRIC_REPRESENTATION_CONTEXT() REPRESENTATION_CONTEXT('2D SPACE',''
  ) );
#5044 = ORIENTED_EDGE('',*,*,#5045,.T.);
#5045 = EDGE_CURVE('',#5019,#5046,#5048,.T.);
#5046 = VERTEX_POINT('',#5047);
#5047 = CARTESIAN_POINT('',(19.201274718996,-42.46022902865,-386.5));
#5048 = SURFACE_CURVE('',#5049,(#5054,#5061),.PCURVE_S1.);
#5049 = CIRCLE('',#5050,46.6);
#5050 = AXIS2_PLACEMENT_3D('',#5051,#5052,#5053);
#5051 = CARTESIAN_POINT('',(0.,0.,-386.5));
#5052 = DIRECTION('',(0.,0.,1.));
#5053 = DIRECTION('',(1.,0.,-0.));
#5054 = PCURVE('',#3983,#5055);
#5055 = DEFINITIONAL_REPRESENTATION('',(#5056),#5060);
#5056 = CIRCLE('',#5057,46.6);
#5057 = AXIS2_PLACEMENT_2D('',#5058,#5059);
#5058 = CARTESIAN_POINT('',(0.,0.));
#5059 = DIRECTION('',(1.,0.));
#5060 = ( GEOMETRIC_REPRESENTATION_CONTEXT(2) 
PARAMETRIC_REPRESENTATION_CONTEXT() REPRESENTATION_CONTEXT('2D SPACE',''
  ) );
#5061 = PCURVE('',#5062,#5067);
#5062 = CYLINDRICAL_SURFACE('',#5063,46.6);
#5063 = AXIS2_PLACEMENT_3D('',#5064,#5065,#5066);
#5064 = CARTESIAN_POINT('',(0.,0.,-388.));
#5065 = DIRECTION('',(0.,0.,1.));
#5066 = DIRECTION('',(1.,0.,-0.));
#5067 = DEFINITIONAL_REPRESENTATION('',(#5068),#5072);
#5068 = LINE('',#5069,#5070);
#5069 = CARTESIAN_POINT('',(0.,1.5));
#5070 = VECTOR('',#5071,1.);
#5071 = DIRECTION('',(1.,0.));
#5072 = ( GEOMETRIC_REPRESENTATION_CONTEXT(2) 
PARAMETRIC_REPRESENTATION_CONTEXT() REPRESENTATION_CONTEXT('2D SPACE',''
  ) );
#5073 = ORIENTED_EDGE('',*,*,#5074,.F.);
#5074 = EDGE_CURVE('',#5075,#5046,#5077,.T.);
#5075 = VERTEX_POINT('',#5076);
#5076 = CARTESIAN_POINT('',(18.294776770889,-40.45566885991,-386.5));
#5077 = SURFACE_CURVE('',#5078,(#5082,#5089),.PCURVE_S1.);
#5078 = LINE('',#5079,#5080);
#5079 = CARTESIAN_POINT('',(6.180667828003,-13.66745569591,-386.5));
#5080 = VECTOR('',#5081,1.);
#5081 = DIRECTION('',(0.412044521867,-0.911163713061,0.));
#5082 = PCURVE('',#3983,#5083);
#5083 = DEFINITIONAL_REPRESENTATION('',(#5084),#5088);
#5084 = LINE('',#5085,#5086);
#5085 = CARTESIAN_POINT('',(6.180667828003,-13.66745569591));
#5086 = VECTOR('',#5087,1.);
#5087 = DIRECTION('',(0.412044521867,-0.911163713061));
#5088 = ( GEOMETRIC_REPRESENTATION_CONTEXT(2) 
PARAMETRIC_REPRESENTATION_CONTEXT() REPRESENTATION_CONTEXT('2D SPACE',''
  ) );
#5089 = PCURVE('',#5090,#5095);
#5090 = PLANE('',#5091);
#5091 = AXIS2_PLACEMENT_3D('',#5092,#5093,#5094);
#5092 = CARTESIAN_POINT('',(12.361335656006,-27.33491139183,-387.25));
#5093 = DIRECTION('',(-0.911163713061,-0.412044521867,0.));
#5094 = DIRECTION('',(0.,0.,-1.));
#5095 = DEFINITIONAL_REPRESENTATION('',(#5096),#5099);
#5096 = B_SPLINE_CURVE_WITH_KNOTS('',1,(#5097,#5098),.UNSPECIFIED.,.F.,
  .F.,(2,2),(-15.,36.143388758798),.PIECEWISE_BEZIER_KNOTS.);
#5097 = CARTESIAN_POINT('',(-0.75,-30.));
#5098 = CARTESIAN_POINT('',(-0.75,21.143388758798));
#5099 = ( GEOMETRIC_REPRESENTATION_CONTEXT(2) 
PARAMETRIC_REPRESENTATION_CONTEXT() REPRESENTATION_CONTEXT('2D SPACE',''
  ) );
#5100 = ORIENTED_EDGE('',*,*,#5101,.T.);
#5101 = EDGE_CURVE('',#5075,#5102,#5104,.T.);
#5102 = VERTEX_POINT('',#5103);
#5103 = CARTESIAN_POINT('',(25.888248574334,-36.07157587011,-386.5));
#5104 = SURFACE_CURVE('',#5105,(#5110,#5117),.PCURVE_S1.);
#5105 = CIRCLE('',#5106,44.4);
#5106 = AXIS2_PLACEMENT_3D('',#5107,#5108,#5109);
#5107 = CARTESIAN_POINT('',(0.,0.,-386.5));
#5108 = DIRECTION('',(0.,0.,1.));
#5109 = DIRECTION('',(1.,0.,-0.));
#5110 = PCURVE('',#3983,#5111);
#5111 = DEFINITIONAL_REPRESENTATION('',(#5112),#5116);
#5112 = CIRCLE('',#5113,44.4);
#5113 = AXIS2_PLACEMENT_2D('',#5114,#5115);
#5114 = CARTESIAN_POINT('',(0.,0.));
#5115 = DIRECTION('',(1.,0.));
#5116 = ( GEOMETRIC_REPRESENTATION_CONTEXT(2) 
PARAMETRIC_REPRESENTATION_CONTEXT() REPRESENTATION_CONTEXT('2D SPACE',''
  ) );
#5117 = PCURVE('',#4019,#5118);
#5118 = DEFINITIONAL_REPRESENTATION('',(#5119),#5123);
#5119 = LINE('',#5120,#5121);
#5120 = CARTESIAN_POINT('',(0.,9.7));
#5121 = VECTOR('',#5122,1.);
#5122 = DIRECTION('',(1.,0.));
#5123 = ( GEOMETRIC_REPRESENTATION_CONTEXT(2) 
PARAMETRIC_REPRESENTATION_CONTEXT() REPRESENTATION_CONTEXT('2D SPACE',''
  ) );
#5124 = ORIENTED_EDGE('',*,*,#5125,.T.);
#5125 = EDGE_CURVE('',#5102,#5126,#5128,.T.);
#5126 = VERTEX_POINT('',#5127);
#5127 = CARTESIAN_POINT('',(27.170999629821,-37.85890620602,-386.5));
#5128 = SURFACE_CURVE('',#5129,(#5133,#5140),.PCURVE_S1.);
#5129 = LINE('',#5130,#5131);
#5130 = CARTESIAN_POINT('',(8.746029923762,-12.18634319936,-386.5));
#5131 = VECTOR('',#5132,1.);
#5132 = DIRECTION('',(0.583068661584,-0.812422879958,0.));
#5133 = PCURVE('',#3983,#5134);
#5134 = DEFINITIONAL_REPRESENTATION('',(#5135),#5139);
#5135 = LINE('',#5136,#5137);
#5136 = CARTESIAN_POINT('',(8.746029923762,-12.18634319936));
#5137 = VECTOR('',#5138,1.);
#5138 = DIRECTION('',(0.583068661584,-0.812422879958));
#5139 = ( GEOMETRIC_REPRESENTATION_CONTEXT(2) 
PARAMETRIC_REPRESENTATION_CONTEXT() REPRESENTATION_CONTEXT('2D SPACE',''
  ) );
#5140 = PCURVE('',#5141,#5146);
#5141 = PLANE('',#5142);
#5142 = AXIS2_PLACEMENT_3D('',#5143,#5144,#5145);
#5143 = CARTESIAN_POINT('',(17.492059847524,-24.37268639872,-387.25));
#5144 = DIRECTION('',(-0.812422879958,-0.583068661584,-0.));
#5145 = DIRECTION('',(0.,0.,-1.));
#5146 = DEFINITIONAL_REPRESENTATION('',(#5147),#5150);
#5147 = B_SPLINE_CURVE_WITH_KNOTS('',1,(#5148,#5149),.UNSPECIFIED.,.F.,
  .F.,(2,2),(-15.,42.359290524211),.PIECEWISE_BEZIER_KNOTS.);
#5148 = CARTESIAN_POINT('',(-0.75,-30.));
#5149 = CARTESIAN_POINT('',(-0.75,27.359290524211));
#5150 = ( GEOMETRIC_REPRESENTATION_CONTEXT(2) 
PARAMETRIC_REPRESENTATION_CONTEXT() REPRESENTATION_CONTEXT('2D SPACE',''
  ) );
#5151 = ORIENTED_EDGE('',*,*,#5152,.T.);
#5152 = EDGE_CURVE('',#5126,#5153,#5155,.T.);
#5153 = VERTEX_POINT('',#5154);
#5154 = CARTESIAN_POINT('',(37.858906206021,-27.17099962982,-386.5));
#5155 = SURFACE_CURVE('',#5156,(#5161,#5168),.PCURVE_S1.);
#5156 = CIRCLE('',#5157,46.6);
#5157 = AXIS2_PLACEMENT_3D('',#5158,#5159,#5160);
#5158 = CARTESIAN_POINT('',(0.,0.,-386.5));
#5159 = DIRECTION('',(0.,0.,1.));
#5160 = DIRECTION('',(1.,0.,-0.));
#5161 = PCURVE('',#3983,#5162);
#5162 = DEFINITIONAL_REPRESENTATION('',(#5163),#5167);
#5163 = CIRCLE('',#5164,46.6);
#5164 = AXIS2_PLACEMENT_2D('',#5165,#5166);
#5165 = CARTESIAN_POINT('',(0.,0.));
#5166 = DIRECTION('',(1.,0.));
#5167 = ( GEOMETRIC_REPRESENTATION_CONTEXT(2) 
PARAMETRIC_REPRESENTATION_CONTEXT() REPRESENTATION_CONTEXT('2D SPACE',''
  ) );
#5168 = PCURVE('',#5169,#5174);
#5169 = CYLINDRICAL_SURFACE('',#5170,46.6);
#5170 = AXIS2_PLACEMENT_3D('',#5171,#5172,#5173);
#5171 = CARTESIAN_POINT('',(0.,0.,-388.));
#5172 = DIRECTION('',(0.,0.,1.));
#5173 = DIRECTION('',(1.,0.,-0.));
#5174 = DEFINITIONAL_REPRESENTATION('',(#5175),#5179);
#5175 = LINE('',#5176,#5177);
#5176 = CARTESIAN_POINT('',(0.,1.5));
#5177 = VECTOR('',#5178,1.);
#5178 = DIRECTION('',(1.,0.));
#5179 = ( GEOMETRIC_REPRESENTATION_CONTEXT(2) 
PARAMETRIC_REPRESENTATION_CONTEXT() REPRESENTATION_CONTEXT('2D SPACE',''
  ) );
#5180 = ORIENTED_EDGE('',*,*,#5181,.F.);
#5181 = EDGE_CURVE('',#5182,#5153,#5184,.T.);
#5182 = VERTEX_POINT('',#5183);
#5183 = CARTESIAN_POINT('',(36.071575870115,-25.88824857433,-386.5));
#5184 = SURFACE_CURVE('',#5185,(#5189,#5196),.PCURVE_S1.);
#5185 = LINE('',#5186,#5187);
#5186 = CARTESIAN_POINT('',(12.186343199363,-8.746029923762,-386.5));
#5187 = VECTOR('',#5188,1.);
#5188 = DIRECTION('',(0.812422879958,-0.583068661584,0.));
#5189 = PCURVE('',#3983,#5190);
#5190 = DEFINITIONAL_REPRESENTATION('',(#5191),#5195);
#5191 = LINE('',#5192,#5193);
#5192 = CARTESIAN_POINT('',(12.186343199363,-8.746029923762));
#5193 = VECTOR('',#5194,1.);
#5194 = DIRECTION('',(0.812422879958,-0.583068661584));
#5195 = ( GEOMETRIC_REPRESENTATION_CONTEXT(2) 
PARAMETRIC_REPRESENTATION_CONTEXT() REPRESENTATION_CONTEXT('2D SPACE',''
  ) );
#5196 = PCURVE('',#5197,#5202);
#5197 = PLANE('',#5198);
#5198 = AXIS2_PLACEMENT_3D('',#5199,#5200,#5201);
#5199 = CARTESIAN_POINT('',(24.372686398726,-17.49205984752,-387.25));
#5200 = DIRECTION('',(-0.583068661584,-0.812422879958,0.));
#5201 = DIRECTION('',(0.,0.,-1.));
#5202 = DEFINITIONAL_REPRESENTATION('',(#5203),#5206);
#5203 = B_SPLINE_CURVE_WITH_KNOTS('',1,(#5204,#5205),.UNSPECIFIED.,.F.,
  .F.,(2,2),(-15.,42.359290524211),.PIECEWISE_BEZIER_KNOTS.);
#5204 = CARTESIAN_POINT('',(-0.75,-30.));
#5205 = CARTESIAN_POINT('',(-0.75,27.359290524211));
#5206 = ( GEOMETRIC_REPRESENTATION_CONTEXT(2) 
PARAMETRIC_REPRESENTATION_CONTEXT() REPRESENTATION_CONTEXT('2D SPACE',''
  ) );
#5207 = ORIENTED_EDGE('',*,*,#5208,.T.);
#5208 = EDGE_CURVE('',#5182,#5209,#5211,.T.);
#5209 = VERTEX_POINT('',#5210);
#5210 = CARTESIAN_POINT('',(40.455668859918,-18.29477677088,-386.5));
#5211 = SURFACE_CURVE('',#5212,(#5217,#5224),.PCURVE_S1.);
#5212 = CIRCLE('',#5213,44.4);
#5213 = AXIS2_PLACEMENT_3D('',#5214,#5215,#5216);
#5214 = CARTESIAN_POINT('',(0.,0.,-386.5));
#5215 = DIRECTION('',(0.,0.,1.));
#5216 = DIRECTION('',(1.,0.,-0.));
#5217 = PCURVE('',#3983,#5218);
#5218 = DEFINITIONAL_REPRESENTATION('',(#5219),#5223);
#5219 = CIRCLE('',#5220,44.4);
#5220 = AXIS2_PLACEMENT_2D('',#5221,#5222);
#5221 = CARTESIAN_POINT('',(0.,0.));
#5222 = DIRECTION('',(1.,0.));
#5223 = ( GEOMETRIC_REPRESENTATION_CONTEXT(2) 
PARAMETRIC_REPRESENTATION_CONTEXT() REPRESENTATION_CONTEXT('2D SPACE',''
  ) );
#5224 = PCURVE('',#4019,#5225);
#5225 = DEFINITIONAL_REPRESENTATION('',(#5226),#5230);
#5226 = LINE('',#5227,#5228);
#5227 = CARTESIAN_POINT('',(0.,9.7));
#5228 = VECTOR('',#5229,1.);
#5229 = DIRECTION('',(1.,0.));
#5230 = ( GEOMETRIC_REPRESENTATION_CONTEXT(2) 
PARAMETRIC_REPRESENTATION_CONTEXT() REPRESENTATION_CONTEXT('2D SPACE',''
  ) );
#5231 = ORIENTED_EDGE('',*,*,#5232,.T.);
#5232 = EDGE_CURVE('',#5209,#5233,#5235,.T.);
#5233 = VERTEX_POINT('',#5234);
#5234 = CARTESIAN_POINT('',(42.460229028653,-19.20127471899,-386.5));
#5235 = SURFACE_CURVE('',#5236,(#5240,#5247),.PCURVE_S1.);
#5236 = LINE('',#5237,#5238);
#5237 = CARTESIAN_POINT('',(13.667455695918,-6.180667828003,-386.5));
#5238 = VECTOR('',#5239,1.);
#5239 = DIRECTION('',(0.911163713061,-0.412044521867,0.));
#5240 = PCURVE('',#3983,#5241);
#5241 = DEFINITIONAL_REPRESENTATION('',(#5242),#5246);
#5242 = LINE('',#5243,#5244);
#5243 = CARTESIAN_POINT('',(13.667455695918,-6.180667828003));
#5244 = VECTOR('',#5245,1.);
#5245 = DIRECTION('',(0.911163713061,-0.412044521867));
#5246 = ( GEOMETRIC_REPRESENTATION_CONTEXT(2) 
PARAMETRIC_REPRESENTATION_CONTEXT() REPRESENTATION_CONTEXT('2D SPACE',''
  ) );
#5247 = PCURVE('',#5248,#5253);
#5248 = PLANE('',#5249);
#5249 = AXIS2_PLACEMENT_3D('',#5250,#5251,#5252);
#5250 = CARTESIAN_POINT('',(27.334911391837,-12.361335656,-387.25));
#5251 = DIRECTION('',(-0.412044521867,-0.911163713061,-0.));
#5252 = DIRECTION('',(0.,0.,-1.));
#5253 = DEFINITIONAL_REPRESENTATION('',(#5254),#5257);
#5254 = B_SPLINE_CURVE_WITH_KNOTS('',1,(#5255,#5256),.UNSPECIFIED.,.F.,
  .F.,(2,2),(-15.,36.143388758798),.PIECEWISE_BEZIER_KNOTS.);
#5255 = CARTESIAN_POINT('',(-0.75,-30.));
#5256 = CARTESIAN_POINT('',(-0.75,21.143388758798));
#5257 = ( GEOMETRIC_REPRESENTATION_CONTEXT(2) 
PARAMETRIC_REPRESENTATION_CONTEXT() REPRESENTATION_CONTEXT('2D SPACE',''
  ) );
#5258 = ORIENTED_EDGE('',*,*,#5259,.T.);
#5259 = EDGE_CURVE('',#5233,#5260,#5262,.T.);
#5260 = VERTEX_POINT('',#5261);
#5261 = CARTESIAN_POINT('',(46.372274348817,-4.601322822632,-386.5));
#5262 = SURFACE_CURVE('',#5263,(#5268,#5275),.PCURVE_S1.);
#5263 = CIRCLE('',#5264,46.6);
#5264 = AXIS2_PLACEMENT_3D('',#5265,#5266,#5267);
#5265 = CARTESIAN_POINT('',(0.,0.,-386.5));
#5266 = DIRECTION('',(0.,0.,1.));
#5267 = DIRECTION('',(1.,0.,-0.));
#5268 = PCURVE('',#3983,#5269);
#5269 = DEFINITIONAL_REPRESENTATION('',(#5270),#5274);
#5270 = CIRCLE('',#5271,46.6);
#5271 = AXIS2_PLACEMENT_2D('',#5272,#5273);
#5272 = CARTESIAN_POINT('',(0.,0.));
#5273 = DIRECTION('',(1.,0.));
#5274 = ( GEOMETRIC_REPRESENTATION_CONTEXT(2) 
PARAMETRIC_REPRESENTATION_CONTEXT() REPRESENTATION_CONTEXT('2D SPACE',''
  ) );
#5275 = PCURVE('',#5276,#5281);
#5276 = CYLINDRICAL_SURFACE('',#5277,46.6);
#5277 = AXIS2_PLACEMENT_3D('',#5278,#5279,#5280);
#5278 = CARTESIAN_POINT('',(0.,0.,-388.));
#5279 = DIRECTION('',(0.,0.,1.));
#5280 = DIRECTION('',(1.,0.,-0.));
#5281 = DEFINITIONAL_REPRESENTATION('',(#5282),#5286);
#5282 = LINE('',#5283,#5284);
#5283 = CARTESIAN_POINT('',(0.,1.5));
#5284 = VECTOR('',#5285,1.);
#5285 = DIRECTION('',(1.,0.));
#5286 = ( GEOMETRIC_REPRESENTATION_CONTEXT(2) 
PARAMETRIC_REPRESENTATION_CONTEXT() REPRESENTATION_CONTEXT('2D SPACE',''
  ) );
#5287 = ORIENTED_EDGE('',*,*,#5288,.F.);
#5288 = EDGE_CURVE('',#4001,#5260,#5289,.T.);
#5289 = SURFACE_CURVE('',#5290,(#5294,#5301),.PCURVE_S1.);
#5290 = LINE('',#5291,#5292);
#5291 = CARTESIAN_POINT('',(14.926697751765,-1.481112496555,-386.5));
#5292 = VECTOR('',#5293,1.);
#5293 = DIRECTION('',(0.995113183451,-9.874083310369E-02,0.));
#5294 = PCURVE('',#3983,#5295);
#5295 = DEFINITIONAL_REPRESENTATION('',(#5296),#5300);
#5296 = LINE('',#5297,#5298);
#5297 = CARTESIAN_POINT('',(14.926697751765,-1.481112496555));
#5298 = VECTOR('',#5299,1.);
#5299 = DIRECTION('',(0.995113183451,-9.874083310369E-02));
#5300 = ( GEOMETRIC_REPRESENTATION_CONTEXT(2) 
PARAMETRIC_REPRESENTATION_CONTEXT() REPRESENTATION_CONTEXT('2D SPACE',''
  ) );
#5301 = PCURVE('',#5302,#5307);
#5302 = PLANE('',#5303);
#5303 = AXIS2_PLACEMENT_3D('',#5304,#5305,#5306);
#5304 = CARTESIAN_POINT('',(29.85339550353,-2.962224993111,-387.25));
#5305 = DIRECTION('',(-9.874083310369E-02,-0.995113183451,0.));
#5306 = DIRECTION('',(0.,0.,-1.));
#5307 = DEFINITIONAL_REPRESENTATION('',(#5308),#5311);
#5308 = B_SPLINE_CURVE_WITH_KNOTS('',1,(#5309,#5310),.UNSPECIFIED.,.F.,
  .F.,(2,2),(-15.,31.828843969681),.PIECEWISE_BEZIER_KNOTS.);
#5309 = CARTESIAN_POINT('',(-0.75,-30.));
#5310 = CARTESIAN_POINT('',(-0.75,16.828843969681));
#5311 = ( GEOMETRIC_REPRESENTATION_CONTEXT(2) 
PARAMETRIC_REPRESENTATION_CONTEXT() REPRESENTATION_CONTEXT('2D SPACE',''
  ) );
#5312 = FACE_BOUND('',#5313,.T.);
#5313 = EDGE_LOOP('',(#5314));
#5314 = ORIENTED_EDGE('',*,*,#3968,.F.);
#5315 = ADVANCED_FACE('',(#5316),#5302,.F.);
#5316 = FACE_BOUND('',#5317,.F.);
#5317 = EDGE_LOOP('',(#5318,#5339,#5365,#5384));
#5318 = ORIENTED_EDGE('',*,*,#5319,.F.);
#5319 = EDGE_CURVE('',#5320,#4001,#5322,.T.);
#5320 = VERTEX_POINT('',#5321);
#5321 = CARTESIAN_POINT('',(44.183025345225,-4.384092989804,-388.));
#5322 = SURFACE_CURVE('',#5323,(#5327,#5333),.PCURVE_S1.);
#5323 = LINE('',#5324,#5325);
#5324 = CARTESIAN_POINT('',(44.183025345225,-4.384092989804,-396.2));
#5325 = VECTOR('',#5326,1.);
#5326 = DIRECTION('',(0.,0.,1.));
#5327 = PCURVE('',#5302,#5328);
#5328 = DEFINITIONAL_REPRESENTATION('',(#5329),#5332);
#5329 = B_SPLINE_CURVE_WITH_KNOTS('',1,(#5330,#5331),.UNSPECIFIED.,.F.,
  .F.,(2,2),(8.05,9.7000006),.PIECEWISE_BEZIER_KNOTS.);
#5330 = CARTESIAN_POINT('',(0.9,14.4));
#5331 = CARTESIAN_POINT('',(-0.7500006,14.4));
#5332 = ( GEOMETRIC_REPRESENTATION_CONTEXT(2) 
PARAMETRIC_REPRESENTATION_CONTEXT() REPRESENTATION_CONTEXT('2D SPACE',''
  ) );
#5333 = PCURVE('',#4019,#5334);
#5334 = DEFINITIONAL_REPRESENTATION('',(#5335),#5338);
#5335 = B_SPLINE_CURVE_WITH_KNOTS('',1,(#5336,#5337),.UNSPECIFIED.,.F.,
  .F.,(2,2),(8.05,9.7000006),.PIECEWISE_BEZIER_KNOTS.);
#5336 = CARTESIAN_POINT('',(6.184283316233,8.05));
#5337 = CARTESIAN_POINT('',(6.184283316233,9.7000006));
#5338 = ( GEOMETRIC_REPRESENTATION_CONTEXT(2) 
PARAMETRIC_REPRESENTATION_CONTEXT() REPRESENTATION_CONTEXT('2D SPACE',''
  ) );
#5339 = ORIENTED_EDGE('',*,*,#5340,.T.);
#5340 = EDGE_CURVE('',#5320,#5341,#5343,.T.);
#5341 = VERTEX_POINT('',#5342);
#5342 = CARTESIAN_POINT('',(46.372274348817,-4.601322822632,-388.));
#5343 = SURFACE_CURVE('',#5344,(#5348,#5354),.PCURVE_S1.);
#5344 = LINE('',#5345,#5346);
#5345 = CARTESIAN_POINT('',(14.926697751765,-1.481112496555,-388.));
#5346 = VECTOR('',#5347,1.);
#5347 = DIRECTION('',(0.995113183451,-9.874083310369E-02,0.));
#5348 = PCURVE('',#5302,#5349);
#5349 = DEFINITIONAL_REPRESENTATION('',(#5350),#5353);
#5350 = B_SPLINE_CURVE_WITH_KNOTS('',1,(#5351,#5352),.UNSPECIFIED.,.F.,
  .F.,(2,2),(-15.,31.828843969681),.PIECEWISE_BEZIER_KNOTS.);
#5351 = CARTESIAN_POINT('',(0.75,-30.));
#5352 = CARTESIAN_POINT('',(0.75,16.828843969681));
#5353 = ( GEOMETRIC_REPRESENTATION_CONTEXT(2) 
PARAMETRIC_REPRESENTATION_CONTEXT() REPRESENTATION_CONTEXT('2D SPACE',''
  ) );
#5354 = PCURVE('',#5355,#5360);
#5355 = PLANE('',#5356);
#5356 = AXIS2_PLACEMENT_3D('',#5357,#5358,#5359);
#5357 = CARTESIAN_POINT('',(0.,0.,-388.));
#5358 = DIRECTION('',(0.,0.,1.));
#5359 = DIRECTION('',(1.,0.,-0.));
#5360 = DEFINITIONAL_REPRESENTATION('',(#5361),#5364);
#5361 = B_SPLINE_CURVE_WITH_KNOTS('',1,(#5362,#5363),.UNSPECIFIED.,.F.,
  .F.,(2,2),(-15.,31.828843969681),.PIECEWISE_BEZIER_KNOTS.);
#5362 = CARTESIAN_POINT('',(0.,6.661338147751E-16));
#5363 = CARTESIAN_POINT('',(46.6,-4.623919066849));
#5364 = ( GEOMETRIC_REPRESENTATION_CONTEXT(2) 
PARAMETRIC_REPRESENTATION_CONTEXT() REPRESENTATION_CONTEXT('2D SPACE',''
  ) );
#5365 = ORIENTED_EDGE('',*,*,#5366,.T.);
#5366 = EDGE_CURVE('',#5341,#5260,#5367,.T.);
#5367 = SURFACE_CURVE('',#5368,(#5372,#5378),.PCURVE_S1.);
#5368 = LINE('',#5369,#5370);
#5369 = CARTESIAN_POINT('',(46.372274348817,-4.601322822632,-388.));
#5370 = VECTOR('',#5371,1.);
#5371 = DIRECTION('',(0.,0.,1.));
#5372 = PCURVE('',#5302,#5373);
#5373 = DEFINITIONAL_REPRESENTATION('',(#5374),#5377);
#5374 = B_SPLINE_CURVE_WITH_KNOTS('',1,(#5375,#5376),.UNSPECIFIED.,.F.,
  .F.,(2,2),(-6.000000212225E-07,1.5000006),.PIECEWISE_BEZIER_KNOTS.);
#5375 = CARTESIAN_POINT('',(0.7500006,16.6));
#5376 = CARTESIAN_POINT('',(-0.7500006,16.6));
#5377 = ( GEOMETRIC_REPRESENTATION_CONTEXT(2) 
PARAMETRIC_REPRESENTATION_CONTEXT() REPRESENTATION_CONTEXT('2D SPACE',''
  ) );
#5378 = PCURVE('',#5276,#5379);
#5379 = DEFINITIONAL_REPRESENTATION('',(#5380),#5383);
#5380 = B_SPLINE_CURVE_WITH_KNOTS('',1,(#5381,#5382),.UNSPECIFIED.,.F.,
  .F.,(2,2),(-6.000000212225E-07,1.5000006),.PIECEWISE_BEZIER_KNOTS.);
#5381 = CARTESIAN_POINT('',(6.184283316233,-6.000000212225E-07));
#5382 = CARTESIAN_POINT('',(6.184283316233,1.5000006));
#5383 = ( GEOMETRIC_REPRESENTATION_CONTEXT(2) 
PARAMETRIC_REPRESENTATION_CONTEXT() REPRESENTATION_CONTEXT('2D SPACE',''
  ) );
#5384 = ORIENTED_EDGE('',*,*,#5288,.F.);
#5385 = ADVANCED_FACE('',(#5386),#5355,.F.);
#5386 = FACE_BOUND('',#5387,.F.);
#5387 = EDGE_LOOP('',(#5388,#5412,#5433,#5455));
#5388 = ORIENTED_EDGE('',*,*,#5389,.F.);
#5389 = EDGE_CURVE('',#5390,#5320,#5392,.T.);
#5390 = VERTEX_POINT('',#5391);
#5391 = CARTESIAN_POINT('',(40.455668859918,-18.29477677088,-388.));
#5392 = SURFACE_CURVE('',#5393,(#5398,#5405),.PCURVE_S1.);
#5393 = CIRCLE('',#5394,44.4);
#5394 = AXIS2_PLACEMENT_3D('',#5395,#5396,#5397);
#5395 = CARTESIAN_POINT('',(0.,0.,-388.));
#5396 = DIRECTION('',(0.,0.,1.));
#5397 = DIRECTION('',(1.,0.,-0.));
#5398 = PCURVE('',#5355,#5399);
#5399 = DEFINITIONAL_REPRESENTATION('',(#5400),#5404);
#5400 = CIRCLE('',#5401,44.4);
#5401 = AXIS2_PLACEMENT_2D('',#5402,#5403);
#5402 = CARTESIAN_POINT('',(0.,0.));
#5403 = DIRECTION('',(1.,0.));
#5404 = ( GEOMETRIC_REPRESENTATION_CONTEXT(2) 
PARAMETRIC_REPRESENTATION_CONTEXT() REPRESENTATION_CONTEXT('2D SPACE',''
  ) );
#5405 = PCURVE('',#4019,#5406);
#5406 = DEFINITIONAL_REPRESENTATION('',(#5407),#5411);
#5407 = LINE('',#5408,#5409);
#5408 = CARTESIAN_POINT('',(0.,8.2));
#5409 = VECTOR('',#5410,1.);
#5410 = DIRECTION('',(1.,0.));
#5411 = ( GEOMETRIC_REPRESENTATION_CONTEXT(2) 
PARAMETRIC_REPRESENTATION_CONTEXT() REPRESENTATION_CONTEXT('2D SPACE',''
  ) );
#5412 = ORIENTED_EDGE('',*,*,#5413,.T.);
#5413 = EDGE_CURVE('',#5390,#5414,#5416,.T.);
#5414 = VERTEX_POINT('',#5415);
#5415 = CARTESIAN_POINT('',(42.460229028653,-19.20127471899,-388.));
#5416 = SURFACE_CURVE('',#5417,(#5421,#5427),.PCURVE_S1.);
#5417 = LINE('',#5418,#5419);
#5418 = CARTESIAN_POINT('',(13.667455695918,-6.180667828003,-388.));
#5419 = VECTOR('',#5420,1.);
#5420 = DIRECTION('',(0.911163713061,-0.412044521867,0.));
#5421 = PCURVE('',#5355,#5422);
#5422 = DEFINITIONAL_REPRESENTATION('',(#5423),#5426);
#5423 = B_SPLINE_CURVE_WITH_KNOTS('',1,(#5424,#5425),.UNSPECIFIED.,.F.,
  .F.,(2,2),(-15.,36.143388758798),.PIECEWISE_BEZIER_KNOTS.);
#5424 = CARTESIAN_POINT('',(-1.7763568394E-15,1.7763568394E-15));
#5425 = CARTESIAN_POINT('',(46.6,-21.07335316777));
#5426 = ( GEOMETRIC_REPRESENTATION_CONTEXT(2) 
PARAMETRIC_REPRESENTATION_CONTEXT() REPRESENTATION_CONTEXT('2D SPACE',''
  ) );
#5427 = PCURVE('',#5248,#5428);
#5428 = DEFINITIONAL_REPRESENTATION('',(#5429),#5432);
#5429 = B_SPLINE_CURVE_WITH_KNOTS('',1,(#5430,#5431),.UNSPECIFIED.,.F.,
  .F.,(2,2),(-15.,36.143388758798),.PIECEWISE_BEZIER_KNOTS.);
#5430 = CARTESIAN_POINT('',(0.75,-30.));
#5431 = CARTESIAN_POINT('',(0.75,21.143388758798));
#5432 = ( GEOMETRIC_REPRESENTATION_CONTEXT(2) 
PARAMETRIC_REPRESENTATION_CONTEXT() REPRESENTATION_CONTEXT('2D SPACE',''
  ) );
#5433 = ORIENTED_EDGE('',*,*,#5434,.T.);
#5434 = EDGE_CURVE('',#5414,#5341,#5435,.T.);
#5435 = SURFACE_CURVE('',#5436,(#5441,#5448),.PCURVE_S1.);
#5436 = CIRCLE('',#5437,46.6);
#5437 = AXIS2_PLACEMENT_3D('',#5438,#5439,#5440);
#5438 = CARTESIAN_POINT('',(0.,0.,-388.));
#5439 = DIRECTION('',(0.,0.,1.));
#5440 = DIRECTION('',(1.,0.,-0.));
#5441 = PCURVE('',#5355,#5442);
#5442 = DEFINITIONAL_REPRESENTATION('',(#5443),#5447);
#5443 = CIRCLE('',#5444,46.6);
#5444 = AXIS2_PLACEMENT_2D('',#5445,#5446);
#5445 = CARTESIAN_POINT('',(0.,0.));
#5446 = DIRECTION('',(1.,0.));
#5447 = ( GEOMETRIC_REPRESENTATION_CONTEXT(2) 
PARAMETRIC_REPRESENTATION_CONTEXT() REPRESENTATION_CONTEXT('2D SPACE',''
  ) );
#5448 = PCURVE('',#5276,#5449);
#5449 = DEFINITIONAL_REPRESENTATION('',(#5450),#5454);
#5450 = LINE('',#5451,#5452);
#5451 = CARTESIAN_POINT('',(0.,0.));
#5452 = VECTOR('',#5453,1.);
#5453 = DIRECTION('',(1.,0.));
#5454 = ( GEOMETRIC_REPRESENTATION_CONTEXT(2) 
PARAMETRIC_REPRESENTATION_CONTEXT() REPRESENTATION_CONTEXT('2D SPACE',''
  ) );
#5455 = ORIENTED_EDGE('',*,*,#5340,.F.);
#5456 = ADVANCED_FACE('',(#5457),#5276,.T.);
#5457 = FACE_BOUND('',#5458,.T.);
#5458 = EDGE_LOOP('',(#5459,#5460,#5479,#5480));
#5459 = ORIENTED_EDGE('',*,*,#5259,.F.);
#5460 = ORIENTED_EDGE('',*,*,#5461,.F.);
#5461 = EDGE_CURVE('',#5414,#5233,#5462,.T.);
#5462 = SURFACE_CURVE('',#5463,(#5467,#5473),.PCURVE_S1.);
#5463 = LINE('',#5464,#5465);
#5464 = CARTESIAN_POINT('',(42.460229028653,-19.20127471899,-388.));
#5465 = VECTOR('',#5466,1.);
#5466 = DIRECTION('',(0.,0.,1.));
#5467 = PCURVE('',#5276,#5468);
#5468 = DEFINITIONAL_REPRESENTATION('',(#5469),#5472);
#5469 = B_SPLINE_CURVE_WITH_KNOTS('',1,(#5470,#5471),.UNSPECIFIED.,.F.,
  .F.,(2,2),(-6.000000212225E-07,1.5000006),.PIECEWISE_BEZIER_KNOTS.);
#5470 = CARTESIAN_POINT('',(5.858488522528,-6.000000212225E-07));
#5471 = CARTESIAN_POINT('',(5.858488522528,1.5000006));
#5472 = ( GEOMETRIC_REPRESENTATION_CONTEXT(2) 
PARAMETRIC_REPRESENTATION_CONTEXT() REPRESENTATION_CONTEXT('2D SPACE',''
  ) );
#5473 = PCURVE('',#5248,#5474);
#5474 = DEFINITIONAL_REPRESENTATION('',(#5475),#5478);
#5475 = B_SPLINE_CURVE_WITH_KNOTS('',1,(#5476,#5477),.UNSPECIFIED.,.F.,
  .F.,(2,2),(-6.000000212225E-07,1.5000006),.PIECEWISE_BEZIER_KNOTS.);
#5476 = CARTESIAN_POINT('',(0.7500006,16.6));
#5477 = CARTESIAN_POINT('',(-0.7500006,16.6));
#5478 = ( GEOMETRIC_REPRESENTATION_CONTEXT(2) 
PARAMETRIC_REPRESENTATION_CONTEXT() REPRESENTATION_CONTEXT('2D SPACE',''
  ) );
#5479 = ORIENTED_EDGE('',*,*,#5434,.T.);
#5480 = ORIENTED_EDGE('',*,*,#5366,.T.);
#5481 = ADVANCED_FACE('',(#5482),#5248,.T.);
#5482 = FACE_BOUND('',#5483,.T.);
#5483 = EDGE_LOOP('',(#5484,#5503,#5504,#5505));
#5484 = ORIENTED_EDGE('',*,*,#5485,.F.);
#5485 = EDGE_CURVE('',#5390,#5209,#5486,.T.);
#5486 = SURFACE_CURVE('',#5487,(#5491,#5497),.PCURVE_S1.);
#5487 = LINE('',#5488,#5489);
#5488 = CARTESIAN_POINT('',(40.455668859918,-18.29477677088,-396.2));
#5489 = VECTOR('',#5490,1.);
#5490 = DIRECTION('',(0.,0.,1.));
#5491 = PCURVE('',#5248,#5492);
#5492 = DEFINITIONAL_REPRESENTATION('',(#5493),#5496);
#5493 = B_SPLINE_CURVE_WITH_KNOTS('',1,(#5494,#5495),.UNSPECIFIED.,.F.,
  .F.,(2,2),(8.05,9.7000006),.PIECEWISE_BEZIER_KNOTS.);
#5494 = CARTESIAN_POINT('',(0.9,14.4));
#5495 = CARTESIAN_POINT('',(-0.7500006,14.4));
#5496 = ( GEOMETRIC_REPRESENTATION_CONTEXT(2) 
PARAMETRIC_REPRESENTATION_CONTEXT() REPRESENTATION_CONTEXT('2D SPACE',''
  ) );
#5497 = PCURVE('',#4019,#5498);
#5498 = DEFINITIONAL_REPRESENTATION('',(#5499),#5502);
#5499 = B_SPLINE_CURVE_WITH_KNOTS('',1,(#5500,#5501),.UNSPECIFIED.,.F.,
  .F.,(2,2),(8.05,9.7000006),.PIECEWISE_BEZIER_KNOTS.);
#5500 = CARTESIAN_POINT('',(5.858488522528,8.05));
#5501 = CARTESIAN_POINT('',(5.858488522528,9.7000006));
#5502 = ( GEOMETRIC_REPRESENTATION_CONTEXT(2) 
PARAMETRIC_REPRESENTATION_CONTEXT() REPRESENTATION_CONTEXT('2D SPACE',''
  ) );
#5503 = ORIENTED_EDGE('',*,*,#5413,.T.);
#5504 = ORIENTED_EDGE('',*,*,#5461,.T.);
#5505 = ORIENTED_EDGE('',*,*,#5232,.F.);
#5506 = ADVANCED_FACE('',(#5507),#5197,.F.);
#5507 = FACE_BOUND('',#5508,.F.);
#5508 = EDGE_LOOP('',(#5509,#5530,#5556,#5575));
#5509 = ORIENTED_EDGE('',*,*,#5510,.F.);
#5510 = EDGE_CURVE('',#5511,#5182,#5513,.T.);
#5511 = VERTEX_POINT('',#5512);
#5512 = CARTESIAN_POINT('',(36.071575870114,-25.88824857433,-388.));
#5513 = SURFACE_CURVE('',#5514,(#5518,#5524),.PCURVE_S1.);
#5514 = LINE('',#5515,#5516);
#5515 = CARTESIAN_POINT('',(36.071575870114,-25.88824857433,-396.2));
#5516 = VECTOR('',#5517,1.);
#5517 = DIRECTION('',(0.,0.,1.));
#5518 = PCURVE('',#5197,#5519);
#5519 = DEFINITIONAL_REPRESENTATION('',(#5520),#5523);
#5520 = B_SPLINE_CURVE_WITH_KNOTS('',1,(#5521,#5522),.UNSPECIFIED.,.F.,
  .F.,(2,2),(8.05,9.7000006),.PIECEWISE_BEZIER_KNOTS.);
#5521 = CARTESIAN_POINT('',(0.9,14.4));
#5522 = CARTESIAN_POINT('',(-0.7500006,14.4));
#5523 = ( GEOMETRIC_REPRESENTATION_CONTEXT(2) 
PARAMETRIC_REPRESENTATION_CONTEXT() REPRESENTATION_CONTEXT('2D SPACE',''
  ) );
#5524 = PCURVE('',#4019,#5525);
#5525 = DEFINITIONAL_REPRESENTATION('',(#5526),#5529);
#5526 = B_SPLINE_CURVE_WITH_KNOTS('',1,(#5527,#5528),.UNSPECIFIED.,.F.,
  .F.,(2,2),(8.05,9.7000006),.PIECEWISE_BEZIER_KNOTS.);
#5527 = CARTESIAN_POINT('',(5.660684540635,8.05));
#5528 = CARTESIAN_POINT('',(5.660684540635,9.7000006));
#5529 = ( GEOMETRIC_REPRESENTATION_CONTEXT(2) 
PARAMETRIC_REPRESENTATION_CONTEXT() REPRESENTATION_CONTEXT('2D SPACE',''
  ) );
#5530 = ORIENTED_EDGE('',*,*,#5531,.T.);
#5531 = EDGE_CURVE('',#5511,#5532,#5534,.T.);
#5532 = VERTEX_POINT('',#5533);
#5533 = CARTESIAN_POINT('',(37.858906206021,-27.17099962982,-388.));
#5534 = SURFACE_CURVE('',#5535,(#5539,#5545),.PCURVE_S1.);
#5535 = LINE('',#5536,#5537);
#5536 = CARTESIAN_POINT('',(12.186343199363,-8.746029923762,-388.));
#5537 = VECTOR('',#5538,1.);
#5538 = DIRECTION('',(0.812422879958,-0.583068661584,0.));
#5539 = PCURVE('',#5197,#5540);
#5540 = DEFINITIONAL_REPRESENTATION('',(#5541),#5544);
#5541 = B_SPLINE_CURVE_WITH_KNOTS('',1,(#5542,#5543),.UNSPECIFIED.,.F.,
  .F.,(2,2),(-15.,42.359290524211),.PIECEWISE_BEZIER_KNOTS.);
#5542 = CARTESIAN_POINT('',(0.75,-30.));
#5543 = CARTESIAN_POINT('',(0.75,27.359290524211));
#5544 = ( GEOMETRIC_REPRESENTATION_CONTEXT(2) 
PARAMETRIC_REPRESENTATION_CONTEXT() REPRESENTATION_CONTEXT('2D SPACE',''
  ) );
#5545 = PCURVE('',#5546,#5551);
#5546 = PLANE('',#5547);
#5547 = AXIS2_PLACEMENT_3D('',#5548,#5549,#5550);
#5548 = CARTESIAN_POINT('',(0.,0.,-388.));
#5549 = DIRECTION('',(0.,0.,1.));
#5550 = DIRECTION('',(1.,0.,-0.));
#5551 = DEFINITIONAL_REPRESENTATION('',(#5552),#5555);
#5552 = B_SPLINE_CURVE_WITH_KNOTS('',1,(#5553,#5554),.UNSPECIFIED.,.F.,
  .F.,(2,2),(-15.,42.359290524211),.PIECEWISE_BEZIER_KNOTS.);
#5553 = CARTESIAN_POINT('',(-1.7763568394E-15,1.7763568394E-15));
#5554 = CARTESIAN_POINT('',(46.6,-33.44440475536));
#5555 = ( GEOMETRIC_REPRESENTATION_CONTEXT(2) 
PARAMETRIC_REPRESENTATION_CONTEXT() REPRESENTATION_CONTEXT('2D SPACE',''
  ) );
#5556 = ORIENTED_EDGE('',*,*,#5557,.T.);
#5557 = EDGE_CURVE('',#5532,#5153,#5558,.T.);
#5558 = SURFACE_CURVE('',#5559,(#5563,#5569),.PCURVE_S1.);
#5559 = LINE('',#5560,#5561);
#5560 = CARTESIAN_POINT('',(37.858906206021,-27.17099962982,-388.));
#5561 = VECTOR('',#5562,1.);
#5562 = DIRECTION('',(0.,0.,1.));
#5563 = PCURVE('',#5197,#5564);
#5564 = DEFINITIONAL_REPRESENTATION('',(#5565),#5568);
#5565 = B_SPLINE_CURVE_WITH_KNOTS('',1,(#5566,#5567),.UNSPECIFIED.,.F.,
  .F.,(2,2),(-6.000000212225E-07,1.5000006),.PIECEWISE_BEZIER_KNOTS.);
#5566 = CARTESIAN_POINT('',(0.7500006,16.6));
#5567 = CARTESIAN_POINT('',(-0.7500006,16.6));
#5568 = ( GEOMETRIC_REPRESENTATION_CONTEXT(2) 
PARAMETRIC_REPRESENTATION_CONTEXT() REPRESENTATION_CONTEXT('2D SPACE',''
  ) );
#5569 = PCURVE('',#5169,#5570);
#5570 = DEFINITIONAL_REPRESENTATION('',(#5571),#5574);
#5571 = B_SPLINE_CURVE_WITH_KNOTS('',1,(#5572,#5573),.UNSPECIFIED.,.F.,
  .F.,(2,2),(-6.000000212225E-07,1.5000006),.PIECEWISE_BEZIER_KNOTS.);
#5572 = CARTESIAN_POINT('',(5.660684540635,-6.000000212225E-07));
#5573 = CARTESIAN_POINT('',(5.660684540635,1.5000006));
#5574 = ( GEOMETRIC_REPRESENTATION_CONTEXT(2) 
PARAMETRIC_REPRESENTATION_CONTEXT() REPRESENTATION_CONTEXT('2D SPACE',''
  ) );
#5575 = ORIENTED_EDGE('',*,*,#5181,.F.);
#5576 = ADVANCED_FACE('',(#5577),#5546,.F.);
#5577 = FACE_BOUND('',#5578,.F.);
#5578 = EDGE_LOOP('',(#5579,#5603,#5624,#5646));
#5579 = ORIENTED_EDGE('',*,*,#5580,.F.);
#5580 = EDGE_CURVE('',#5581,#5511,#5583,.T.);
#5581 = VERTEX_POINT('',#5582);
#5582 = CARTESIAN_POINT('',(25.888248574336,-36.07157587011,-388.));
#5583 = SURFACE_CURVE('',#5584,(#5589,#5596),.PCURVE_S1.);
#5584 = CIRCLE('',#5585,44.4);
#5585 = AXIS2_PLACEMENT_3D('',#5586,#5587,#5588);
#5586 = CARTESIAN_POINT('',(0.,0.,-388.));
#5587 = DIRECTION('',(0.,0.,1.));
#5588 = DIRECTION('',(1.,0.,-0.));
#5589 = PCURVE('',#5546,#5590);
#5590 = DEFINITIONAL_REPRESENTATION('',(#5591),#5595);
#5591 = CIRCLE('',#5592,44.4);
#5592 = AXIS2_PLACEMENT_2D('',#5593,#5594);
#5593 = CARTESIAN_POINT('',(0.,0.));
#5594 = DIRECTION('',(1.,0.));
#5595 = ( GEOMETRIC_REPRESENTATION_CONTEXT(2) 
PARAMETRIC_REPRESENTATION_CONTEXT() REPRESENTATION_CONTEXT('2D SPACE',''
  ) );
#5596 = PCURVE('',#4019,#5597);
#5597 = DEFINITIONAL_REPRESENTATION('',(#5598),#5602);
#5598 = LINE('',#5599,#5600);
#5599 = CARTESIAN_POINT('',(0.,8.2));
#5600 = VECTOR('',#5601,1.);
#5601 = DIRECTION('',(1.,0.));
#5602 = ( GEOMETRIC_REPRESENTATION_CONTEXT(2) 
PARAMETRIC_REPRESENTATION_CONTEXT() REPRESENTATION_CONTEXT('2D SPACE',''
  ) );
#5603 = ORIENTED_EDGE('',*,*,#5604,.T.);
#5604 = EDGE_CURVE('',#5581,#5605,#5607,.T.);
#5605 = VERTEX_POINT('',#5606);
#5606 = CARTESIAN_POINT('',(27.170999629821,-37.85890620602,-388.));
#5607 = SURFACE_CURVE('',#5608,(#5612,#5618),.PCURVE_S1.);
#5608 = LINE('',#5609,#5610);
#5609 = CARTESIAN_POINT('',(8.746029923762,-12.18634319936,-388.));
#5610 = VECTOR('',#5611,1.);
#5611 = DIRECTION('',(0.583068661584,-0.812422879958,0.));
#5612 = PCURVE('',#5546,#5613);
#5613 = DEFINITIONAL_REPRESENTATION('',(#5614),#5617);
#5614 = B_SPLINE_CURVE_WITH_KNOTS('',1,(#5615,#5616),.UNSPECIFIED.,.F.,
  .F.,(2,2),(-15.,42.359290524211),.PIECEWISE_BEZIER_KNOTS.);
#5615 = CARTESIAN_POINT('',(0.,0.));
#5616 = CARTESIAN_POINT('',(33.444404755367,-46.6));
#5617 = ( GEOMETRIC_REPRESENTATION_CONTEXT(2) 
PARAMETRIC_REPRESENTATION_CONTEXT() REPRESENTATION_CONTEXT('2D SPACE',''
  ) );
#5618 = PCURVE('',#5141,#5619);
#5619 = DEFINITIONAL_REPRESENTATION('',(#5620),#5623);
#5620 = B_SPLINE_CURVE_WITH_KNOTS('',1,(#5621,#5622),.UNSPECIFIED.,.F.,
  .F.,(2,2),(-15.,42.359290524211),.PIECEWISE_BEZIER_KNOTS.);
#5621 = CARTESIAN_POINT('',(0.75,-30.));
#5622 = CARTESIAN_POINT('',(0.75,27.359290524211));
#5623 = ( GEOMETRIC_REPRESENTATION_CONTEXT(2) 
PARAMETRIC_REPRESENTATION_CONTEXT() REPRESENTATION_CONTEXT('2D SPACE',''
  ) );
#5624 = ORIENTED_EDGE('',*,*,#5625,.T.);
#5625 = EDGE_CURVE('',#5605,#5532,#5626,.T.);
#5626 = SURFACE_CURVE('',#5627,(#5632,#5639),.PCURVE_S1.);
#5627 = CIRCLE('',#5628,46.6);
#5628 = AXIS2_PLACEMENT_3D('',#5629,#5630,#5631);
#5629 = CARTESIAN_POINT('',(0.,0.,-388.));
#5630 = DIRECTION('',(0.,0.,1.));
#5631 = DIRECTION('',(1.,0.,-0.));
#5632 = PCURVE('',#5546,#5633);
#5633 = DEFINITIONAL_REPRESENTATION('',(#5634),#5638);
#5634 = CIRCLE('',#5635,46.6);
#5635 = AXIS2_PLACEMENT_2D('',#5636,#5637);
#5636 = CARTESIAN_POINT('',(0.,0.));
#5637 = DIRECTION('',(1.,0.));
#5638 = ( GEOMETRIC_REPRESENTATION_CONTEXT(2) 
PARAMETRIC_REPRESENTATION_CONTEXT() REPRESENTATION_CONTEXT('2D SPACE',''
  ) );
#5639 = PCURVE('',#5169,#5640);
#5640 = DEFINITIONAL_REPRESENTATION('',(#5641),#5645);
#5641 = LINE('',#5642,#5643);
#5642 = CARTESIAN_POINT('',(0.,0.));
#5643 = VECTOR('',#5644,1.);
#5644 = DIRECTION('',(1.,0.));
#5645 = ( GEOMETRIC_REPRESENTATION_CONTEXT(2) 
PARAMETRIC_REPRESENTATION_CONTEXT() REPRESENTATION_CONTEXT('2D SPACE',''
  ) );
#5646 = ORIENTED_EDGE('',*,*,#5531,.F.);
#5647 = ADVANCED_FACE('',(#5648),#5169,.T.);
#5648 = FACE_BOUND('',#5649,.T.);
#5649 = EDGE_LOOP('',(#5650,#5651,#5670,#5671));
#5650 = ORIENTED_EDGE('',*,*,#5152,.F.);
#5651 = ORIENTED_EDGE('',*,*,#5652,.F.);
#5652 = EDGE_CURVE('',#5605,#5126,#5653,.T.);
#5653 = SURFACE_CURVE('',#5654,(#5658,#5664),.PCURVE_S1.);
#5654 = LINE('',#5655,#5656);
#5655 = CARTESIAN_POINT('',(27.170999629821,-37.85890620602,-388.));
#5656 = VECTOR('',#5657,1.);
#5657 = DIRECTION('',(0.,0.,1.));
#5658 = PCURVE('',#5169,#5659);
#5659 = DEFINITIONAL_REPRESENTATION('',(#5660),#5663);
#5660 = B_SPLINE_CURVE_WITH_KNOTS('',1,(#5661,#5662),.UNSPECIFIED.,.F.,
  .F.,(2,2),(-6.000000212225E-07,1.5000006),.PIECEWISE_BEZIER_KNOTS.);
#5661 = CARTESIAN_POINT('',(5.334889746929,-6.000000212225E-07));
#5662 = CARTESIAN_POINT('',(5.334889746929,1.5000006));
#5663 = ( GEOMETRIC_REPRESENTATION_CONTEXT(2) 
PARAMETRIC_REPRESENTATION_CONTEXT() REPRESENTATION_CONTEXT('2D SPACE',''
  ) );
#5664 = PCURVE('',#5141,#5665);
#5665 = DEFINITIONAL_REPRESENTATION('',(#5666),#5669);
#5666 = B_SPLINE_CURVE_WITH_KNOTS('',1,(#5667,#5668),.UNSPECIFIED.,.F.,
  .F.,(2,2),(-6.000000212225E-07,1.5000006),.PIECEWISE_BEZIER_KNOTS.);
#5667 = CARTESIAN_POINT('',(0.7500006,16.6));
#5668 = CARTESIAN_POINT('',(-0.7500006,16.6));
#5669 = ( GEOMETRIC_REPRESENTATION_CONTEXT(2) 
PARAMETRIC_REPRESENTATION_CONTEXT() REPRESENTATION_CONTEXT('2D SPACE',''
  ) );
#5670 = ORIENTED_EDGE('',*,*,#5625,.T.);
#5671 = ORIENTED_EDGE('',*,*,#5557,.T.);
#5672 = ADVANCED_FACE('',(#5673),#5141,.T.);
#5673 = FACE_BOUND('',#5674,.T.);
#5674 = EDGE_LOOP('',(#5675,#5694,#5695,#5696));
#5675 = ORIENTED_EDGE('',*,*,#5676,.F.);
#5676 = EDGE_CURVE('',#5581,#5102,#5677,.T.);
#5677 = SURFACE_CURVE('',#5678,(#5682,#5688),.PCURVE_S1.);
#5678 = LINE('',#5679,#5680);
#5679 = CARTESIAN_POINT('',(25.888248574336,-36.07157587011,-396.2));
#5680 = VECTOR('',#5681,1.);
#5681 = DIRECTION('',(0.,0.,1.));
#5682 = PCURVE('',#5141,#5683);
#5683 = DEFINITIONAL_REPRESENTATION('',(#5684),#5687);
#5684 = B_SPLINE_CURVE_WITH_KNOTS('',1,(#5685,#5686),.UNSPECIFIED.,.F.,
  .F.,(2,2),(8.05,9.7000006),.PIECEWISE_BEZIER_KNOTS.);
#5685 = CARTESIAN_POINT('',(0.9,14.4));
#5686 = CARTESIAN_POINT('',(-0.7500006,14.4));
#5687 = ( GEOMETRIC_REPRESENTATION_CONTEXT(2) 
PARAMETRIC_REPRESENTATION_CONTEXT() REPRESENTATION_CONTEXT('2D SPACE',''
  ) );
#5688 = PCURVE('',#4019,#5689);
#5689 = DEFINITIONAL_REPRESENTATION('',(#5690),#5693);
#5690 = B_SPLINE_CURVE_WITH_KNOTS('',1,(#5691,#5692),.UNSPECIFIED.,.F.,
  .F.,(2,2),(8.05,9.7000006),.PIECEWISE_BEZIER_KNOTS.);
#5691 = CARTESIAN_POINT('',(5.334889746929,8.05));
#5692 = CARTESIAN_POINT('',(5.334889746929,9.7000006));
#5693 = ( GEOMETRIC_REPRESENTATION_CONTEXT(2) 
PARAMETRIC_REPRESENTATION_CONTEXT() REPRESENTATION_CONTEXT('2D SPACE',''
  ) );
#5694 = ORIENTED_EDGE('',*,*,#5604,.T.);
#5695 = ORIENTED_EDGE('',*,*,#5652,.T.);
#5696 = ORIENTED_EDGE('',*,*,#5125,.F.);
#5697 = ADVANCED_FACE('',(#5698),#5090,.F.);
#5698 = FACE_BOUND('',#5699,.F.);
#5699 = EDGE_LOOP('',(#5700,#5721,#5747,#5766));
#5700 = ORIENTED_EDGE('',*,*,#5701,.F.);
#5701 = EDGE_CURVE('',#5702,#5075,#5704,.T.);
#5702 = VERTEX_POINT('',#5703);
#5703 = CARTESIAN_POINT('',(18.294776770889,-40.45566885991,-388.));
#5704 = SURFACE_CURVE('',#5705,(#5709,#5715),.PCURVE_S1.);
#5705 = LINE('',#5706,#5707);
#5706 = CARTESIAN_POINT('',(18.294776770889,-40.45566885991,-396.2));
#5707 = VECTOR('',#5708,1.);
#5708 = DIRECTION('',(0.,0.,1.));
#5709 = PCURVE('',#5090,#5710);
#5710 = DEFINITIONAL_REPRESENTATION('',(#5711),#5714);
#5711 = B_SPLINE_CURVE_WITH_KNOTS('',1,(#5712,#5713),.UNSPECIFIED.,.F.,
  .F.,(2,2),(8.05,9.7000006),.PIECEWISE_BEZIER_KNOTS.);
#5712 = CARTESIAN_POINT('',(0.9,14.4));
#5713 = CARTESIAN_POINT('',(-0.7500006,14.4));
#5714 = ( GEOMETRIC_REPRESENTATION_CONTEXT(2) 
PARAMETRIC_REPRESENTATION_CONTEXT() REPRESENTATION_CONTEXT('2D SPACE',''
  ) );
#5715 = PCURVE('',#4019,#5716);
#5716 = DEFINITIONAL_REPRESENTATION('',(#5717),#5720);
#5717 = B_SPLINE_CURVE_WITH_KNOTS('',1,(#5718,#5719),.UNSPECIFIED.,.F.,
  .F.,(2,2),(8.05,9.7000006),.PIECEWISE_BEZIER_KNOTS.);
#5718 = CARTESIAN_POINT('',(5.137085765037,8.05));
#5719 = CARTESIAN_POINT('',(5.137085765037,9.7000006));
#5720 = ( GEOMETRIC_REPRESENTATION_CONTEXT(2) 
PARAMETRIC_REPRESENTATION_CONTEXT() REPRESENTATION_CONTEXT('2D SPACE',''
  ) );
#5721 = ORIENTED_EDGE('',*,*,#5722,.T.);
#5722 = EDGE_CURVE('',#5702,#5723,#5725,.T.);
#5723 = VERTEX_POINT('',#5724);
#5724 = CARTESIAN_POINT('',(19.201274718996,-42.46022902865,-388.));
#5725 = SURFACE_CURVE('',#5726,(#5730,#5736),.PCURVE_S1.);
#5726 = LINE('',#5727,#5728);
#5727 = CARTESIAN_POINT('',(6.180667828003,-13.66745569591,-388.));
#5728 = VECTOR('',#5729,1.);
#5729 = DIRECTION('',(0.412044521867,-0.911163713061,0.));
#5730 = PCURVE('',#5090,#5731);
#5731 = DEFINITIONAL_REPRESENTATION('',(#5732),#5735);
#5732 = B_SPLINE_CURVE_WITH_KNOTS('',1,(#5733,#5734),.UNSPECIFIED.,.F.,
  .F.,(2,2),(-15.,36.143388758798),.PIECEWISE_BEZIER_KNOTS.);
#5733 = CARTESIAN_POINT('',(0.75,-30.));
#5734 = CARTESIAN_POINT('',(0.75,21.143388758798));
#5735 = ( GEOMETRIC_REPRESENTATION_CONTEXT(2) 
PARAMETRIC_REPRESENTATION_CONTEXT() REPRESENTATION_CONTEXT('2D SPACE',''
  ) );
#5736 = PCURVE('',#5737,#5742);
#5737 = PLANE('',#5738);
#5738 = AXIS2_PLACEMENT_3D('',#5739,#5740,#5741);
#5739 = CARTESIAN_POINT('',(0.,0.,-388.));
#5740 = DIRECTION('',(0.,0.,1.));
#5741 = DIRECTION('',(1.,0.,-0.));
#5742 = DEFINITIONAL_REPRESENTATION('',(#5743),#5746);
#5743 = B_SPLINE_CURVE_WITH_KNOTS('',1,(#5744,#5745),.UNSPECIFIED.,.F.,
  .F.,(2,2),(-15.,36.143388758798),.PIECEWISE_BEZIER_KNOTS.);
#5744 = CARTESIAN_POINT('',(-8.881784197001E-16,0.));
#5745 = CARTESIAN_POINT('',(21.07335316777,-46.6));
#5746 = ( GEOMETRIC_REPRESENTATION_CONTEXT(2) 
PARAMETRIC_REPRESENTATION_CONTEXT() REPRESENTATION_CONTEXT('2D SPACE',''
  ) );
#5747 = ORIENTED_EDGE('',*,*,#5748,.T.);
#5748 = EDGE_CURVE('',#5723,#5046,#5749,.T.);
#5749 = SURFACE_CURVE('',#5750,(#5754,#5760),.PCURVE_S1.);
#5750 = LINE('',#5751,#5752);
#5751 = CARTESIAN_POINT('',(19.201274718996,-42.46022902865,-388.));
#5752 = VECTOR('',#5753,1.);
#5753 = DIRECTION('',(0.,0.,1.));
#5754 = PCURVE('',#5090,#5755);
#5755 = DEFINITIONAL_REPRESENTATION('',(#5756),#5759);
#5756 = B_SPLINE_CURVE_WITH_KNOTS('',1,(#5757,#5758),.UNSPECIFIED.,.F.,
  .F.,(2,2),(-6.000000212225E-07,1.5000006),.PIECEWISE_BEZIER_KNOTS.);
#5757 = CARTESIAN_POINT('',(0.7500006,16.6));
#5758 = CARTESIAN_POINT('',(-0.7500006,16.6));
#5759 = ( GEOMETRIC_REPRESENTATION_CONTEXT(2) 
PARAMETRIC_REPRESENTATION_CONTEXT() REPRESENTATION_CONTEXT('2D SPACE',''
  ) );
#5760 = PCURVE('',#5062,#5761);
#5761 = DEFINITIONAL_REPRESENTATION('',(#5762),#5765);
#5762 = B_SPLINE_CURVE_WITH_KNOTS('',1,(#5763,#5764),.UNSPECIFIED.,.F.,
  .F.,(2,2),(-6.000000212225E-07,1.5000006),.PIECEWISE_BEZIER_KNOTS.);
#5763 = CARTESIAN_POINT('',(5.137085765037,-6.000000212225E-07));
#5764 = CARTESIAN_POINT('',(5.137085765037,1.5000006));
#5765 = ( GEOMETRIC_REPRESENTATION_CONTEXT(2) 
PARAMETRIC_REPRESENTATION_CONTEXT() REPRESENTATION_CONTEXT('2D SPACE',''
  ) );
#5766 = ORIENTED_EDGE('',*,*,#5074,.F.);
#5767 = ADVANCED_FACE('',(#5768),#5737,.F.);
#5768 = FACE_BOUND('',#5769,.F.);
#5769 = EDGE_LOOP('',(#5770,#5794,#5815,#5837));
#5770 = ORIENTED_EDGE('',*,*,#5771,.F.);
#5771 = EDGE_CURVE('',#5772,#5702,#5774,.T.);
#5772 = VERTEX_POINT('',#5773);
#5773 = CARTESIAN_POINT('',(4.384092989804,-44.18302534522,-388.));
#5774 = SURFACE_CURVE('',#5775,(#5780,#5787),.PCURVE_S1.);
#5775 = CIRCLE('',#5776,44.4);
#5776 = AXIS2_PLACEMENT_3D('',#5777,#5778,#5779);
#5777 = CARTESIAN_POINT('',(0.,0.,-388.));
#5778 = DIRECTION('',(0.,0.,1.));
#5779 = DIRECTION('',(1.,0.,-0.));
#5780 = PCURVE('',#5737,#5781);
#5781 = DEFINITIONAL_REPRESENTATION('',(#5782),#5786);
#5782 = CIRCLE('',#5783,44.4);
#5783 = AXIS2_PLACEMENT_2D('',#5784,#5785);
#5784 = CARTESIAN_POINT('',(0.,0.));
#5785 = DIRECTION('',(1.,0.));
#5786 = ( GEOMETRIC_REPRESENTATION_CONTEXT(2) 
PARAMETRIC_REPRESENTATION_CONTEXT() REPRESENTATION_CONTEXT('2D SPACE',''
  ) );
#5787 = PCURVE('',#4019,#5788);
#5788 = DEFINITIONAL_REPRESENTATION('',(#5789),#5793);
#5789 = LINE('',#5790,#5791);
#5790 = CARTESIAN_POINT('',(0.,8.2));
#5791 = VECTOR('',#5792,1.);
#5792 = DIRECTION('',(1.,0.));
#5793 = ( GEOMETRIC_REPRESENTATION_CONTEXT(2) 
PARAMETRIC_REPRESENTATION_CONTEXT() REPRESENTATION_CONTEXT('2D SPACE',''
  ) );
#5794 = ORIENTED_EDGE('',*,*,#5795,.T.);
#5795 = EDGE_CURVE('',#5772,#5796,#5798,.T.);
#5796 = VERTEX_POINT('',#5797);
#5797 = CARTESIAN_POINT('',(4.601322822632,-46.37227434881,-388.));
#5798 = SURFACE_CURVE('',#5799,(#5803,#5809),.PCURVE_S1.);
#5799 = LINE('',#5800,#5801);
#5800 = CARTESIAN_POINT('',(1.481112496555,-14.92669775176,-388.));
#5801 = VECTOR('',#5802,1.);
#5802 = DIRECTION('',(9.874083310369E-02,-0.995113183451,0.));
#5803 = PCURVE('',#5737,#5804);
#5804 = DEFINITIONAL_REPRESENTATION('',(#5805),#5808);
#5805 = B_SPLINE_CURVE_WITH_KNOTS('',1,(#5806,#5807),.UNSPECIFIED.,.F.,
  .F.,(2,2),(-15.,31.828843969681),.PIECEWISE_BEZIER_KNOTS.);
#5806 = CARTESIAN_POINT('',(-4.440892098501E-16,-1.7763568394E-15));
#5807 = CARTESIAN_POINT('',(4.623919066849,-46.6));
#5808 = ( GEOMETRIC_REPRESENTATION_CONTEXT(2) 
PARAMETRIC_REPRESENTATION_CONTEXT() REPRESENTATION_CONTEXT('2D SPACE',''
  ) );
#5809 = PCURVE('',#5034,#5810);
#5810 = DEFINITIONAL_REPRESENTATION('',(#5811),#5814);
#5811 = B_SPLINE_CURVE_WITH_KNOTS('',1,(#5812,#5813),.UNSPECIFIED.,.F.,
  .F.,(2,2),(-15.,31.828843969681),.PIECEWISE_BEZIER_KNOTS.);
#5812 = CARTESIAN_POINT('',(0.75,-30.));
#5813 = CARTESIAN_POINT('',(0.75,16.828843969681));
#5814 = ( GEOMETRIC_REPRESENTATION_CONTEXT(2) 
PARAMETRIC_REPRESENTATION_CONTEXT() REPRESENTATION_CONTEXT('2D SPACE',''
  ) );
#5815 = ORIENTED_EDGE('',*,*,#5816,.T.);
#5816 = EDGE_CURVE('',#5796,#5723,#5817,.T.);
#5817 = SURFACE_CURVE('',#5818,(#5823,#5830),.PCURVE_S1.);
#5818 = CIRCLE('',#5819,46.6);
#5819 = AXIS2_PLACEMENT_3D('',#5820,#5821,#5822);
#5820 = CARTESIAN_POINT('',(0.,0.,-388.));
#5821 = DIRECTION('',(0.,0.,1.));
#5822 = DIRECTION('',(1.,0.,-0.));
#5823 = PCURVE('',#5737,#5824);
#5824 = DEFINITIONAL_REPRESENTATION('',(#5825),#5829);
#5825 = CIRCLE('',#5826,46.6);
#5826 = AXIS2_PLACEMENT_2D('',#5827,#5828);
#5827 = CARTESIAN_POINT('',(0.,0.));
#5828 = DIRECTION('',(1.,0.));
#5829 = ( GEOMETRIC_REPRESENTATION_CONTEXT(2) 
PARAMETRIC_REPRESENTATION_CONTEXT() REPRESENTATION_CONTEXT('2D SPACE',''
  ) );
#5830 = PCURVE('',#5062,#5831);
#5831 = DEFINITIONAL_REPRESENTATION('',(#5832),#5836);
#5832 = LINE('',#5833,#5834);
#5833 = CARTESIAN_POINT('',(0.,0.));
#5834 = VECTOR('',#5835,1.);
#5835 = DIRECTION('',(1.,0.));
#5836 = ( GEOMETRIC_REPRESENTATION_CONTEXT(2) 
PARAMETRIC_REPRESENTATION_CONTEXT() REPRESENTATION_CONTEXT('2D SPACE',''
  ) );
#5837 = ORIENTED_EDGE('',*,*,#5722,.F.);
#5838 = ADVANCED_FACE('',(#5839),#5062,.T.);
#5839 = FACE_BOUND('',#5840,.T.);
#5840 = EDGE_LOOP('',(#5841,#5842,#5861,#5862));
#5841 = ORIENTED_EDGE('',*,*,#5045,.F.);
#5842 = ORIENTED_EDGE('',*,*,#5843,.F.);
#5843 = EDGE_CURVE('',#5796,#5019,#5844,.T.);
#5844 = SURFACE_CURVE('',#5845,(#5849,#5855),.PCURVE_S1.);
#5845 = LINE('',#5846,#5847);
#5846 = CARTESIAN_POINT('',(4.601322822632,-46.37227434881,-388.));
#5847 = VECTOR('',#5848,1.);
#5848 = DIRECTION('',(0.,0.,1.));
#5849 = PCURVE('',#5062,#5850);
#5850 = DEFINITIONAL_REPRESENTATION('',(#5851),#5854);
#5851 = B_SPLINE_CURVE_WITH_KNOTS('',1,(#5852,#5853),.UNSPECIFIED.,.F.,
  .F.,(2,2),(-6.000000212225E-07,1.5000006),.PIECEWISE_BEZIER_KNOTS.);
#5852 = CARTESIAN_POINT('',(4.811290971331,-6.000000212225E-07));
#5853 = CARTESIAN_POINT('',(4.811290971331,1.5000006));
#5854 = ( GEOMETRIC_REPRESENTATION_CONTEXT(2) 
PARAMETRIC_REPRESENTATION_CONTEXT() REPRESENTATION_CONTEXT('2D SPACE',''
  ) );
#5855 = PCURVE('',#5034,#5856);
#5856 = DEFINITIONAL_REPRESENTATION('',(#5857),#5860);
#5857 = B_SPLINE_CURVE_WITH_KNOTS('',1,(#5858,#5859),.UNSPECIFIED.,.F.,
  .F.,(2,2),(-6.000000212225E-07,1.5000006),.PIECEWISE_BEZIER_KNOTS.);
#5858 = CARTESIAN_POINT('',(0.7500006,16.6));
#5859 = CARTESIAN_POINT('',(-0.7500006,16.6));
#5860 = ( GEOMETRIC_REPRESENTATION_CONTEXT(2) 
PARAMETRIC_REPRESENTATION_CONTEXT() REPRESENTATION_CONTEXT('2D SPACE',''
  ) );
#5861 = ORIENTED_EDGE('',*,*,#5816,.T.);
#5862 = ORIENTED_EDGE('',*,*,#5748,.T.);
#5863 = ADVANCED_FACE('',(#5864),#5034,.T.);
#5864 = FACE_BOUND('',#5865,.T.);
#5865 = EDGE_LOOP('',(#5866,#5885,#5886,#5887));
#5866 = ORIENTED_EDGE('',*,*,#5867,.F.);
#5867 = EDGE_CURVE('',#5772,#4995,#5868,.T.);
#5868 = SURFACE_CURVE('',#5869,(#5873,#5879),.PCURVE_S1.);
#5869 = LINE('',#5870,#5871);
#5870 = CARTESIAN_POINT('',(4.384092989804,-44.18302534522,-396.2));
#5871 = VECTOR('',#5872,1.);
#5872 = DIRECTION('',(0.,0.,1.));
#5873 = PCURVE('',#5034,#5874);
#5874 = DEFINITIONAL_REPRESENTATION('',(#5875),#5878);
#5875 = B_SPLINE_CURVE_WITH_KNOTS('',1,(#5876,#5877),.UNSPECIFIED.,.F.,
  .F.,(2,2),(8.05,9.7000006),.PIECEWISE_BEZIER_KNOTS.);
#5876 = CARTESIAN_POINT('',(0.9,14.4));
#5877 = CARTESIAN_POINT('',(-0.7500006,14.4));
#5878 = ( GEOMETRIC_REPRESENTATION_CONTEXT(2) 
PARAMETRIC_REPRESENTATION_CONTEXT() REPRESENTATION_CONTEXT('2D SPACE',''
  ) );
#5879 = PCURVE('',#4019,#5880);
#5880 = DEFINITIONAL_REPRESENTATION('',(#5881),#5884);
#5881 = B_SPLINE_CURVE_WITH_KNOTS('',1,(#5882,#5883),.UNSPECIFIED.,.F.,
  .F.,(2,2),(8.05,9.7000006),.PIECEWISE_BEZIER_KNOTS.);
#5882 = CARTESIAN_POINT('',(4.811290971331,8.05));
#5883 = CARTESIAN_POINT('',(4.811290971331,9.7000006));
#5884 = ( GEOMETRIC_REPRESENTATION_CONTEXT(2) 
PARAMETRIC_REPRESENTATION_CONTEXT() REPRESENTATION_CONTEXT('2D SPACE',''
  ) );
#5885 = ORIENTED_EDGE('',*,*,#5795,.T.);
#5886 = ORIENTED_EDGE('',*,*,#5843,.T.);
#5887 = ORIENTED_EDGE('',*,*,#5018,.F.);
#5888 = ADVANCED_FACE('',(#5889),#4983,.F.);
#5889 = FACE_BOUND('',#5890,.F.);
#5890 = EDGE_LOOP('',(#5891,#5912,#5938,#5957));
#5891 = ORIENTED_EDGE('',*,*,#5892,.F.);
#5892 = EDGE_CURVE('',#5893,#4968,#5895,.T.);
#5893 = VERTEX_POINT('',#5894);
#5894 = CARTESIAN_POINT('',(-4.384092989804,-44.18302534522,-388.));
#5895 = SURFACE_CURVE('',#5896,(#5900,#5906),.PCURVE_S1.);
#5896 = LINE('',#5897,#5898);
#5897 = CARTESIAN_POINT('',(-4.384092989804,-44.18302534522,-396.2));
#5898 = VECTOR('',#5899,1.);
#5899 = DIRECTION('',(0.,0.,1.));
#5900 = PCURVE('',#4983,#5901);
#5901 = DEFINITIONAL_REPRESENTATION('',(#5902),#5905);
#5902 = B_SPLINE_CURVE_WITH_KNOTS('',1,(#5903,#5904),.UNSPECIFIED.,.F.,
  .F.,(2,2),(8.05,9.7000006),.PIECEWISE_BEZIER_KNOTS.);
#5903 = CARTESIAN_POINT('',(0.9,14.4));
#5904 = CARTESIAN_POINT('',(-0.7500006,14.4));
#5905 = ( GEOMETRIC_REPRESENTATION_CONTEXT(2) 
PARAMETRIC_REPRESENTATION_CONTEXT() REPRESENTATION_CONTEXT('2D SPACE',''
  ) );
#5906 = PCURVE('',#4019,#5907);
#5907 = DEFINITIONAL_REPRESENTATION('',(#5908),#5911);
#5908 = B_SPLINE_CURVE_WITH_KNOTS('',1,(#5909,#5910),.UNSPECIFIED.,.F.,
  .F.,(2,2),(8.05,9.7000006),.PIECEWISE_BEZIER_KNOTS.);
#5909 = CARTESIAN_POINT('',(4.613486989438,8.05));
#5910 = CARTESIAN_POINT('',(4.613486989438,9.7000006));
#5911 = ( GEOMETRIC_REPRESENTATION_CONTEXT(2) 
PARAMETRIC_REPRESENTATION_CONTEXT() REPRESENTATION_CONTEXT('2D SPACE',''
  ) );
#5912 = ORIENTED_EDGE('',*,*,#5913,.T.);
#5913 = EDGE_CURVE('',#5893,#5914,#5916,.T.);
#5914 = VERTEX_POINT('',#5915);
#5915 = CARTESIAN_POINT('',(-4.601322822632,-46.37227434881,-388.));
#5916 = SURFACE_CURVE('',#5917,(#5921,#5927),.PCURVE_S1.);
#5917 = LINE('',#5918,#5919);
#5918 = CARTESIAN_POINT('',(-1.481112496555,-14.92669775176,-388.));
#5919 = VECTOR('',#5920,1.);
#5920 = DIRECTION('',(-9.874083310369E-02,-0.995113183451,0.));
#5921 = PCURVE('',#4983,#5922);
#5922 = DEFINITIONAL_REPRESENTATION('',(#5923),#5926);
#5923 = B_SPLINE_CURVE_WITH_KNOTS('',1,(#5924,#5925),.UNSPECIFIED.,.F.,
  .F.,(2,2),(-15.,31.828843969681),.PIECEWISE_BEZIER_KNOTS.);
#5924 = CARTESIAN_POINT('',(0.75,-30.));
#5925 = CARTESIAN_POINT('',(0.75,16.828843969681));
#5926 = ( GEOMETRIC_REPRESENTATION_CONTEXT(2) 
PARAMETRIC_REPRESENTATION_CONTEXT() REPRESENTATION_CONTEXT('2D SPACE',''
  ) );
#5927 = PCURVE('',#5928,#5933);
#5928 = PLANE('',#5929);
#5929 = AXIS2_PLACEMENT_3D('',#5930,#5931,#5932);
#5930 = CARTESIAN_POINT('',(0.,0.,-388.));
#5931 = DIRECTION('',(0.,0.,1.));
#5932 = DIRECTION('',(1.,0.,-0.));
#5933 = DEFINITIONAL_REPRESENTATION('',(#5934),#5937);
#5934 = B_SPLINE_CURVE_WITH_KNOTS('',1,(#5935,#5936),.UNSPECIFIED.,.F.,
  .F.,(2,2),(-15.,31.828843969681),.PIECEWISE_BEZIER_KNOTS.);
#5935 = CARTESIAN_POINT('',(6.661338147751E-16,0.));
#5936 = CARTESIAN_POINT('',(-4.623919066849,-46.6));
#5937 = ( GEOMETRIC_REPRESENTATION_CONTEXT(2) 
PARAMETRIC_REPRESENTATION_CONTEXT() REPRESENTATION_CONTEXT('2D SPACE',''
  ) );
#5938 = ORIENTED_EDGE('',*,*,#5939,.T.);
#5939 = EDGE_CURVE('',#5914,#4939,#5940,.T.);
#5940 = SURFACE_CURVE('',#5941,(#5945,#5951),.PCURVE_S1.);
#5941 = LINE('',#5942,#5943);
#5942 = CARTESIAN_POINT('',(-4.601322822632,-46.37227434881,-388.));
#5943 = VECTOR('',#5944,1.);
#5944 = DIRECTION('',(0.,0.,1.));
#5945 = PCURVE('',#4983,#5946);
#5946 = DEFINITIONAL_REPRESENTATION('',(#5947),#5950);
#5947 = B_SPLINE_CURVE_WITH_KNOTS('',1,(#5948,#5949),.UNSPECIFIED.,.F.,
  .F.,(2,2),(-6.000000212225E-07,1.5000006),.PIECEWISE_BEZIER_KNOTS.);
#5948 = CARTESIAN_POINT('',(0.7500006,16.6));
#5949 = CARTESIAN_POINT('',(-0.7500006,16.6));
#5950 = ( GEOMETRIC_REPRESENTATION_CONTEXT(2) 
PARAMETRIC_REPRESENTATION_CONTEXT() REPRESENTATION_CONTEXT('2D SPACE',''
  ) );
#5951 = PCURVE('',#4955,#5952);
#5952 = DEFINITIONAL_REPRESENTATION('',(#5953),#5956);
#5953 = B_SPLINE_CURVE_WITH_KNOTS('',1,(#5954,#5955),.UNSPECIFIED.,.F.,
  .F.,(2,2),(-6.000000212225E-07,1.5000006),.PIECEWISE_BEZIER_KNOTS.);
#5954 = CARTESIAN_POINT('',(4.613486989438,-6.000000212225E-07));
#5955 = CARTESIAN_POINT('',(4.613486989438,1.5000006));
#5956 = ( GEOMETRIC_REPRESENTATION_CONTEXT(2) 
PARAMETRIC_REPRESENTATION_CONTEXT() REPRESENTATION_CONTEXT('2D SPACE',''
  ) );
#5957 = ORIENTED_EDGE('',*,*,#4967,.F.);
#5958 = ADVANCED_FACE('',(#5959),#5928,.F.);
#5959 = FACE_BOUND('',#5960,.F.);
#5960 = EDGE_LOOP('',(#5961,#5985,#6006,#6028));
#5961 = ORIENTED_EDGE('',*,*,#5962,.F.);
#5962 = EDGE_CURVE('',#5963,#5893,#5965,.T.);
#5963 = VERTEX_POINT('',#5964);
#5964 = CARTESIAN_POINT('',(-18.29477677088,-40.45566885991,-388.));
#5965 = SURFACE_CURVE('',#5966,(#5971,#5978),.PCURVE_S1.);
#5966 = CIRCLE('',#5967,44.4);
#5967 = AXIS2_PLACEMENT_3D('',#5968,#5969,#5970);
#5968 = CARTESIAN_POINT('',(0.,0.,-388.));
#5969 = DIRECTION('',(0.,0.,1.));
#5970 = DIRECTION('',(1.,0.,-0.));
#5971 = PCURVE('',#5928,#5972);
#5972 = DEFINITIONAL_REPRESENTATION('',(#5973),#5977);
#5973 = CIRCLE('',#5974,44.4);
#5974 = AXIS2_PLACEMENT_2D('',#5975,#5976);
#5975 = CARTESIAN_POINT('',(0.,0.));
#5976 = DIRECTION('',(1.,0.));
#5977 = ( GEOMETRIC_REPRESENTATION_CONTEXT(2) 
PARAMETRIC_REPRESENTATION_CONTEXT() REPRESENTATION_CONTEXT('2D SPACE',''
  ) );
#5978 = PCURVE('',#4019,#5979);
#5979 = DEFINITIONAL_REPRESENTATION('',(#5980),#5984);
#5980 = LINE('',#5981,#5982);
#5981 = CARTESIAN_POINT('',(0.,8.2));
#5982 = VECTOR('',#5983,1.);
#5983 = DIRECTION('',(1.,0.));
#5984 = ( GEOMETRIC_REPRESENTATION_CONTEXT(2) 
PARAMETRIC_REPRESENTATION_CONTEXT() REPRESENTATION_CONTEXT('2D SPACE',''
  ) );
#5985 = ORIENTED_EDGE('',*,*,#5986,.T.);
#5986 = EDGE_CURVE('',#5963,#5987,#5989,.T.);
#5987 = VERTEX_POINT('',#5988);
#5988 = CARTESIAN_POINT('',(-19.20127471899,-42.46022902865,-388.));
#5989 = SURFACE_CURVE('',#5990,(#5994,#6000),.PCURVE_S1.);
#5990 = LINE('',#5991,#5992);
#5991 = CARTESIAN_POINT('',(-6.180667828003,-13.66745569591,-388.));
#5992 = VECTOR('',#5993,1.);
#5993 = DIRECTION('',(-0.412044521867,-0.911163713061,0.));
#5994 = PCURVE('',#5928,#5995);
#5995 = DEFINITIONAL_REPRESENTATION('',(#5996),#5999);
#5996 = B_SPLINE_CURVE_WITH_KNOTS('',1,(#5997,#5998),.UNSPECIFIED.,.F.,
  .F.,(2,2),(-15.,36.143388758798),.PIECEWISE_BEZIER_KNOTS.);
#5997 = CARTESIAN_POINT('',(8.881784197001E-16,-1.7763568394E-15));
#5998 = CARTESIAN_POINT('',(-21.07335316777,-46.6));
#5999 = ( GEOMETRIC_REPRESENTATION_CONTEXT(2) 
PARAMETRIC_REPRESENTATION_CONTEXT() REPRESENTATION_CONTEXT('2D SPACE',''
  ) );
#6000 = PCURVE('',#4927,#6001);
#6001 = DEFINITIONAL_REPRESENTATION('',(#6002),#6005);
#6002 = B_SPLINE_CURVE_WITH_KNOTS('',1,(#6003,#6004),.UNSPECIFIED.,.F.,
  .F.,(2,2),(-15.,36.143388758798),.PIECEWISE_BEZIER_KNOTS.);
#6003 = CARTESIAN_POINT('',(0.75,-30.));
#6004 = CARTESIAN_POINT('',(0.75,21.143388758798));
#6005 = ( GEOMETRIC_REPRESENTATION_CONTEXT(2) 
PARAMETRIC_REPRESENTATION_CONTEXT() REPRESENTATION_CONTEXT('2D SPACE',''
  ) );
#6006 = ORIENTED_EDGE('',*,*,#6007,.T.);
#6007 = EDGE_CURVE('',#5987,#5914,#6008,.T.);
#6008 = SURFACE_CURVE('',#6009,(#6014,#6021),.PCURVE_S1.);
#6009 = CIRCLE('',#6010,46.6);
#6010 = AXIS2_PLACEMENT_3D('',#6011,#6012,#6013);
#6011 = CARTESIAN_POINT('',(0.,0.,-388.));
#6012 = DIRECTION('',(0.,0.,1.));
#6013 = DIRECTION('',(1.,0.,-0.));
#6014 = PCURVE('',#5928,#6015);
#6015 = DEFINITIONAL_REPRESENTATION('',(#6016),#6020);
#6016 = CIRCLE('',#6017,46.6);
#6017 = AXIS2_PLACEMENT_2D('',#6018,#6019);
#6018 = CARTESIAN_POINT('',(0.,0.));
#6019 = DIRECTION('',(1.,0.));
#6020 = ( GEOMETRIC_REPRESENTATION_CONTEXT(2) 
PARAMETRIC_REPRESENTATION_CONTEXT() REPRESENTATION_CONTEXT('2D SPACE',''
  ) );
#6021 = PCURVE('',#4955,#6022);
#6022 = DEFINITIONAL_REPRESENTATION('',(#6023),#6027);
#6023 = LINE('',#6024,#6025);
#6024 = CARTESIAN_POINT('',(0.,0.));
#6025 = VECTOR('',#6026,1.);
#6026 = DIRECTION('',(1.,0.));
#6027 = ( GEOMETRIC_REPRESENTATION_CONTEXT(2) 
PARAMETRIC_REPRESENTATION_CONTEXT() REPRESENTATION_CONTEXT('2D SPACE',''
  ) );
#6028 = ORIENTED_EDGE('',*,*,#5913,.F.);
#6029 = ADVANCED_FACE('',(#6030),#4955,.T.);
#6030 = FACE_BOUND('',#6031,.T.);
#6031 = EDGE_LOOP('',(#6032,#6033,#6052,#6053));
#6032 = ORIENTED_EDGE('',*,*,#4938,.F.);
#6033 = ORIENTED_EDGE('',*,*,#6034,.F.);
#6034 = EDGE_CURVE('',#5987,#4912,#6035,.T.);
#6035 = SURFACE_CURVE('',#6036,(#6040,#6046),.PCURVE_S1.);
#6036 = LINE('',#6037,#6038);
#6037 = CARTESIAN_POINT('',(-19.20127471899,-42.46022902865,-388.));
#6038 = VECTOR('',#6039,1.);
#6039 = DIRECTION('',(0.,0.,1.));
#6040 = PCURVE('',#4955,#6041);
#6041 = DEFINITIONAL_REPRESENTATION('',(#6042),#6045);
#6042 = B_SPLINE_CURVE_WITH_KNOTS('',1,(#6043,#6044),.UNSPECIFIED.,.F.,
  .F.,(2,2),(-6.000000212225E-07,1.5000006),.PIECEWISE_BEZIER_KNOTS.);
#6043 = CARTESIAN_POINT('',(4.287692195733,-6.000000212225E-07));
#6044 = CARTESIAN_POINT('',(4.287692195733,1.5000006));
#6045 = ( GEOMETRIC_REPRESENTATION_CONTEXT(2) 
PARAMETRIC_REPRESENTATION_CONTEXT() REPRESENTATION_CONTEXT('2D SPACE',''
  ) );
#6046 = PCURVE('',#4927,#6047);
#6047 = DEFINITIONAL_REPRESENTATION('',(#6048),#6051);
#6048 = B_SPLINE_CURVE_WITH_KNOTS('',1,(#6049,#6050),.UNSPECIFIED.,.F.,
  .F.,(2,2),(-6.000000212225E-07,1.5000006),.PIECEWISE_BEZIER_KNOTS.);
#6049 = CARTESIAN_POINT('',(0.7500006,16.6));
#6050 = CARTESIAN_POINT('',(-0.7500006,16.6));
#6051 = ( GEOMETRIC_REPRESENTATION_CONTEXT(2) 
PARAMETRIC_REPRESENTATION_CONTEXT() REPRESENTATION_CONTEXT('2D SPACE',''
  ) );
#6052 = ORIENTED_EDGE('',*,*,#6007,.T.);
#6053 = ORIENTED_EDGE('',*,*,#5939,.T.);
#6054 = ADVANCED_FACE('',(#6055),#4927,.T.);
#6055 = FACE_BOUND('',#6056,.T.);
#6056 = EDGE_LOOP('',(#6057,#6076,#6077,#6078));
#6057 = ORIENTED_EDGE('',*,*,#6058,.F.);
#6058 = EDGE_CURVE('',#5963,#4888,#6059,.T.);
#6059 = SURFACE_CURVE('',#6060,(#6064,#6070),.PCURVE_S1.);
#6060 = LINE('',#6061,#6062);
#6061 = CARTESIAN_POINT('',(-18.29477677088,-40.45566885991,-396.2));
#6062 = VECTOR('',#6063,1.);
#6063 = DIRECTION('',(0.,0.,1.));
#6064 = PCURVE('',#4927,#6065);
#6065 = DEFINITIONAL_REPRESENTATION('',(#6066),#6069);
#6066 = B_SPLINE_CURVE_WITH_KNOTS('',1,(#6067,#6068),.UNSPECIFIED.,.F.,
  .F.,(2,2),(8.05,9.7000006),.PIECEWISE_BEZIER_KNOTS.);
#6067 = CARTESIAN_POINT('',(0.9,14.4));
#6068 = CARTESIAN_POINT('',(-0.7500006,14.4));
#6069 = ( GEOMETRIC_REPRESENTATION_CONTEXT(2) 
PARAMETRIC_REPRESENTATION_CONTEXT() REPRESENTATION_CONTEXT('2D SPACE',''
  ) );
#6070 = PCURVE('',#4019,#6071);
#6071 = DEFINITIONAL_REPRESENTATION('',(#6072),#6075);
#6072 = B_SPLINE_CURVE_WITH_KNOTS('',1,(#6073,#6074),.UNSPECIFIED.,.F.,
  .F.,(2,2),(8.05,9.7000006),.PIECEWISE_BEZIER_KNOTS.);
#6073 = CARTESIAN_POINT('',(4.287692195733,8.05));
#6074 = CARTESIAN_POINT('',(4.287692195733,9.7000006));
#6075 = ( GEOMETRIC_REPRESENTATION_CONTEXT(2) 
PARAMETRIC_REPRESENTATION_CONTEXT() REPRESENTATION_CONTEXT('2D SPACE',''
  ) );
#6076 = ORIENTED_EDGE('',*,*,#5986,.T.);
#6077 = ORIENTED_EDGE('',*,*,#6034,.T.);
#6078 = ORIENTED_EDGE('',*,*,#4911,.F.);
#6079 = ADVANCED_FACE('',(#6080),#4876,.F.);
#6080 = FACE_BOUND('',#6081,.F.);
#6081 = EDGE_LOOP('',(#6082,#6103,#6129,#6148));
#6082 = ORIENTED_EDGE('',*,*,#6083,.F.);
#6083 = EDGE_CURVE('',#6084,#4861,#6086,.T.);
#6084 = VERTEX_POINT('',#6085);
#6085 = CARTESIAN_POINT('',(-25.88824857433,-36.07157587011,-388.));
#6086 = SURFACE_CURVE('',#6087,(#6091,#6097),.PCURVE_S1.);
#6087 = LINE('',#6088,#6089);
#6088 = CARTESIAN_POINT('',(-25.88824857433,-36.07157587011,-396.2));
#6089 = VECTOR('',#6090,1.);
#6090 = DIRECTION('',(0.,0.,1.));
#6091 = PCURVE('',#4876,#6092);
#6092 = DEFINITIONAL_REPRESENTATION('',(#6093),#6096);
#6093 = B_SPLINE_CURVE_WITH_KNOTS('',1,(#6094,#6095),.UNSPECIFIED.,.F.,
  .F.,(2,2),(8.05,9.7000006),.PIECEWISE_BEZIER_KNOTS.);
#6094 = CARTESIAN_POINT('',(0.9,14.4));
#6095 = CARTESIAN_POINT('',(-0.7500006,14.4));
#6096 = ( GEOMETRIC_REPRESENTATION_CONTEXT(2) 
PARAMETRIC_REPRESENTATION_CONTEXT() REPRESENTATION_CONTEXT('2D SPACE',''
  ) );
#6097 = PCURVE('',#4019,#6098);
#6098 = DEFINITIONAL_REPRESENTATION('',(#6099),#6102);
#6099 = B_SPLINE_CURVE_WITH_KNOTS('',1,(#6100,#6101),.UNSPECIFIED.,.F.,
  .F.,(2,2),(8.05,9.7000006),.PIECEWISE_BEZIER_KNOTS.);
#6100 = CARTESIAN_POINT('',(4.08988821384,8.05));
#6101 = CARTESIAN_POINT('',(4.08988821384,9.7000006));
#6102 = ( GEOMETRIC_REPRESENTATION_CONTEXT(2) 
PARAMETRIC_REPRESENTATION_CONTEXT() REPRESENTATION_CONTEXT('2D SPACE',''
  ) );
#6103 = ORIENTED_EDGE('',*,*,#6104,.T.);
#6104 = EDGE_CURVE('',#6084,#6105,#6107,.T.);
#6105 = VERTEX_POINT('',#6106);
#6106 = CARTESIAN_POINT('',(-27.17099962982,-37.85890620602,-388.));
#6107 = SURFACE_CURVE('',#6108,(#6112,#6118),.PCURVE_S1.);
#6108 = LINE('',#6109,#6110);
#6109 = CARTESIAN_POINT('',(-8.746029923762,-12.18634319936,-388.));
#6110 = VECTOR('',#6111,1.);
#6111 = DIRECTION('',(-0.583068661584,-0.812422879958,0.));
#6112 = PCURVE('',#4876,#6113);
#6113 = DEFINITIONAL_REPRESENTATION('',(#6114),#6117);
#6114 = B_SPLINE_CURVE_WITH_KNOTS('',1,(#6115,#6116),.UNSPECIFIED.,.F.,
  .F.,(2,2),(-15.,42.359290524211),.PIECEWISE_BEZIER_KNOTS.);
#6115 = CARTESIAN_POINT('',(0.75,-30.));
#6116 = CARTESIAN_POINT('',(0.75,27.359290524211));
#6117 = ( GEOMETRIC_REPRESENTATION_CONTEXT(2) 
PARAMETRIC_REPRESENTATION_CONTEXT() REPRESENTATION_CONTEXT('2D SPACE',''
  ) );
#6118 = PCURVE('',#6119,#6124);
#6119 = PLANE('',#6120);
#6120 = AXIS2_PLACEMENT_3D('',#6121,#6122,#6123);
#6121 = CARTESIAN_POINT('',(0.,0.,-388.));
#6122 = DIRECTION('',(0.,0.,1.));
#6123 = DIRECTION('',(1.,0.,-0.));
#6124 = DEFINITIONAL_REPRESENTATION('',(#6125),#6128);
#6125 = B_SPLINE_CURVE_WITH_KNOTS('',1,(#6126,#6127),.UNSPECIFIED.,.F.,
  .F.,(2,2),(-15.,42.359290524211),.PIECEWISE_BEZIER_KNOTS.);
#6126 = CARTESIAN_POINT('',(1.7763568394E-15,-3.552713678801E-15));
#6127 = CARTESIAN_POINT('',(-33.44440475536,-46.6));
#6128 = ( GEOMETRIC_REPRESENTATION_CONTEXT(2) 
PARAMETRIC_REPRESENTATION_CONTEXT() REPRESENTATION_CONTEXT('2D SPACE',''
  ) );
#6129 = ORIENTED_EDGE('',*,*,#6130,.T.);
#6130 = EDGE_CURVE('',#6105,#4832,#6131,.T.);
#6131 = SURFACE_CURVE('',#6132,(#6136,#6142),.PCURVE_S1.);
#6132 = LINE('',#6133,#6134);
#6133 = CARTESIAN_POINT('',(-27.17099962982,-37.85890620602,-388.));
#6134 = VECTOR('',#6135,1.);
#6135 = DIRECTION('',(0.,0.,1.));
#6136 = PCURVE('',#4876,#6137);
#6137 = DEFINITIONAL_REPRESENTATION('',(#6138),#6141);
#6138 = B_SPLINE_CURVE_WITH_KNOTS('',1,(#6139,#6140),.UNSPECIFIED.,.F.,
  .F.,(2,2),(-6.000000212225E-07,1.5000006),.PIECEWISE_BEZIER_KNOTS.);
#6139 = CARTESIAN_POINT('',(0.7500006,16.6));
#6140 = CARTESIAN_POINT('',(-0.7500006,16.6));
#6141 = ( GEOMETRIC_REPRESENTATION_CONTEXT(2) 
PARAMETRIC_REPRESENTATION_CONTEXT() REPRESENTATION_CONTEXT('2D SPACE',''
  ) );
#6142 = PCURVE('',#4848,#6143);
#6143 = DEFINITIONAL_REPRESENTATION('',(#6144),#6147);
#6144 = B_SPLINE_CURVE_WITH_KNOTS('',1,(#6145,#6146),.UNSPECIFIED.,.F.,
  .F.,(2,2),(-6.000000212225E-07,1.5000006),.PIECEWISE_BEZIER_KNOTS.);
#6145 = CARTESIAN_POINT('',(4.08988821384,-6.000000212225E-07));
#6146 = CARTESIAN_POINT('',(4.08988821384,1.5000006));
#6147 = ( GEOMETRIC_REPRESENTATION_CONTEXT(2) 
PARAMETRIC_REPRESENTATION_CONTEXT() REPRESENTATION_CONTEXT('2D SPACE',''
  ) );
#6148 = ORIENTED_EDGE('',*,*,#4860,.F.);
#6149 = ADVANCED_FACE('',(#6150),#6119,.F.);
#6150 = FACE_BOUND('',#6151,.F.);
#6151 = EDGE_LOOP('',(#6152,#6176,#6197,#6219));
#6152 = ORIENTED_EDGE('',*,*,#6153,.F.);
#6153 = EDGE_CURVE('',#6154,#6084,#6156,.T.);
#6154 = VERTEX_POINT('',#6155);
#6155 = CARTESIAN_POINT('',(-36.07157587011,-25.88824857433,-388.));
#6156 = SURFACE_CURVE('',#6157,(#6162,#6169),.PCURVE_S1.);
#6157 = CIRCLE('',#6158,44.4);
#6158 = AXIS2_PLACEMENT_3D('',#6159,#6160,#6161);
#6159 = CARTESIAN_POINT('',(0.,0.,-388.));
#6160 = DIRECTION('',(0.,0.,1.));
#6161 = DIRECTION('',(1.,0.,-0.));
#6162 = PCURVE('',#6119,#6163);
#6163 = DEFINITIONAL_REPRESENTATION('',(#6164),#6168);
#6164 = CIRCLE('',#6165,44.4);
#6165 = AXIS2_PLACEMENT_2D('',#6166,#6167);
#6166 = CARTESIAN_POINT('',(0.,0.));
#6167 = DIRECTION('',(1.,0.));
#6168 = ( GEOMETRIC_REPRESENTATION_CONTEXT(2) 
PARAMETRIC_REPRESENTATION_CONTEXT() REPRESENTATION_CONTEXT('2D SPACE',''
  ) );
#6169 = PCURVE('',#4019,#6170);
#6170 = DEFINITIONAL_REPRESENTATION('',(#6171),#6175);
#6171 = LINE('',#6172,#6173);
#6172 = CARTESIAN_POINT('',(0.,8.2));
#6173 = VECTOR('',#6174,1.);
#6174 = DIRECTION('',(1.,0.));
#6175 = ( GEOMETRIC_REPRESENTATION_CONTEXT(2) 
PARAMETRIC_REPRESENTATION_CONTEXT() REPRESENTATION_CONTEXT('2D SPACE',''
  ) );
#6176 = ORIENTED_EDGE('',*,*,#6177,.T.);
#6177 = EDGE_CURVE('',#6154,#6178,#6180,.T.);
#6178 = VERTEX_POINT('',#6179);
#6179 = CARTESIAN_POINT('',(-37.85890620602,-27.17099962982,-388.));
#6180 = SURFACE_CURVE('',#6181,(#6185,#6191),.PCURVE_S1.);
#6181 = LINE('',#6182,#6183);
#6182 = CARTESIAN_POINT('',(-12.18634319936,-8.746029923762,-388.));
#6183 = VECTOR('',#6184,1.);
#6184 = DIRECTION('',(-0.812422879958,-0.583068661584,0.));
#6185 = PCURVE('',#6119,#6186);
#6186 = DEFINITIONAL_REPRESENTATION('',(#6187),#6190);
#6187 = B_SPLINE_CURVE_WITH_KNOTS('',1,(#6188,#6189),.UNSPECIFIED.,.F.,
  .F.,(2,2),(-15.,42.359290524211),.PIECEWISE_BEZIER_KNOTS.);
#6188 = CARTESIAN_POINT('',(0.,1.7763568394E-15));
#6189 = CARTESIAN_POINT('',(-46.6,-33.44440475536));
#6190 = ( GEOMETRIC_REPRESENTATION_CONTEXT(2) 
PARAMETRIC_REPRESENTATION_CONTEXT() REPRESENTATION_CONTEXT('2D SPACE',''
  ) );
#6191 = PCURVE('',#4820,#6192);
#6192 = DEFINITIONAL_REPRESENTATION('',(#6193),#6196);
#6193 = B_SPLINE_CURVE_WITH_KNOTS('',1,(#6194,#6195),.UNSPECIFIED.,.F.,
  .F.,(2,2),(-15.,42.359290524211),.PIECEWISE_BEZIER_KNOTS.);
#6194 = CARTESIAN_POINT('',(0.75,-30.));
#6195 = CARTESIAN_POINT('',(0.75,27.359290524211));
#6196 = ( GEOMETRIC_REPRESENTATION_CONTEXT(2) 
PARAMETRIC_REPRESENTATION_CONTEXT() REPRESENTATION_CONTEXT('2D SPACE',''
  ) );
#6197 = ORIENTED_EDGE('',*,*,#6198,.T.);
#6198 = EDGE_CURVE('',#6178,#6105,#6199,.T.);
#6199 = SURFACE_CURVE('',#6200,(#6205,#6212),.PCURVE_S1.);
#6200 = CIRCLE('',#6201,46.6);
#6201 = AXIS2_PLACEMENT_3D('',#6202,#6203,#6204);
#6202 = CARTESIAN_POINT('',(0.,0.,-388.));
#6203 = DIRECTION('',(0.,0.,1.));
#6204 = DIRECTION('',(1.,0.,-0.));
#6205 = PCURVE('',#6119,#6206);
#6206 = DEFINITIONAL_REPRESENTATION('',(#6207),#6211);
#6207 = CIRCLE('',#6208,46.6);
#6208 = AXIS2_PLACEMENT_2D('',#6209,#6210);
#6209 = CARTESIAN_POINT('',(0.,0.));
#6210 = DIRECTION('',(1.,0.));
#6211 = ( GEOMETRIC_REPRESENTATION_CONTEXT(2) 
PARAMETRIC_REPRESENTATION_CONTEXT() REPRESENTATION_CONTEXT('2D SPACE',''
  ) );
#6212 = PCURVE('',#4848,#6213);
#6213 = DEFINITIONAL_REPRESENTATION('',(#6214),#6218);
#6214 = LINE('',#6215,#6216);
#6215 = CARTESIAN_POINT('',(0.,0.));
#6216 = VECTOR('',#6217,1.);
#6217 = DIRECTION('',(1.,0.));
#6218 = ( GEOMETRIC_REPRESENTATION_CONTEXT(2) 
PARAMETRIC_REPRESENTATION_CONTEXT() REPRESENTATION_CONTEXT('2D SPACE',''
  ) );
#6219 = ORIENTED_EDGE('',*,*,#6104,.F.);
#6220 = ADVANCED_FACE('',(#6221),#4848,.T.);
#6221 = FACE_BOUND('',#6222,.T.);
#6222 = EDGE_LOOP('',(#6223,#6224,#6243,#6244));
#6223 = ORIENTED_EDGE('',*,*,#4831,.F.);
#6224 = ORIENTED_EDGE('',*,*,#6225,.F.);
#6225 = EDGE_CURVE('',#6178,#4805,#6226,.T.);
#6226 = SURFACE_CURVE('',#6227,(#6231,#6237),.PCURVE_S1.);
#6227 = LINE('',#6228,#6229);
#6228 = CARTESIAN_POINT('',(-37.85890620602,-27.17099962982,-388.));
#6229 = VECTOR('',#6230,1.);
#6230 = DIRECTION('',(0.,0.,1.));
#6231 = PCURVE('',#4848,#6232);
#6232 = DEFINITIONAL_REPRESENTATION('',(#6233),#6236);
#6233 = B_SPLINE_CURVE_WITH_KNOTS('',1,(#6234,#6235),.UNSPECIFIED.,.F.,
  .F.,(2,2),(-6.000000212225E-07,1.5000006),.PIECEWISE_BEZIER_KNOTS.);
#6234 = CARTESIAN_POINT('',(3.764093420134,-6.000000212225E-07));
#6235 = CARTESIAN_POINT('',(3.764093420134,1.5000006));
#6236 = ( GEOMETRIC_REPRESENTATION_CONTEXT(2) 
PARAMETRIC_REPRESENTATION_CONTEXT() REPRESENTATION_CONTEXT('2D SPACE',''
  ) );
#6237 = PCURVE('',#4820,#6238);
#6238 = DEFINITIONAL_REPRESENTATION('',(#6239),#6242);
#6239 = B_SPLINE_CURVE_WITH_KNOTS('',1,(#6240,#6241),.UNSPECIFIED.,.F.,
  .F.,(2,2),(-6.000000212225E-07,1.5000006),.PIECEWISE_BEZIER_KNOTS.);
#6240 = CARTESIAN_POINT('',(0.7500006,16.6));
#6241 = CARTESIAN_POINT('',(-0.7500006,16.6));
#6242 = ( GEOMETRIC_REPRESENTATION_CONTEXT(2) 
PARAMETRIC_REPRESENTATION_CONTEXT() REPRESENTATION_CONTEXT('2D SPACE',''
  ) );
#6243 = ORIENTED_EDGE('',*,*,#6198,.T.);
#6244 = ORIENTED_EDGE('',*,*,#6130,.T.);
#6245 = ADVANCED_FACE('',(#6246),#4820,.T.);
#6246 = FACE_BOUND('',#6247,.T.);
#6247 = EDGE_LOOP('',(#6248,#6267,#6268,#6269));
#6248 = ORIENTED_EDGE('',*,*,#6249,.F.);
#6249 = EDGE_CURVE('',#6154,#4781,#6250,.T.);
#6250 = SURFACE_CURVE('',#6251,(#6255,#6261),.PCURVE_S1.);
#6251 = LINE('',#6252,#6253);
#6252 = CARTESIAN_POINT('',(-36.07157587011,-25.88824857433,-396.2));
#6253 = VECTOR('',#6254,1.);
#6254 = DIRECTION('',(0.,0.,1.));
#6255 = PCURVE('',#4820,#6256);
#6256 = DEFINITIONAL_REPRESENTATION('',(#6257),#6260);
#6257 = B_SPLINE_CURVE_WITH_KNOTS('',1,(#6258,#6259),.UNSPECIFIED.,.F.,
  .F.,(2,2),(8.05,9.7000006),.PIECEWISE_BEZIER_KNOTS.);
#6258 = CARTESIAN_POINT('',(0.9,14.4));
#6259 = CARTESIAN_POINT('',(-0.7500006,14.4));
#6260 = ( GEOMETRIC_REPRESENTATION_CONTEXT(2) 
PARAMETRIC_REPRESENTATION_CONTEXT() REPRESENTATION_CONTEXT('2D SPACE',''
  ) );
#6261 = PCURVE('',#4019,#6262);
#6262 = DEFINITIONAL_REPRESENTATION('',(#6263),#6266);
#6263 = B_SPLINE_CURVE_WITH_KNOTS('',1,(#6264,#6265),.UNSPECIFIED.,.F.,
  .F.,(2,2),(8.05,9.7000006),.PIECEWISE_BEZIER_KNOTS.);
#6264 = CARTESIAN_POINT('',(3.764093420134,8.05));
#6265 = CARTESIAN_POINT('',(3.764093420134,9.7000006));
#6266 = ( GEOMETRIC_REPRESENTATION_CONTEXT(2) 
PARAMETRIC_REPRESENTATION_CONTEXT() REPRESENTATION_CONTEXT('2D SPACE',''
  ) );
#6267 = ORIENTED_EDGE('',*,*,#6177,.T.);
#6268 = ORIENTED_EDGE('',*,*,#6225,.T.);
#6269 = ORIENTED_EDGE('',*,*,#4804,.F.);
#6270 = ADVANCED_FACE('',(#6271),#4769,.F.);
#6271 = FACE_BOUND('',#6272,.F.);
#6272 = EDGE_LOOP('',(#6273,#6294,#6320,#6339));
#6273 = ORIENTED_EDGE('',*,*,#6274,.F.);
#6274 = EDGE_CURVE('',#6275,#4754,#6277,.T.);
#6275 = VERTEX_POINT('',#6276);
#6276 = CARTESIAN_POINT('',(-40.45566885991,-18.29477677088,-388.));
#6277 = SURFACE_CURVE('',#6278,(#6282,#6288),.PCURVE_S1.);
#6278 = LINE('',#6279,#6280);
#6279 = CARTESIAN_POINT('',(-40.45566885991,-18.29477677088,-396.2));
#6280 = VECTOR('',#6281,1.);
#6281 = DIRECTION('',(0.,0.,1.));
#6282 = PCURVE('',#4769,#6283);
#6283 = DEFINITIONAL_REPRESENTATION('',(#6284),#6287);
#6284 = B_SPLINE_CURVE_WITH_KNOTS('',1,(#6285,#6286),.UNSPECIFIED.,.F.,
  .F.,(2,2),(8.05,9.7000006),.PIECEWISE_BEZIER_KNOTS.);
#6285 = CARTESIAN_POINT('',(0.9,14.4));
#6286 = CARTESIAN_POINT('',(-0.7500006,14.4));
#6287 = ( GEOMETRIC_REPRESENTATION_CONTEXT(2) 
PARAMETRIC_REPRESENTATION_CONTEXT() REPRESENTATION_CONTEXT('2D SPACE',''
  ) );
#6288 = PCURVE('',#4019,#6289);
#6289 = DEFINITIONAL_REPRESENTATION('',(#6290),#6293);
#6290 = B_SPLINE_CURVE_WITH_KNOTS('',1,(#6291,#6292),.UNSPECIFIED.,.F.,
  .F.,(2,2),(8.05,9.7000006),.PIECEWISE_BEZIER_KNOTS.);
#6291 = CARTESIAN_POINT('',(3.566289438242,8.05));
#6292 = CARTESIAN_POINT('',(3.566289438242,9.7000006));
#6293 = ( GEOMETRIC_REPRESENTATION_CONTEXT(2) 
PARAMETRIC_REPRESENTATION_CONTEXT() REPRESENTATION_CONTEXT('2D SPACE',''
  ) );
#6294 = ORIENTED_EDGE('',*,*,#6295,.T.);
#6295 = EDGE_CURVE('',#6275,#6296,#6298,.T.);
#6296 = VERTEX_POINT('',#6297);
#6297 = CARTESIAN_POINT('',(-42.46022902865,-19.20127471899,-388.));
#6298 = SURFACE_CURVE('',#6299,(#6303,#6309),.PCURVE_S1.);
#6299 = LINE('',#6300,#6301);
#6300 = CARTESIAN_POINT('',(-13.66745569591,-6.180667828003,-388.));
#6301 = VECTOR('',#6302,1.);
#6302 = DIRECTION('',(-0.911163713061,-0.412044521867,0.));
#6303 = PCURVE('',#4769,#6304);
#6304 = DEFINITIONAL_REPRESENTATION('',(#6305),#6308);
#6305 = B_SPLINE_CURVE_WITH_KNOTS('',1,(#6306,#6307),.UNSPECIFIED.,.F.,
  .F.,(2,2),(-15.,36.143388758798),.PIECEWISE_BEZIER_KNOTS.);
#6306 = CARTESIAN_POINT('',(0.75,-30.));
#6307 = CARTESIAN_POINT('',(0.75,21.143388758798));
#6308 = ( GEOMETRIC_REPRESENTATION_CONTEXT(2) 
PARAMETRIC_REPRESENTATION_CONTEXT() REPRESENTATION_CONTEXT('2D SPACE',''
  ) );
#6309 = PCURVE('',#6310,#6315);
#6310 = PLANE('',#6311);
#6311 = AXIS2_PLACEMENT_3D('',#6312,#6313,#6314);
#6312 = CARTESIAN_POINT('',(0.,0.,-388.));
#6313 = DIRECTION('',(0.,0.,1.));
#6314 = DIRECTION('',(1.,0.,-0.));
#6315 = DEFINITIONAL_REPRESENTATION('',(#6316),#6319);
#6316 = B_SPLINE_CURVE_WITH_KNOTS('',1,(#6317,#6318),.UNSPECIFIED.,.F.,
  .F.,(2,2),(-15.,36.143388758798),.PIECEWISE_BEZIER_KNOTS.);
#6317 = CARTESIAN_POINT('',(0.,8.881784197001E-16));
#6318 = CARTESIAN_POINT('',(-46.6,-21.07335316777));
#6319 = ( GEOMETRIC_REPRESENTATION_CONTEXT(2) 
PARAMETRIC_REPRESENTATION_CONTEXT() REPRESENTATION_CONTEXT('2D SPACE',''
  ) );
#6320 = ORIENTED_EDGE('',*,*,#6321,.T.);
#6321 = EDGE_CURVE('',#6296,#4725,#6322,.T.);
#6322 = SURFACE_CURVE('',#6323,(#6327,#6333),.PCURVE_S1.);
#6323 = LINE('',#6324,#6325);
#6324 = CARTESIAN_POINT('',(-42.46022902865,-19.20127471899,-388.));
#6325 = VECTOR('',#6326,1.);
#6326 = DIRECTION('',(0.,0.,1.));
#6327 = PCURVE('',#4769,#6328);
#6328 = DEFINITIONAL_REPRESENTATION('',(#6329),#6332);
#6329 = B_SPLINE_CURVE_WITH_KNOTS('',1,(#6330,#6331),.UNSPECIFIED.,.F.,
  .F.,(2,2),(-6.000000212225E-07,1.5000006),.PIECEWISE_BEZIER_KNOTS.);
#6330 = CARTESIAN_POINT('',(0.7500006,16.6));
#6331 = CARTESIAN_POINT('',(-0.7500006,16.6));
#6332 = ( GEOMETRIC_REPRESENTATION_CONTEXT(2) 
PARAMETRIC_REPRESENTATION_CONTEXT() REPRESENTATION_CONTEXT('2D SPACE',''
  ) );
#6333 = PCURVE('',#4741,#6334);
#6334 = DEFINITIONAL_REPRESENTATION('',(#6335),#6338);
#6335 = B_SPLINE_CURVE_WITH_KNOTS('',1,(#6336,#6337),.UNSPECIFIED.,.F.,
  .F.,(2,2),(-6.000000212225E-07,1.5000006),.PIECEWISE_BEZIER_KNOTS.);
#6336 = CARTESIAN_POINT('',(3.566289438242,-6.000000212225E-07));
#6337 = CARTESIAN_POINT('',(3.566289438242,1.5000006));
#6338 = ( GEOMETRIC_REPRESENTATION_CONTEXT(2) 
PARAMETRIC_REPRESENTATION_CONTEXT() REPRESENTATION_CONTEXT('2D SPACE',''
  ) );
#6339 = ORIENTED_EDGE('',*,*,#4753,.F.);
#6340 = ADVANCED_FACE('',(#6341),#6310,.F.);
#6341 = FACE_BOUND('',#6342,.F.);
#6342 = EDGE_LOOP('',(#6343,#6367,#6388,#6410));
#6343 = ORIENTED_EDGE('',*,*,#6344,.F.);
#6344 = EDGE_CURVE('',#6345,#6275,#6347,.T.);
#6345 = VERTEX_POINT('',#6346);
#6346 = CARTESIAN_POINT('',(-44.18302534522,-4.384092989804,-388.));
#6347 = SURFACE_CURVE('',#6348,(#6353,#6360),.PCURVE_S1.);
#6348 = CIRCLE('',#6349,44.4);
#6349 = AXIS2_PLACEMENT_3D('',#6350,#6351,#6352);
#6350 = CARTESIAN_POINT('',(0.,0.,-388.));
#6351 = DIRECTION('',(0.,0.,1.));
#6352 = DIRECTION('',(1.,0.,-0.));
#6353 = PCURVE('',#6310,#6354);
#6354 = DEFINITIONAL_REPRESENTATION('',(#6355),#6359);
#6355 = CIRCLE('',#6356,44.4);
#6356 = AXIS2_PLACEMENT_2D('',#6357,#6358);
#6357 = CARTESIAN_POINT('',(0.,0.));
#6358 = DIRECTION('',(1.,0.));
#6359 = ( GEOMETRIC_REPRESENTATION_CONTEXT(2) 
PARAMETRIC_REPRESENTATION_CONTEXT() REPRESENTATION_CONTEXT('2D SPACE',''
  ) );
#6360 = PCURVE('',#4019,#6361);
#6361 = DEFINITIONAL_REPRESENTATION('',(#6362),#6366);
#6362 = LINE('',#6363,#6364);
#6363 = CARTESIAN_POINT('',(0.,8.2));
#6364 = VECTOR('',#6365,1.);
#6365 = DIRECTION('',(1.,0.));
#6366 = ( GEOMETRIC_REPRESENTATION_CONTEXT(2) 
PARAMETRIC_REPRESENTATION_CONTEXT() REPRESENTATION_CONTEXT('2D SPACE',''
  ) );
#6367 = ORIENTED_EDGE('',*,*,#6368,.T.);
#6368 = EDGE_CURVE('',#6345,#6369,#6371,.T.);
#6369 = VERTEX_POINT('',#6370);
#6370 = CARTESIAN_POINT('',(-46.37227434881,-4.601322822632,-388.));
#6371 = SURFACE_CURVE('',#6372,(#6376,#6382),.PCURVE_S1.);
#6372 = LINE('',#6373,#6374);
#6373 = CARTESIAN_POINT('',(-14.92669775176,-1.481112496555,-388.));
#6374 = VECTOR('',#6375,1.);
#6375 = DIRECTION('',(-0.995113183451,-9.874083310369E-02,0.));
#6376 = PCURVE('',#6310,#6377);
#6377 = DEFINITIONAL_REPRESENTATION('',(#6378),#6381);
#6378 = B_SPLINE_CURVE_WITH_KNOTS('',1,(#6379,#6380),.UNSPECIFIED.,.F.,
  .F.,(2,2),(-15.,31.828843969681),.PIECEWISE_BEZIER_KNOTS.);
#6379 = CARTESIAN_POINT('',(0.,4.440892098501E-16));
#6380 = CARTESIAN_POINT('',(-46.6,-4.623919066849));
#6381 = ( GEOMETRIC_REPRESENTATION_CONTEXT(2) 
PARAMETRIC_REPRESENTATION_CONTEXT() REPRESENTATION_CONTEXT('2D SPACE',''
  ) );
#6382 = PCURVE('',#4713,#6383);
#6383 = DEFINITIONAL_REPRESENTATION('',(#6384),#6387);
#6384 = B_SPLINE_CURVE_WITH_KNOTS('',1,(#6385,#6386),.UNSPECIFIED.,.F.,
  .F.,(2,2),(-15.,31.828843969681),.PIECEWISE_BEZIER_KNOTS.);
#6385 = CARTESIAN_POINT('',(0.75,-30.));
#6386 = CARTESIAN_POINT('',(0.75,16.828843969681));
#6387 = ( GEOMETRIC_REPRESENTATION_CONTEXT(2) 
PARAMETRIC_REPRESENTATION_CONTEXT() REPRESENTATION_CONTEXT('2D SPACE',''
  ) );
#6388 = ORIENTED_EDGE('',*,*,#6389,.T.);
#6389 = EDGE_CURVE('',#6369,#6296,#6390,.T.);
#6390 = SURFACE_CURVE('',#6391,(#6396,#6403),.PCURVE_S1.);
#6391 = CIRCLE('',#6392,46.6);
#6392 = AXIS2_PLACEMENT_3D('',#6393,#6394,#6395);
#6393 = CARTESIAN_POINT('',(0.,0.,-388.));
#6394 = DIRECTION('',(0.,0.,1.));
#6395 = DIRECTION('',(1.,0.,-0.));
#6396 = PCURVE('',#6310,#6397);
#6397 = DEFINITIONAL_REPRESENTATION('',(#6398),#6402);
#6398 = CIRCLE('',#6399,46.6);
#6399 = AXIS2_PLACEMENT_2D('',#6400,#6401);
#6400 = CARTESIAN_POINT('',(0.,0.));
#6401 = DIRECTION('',(1.,0.));
#6402 = ( GEOMETRIC_REPRESENTATION_CONTEXT(2) 
PARAMETRIC_REPRESENTATION_CONTEXT() REPRESENTATION_CONTEXT('2D SPACE',''
  ) );
#6403 = PCURVE('',#4741,#6404);
#6404 = DEFINITIONAL_REPRESENTATION('',(#6405),#6409);
#6405 = LINE('',#6406,#6407);
#6406 = CARTESIAN_POINT('',(0.,0.));
#6407 = VECTOR('',#6408,1.);
#6408 = DIRECTION('',(1.,0.));
#6409 = ( GEOMETRIC_REPRESENTATION_CONTEXT(2) 
PARAMETRIC_REPRESENTATION_CONTEXT() REPRESENTATION_CONTEXT('2D SPACE',''
  ) );
#6410 = ORIENTED_EDGE('',*,*,#6295,.F.);
#6411 = ADVANCED_FACE('',(#6412),#4741,.T.);
#6412 = FACE_BOUND('',#6413,.T.);
#6413 = EDGE_LOOP('',(#6414,#6415,#6434,#6435));
#6414 = ORIENTED_EDGE('',*,*,#4724,.F.);
#6415 = ORIENTED_EDGE('',*,*,#6416,.F.);
#6416 = EDGE_CURVE('',#6369,#4698,#6417,.T.);
#6417 = SURFACE_CURVE('',#6418,(#6422,#6428),.PCURVE_S1.);
#6418 = LINE('',#6419,#6420);
#6419 = CARTESIAN_POINT('',(-46.37227434881,-4.601322822632,-388.));
#6420 = VECTOR('',#6421,1.);
#6421 = DIRECTION('',(0.,0.,1.));
#6422 = PCURVE('',#4741,#6423);
#6423 = DEFINITIONAL_REPRESENTATION('',(#6424),#6427);
#6424 = B_SPLINE_CURVE_WITH_KNOTS('',1,(#6425,#6426),.UNSPECIFIED.,.F.,
  .F.,(2,2),(-6.000000212225E-07,1.5000006),.PIECEWISE_BEZIER_KNOTS.);
#6425 = CARTESIAN_POINT('',(3.240494644536,-6.000000212225E-07));
#6426 = CARTESIAN_POINT('',(3.240494644536,1.5000006));
#6427 = ( GEOMETRIC_REPRESENTATION_CONTEXT(2) 
PARAMETRIC_REPRESENTATION_CONTEXT() REPRESENTATION_CONTEXT('2D SPACE',''
  ) );
#6428 = PCURVE('',#4713,#6429);
#6429 = DEFINITIONAL_REPRESENTATION('',(#6430),#6433);
#6430 = B_SPLINE_CURVE_WITH_KNOTS('',1,(#6431,#6432),.UNSPECIFIED.,.F.,
  .F.,(2,2),(-6.000000212225E-07,1.5000006),.PIECEWISE_BEZIER_KNOTS.);
#6431 = CARTESIAN_POINT('',(0.7500006,16.6));
#6432 = CARTESIAN_POINT('',(-0.7500006,16.6));
#6433 = ( GEOMETRIC_REPRESENTATION_CONTEXT(2) 
PARAMETRIC_REPRESENTATION_CONTEXT() REPRESENTATION_CONTEXT('2D SPACE',''
  ) );
#6434 = ORIENTED_EDGE('',*,*,#6389,.T.);
#6435 = ORIENTED_EDGE('',*,*,#6321,.T.);
#6436 = ADVANCED_FACE('',(#6437),#4713,.T.);
#6437 = FACE_BOUND('',#6438,.T.);
#6438 = EDGE_LOOP('',(#6439,#6458,#6459,#6460));
#6439 = ORIENTED_EDGE('',*,*,#6440,.F.);
#6440 = EDGE_CURVE('',#6345,#4674,#6441,.T.);
#6441 = SURFACE_CURVE('',#6442,(#6446,#6452),.PCURVE_S1.);
#6442 = LINE('',#6443,#6444);
#6443 = CARTESIAN_POINT('',(-44.18302534522,-4.384092989804,-396.2));
#6444 = VECTOR('',#6445,1.);
#6445 = DIRECTION('',(0.,0.,1.));
#6446 = PCURVE('',#4713,#6447);
#6447 = DEFINITIONAL_REPRESENTATION('',(#6448),#6451);
#6448 = B_SPLINE_CURVE_WITH_KNOTS('',1,(#6449,#6450),.UNSPECIFIED.,.F.,
  .F.,(2,2),(8.05,9.7000006),.PIECEWISE_BEZIER_KNOTS.);
#6449 = CARTESIAN_POINT('',(0.9,14.4));
#6450 = CARTESIAN_POINT('',(-0.7500006,14.4));
#6451 = ( GEOMETRIC_REPRESENTATION_CONTEXT(2) 
PARAMETRIC_REPRESENTATION_CONTEXT() REPRESENTATION_CONTEXT('2D SPACE',''
  ) );
#6452 = PCURVE('',#4019,#6453);
#6453 = DEFINITIONAL_REPRESENTATION('',(#6454),#6457);
#6454 = B_SPLINE_CURVE_WITH_KNOTS('',1,(#6455,#6456),.UNSPECIFIED.,.F.,
  .F.,(2,2),(8.05,9.7000006),.PIECEWISE_BEZIER_KNOTS.);
#6455 = CARTESIAN_POINT('',(3.240494644536,8.05));
#6456 = CARTESIAN_POINT('',(3.240494644536,9.7000006));
#6457 = ( GEOMETRIC_REPRESENTATION_CONTEXT(2) 
PARAMETRIC_REPRESENTATION_CONTEXT() REPRESENTATION_CONTEXT('2D SPACE',''
  ) );
#6458 = ORIENTED_EDGE('',*,*,#6368,.T.);
#6459 = ORIENTED_EDGE('',*,*,#6416,.T.);
#6460 = ORIENTED_EDGE('',*,*,#4697,.F.);
#6461 = ADVANCED_FACE('',(#6462),#4662,.F.);
#6462 = FACE_BOUND('',#6463,.F.);
#6463 = EDGE_LOOP('',(#6464,#6485,#6511,#6530));
#6464 = ORIENTED_EDGE('',*,*,#6465,.F.);
#6465 = EDGE_CURVE('',#6466,#4647,#6468,.T.);
#6466 = VERTEX_POINT('',#6467);
#6467 = CARTESIAN_POINT('',(-44.18302534522,4.384092989804,-388.));
#6468 = SURFACE_CURVE('',#6469,(#6473,#6479),.PCURVE_S1.);
#6469 = LINE('',#6470,#6471);
#6470 = CARTESIAN_POINT('',(-44.18302534522,4.384092989804,-396.2));
#6471 = VECTOR('',#6472,1.);
#6472 = DIRECTION('',(0.,0.,1.));
#6473 = PCURVE('',#4662,#6474);
#6474 = DEFINITIONAL_REPRESENTATION('',(#6475),#6478);
#6475 = B_SPLINE_CURVE_WITH_KNOTS('',1,(#6476,#6477),.UNSPECIFIED.,.F.,
  .F.,(2,2),(8.05,9.7000006),.PIECEWISE_BEZIER_KNOTS.);
#6476 = CARTESIAN_POINT('',(0.9,14.4));
#6477 = CARTESIAN_POINT('',(-0.7500006,14.4));
#6478 = ( GEOMETRIC_REPRESENTATION_CONTEXT(2) 
PARAMETRIC_REPRESENTATION_CONTEXT() REPRESENTATION_CONTEXT('2D SPACE',''
  ) );
#6479 = PCURVE('',#4019,#6480);
#6480 = DEFINITIONAL_REPRESENTATION('',(#6481),#6484);
#6481 = B_SPLINE_CURVE_WITH_KNOTS('',1,(#6482,#6483),.UNSPECIFIED.,.F.,
  .F.,(2,2),(8.05,9.7000006),.PIECEWISE_BEZIER_KNOTS.);
#6482 = CARTESIAN_POINT('',(3.042690662643,8.05));
#6483 = CARTESIAN_POINT('',(3.042690662643,9.7000006));
#6484 = ( GEOMETRIC_REPRESENTATION_CONTEXT(2) 
PARAMETRIC_REPRESENTATION_CONTEXT() REPRESENTATION_CONTEXT('2D SPACE',''
  ) );
#6485 = ORIENTED_EDGE('',*,*,#6486,.T.);
#6486 = EDGE_CURVE('',#6466,#6487,#6489,.T.);
#6487 = VERTEX_POINT('',#6488);
#6488 = CARTESIAN_POINT('',(-46.37227434881,4.601322822632,-388.));
#6489 = SURFACE_CURVE('',#6490,(#6494,#6500),.PCURVE_S1.);
#6490 = LINE('',#6491,#6492);
#6491 = CARTESIAN_POINT('',(-14.92669775176,1.481112496555,-388.));
#6492 = VECTOR('',#6493,1.);
#6493 = DIRECTION('',(-0.995113183451,9.874083310369E-02,0.));
#6494 = PCURVE('',#4662,#6495);
#6495 = DEFINITIONAL_REPRESENTATION('',(#6496),#6499);
#6496 = B_SPLINE_CURVE_WITH_KNOTS('',1,(#6497,#6498),.UNSPECIFIED.,.F.,
  .F.,(2,2),(-15.,31.828843969681),.PIECEWISE_BEZIER_KNOTS.);
#6497 = CARTESIAN_POINT('',(0.75,-30.));
#6498 = CARTESIAN_POINT('',(0.75,16.828843969681));
#6499 = ( GEOMETRIC_REPRESENTATION_CONTEXT(2) 
PARAMETRIC_REPRESENTATION_CONTEXT() REPRESENTATION_CONTEXT('2D SPACE',''
  ) );
#6500 = PCURVE('',#6501,#6506);
#6501 = PLANE('',#6502);
#6502 = AXIS2_PLACEMENT_3D('',#6503,#6504,#6505);
#6503 = CARTESIAN_POINT('',(0.,0.,-388.));
#6504 = DIRECTION('',(0.,0.,1.));
#6505 = DIRECTION('',(1.,0.,-0.));
#6506 = DEFINITIONAL_REPRESENTATION('',(#6507),#6510);
#6507 = B_SPLINE_CURVE_WITH_KNOTS('',1,(#6508,#6509),.UNSPECIFIED.,.F.,
  .F.,(2,2),(-15.,31.828843969681),.PIECEWISE_BEZIER_KNOTS.);
#6508 = CARTESIAN_POINT('',(3.552713678801E-15,-1.33226762955E-15));
#6509 = CARTESIAN_POINT('',(-46.6,4.623919066849));
#6510 = ( GEOMETRIC_REPRESENTATION_CONTEXT(2) 
PARAMETRIC_REPRESENTATION_CONTEXT() REPRESENTATION_CONTEXT('2D SPACE',''
  ) );
#6511 = ORIENTED_EDGE('',*,*,#6512,.T.);
#6512 = EDGE_CURVE('',#6487,#4618,#6513,.T.);
#6513 = SURFACE_CURVE('',#6514,(#6518,#6524),.PCURVE_S1.);
#6514 = LINE('',#6515,#6516);
#6515 = CARTESIAN_POINT('',(-46.37227434881,4.601322822632,-388.));
#6516 = VECTOR('',#6517,1.);
#6517 = DIRECTION('',(0.,0.,1.));
#6518 = PCURVE('',#4662,#6519);
#6519 = DEFINITIONAL_REPRESENTATION('',(#6520),#6523);
#6520 = B_SPLINE_CURVE_WITH_KNOTS('',1,(#6521,#6522),.UNSPECIFIED.,.F.,
  .F.,(2,2),(-6.000000212225E-07,1.5000006),.PIECEWISE_BEZIER_KNOTS.);
#6521 = CARTESIAN_POINT('',(0.7500006,16.6));
#6522 = CARTESIAN_POINT('',(-0.7500006,16.6));
#6523 = ( GEOMETRIC_REPRESENTATION_CONTEXT(2) 
PARAMETRIC_REPRESENTATION_CONTEXT() REPRESENTATION_CONTEXT('2D SPACE',''
  ) );
#6524 = PCURVE('',#4634,#6525);
#6525 = DEFINITIONAL_REPRESENTATION('',(#6526),#6529);
#6526 = B_SPLINE_CURVE_WITH_KNOTS('',1,(#6527,#6528),.UNSPECIFIED.,.F.,
  .F.,(2,2),(-6.000000212225E-07,1.5000006),.PIECEWISE_BEZIER_KNOTS.);
#6527 = CARTESIAN_POINT('',(3.042690662643,-6.000000212225E-07));
#6528 = CARTESIAN_POINT('',(3.042690662643,1.5000006));
#6529 = ( GEOMETRIC_REPRESENTATION_CONTEXT(2) 
PARAMETRIC_REPRESENTATION_CONTEXT() REPRESENTATION_CONTEXT('2D SPACE',''
  ) );
#6530 = ORIENTED_EDGE('',*,*,#4646,.F.);
#6531 = ADVANCED_FACE('',(#6532),#6501,.F.);
#6532 = FACE_BOUND('',#6533,.F.);
#6533 = EDGE_LOOP('',(#6534,#6558,#6579,#6601));
#6534 = ORIENTED_EDGE('',*,*,#6535,.F.);
#6535 = EDGE_CURVE('',#6536,#6466,#6538,.T.);
#6536 = VERTEX_POINT('',#6537);
#6537 = CARTESIAN_POINT('',(-40.45566885991,18.294776770889,-388.));
#6538 = SURFACE_CURVE('',#6539,(#6544,#6551),.PCURVE_S1.);
#6539 = CIRCLE('',#6540,44.4);
#6540 = AXIS2_PLACEMENT_3D('',#6541,#6542,#6543);
#6541 = CARTESIAN_POINT('',(0.,0.,-388.));
#6542 = DIRECTION('',(0.,0.,1.));
#6543 = DIRECTION('',(1.,0.,-0.));
#6544 = PCURVE('',#6501,#6545);
#6545 = DEFINITIONAL_REPRESENTATION('',(#6546),#6550);
#6546 = CIRCLE('',#6547,44.4);
#6547 = AXIS2_PLACEMENT_2D('',#6548,#6549);
#6548 = CARTESIAN_POINT('',(0.,0.));
#6549 = DIRECTION('',(1.,0.));
#6550 = ( GEOMETRIC_REPRESENTATION_CONTEXT(2) 
PARAMETRIC_REPRESENTATION_CONTEXT() REPRESENTATION_CONTEXT('2D SPACE',''
  ) );
#6551 = PCURVE('',#4019,#6552);
#6552 = DEFINITIONAL_REPRESENTATION('',(#6553),#6557);
#6553 = LINE('',#6554,#6555);
#6554 = CARTESIAN_POINT('',(0.,8.2));
#6555 = VECTOR('',#6556,1.);
#6556 = DIRECTION('',(1.,0.));
#6557 = ( GEOMETRIC_REPRESENTATION_CONTEXT(2) 
PARAMETRIC_REPRESENTATION_CONTEXT() REPRESENTATION_CONTEXT('2D SPACE',''
  ) );
#6558 = ORIENTED_EDGE('',*,*,#6559,.T.);
#6559 = EDGE_CURVE('',#6536,#6560,#6562,.T.);
#6560 = VERTEX_POINT('',#6561);
#6561 = CARTESIAN_POINT('',(-42.46022902865,19.201274718996,-388.));
#6562 = SURFACE_CURVE('',#6563,(#6567,#6573),.PCURVE_S1.);
#6563 = LINE('',#6564,#6565);
#6564 = CARTESIAN_POINT('',(-13.66745569591,6.180667828003,-388.));
#6565 = VECTOR('',#6566,1.);
#6566 = DIRECTION('',(-0.911163713061,0.412044521867,0.));
#6567 = PCURVE('',#6501,#6568);
#6568 = DEFINITIONAL_REPRESENTATION('',(#6569),#6572);
#6569 = B_SPLINE_CURVE_WITH_KNOTS('',1,(#6570,#6571),.UNSPECIFIED.,.F.,
  .F.,(2,2),(-15.,36.143388758798),.PIECEWISE_BEZIER_KNOTS.);
#6570 = CARTESIAN_POINT('',(0.,-1.7763568394E-15));
#6571 = CARTESIAN_POINT('',(-46.6,21.07335316777));
#6572 = ( GEOMETRIC_REPRESENTATION_CONTEXT(2) 
PARAMETRIC_REPRESENTATION_CONTEXT() REPRESENTATION_CONTEXT('2D SPACE',''
  ) );
#6573 = PCURVE('',#4606,#6574);
#6574 = DEFINITIONAL_REPRESENTATION('',(#6575),#6578);
#6575 = B_SPLINE_CURVE_WITH_KNOTS('',1,(#6576,#6577),.UNSPECIFIED.,.F.,
  .F.,(2,2),(-15.,36.143388758798),.PIECEWISE_BEZIER_KNOTS.);
#6576 = CARTESIAN_POINT('',(0.75,-30.));
#6577 = CARTESIAN_POINT('',(0.75,21.143388758798));
#6578 = ( GEOMETRIC_REPRESENTATION_CONTEXT(2) 
PARAMETRIC_REPRESENTATION_CONTEXT() REPRESENTATION_CONTEXT('2D SPACE',''
  ) );
#6579 = ORIENTED_EDGE('',*,*,#6580,.T.);
#6580 = EDGE_CURVE('',#6560,#6487,#6581,.T.);
#6581 = SURFACE_CURVE('',#6582,(#6587,#6594),.PCURVE_S1.);
#6582 = CIRCLE('',#6583,46.6);
#6583 = AXIS2_PLACEMENT_3D('',#6584,#6585,#6586);
#6584 = CARTESIAN_POINT('',(0.,0.,-388.));
#6585 = DIRECTION('',(0.,0.,1.));
#6586 = DIRECTION('',(1.,0.,-0.));
#6587 = PCURVE('',#6501,#6588);
#6588 = DEFINITIONAL_REPRESENTATION('',(#6589),#6593);
#6589 = CIRCLE('',#6590,46.6);
#6590 = AXIS2_PLACEMENT_2D('',#6591,#6592);
#6591 = CARTESIAN_POINT('',(0.,0.));
#6592 = DIRECTION('',(1.,0.));
#6593 = ( GEOMETRIC_REPRESENTATION_CONTEXT(2) 
PARAMETRIC_REPRESENTATION_CONTEXT() REPRESENTATION_CONTEXT('2D SPACE',''
  ) );
#6594 = PCURVE('',#4634,#6595);
#6595 = DEFINITIONAL_REPRESENTATION('',(#6596),#6600);
#6596 = LINE('',#6597,#6598);
#6597 = CARTESIAN_POINT('',(0.,0.));
#6598 = VECTOR('',#6599,1.);
#6599 = DIRECTION('',(1.,0.));
#6600 = ( GEOMETRIC_REPRESENTATION_CONTEXT(2) 
PARAMETRIC_REPRESENTATION_CONTEXT() REPRESENTATION_CONTEXT('2D SPACE',''
  ) );
#6601 = ORIENTED_EDGE('',*,*,#6486,.F.);
#6602 = ADVANCED_FACE('',(#6603),#4634,.T.);
#6603 = FACE_BOUND('',#6604,.T.);
#6604 = EDGE_LOOP('',(#6605,#6606,#6625,#6626));
#6605 = ORIENTED_EDGE('',*,*,#4617,.F.);
#6606 = ORIENTED_EDGE('',*,*,#6607,.F.);
#6607 = EDGE_CURVE('',#6560,#4591,#6608,.T.);
#6608 = SURFACE_CURVE('',#6609,(#6613,#6619),.PCURVE_S1.);
#6609 = LINE('',#6610,#6611);
#6610 = CARTESIAN_POINT('',(-42.46022902865,19.201274718996,-388.));
#6611 = VECTOR('',#6612,1.);
#6612 = DIRECTION('',(0.,0.,1.));
#6613 = PCURVE('',#4634,#6614);
#6614 = DEFINITIONAL_REPRESENTATION('',(#6615),#6618);
#6615 = B_SPLINE_CURVE_WITH_KNOTS('',1,(#6616,#6617),.UNSPECIFIED.,.F.,
  .F.,(2,2),(-6.000000212225E-07,1.5000006),.PIECEWISE_BEZIER_KNOTS.);
#6616 = CARTESIAN_POINT('',(2.716895868938,-6.000000212225E-07));
#6617 = CARTESIAN_POINT('',(2.716895868938,1.5000006));
#6618 = ( GEOMETRIC_REPRESENTATION_CONTEXT(2) 
PARAMETRIC_REPRESENTATION_CONTEXT() REPRESENTATION_CONTEXT('2D SPACE',''
  ) );
#6619 = PCURVE('',#4606,#6620);
#6620 = DEFINITIONAL_REPRESENTATION('',(#6621),#6624);
#6621 = B_SPLINE_CURVE_WITH_KNOTS('',1,(#6622,#6623),.UNSPECIFIED.,.F.,
  .F.,(2,2),(-6.000000212225E-07,1.5000006),.PIECEWISE_BEZIER_KNOTS.);
#6622 = CARTESIAN_POINT('',(0.7500006,16.6));
#6623 = CARTESIAN_POINT('',(-0.7500006,16.6));
#6624 = ( GEOMETRIC_REPRESENTATION_CONTEXT(2) 
PARAMETRIC_REPRESENTATION_CONTEXT() REPRESENTATION_CONTEXT('2D SPACE',''
  ) );
#6625 = ORIENTED_EDGE('',*,*,#6580,.T.);
#6626 = ORIENTED_EDGE('',*,*,#6512,.T.);
#6627 = ADVANCED_FACE('',(#6628),#4606,.T.);
#6628 = FACE_BOUND('',#6629,.T.);
#6629 = EDGE_LOOP('',(#6630,#6649,#6650,#6651));
#6630 = ORIENTED_EDGE('',*,*,#6631,.F.);
#6631 = EDGE_CURVE('',#6536,#4567,#6632,.T.);
#6632 = SURFACE_CURVE('',#6633,(#6637,#6643),.PCURVE_S1.);
#6633 = LINE('',#6634,#6635);
#6634 = CARTESIAN_POINT('',(-40.45566885991,18.294776770889,-396.2));
#6635 = VECTOR('',#6636,1.);
#6636 = DIRECTION('',(0.,0.,1.));
#6637 = PCURVE('',#4606,#6638);
#6638 = DEFINITIONAL_REPRESENTATION('',(#6639),#6642);
#6639 = B_SPLINE_CURVE_WITH_KNOTS('',1,(#6640,#6641),.UNSPECIFIED.,.F.,
  .F.,(2,2),(8.05,9.7000006),.PIECEWISE_BEZIER_KNOTS.);
#6640 = CARTESIAN_POINT('',(0.9,14.4));
#6641 = CARTESIAN_POINT('',(-0.7500006,14.4));
#6642 = ( GEOMETRIC_REPRESENTATION_CONTEXT(2) 
PARAMETRIC_REPRESENTATION_CONTEXT() REPRESENTATION_CONTEXT('2D SPACE',''
  ) );
#6643 = PCURVE('',#4019,#6644);
#6644 = DEFINITIONAL_REPRESENTATION('',(#6645),#6648);
#6645 = B_SPLINE_CURVE_WITH_KNOTS('',1,(#6646,#6647),.UNSPECIFIED.,.F.,
  .F.,(2,2),(8.05,9.7000006),.PIECEWISE_BEZIER_KNOTS.);
#6646 = CARTESIAN_POINT('',(2.716895868938,8.05));
#6647 = CARTESIAN_POINT('',(2.716895868938,9.7000006));
#6648 = ( GEOMETRIC_REPRESENTATION_CONTEXT(2) 
PARAMETRIC_REPRESENTATION_CONTEXT() REPRESENTATION_CONTEXT('2D SPACE',''
  ) );
#6649 = ORIENTED_EDGE('',*,*,#6559,.T.);
#6650 = ORIENTED_EDGE('',*,*,#6607,.T.);
#6651 = ORIENTED_EDGE('',*,*,#4590,.F.);
#6652 = ADVANCED_FACE('',(#6653),#4555,.F.);
#6653 = FACE_BOUND('',#6654,.F.);
#6654 = EDGE_LOOP('',(#6655,#6676,#6702,#6721));
#6655 = ORIENTED_EDGE('',*,*,#6656,.F.);
#6656 = EDGE_CURVE('',#6657,#4540,#6659,.T.);
#6657 = VERTEX_POINT('',#6658);
#6658 = CARTESIAN_POINT('',(-36.07157587011,25.888248574336,-388.));
#6659 = SURFACE_CURVE('',#6660,(#6664,#6670),.PCURVE_S1.);
#6660 = LINE('',#6661,#6662);
#6661 = CARTESIAN_POINT('',(-36.07157587011,25.888248574336,-396.2));
#6662 = VECTOR('',#6663,1.);
#6663 = DIRECTION('',(0.,0.,1.));
#6664 = PCURVE('',#4555,#6665);
#6665 = DEFINITIONAL_REPRESENTATION('',(#6666),#6669);
#6666 = B_SPLINE_CURVE_WITH_KNOTS('',1,(#6667,#6668),.UNSPECIFIED.,.F.,
  .F.,(2,2),(8.05,9.7000006),.PIECEWISE_BEZIER_KNOTS.);
#6667 = CARTESIAN_POINT('',(0.9,14.4));
#6668 = CARTESIAN_POINT('',(-0.7500006,14.4));
#6669 = ( GEOMETRIC_REPRESENTATION_CONTEXT(2) 
PARAMETRIC_REPRESENTATION_CONTEXT() REPRESENTATION_CONTEXT('2D SPACE',''
  ) );
#6670 = PCURVE('',#4019,#6671);
#6671 = DEFINITIONAL_REPRESENTATION('',(#6672),#6675);
#6672 = B_SPLINE_CURVE_WITH_KNOTS('',1,(#6673,#6674),.UNSPECIFIED.,.F.,
  .F.,(2,2),(8.05,9.7000006),.PIECEWISE_BEZIER_KNOTS.);
#6673 = CARTESIAN_POINT('',(2.519091887045,8.05));
#6674 = CARTESIAN_POINT('',(2.519091887045,9.7000006));
#6675 = ( GEOMETRIC_REPRESENTATION_CONTEXT(2) 
PARAMETRIC_REPRESENTATION_CONTEXT() REPRESENTATION_CONTEXT('2D SPACE',''
  ) );
#6676 = ORIENTED_EDGE('',*,*,#6677,.T.);
#6677 = EDGE_CURVE('',#6657,#6678,#6680,.T.);
#6678 = VERTEX_POINT('',#6679);
#6679 = CARTESIAN_POINT('',(-37.85890620602,27.170999629821,-388.));
#6680 = SURFACE_CURVE('',#6681,(#6685,#6691),.PCURVE_S1.);
#6681 = LINE('',#6682,#6683);
#6682 = CARTESIAN_POINT('',(-12.18634319936,8.746029923762,-388.));
#6683 = VECTOR('',#6684,1.);
#6684 = DIRECTION('',(-0.812422879958,0.583068661584,0.));
#6685 = PCURVE('',#4555,#6686);
#6686 = DEFINITIONAL_REPRESENTATION('',(#6687),#6690);
#6687 = B_SPLINE_CURVE_WITH_KNOTS('',1,(#6688,#6689),.UNSPECIFIED.,.F.,
  .F.,(2,2),(-15.,42.359290524211),.PIECEWISE_BEZIER_KNOTS.);
#6688 = CARTESIAN_POINT('',(0.75,-30.));
#6689 = CARTESIAN_POINT('',(0.75,27.359290524211));
#6690 = ( GEOMETRIC_REPRESENTATION_CONTEXT(2) 
PARAMETRIC_REPRESENTATION_CONTEXT() REPRESENTATION_CONTEXT('2D SPACE',''
  ) );
#6691 = PCURVE('',#6692,#6697);
#6692 = PLANE('',#6693);
#6693 = AXIS2_PLACEMENT_3D('',#6694,#6695,#6696);
#6694 = CARTESIAN_POINT('',(0.,0.,-388.));
#6695 = DIRECTION('',(0.,0.,1.));
#6696 = DIRECTION('',(1.,0.,-0.));
#6697 = DEFINITIONAL_REPRESENTATION('',(#6698),#6701);
#6698 = B_SPLINE_CURVE_WITH_KNOTS('',1,(#6699,#6700),.UNSPECIFIED.,.F.,
  .F.,(2,2),(-15.,42.359290524211),.PIECEWISE_BEZIER_KNOTS.);
#6699 = CARTESIAN_POINT('',(1.7763568394E-15,0.));
#6700 = CARTESIAN_POINT('',(-46.6,33.444404755367));
#6701 = ( GEOMETRIC_REPRESENTATION_CONTEXT(2) 
PARAMETRIC_REPRESENTATION_CONTEXT() REPRESENTATION_CONTEXT('2D SPACE',''
  ) );
#6702 = ORIENTED_EDGE('',*,*,#6703,.T.);
#6703 = EDGE_CURVE('',#6678,#4511,#6704,.T.);
#6704 = SURFACE_CURVE('',#6705,(#6709,#6715),.PCURVE_S1.);
#6705 = LINE('',#6706,#6707);
#6706 = CARTESIAN_POINT('',(-37.85890620602,27.170999629821,-388.));
#6707 = VECTOR('',#6708,1.);
#6708 = DIRECTION('',(0.,0.,1.));
#6709 = PCURVE('',#4555,#6710);
#6710 = DEFINITIONAL_REPRESENTATION('',(#6711),#6714);
#6711 = B_SPLINE_CURVE_WITH_KNOTS('',1,(#6712,#6713),.UNSPECIFIED.,.F.,
  .F.,(2,2),(-6.000000212225E-07,1.5000006),.PIECEWISE_BEZIER_KNOTS.);
#6712 = CARTESIAN_POINT('',(0.7500006,16.6));
#6713 = CARTESIAN_POINT('',(-0.7500006,16.6));
#6714 = ( GEOMETRIC_REPRESENTATION_CONTEXT(2) 
PARAMETRIC_REPRESENTATION_CONTEXT() REPRESENTATION_CONTEXT('2D SPACE',''
  ) );
#6715 = PCURVE('',#4527,#6716);
#6716 = DEFINITIONAL_REPRESENTATION('',(#6717),#6720);
#6717 = B_SPLINE_CURVE_WITH_KNOTS('',1,(#6718,#6719),.UNSPECIFIED.,.F.,
  .F.,(2,2),(-6.000000212225E-07,1.5000006),.PIECEWISE_BEZIER_KNOTS.);
#6718 = CARTESIAN_POINT('',(2.519091887045,-6.000000212225E-07));
#6719 = CARTESIAN_POINT('',(2.519091887045,1.5000006));
#6720 = ( GEOMETRIC_REPRESENTATION_CONTEXT(2) 
PARAMETRIC_REPRESENTATION_CONTEXT() REPRESENTATION_CONTEXT('2D SPACE',''
  ) );
#6721 = ORIENTED_EDGE('',*,*,#4539,.F.);
#6722 = ADVANCED_FACE('',(#6723),#6692,.F.);
#6723 = FACE_BOUND('',#6724,.F.);
#6724 = EDGE_LOOP('',(#6725,#6749,#6770,#6792));
#6725 = ORIENTED_EDGE('',*,*,#6726,.F.);
#6726 = EDGE_CURVE('',#6727,#6657,#6729,.T.);
#6727 = VERTEX_POINT('',#6728);
#6728 = CARTESIAN_POINT('',(-25.88824857433,36.071575870114,-388.));
#6729 = SURFACE_CURVE('',#6730,(#6735,#6742),.PCURVE_S1.);
#6730 = CIRCLE('',#6731,44.4);
#6731 = AXIS2_PLACEMENT_3D('',#6732,#6733,#6734);
#6732 = CARTESIAN_POINT('',(0.,0.,-388.));
#6733 = DIRECTION('',(0.,0.,1.));
#6734 = DIRECTION('',(1.,0.,-0.));
#6735 = PCURVE('',#6692,#6736);
#6736 = DEFINITIONAL_REPRESENTATION('',(#6737),#6741);
#6737 = CIRCLE('',#6738,44.4);
#6738 = AXIS2_PLACEMENT_2D('',#6739,#6740);
#6739 = CARTESIAN_POINT('',(0.,0.));
#6740 = DIRECTION('',(1.,0.));
#6741 = ( GEOMETRIC_REPRESENTATION_CONTEXT(2) 
PARAMETRIC_REPRESENTATION_CONTEXT() REPRESENTATION_CONTEXT('2D SPACE',''
  ) );
#6742 = PCURVE('',#4019,#6743);
#6743 = DEFINITIONAL_REPRESENTATION('',(#6744),#6748);
#6744 = LINE('',#6745,#6746);
#6745 = CARTESIAN_POINT('',(0.,8.2));
#6746 = VECTOR('',#6747,1.);
#6747 = DIRECTION('',(1.,0.));
#6748 = ( GEOMETRIC_REPRESENTATION_CONTEXT(2) 
PARAMETRIC_REPRESENTATION_CONTEXT() REPRESENTATION_CONTEXT('2D SPACE',''
  ) );
#6749 = ORIENTED_EDGE('',*,*,#6750,.T.);
#6750 = EDGE_CURVE('',#6727,#6751,#6753,.T.);
#6751 = VERTEX_POINT('',#6752);
#6752 = CARTESIAN_POINT('',(-27.17099962982,37.858906206021,-388.));
#6753 = SURFACE_CURVE('',#6754,(#6758,#6764),.PCURVE_S1.);
#6754 = LINE('',#6755,#6756);
#6755 = CARTESIAN_POINT('',(-8.746029923762,12.186343199363,-388.));
#6756 = VECTOR('',#6757,1.);
#6757 = DIRECTION('',(-0.583068661584,0.812422879958,0.));
#6758 = PCURVE('',#6692,#6759);
#6759 = DEFINITIONAL_REPRESENTATION('',(#6760),#6763);
#6760 = B_SPLINE_CURVE_WITH_KNOTS('',1,(#6761,#6762),.UNSPECIFIED.,.F.,
  .F.,(2,2),(-15.,42.359290524211),.PIECEWISE_BEZIER_KNOTS.);
#6761 = CARTESIAN_POINT('',(3.552713678801E-15,1.7763568394E-15));
#6762 = CARTESIAN_POINT('',(-33.44440475536,46.6));
#6763 = ( GEOMETRIC_REPRESENTATION_CONTEXT(2) 
PARAMETRIC_REPRESENTATION_CONTEXT() REPRESENTATION_CONTEXT('2D SPACE',''
  ) );
#6764 = PCURVE('',#4499,#6765);
#6765 = DEFINITIONAL_REPRESENTATION('',(#6766),#6769);
#6766 = B_SPLINE_CURVE_WITH_KNOTS('',1,(#6767,#6768),.UNSPECIFIED.,.F.,
  .F.,(2,2),(-15.,42.359290524211),.PIECEWISE_BEZIER_KNOTS.);
#6767 = CARTESIAN_POINT('',(0.75,-30.));
#6768 = CARTESIAN_POINT('',(0.75,27.359290524211));
#6769 = ( GEOMETRIC_REPRESENTATION_CONTEXT(2) 
PARAMETRIC_REPRESENTATION_CONTEXT() REPRESENTATION_CONTEXT('2D SPACE',''
  ) );
#6770 = ORIENTED_EDGE('',*,*,#6771,.T.);
#6771 = EDGE_CURVE('',#6751,#6678,#6772,.T.);
#6772 = SURFACE_CURVE('',#6773,(#6778,#6785),.PCURVE_S1.);
#6773 = CIRCLE('',#6774,46.6);
#6774 = AXIS2_PLACEMENT_3D('',#6775,#6776,#6777);
#6775 = CARTESIAN_POINT('',(0.,0.,-388.));
#6776 = DIRECTION('',(0.,0.,1.));
#6777 = DIRECTION('',(1.,0.,-0.));
#6778 = PCURVE('',#6692,#6779);
#6779 = DEFINITIONAL_REPRESENTATION('',(#6780),#6784);
#6780 = CIRCLE('',#6781,46.6);
#6781 = AXIS2_PLACEMENT_2D('',#6782,#6783);
#6782 = CARTESIAN_POINT('',(0.,0.));
#6783 = DIRECTION('',(1.,0.));
#6784 = ( GEOMETRIC_REPRESENTATION_CONTEXT(2) 
PARAMETRIC_REPRESENTATION_CONTEXT() REPRESENTATION_CONTEXT('2D SPACE',''
  ) );
#6785 = PCURVE('',#4527,#6786);
#6786 = DEFINITIONAL_REPRESENTATION('',(#6787),#6791);
#6787 = LINE('',#6788,#6789);
#6788 = CARTESIAN_POINT('',(0.,0.));
#6789 = VECTOR('',#6790,1.);
#6790 = DIRECTION('',(1.,0.));
#6791 = ( GEOMETRIC_REPRESENTATION_CONTEXT(2) 
PARAMETRIC_REPRESENTATION_CONTEXT() REPRESENTATION_CONTEXT('2D SPACE',''
  ) );
#6792 = ORIENTED_EDGE('',*,*,#6677,.F.);
#6793 = ADVANCED_FACE('',(#6794),#4527,.T.);
#6794 = FACE_BOUND('',#6795,.T.);
#6795 = EDGE_LOOP('',(#6796,#6797,#6816,#6817));
#6796 = ORIENTED_EDGE('',*,*,#4510,.F.);
#6797 = ORIENTED_EDGE('',*,*,#6798,.F.);
#6798 = EDGE_CURVE('',#6751,#4484,#6799,.T.);
#6799 = SURFACE_CURVE('',#6800,(#6804,#6810),.PCURVE_S1.);
#6800 = LINE('',#6801,#6802);
#6801 = CARTESIAN_POINT('',(-27.17099962982,37.858906206021,-388.));
#6802 = VECTOR('',#6803,1.);
#6803 = DIRECTION('',(0.,0.,1.));
#6804 = PCURVE('',#4527,#6805);
#6805 = DEFINITIONAL_REPRESENTATION('',(#6806),#6809);
#6806 = B_SPLINE_CURVE_WITH_KNOTS('',1,(#6807,#6808),.UNSPECIFIED.,.F.,
  .F.,(2,2),(-6.000000212225E-07,1.5000006),.PIECEWISE_BEZIER_KNOTS.);
#6807 = CARTESIAN_POINT('',(2.19329709334,-6.000000212225E-07));
#6808 = CARTESIAN_POINT('',(2.19329709334,1.5000006));
#6809 = ( GEOMETRIC_REPRESENTATION_CONTEXT(2) 
PARAMETRIC_REPRESENTATION_CONTEXT() REPRESENTATION_CONTEXT('2D SPACE',''
  ) );
#6810 = PCURVE('',#4499,#6811);
#6811 = DEFINITIONAL_REPRESENTATION('',(#6812),#6815);
#6812 = B_SPLINE_CURVE_WITH_KNOTS('',1,(#6813,#6814),.UNSPECIFIED.,.F.,
  .F.,(2,2),(-6.000000212225E-07,1.5000006),.PIECEWISE_BEZIER_KNOTS.);
#6813 = CARTESIAN_POINT('',(0.7500006,16.6));
#6814 = CARTESIAN_POINT('',(-0.7500006,16.6));
#6815 = ( GEOMETRIC_REPRESENTATION_CONTEXT(2) 
PARAMETRIC_REPRESENTATION_CONTEXT() REPRESENTATION_CONTEXT('2D SPACE',''
  ) );
#6816 = ORIENTED_EDGE('',*,*,#6771,.T.);
#6817 = ORIENTED_EDGE('',*,*,#6703,.T.);
#6818 = ADVANCED_FACE('',(#6819),#4499,.T.);
#6819 = FACE_BOUND('',#6820,.T.);
#6820 = EDGE_LOOP('',(#6821,#6840,#6841,#6842));
#6821 = ORIENTED_EDGE('',*,*,#6822,.F.);
#6822 = EDGE_CURVE('',#6727,#4460,#6823,.T.);
#6823 = SURFACE_CURVE('',#6824,(#6828,#6834),.PCURVE_S1.);
#6824 = LINE('',#6825,#6826);
#6825 = CARTESIAN_POINT('',(-25.88824857433,36.071575870114,-396.2));
#6826 = VECTOR('',#6827,1.);
#6827 = DIRECTION('',(0.,0.,1.));
#6828 = PCURVE('',#4499,#6829);
#6829 = DEFINITIONAL_REPRESENTATION('',(#6830),#6833);
#6830 = B_SPLINE_CURVE_WITH_KNOTS('',1,(#6831,#6832),.UNSPECIFIED.,.F.,
  .F.,(2,2),(8.05,9.7000006),.PIECEWISE_BEZIER_KNOTS.);
#6831 = CARTESIAN_POINT('',(0.9,14.4));
#6832 = CARTESIAN_POINT('',(-0.7500006,14.4));
#6833 = ( GEOMETRIC_REPRESENTATION_CONTEXT(2) 
PARAMETRIC_REPRESENTATION_CONTEXT() REPRESENTATION_CONTEXT('2D SPACE',''
  ) );
#6834 = PCURVE('',#4019,#6835);
#6835 = DEFINITIONAL_REPRESENTATION('',(#6836),#6839);
#6836 = B_SPLINE_CURVE_WITH_KNOTS('',1,(#6837,#6838),.UNSPECIFIED.,.F.,
  .F.,(2,2),(8.05,9.7000006),.PIECEWISE_BEZIER_KNOTS.);
#6837 = CARTESIAN_POINT('',(2.19329709334,8.05));
#6838 = CARTESIAN_POINT('',(2.19329709334,9.7000006));
#6839 = ( GEOMETRIC_REPRESENTATION_CONTEXT(2) 
PARAMETRIC_REPRESENTATION_CONTEXT() REPRESENTATION_CONTEXT('2D SPACE',''
  ) );
#6840 = ORIENTED_EDGE('',*,*,#6750,.T.);
#6841 = ORIENTED_EDGE('',*,*,#6798,.T.);
#6842 = ORIENTED_EDGE('',*,*,#4483,.F.);
#6843 = ADVANCED_FACE('',(#6844),#4448,.F.);
#6844 = FACE_BOUND('',#6845,.F.);
#6845 = EDGE_LOOP('',(#6846,#6867,#6893,#6912));
#6846 = ORIENTED_EDGE('',*,*,#6847,.F.);
#6847 = EDGE_CURVE('',#6848,#4433,#6850,.T.);
#6848 = VERTEX_POINT('',#6849);
#6849 = CARTESIAN_POINT('',(-18.29477677088,40.455668859918,-388.));
#6850 = SURFACE_CURVE('',#6851,(#6855,#6861),.PCURVE_S1.);
#6851 = LINE('',#6852,#6853);
#6852 = CARTESIAN_POINT('',(-18.29477677088,40.455668859918,-396.2));
#6853 = VECTOR('',#6854,1.);
#6854 = DIRECTION('',(0.,0.,1.));
#6855 = PCURVE('',#4448,#6856);
#6856 = DEFINITIONAL_REPRESENTATION('',(#6857),#6860);
#6857 = B_SPLINE_CURVE_WITH_KNOTS('',1,(#6858,#6859),.UNSPECIFIED.,.F.,
  .F.,(2,2),(8.05,9.7000006),.PIECEWISE_BEZIER_KNOTS.);
#6858 = CARTESIAN_POINT('',(0.9,14.4));
#6859 = CARTESIAN_POINT('',(-0.7500006,14.4));
#6860 = ( GEOMETRIC_REPRESENTATION_CONTEXT(2) 
PARAMETRIC_REPRESENTATION_CONTEXT() REPRESENTATION_CONTEXT('2D SPACE',''
  ) );
#6861 = PCURVE('',#4019,#6862);
#6862 = DEFINITIONAL_REPRESENTATION('',(#6863),#6866);
#6863 = B_SPLINE_CURVE_WITH_KNOTS('',1,(#6864,#6865),.UNSPECIFIED.,.F.,
  .F.,(2,2),(8.05,9.7000006),.PIECEWISE_BEZIER_KNOTS.);
#6864 = CARTESIAN_POINT('',(1.995493111447,8.05));
#6865 = CARTESIAN_POINT('',(1.995493111447,9.7000006));
#6866 = ( GEOMETRIC_REPRESENTATION_CONTEXT(2) 
PARAMETRIC_REPRESENTATION_CONTEXT() REPRESENTATION_CONTEXT('2D SPACE',''
  ) );
#6867 = ORIENTED_EDGE('',*,*,#6868,.T.);
#6868 = EDGE_CURVE('',#6848,#6869,#6871,.T.);
#6869 = VERTEX_POINT('',#6870);
#6870 = CARTESIAN_POINT('',(-19.20127471899,42.460229028653,-388.));
#6871 = SURFACE_CURVE('',#6872,(#6876,#6882),.PCURVE_S1.);
#6872 = LINE('',#6873,#6874);
#6873 = CARTESIAN_POINT('',(-6.180667828003,13.667455695918,-388.));
#6874 = VECTOR('',#6875,1.);
#6875 = DIRECTION('',(-0.412044521867,0.911163713061,0.));
#6876 = PCURVE('',#4448,#6877);
#6877 = DEFINITIONAL_REPRESENTATION('',(#6878),#6881);
#6878 = B_SPLINE_CURVE_WITH_KNOTS('',1,(#6879,#6880),.UNSPECIFIED.,.F.,
  .F.,(2,2),(-15.,36.143388758798),.PIECEWISE_BEZIER_KNOTS.);
#6879 = CARTESIAN_POINT('',(0.75,-30.));
#6880 = CARTESIAN_POINT('',(0.75,21.143388758798));
#6881 = ( GEOMETRIC_REPRESENTATION_CONTEXT(2) 
PARAMETRIC_REPRESENTATION_CONTEXT() REPRESENTATION_CONTEXT('2D SPACE',''
  ) );
#6882 = PCURVE('',#6883,#6888);
#6883 = PLANE('',#6884);
#6884 = AXIS2_PLACEMENT_3D('',#6885,#6886,#6887);
#6885 = CARTESIAN_POINT('',(0.,0.,-388.));
#6886 = DIRECTION('',(0.,0.,1.));
#6887 = DIRECTION('',(1.,0.,-0.));
#6888 = DEFINITIONAL_REPRESENTATION('',(#6889),#6892);
#6889 = B_SPLINE_CURVE_WITH_KNOTS('',1,(#6890,#6891),.UNSPECIFIED.,.F.,
  .F.,(2,2),(-15.,36.143388758798),.PIECEWISE_BEZIER_KNOTS.);
#6890 = CARTESIAN_POINT('',(-8.881784197001E-16,1.7763568394E-15));
#6891 = CARTESIAN_POINT('',(-21.07335316777,46.6));
#6892 = ( GEOMETRIC_REPRESENTATION_CONTEXT(2) 
PARAMETRIC_REPRESENTATION_CONTEXT() REPRESENTATION_CONTEXT('2D SPACE',''
  ) );
#6893 = ORIENTED_EDGE('',*,*,#6894,.T.);
#6894 = EDGE_CURVE('',#6869,#4404,#6895,.T.);
#6895 = SURFACE_CURVE('',#6896,(#6900,#6906),.PCURVE_S1.);
#6896 = LINE('',#6897,#6898);
#6897 = CARTESIAN_POINT('',(-19.20127471899,42.460229028653,-388.));
#6898 = VECTOR('',#6899,1.);
#6899 = DIRECTION('',(0.,0.,1.));
#6900 = PCURVE('',#4448,#6901);
#6901 = DEFINITIONAL_REPRESENTATION('',(#6902),#6905);
#6902 = B_SPLINE_CURVE_WITH_KNOTS('',1,(#6903,#6904),.UNSPECIFIED.,.F.,
  .F.,(2,2),(-6.000000212225E-07,1.5000006),.PIECEWISE_BEZIER_KNOTS.);
#6903 = CARTESIAN_POINT('',(0.7500006,16.6));
#6904 = CARTESIAN_POINT('',(-0.7500006,16.6));
#6905 = ( GEOMETRIC_REPRESENTATION_CONTEXT(2) 
PARAMETRIC_REPRESENTATION_CONTEXT() REPRESENTATION_CONTEXT('2D SPACE',''
  ) );
#6906 = PCURVE('',#4420,#6907);
#6907 = DEFINITIONAL_REPRESENTATION('',(#6908),#6911);
#6908 = B_SPLINE_CURVE_WITH_KNOTS('',1,(#6909,#6910),.UNSPECIFIED.,.F.,
  .F.,(2,2),(-6.000000212225E-07,1.5000006),.PIECEWISE_BEZIER_KNOTS.);
#6909 = CARTESIAN_POINT('',(1.995493111447,-6.000000212225E-07));
#6910 = CARTESIAN_POINT('',(1.995493111447,1.5000006));
#6911 = ( GEOMETRIC_REPRESENTATION_CONTEXT(2) 
PARAMETRIC_REPRESENTATION_CONTEXT() REPRESENTATION_CONTEXT('2D SPACE',''
  ) );
#6912 = ORIENTED_EDGE('',*,*,#4432,.F.);
#6913 = ADVANCED_FACE('',(#6914),#6883,.F.);
#6914 = FACE_BOUND('',#6915,.F.);
#6915 = EDGE_LOOP('',(#6916,#6940,#6961,#6983));
#6916 = ORIENTED_EDGE('',*,*,#6917,.F.);
#6917 = EDGE_CURVE('',#6918,#6848,#6920,.T.);
#6918 = VERTEX_POINT('',#6919);
#6919 = CARTESIAN_POINT('',(-4.384092989804,44.183025345225,-388.));
#6920 = SURFACE_CURVE('',#6921,(#6926,#6933),.PCURVE_S1.);
#6921 = CIRCLE('',#6922,44.4);
#6922 = AXIS2_PLACEMENT_3D('',#6923,#6924,#6925);
#6923 = CARTESIAN_POINT('',(0.,0.,-388.));
#6924 = DIRECTION('',(0.,0.,1.));
#6925 = DIRECTION('',(1.,0.,-0.));
#6926 = PCURVE('',#6883,#6927);
#6927 = DEFINITIONAL_REPRESENTATION('',(#6928),#6932);
#6928 = CIRCLE('',#6929,44.4);
#6929 = AXIS2_PLACEMENT_2D('',#6930,#6931);
#6930 = CARTESIAN_POINT('',(0.,0.));
#6931 = DIRECTION('',(1.,0.));
#6932 = ( GEOMETRIC_REPRESENTATION_CONTEXT(2) 
PARAMETRIC_REPRESENTATION_CONTEXT() REPRESENTATION_CONTEXT('2D SPACE',''
  ) );
#6933 = PCURVE('',#4019,#6934);
#6934 = DEFINITIONAL_REPRESENTATION('',(#6935),#6939);
#6935 = LINE('',#6936,#6937);
#6936 = CARTESIAN_POINT('',(0.,8.2));
#6937 = VECTOR('',#6938,1.);
#6938 = DIRECTION('',(1.,0.));
#6939 = ( GEOMETRIC_REPRESENTATION_CONTEXT(2) 
PARAMETRIC_REPRESENTATION_CONTEXT() REPRESENTATION_CONTEXT('2D SPACE',''
  ) );
#6940 = ORIENTED_EDGE('',*,*,#6941,.T.);
#6941 = EDGE_CURVE('',#6918,#6942,#6944,.T.);
#6942 = VERTEX_POINT('',#6943);
#6943 = CARTESIAN_POINT('',(-4.601322822632,46.372274348817,-388.));
#6944 = SURFACE_CURVE('',#6945,(#6949,#6955),.PCURVE_S1.);
#6945 = LINE('',#6946,#6947);
#6946 = CARTESIAN_POINT('',(-1.481112496555,14.926697751765,-388.));
#6947 = VECTOR('',#6948,1.);
#6948 = DIRECTION('',(-9.874083310369E-02,0.995113183451,0.));
#6949 = PCURVE('',#6883,#6950);
#6950 = DEFINITIONAL_REPRESENTATION('',(#6951),#6954);
#6951 = B_SPLINE_CURVE_WITH_KNOTS('',1,(#6952,#6953),.UNSPECIFIED.,.F.,
  .F.,(2,2),(-15.,31.828843969681),.PIECEWISE_BEZIER_KNOTS.);
#6952 = CARTESIAN_POINT('',(6.661338147751E-16,0.));
#6953 = CARTESIAN_POINT('',(-4.623919066849,46.6));
#6954 = ( GEOMETRIC_REPRESENTATION_CONTEXT(2) 
PARAMETRIC_REPRESENTATION_CONTEXT() REPRESENTATION_CONTEXT('2D SPACE',''
  ) );
#6955 = PCURVE('',#4392,#6956);
#6956 = DEFINITIONAL_REPRESENTATION('',(#6957),#6960);
#6957 = B_SPLINE_CURVE_WITH_KNOTS('',1,(#6958,#6959),.UNSPECIFIED.,.F.,
  .F.,(2,2),(-15.,31.828843969681),.PIECEWISE_BEZIER_KNOTS.);
#6958 = CARTESIAN_POINT('',(0.75,-30.));
#6959 = CARTESIAN_POINT('',(0.75,16.828843969681));
#6960 = ( GEOMETRIC_REPRESENTATION_CONTEXT(2) 
PARAMETRIC_REPRESENTATION_CONTEXT() REPRESENTATION_CONTEXT('2D SPACE',''
  ) );
#6961 = ORIENTED_EDGE('',*,*,#6962,.T.);
#6962 = EDGE_CURVE('',#6942,#6869,#6963,.T.);
#6963 = SURFACE_CURVE('',#6964,(#6969,#6976),.PCURVE_S1.);
#6964 = CIRCLE('',#6965,46.6);
#6965 = AXIS2_PLACEMENT_3D('',#6966,#6967,#6968);
#6966 = CARTESIAN_POINT('',(0.,0.,-388.));
#6967 = DIRECTION('',(0.,0.,1.));
#6968 = DIRECTION('',(1.,0.,-0.));
#6969 = PCURVE('',#6883,#6970);
#6970 = DEFINITIONAL_REPRESENTATION('',(#6971),#6975);
#6971 = CIRCLE('',#6972,46.6);
#6972 = AXIS2_PLACEMENT_2D('',#6973,#6974);
#6973 = CARTESIAN_POINT('',(0.,0.));
#6974 = DIRECTION('',(1.,0.));
#6975 = ( GEOMETRIC_REPRESENTATION_CONTEXT(2) 
PARAMETRIC_REPRESENTATION_CONTEXT() REPRESENTATION_CONTEXT('2D SPACE',''
  ) );
#6976 = PCURVE('',#4420,#6977);
#6977 = DEFINITIONAL_REPRESENTATION('',(#6978),#6982);
#6978 = LINE('',#6979,#6980);
#6979 = CARTESIAN_POINT('',(0.,0.));
#6980 = VECTOR('',#6981,1.);
#6981 = DIRECTION('',(1.,0.));
#6982 = ( GEOMETRIC_REPRESENTATION_CONTEXT(2) 
PARAMETRIC_REPRESENTATION_CONTEXT() REPRESENTATION_CONTEXT('2D SPACE',''
  ) );
#6983 = ORIENTED_EDGE('',*,*,#6868,.F.);
#6984 = ADVANCED_FACE('',(#6985),#4420,.T.);
#6985 = FACE_BOUND('',#6986,.T.);
#6986 = EDGE_LOOP('',(#6987,#6988,#7007,#7008));
#6987 = ORIENTED_EDGE('',*,*,#4403,.F.);
#6988 = ORIENTED_EDGE('',*,*,#6989,.F.);
#6989 = EDGE_CURVE('',#6942,#4377,#6990,.T.);
#6990 = SURFACE_CURVE('',#6991,(#6995,#7001),.PCURVE_S1.);
#6991 = LINE('',#6992,#6993);
#6992 = CARTESIAN_POINT('',(-4.601322822632,46.372274348817,-388.));
#6993 = VECTOR('',#6994,1.);
#6994 = DIRECTION('',(0.,0.,1.));
#6995 = PCURVE('',#4420,#6996);
#6996 = DEFINITIONAL_REPRESENTATION('',(#6997),#7000);
#6997 = B_SPLINE_CURVE_WITH_KNOTS('',1,(#6998,#6999),.UNSPECIFIED.,.F.,
  .F.,(2,2),(-6.000000212225E-07,1.5000006),.PIECEWISE_BEZIER_KNOTS.);
#6998 = CARTESIAN_POINT('',(1.669698317741,-6.000000212225E-07));
#6999 = CARTESIAN_POINT('',(1.669698317741,1.5000006));
#7000 = ( GEOMETRIC_REPRESENTATION_CONTEXT(2) 
PARAMETRIC_REPRESENTATION_CONTEXT() REPRESENTATION_CONTEXT('2D SPACE',''
  ) );
#7001 = PCURVE('',#4392,#7002);
#7002 = DEFINITIONAL_REPRESENTATION('',(#7003),#7006);
#7003 = B_SPLINE_CURVE_WITH_KNOTS('',1,(#7004,#7005),.UNSPECIFIED.,.F.,
  .F.,(2,2),(-6.000000212225E-07,1.5000006),.PIECEWISE_BEZIER_KNOTS.);
#7004 = CARTESIAN_POINT('',(0.7500006,16.6));
#7005 = CARTESIAN_POINT('',(-0.7500006,16.6));
#7006 = ( GEOMETRIC_REPRESENTATION_CONTEXT(2) 
PARAMETRIC_REPRESENTATION_CONTEXT() REPRESENTATION_CONTEXT('2D SPACE',''
  ) );
#7007 = ORIENTED_EDGE('',*,*,#6962,.T.);
#7008 = ORIENTED_EDGE('',*,*,#6894,.T.);
#7009 = ADVANCED_FACE('',(#7010),#4392,.T.);
#7010 = FACE_BOUND('',#7011,.T.);
#7011 = EDGE_LOOP('',(#7012,#7031,#7032,#7033));
#7012 = ORIENTED_EDGE('',*,*,#7013,.F.);
#7013 = EDGE_CURVE('',#6918,#4353,#7014,.T.);
#7014 = SURFACE_CURVE('',#7015,(#7019,#7025),.PCURVE_S1.);
#7015 = LINE('',#7016,#7017);
#7016 = CARTESIAN_POINT('',(-4.384092989804,44.183025345225,-396.2));
#7017 = VECTOR('',#7018,1.);
#7018 = DIRECTION('',(0.,0.,1.));
#7019 = PCURVE('',#4392,#7020);
#7020 = DEFINITIONAL_REPRESENTATION('',(#7021),#7024);
#7021 = B_SPLINE_CURVE_WITH_KNOTS('',1,(#7022,#7023),.UNSPECIFIED.,.F.,
  .F.,(2,2),(8.05,9.7000006),.PIECEWISE_BEZIER_KNOTS.);
#7022 = CARTESIAN_POINT('',(0.9,14.4));
#7023 = CARTESIAN_POINT('',(-0.7500006,14.4));
#7024 = ( GEOMETRIC_REPRESENTATION_CONTEXT(2) 
PARAMETRIC_REPRESENTATION_CONTEXT() REPRESENTATION_CONTEXT('2D SPACE',''
  ) );
#7025 = PCURVE('',#4019,#7026);
#7026 = DEFINITIONAL_REPRESENTATION('',(#7027),#7030);
#7027 = B_SPLINE_CURVE_WITH_KNOTS('',1,(#7028,#7029),.UNSPECIFIED.,.F.,
  .F.,(2,2),(8.05,9.7000006),.PIECEWISE_BEZIER_KNOTS.);
#7028 = CARTESIAN_POINT('',(1.669698317741,8.05));
#7029 = CARTESIAN_POINT('',(1.669698317741,9.7000006));
#7030 = ( GEOMETRIC_REPRESENTATION_CONTEXT(2) 
PARAMETRIC_REPRESENTATION_CONTEXT() REPRESENTATION_CONTEXT('2D SPACE',''
  ) );
#7031 = ORIENTED_EDGE('',*,*,#6941,.T.);
#7032 = ORIENTED_EDGE('',*,*,#6989,.T.);
#7033 = ORIENTED_EDGE('',*,*,#4376,.F.);
#7034 = ADVANCED_FACE('',(#7035),#4341,.F.);
#7035 = FACE_BOUND('',#7036,.F.);
#7036 = EDGE_LOOP('',(#7037,#7058,#7084,#7103));
#7037 = ORIENTED_EDGE('',*,*,#7038,.F.);
#7038 = EDGE_CURVE('',#7039,#4326,#7041,.T.);
#7039 = VERTEX_POINT('',#7040);
#7040 = CARTESIAN_POINT('',(4.384092989804,44.183025345225,-388.));
#7041 = SURFACE_CURVE('',#7042,(#7046,#7052),.PCURVE_S1.);
#7042 = LINE('',#7043,#7044);
#7043 = CARTESIAN_POINT('',(4.384092989804,44.183025345225,-396.2));
#7044 = VECTOR('',#7045,1.);
#7045 = DIRECTION('',(0.,0.,1.));
#7046 = PCURVE('',#4341,#7047);
#7047 = DEFINITIONAL_REPRESENTATION('',(#7048),#7051);
#7048 = B_SPLINE_CURVE_WITH_KNOTS('',1,(#7049,#7050),.UNSPECIFIED.,.F.,
  .F.,(2,2),(8.05,9.7000006),.PIECEWISE_BEZIER_KNOTS.);
#7049 = CARTESIAN_POINT('',(0.9,14.4));
#7050 = CARTESIAN_POINT('',(-0.7500006,14.4));
#7051 = ( GEOMETRIC_REPRESENTATION_CONTEXT(2) 
PARAMETRIC_REPRESENTATION_CONTEXT() REPRESENTATION_CONTEXT('2D SPACE',''
  ) );
#7052 = PCURVE('',#4019,#7053);
#7053 = DEFINITIONAL_REPRESENTATION('',(#7054),#7057);
#7054 = B_SPLINE_CURVE_WITH_KNOTS('',1,(#7055,#7056),.UNSPECIFIED.,.F.,
  .F.,(2,2),(8.05,9.7000006),.PIECEWISE_BEZIER_KNOTS.);
#7055 = CARTESIAN_POINT('',(1.471894335849,8.05));
#7056 = CARTESIAN_POINT('',(1.471894335849,9.7000006));
#7057 = ( GEOMETRIC_REPRESENTATION_CONTEXT(2) 
PARAMETRIC_REPRESENTATION_CONTEXT() REPRESENTATION_CONTEXT('2D SPACE',''
  ) );
#7058 = ORIENTED_EDGE('',*,*,#7059,.T.);
#7059 = EDGE_CURVE('',#7039,#7060,#7062,.T.);
#7060 = VERTEX_POINT('',#7061);
#7061 = CARTESIAN_POINT('',(4.601322822632,46.372274348817,-388.));
#7062 = SURFACE_CURVE('',#7063,(#7067,#7073),.PCURVE_S1.);
#7063 = LINE('',#7064,#7065);
#7064 = CARTESIAN_POINT('',(1.481112496555,14.926697751765,-388.));
#7065 = VECTOR('',#7066,1.);
#7066 = DIRECTION('',(9.874083310369E-02,0.995113183451,-0.));
#7067 = PCURVE('',#4341,#7068);
#7068 = DEFINITIONAL_REPRESENTATION('',(#7069),#7072);
#7069 = B_SPLINE_CURVE_WITH_KNOTS('',1,(#7070,#7071),.UNSPECIFIED.,.F.,
  .F.,(2,2),(-15.,31.828843969681),.PIECEWISE_BEZIER_KNOTS.);
#7070 = CARTESIAN_POINT('',(0.75,-30.));
#7071 = CARTESIAN_POINT('',(0.75,16.828843969681));
#7072 = ( GEOMETRIC_REPRESENTATION_CONTEXT(2) 
PARAMETRIC_REPRESENTATION_CONTEXT() REPRESENTATION_CONTEXT('2D SPACE',''
  ) );
#7073 = PCURVE('',#7074,#7079);
#7074 = PLANE('',#7075);
#7075 = AXIS2_PLACEMENT_3D('',#7076,#7077,#7078);
#7076 = CARTESIAN_POINT('',(0.,0.,-388.));
#7077 = DIRECTION('',(0.,0.,1.));
#7078 = DIRECTION('',(1.,0.,-0.));
#7079 = DEFINITIONAL_REPRESENTATION('',(#7080),#7083);
#7080 = B_SPLINE_CURVE_WITH_KNOTS('',1,(#7081,#7082),.UNSPECIFIED.,.F.,
  .F.,(2,2),(-15.,31.828843969681),.PIECEWISE_BEZIER_KNOTS.);
#7081 = CARTESIAN_POINT('',(-6.661338147751E-16,0.));
#7082 = CARTESIAN_POINT('',(4.623919066849,46.6));
#7083 = ( GEOMETRIC_REPRESENTATION_CONTEXT(2) 
PARAMETRIC_REPRESENTATION_CONTEXT() REPRESENTATION_CONTEXT('2D SPACE',''
  ) );
#7084 = ORIENTED_EDGE('',*,*,#7085,.T.);
#7085 = EDGE_CURVE('',#7060,#4297,#7086,.T.);
#7086 = SURFACE_CURVE('',#7087,(#7091,#7097),.PCURVE_S1.);
#7087 = LINE('',#7088,#7089);
#7088 = CARTESIAN_POINT('',(4.601322822632,46.372274348817,-388.));
#7089 = VECTOR('',#7090,1.);
#7090 = DIRECTION('',(0.,0.,1.));
#7091 = PCURVE('',#4341,#7092);
#7092 = DEFINITIONAL_REPRESENTATION('',(#7093),#7096);
#7093 = B_SPLINE_CURVE_WITH_KNOTS('',1,(#7094,#7095),.UNSPECIFIED.,.F.,
  .F.,(2,2),(-6.000000212225E-07,1.5000006),.PIECEWISE_BEZIER_KNOTS.);
#7094 = CARTESIAN_POINT('',(0.7500006,16.6));
#7095 = CARTESIAN_POINT('',(-0.7500006,16.6));
#7096 = ( GEOMETRIC_REPRESENTATION_CONTEXT(2) 
PARAMETRIC_REPRESENTATION_CONTEXT() REPRESENTATION_CONTEXT('2D SPACE',''
  ) );
#7097 = PCURVE('',#4313,#7098);
#7098 = DEFINITIONAL_REPRESENTATION('',(#7099),#7102);
#7099 = B_SPLINE_CURVE_WITH_KNOTS('',1,(#7100,#7101),.UNSPECIFIED.,.F.,
  .F.,(2,2),(-6.000000212225E-07,1.5000006),.PIECEWISE_BEZIER_KNOTS.);
#7100 = CARTESIAN_POINT('',(1.471894335849,-6.000000212225E-07));
#7101 = CARTESIAN_POINT('',(1.471894335849,1.5000006));
#7102 = ( GEOMETRIC_REPRESENTATION_CONTEXT(2) 
PARAMETRIC_REPRESENTATION_CONTEXT() REPRESENTATION_CONTEXT('2D SPACE',''
  ) );
#7103 = ORIENTED_EDGE('',*,*,#4325,.F.);
#7104 = ADVANCED_FACE('',(#7105),#7074,.F.);
#7105 = FACE_BOUND('',#7106,.F.);
#7106 = EDGE_LOOP('',(#7107,#7131,#7152,#7174));
#7107 = ORIENTED_EDGE('',*,*,#7108,.F.);
#7108 = EDGE_CURVE('',#7109,#7039,#7111,.T.);
#7109 = VERTEX_POINT('',#7110);
#7110 = CARTESIAN_POINT('',(18.294776770889,40.455668859918,-388.));
#7111 = SURFACE_CURVE('',#7112,(#7117,#7124),.PCURVE_S1.);
#7112 = CIRCLE('',#7113,44.4);
#7113 = AXIS2_PLACEMENT_3D('',#7114,#7115,#7116);
#7114 = CARTESIAN_POINT('',(0.,0.,-388.));
#7115 = DIRECTION('',(0.,0.,1.));
#7116 = DIRECTION('',(1.,0.,-0.));
#7117 = PCURVE('',#7074,#7118);
#7118 = DEFINITIONAL_REPRESENTATION('',(#7119),#7123);
#7119 = CIRCLE('',#7120,44.4);
#7120 = AXIS2_PLACEMENT_2D('',#7121,#7122);
#7121 = CARTESIAN_POINT('',(0.,0.));
#7122 = DIRECTION('',(1.,0.));
#7123 = ( GEOMETRIC_REPRESENTATION_CONTEXT(2) 
PARAMETRIC_REPRESENTATION_CONTEXT() REPRESENTATION_CONTEXT('2D SPACE',''
  ) );
#7124 = PCURVE('',#4019,#7125);
#7125 = DEFINITIONAL_REPRESENTATION('',(#7126),#7130);
#7126 = LINE('',#7127,#7128);
#7127 = CARTESIAN_POINT('',(0.,8.2));
#7128 = VECTOR('',#7129,1.);
#7129 = DIRECTION('',(1.,0.));
#7130 = ( GEOMETRIC_REPRESENTATION_CONTEXT(2) 
PARAMETRIC_REPRESENTATION_CONTEXT() REPRESENTATION_CONTEXT('2D SPACE',''
  ) );
#7131 = ORIENTED_EDGE('',*,*,#7132,.T.);
#7132 = EDGE_CURVE('',#7109,#7133,#7135,.T.);
#7133 = VERTEX_POINT('',#7134);
#7134 = CARTESIAN_POINT('',(19.201274718996,42.460229028653,-388.));
#7135 = SURFACE_CURVE('',#7136,(#7140,#7146),.PCURVE_S1.);
#7136 = LINE('',#7137,#7138);
#7137 = CARTESIAN_POINT('',(6.180667828003,13.667455695918,-388.));
#7138 = VECTOR('',#7139,1.);
#7139 = DIRECTION('',(0.412044521867,0.911163713061,-0.));
#7140 = PCURVE('',#7074,#7141);
#7141 = DEFINITIONAL_REPRESENTATION('',(#7142),#7145);
#7142 = B_SPLINE_CURVE_WITH_KNOTS('',1,(#7143,#7144),.UNSPECIFIED.,.F.,
  .F.,(2,2),(-15.,36.143388758798),.PIECEWISE_BEZIER_KNOTS.);
#7143 = CARTESIAN_POINT('',(-8.881784197001E-16,1.7763568394E-15));
#7144 = CARTESIAN_POINT('',(21.07335316777,46.6));
#7145 = ( GEOMETRIC_REPRESENTATION_CONTEXT(2) 
PARAMETRIC_REPRESENTATION_CONTEXT() REPRESENTATION_CONTEXT('2D SPACE',''
  ) );
#7146 = PCURVE('',#4285,#7147);
#7147 = DEFINITIONAL_REPRESENTATION('',(#7148),#7151);
#7148 = B_SPLINE_CURVE_WITH_KNOTS('',1,(#7149,#7150),.UNSPECIFIED.,.F.,
  .F.,(2,2),(-15.,36.143388758798),.PIECEWISE_BEZIER_KNOTS.);
#7149 = CARTESIAN_POINT('',(0.75,-30.));
#7150 = CARTESIAN_POINT('',(0.75,21.143388758798));
#7151 = ( GEOMETRIC_REPRESENTATION_CONTEXT(2) 
PARAMETRIC_REPRESENTATION_CONTEXT() REPRESENTATION_CONTEXT('2D SPACE',''
  ) );
#7152 = ORIENTED_EDGE('',*,*,#7153,.T.);
#7153 = EDGE_CURVE('',#7133,#7060,#7154,.T.);
#7154 = SURFACE_CURVE('',#7155,(#7160,#7167),.PCURVE_S1.);
#7155 = CIRCLE('',#7156,46.6);
#7156 = AXIS2_PLACEMENT_3D('',#7157,#7158,#7159);
#7157 = CARTESIAN_POINT('',(0.,0.,-388.));
#7158 = DIRECTION('',(0.,0.,1.));
#7159 = DIRECTION('',(1.,0.,-0.));
#7160 = PCURVE('',#7074,#7161);
#7161 = DEFINITIONAL_REPRESENTATION('',(#7162),#7166);
#7162 = CIRCLE('',#7163,46.6);
#7163 = AXIS2_PLACEMENT_2D('',#7164,#7165);
#7164 = CARTESIAN_POINT('',(0.,0.));
#7165 = DIRECTION('',(1.,0.));
#7166 = ( GEOMETRIC_REPRESENTATION_CONTEXT(2) 
PARAMETRIC_REPRESENTATION_CONTEXT() REPRESENTATION_CONTEXT('2D SPACE',''
  ) );
#7167 = PCURVE('',#4313,#7168);
#7168 = DEFINITIONAL_REPRESENTATION('',(#7169),#7173);
#7169 = LINE('',#7170,#7171);
#7170 = CARTESIAN_POINT('',(0.,0.));
#7171 = VECTOR('',#7172,1.);
#7172 = DIRECTION('',(1.,0.));
#7173 = ( GEOMETRIC_REPRESENTATION_CONTEXT(2) 
PARAMETRIC_REPRESENTATION_CONTEXT() REPRESENTATION_CONTEXT('2D SPACE',''
  ) );
#7174 = ORIENTED_EDGE('',*,*,#7059,.F.);
#7175 = ADVANCED_FACE('',(#7176),#4313,.T.);
#7176 = FACE_BOUND('',#7177,.T.);
#7177 = EDGE_LOOP('',(#7178,#7179,#7198,#7199));
#7178 = ORIENTED_EDGE('',*,*,#4296,.F.);
#7179 = ORIENTED_EDGE('',*,*,#7180,.F.);
#7180 = EDGE_CURVE('',#7133,#4270,#7181,.T.);
#7181 = SURFACE_CURVE('',#7182,(#7186,#7192),.PCURVE_S1.);
#7182 = LINE('',#7183,#7184);
#7183 = CARTESIAN_POINT('',(19.201274718996,42.460229028653,-388.));
#7184 = VECTOR('',#7185,1.);
#7185 = DIRECTION('',(0.,0.,1.));
#7186 = PCURVE('',#4313,#7187);
#7187 = DEFINITIONAL_REPRESENTATION('',(#7188),#7191);
#7188 = B_SPLINE_CURVE_WITH_KNOTS('',1,(#7189,#7190),.UNSPECIFIED.,.F.,
  .F.,(2,2),(-6.000000212225E-07,1.5000006),.PIECEWISE_BEZIER_KNOTS.);
#7189 = CARTESIAN_POINT('',(1.146099542143,-6.000000212225E-07));
#7190 = CARTESIAN_POINT('',(1.146099542143,1.5000006));
#7191 = ( GEOMETRIC_REPRESENTATION_CONTEXT(2) 
PARAMETRIC_REPRESENTATION_CONTEXT() REPRESENTATION_CONTEXT('2D SPACE',''
  ) );
#7192 = PCURVE('',#4285,#7193);
#7193 = DEFINITIONAL_REPRESENTATION('',(#7194),#7197);
#7194 = B_SPLINE_CURVE_WITH_KNOTS('',1,(#7195,#7196),.UNSPECIFIED.,.F.,
  .F.,(2,2),(-6.000000212225E-07,1.5000006),.PIECEWISE_BEZIER_KNOTS.);
#7195 = CARTESIAN_POINT('',(0.7500006,16.6));
#7196 = CARTESIAN_POINT('',(-0.7500006,16.6));
#7197 = ( GEOMETRIC_REPRESENTATION_CONTEXT(2) 
PARAMETRIC_REPRESENTATION_CONTEXT() REPRESENTATION_CONTEXT('2D SPACE',''
  ) );
#7198 = ORIENTED_EDGE('',*,*,#7153,.T.);
#7199 = ORIENTED_EDGE('',*,*,#7085,.T.);
#7200 = ADVANCED_FACE('',(#7201),#4285,.T.);
#7201 = FACE_BOUND('',#7202,.T.);
#7202 = EDGE_LOOP('',(#7203,#7222,#7223,#7224));
#7203 = ORIENTED_EDGE('',*,*,#7204,.F.);
#7204 = EDGE_CURVE('',#7109,#4246,#7205,.T.);
#7205 = SURFACE_CURVE('',#7206,(#7210,#7216),.PCURVE_S1.);
#7206 = LINE('',#7207,#7208);
#7207 = CARTESIAN_POINT('',(18.294776770889,40.455668859918,-396.2));
#7208 = VECTOR('',#7209,1.);
#7209 = DIRECTION('',(0.,0.,1.));
#7210 = PCURVE('',#4285,#7211);
#7211 = DEFINITIONAL_REPRESENTATION('',(#7212),#7215);
#7212 = B_SPLINE_CURVE_WITH_KNOTS('',1,(#7213,#7214),.UNSPECIFIED.,.F.,
  .F.,(2,2),(8.05,9.7000006),.PIECEWISE_BEZIER_KNOTS.);
#7213 = CARTESIAN_POINT('',(0.9,14.4));
#7214 = CARTESIAN_POINT('',(-0.7500006,14.4));
#7215 = ( GEOMETRIC_REPRESENTATION_CONTEXT(2) 
PARAMETRIC_REPRESENTATION_CONTEXT() REPRESENTATION_CONTEXT('2D SPACE',''
  ) );
#7216 = PCURVE('',#4019,#7217);
#7217 = DEFINITIONAL_REPRESENTATION('',(#7218),#7221);
#7218 = B_SPLINE_CURVE_WITH_KNOTS('',1,(#7219,#7220),.UNSPECIFIED.,.F.,
  .F.,(2,2),(8.05,9.7000006),.PIECEWISE_BEZIER_KNOTS.);
#7219 = CARTESIAN_POINT('',(1.146099542143,8.05));
#7220 = CARTESIAN_POINT('',(1.146099542143,9.7000006));
#7221 = ( GEOMETRIC_REPRESENTATION_CONTEXT(2) 
PARAMETRIC_REPRESENTATION_CONTEXT() REPRESENTATION_CONTEXT('2D SPACE',''
  ) );
#7222 = ORIENTED_EDGE('',*,*,#7132,.T.);
#7223 = ORIENTED_EDGE('',*,*,#7180,.T.);
#7224 = ORIENTED_EDGE('',*,*,#4269,.F.);
#7225 = ADVANCED_FACE('',(#7226),#4234,.F.);
#7226 = FACE_BOUND('',#7227,.F.);
#7227 = EDGE_LOOP('',(#7228,#7249,#7275,#7294));
#7228 = ORIENTED_EDGE('',*,*,#7229,.F.);
#7229 = EDGE_CURVE('',#7230,#4219,#7232,.T.);
#7230 = VERTEX_POINT('',#7231);
#7231 = CARTESIAN_POINT('',(25.888248574336,36.071575870114,-388.));
#7232 = SURFACE_CURVE('',#7233,(#7237,#7243),.PCURVE_S1.);
#7233 = LINE('',#7234,#7235);
#7234 = CARTESIAN_POINT('',(25.888248574336,36.071575870114,-396.2));
#7235 = VECTOR('',#7236,1.);
#7236 = DIRECTION('',(0.,0.,1.));
#7237 = PCURVE('',#4234,#7238);
#7238 = DEFINITIONAL_REPRESENTATION('',(#7239),#7242);
#7239 = B_SPLINE_CURVE_WITH_KNOTS('',1,(#7240,#7241),.UNSPECIFIED.,.F.,
  .F.,(2,2),(8.05,9.7000006),.PIECEWISE_BEZIER_KNOTS.);
#7240 = CARTESIAN_POINT('',(0.9,14.4));
#7241 = CARTESIAN_POINT('',(-0.7500006,14.4));
#7242 = ( GEOMETRIC_REPRESENTATION_CONTEXT(2) 
PARAMETRIC_REPRESENTATION_CONTEXT() REPRESENTATION_CONTEXT('2D SPACE',''
  ) );
#7243 = PCURVE('',#4019,#7244);
#7244 = DEFINITIONAL_REPRESENTATION('',(#7245),#7248);
#7245 = B_SPLINE_CURVE_WITH_KNOTS('',1,(#7246,#7247),.UNSPECIFIED.,.F.,
  .F.,(2,2),(8.05,9.7000006),.PIECEWISE_BEZIER_KNOTS.);
#7246 = CARTESIAN_POINT('',(0.94829556025,8.05));
#7247 = CARTESIAN_POINT('',(0.94829556025,9.7000006));
#7248 = ( GEOMETRIC_REPRESENTATION_CONTEXT(2) 
PARAMETRIC_REPRESENTATION_CONTEXT() REPRESENTATION_CONTEXT('2D SPACE',''
  ) );
#7249 = ORIENTED_EDGE('',*,*,#7250,.T.);
#7250 = EDGE_CURVE('',#7230,#7251,#7253,.T.);
#7251 = VERTEX_POINT('',#7252);
#7252 = CARTESIAN_POINT('',(27.170999629821,37.858906206021,-388.));
#7253 = SURFACE_CURVE('',#7254,(#7258,#7264),.PCURVE_S1.);
#7254 = LINE('',#7255,#7256);
#7255 = CARTESIAN_POINT('',(8.746029923762,12.186343199363,-388.));
#7256 = VECTOR('',#7257,1.);
#7257 = DIRECTION('',(0.583068661584,0.812422879958,-0.));
#7258 = PCURVE('',#4234,#7259);
#7259 = DEFINITIONAL_REPRESENTATION('',(#7260),#7263);
#7260 = B_SPLINE_CURVE_WITH_KNOTS('',1,(#7261,#7262),.UNSPECIFIED.,.F.,
  .F.,(2,2),(-15.,42.359290524211),.PIECEWISE_BEZIER_KNOTS.);
#7261 = CARTESIAN_POINT('',(0.75,-30.));
#7262 = CARTESIAN_POINT('',(0.75,27.359290524211));
#7263 = ( GEOMETRIC_REPRESENTATION_CONTEXT(2) 
PARAMETRIC_REPRESENTATION_CONTEXT() REPRESENTATION_CONTEXT('2D SPACE',''
  ) );
#7264 = PCURVE('',#7265,#7270);
#7265 = PLANE('',#7266);
#7266 = AXIS2_PLACEMENT_3D('',#7267,#7268,#7269);
#7267 = CARTESIAN_POINT('',(0.,0.,-388.));
#7268 = DIRECTION('',(0.,0.,1.));
#7269 = DIRECTION('',(1.,0.,-0.));
#7270 = DEFINITIONAL_REPRESENTATION('',(#7271),#7274);
#7271 = B_SPLINE_CURVE_WITH_KNOTS('',1,(#7272,#7273),.UNSPECIFIED.,.F.,
  .F.,(2,2),(-15.,42.359290524211),.PIECEWISE_BEZIER_KNOTS.);
#7272 = CARTESIAN_POINT('',(0.,-1.7763568394E-15));
#7273 = CARTESIAN_POINT('',(33.444404755367,46.6));
#7274 = ( GEOMETRIC_REPRESENTATION_CONTEXT(2) 
PARAMETRIC_REPRESENTATION_CONTEXT() REPRESENTATION_CONTEXT('2D SPACE',''
  ) );
#7275 = ORIENTED_EDGE('',*,*,#7276,.T.);
#7276 = EDGE_CURVE('',#7251,#4190,#7277,.T.);
#7277 = SURFACE_CURVE('',#7278,(#7282,#7288),.PCURVE_S1.);
#7278 = LINE('',#7279,#7280);
#7279 = CARTESIAN_POINT('',(27.170999629821,37.858906206021,-388.));
#7280 = VECTOR('',#7281,1.);
#7281 = DIRECTION('',(0.,0.,1.));
#7282 = PCURVE('',#4234,#7283);
#7283 = DEFINITIONAL_REPRESENTATION('',(#7284),#7287);
#7284 = B_SPLINE_CURVE_WITH_KNOTS('',1,(#7285,#7286),.UNSPECIFIED.,.F.,
  .F.,(2,2),(-6.000000212225E-07,1.5000006),.PIECEWISE_BEZIER_KNOTS.);
#7285 = CARTESIAN_POINT('',(0.7500006,16.6));
#7286 = CARTESIAN_POINT('',(-0.7500006,16.6));
#7287 = ( GEOMETRIC_REPRESENTATION_CONTEXT(2) 
PARAMETRIC_REPRESENTATION_CONTEXT() REPRESENTATION_CONTEXT('2D SPACE',''
  ) );
#7288 = PCURVE('',#4206,#7289);
#7289 = DEFINITIONAL_REPRESENTATION('',(#7290),#7293);
#7290 = B_SPLINE_CURVE_WITH_KNOTS('',1,(#7291,#7292),.UNSPECIFIED.,.F.,
  .F.,(2,2),(-6.000000212225E-07,1.5000006),.PIECEWISE_BEZIER_KNOTS.);
#7291 = CARTESIAN_POINT('',(0.94829556025,-6.000000212225E-07));
#7292 = CARTESIAN_POINT('',(0.94829556025,1.5000006));
#7293 = ( GEOMETRIC_REPRESENTATION_CONTEXT(2) 
PARAMETRIC_REPRESENTATION_CONTEXT() REPRESENTATION_CONTEXT('2D SPACE',''
  ) );
#7294 = ORIENTED_EDGE('',*,*,#4218,.F.);
#7295 = ADVANCED_FACE('',(#7296),#7265,.F.);
#7296 = FACE_BOUND('',#7297,.F.);
#7297 = EDGE_LOOP('',(#7298,#7322,#7343,#7365));
#7298 = ORIENTED_EDGE('',*,*,#7299,.F.);
#7299 = EDGE_CURVE('',#7300,#7230,#7302,.T.);
#7300 = VERTEX_POINT('',#7301);
#7301 = CARTESIAN_POINT('',(36.071575870114,25.888248574336,-388.));
#7302 = SURFACE_CURVE('',#7303,(#7308,#7315),.PCURVE_S1.);
#7303 = CIRCLE('',#7304,44.4);
#7304 = AXIS2_PLACEMENT_3D('',#7305,#7306,#7307);
#7305 = CARTESIAN_POINT('',(0.,0.,-388.));
#7306 = DIRECTION('',(0.,0.,1.));
#7307 = DIRECTION('',(1.,0.,-0.));
#7308 = PCURVE('',#7265,#7309);
#7309 = DEFINITIONAL_REPRESENTATION('',(#7310),#7314);
#7310 = CIRCLE('',#7311,44.4);
#7311 = AXIS2_PLACEMENT_2D('',#7312,#7313);
#7312 = CARTESIAN_POINT('',(0.,0.));
#7313 = DIRECTION('',(1.,0.));
#7314 = ( GEOMETRIC_REPRESENTATION_CONTEXT(2) 
PARAMETRIC_REPRESENTATION_CONTEXT() REPRESENTATION_CONTEXT('2D SPACE',''
  ) );
#7315 = PCURVE('',#4019,#7316);
#7316 = DEFINITIONAL_REPRESENTATION('',(#7317),#7321);
#7317 = LINE('',#7318,#7319);
#7318 = CARTESIAN_POINT('',(0.,8.2));
#7319 = VECTOR('',#7320,1.);
#7320 = DIRECTION('',(1.,0.));
#7321 = ( GEOMETRIC_REPRESENTATION_CONTEXT(2) 
PARAMETRIC_REPRESENTATION_CONTEXT() REPRESENTATION_CONTEXT('2D SPACE',''
  ) );
#7322 = ORIENTED_EDGE('',*,*,#7323,.T.);
#7323 = EDGE_CURVE('',#7300,#7324,#7326,.T.);
#7324 = VERTEX_POINT('',#7325);
#7325 = CARTESIAN_POINT('',(37.858906206021,27.170999629821,-388.));
#7326 = SURFACE_CURVE('',#7327,(#7331,#7337),.PCURVE_S1.);
#7327 = LINE('',#7328,#7329);
#7328 = CARTESIAN_POINT('',(12.186343199363,8.746029923762,-388.));
#7329 = VECTOR('',#7330,1.);
#7330 = DIRECTION('',(0.812422879958,0.583068661584,-0.));
#7331 = PCURVE('',#7265,#7332);
#7332 = DEFINITIONAL_REPRESENTATION('',(#7333),#7336);
#7333 = B_SPLINE_CURVE_WITH_KNOTS('',1,(#7334,#7335),.UNSPECIFIED.,.F.,
  .F.,(2,2),(-15.,42.359290524211),.PIECEWISE_BEZIER_KNOTS.);
#7334 = CARTESIAN_POINT('',(1.7763568394E-15,-3.552713678801E-15));
#7335 = CARTESIAN_POINT('',(46.6,33.444404755367));
#7336 = ( GEOMETRIC_REPRESENTATION_CONTEXT(2) 
PARAMETRIC_REPRESENTATION_CONTEXT() REPRESENTATION_CONTEXT('2D SPACE',''
  ) );
#7337 = PCURVE('',#4178,#7338);
#7338 = DEFINITIONAL_REPRESENTATION('',(#7339),#7342);
#7339 = B_SPLINE_CURVE_WITH_KNOTS('',1,(#7340,#7341),.UNSPECIFIED.,.F.,
  .F.,(2,2),(-15.,42.359290524211),.PIECEWISE_BEZIER_KNOTS.);
#7340 = CARTESIAN_POINT('',(0.75,-30.));
#7341 = CARTESIAN_POINT('',(0.75,27.359290524211));
#7342 = ( GEOMETRIC_REPRESENTATION_CONTEXT(2) 
PARAMETRIC_REPRESENTATION_CONTEXT() REPRESENTATION_CONTEXT('2D SPACE',''
  ) );
#7343 = ORIENTED_EDGE('',*,*,#7344,.T.);
#7344 = EDGE_CURVE('',#7324,#7251,#7345,.T.);
#7345 = SURFACE_CURVE('',#7346,(#7351,#7358),.PCURVE_S1.);
#7346 = CIRCLE('',#7347,46.6);
#7347 = AXIS2_PLACEMENT_3D('',#7348,#7349,#7350);
#7348 = CARTESIAN_POINT('',(0.,0.,-388.));
#7349 = DIRECTION('',(0.,0.,1.));
#7350 = DIRECTION('',(1.,0.,-0.));
#7351 = PCURVE('',#7265,#7352);
#7352 = DEFINITIONAL_REPRESENTATION('',(#7353),#7357);
#7353 = CIRCLE('',#7354,46.6);
#7354 = AXIS2_PLACEMENT_2D('',#7355,#7356);
#7355 = CARTESIAN_POINT('',(0.,0.));
#7356 = DIRECTION('',(1.,0.));
#7357 = ( GEOMETRIC_REPRESENTATION_CONTEXT(2) 
PARAMETRIC_REPRESENTATION_CONTEXT() REPRESENTATION_CONTEXT('2D SPACE',''
  ) );
#7358 = PCURVE('',#4206,#7359);
#7359 = DEFINITIONAL_REPRESENTATION('',(#7360),#7364);
#7360 = LINE('',#7361,#7362);
#7361 = CARTESIAN_POINT('',(0.,0.));
#7362 = VECTOR('',#7363,1.);
#7363 = DIRECTION('',(1.,0.));
#7364 = ( GEOMETRIC_REPRESENTATION_CONTEXT(2) 
PARAMETRIC_REPRESENTATION_CONTEXT() REPRESENTATION_CONTEXT('2D SPACE',''
  ) );
#7365 = ORIENTED_EDGE('',*,*,#7250,.F.);
#7366 = ADVANCED_FACE('',(#7367),#4206,.T.);
#7367 = FACE_BOUND('',#7368,.T.);
#7368 = EDGE_LOOP('',(#7369,#7370,#7389,#7390));
#7369 = ORIENTED_EDGE('',*,*,#4189,.F.);
#7370 = ORIENTED_EDGE('',*,*,#7371,.F.);
#7371 = EDGE_CURVE('',#7324,#4163,#7372,.T.);
#7372 = SURFACE_CURVE('',#7373,(#7377,#7383),.PCURVE_S1.);
#7373 = LINE('',#7374,#7375);
#7374 = CARTESIAN_POINT('',(37.858906206021,27.170999629821,-388.));
#7375 = VECTOR('',#7376,1.);
#7376 = DIRECTION('',(0.,0.,1.));
#7377 = PCURVE('',#4206,#7378);
#7378 = DEFINITIONAL_REPRESENTATION('',(#7379),#7382);
#7379 = B_SPLINE_CURVE_WITH_KNOTS('',1,(#7380,#7381),.UNSPECIFIED.,.F.,
  .F.,(2,2),(-6.000000212225E-07,1.5000006),.PIECEWISE_BEZIER_KNOTS.);
#7380 = CARTESIAN_POINT('',(0.622500766545,-6.000000212225E-07));
#7381 = CARTESIAN_POINT('',(0.622500766545,1.5000006));
#7382 = ( GEOMETRIC_REPRESENTATION_CONTEXT(2) 
PARAMETRIC_REPRESENTATION_CONTEXT() REPRESENTATION_CONTEXT('2D SPACE',''
  ) );
#7383 = PCURVE('',#4178,#7384);
#7384 = DEFINITIONAL_REPRESENTATION('',(#7385),#7388);
#7385 = B_SPLINE_CURVE_WITH_KNOTS('',1,(#7386,#7387),.UNSPECIFIED.,.F.,
  .F.,(2,2),(-6.000000212225E-07,1.5000006),.PIECEWISE_BEZIER_KNOTS.);
#7386 = CARTESIAN_POINT('',(0.7500006,16.6));
#7387 = CARTESIAN_POINT('',(-0.7500006,16.6));
#7388 = ( GEOMETRIC_REPRESENTATION_CONTEXT(2) 
PARAMETRIC_REPRESENTATION_CONTEXT() REPRESENTATION_CONTEXT('2D SPACE',''
  ) );
#7389 = ORIENTED_EDGE('',*,*,#7344,.T.);
#7390 = ORIENTED_EDGE('',*,*,#7276,.T.);
#7391 = ADVANCED_FACE('',(#7392),#4178,.T.);
#7392 = FACE_BOUND('',#7393,.T.);
#7393 = EDGE_LOOP('',(#7394,#7413,#7414,#7415));
#7394 = ORIENTED_EDGE('',*,*,#7395,.F.);
#7395 = EDGE_CURVE('',#7300,#4139,#7396,.T.);
#7396 = SURFACE_CURVE('',#7397,(#7401,#7407),.PCURVE_S1.);
#7397 = LINE('',#7398,#7399);
#7398 = CARTESIAN_POINT('',(36.071575870114,25.888248574336,-396.2));
#7399 = VECTOR('',#7400,1.);
#7400 = DIRECTION('',(0.,0.,1.));
#7401 = PCURVE('',#4178,#7402);
#7402 = DEFINITIONAL_REPRESENTATION('',(#7403),#7406);
#7403 = B_SPLINE_CURVE_WITH_KNOTS('',1,(#7404,#7405),.UNSPECIFIED.,.F.,
  .F.,(2,2),(8.05,9.7000006),.PIECEWISE_BEZIER_KNOTS.);
#7404 = CARTESIAN_POINT('',(0.9,14.4));
#7405 = CARTESIAN_POINT('',(-0.7500006,14.4));
#7406 = ( GEOMETRIC_REPRESENTATION_CONTEXT(2) 
PARAMETRIC_REPRESENTATION_CONTEXT() REPRESENTATION_CONTEXT('2D SPACE',''
  ) );
#7407 = PCURVE('',#4019,#7408);
#7408 = DEFINITIONAL_REPRESENTATION('',(#7409),#7412);
#7409 = B_SPLINE_CURVE_WITH_KNOTS('',1,(#7410,#7411),.UNSPECIFIED.,.F.,
  .F.,(2,2),(8.05,9.7000006),.PIECEWISE_BEZIER_KNOTS.);
#7410 = CARTESIAN_POINT('',(0.622500766545,8.05));
#7411 = CARTESIAN_POINT('',(0.622500766545,9.7000006));
#7412 = ( GEOMETRIC_REPRESENTATION_CONTEXT(2) 
PARAMETRIC_REPRESENTATION_CONTEXT() REPRESENTATION_CONTEXT('2D SPACE',''
  ) );
#7413 = ORIENTED_EDGE('',*,*,#7323,.T.);
#7414 = ORIENTED_EDGE('',*,*,#7371,.T.);
#7415 = ORIENTED_EDGE('',*,*,#4162,.F.);
#7416 = ADVANCED_FACE('',(#7417),#4127,.F.);
#7417 = FACE_BOUND('',#7418,.F.);
#7418 = EDGE_LOOP('',(#7419,#7440,#7466,#7485));
#7419 = ORIENTED_EDGE('',*,*,#7420,.F.);
#7420 = EDGE_CURVE('',#7421,#4112,#7423,.T.);
#7421 = VERTEX_POINT('',#7422);
#7422 = CARTESIAN_POINT('',(40.455668859918,18.294776770889,-388.));
#7423 = SURFACE_CURVE('',#7424,(#7428,#7434),.PCURVE_S1.);
#7424 = LINE('',#7425,#7426);
#7425 = CARTESIAN_POINT('',(40.455668859918,18.294776770889,-396.2));
#7426 = VECTOR('',#7427,1.);
#7427 = DIRECTION('',(0.,0.,1.));
#7428 = PCURVE('',#4127,#7429);
#7429 = DEFINITIONAL_REPRESENTATION('',(#7430),#7433);
#7430 = B_SPLINE_CURVE_WITH_KNOTS('',1,(#7431,#7432),.UNSPECIFIED.,.F.,
  .F.,(2,2),(8.05,9.7000006),.PIECEWISE_BEZIER_KNOTS.);
#7431 = CARTESIAN_POINT('',(0.9,14.4));
#7432 = CARTESIAN_POINT('',(-0.7500006,14.4));
#7433 = ( GEOMETRIC_REPRESENTATION_CONTEXT(2) 
PARAMETRIC_REPRESENTATION_CONTEXT() REPRESENTATION_CONTEXT('2D SPACE',''
  ) );
#7434 = PCURVE('',#4019,#7435);
#7435 = DEFINITIONAL_REPRESENTATION('',(#7436),#7439);
#7436 = B_SPLINE_CURVE_WITH_KNOTS('',1,(#7437,#7438),.UNSPECIFIED.,.F.,
  .F.,(2,2),(8.05,9.7000006),.PIECEWISE_BEZIER_KNOTS.);
#7437 = CARTESIAN_POINT('',(0.424696784652,8.05));
#7438 = CARTESIAN_POINT('',(0.424696784652,9.7000006));
#7439 = ( GEOMETRIC_REPRESENTATION_CONTEXT(2) 
PARAMETRIC_REPRESENTATION_CONTEXT() REPRESENTATION_CONTEXT('2D SPACE',''
  ) );
#7440 = ORIENTED_EDGE('',*,*,#7441,.T.);
#7441 = EDGE_CURVE('',#7421,#7442,#7444,.T.);
#7442 = VERTEX_POINT('',#7443);
#7443 = CARTESIAN_POINT('',(42.460229028653,19.201274718996,-388.));
#7444 = SURFACE_CURVE('',#7445,(#7449,#7455),.PCURVE_S1.);
#7445 = LINE('',#7446,#7447);
#7446 = CARTESIAN_POINT('',(13.667455695918,6.180667828003,-388.));
#7447 = VECTOR('',#7448,1.);
#7448 = DIRECTION('',(0.911163713061,0.412044521867,-0.));
#7449 = PCURVE('',#4127,#7450);
#7450 = DEFINITIONAL_REPRESENTATION('',(#7451),#7454);
#7451 = B_SPLINE_CURVE_WITH_KNOTS('',1,(#7452,#7453),.UNSPECIFIED.,.F.,
  .F.,(2,2),(-15.,36.143388758798),.PIECEWISE_BEZIER_KNOTS.);
#7452 = CARTESIAN_POINT('',(0.75,-30.));
#7453 = CARTESIAN_POINT('',(0.75,21.143388758798));
#7454 = ( GEOMETRIC_REPRESENTATION_CONTEXT(2) 
PARAMETRIC_REPRESENTATION_CONTEXT() REPRESENTATION_CONTEXT('2D SPACE',''
  ) );
#7455 = PCURVE('',#7456,#7461);
#7456 = PLANE('',#7457);
#7457 = AXIS2_PLACEMENT_3D('',#7458,#7459,#7460);
#7458 = CARTESIAN_POINT('',(0.,0.,-388.));
#7459 = DIRECTION('',(0.,0.,1.));
#7460 = DIRECTION('',(1.,0.,-0.));
#7461 = DEFINITIONAL_REPRESENTATION('',(#7462),#7465);
#7462 = B_SPLINE_CURVE_WITH_KNOTS('',1,(#7463,#7464),.UNSPECIFIED.,.F.,
  .F.,(2,2),(-15.,36.143388758798),.PIECEWISE_BEZIER_KNOTS.);
#7463 = CARTESIAN_POINT('',(1.7763568394E-15,8.881784197001E-16));
#7464 = CARTESIAN_POINT('',(46.6,21.07335316777));
#7465 = ( GEOMETRIC_REPRESENTATION_CONTEXT(2) 
PARAMETRIC_REPRESENTATION_CONTEXT() REPRESENTATION_CONTEXT('2D SPACE',''
  ) );
#7466 = ORIENTED_EDGE('',*,*,#7467,.T.);
#7467 = EDGE_CURVE('',#7442,#4083,#7468,.T.);
#7468 = SURFACE_CURVE('',#7469,(#7473,#7479),.PCURVE_S1.);
#7469 = LINE('',#7470,#7471);
#7470 = CARTESIAN_POINT('',(42.460229028653,19.201274718996,-388.));
#7471 = VECTOR('',#7472,1.);
#7472 = DIRECTION('',(0.,0.,1.));
#7473 = PCURVE('',#4127,#7474);
#7474 = DEFINITIONAL_REPRESENTATION('',(#7475),#7478);
#7475 = B_SPLINE_CURVE_WITH_KNOTS('',1,(#7476,#7477),.UNSPECIFIED.,.F.,
  .F.,(2,2),(-6.000000212225E-07,1.5000006),.PIECEWISE_BEZIER_KNOTS.);
#7476 = CARTESIAN_POINT('',(0.7500006,16.6));
#7477 = CARTESIAN_POINT('',(-0.7500006,16.6));
#7478 = ( GEOMETRIC_REPRESENTATION_CONTEXT(2) 
PARAMETRIC_REPRESENTATION_CONTEXT() REPRESENTATION_CONTEXT('2D SPACE',''
  ) );
#7479 = PCURVE('',#4099,#7480);
#7480 = DEFINITIONAL_REPRESENTATION('',(#7481),#7484);
#7481 = B_SPLINE_CURVE_WITH_KNOTS('',1,(#7482,#7483),.UNSPECIFIED.,.F.,
  .F.,(2,2),(-6.000000212225E-07,1.5000006),.PIECEWISE_BEZIER_KNOTS.);
#7482 = CARTESIAN_POINT('',(0.424696784652,-6.000000212225E-07));
#7483 = CARTESIAN_POINT('',(0.424696784652,1.5000006));
#7484 = ( GEOMETRIC_REPRESENTATION_CONTEXT(2) 
PARAMETRIC_REPRESENTATION_CONTEXT() REPRESENTATION_CONTEXT('2D SPACE',''
  ) );
#7485 = ORIENTED_EDGE('',*,*,#4111,.F.);
#7486 = ADVANCED_FACE('',(#7487),#7456,.F.);
#7487 = FACE_BOUND('',#7488,.F.);
#7488 = EDGE_LOOP('',(#7489,#7513,#7534,#7556));
#7489 = ORIENTED_EDGE('',*,*,#7490,.F.);
#7490 = EDGE_CURVE('',#7491,#7421,#7493,.T.);
#7491 = VERTEX_POINT('',#7492);
#7492 = CARTESIAN_POINT('',(44.183025345225,4.384092989804,-388.));
#7493 = SURFACE_CURVE('',#7494,(#7499,#7506),.PCURVE_S1.);
#7494 = CIRCLE('',#7495,44.4);
#7495 = AXIS2_PLACEMENT_3D('',#7496,#7497,#7498);
#7496 = CARTESIAN_POINT('',(0.,0.,-388.));
#7497 = DIRECTION('',(0.,0.,1.));
#7498 = DIRECTION('',(1.,0.,-0.));
#7499 = PCURVE('',#7456,#7500);
#7500 = DEFINITIONAL_REPRESENTATION('',(#7501),#7505);
#7501 = CIRCLE('',#7502,44.4);
#7502 = AXIS2_PLACEMENT_2D('',#7503,#7504);
#7503 = CARTESIAN_POINT('',(0.,0.));
#7504 = DIRECTION('',(1.,0.));
#7505 = ( GEOMETRIC_REPRESENTATION_CONTEXT(2) 
PARAMETRIC_REPRESENTATION_CONTEXT() REPRESENTATION_CONTEXT('2D SPACE',''
  ) );
#7506 = PCURVE('',#4019,#7507);
#7507 = DEFINITIONAL_REPRESENTATION('',(#7508),#7512);
#7508 = LINE('',#7509,#7510);
#7509 = CARTESIAN_POINT('',(0.,8.2));
#7510 = VECTOR('',#7511,1.);
#7511 = DIRECTION('',(1.,0.));
#7512 = ( GEOMETRIC_REPRESENTATION_CONTEXT(2) 
PARAMETRIC_REPRESENTATION_CONTEXT() REPRESENTATION_CONTEXT('2D SPACE',''
  ) );
#7513 = ORIENTED_EDGE('',*,*,#7514,.T.);
#7514 = EDGE_CURVE('',#7491,#7515,#7517,.T.);
#7515 = VERTEX_POINT('',#7516);
#7516 = CARTESIAN_POINT('',(46.372274348817,4.601322822632,-388.));
#7517 = SURFACE_CURVE('',#7518,(#7522,#7528),.PCURVE_S1.);
#7518 = LINE('',#7519,#7520);
#7519 = CARTESIAN_POINT('',(14.926697751765,1.481112496555,-388.));
#7520 = VECTOR('',#7521,1.);
#7521 = DIRECTION('',(0.995113183451,9.874083310369E-02,-0.));
#7522 = PCURVE('',#7456,#7523);
#7523 = DEFINITIONAL_REPRESENTATION('',(#7524),#7527);
#7524 = B_SPLINE_CURVE_WITH_KNOTS('',1,(#7525,#7526),.UNSPECIFIED.,.F.,
  .F.,(2,2),(-15.,31.828843969681),.PIECEWISE_BEZIER_KNOTS.);
#7525 = CARTESIAN_POINT('',(0.,-6.661338147751E-16));
#7526 = CARTESIAN_POINT('',(46.6,4.623919066849));
#7527 = ( GEOMETRIC_REPRESENTATION_CONTEXT(2) 
PARAMETRIC_REPRESENTATION_CONTEXT() REPRESENTATION_CONTEXT('2D SPACE',''
  ) );
#7528 = PCURVE('',#4071,#7529);
#7529 = DEFINITIONAL_REPRESENTATION('',(#7530),#7533);
#7530 = B_SPLINE_CURVE_WITH_KNOTS('',1,(#7531,#7532),.UNSPECIFIED.,.F.,
  .F.,(2,2),(-15.,31.828843969681),.PIECEWISE_BEZIER_KNOTS.);
#7531 = CARTESIAN_POINT('',(0.75,-30.));
#7532 = CARTESIAN_POINT('',(0.75,16.828843969681));
#7533 = ( GEOMETRIC_REPRESENTATION_CONTEXT(2) 
PARAMETRIC_REPRESENTATION_CONTEXT() REPRESENTATION_CONTEXT('2D SPACE',''
  ) );
#7534 = ORIENTED_EDGE('',*,*,#7535,.T.);
#7535 = EDGE_CURVE('',#7515,#7442,#7536,.T.);
#7536 = SURFACE_CURVE('',#7537,(#7542,#7549),.PCURVE_S1.);
#7537 = CIRCLE('',#7538,46.6);
#7538 = AXIS2_PLACEMENT_3D('',#7539,#7540,#7541);
#7539 = CARTESIAN_POINT('',(0.,0.,-388.));
#7540 = DIRECTION('',(0.,0.,1.));
#7541 = DIRECTION('',(1.,0.,-0.));
#7542 = PCURVE('',#7456,#7543);
#7543 = DEFINITIONAL_REPRESENTATION('',(#7544),#7548);
#7544 = CIRCLE('',#7545,46.6);
#7545 = AXIS2_PLACEMENT_2D('',#7546,#7547);
#7546 = CARTESIAN_POINT('',(0.,0.));
#7547 = DIRECTION('',(1.,0.));
#7548 = ( GEOMETRIC_REPRESENTATION_CONTEXT(2) 
PARAMETRIC_REPRESENTATION_CONTEXT() REPRESENTATION_CONTEXT('2D SPACE',''
  ) );
#7549 = PCURVE('',#4099,#7550);
#7550 = DEFINITIONAL_REPRESENTATION('',(#7551),#7555);
#7551 = LINE('',#7552,#7553);
#7552 = CARTESIAN_POINT('',(0.,0.));
#7553 = VECTOR('',#7554,1.);
#7554 = DIRECTION('',(1.,0.));
#7555 = ( GEOMETRIC_REPRESENTATION_CONTEXT(2) 
PARAMETRIC_REPRESENTATION_CONTEXT() REPRESENTATION_CONTEXT('2D SPACE',''
  ) );
#7556 = ORIENTED_EDGE('',*,*,#7441,.F.);
#7557 = ADVANCED_FACE('',(#7558),#4099,.T.);
#7558 = FACE_BOUND('',#7559,.T.);
#7559 = EDGE_LOOP('',(#7560,#7561,#7580,#7581));
#7560 = ORIENTED_EDGE('',*,*,#4082,.F.);
#7561 = ORIENTED_EDGE('',*,*,#7562,.F.);
#7562 = EDGE_CURVE('',#7515,#4056,#7563,.T.);
#7563 = SURFACE_CURVE('',#7564,(#7568,#7574),.PCURVE_S1.);
#7564 = LINE('',#7565,#7566);
#7565 = CARTESIAN_POINT('',(46.372274348817,4.601322822632,-388.));
#7566 = VECTOR('',#7567,1.);
#7567 = DIRECTION('',(0.,0.,1.));
#7568 = PCURVE('',#4099,#7569);
#7569 = DEFINITIONAL_REPRESENTATION('',(#7570),#7573);
#7570 = B_SPLINE_CURVE_WITH_KNOTS('',1,(#7571,#7572),.UNSPECIFIED.,.F.,
  .F.,(2,2),(-6.000000212225E-07,1.5000006),.PIECEWISE_BEZIER_KNOTS.);
#7571 = CARTESIAN_POINT('',(9.890199094635E-02,-6.000000212225E-07));
#7572 = CARTESIAN_POINT('',(9.890199094635E-02,1.5000006));
#7573 = ( GEOMETRIC_REPRESENTATION_CONTEXT(2) 
PARAMETRIC_REPRESENTATION_CONTEXT() REPRESENTATION_CONTEXT('2D SPACE',''
  ) );
#7574 = PCURVE('',#4071,#7575);
#7575 = DEFINITIONAL_REPRESENTATION('',(#7576),#7579);
#7576 = B_SPLINE_CURVE_WITH_KNOTS('',1,(#7577,#7578),.UNSPECIFIED.,.F.,
  .F.,(2,2),(-6.000000212225E-07,1.5000006),.PIECEWISE_BEZIER_KNOTS.);
#7577 = CARTESIAN_POINT('',(0.7500006,16.6));
#7578 = CARTESIAN_POINT('',(-0.7500006,16.6));
#7579 = ( GEOMETRIC_REPRESENTATION_CONTEXT(2) 
PARAMETRIC_REPRESENTATION_CONTEXT() REPRESENTATION_CONTEXT('2D SPACE',''
  ) );
#7580 = ORIENTED_EDGE('',*,*,#7535,.T.);
#7581 = ORIENTED_EDGE('',*,*,#7467,.T.);
#7582 = ADVANCED_FACE('',(#7583),#4071,.T.);
#7583 = FACE_BOUND('',#7584,.T.);
#7584 = EDGE_LOOP('',(#7585,#7604,#7605,#7606));
#7585 = ORIENTED_EDGE('',*,*,#7586,.F.);
#7586 = EDGE_CURVE('',#7491,#4032,#7587,.T.);
#7587 = SURFACE_CURVE('',#7588,(#7592,#7598),.PCURVE_S1.);
#7588 = LINE('',#7589,#7590);
#7589 = CARTESIAN_POINT('',(44.183025345225,4.384092989804,-396.2));
#7590 = VECTOR('',#7591,1.);
#7591 = DIRECTION('',(0.,0.,1.));
#7592 = PCURVE('',#4071,#7593);
#7593 = DEFINITIONAL_REPRESENTATION('',(#7594),#7597);
#7594 = B_SPLINE_CURVE_WITH_KNOTS('',1,(#7595,#7596),.UNSPECIFIED.,.F.,
  .F.,(2,2),(8.05,9.7000006),.PIECEWISE_BEZIER_KNOTS.);
#7595 = CARTESIAN_POINT('',(0.9,14.4));
#7596 = CARTESIAN_POINT('',(-0.7500006,14.4));
#7597 = ( GEOMETRIC_REPRESENTATION_CONTEXT(2) 
PARAMETRIC_REPRESENTATION_CONTEXT() REPRESENTATION_CONTEXT('2D SPACE',''
  ) );
#7598 = PCURVE('',#4019,#7599);
#7599 = DEFINITIONAL_REPRESENTATION('',(#7600),#7603);
#7600 = B_SPLINE_CURVE_WITH_KNOTS('',1,(#7601,#7602),.UNSPECIFIED.,.F.,
  .F.,(2,2),(8.05,9.7000006),.PIECEWISE_BEZIER_KNOTS.);
#7601 = CARTESIAN_POINT('',(9.890199094635E-02,8.05));
#7602 = CARTESIAN_POINT('',(9.890199094635E-02,9.7000006));
#7603 = ( GEOMETRIC_REPRESENTATION_CONTEXT(2) 
PARAMETRIC_REPRESENTATION_CONTEXT() REPRESENTATION_CONTEXT('2D SPACE',''
  ) );
#7604 = ORIENTED_EDGE('',*,*,#7514,.T.);
#7605 = ORIENTED_EDGE('',*,*,#7562,.T.);
#7606 = ORIENTED_EDGE('',*,*,#4055,.F.);
#7607 = ADVANCED_FACE('',(#7608),#4019,.T.);
#7608 = FACE_BOUND('',#7609,.T.);
#7609 = EDGE_LOOP('',(#7610,#7956,#7977,#7978,#7979,#7980,#7981,#7982,
    #7983,#7984,#7985,#7986,#7987,#7988,#7989,#7990,#7991,#7992,#7993,
    #7994,#7995,#7996,#7997,#7998,#7999,#8000,#8001,#8002,#8003,#8004,
    #8005,#8006,#8007,#8008,#8009,#8010,#8011,#8012,#8013,#8014,#8015,
    #8016,#8017,#8018,#8019,#8020,#8021,#8022,#8023,#8024,#8025,#8026,
    #8027));
#7610 = ORIENTED_EDGE('',*,*,#7611,.F.);
#7611 = EDGE_CURVE('',#7612,#7614,#7616,.T.);
#7612 = VERTEX_POINT('',#7613);
#7613 = CARTESIAN_POINT('',(44.4,-1.087486357643E-14,-393.7145594901));
#7614 = VERTEX_POINT('',#7615);
#7615 = CARTESIAN_POINT('',(-44.4,-5.437431788214E-15,-393.7145594901));
#7616 = SURFACE_CURVE('',#7617,(#7725,#7836),.PCURVE_S1.);
#7617 = B_SPLINE_CURVE_WITH_KNOTS('',8,(#7618,#7619,#7620,#7621,#7622,
    #7623,#7624,#7625,#7626,#7627,#7628,#7629,#7630,#7631,#7632,#7633,
    #7634,#7635,#7636,#7637,#7638,#7639,#7640,#7641,#7642,#7643,#7644,
    #7645,#7646,#7647,#7648,#7649,#7650,#7651,#7652,#7653,#7654,#7655,
    #7656,#7657,#7658,#7659,#7660,#7661,#7662,#7663,#7664,#7665,#7666,
    #7667,#7668,#7669,#7670,#7671,#7672,#7673,#7674,#7675,#7676,#7677,
    #7678,#7679,#7680,#7681,#7682,#7683,#7684,#7685,#7686,#7687,#7688,
    #7689,#7690,#7691,#7692,#7693,#7694,#7695,#7696,#7697,#7698,#7699,
    #7700,#7701,#7702,#7703,#7704,#7705,#7706,#7707,#7708,#7709,#7710,
    #7711,#7712,#7713,#7714,#7715,#7716,#7717,#7718,#7719,#7720,#7721,
    #7722,#7723,#7724),.UNSPECIFIED.,.F.,.F.,(9,7,7,7,7,7,7,7,7,7,7,7,7,
    7,7,9),(0.,5.800123144236E-02,0.116002462885,0.174003694327,
    0.23200492577,0.290006157212,0.348007388654,0.402008545464,
    0.460009776907,0.51601097151,0.574012202952,0.630013397555,
    0.688014628998,0.744015823601,0.798016980411,1.),.UNSPECIFIED.);
#7618 = CARTESIAN_POINT('',(44.4,-1.42108547152E-14,-393.7145594901));
#7619 = CARTESIAN_POINT('',(44.4,-1.011277900297,-393.7145594901));
#7620 = CARTESIAN_POINT('',(44.373676021762,-2.022557791929,
    -393.7145594901));
#7621 = CARTESIAN_POINT('',(44.321028177104,-3.033037376372,
    -393.7145594901));
#7622 = CARTESIAN_POINT('',(44.24208560971,-4.041917007421,
    -393.7145594901));
#7623 = CARTESIAN_POINT('',(44.136906495131,-5.048399691202,
    -393.7145594901));
#7624 = CARTESIAN_POINT('',(44.005578040785,-6.051691086162,
    -393.7145594901));
#7625 = CARTESIAN_POINT('',(43.848216485956,-7.050999503075,
    -393.7145594901));
#7626 = CARTESIAN_POINT('',(43.481717717631,-9.040072307004,
    -393.7145594901));
#7627 = CARTESIAN_POINT('',(43.272579782453,-10.02984061076,
    -393.7145594901));
#7628 = CARTESIAN_POINT('',(43.037698787342,-11.01405181993,
    -393.7145594901));
#7629 = CARTESIAN_POINT('',(42.777248294016,-11.99192480729,
    -393.7145594901));
#7630 = CARTESIAN_POINT('',(42.491429934826,-12.9626863148,
    -393.7145594901));
#7631 = CARTESIAN_POINT('',(42.180473412755,-13.92557095353,
    -393.7145594901));
#7632 = CARTESIAN_POINT('',(41.844636501422,-14.87982120374,
    -393.7145594901));
#7633 = CARTESIAN_POINT('',(41.12377358873,-16.76955362597,
    -393.7145594901));
#7634 = CARTESIAN_POINT('',(40.738746167899,-17.70503951911,
    -393.7145594901));
#7635 = CARTESIAN_POINT('',(40.329408835785,-18.63039552339,
    -393.7145594901));
#7636 = CARTESIAN_POINT('',(39.896073825579,-19.54488489338,
    -393.7145594901));
#7637 = CARTESIAN_POINT('',(39.439079550467,-20.44778370909,
    -393.7145594901));
#7638 = CARTESIAN_POINT('',(38.958790603629,-21.33838087598,
    -393.7145594901));
#7639 = CARTESIAN_POINT('',(38.455597758235,-22.21597812495,
    -393.7145594901));
#7640 = CARTESIAN_POINT('',(37.404238176668,-23.94380189975,
    -393.7145594901));
#7641 = CARTESIAN_POINT('',(36.856069370232,-24.79403182789,
    -393.7145594901));
#7642 = CARTESIAN_POINT('',(36.285828692356,-25.62989446937,
    -393.7145594901));
#7643 = CARTESIAN_POINT('',(35.693956709794,-26.45072185387,
    -393.7145594901));
#7644 = CARTESIAN_POINT('',(35.080917411846,-27.25586336818,
    -393.7145594901));
#7645 = CARTESIAN_POINT('',(34.447198210356,-28.04468575617,
    -393.7145594901));
#7646 = CARTESIAN_POINT('',(33.793309939709,-28.81657311878,
    -393.7145594901));
#7647 = CARTESIAN_POINT('',(32.446263773965,-30.32528070936,
    -393.7145594901));
#7648 = CARTESIAN_POINT('',(31.753103226361,-31.06210390817,
    -393.7145594901));
#7649 = CARTESIAN_POINT('',(31.040839637774,-31.78079811748,
    -393.7145594901));
#7650 = CARTESIAN_POINT('',(30.310027321537,-32.48078625833,
    -393.7145594901));
#7651 = CARTESIAN_POINT('',(29.561240480568,-33.1615125658,
    -393.7145594901));
#7652 = CARTESIAN_POINT('',(28.795073207368,-33.82244258903,
    -393.7145594901));
#7653 = CARTESIAN_POINT('',(28.012139484021,-34.46306319118,
    -393.7145594901));
#7654 = CARTESIAN_POINT('',(26.414006880372,-35.70270190777,
    -393.7145594901));
#7655 = CARTESIAN_POINT('',(25.598804853141,-36.30172246322,
    -393.7145594901));
#7656 = CARTESIAN_POINT('',(24.768101109239,-36.87945256975,
    -393.7145594901));
#7657 = CARTESIAN_POINT('',(23.922545355492,-37.43542514659,
    -393.7145594901));
#7658 = CARTESIAN_POINT('',(23.062802996811,-37.96919767828,
    -393.7145594901));
#7659 = CARTESIAN_POINT('',(22.189555136195,-38.48035221465,
    -393.7145594901));
#7660 = CARTESIAN_POINT('',(21.303498574732,-38.96849537085,
    -393.7145594901));
#7661 = CARTESIAN_POINT('',(19.569134458924,-39.86596874859,
    -393.7145594901));
#7662 = CARTESIAN_POINT('',(18.722435048622,-40.27841406667,
    -393.7145594901));
#7663 = CARTESIAN_POINT('',(17.865822399639,-40.67029691467,
    -393.7145594901));
#7664 = CARTESIAN_POINT('',(16.999879712835,-41.04134016142,
    -393.7145594901));
#7665 = CARTESIAN_POINT('',(16.125198570988,-41.39128691149,
    -393.7145594901));
#7666 = CARTESIAN_POINT('',(15.242378938791,-41.71990050518,
    -393.7145594901));
#7667 = CARTESIAN_POINT('',(14.352029162853,-42.02696451855,
    -393.7145594901));
#7668 = CARTESIAN_POINT('',(12.491039024184,-42.61873563455,
    -393.7145594901));
#7669 = CARTESIAN_POINT('',(11.519333085123,-42.90010290174,
    -393.7145594901));
#7670 = CARTESIAN_POINT('',(10.540412762322,-43.15614154673,
    -393.7145594901));
#7671 = CARTESIAN_POINT('',(9.555048933658,-43.38663702186,
    -393.7145594901));
#7672 = CARTESIAN_POINT('',(8.564018747073,-43.59140324997,
    -393.7145594901));
#7673 = CARTESIAN_POINT('',(7.56810562058,-43.77028262442,
    -393.7145594901));
#7674 = CARTESIAN_POINT('',(6.56809924226,-43.92314600908,
    -393.7145594901));
#7675 = CARTESIAN_POINT('',(4.59608847932,-44.17226890305,
    -393.7145594901));
#7676 = CARTESIAN_POINT('',(3.624304075003,-44.27029895502,
    -393.7145594901));
#7677 = CARTESIAN_POINT('',(2.650158631706,-44.34389249906,
    -393.7145594901));
#7678 = CARTESIAN_POINT('',(1.67436937866,-44.39298445576,
    -393.7145594901));
#7679 = CARTESIAN_POINT('',(0.697654499931,-44.4175350615,
    -393.7145594901));
#7680 = CARTESIAN_POINT('',(-0.279266865581,-44.41752986842,
    -393.7145594901));
#7681 = CARTESIAN_POINT('',(-1.25567462414,-44.39297974446,
    -393.7145594901));
#7682 = CARTESIAN_POINT('',(-3.240848339602,-44.29310990471,
    -393.7145594901));
#7683 = CARTESIAN_POINT('',(-4.249528310511,-44.21600810616,
    -393.7145594901));
#7684 = CARTESIAN_POINT('',(-5.256086360332,-44.11265590026,
    -393.7145594901));
#7685 = CARTESIAN_POINT('',(-6.259725317155,-43.98312257156,
    -393.7145594901));
#7686 = CARTESIAN_POINT('',(-7.259652116732,-43.82750626656,
    -393.7145594901));
#7687 = CARTESIAN_POINT('',(-8.255077802478,-43.64593399368,
    -393.7145594901));
#7688 = CARTESIAN_POINT('',(-9.245217525467,-43.43856162326,
    -393.7145594901));
#7689 = CARTESIAN_POINT('',(-11.17943010644,-42.9806201892,
    -393.7145594901));
#7690 = CARTESIAN_POINT('',(-12.12391757787,-42.73178643773,
    -393.7145594901));
#7691 = CARTESIAN_POINT('',(-13.0620504454,-42.45923905233,
    -393.7145594901));
#7692 = CARTESIAN_POINT('',(-13.9931341755,-42.16316849636,
    -393.7145594901));
#7693 = CARTESIAN_POINT('',(-14.91648221445,-41.84378927735,
    -393.7145594901));
#7694 = CARTESIAN_POINT('',(-15.83141598833,-41.50133994703,
    -393.7145594901));
#7695 = CARTESIAN_POINT('',(-16.73726490302,-41.13608310133,
    -393.7145594901));
#7696 = CARTESIAN_POINT('',(-18.56147131502,-40.34667849542,
    -393.7145594901));
#7697 = CARTESIAN_POINT('',(-19.479123601,-39.92089186682,
    -393.7145594901));
#7698 = CARTESIAN_POINT('',(-20.38558693333,-39.47126422836,
    -393.7145594901));
#7699 = CARTESIAN_POINT('',(-21.28013900736,-38.9981399046,
    -393.7145594901));
#7700 = CARTESIAN_POINT('',(-22.16207148258,-38.50188881084,
    -393.7145594901));
#7701 = CARTESIAN_POINT('',(-23.03068998259,-37.98290645318,
    -393.7145594901));
#7702 = CARTESIAN_POINT('',(-23.88531409513,-37.44161392846,
    -393.7145594901));
#7703 = CARTESIAN_POINT('',(-25.53627647952,-36.33472103807,
    -393.7145594901));
#7704 = CARTESIAN_POINT('',(-26.33361134401,-35.77060054258,
    -393.7145594901));
#7705 = CARTESIAN_POINT('',(-27.11668236239,-35.18649855269,
    -393.7145594901));
#7706 = CARTESIAN_POINT('',(-27.8849058333,-34.58283690465,
    -393.7145594901));
#7707 = CARTESIAN_POINT('',(-28.63771395719,-33.96005715612,
    -393.7145594901));
#7708 = CARTESIAN_POINT('',(-29.3745548363,-33.31862058615,
    -393.7145594901));
#7709 = CARTESIAN_POINT('',(-30.09489247465,-32.65900819517,
    -393.7145594901));
#7710 = CARTESIAN_POINT('',(-31.47640277471,-31.32862199489,
    -393.7145594901));
#7711 = CARTESIAN_POINT('',(-32.13877180153,-30.65908610779,
    -393.7145594901));
#7712 = CARTESIAN_POINT('',(-32.7848477384,-29.97356201576,
    -393.7145594901));
#7713 = CARTESIAN_POINT('',(-33.41418094027,-29.27251312387,
    -393.7145594901));
#7714 = CARTESIAN_POINT('',(-34.02633823719,-28.55641727022,
    -393.7145594901));
#7715 = CARTESIAN_POINT('',(-34.62090293434,-27.82576672594,
    -393.7145594901));
#7716 = CARTESIAN_POINT('',(-35.19747481201,-27.08106819519,
    -393.7145594901));
#7717 = CARTESIAN_POINT('',(-37.84351382399,-23.48681742538,
    -393.7145594901));
#7718 = CARTESIAN_POINT('',(-39.67486185008,-20.46074062798,
    -393.7145594901));
#7719 = CARTESIAN_POINT('',(-41.22856033989,-17.27282121277,
    -393.7145594901));
#7720 = CARTESIAN_POINT('',(-42.48840544242,-13.95304432215,
    -393.7145594901));
#7721 = CARTESIAN_POINT('',(-43.44199461767,-10.53269405169,
    -393.7145594901));
#7722 = CARTESIAN_POINT('',(-44.08076873921,-7.044316661622,
    -393.7145594901));
#7723 = CARTESIAN_POINT('',(-44.4,-3.521665986486,-393.7145594901));
#7724 = CARTESIAN_POINT('',(-44.4,-7.105427357601E-15,-393.7145594901));
#7725 = PCURVE('',#4019,#7726);
#7726 = DEFINITIONAL_REPRESENTATION('',(#7727),#7835);
#7727 = B_SPLINE_CURVE_WITH_KNOTS('',8,(#7728,#7729,#7730,#7731,#7732,
    #7733,#7734,#7735,#7736,#7737,#7738,#7739,#7740,#7741,#7742,#7743,
    #7744,#7745,#7746,#7747,#7748,#7749,#7750,#7751,#7752,#7753,#7754,
    #7755,#7756,#7757,#7758,#7759,#7760,#7761,#7762,#7763,#7764,#7765,
    #7766,#7767,#7768,#7769,#7770,#7771,#7772,#7773,#7774,#7775,#7776,
    #7777,#7778,#7779,#7780,#7781,#7782,#7783,#7784,#7785,#7786,#7787,
    #7788,#7789,#7790,#7791,#7792,#7793,#7794,#7795,#7796,#7797,#7798,
    #7799,#7800,#7801,#7802,#7803,#7804,#7805,#7806,#7807,#7808,#7809,
    #7810,#7811,#7812,#7813,#7814,#7815,#7816,#7817,#7818,#7819,#7820,
    #7821,#7822,#7823,#7824,#7825,#7826,#7827,#7828,#7829,#7830,#7831,
    #7832,#7833,#7834),.UNSPECIFIED.,.F.,.F.,(9,7,7,7,7,7,7,7,7,7,7,7,7,
    7,7,9),(0.,5.800123144236E-02,0.116002462885,0.174003694327,
    0.23200492577,0.290006157212,0.348007388654,0.402008545464,
    0.460009776907,0.51601097151,0.574012202952,0.630013397555,
    0.688014628998,0.744015823601,0.798016980411,1.),.UNSPECIFIED.);
#7728 = CARTESIAN_POINT('',(6.28318530718,2.485440509848));
#7729 = CARTESIAN_POINT('',(6.260408777894,2.485440509848));
#7730 = CARTESIAN_POINT('',(6.237632233648,2.485440509848));
#7731 = CARTESIAN_POINT('',(6.21485567943,2.485440509848));
#7732 = CARTESIAN_POINT('',(6.192079120226,2.485440509848));
#7733 = CARTESIAN_POINT('',(6.169302561021,2.485440509848));
#7734 = CARTESIAN_POINT('',(6.146526006803,2.485440509848));
#7735 = CARTESIAN_POINT('',(6.123749462557,2.485440509848));
#7736 = CARTESIAN_POINT('',(6.078196403986,2.485440509848));
#7737 = CARTESIAN_POINT('',(6.05541985974,2.485440509848));
#7738 = CARTESIAN_POINT('',(6.032643305522,2.485440509848));
#7739 = CARTESIAN_POINT('',(6.009866746317,2.485440509848));
#7740 = CARTESIAN_POINT('',(5.987090187113,2.485440509848));
#7741 = CARTESIAN_POINT('',(5.964313632895,2.485440509848));
#7742 = CARTESIAN_POINT('',(5.941537088649,2.485440509848));
#7743 = CARTESIAN_POINT('',(5.895984030077,2.485440509848));
#7744 = CARTESIAN_POINT('',(5.873207485832,2.485440509848));
#7745 = CARTESIAN_POINT('',(5.850430931614,2.485440509848));
#7746 = CARTESIAN_POINT('',(5.827654372409,2.485440509848));
#7747 = CARTESIAN_POINT('',(5.804877813205,2.485440509848));
#7748 = CARTESIAN_POINT('',(5.782101258986,2.485440509848));
#7749 = CARTESIAN_POINT('',(5.759324714741,2.485440509848));
#7750 = CARTESIAN_POINT('',(5.713771656169,2.485440509848));
#7751 = CARTESIAN_POINT('',(5.690995111924,2.485440509848));
#7752 = CARTESIAN_POINT('',(5.668218557706,2.485440509848));
#7753 = CARTESIAN_POINT('',(5.645441998501,2.485440509848));
#7754 = CARTESIAN_POINT('',(5.622665439296,2.485440509848));
#7755 = CARTESIAN_POINT('',(5.599888885078,2.485440509848));
#7756 = CARTESIAN_POINT('',(5.577112340833,2.485440509848));
#7757 = CARTESIAN_POINT('',(5.531559282261,2.485440509848));
#7758 = CARTESIAN_POINT('',(5.508782738016,2.485440509848));
#7759 = CARTESIAN_POINT('',(5.486006183797,2.485440509848));
#7760 = CARTESIAN_POINT('',(5.463229624593,2.485440509848));
#7761 = CARTESIAN_POINT('',(5.440453065388,2.485440509848));
#7762 = CARTESIAN_POINT('',(5.41767651117,2.485440509848));
#7763 = CARTESIAN_POINT('',(5.394899966925,2.485440509848));
#7764 = CARTESIAN_POINT('',(5.349346908353,2.485440509848));
#7765 = CARTESIAN_POINT('',(5.326570364107,2.485440509848));
#7766 = CARTESIAN_POINT('',(5.303793809889,2.485440509848));
#7767 = CARTESIAN_POINT('',(5.281017250685,2.485440509848));
#7768 = CARTESIAN_POINT('',(5.25824069148,2.485440509848));
#7769 = CARTESIAN_POINT('',(5.235464137262,2.485440509848));
#7770 = CARTESIAN_POINT('',(5.212687593016,2.485440509848));
#7771 = CARTESIAN_POINT('',(5.168705325525,2.485440509848));
#7772 = CARTESIAN_POINT('',(5.147499576857,2.485440509848));
#7773 = CARTESIAN_POINT('',(5.126293821214,2.485440509848));
#7774 = CARTESIAN_POINT('',(5.105088062084,2.485440509848));
#7775 = CARTESIAN_POINT('',(5.083882302953,2.485440509848));
#7776 = CARTESIAN_POINT('',(5.06267654731,2.485440509848));
#7777 = CARTESIAN_POINT('',(5.041470798642,2.485440509848));
#7778 = CARTESIAN_POINT('',(4.997488531151,2.485440509848));
#7779 = CARTESIAN_POINT('',(4.974711986905,2.485440509848));
#7780 = CARTESIAN_POINT('',(4.951935432687,2.485440509848));
#7781 = CARTESIAN_POINT('',(4.929158873483,2.485440509848));
#7782 = CARTESIAN_POINT('',(4.906382314278,2.485440509848));
#7783 = CARTESIAN_POINT('',(4.88360576006,2.485440509848));
#7784 = CARTESIAN_POINT('',(4.860829215814,2.485440509848));
#7785 = CARTESIAN_POINT('',(4.816061552595,2.485440509848));
#7786 = CARTESIAN_POINT('',(4.794070406112,2.485440509848));
#7787 = CARTESIAN_POINT('',(4.772079251262,2.485440509848));
#7788 = CARTESIAN_POINT('',(4.750088092228,2.485440509848));
#7789 = CARTESIAN_POINT('',(4.728096933194,2.485440509848));
#7790 = CARTESIAN_POINT('',(4.706105778344,2.485440509848));
#7791 = CARTESIAN_POINT('',(4.68411463186,2.485440509848));
#7792 = CARTESIAN_POINT('',(4.639346968641,2.485440509848));
#7793 = CARTESIAN_POINT('',(4.616570424396,2.485440509848));
#7794 = CARTESIAN_POINT('',(4.593793870178,2.485440509848));
#7795 = CARTESIAN_POINT('',(4.571017310973,2.485440509848));
#7796 = CARTESIAN_POINT('',(4.548240751769,2.485440509848));
#7797 = CARTESIAN_POINT('',(4.52546419755,2.485440509848));
#7798 = CARTESIAN_POINT('',(4.502687653305,2.485440509848));
#7799 = CARTESIAN_POINT('',(4.457919990086,2.485440509848));
#7800 = CARTESIAN_POINT('',(4.435928843603,2.485440509848));
#7801 = CARTESIAN_POINT('',(4.413937688752,2.485440509848));
#7802 = CARTESIAN_POINT('',(4.391946529719,2.485440509848));
#7803 = CARTESIAN_POINT('',(4.369955370685,2.485440509848));
#7804 = CARTESIAN_POINT('',(4.347964215834,2.485440509848));
#7805 = CARTESIAN_POINT('',(4.325973069351,2.485440509848));
#7806 = CARTESIAN_POINT('',(4.281205406132,2.485440509848));
#7807 = CARTESIAN_POINT('',(4.258428861887,2.485440509848));
#7808 = CARTESIAN_POINT('',(4.235652307669,2.485440509848));
#7809 = CARTESIAN_POINT('',(4.212875748464,2.485440509848));
#7810 = CARTESIAN_POINT('',(4.190099189259,2.485440509848));
#7811 = CARTESIAN_POINT('',(4.167322635041,2.485440509848));
#7812 = CARTESIAN_POINT('',(4.144546090796,2.485440509848));
#7813 = CARTESIAN_POINT('',(4.099778427577,2.485440509848));
#7814 = CARTESIAN_POINT('',(4.077787281094,2.485440509848));
#7815 = CARTESIAN_POINT('',(4.055796126243,2.485440509848));
#7816 = CARTESIAN_POINT('',(4.033804967209,2.485440509848));
#7817 = CARTESIAN_POINT('',(4.011813808176,2.485440509848));
#7818 = CARTESIAN_POINT('',(3.989822653325,2.485440509848));
#7819 = CARTESIAN_POINT('',(3.967831506842,2.485440509848));
#7820 = CARTESIAN_POINT('',(3.924634634703,2.485440509848));
#7821 = CARTESIAN_POINT('',(3.903428886036,2.485440509848));
#7822 = CARTESIAN_POINT('',(3.882223130393,2.485440509848));
#7823 = CARTESIAN_POINT('',(3.861017371262,2.485440509848));
#7824 = CARTESIAN_POINT('',(3.839811612131,2.485440509848));
#7825 = CARTESIAN_POINT('',(3.818605856488,2.485440509848));
#7826 = CARTESIAN_POINT('',(3.79740010782,2.485440509848));
#7827 = CARTESIAN_POINT('',(3.696877568117,2.485440509848));
#7828 = CARTESIAN_POINT('',(3.617538601513,2.485440509848));
#7829 = CARTESIAN_POINT('',(3.538211095605,2.485440509848));
#7830 = CARTESIAN_POINT('',(3.458893511604,2.485440509848));
#7831 = CARTESIAN_POINT('',(3.379575927597,2.485440509848));
#7832 = CARTESIAN_POINT('',(3.300248421693,2.485440509848));
#7833 = CARTESIAN_POINT('',(3.220909455087,2.485440509848));
#7834 = CARTESIAN_POINT('',(3.14159265359,2.485440509848));
#7835 = ( GEOMETRIC_REPRESENTATION_CONTEXT(2) 
PARAMETRIC_REPRESENTATION_CONTEXT() REPRESENTATION_CONTEXT('2D SPACE',''
  ) );
#7836 = PCURVE('',#7837,#7846);
#7837 = SURFACE_OF_REVOLUTION('',#7838,#7843);
#7838 = ELLIPSE('',#7839,788.647,394.34);
#7839 = AXIS2_PLACEMENT_3D('',#7840,#7841,#7842);
#7840 = CARTESIAN_POINT('',(0.,0.,0.));
#7841 = DIRECTION('',(-1.224646799147E-16,1.,0.));
#7842 = DIRECTION('',(-1.,-1.224646799147E-16,0.));
#7843 = AXIS1_PLACEMENT('',#7844,#7845);
#7844 = CARTESIAN_POINT('',(0.,0.,0.));
#7845 = DIRECTION('',(0.,0.,1.));
#7846 = DEFINITIONAL_REPRESENTATION('',(#7847),#7955);
#7847 = B_SPLINE_CURVE_WITH_KNOTS('',8,(#7848,#7849,#7850,#7851,#7852,
    #7853,#7854,#7855,#7856,#7857,#7858,#7859,#7860,#7861,#7862,#7863,
    #7864,#7865,#7866,#7867,#7868,#7869,#7870,#7871,#7872,#7873,#7874,
    #7875,#7876,#7877,#7878,#7879,#7880,#7881,#7882,#7883,#7884,#7885,
    #7886,#7887,#7888,#7889,#7890,#7891,#7892,#7893,#7894,#7895,#7896,
    #7897,#7898,#7899,#7900,#7901,#7902,#7903,#7904,#7905,#7906,#7907,
    #7908,#7909,#7910,#7911,#7912,#7913,#7914,#7915,#7916,#7917,#7918,
    #7919,#7920,#7921,#7922,#7923,#7924,#7925,#7926,#7927,#7928,#7929,
    #7930,#7931,#7932,#7933,#7934,#7935,#7936,#7937,#7938,#7939,#7940,
    #7941,#7942,#7943,#7944,#7945,#7946,#7947,#7948,#7949,#7950,#7951,
    #7952,#7953,#7954),.UNSPECIFIED.,.F.,.F.,(9,7,7,7,7,7,7,7,7,7,7,7,7,
    7,7,9),(0.,5.800123144236E-02,0.116002462885,0.174003694327,
    0.23200492577,0.290006157212,0.348007388654,0.402008545464,
    0.460009776907,0.51601097151,0.574012202952,0.630013397555,
    0.688014628998,0.744015823601,0.798016980411,1.),.UNSPECIFIED.);
#7848 = CARTESIAN_POINT('',(3.14159265359,4.768717715992));
#7849 = CARTESIAN_POINT('',(3.118816124304,4.768717715992));
#7850 = CARTESIAN_POINT('',(3.096039580059,4.768717715992));
#7851 = CARTESIAN_POINT('',(3.07326302584,4.768717715992));
#7852 = CARTESIAN_POINT('',(3.050486466636,4.768717715992));
#7853 = CARTESIAN_POINT('',(3.027709907431,4.768717715992));
#7854 = CARTESIAN_POINT('',(3.004933353213,4.768717715992));
#7855 = CARTESIAN_POINT('',(2.982156808968,4.768717715992));
#7856 = CARTESIAN_POINT('',(2.936603750396,4.768717715992));
#7857 = CARTESIAN_POINT('',(2.91382720615,4.768717715992));
#7858 = CARTESIAN_POINT('',(2.891050651932,4.768717715992));
#7859 = CARTESIAN_POINT('',(2.868274092728,4.768717715992));
#7860 = CARTESIAN_POINT('',(2.845497533523,4.768717715992));
#7861 = CARTESIAN_POINT('',(2.822720979305,4.768717715992));
#7862 = CARTESIAN_POINT('',(2.799944435059,4.768717715992));
#7863 = CARTESIAN_POINT('',(2.754391376488,4.768717715992));
#7864 = CARTESIAN_POINT('',(2.731614832242,4.768717715992));
#7865 = CARTESIAN_POINT('',(2.708838278024,4.768717715992));
#7866 = CARTESIAN_POINT('',(2.686061718819,4.768717715992));
#7867 = CARTESIAN_POINT('',(2.663285159615,4.768717715992));
#7868 = CARTESIAN_POINT('',(2.640508605397,4.768717715992));
#7869 = CARTESIAN_POINT('',(2.617732061151,4.768717715992));
#7870 = CARTESIAN_POINT('',(2.572179002579,4.768717715992));
#7871 = CARTESIAN_POINT('',(2.549402458334,4.768717715992));
#7872 = CARTESIAN_POINT('',(2.526625904116,4.768717715992));
#7873 = CARTESIAN_POINT('',(2.503849344911,4.768717715992));
#7874 = CARTESIAN_POINT('',(2.481072785707,4.768717715992));
#7875 = CARTESIAN_POINT('',(2.458296231488,4.768717715992));
#7876 = CARTESIAN_POINT('',(2.435519687243,4.768717715992));
#7877 = CARTESIAN_POINT('',(2.389966628671,4.768717715992));
#7878 = CARTESIAN_POINT('',(2.367190084426,4.768717715992));
#7879 = CARTESIAN_POINT('',(2.344413530208,4.768717715992));
#7880 = CARTESIAN_POINT('',(2.321636971003,4.768717715992));
#7881 = CARTESIAN_POINT('',(2.298860411798,4.768717715992));
#7882 = CARTESIAN_POINT('',(2.27608385758,4.768717715992));
#7883 = CARTESIAN_POINT('',(2.253307313335,4.768717715992));
#7884 = CARTESIAN_POINT('',(2.207754254763,4.768717715992));
#7885 = CARTESIAN_POINT('',(2.184977710518,4.768717715992));
#7886 = CARTESIAN_POINT('',(2.162201156299,4.768717715992));
#7887 = CARTESIAN_POINT('',(2.139424597095,4.768717715992));
#7888 = CARTESIAN_POINT('',(2.11664803789,4.768717715992));
#7889 = CARTESIAN_POINT('',(2.093871483672,4.768717715992));
#7890 = CARTESIAN_POINT('',(2.071094939427,4.768717715992));
#7891 = CARTESIAN_POINT('',(2.027112671935,4.768717715992));
#7892 = CARTESIAN_POINT('',(2.005906923267,4.768717715992));
#7893 = CARTESIAN_POINT('',(1.984701167624,4.768717715992));
#7894 = CARTESIAN_POINT('',(1.963495408494,4.768717715992));
#7895 = CARTESIAN_POINT('',(1.942289649363,4.768717715992));
#7896 = CARTESIAN_POINT('',(1.92108389372,4.768717715992));
#7897 = CARTESIAN_POINT('',(1.899878145052,4.768717715992));
#7898 = CARTESIAN_POINT('',(1.855895877561,4.768717715992));
#7899 = CARTESIAN_POINT('',(1.833119333316,4.768717715992));
#7900 = CARTESIAN_POINT('',(1.810342779097,4.768717715992));
#7901 = CARTESIAN_POINT('',(1.787566219893,4.768717715992));
#7902 = CARTESIAN_POINT('',(1.764789660688,4.768717715992));
#7903 = CARTESIAN_POINT('',(1.74201310647,4.768717715992));
#7904 = CARTESIAN_POINT('',(1.719236562225,4.768717715992));
#7905 = CARTESIAN_POINT('',(1.674468899006,4.768717715992));
#7906 = CARTESIAN_POINT('',(1.652477752522,4.768717715992));
#7907 = CARTESIAN_POINT('',(1.630486597672,4.768717715992));
#7908 = CARTESIAN_POINT('',(1.608495438638,4.768717715992));
#7909 = CARTESIAN_POINT('',(1.586504279604,4.768717715992));
#7910 = CARTESIAN_POINT('',(1.564513124754,4.768717715992));
#7911 = CARTESIAN_POINT('',(1.542521978271,4.768717715992));
#7912 = CARTESIAN_POINT('',(1.497754315052,4.768717715992));
#7913 = CARTESIAN_POINT('',(1.474977770806,4.768717715992));
#7914 = CARTESIAN_POINT('',(1.452201216588,4.768717715992));
#7915 = CARTESIAN_POINT('',(1.429424657383,4.768717715992));
#7916 = CARTESIAN_POINT('',(1.406648098179,4.768717715992));
#7917 = CARTESIAN_POINT('',(1.383871543961,4.768717715992));
#7918 = CARTESIAN_POINT('',(1.361094999715,4.768717715992));
#7919 = CARTESIAN_POINT('',(1.316327336496,4.768717715992));
#7920 = CARTESIAN_POINT('',(1.294336190013,4.768717715992));
#7921 = CARTESIAN_POINT('',(1.272345035163,4.768717715992));
#7922 = CARTESIAN_POINT('',(1.250353876129,4.768717715992));
#7923 = CARTESIAN_POINT('',(1.228362717095,4.768717715992));
#7924 = CARTESIAN_POINT('',(1.206371562245,4.768717715992));
#7925 = CARTESIAN_POINT('',(1.184380415761,4.768717715992));
#7926 = CARTESIAN_POINT('',(1.139612752542,4.768717715992));
#7927 = CARTESIAN_POINT('',(1.116836208297,4.768717715992));
#7928 = CARTESIAN_POINT('',(1.094059654079,4.768717715992));
#7929 = CARTESIAN_POINT('',(1.071283094874,4.768717715992));
#7930 = CARTESIAN_POINT('',(1.04850653567,4.768717715992));
#7931 = CARTESIAN_POINT('',(1.025729981451,4.768717715992));
#7932 = CARTESIAN_POINT('',(1.002953437206,4.768717715992));
#7933 = CARTESIAN_POINT('',(0.958185773987,4.768717715992));
#7934 = CARTESIAN_POINT('',(0.936194627504,4.768717715992));
#7935 = CARTESIAN_POINT('',(0.914203472653,4.768717715992));
#7936 = CARTESIAN_POINT('',(0.89221231362,4.768717715992));
#7937 = CARTESIAN_POINT('',(0.870221154586,4.768717715992));
#7938 = CARTESIAN_POINT('',(0.848229999735,4.768717715992));
#7939 = CARTESIAN_POINT('',(0.826238853252,4.768717715992));
#7940 = CARTESIAN_POINT('',(0.783041981114,4.768717715992));
#7941 = CARTESIAN_POINT('',(0.761836232446,4.768717715992));
#7942 = CARTESIAN_POINT('',(0.740630476803,4.768717715992));
#7943 = CARTESIAN_POINT('',(0.719424717672,4.768717715992));
#7944 = CARTESIAN_POINT('',(0.698218958542,4.768717715992));
#7945 = CARTESIAN_POINT('',(0.677013202899,4.768717715992));
#7946 = CARTESIAN_POINT('',(0.655807454231,4.768717715992));
#7947 = CARTESIAN_POINT('',(0.555284914528,4.768717715992));
#7948 = CARTESIAN_POINT('',(0.475945947923,4.768717715992));
#7949 = CARTESIAN_POINT('',(0.396618442015,4.768717715992));
#7950 = CARTESIAN_POINT('',(0.317300858014,4.768717715992));
#7951 = CARTESIAN_POINT('',(0.237983274008,4.768717715992));
#7952 = CARTESIAN_POINT('',(0.158655768103,4.768717715992));
#7953 = CARTESIAN_POINT('',(7.931680149744E-02,4.768717715992));
#7954 = CARTESIAN_POINT('',(0.,4.768717715992));
#7955 = ( GEOMETRIC_REPRESENTATION_CONTEXT(2) 
PARAMETRIC_REPRESENTATION_CONTEXT() REPRESENTATION_CONTEXT('2D SPACE',''
  ) );
#7956 = ORIENTED_EDGE('',*,*,#7957,.T.);
#7957 = EDGE_CURVE('',#7612,#4003,#7958,.T.);
#7958 = SEAM_CURVE('',#7959,(#7963,#7970),.PCURVE_S1.);
#7959 = LINE('',#7960,#7961);
#7960 = CARTESIAN_POINT('',(44.4,-1.087486357643E-14,-396.2));
#7961 = VECTOR('',#7962,1.);
#7962 = DIRECTION('',(0.,0.,1.));
#7963 = PCURVE('',#4019,#7964);
#7964 = DEFINITIONAL_REPRESENTATION('',(#7965),#7969);
#7965 = LINE('',#7966,#7967);
#7966 = CARTESIAN_POINT('',(0.,-0.));
#7967 = VECTOR('',#7968,1.);
#7968 = DIRECTION('',(0.,1.));
#7969 = ( GEOMETRIC_REPRESENTATION_CONTEXT(2) 
PARAMETRIC_REPRESENTATION_CONTEXT() REPRESENTATION_CONTEXT('2D SPACE',''
  ) );
#7970 = PCURVE('',#4019,#7971);
#7971 = DEFINITIONAL_REPRESENTATION('',(#7972),#7976);
#7972 = LINE('',#7973,#7974);
#7973 = CARTESIAN_POINT('',(6.28318530718,-0.));
#7974 = VECTOR('',#7975,1.);
#7975 = DIRECTION('',(0.,1.));
#7976 = ( GEOMETRIC_REPRESENTATION_CONTEXT(2) 
PARAMETRIC_REPRESENTATION_CONTEXT() REPRESENTATION_CONTEXT('2D SPACE',''
  ) );
#7977 = ORIENTED_EDGE('',*,*,#4000,.F.);
#7978 = ORIENTED_EDGE('',*,*,#5319,.F.);
#7979 = ORIENTED_EDGE('',*,*,#5389,.F.);
#7980 = ORIENTED_EDGE('',*,*,#5485,.T.);
#7981 = ORIENTED_EDGE('',*,*,#5208,.F.);
#7982 = ORIENTED_EDGE('',*,*,#5510,.F.);
#7983 = ORIENTED_EDGE('',*,*,#5580,.F.);
#7984 = ORIENTED_EDGE('',*,*,#5676,.T.);
#7985 = ORIENTED_EDGE('',*,*,#5101,.F.);
#7986 = ORIENTED_EDGE('',*,*,#5701,.F.);
#7987 = ORIENTED_EDGE('',*,*,#5771,.F.);
#7988 = ORIENTED_EDGE('',*,*,#5867,.T.);
#7989 = ORIENTED_EDGE('',*,*,#4994,.F.);
#7990 = ORIENTED_EDGE('',*,*,#5892,.F.);
#7991 = ORIENTED_EDGE('',*,*,#5962,.F.);
#7992 = ORIENTED_EDGE('',*,*,#6058,.T.);
#7993 = ORIENTED_EDGE('',*,*,#4887,.F.);
#7994 = ORIENTED_EDGE('',*,*,#6083,.F.);
#7995 = ORIENTED_EDGE('',*,*,#6153,.F.);
#7996 = ORIENTED_EDGE('',*,*,#6249,.T.);
#7997 = ORIENTED_EDGE('',*,*,#4780,.F.);
#7998 = ORIENTED_EDGE('',*,*,#6274,.F.);
#7999 = ORIENTED_EDGE('',*,*,#6344,.F.);
#8000 = ORIENTED_EDGE('',*,*,#6440,.T.);
#8001 = ORIENTED_EDGE('',*,*,#4673,.F.);
#8002 = ORIENTED_EDGE('',*,*,#6465,.F.);
#8003 = ORIENTED_EDGE('',*,*,#6535,.F.);
#8004 = ORIENTED_EDGE('',*,*,#6631,.T.);
#8005 = ORIENTED_EDGE('',*,*,#4566,.F.);
#8006 = ORIENTED_EDGE('',*,*,#6656,.F.);
#8007 = ORIENTED_EDGE('',*,*,#6726,.F.);
#8008 = ORIENTED_EDGE('',*,*,#6822,.T.);
#8009 = ORIENTED_EDGE('',*,*,#4459,.F.);
#8010 = ORIENTED_EDGE('',*,*,#6847,.F.);
#8011 = ORIENTED_EDGE('',*,*,#6917,.F.);
#8012 = ORIENTED_EDGE('',*,*,#7013,.T.);
#8013 = ORIENTED_EDGE('',*,*,#4352,.F.);
#8014 = ORIENTED_EDGE('',*,*,#7038,.F.);
#8015 = ORIENTED_EDGE('',*,*,#7108,.F.);
#8016 = ORIENTED_EDGE('',*,*,#7204,.T.);
#8017 = ORIENTED_EDGE('',*,*,#4245,.F.);
#8018 = ORIENTED_EDGE('',*,*,#7229,.F.);
#8019 = ORIENTED_EDGE('',*,*,#7299,.F.);
#8020 = ORIENTED_EDGE('',*,*,#7395,.T.);
#8021 = ORIENTED_EDGE('',*,*,#4138,.F.);
#8022 = ORIENTED_EDGE('',*,*,#7420,.F.);
#8023 = ORIENTED_EDGE('',*,*,#7490,.F.);
#8024 = ORIENTED_EDGE('',*,*,#7586,.T.);
#8025 = ORIENTED_EDGE('',*,*,#4031,.F.);
#8026 = ORIENTED_EDGE('',*,*,#7957,.F.);
#8027 = ORIENTED_EDGE('',*,*,#8028,.F.);
#8028 = EDGE_CURVE('',#7614,#7612,#8029,.T.);
#8029 = SURFACE_CURVE('',#8030,(#8068,#8109),.PCURVE_S1.);
#8030 = B_SPLINE_CURVE_WITH_KNOTS('',8,(#8031,#8032,#8033,#8034,#8035,
    #8036,#8037,#8038,#8039,#8040,#8041,#8042,#8043,#8044,#8045,#8046,
    #8047,#8048,#8049,#8050,#8051,#8052,#8053,#8054,#8055,#8056,#8057,
    #8058,#8059,#8060,#8061,#8062,#8063,#8064,#8065,#8066,#8067),
  .UNSPECIFIED.,.F.,.F.,(9,7,7,7,7,9),(0.,0.184029823981,0.36406009334,
    0.636032122892,0.921981807957,1.),.UNSPECIFIED.);
#8031 = CARTESIAN_POINT('',(-44.4,5.437431788214E-15,-393.7145594901));
#8032 = CARTESIAN_POINT('',(-44.4,3.207958287917,-393.7145594901));
#8033 = CARTESIAN_POINT('',(-44.1351094558,6.416536438608,
    -393.7145594901));
#8034 = CARTESIAN_POINT('',(-43.60514954802,9.599281501457,
    -393.7145594901));
#8035 = CARTESIAN_POINT('',(-42.8133215578,12.73066660984,
    -393.7145594901));
#8036 = CARTESIAN_POINT('',(-41.76552858178,15.785939779885,
    -393.7145594901));
#8037 = CARTESIAN_POINT('',(-40.47035095525,18.741145111828,
    -393.7145594901));
#8038 = CARTESIAN_POINT('',(-38.93905525094,21.573153977591,
    -393.7145594901));
#8039 = CARTESIAN_POINT('',(-35.47152885866,26.888272262548,
    -393.7145594901));
#8040 = CARTESIAN_POINT('',(-33.54419414064,29.378589106416,
    -393.7145594901));
#8041 = CARTESIAN_POINT('',(-31.41762014179,31.710064207505,
    -393.7145594901));
#8042 = CARTESIAN_POINT('',(-29.10731293254,33.864276620964,
    -393.7145594901));
#8043 = CARTESIAN_POINT('',(-26.63047980997,35.824748045293,
    -393.7145594901));
#8044 = CARTESIAN_POINT('',(-24.00599705162,37.576941919027,
    -393.7145594901));
#8045 = CARTESIAN_POINT('',(-21.25440596555,39.108295435712,
    -393.7145594901));
#8046 = CARTESIAN_POINT('',(-14.0835151638,42.373236154625,
    -393.7145594901));
#8047 = CARTESIAN_POINT('',(-9.525089489056,43.813015788365,
    -393.7145594901));
#8048 = CARTESIAN_POINT('',(-4.803417489948,44.689419277081,
    -393.7145594901));
#8049 = CARTESIAN_POINT('',(2.492583917046E-11,44.983813913717,
    -393.7145594901));
#8050 = CARTESIAN_POINT('',(4.803417489893,44.689419277088,
    -393.7145594901));
#8051 = CARTESIAN_POINT('',(9.525089489069,43.813015788361,
    -393.7145594901));
#8052 = CARTESIAN_POINT('',(14.083515163796,42.37323615463,
    -393.7145594901));
#8053 = CARTESIAN_POINT('',(22.934788046884,38.343209474662,
    -393.7145594901));
#8054 = CARTESIAN_POINT('',(27.211335315848,35.693362655268,
    -393.7145594901));
#8055 = CARTESIAN_POINT('',(31.13171731674,32.500255354161,
    -393.7145594901));
#8056 = CARTESIAN_POINT('',(34.618162210742,28.822298942519,
    -393.7145594901));
#8057 = CARTESIAN_POINT('',(37.603466898563,24.72710452893,
    -393.7145594901));
#8058 = CARTESIAN_POINT('',(40.033317148701,20.293014201515,
    -393.7145594901));
#8059 = CARTESIAN_POINT('',(41.864361283645,15.607096779536,
    -393.7145594901));
#8060 = CARTESIAN_POINT('',(43.403553920183,9.452041345392,
    -393.7145594901));
#8061 = CARTESIAN_POINT('',(43.687303082206,8.121118704315,
    -393.7145594901));
#8062 = CARTESIAN_POINT('',(43.92439258479,6.780536200985,
    -393.7145594901));
#8063 = CARTESIAN_POINT('',(44.114444314452,5.432204345003,
    -393.7145594901));
#8064 = CARTESIAN_POINT('',(44.257174347916,4.078045347192,
    -393.7145594901));
#8065 = CARTESIAN_POINT('',(44.352391799837,2.719992874966,
    -393.7145594901));
#8066 = CARTESIAN_POINT('',(44.4,1.35999209454,-393.7145594901));
#8067 = CARTESIAN_POINT('',(44.4,-1.529621224689E-14,-393.7145594901));
#8068 = PCURVE('',#4019,#8069);
#8069 = DEFINITIONAL_REPRESENTATION('',(#8070),#8108);
#8070 = B_SPLINE_CURVE_WITH_KNOTS('',8,(#8071,#8072,#8073,#8074,#8075,
    #8076,#8077,#8078,#8079,#8080,#8081,#8082,#8083,#8084,#8085,#8086,
    #8087,#8088,#8089,#8090,#8091,#8092,#8093,#8094,#8095,#8096,#8097,
    #8098,#8099,#8100,#8101,#8102,#8103,#8104,#8105,#8106,#8107),
  .UNSPECIFIED.,.F.,.F.,(9,7,7,7,7,9),(0.,0.184029823981,0.36406009334,
    0.636032122892,0.921981807957,1.),.UNSPECIFIED.);
#8071 = CARTESIAN_POINT('',(3.14159265359,2.485440509848));
#8072 = CARTESIAN_POINT('',(3.069341340799,2.485440509848));
#8073 = CARTESIAN_POINT('',(2.997076072664,2.485440509848));
#8074 = CARTESIAN_POINT('',(2.924817856799,2.485440509848));
#8075 = CARTESIAN_POINT('',(2.852566129461,2.485440509848));
#8076 = CARTESIAN_POINT('',(2.780314402118,2.485440509848));
#8077 = CARTESIAN_POINT('',(2.708056186256,2.485440509848));
#8078 = CARTESIAN_POINT('',(2.63579091812,2.485440509848));
#8079 = CARTESIAN_POINT('',(2.492858543848,2.485440509848));
#8080 = CARTESIAN_POINT('',(2.422164967784,2.485440509848));
#8081 = CARTESIAN_POINT('',(2.351477684817,2.485440509848));
#8082 = CARTESIAN_POINT('',(2.280796266506,2.485440509848));
#8083 = CARTESIAN_POINT('',(2.210114848197,2.485440509848));
#8084 = CARTESIAN_POINT('',(2.139427565228,2.485440509848));
#8085 = CARTESIAN_POINT('',(2.068733989165,2.485440509848));
#8086 = CARTESIAN_POINT('',(1.89127492968,2.485440509848));
#8087 = CARTESIAN_POINT('',(1.784399874839,2.485440509848));
#8088 = CARTESIAN_POINT('',(1.677580163941,2.485440509848));
#8089 = CARTESIAN_POINT('',(1.570796326793,2.485440509848));
#8090 = CARTESIAN_POINT('',(1.464012489651,2.485440509848));
#8091 = CARTESIAN_POINT('',(1.35719277875,2.485440509848));
#8092 = CARTESIAN_POINT('',(1.25031772391,2.485440509848));
#8093 = CARTESIAN_POINT('',(1.03127400891,2.485440509848));
#8094 = CARTESIAN_POINT('',(0.918883662074,2.485440509848));
#8095 = CARTESIAN_POINT('',(0.80656587125,2.485440509848));
#8096 = CARTESIAN_POINT('',(0.694291976443,2.485440509848));
#8097 = CARTESIAN_POINT('',(0.582018081638,2.485440509848));
#8098 = CARTESIAN_POINT('',(0.469700290812,2.485440509848));
#8099 = CARTESIAN_POINT('',(0.357309943977,2.485440509848));
#8100 = CARTESIAN_POINT('',(0.2144137744,2.485440509848));
#8101 = CARTESIAN_POINT('',(0.183783126905,2.485440509848));
#8102 = CARTESIAN_POINT('',(0.153152566049,2.485440509848));
#8103 = CARTESIAN_POINT('',(0.12252211349,2.485440509848));
#8104 = CARTESIAN_POINT('',(9.189166093066E-02,2.485440509848));
#8105 = CARTESIAN_POINT('',(6.126110007553E-02,2.485440509848));
#8106 = CARTESIAN_POINT('',(3.063045257974E-02,2.485440509848));
#8107 = CARTESIAN_POINT('',(0.,2.485440509848));
#8108 = ( GEOMETRIC_REPRESENTATION_CONTEXT(2) 
PARAMETRIC_REPRESENTATION_CONTEXT() REPRESENTATION_CONTEXT('2D SPACE',''
  ) );
#8109 = PCURVE('',#7837,#8110);
#8110 = DEFINITIONAL_REPRESENTATION('',(#8111),#8149);
#8111 = B_SPLINE_CURVE_WITH_KNOTS('',8,(#8112,#8113,#8114,#8115,#8116,
    #8117,#8118,#8119,#8120,#8121,#8122,#8123,#8124,#8125,#8126,#8127,
    #8128,#8129,#8130,#8131,#8132,#8133,#8134,#8135,#8136,#8137,#8138,
    #8139,#8140,#8141,#8142,#8143,#8144,#8145,#8146,#8147,#8148),
  .UNSPECIFIED.,.F.,.F.,(9,7,7,7,7,9),(0.,0.184029823981,0.36406009334,
    0.636032122892,0.921981807957,1.),.UNSPECIFIED.);
#8112 = CARTESIAN_POINT('',(6.28318530718,4.768717715992));
#8113 = CARTESIAN_POINT('',(6.210933994389,4.768717715992));
#8114 = CARTESIAN_POINT('',(6.138668726254,4.768717715992));
#8115 = CARTESIAN_POINT('',(6.06641051039,4.768717715992));
#8116 = CARTESIAN_POINT('',(5.994158783049,4.768717715992));
#8117 = CARTESIAN_POINT('',(5.921907055709,4.768717715992));
#8118 = CARTESIAN_POINT('',(5.849648839845,4.768717715992));
#8119 = CARTESIAN_POINT('',(5.77738357171,4.768717715992));
#8120 = CARTESIAN_POINT('',(5.634451197438,4.768717715992));
#8121 = CARTESIAN_POINT('',(5.563757621374,4.768717715992));
#8122 = CARTESIAN_POINT('',(5.493070338406,4.768717715992));
#8123 = CARTESIAN_POINT('',(5.422388920096,4.768717715992));
#8124 = CARTESIAN_POINT('',(5.351707501786,4.768717715992));
#8125 = CARTESIAN_POINT('',(5.281020218818,4.768717715992));
#8126 = CARTESIAN_POINT('',(5.210326642755,4.768717715992));
#8127 = CARTESIAN_POINT('',(5.03286758327,4.768717715992));
#8128 = CARTESIAN_POINT('',(4.925992528429,4.768717715992));
#8129 = CARTESIAN_POINT('',(4.819172817533,4.768717715992));
#8130 = CARTESIAN_POINT('',(4.712388980381,4.768717715992));
#8131 = CARTESIAN_POINT('',(4.605605143242,4.768717715992));
#8132 = CARTESIAN_POINT('',(4.498785432339,4.768717715992));
#8133 = CARTESIAN_POINT('',(4.3919103775,4.768717715992));
#8134 = CARTESIAN_POINT('',(4.1728666625,4.768717715992));
#8135 = CARTESIAN_POINT('',(4.060476315664,4.768717715992));
#8136 = CARTESIAN_POINT('',(3.94815852484,4.768717715992));
#8137 = CARTESIAN_POINT('',(3.835884630032,4.768717715992));
#8138 = CARTESIAN_POINT('',(3.723610735228,4.768717715992));
#8139 = CARTESIAN_POINT('',(3.611292944402,4.768717715992));
#8140 = CARTESIAN_POINT('',(3.498902597567,4.768717715992));
#8141 = CARTESIAN_POINT('',(3.35600642799,4.768717715992));
#8142 = CARTESIAN_POINT('',(3.325375780494,4.768717715992));
#8143 = CARTESIAN_POINT('',(3.294745219639,4.768717715992));
#8144 = CARTESIAN_POINT('',(3.26411476708,4.768717715992));
#8145 = CARTESIAN_POINT('',(3.23348431452,4.768717715992));
#8146 = CARTESIAN_POINT('',(3.202853753665,4.768717715992));
#8147 = CARTESIAN_POINT('',(3.17222310617,4.768717715992));
#8148 = CARTESIAN_POINT('',(3.14159265359,4.768717715992));
#8149 = ( GEOMETRIC_REPRESENTATION_CONTEXT(2) 
PARAMETRIC_REPRESENTATION_CONTEXT() REPRESENTATION_CONTEXT('2D SPACE',''
  ) );
#8150 = ADVANCED_FACE('',(#8151),#7837,.F.);
#8151 = FACE_BOUND('',#8152,.F.);
#8152 = EDGE_LOOP('',(#8153,#8154,#8178,#8387,#8711,#8712));
#8153 = ORIENTED_EDGE('',*,*,#8028,.F.);
#8154 = ORIENTED_EDGE('',*,*,#8155,.T.);
#8155 = EDGE_CURVE('',#7614,#8156,#8158,.T.);
#8156 = VERTEX_POINT('',#8157);
#8157 = CARTESIAN_POINT('',(-46.8,-5.73134702001E-15,-393.6450555704));
#8158 = SEAM_CURVE('',#8159,(#8164,#8171),.PCURVE_S1.);
#8159 = ELLIPSE('',#8160,788.647,394.34);
#8160 = AXIS2_PLACEMENT_3D('',#8161,#8162,#8163);
#8161 = CARTESIAN_POINT('',(0.,0.,0.));
#8162 = DIRECTION('',(-1.224646799147E-16,1.,0.));
#8163 = DIRECTION('',(-1.,-1.224646799147E-16,0.));
#8164 = PCURVE('',#7837,#8165);
#8165 = DEFINITIONAL_REPRESENTATION('',(#8166),#8170);
#8166 = LINE('',#8167,#8168);
#8167 = CARTESIAN_POINT('',(0.,0.));
#8168 = VECTOR('',#8169,1.);
#8169 = DIRECTION('',(0.,1.));
#8170 = ( GEOMETRIC_REPRESENTATION_CONTEXT(2) 
PARAMETRIC_REPRESENTATION_CONTEXT() REPRESENTATION_CONTEXT('2D SPACE',''
  ) );
#8171 = PCURVE('',#7837,#8172);
#8172 = DEFINITIONAL_REPRESENTATION('',(#8173),#8177);
#8173 = LINE('',#8174,#8175);
#8174 = CARTESIAN_POINT('',(6.28318530718,0.));
#8175 = VECTOR('',#8176,1.);
#8176 = DIRECTION('',(0.,1.));
#8177 = ( GEOMETRIC_REPRESENTATION_CONTEXT(2) 
PARAMETRIC_REPRESENTATION_CONTEXT() REPRESENTATION_CONTEXT('2D SPACE',''
  ) );
#8178 = ORIENTED_EDGE('',*,*,#8179,.T.);
#8179 = EDGE_CURVE('',#8156,#8180,#8182,.T.);
#8180 = VERTEX_POINT('',#8181);
#8181 = CARTESIAN_POINT('',(46.8,-1.146269404002E-14,-393.6450555704));
#8182 = SURFACE_CURVE('',#8183,(#8249,#8318),.PCURVE_S1.);
#8183 = B_SPLINE_CURVE_WITH_KNOTS('',8,(#8184,#8185,#8186,#8187,#8188,
    #8189,#8190,#8191,#8192,#8193,#8194,#8195,#8196,#8197,#8198,#8199,
    #8200,#8201,#8202,#8203,#8204,#8205,#8206,#8207,#8208,#8209,#8210,
    #8211,#8212,#8213,#8214,#8215,#8216,#8217,#8218,#8219,#8220,#8221,
    #8222,#8223,#8224,#8225,#8226,#8227,#8228,#8229,#8230,#8231,#8232,
    #8233,#8234,#8235,#8236,#8237,#8238,#8239,#8240,#8241,#8242,#8243,
    #8244,#8245,#8246,#8247,#8248),.UNSPECIFIED.,.F.,.F.,(9,7,7,7,7,7,7,
    7,7,9),(0.,5.00026599543E-02,0.220002596209,0.392002110283,
    0.43400435357,0.616001276867,0.706005709407,0.764008775043,
    0.798010595122,1.),.UNSPECIFIED.);
#8184 = CARTESIAN_POINT('',(-46.8,5.73134702001E-15,-393.6450555704));
#8185 = CARTESIAN_POINT('',(-46.8,0.918915462429,-393.6450555704));
#8186 = CARTESIAN_POINT('',(-46.7793795543,1.837831924089,
    -393.6450555704));
#8187 = CARTESIAN_POINT('',(-46.73813871127,2.75620810095,
    -393.6450555704));
#8188 = CARTESIAN_POINT('',(-46.67629443516,3.673504040295,
    -393.6450555704));
#8189 = CARTESIAN_POINT('',(-46.59388060605,4.589181120712,
    -393.6450555704));
#8190 = CARTESIAN_POINT('',(-46.49094801993,5.502702052095,
    -393.6450555704));
#8191 = CARTESIAN_POINT('',(-46.36756438863,6.413530875648,
    -393.6450555704));
#8192 = CARTESIAN_POINT('',(-45.73509035692,10.406814751321,
    -393.6450555704));
#8193 = CARTESIAN_POINT('',(-45.01088434977,13.455646892429,
    -393.6450555704));
#8194 = CARTESIAN_POINT('',(-44.0545084215,16.446005365502,
    -393.6450555704));
#8195 = CARTESIAN_POINT('',(-42.87166661587,19.357299717959,
    -393.6450555704));
#8196 = CARTESIAN_POINT('',(-41.470099816,22.169835948711,
    -393.6450555704));
#8197 = CARTESIAN_POINT('',(-39.85946157226,24.864783659048,
    -393.6450555704));
#8198 = CARTESIAN_POINT('',(-38.05142485924,27.424247472006,
    -393.6450555704));
#8199 = CARTESIAN_POINT('',(-34.04519130601,32.266951945112,
    -393.6450555704));
#8200 = CARTESIAN_POINT('',(-31.84207003773,34.547297286554,
    -393.6450555704));
#8201 = CARTESIAN_POINT('',(-29.46501344758,36.654935395829,
    -393.6450555704));
#8202 = CARTESIAN_POINT('',(-26.92999152695,38.574535511442,
    -393.6450555704));
#8203 = CARTESIAN_POINT('',(-24.25432054023,40.292669823065,
    -393.6450555704));
#8204 = CARTESIAN_POINT('',(-21.45657355559,41.797710766819,
    -393.6450555704));
#8205 = CARTESIAN_POINT('',(-18.55664602243,43.079950409549,
    -393.6450555704));
#8206 = CARTESIAN_POINT('',(-14.84807051815,44.388856875929,
    -393.6450555704));
#8207 = CARTESIAN_POINT('',(-14.1153435079,44.63203650761,
    -393.6450555704));
#8208 = CARTESIAN_POINT('',(-13.37807595264,44.861389299045,
    -393.6450555704));
#8209 = CARTESIAN_POINT('',(-12.63657243204,45.076816707629,
    -393.6450555704));
#8210 = CARTESIAN_POINT('',(-11.8911398058,45.278228323929,
    -393.6450555704));
#8211 = CARTESIAN_POINT('',(-11.14208721365,45.465541871688,
    -393.6450555704));
#8212 = CARTESIAN_POINT('',(-10.38972607528,45.638683207825,
    -393.6450555704));
#8213 = CARTESIAN_POINT('',(-6.361390971212,46.486118069735,
    -393.6450555704));
#8214 = CARTESIAN_POINT('',(-3.031569866474,46.907454515272,
    -393.6450555704));
#8215 = CARTESIAN_POINT('',(0.328744341046,47.05587218599,
    -393.6450555704));
#8216 = CARTESIAN_POINT('',(3.693405439133,46.929165684378,
    -393.6450555704));
#8217 = CARTESIAN_POINT('',(7.036463239838,46.52796325975,
    -393.6450555704));
#8218 = CARTESIAN_POINT('',(10.332188764252,45.855703901449,
    -393.6450555704));
#8219 = CARTESIAN_POINT('',(13.555102704269,44.918656023512,
    -393.6450555704));
#8220 = CARTESIAN_POINT('',(18.225494583762,43.137074539243,
    -393.6450555704));
#8221 = CARTESIAN_POINT('',(19.747118969681,42.485125773577,
    -393.6450555704));
#8222 = CARTESIAN_POINT('',(21.241981107521,41.771877599271,
    -393.6450555704));
#8223 = CARTESIAN_POINT('',(22.7072025569,40.998622234023,
    -393.6450555704));
#8224 = CARTESIAN_POINT('',(24.139990435366,40.166806959493,
    -393.6450555704));
#8225 = CARTESIAN_POINT('',(25.537636258803,39.278031441411,
    -393.6450555704));
#8226 = CARTESIAN_POINT('',(26.897517597955,38.334050134244,
    -393.6450555704));
#8227 = CARTESIAN_POINT('',(29.067504808859,36.69409210784,
    -393.6450555704));
#8228 = CARTESIAN_POINT('',(29.901179318013,36.02926686037,
    -393.6450555704));
#8229 = CARTESIAN_POINT('',(30.717451481896,35.342813999059,
    -393.6450555704));
#8230 = CARTESIAN_POINT('',(31.515667384635,34.635266222798,
    -393.6450555704));
#8231 = CARTESIAN_POINT('',(32.295193791091,33.907178958306,
    -393.6450555704));
#8232 = CARTESIAN_POINT('',(33.055418146857,33.159130360131,
    -393.6450555704));
#8233 = CARTESIAN_POINT('',(33.795748578259,32.39172131065,
    -393.6450555704));
#8234 = CARTESIAN_POINT('',(34.937604189299,31.144730965825,
    -393.6450555704));
#8235 = CARTESIAN_POINT('',(35.352562480832,30.677447183102,
    -393.6450555704));
#8236 = CARTESIAN_POINT('',(35.760373995517,30.20384941784,
    -393.6450555704));
#8237 = CARTESIAN_POINT('',(36.160926763847,29.724065319152,
    -393.6450555704));
#8238 = CARTESIAN_POINT('',(36.554111618253,29.238224839328,
    -393.6450555704));
#8239 = CARTESIAN_POINT('',(36.939822193102,28.74646023383,
    -393.6450555704));
#8240 = CARTESIAN_POINT('',(37.317954924697,28.248906061298,
    -393.6450555704));
#8241 = CARTESIAN_POINT('',(39.88910914288,24.756375155236,
    -393.6450555704));
#8242 = CARTESIAN_POINT('',(41.819448997162,21.566726592428,
    -393.6450555704));
#8243 = CARTESIAN_POINT('',(43.457131177523,18.206487194193,
    -393.6450555704));
#8244 = CARTESIAN_POINT('',(44.785076000785,14.707262932085,
    -393.6450555704));
#8245 = CARTESIAN_POINT('',(45.790210531897,11.102028894637,
    -393.6450555704));
#8246 = CARTESIAN_POINT('',(46.463513002376,7.425090559503,
    -393.6450555704));
#8247 = CARTESIAN_POINT('',(46.8,3.712026271375,-393.6450555704));
#8248 = CARTESIAN_POINT('',(46.8,-1.61230345305E-14,-393.6450555704));
#8249 = PCURVE('',#7837,#8250);
#8250 = DEFINITIONAL_REPRESENTATION('',(#8251),#8317);
#8251 = B_SPLINE_CURVE_WITH_KNOTS('',8,(#8252,#8253,#8254,#8255,#8256,
    #8257,#8258,#8259,#8260,#8261,#8262,#8263,#8264,#8265,#8266,#8267,
    #8268,#8269,#8270,#8271,#8272,#8273,#8274,#8275,#8276,#8277,#8278,
    #8279,#8280,#8281,#8282,#8283,#8284,#8285,#8286,#8287,#8288,#8289,
    #8290,#8291,#8292,#8293,#8294,#8295,#8296,#8297,#8298,#8299,#8300,
    #8301,#8302,#8303,#8304,#8305,#8306,#8307,#8308,#8309,#8310,#8311,
    #8312,#8313,#8314,#8315,#8316),.UNSPECIFIED.,.F.,.F.,(9,7,7,7,7,7,7,
    7,7,9),(0.,5.00026599543E-02,0.220002596209,0.392002110283,
    0.43400435357,0.616001276867,0.706005709407,0.764008775043,
    0.798010595122,1.),.UNSPECIFIED.);
#8252 = CARTESIAN_POINT('',(6.28318530718,4.771766003611));
#8253 = CARTESIAN_POINT('',(6.263550361401,4.771766003611));
#8254 = CARTESIAN_POINT('',(6.243915408503,4.771766003611));
#8255 = CARTESIAN_POINT('',(6.224280450858,4.771766003611));
#8256 = CARTESIAN_POINT('',(6.20464549084,4.771766003611));
#8257 = CARTESIAN_POINT('',(6.185010530822,4.771766003611));
#8258 = CARTESIAN_POINT('',(6.165375573177,4.771766003611));
#8259 = CARTESIAN_POINT('',(6.145740620279,4.771766003611));
#8260 = CARTESIAN_POINT('',(6.059350435204,4.771766003611));
#8261 = CARTESIAN_POINT('',(5.992585920225,4.771766003611));
#8262 = CARTESIAN_POINT('',(5.925825531511,4.771766003611));
#8263 = CARTESIAN_POINT('',(5.859070298945,4.771766003611));
#8264 = CARTESIAN_POINT('',(5.792315066379,4.771766003611));
#8265 = CARTESIAN_POINT('',(5.725554677665,4.771766003611));
#8266 = CARTESIAN_POINT('',(5.658790162686,4.771766003611));
#8267 = CARTESIAN_POINT('',(5.524494493824,4.771766003611));
#8268 = CARTESIAN_POINT('',(5.456944092829,4.771766003611));
#8269 = CARTESIAN_POINT('',(5.38939863206,4.771766003611));
#8270 = CARTESIAN_POINT('',(5.321857955181,4.771766003611));
#8271 = CARTESIAN_POINT('',(5.254317278302,4.771766003611));
#8272 = CARTESIAN_POINT('',(5.186771817534,4.771766003611));
#8273 = CARTESIAN_POINT('',(5.119221416538,4.771766003611));
#8274 = CARTESIAN_POINT('',(5.035187629014,4.771766003611));
#8275 = CARTESIAN_POINT('',(5.018694268079,4.771766003611));
#8276 = CARTESIAN_POINT('',(5.002200905159,4.771766003611));
#8277 = CARTESIAN_POINT('',(4.985707541247,4.771766003611));
#8278 = CARTESIAN_POINT('',(4.969214177335,4.771766003611));
#8279 = CARTESIAN_POINT('',(4.952720814415,4.771766003611));
#8280 = CARTESIAN_POINT('',(4.93622745348,4.771766003611));
#8281 = CARTESIAN_POINT('',(4.848267903042,4.771766003611));
#8282 = CARTESIAN_POINT('',(4.776788489951,4.771766003611));
#8283 = CARTESIAN_POINT('',(4.705315741399,4.771766003611));
#8284 = CARTESIAN_POINT('',(4.633849164047,4.771766003611));
#8285 = CARTESIAN_POINT('',(4.562382586689,4.771766003611));
#8286 = CARTESIAN_POINT('',(4.490909838141,4.771766003611));
#8287 = CARTESIAN_POINT('',(4.419430425048,4.771766003611));
#8288 = CARTESIAN_POINT('',(4.312621469716,4.771766003611));
#8289 = CARTESIAN_POINT('',(4.277278309516,4.771766003611));
#8290 = CARTESIAN_POINT('',(4.241935325949,4.771766003611));
#8291 = CARTESIAN_POINT('',(4.206592563157,4.771766003611));
#8292 = CARTESIAN_POINT('',(4.171249800365,4.771766003611));
#8293 = CARTESIAN_POINT('',(4.135906816798,4.771766003611));
#8294 = CARTESIAN_POINT('',(4.100563656597,4.771766003611));
#8295 = CARTESIAN_POINT('',(4.042444364461,4.771766003611));
#8296 = CARTESIAN_POINT('',(4.019667820216,4.771766003611));
#8297 = CARTESIAN_POINT('',(3.996891265997,4.771766003611));
#8298 = CARTESIAN_POINT('',(3.974114706791,4.771766003611));
#8299 = CARTESIAN_POINT('',(3.951338147585,4.771766003611));
#8300 = CARTESIAN_POINT('',(3.928561593366,4.771766003611));
#8301 = CARTESIAN_POINT('',(3.905785049121,4.771766003611));
#8302 = CARTESIAN_POINT('',(3.869656752267,4.771766003611));
#8303 = CARTESIAN_POINT('',(3.856304983661,4.771766003611));
#8304 = CARTESIAN_POINT('',(3.842953214366,4.771766003611));
#8305 = CARTESIAN_POINT('',(3.829601444726,4.771766003611));
#8306 = CARTESIAN_POINT('',(3.816249675086,4.771766003611));
#8307 = CARTESIAN_POINT('',(3.802897905791,4.771766003611));
#8308 = CARTESIAN_POINT('',(3.789546137186,4.771766003611));
#8309 = CARTESIAN_POINT('',(3.696877568945,4.771766003611));
#8310 = CARTESIAN_POINT('',(3.617538600995,4.771766003611));
#8311 = CARTESIAN_POINT('',(3.538211094992,4.771766003611));
#8312 = CARTESIAN_POINT('',(3.4588935116,4.771766003611));
#8313 = CARTESIAN_POINT('',(3.379575928216,4.771766003611));
#8314 = CARTESIAN_POINT('',(3.300248422208,4.771766003611));
#8315 = CARTESIAN_POINT('',(3.22090945426,4.771766003611));
#8316 = CARTESIAN_POINT('',(3.14159265359,4.771766003611));
#8317 = ( GEOMETRIC_REPRESENTATION_CONTEXT(2) 
PARAMETRIC_REPRESENTATION_CONTEXT() REPRESENTATION_CONTEXT('2D SPACE',''
  ) );
#8318 = PCURVE('',#535,#8319);
#8319 = DEFINITIONAL_REPRESENTATION('',(#8320),#8386);
#8320 = B_SPLINE_CURVE_WITH_KNOTS('',8,(#8321,#8322,#8323,#8324,#8325,
    #8326,#8327,#8328,#8329,#8330,#8331,#8332,#8333,#8334,#8335,#8336,
    #8337,#8338,#8339,#8340,#8341,#8342,#8343,#8344,#8345,#8346,#8347,
    #8348,#8349,#8350,#8351,#8352,#8353,#8354,#8355,#8356,#8357,#8358,
    #8359,#8360,#8361,#8362,#8363,#8364,#8365,#8366,#8367,#8368,#8369,
    #8370,#8371,#8372,#8373,#8374,#8375,#8376,#8377,#8378,#8379,#8380,
    #8381,#8382,#8383,#8384,#8385),.UNSPECIFIED.,.F.,.F.,(9,7,7,7,7,7,7,
    7,7,9),(0.,5.00026599543E-02,0.220002596209,0.392002110283,
    0.43400435357,0.616001276867,0.706005709407,0.764008775043,
    0.798010595122,1.),.UNSPECIFIED.);
#8321 = CARTESIAN_POINT('',(3.14159265359,6.554944429577));
#8322 = CARTESIAN_POINT('',(3.121957707811,6.554944429577));
#8323 = CARTESIAN_POINT('',(3.102322754913,6.554944429577));
#8324 = CARTESIAN_POINT('',(3.082687797268,6.554944429577));
#8325 = CARTESIAN_POINT('',(3.06305283725,6.554944429577));
#8326 = CARTESIAN_POINT('',(3.043417877232,6.554944429577));
#8327 = CARTESIAN_POINT('',(3.023782919587,6.554944429577));
#8328 = CARTESIAN_POINT('',(3.004147966689,6.554944429577));
#8329 = CARTESIAN_POINT('',(2.917757781614,6.554944429577));
#8330 = CARTESIAN_POINT('',(2.850993266636,6.554944429577));
#8331 = CARTESIAN_POINT('',(2.784232877921,6.554944429577));
#8332 = CARTESIAN_POINT('',(2.717477645355,6.554944429577));
#8333 = CARTESIAN_POINT('',(2.650722412789,6.554944429577));
#8334 = CARTESIAN_POINT('',(2.583962024075,6.554944429577));
#8335 = CARTESIAN_POINT('',(2.517197509096,6.554944429577));
#8336 = CARTESIAN_POINT('',(2.382901840234,6.554944429577));
#8337 = CARTESIAN_POINT('',(2.315351439239,6.554944429577));
#8338 = CARTESIAN_POINT('',(2.24780597847,6.554944429577));
#8339 = CARTESIAN_POINT('',(2.180265301591,6.554944429577));
#8340 = CARTESIAN_POINT('',(2.112724624713,6.554944429577));
#8341 = CARTESIAN_POINT('',(2.045179163944,6.554944429577));
#8342 = CARTESIAN_POINT('',(1.977628762949,6.554944429577));
#8343 = CARTESIAN_POINT('',(1.893594975424,6.554944429577));
#8344 = CARTESIAN_POINT('',(1.877101614489,6.554944429577));
#8345 = CARTESIAN_POINT('',(1.860608251569,6.554944429577));
#8346 = CARTESIAN_POINT('',(1.844114887657,6.554944429577));
#8347 = CARTESIAN_POINT('',(1.827621523745,6.554944429577));
#8348 = CARTESIAN_POINT('',(1.811128160826,6.554944429577));
#8349 = CARTESIAN_POINT('',(1.79463479989,6.554944429577));
#8350 = CARTESIAN_POINT('',(1.706675249452,6.554944429577));
#8351 = CARTESIAN_POINT('',(1.63519583636,6.554944429577));
#8352 = CARTESIAN_POINT('',(1.563723087811,6.554944429577));
#8353 = CARTESIAN_POINT('',(1.492256510455,6.554944429577));
#8354 = CARTESIAN_POINT('',(1.4207899331,6.554944429577));
#8355 = CARTESIAN_POINT('',(1.34931718455,6.554944429577));
#8356 = CARTESIAN_POINT('',(1.277837771458,6.554944429577));
#8357 = CARTESIAN_POINT('',(1.171028816127,6.554944429577));
#8358 = CARTESIAN_POINT('',(1.135685655926,6.554944429577));
#8359 = CARTESIAN_POINT('',(1.100342672359,6.554944429577));
#8360 = CARTESIAN_POINT('',(1.064999909567,6.554944429577));
#8361 = CARTESIAN_POINT('',(1.029657146775,6.554944429577));
#8362 = CARTESIAN_POINT('',(0.994314163208,6.554944429577));
#8363 = CARTESIAN_POINT('',(0.958971003008,6.554944429577));
#8364 = CARTESIAN_POINT('',(0.900851710871,6.554944429577));
#8365 = CARTESIAN_POINT('',(0.878075166626,6.554944429577));
#8366 = CARTESIAN_POINT('',(0.855298612407,6.554944429577));
#8367 = CARTESIAN_POINT('',(0.832522053201,6.554944429577));
#8368 = CARTESIAN_POINT('',(0.809745493996,6.554944429577));
#8369 = CARTESIAN_POINT('',(0.786968939777,6.554944429577));
#8370 = CARTESIAN_POINT('',(0.764192395532,6.554944429577));
#8371 = CARTESIAN_POINT('',(0.728064098677,6.554944429577));
#8372 = CARTESIAN_POINT('',(0.714712330072,6.554944429577));
#8373 = CARTESIAN_POINT('',(0.701360560776,6.554944429577));
#8374 = CARTESIAN_POINT('',(0.688008791136,6.554944429577));
#8375 = CARTESIAN_POINT('',(0.674657021496,6.554944429577));
#8376 = CARTESIAN_POINT('',(0.661305252201,6.554944429577));
#8377 = CARTESIAN_POINT('',(0.647953483596,6.554944429577));
#8378 = CARTESIAN_POINT('',(0.555284915355,6.554944429577));
#8379 = CARTESIAN_POINT('',(0.475945947406,6.554944429577));
#8380 = CARTESIAN_POINT('',(0.396618441401,6.554944429578));
#8381 = CARTESIAN_POINT('',(0.317300858012,6.554944429576));
#8382 = CARTESIAN_POINT('',(0.237983274625,6.554944429578));
#8383 = CARTESIAN_POINT('',(0.158655768619,6.554944429576));
#8384 = CARTESIAN_POINT('',(7.93168006704E-02,6.554944429577));
#8385 = CARTESIAN_POINT('',(0.,6.554944429577));
#8386 = ( GEOMETRIC_REPRESENTATION_CONTEXT(2) 
PARAMETRIC_REPRESENTATION_CONTEXT() REPRESENTATION_CONTEXT('2D SPACE',''
  ) );
#8387 = ORIENTED_EDGE('',*,*,#8388,.T.);
#8388 = EDGE_CURVE('',#8180,#8156,#8389,.T.);
#8389 = SURFACE_CURVE('',#8390,(#8495,#8603),.PCURVE_S1.);
#8390 = B_SPLINE_CURVE_WITH_KNOTS('',7,(#8391,#8392,#8393,#8394,#8395,
    #8396,#8397,#8398,#8399,#8400,#8401,#8402,#8403,#8404,#8405,#8406,
    #8407,#8408,#8409,#8410,#8411,#8412,#8413,#8414,#8415,#8416,#8417,
    #8418,#8419,#8420,#8421,#8422,#8423,#8424,#8425,#8426,#8427,#8428,
    #8429,#8430,#8431,#8432,#8433,#8434,#8435,#8436,#8437,#8438,#8439,
    #8440,#8441,#8442,#8443,#8444,#8445,#8446,#8447,#8448,#8449,#8450,
    #8451,#8452,#8453,#8454,#8455,#8456,#8457,#8458,#8459,#8460,#8461,
    #8462,#8463,#8464,#8465,#8466,#8467,#8468,#8469,#8470,#8471,#8472,
    #8473,#8474,#8475,#8476,#8477,#8478,#8479,#8480,#8481,#8482,#8483,
    #8484,#8485,#8486,#8487,#8488,#8489,#8490,#8491,#8492,#8493,#8494),
  .UNSPECIFIED.,.F.,.F.,(8,6,6,6,6,6,6,6,6,6,6,6,6,6,6,6,6,8),(0.,
    5.800054758308E-02,0.116001095166,0.174001642749,0.230002177075,
    0.288002724658,0.346003272241,0.382003635617,0.416003979595,
    0.474004527179,0.532005074762,0.588005609087,0.644006143413,
    0.700006677738,0.748007150449,0.790007570318,0.828007952839,1.),
  .UNSPECIFIED.);
#8391 = CARTESIAN_POINT('',(46.8,-1.42108547152E-14,-393.6450555704));
#8392 = CARTESIAN_POINT('',(46.8,-1.218218937714,-393.6450555704));
#8393 = CARTESIAN_POINT('',(46.7630041387,-2.436440674158,
    -393.6450555704));
#8394 = CARTESIAN_POINT('',(46.689012604667,-3.65331214367,
    -393.6450555704));
#8395 = CARTESIAN_POINT('',(46.578086788789,-4.867485871976,
    -393.6450555704));
#8396 = CARTESIAN_POINT('',(46.430349284275,-6.07761997619,
    -393.6450555704));
#8397 = CARTESIAN_POINT('',(46.245983886656,-7.282378164815,
    -393.6450555704));
#8398 = CARTESIAN_POINT('',(45.804487300909,-9.678481310674,
    -393.6450555704));
#8399 = CARTESIAN_POINT('',(45.547355098489,-10.8698317727,
    -393.6450555704));
#8400 = CARTESIAN_POINT('',(45.254084355265,-12.05315049206,
    -393.6450555704));
#8401 = CARTESIAN_POINT('',(44.924979615916,-13.22712342602,
    -393.6450555704));
#8402 = CARTESIAN_POINT('',(44.560404601058,-14.39045312089,
    -393.6450555704));
#8403 = CARTESIAN_POINT('',(44.160782207246,-15.54185871201,
    -393.6450555704));
#8404 = CARTESIAN_POINT('',(43.292406806697,-17.81829313553,
    -393.6450555704));
#8405 = CARTESIAN_POINT('',(42.823651804957,-18.94332719779,
    -393.6450555704));
#8406 = CARTESIAN_POINT('',(42.320811926612,-20.05391396935,
    -393.6450555704));
#8407 = CARTESIAN_POINT('',(41.784424786781,-21.14881634644,
    -393.6450555704));
#8408 = CARTESIAN_POINT('',(41.21508319085,-22.22682426272,
    -393.6450555704));
#8409 = CARTESIAN_POINT('',(40.613435134463,-23.28675468928,
    -393.6450555704));
#8410 = CARTESIAN_POINT('',(39.368768663978,-25.33226257936,
    -393.6450555704));
#8411 = CARTESIAN_POINT('',(38.727889638493,-26.31914785955,
    -393.6450555704));
#8412 = CARTESIAN_POINT('',(38.058179770992,-27.28706741304,
    -393.6450555704));
#8413 = CARTESIAN_POINT('',(37.360315113951,-28.23501283993,
    -393.6450555704));
#8414 = CARTESIAN_POINT('',(36.635014728403,-29.16200740268,
    -393.6450555704));
#8415 = CARTESIAN_POINT('',(35.883040683939,-30.06710602605,
    -393.6450555704));
#8416 = CARTESIAN_POINT('',(34.299575420637,-31.86319480755,
    -393.6450555704));
#8417 = CARTESIAN_POINT('',(33.466199926639,-32.75253061528,
    -393.6450555704));
#8418 = CARTESIAN_POINT('',(32.605966516539,-33.61638789549,
    -393.6450555704));
#8419 = CARTESIAN_POINT('',(31.719812341048,-34.45379649133,
    -393.6450555704));
#8420 = CARTESIAN_POINT('',(30.808716761762,-35.26383091395,
    -393.6450555704));
#8421 = CARTESIAN_POINT('',(29.873701351167,-36.04561034247,
    -393.6450555704));
#8422 = CARTESIAN_POINT('',(27.957958434098,-37.5509869055,
    -393.6450555704));
#8423 = CARTESIAN_POINT('',(26.977226526405,-38.27458749846,
    -393.6450555704));
#8424 = CARTESIAN_POINT('',(25.97469818594,-38.96826454651,
    -393.6450555704));
#8425 = CARTESIAN_POINT('',(24.951470847088,-39.63123377066,
    -393.6450555704));
#8426 = CARTESIAN_POINT('',(23.908675362232,-40.26276246928,
    -393.6450555704));
#8427 = CARTESIAN_POINT('',(22.847476001753,-40.86216951814,
    -393.6450555704));
#8428 = CARTESIAN_POINT('',(21.099714849599,-41.78054302542,
    -393.6450555704));
#8429 = CARTESIAN_POINT('',(20.423729292716,-42.11964373941,
    -393.6450555704));
#8430 = CARTESIAN_POINT('',(19.741399574913,-42.44597735329,
    -393.6450555704));
#8431 = CARTESIAN_POINT('',(19.053015265912,-42.75940200622,
    -393.6450555704));
#8432 = CARTESIAN_POINT('',(18.358869713623,-43.05978413549,
    -393.6450555704));
#8433 = CARTESIAN_POINT('',(17.659260044148,-43.34699847656,
    -393.6450555704));
#8434 = CARTESIAN_POINT('',(16.28886831297,-43.87963934516,
    -393.6450555704));
#8435 = CARTESIAN_POINT('',(15.6186436112,-44.12650110837,
    -393.6450555704));
#8436 = CARTESIAN_POINT('',(14.944066512781,-44.36141484803,
    -393.6450555704));
#8437 = CARTESIAN_POINT('',(14.265392737326,-44.58428895146,
    -393.6450555704));
#8438 = CARTESIAN_POINT('',(13.582880267747,-44.79503869797,
    -393.6450555704));
#8439 = CARTESIAN_POINT('',(12.896789350258,-44.99358625887,
    -393.6450555704));
#8440 = CARTESIAN_POINT('',(11.031336299824,-45.4976227601,
    -393.6450555704));
#8441 = CARTESIAN_POINT('',(9.845637347244,-45.77967042761,
    -393.6450555704));
#8442 = CARTESIAN_POINT('',(8.651591910567,-46.0256509463,
    -393.6450555704));
#8443 = CARTESIAN_POINT('',(7.450516830006,-46.23527210457,
    -393.6450555704));
#8444 = CARTESIAN_POINT('',(6.243739512058,-46.4083022329,
    -393.6450555704));
#8445 = CARTESIAN_POINT('',(5.032597929501,-46.54457020384,
    -393.6450555704));
#8446 = CARTESIAN_POINT('',(2.60428331329,-46.74336066014,
    -393.6450555704));
#8447 = CARTESIAN_POINT('',(1.387104700835,-46.80588360221,
    -393.6450555704));
#8448 = CARTESIAN_POINT('',(0.168253353862,-46.83142404867,
    -393.6450555704));
#8449 = CARTESIAN_POINT('',(-1.050922737011,-46.81993324449,
    -393.6450555704));
#8450 = CARTESIAN_POINT('',(-2.269076160379,-46.77142388909,
    -393.6450555704));
#8451 = CARTESIAN_POINT('',(-3.484860084046,-46.68597013637,
    -393.6450555704));
#8452 = CARTESIAN_POINT('',(-5.867201089385,-46.44566099092,
    -393.6450555704));
#8453 = CARTESIAN_POINT('',(-7.034014944748,-46.29329987872,
    -393.6450555704));
#8454 = CARTESIAN_POINT('',(-8.196158415068,-46.10674660741,
    -393.6450555704));
#8455 = CARTESIAN_POINT('',(-9.352430101644,-45.88617598666,
    -393.6450555704));
#8456 = CARTESIAN_POINT('',(-10.50163861312,-45.63181528652,
    -393.6450555704));
#8457 = CARTESIAN_POINT('',(-11.64260256553,-45.34394423744,
    -393.6450555704));
#8458 = CARTESIAN_POINT('',(-13.90569859888,-44.70184582301,
    -393.6450555704));
#8459 = CARTESIAN_POINT('',(-15.02783519797,-44.34761717575,
    -393.6450555704));
#8460 = CARTESIAN_POINT('',(-16.13938908625,-43.96054157318,
    -393.6450555704));
#8461 = CARTESIAN_POINT('',(-17.23920800511,-43.54100139915,
    -393.6450555704));
#8462 = CARTESIAN_POINT('',(-18.32615873064,-43.08942893661,
    -393.6450555704));
#8463 = CARTESIAN_POINT('',(-19.39912707356,-42.60630636761,
    -393.6450555704));
#8464 = CARTESIAN_POINT('',(-21.51490868495,-41.57802517899,
    -393.6450555704));
#8465 = CARTESIAN_POINT('',(-22.55772617747,-41.03286450647,
    -393.6450555704));
#8466 = CARTESIAN_POINT('',(-23.58437533576,-40.45721611167,
    -393.6450555704));
#8467 = CARTESIAN_POINT('',(-24.59378861309,-39.85165814792,
    -393.6450555704));
#8468 = CARTESIAN_POINT('',(-25.58492593709,-39.21681456592,
    -393.6450555704));
#8469 = CARTESIAN_POINT('',(-26.55677470972,-38.55335511371,
    -393.6450555704));
#8470 = CARTESIAN_POINT('',(-28.32398585527,-37.26940106051,
    -393.6450555704));
#8471 = CARTESIAN_POINT('',(-29.1247292445,-36.65630694991,
    -393.6450555704));
#8472 = CARTESIAN_POINT('',(-29.90996024737,-36.02316333831,
    -393.6450555704));
#8473 = CARTESIAN_POINT('',(-30.67907778608,-35.3704425346,
    -393.6450555704));
#8474 = CARTESIAN_POINT('',(-31.43149943264,-34.69863882327,
    -393.6450555704));
#8475 = CARTESIAN_POINT('',(-32.16666140892,-34.00826846433,
    -393.6450555704));
#8476 = CARTESIAN_POINT('',(-33.51170621038,-32.68002067663,
    -393.6450555704));
#8477 = CARTESIAN_POINT('',(-34.12576302859,-32.04636768631,
    -393.6450555704));
#8478 = CARTESIAN_POINT('',(-34.72582410567,-31.39927113883,
    -393.6450555704));
#8479 = CARTESIAN_POINT('',(-35.31153714285,-30.73910266219,
    -393.6450555704));
#8480 = CARTESIAN_POINT('',(-35.88256247815,-30.06624509597,
    -393.6450555704));
#8481 = CARTESIAN_POINT('',(-36.4385730864,-29.38109249132,
    -393.6450555704));
#8482 = CARTESIAN_POINT('',(-37.46844263044,-28.05339267539,
    -393.6450555704));
#8483 = CARTESIAN_POINT('',(-37.94508284692,-27.41300171401,
    -393.6450555704));
#8484 = CARTESIAN_POINT('',(-38.40894248944,-26.76317729668,
    -393.6450555704));
#8485 = CARTESIAN_POINT('',(-38.85979816092,-26.10422588515,
    -393.6450555704));
#8486 = CARTESIAN_POINT('',(-39.29743580639,-25.43646033304,
    -393.6450555704));
#8487 = CARTESIAN_POINT('',(-39.72165071296,-24.76019988585,
    -393.6450555704));
#8488 = CARTESIAN_POINT('',(-41.99063363574,-20.97799962525,
    -393.6450555704));
#8489 = CARTESIAN_POINT('',(-43.57037229278,-17.71234004677,
    -393.6450555704));
#8490 = CARTESIAN_POINT('',(-44.85263986755,-14.30979584086,
    -393.6450555704));
#8491 = CARTESIAN_POINT('',(-45.82385898796,-10.80293976411,
    -393.6450555704));
#8492 = CARTESIAN_POINT('',(-46.47468361719,-7.22551827531,
    -393.6450555704));
#8493 = CARTESIAN_POINT('',(-46.8,-3.612448118496,-393.6450555704));
#8494 = CARTESIAN_POINT('',(-46.8,-7.105427357601E-15,-393.6450555704));
#8495 = PCURVE('',#7837,#8496);
#8496 = DEFINITIONAL_REPRESENTATION('',(#8497),#8602);
#8497 = B_SPLINE_CURVE_WITH_KNOTS('',7,(#8498,#8499,#8500,#8501,#8502,
    #8503,#8504,#8505,#8506,#8507,#8508,#8509,#8510,#8511,#8512,#8513,
    #8514,#8515,#8516,#8517,#8518,#8519,#8520,#8521,#8522,#8523,#8524,
    #8525,#8526,#8527,#8528,#8529,#8530,#8531,#8532,#8533,#8534,#8535,
    #8536,#8537,#8538,#8539,#8540,#8541,#8542,#8543,#8544,#8545,#8546,
    #8547,#8548,#8549,#8550,#8551,#8552,#8553,#8554,#8555,#8556,#8557,
    #8558,#8559,#8560,#8561,#8562,#8563,#8564,#8565,#8566,#8567,#8568,
    #8569,#8570,#8571,#8572,#8573,#8574,#8575,#8576,#8577,#8578,#8579,
    #8580,#8581,#8582,#8583,#8584,#8585,#8586,#8587,#8588,#8589,#8590,
    #8591,#8592,#8593,#8594,#8595,#8596,#8597,#8598,#8599,#8600,#8601),
  .UNSPECIFIED.,.F.,.F.,(8,6,6,6,6,6,6,6,6,6,6,6,6,6,6,6,6,8),(0.,
    5.800054758308E-02,0.116001095166,0.174001642749,0.230002177075,
    0.288002724658,0.346003272241,0.382003635617,0.416003979595,
    0.474004527179,0.532005074762,0.588005609087,0.644006143413,
    0.700006677738,0.748007150449,0.790007570318,0.828007952839,1.),
  .UNSPECIFIED.);
#8498 = CARTESIAN_POINT('',(3.14159265359,4.771766003611));
#8499 = CARTESIAN_POINT('',(3.115562334408,4.771766003611));
#8500 = CARTESIAN_POINT('',(3.089531995278,4.771766003611));
#8501 = CARTESIAN_POINT('',(3.06350164418,4.771766003611));
#8502 = CARTESIAN_POINT('',(3.037471289092,4.771766003611));
#8503 = CARTESIAN_POINT('',(3.011440937993,4.771766003611));
#8504 = CARTESIAN_POINT('',(2.985410598864,4.771766003611));
#8505 = CARTESIAN_POINT('',(2.9333499605,4.771766003611));
#8506 = CARTESIAN_POINT('',(2.90731962137,4.771766003611));
#8507 = CARTESIAN_POINT('',(2.881289270272,4.771766003611));
#8508 = CARTESIAN_POINT('',(2.855258915184,4.771766003611));
#8509 = CARTESIAN_POINT('',(2.829228564085,4.771766003611));
#8510 = CARTESIAN_POINT('',(2.803198224955,4.771766003611));
#8511 = CARTESIAN_POINT('',(2.751137586592,4.771766003611));
#8512 = CARTESIAN_POINT('',(2.725107247462,4.771766003611));
#8513 = CARTESIAN_POINT('',(2.699076896363,4.771766003611));
#8514 = CARTESIAN_POINT('',(2.673046541275,4.771766003611));
#8515 = CARTESIAN_POINT('',(2.647016190177,4.771766003611));
#8516 = CARTESIAN_POINT('',(2.620985851047,4.771766003611));
#8517 = CARTESIAN_POINT('',(2.569822807372,4.771766003611));
#8518 = CARTESIAN_POINT('',(2.544690066144,4.771766003611));
#8519 = CARTESIAN_POINT('',(2.519557314873,4.771766003611));
#8520 = CARTESIAN_POINT('',(2.494424560256,4.771766003611));
#8521 = CARTESIAN_POINT('',(2.469291808986,4.771766003611));
#8522 = CARTESIAN_POINT('',(2.444159067757,4.771766003611));
#8523 = CARTESIAN_POINT('',(2.392996024082,4.771766003611));
#8524 = CARTESIAN_POINT('',(2.366965684953,4.771766003611));
#8525 = CARTESIAN_POINT('',(2.340935333854,4.771766003611));
#8526 = CARTESIAN_POINT('',(2.314904978766,4.771766003611));
#8527 = CARTESIAN_POINT('',(2.288874627668,4.771766003611));
#8528 = CARTESIAN_POINT('',(2.262844288538,4.771766003611));
#8529 = CARTESIAN_POINT('',(2.210783650174,4.771766003611));
#8530 = CARTESIAN_POINT('',(2.184753311044,4.771766003611));
#8531 = CARTESIAN_POINT('',(2.158722959946,4.771766003611));
#8532 = CARTESIAN_POINT('',(2.132692604858,4.771766003611));
#8533 = CARTESIAN_POINT('',(2.10666225376,4.771766003611));
#8534 = CARTESIAN_POINT('',(2.08063191463,4.771766003611));
#8535 = CARTESIAN_POINT('',(2.038444835065,4.771766003611));
#8536 = CARTESIAN_POINT('',(2.022288072847,4.771766003611));
#8537 = CARTESIAN_POINT('',(2.006131309527,4.771766003611));
#8538 = CARTESIAN_POINT('',(1.98997454584,4.771766003611));
#8539 = CARTESIAN_POINT('',(1.973817782519,4.771766003611));
#8540 = CARTESIAN_POINT('',(1.957661020301,4.771766003611));
#8541 = CARTESIAN_POINT('',(1.926245096981,4.771766003611));
#8542 = CARTESIAN_POINT('',(1.910985932663,4.771766003611));
#8543 = CARTESIAN_POINT('',(1.895726767518,4.771766003611));
#8544 = CARTESIAN_POINT('',(1.880467602097,4.771766003611));
#8545 = CARTESIAN_POINT('',(1.865208436952,4.771766003611));
#8546 = CARTESIAN_POINT('',(1.849949272634,4.771766003611));
#8547 = CARTESIAN_POINT('',(1.808659790515,4.771766003611));
#8548 = CARTESIAN_POINT('',(1.782629451385,4.771766003611));
#8549 = CARTESIAN_POINT('',(1.756599100286,4.771766003611));
#8550 = CARTESIAN_POINT('',(1.730568745198,4.771766003611));
#8551 = CARTESIAN_POINT('',(1.7045383941,4.771766003611));
#8552 = CARTESIAN_POINT('',(1.67850805497,4.771766003611));
#8553 = CARTESIAN_POINT('',(1.626447416606,4.771766003611));
#8554 = CARTESIAN_POINT('',(1.600417077477,4.771766003611));
#8555 = CARTESIAN_POINT('',(1.574386726378,4.771766003611));
#8556 = CARTESIAN_POINT('',(1.54835637129,4.771766003611));
#8557 = CARTESIAN_POINT('',(1.522326020192,4.771766003611));
#8558 = CARTESIAN_POINT('',(1.496295681062,4.771766003611));
#8559 = CARTESIAN_POINT('',(1.445132637387,4.771766003611));
#8560 = CARTESIAN_POINT('',(1.419999896158,4.771766003611));
#8561 = CARTESIAN_POINT('',(1.394867144888,4.771766003611));
#8562 = CARTESIAN_POINT('',(1.369734390271,4.771766003611));
#8563 = CARTESIAN_POINT('',(1.344601639001,4.771766003611));
#8564 = CARTESIAN_POINT('',(1.319468897772,4.771766003611));
#8565 = CARTESIAN_POINT('',(1.269203448786,4.771766003611));
#8566 = CARTESIAN_POINT('',(1.244070707557,4.771766003611));
#8567 = CARTESIAN_POINT('',(1.218937956287,4.771766003611));
#8568 = CARTESIAN_POINT('',(1.19380520167,4.771766003611));
#8569 = CARTESIAN_POINT('',(1.1686724504,4.771766003611));
#8570 = CARTESIAN_POINT('',(1.143539709171,4.771766003611));
#8571 = CARTESIAN_POINT('',(1.093274260185,4.771766003611));
#8572 = CARTESIAN_POINT('',(1.068141518956,4.771766003611));
#8573 = CARTESIAN_POINT('',(1.043008767686,4.771766003611));
#8574 = CARTESIAN_POINT('',(1.017876013069,4.771766003611));
#8575 = CARTESIAN_POINT('',(0.992743261799,4.771766003611));
#8576 = CARTESIAN_POINT('',(0.96761052057,4.771766003611));
#8577 = CARTESIAN_POINT('',(0.920935454192,4.771766003611));
#8578 = CARTESIAN_POINT('',(0.899393104568,4.771766003611));
#8579 = CARTESIAN_POINT('',(0.877850750299,4.771766003611));
#8580 = CARTESIAN_POINT('',(0.856308394483,4.771766003611));
#8581 = CARTESIAN_POINT('',(0.834766040214,4.771766003611));
#8582 = CARTESIAN_POINT('',(0.81322369059,4.771766003611));
#8583 = CARTESIAN_POINT('',(0.772831796752,4.771766003611));
#8584 = CARTESIAN_POINT('',(0.753982240831,4.771766003611));
#8585 = CARTESIAN_POINT('',(0.735132682528,4.771766003611));
#8586 = CARTESIAN_POINT('',(0.716283123431,4.771766003611));
#8587 = CARTESIAN_POINT('',(0.697433565128,4.771766003611));
#8588 = CARTESIAN_POINT('',(0.678584009207,4.771766003611));
#8589 = CARTESIAN_POINT('',(0.642680099541,4.771766003611));
#8590 = CARTESIAN_POINT('',(0.625625739421,4.771766003611));
#8591 = CARTESIAN_POINT('',(0.608571377858,4.771766003611));
#8592 = CARTESIAN_POINT('',(0.591517015814,4.771766003611));
#8593 = CARTESIAN_POINT('',(0.57446265425,4.771766003611));
#8594 = CARTESIAN_POINT('',(0.557408294131,4.771766003611));
#8595 = CARTESIAN_POINT('',(0.463164874057,4.771766003611));
#8596 = CARTESIAN_POINT('',(0.385962516456,4.771766003611));
#8597 = CARTESIAN_POINT('',(0.308770722267,4.771766003611));
#8598 = CARTESIAN_POINT('',(0.231583214151,4.771766003611));
#8599 = CARTESIAN_POINT('',(0.154391419962,4.771766003611));
#8600 = CARTESIAN_POINT('',(7.718906236102E-02,4.771766003611));
#8601 = CARTESIAN_POINT('',(0.,4.771766003611));
#8602 = ( GEOMETRIC_REPRESENTATION_CONTEXT(2) 
PARAMETRIC_REPRESENTATION_CONTEXT() REPRESENTATION_CONTEXT('2D SPACE',''
  ) );
#8603 = PCURVE('',#535,#8604);
#8604 = DEFINITIONAL_REPRESENTATION('',(#8605),#8710);
#8605 = B_SPLINE_CURVE_WITH_KNOTS('',7,(#8606,#8607,#8608,#8609,#8610,
    #8611,#8612,#8613,#8614,#8615,#8616,#8617,#8618,#8619,#8620,#8621,
    #8622,#8623,#8624,#8625,#8626,#8627,#8628,#8629,#8630,#8631,#8632,
    #8633,#8634,#8635,#8636,#8637,#8638,#8639,#8640,#8641,#8642,#8643,
    #8644,#8645,#8646,#8647,#8648,#8649,#8650,#8651,#8652,#8653,#8654,
    #8655,#8656,#8657,#8658,#8659,#8660,#8661,#8662,#8663,#8664,#8665,
    #8666,#8667,#8668,#8669,#8670,#8671,#8672,#8673,#8674,#8675,#8676,
    #8677,#8678,#8679,#8680,#8681,#8682,#8683,#8684,#8685,#8686,#8687,
    #8688,#8689,#8690,#8691,#8692,#8693,#8694,#8695,#8696,#8697,#8698,
    #8699,#8700,#8701,#8702,#8703,#8704,#8705,#8706,#8707,#8708,#8709),
  .UNSPECIFIED.,.F.,.F.,(8,6,6,6,6,6,6,6,6,6,6,6,6,6,6,6,6,8),(0.,
    5.800054758308E-02,0.116001095166,0.174001642749,0.230002177075,
    0.288002724658,0.346003272241,0.382003635617,0.416003979595,
    0.474004527179,0.532005074762,0.588005609087,0.644006143413,
    0.700006677738,0.748007150449,0.790007570318,0.828007952839,1.),
  .UNSPECIFIED.);
#8606 = CARTESIAN_POINT('',(6.28318530718,6.554944429577));
#8607 = CARTESIAN_POINT('',(6.257154987998,6.554944429577));
#8608 = CARTESIAN_POINT('',(6.231124648868,6.554944429577));
#8609 = CARTESIAN_POINT('',(6.20509429777,6.554944429577));
#8610 = CARTESIAN_POINT('',(6.179063942682,6.554944429577));
#8611 = CARTESIAN_POINT('',(6.153033591583,6.554944429577));
#8612 = CARTESIAN_POINT('',(6.127003252453,6.554944429577));
#8613 = CARTESIAN_POINT('',(6.07494261409,6.554944429577));
#8614 = CARTESIAN_POINT('',(6.04891227496,6.554944429577));
#8615 = CARTESIAN_POINT('',(6.022881923861,6.554944429577));
#8616 = CARTESIAN_POINT('',(5.996851568773,6.554944429577));
#8617 = CARTESIAN_POINT('',(5.970821217675,6.554944429577));
#8618 = CARTESIAN_POINT('',(5.944790878545,6.554944429577));
#8619 = CARTESIAN_POINT('',(5.892730240181,6.554944429577));
#8620 = CARTESIAN_POINT('',(5.866699901052,6.554944429577));
#8621 = CARTESIAN_POINT('',(5.840669549953,6.554944429577));
#8622 = CARTESIAN_POINT('',(5.814639194865,6.554944429577));
#8623 = CARTESIAN_POINT('',(5.788608843767,6.554944429577));
#8624 = CARTESIAN_POINT('',(5.762578504637,6.554944429577));
#8625 = CARTESIAN_POINT('',(5.711415460962,6.554944429577));
#8626 = CARTESIAN_POINT('',(5.686282719733,6.554944429577));
#8627 = CARTESIAN_POINT('',(5.661149968463,6.554944429577));
#8628 = CARTESIAN_POINT('',(5.636017213846,6.554944429577));
#8629 = CARTESIAN_POINT('',(5.610884462576,6.554944429577));
#8630 = CARTESIAN_POINT('',(5.585751721347,6.554944429577));
#8631 = CARTESIAN_POINT('',(5.534588677672,6.554944429577));
#8632 = CARTESIAN_POINT('',(5.508558338542,6.554944429577));
#8633 = CARTESIAN_POINT('',(5.482527987444,6.554944429577));
#8634 = CARTESIAN_POINT('',(5.456497632356,6.554944429577));
#8635 = CARTESIAN_POINT('',(5.430467281258,6.554944429577));
#8636 = CARTESIAN_POINT('',(5.404436942128,6.554944429577));
#8637 = CARTESIAN_POINT('',(5.352376303764,6.554944429577));
#8638 = CARTESIAN_POINT('',(5.326345964634,6.554944429577));
#8639 = CARTESIAN_POINT('',(5.300315613536,6.554944429577));
#8640 = CARTESIAN_POINT('',(5.274285258448,6.554944429577));
#8641 = CARTESIAN_POINT('',(5.248254907349,6.554944429577));
#8642 = CARTESIAN_POINT('',(5.22222456822,6.554944429577));
#8643 = CARTESIAN_POINT('',(5.180037488655,6.554944429577));
#8644 = CARTESIAN_POINT('',(5.163880726437,6.554944429577));
#8645 = CARTESIAN_POINT('',(5.147723963117,6.554944429577));
#8646 = CARTESIAN_POINT('',(5.131567199429,6.554944429577));
#8647 = CARTESIAN_POINT('',(5.115410436109,6.554944429577));
#8648 = CARTESIAN_POINT('',(5.099253673891,6.554944429577));
#8649 = CARTESIAN_POINT('',(5.067837750571,6.554944429577));
#8650 = CARTESIAN_POINT('',(5.052578586253,6.554944429577));
#8651 = CARTESIAN_POINT('',(5.037319421108,6.554944429577));
#8652 = CARTESIAN_POINT('',(5.022060255687,6.554944429577));
#8653 = CARTESIAN_POINT('',(5.006801090542,6.554944429577));
#8654 = CARTESIAN_POINT('',(4.991541926224,6.554944429577));
#8655 = CARTESIAN_POINT('',(4.950252444104,6.554944429577));
#8656 = CARTESIAN_POINT('',(4.924222104975,6.554944429577));
#8657 = CARTESIAN_POINT('',(4.898191753876,6.554944429577));
#8658 = CARTESIAN_POINT('',(4.872161398788,6.554944429577));
#8659 = CARTESIAN_POINT('',(4.84613104769,6.554944429577));
#8660 = CARTESIAN_POINT('',(4.82010070856,6.554944429577));
#8661 = CARTESIAN_POINT('',(4.768040070196,6.554944429577));
#8662 = CARTESIAN_POINT('',(4.742009731066,6.554944429577));
#8663 = CARTESIAN_POINT('',(4.715979379968,6.554944429577));
#8664 = CARTESIAN_POINT('',(4.68994902488,6.554944429577));
#8665 = CARTESIAN_POINT('',(4.663918673782,6.554944429577));
#8666 = CARTESIAN_POINT('',(4.637888334652,6.554944429577));
#8667 = CARTESIAN_POINT('',(4.586725290977,6.554944429577));
#8668 = CARTESIAN_POINT('',(4.561592549748,6.554944429577));
#8669 = CARTESIAN_POINT('',(4.536459798478,6.554944429577));
#8670 = CARTESIAN_POINT('',(4.511327043861,6.554944429577));
#8671 = CARTESIAN_POINT('',(4.486194292591,6.554944429577));
#8672 = CARTESIAN_POINT('',(4.461061551362,6.554944429577));
#8673 = CARTESIAN_POINT('',(4.410796102376,6.554944429577));
#8674 = CARTESIAN_POINT('',(4.385663361147,6.554944429577));
#8675 = CARTESIAN_POINT('',(4.360530609877,6.554944429577));
#8676 = CARTESIAN_POINT('',(4.33539785526,6.554944429577));
#8677 = CARTESIAN_POINT('',(4.31026510399,6.554944429577));
#8678 = CARTESIAN_POINT('',(4.285132362761,6.554944429577));
#8679 = CARTESIAN_POINT('',(4.234866913775,6.554944429577));
#8680 = CARTESIAN_POINT('',(4.209734172546,6.554944429577));
#8681 = CARTESIAN_POINT('',(4.184601421276,6.554944429577));
#8682 = CARTESIAN_POINT('',(4.159468666659,6.554944429577));
#8683 = CARTESIAN_POINT('',(4.134335915389,6.554944429577));
#8684 = CARTESIAN_POINT('',(4.10920317416,6.554944429577));
#8685 = CARTESIAN_POINT('',(4.062528107782,6.554944429577));
#8686 = CARTESIAN_POINT('',(4.040985758157,6.554944429577));
#8687 = CARTESIAN_POINT('',(4.019443403889,6.554944429577));
#8688 = CARTESIAN_POINT('',(3.997901048072,6.554944429577));
#8689 = CARTESIAN_POINT('',(3.976358693804,6.554944429577));
#8690 = CARTESIAN_POINT('',(3.954816344179,6.554944429577));
#8691 = CARTESIAN_POINT('',(3.914424450342,6.554944429577));
#8692 = CARTESIAN_POINT('',(3.89557489442,6.554944429577));
#8693 = CARTESIAN_POINT('',(3.876725336117,6.554944429577));
#8694 = CARTESIAN_POINT('',(3.857875777021,6.554944429577));
#8695 = CARTESIAN_POINT('',(3.839026218718,6.554944429577));
#8696 = CARTESIAN_POINT('',(3.820176662796,6.554944429577));
#8697 = CARTESIAN_POINT('',(3.78427275313,6.554944429577));
#8698 = CARTESIAN_POINT('',(3.767218393011,6.554944429577));
#8699 = CARTESIAN_POINT('',(3.750164031448,6.554944429577));
#8700 = CARTESIAN_POINT('',(3.733109669403,6.554944429577));
#8701 = CARTESIAN_POINT('',(3.71605530784,6.554944429577));
#8702 = CARTESIAN_POINT('',(3.699000947721,6.554944429577));
#8703 = CARTESIAN_POINT('',(3.604757527646,6.554944429577));
#8704 = CARTESIAN_POINT('',(3.527555170046,6.554944429577));
#8705 = CARTESIAN_POINT('',(3.450363375856,6.554944429577));
#8706 = CARTESIAN_POINT('',(3.373175867741,6.554944429577));
#8707 = CARTESIAN_POINT('',(3.295984073551,6.554944429577));
#8708 = CARTESIAN_POINT('',(3.218781715951,6.554944429577));
#8709 = CARTESIAN_POINT('',(3.14159265359,6.554944429577));
#8710 = ( GEOMETRIC_REPRESENTATION_CONTEXT(2) 
PARAMETRIC_REPRESENTATION_CONTEXT() REPRESENTATION_CONTEXT('2D SPACE',''
  ) );
#8711 = ORIENTED_EDGE('',*,*,#8155,.F.);
#8712 = ORIENTED_EDGE('',*,*,#7611,.F.);
#8713 = ADVANCED_FACE('',(#8714),#3046,.T.);
#8714 = FACE_BOUND('',#8715,.T.);
#8715 = EDGE_LOOP('',(#8716,#8717,#8740,#8767,#8768));
#8716 = ORIENTED_EDGE('',*,*,#2822,.F.);
#8717 = ORIENTED_EDGE('',*,*,#8718,.T.);
#8718 = EDGE_CURVE('',#2823,#8719,#8721,.T.);
#8719 = VERTEX_POINT('',#8720);
#8720 = CARTESIAN_POINT('',(20.,-4.898587196589E-15,-391.3));
#8721 = SEAM_CURVE('',#8722,(#8726,#8733),.PCURVE_S1.);
#8722 = LINE('',#8723,#8724);
#8723 = CARTESIAN_POINT('',(20.,-4.898587196589E-15,-396.2));
#8724 = VECTOR('',#8725,1.);
#8725 = DIRECTION('',(0.,0.,1.));
#8726 = PCURVE('',#3046,#8727);
#8727 = DEFINITIONAL_REPRESENTATION('',(#8728),#8732);
#8728 = LINE('',#8729,#8730);
#8729 = CARTESIAN_POINT('',(0.,-0.));
#8730 = VECTOR('',#8731,1.);
#8731 = DIRECTION('',(0.,1.));
#8732 = ( GEOMETRIC_REPRESENTATION_CONTEXT(2) 
PARAMETRIC_REPRESENTATION_CONTEXT() REPRESENTATION_CONTEXT('2D SPACE',''
  ) );
#8733 = PCURVE('',#3046,#8734);
#8734 = DEFINITIONAL_REPRESENTATION('',(#8735),#8739);
#8735 = LINE('',#8736,#8737);
#8736 = CARTESIAN_POINT('',(6.28318530718,-0.));
#8737 = VECTOR('',#8738,1.);
#8738 = DIRECTION('',(0.,1.));
#8739 = ( GEOMETRIC_REPRESENTATION_CONTEXT(2) 
PARAMETRIC_REPRESENTATION_CONTEXT() REPRESENTATION_CONTEXT('2D SPACE',''
  ) );
#8740 = ORIENTED_EDGE('',*,*,#8741,.F.);
#8741 = EDGE_CURVE('',#8719,#8719,#8742,.T.);
#8742 = SURFACE_CURVE('',#8743,(#8748,#8755),.PCURVE_S1.);
#8743 = CIRCLE('',#8744,20.);
#8744 = AXIS2_PLACEMENT_3D('',#8745,#8746,#8747);
#8745 = CARTESIAN_POINT('',(0.,0.,-391.3));
#8746 = DIRECTION('',(0.,0.,1.));
#8747 = DIRECTION('',(1.,0.,-0.));
#8748 = PCURVE('',#3046,#8749);
#8749 = DEFINITIONAL_REPRESENTATION('',(#8750),#8754);
#8750 = LINE('',#8751,#8752);
#8751 = CARTESIAN_POINT('',(0.,4.9));
#8752 = VECTOR('',#8753,1.);
#8753 = DIRECTION('',(1.,0.));
#8754 = ( GEOMETRIC_REPRESENTATION_CONTEXT(2) 
PARAMETRIC_REPRESENTATION_CONTEXT() REPRESENTATION_CONTEXT('2D SPACE',''
  ) );
#8755 = PCURVE('',#8756,#8761);
#8756 = PLANE('',#8757);
#8757 = AXIS2_PLACEMENT_3D('',#8758,#8759,#8760);
#8758 = CARTESIAN_POINT('',(0.,0.,-391.3));
#8759 = DIRECTION('',(0.,0.,1.));
#8760 = DIRECTION('',(1.,0.,-0.));
#8761 = DEFINITIONAL_REPRESENTATION('',(#8762),#8766);
#8762 = CIRCLE('',#8763,20.);
#8763 = AXIS2_PLACEMENT_2D('',#8764,#8765);
#8764 = CARTESIAN_POINT('',(0.,0.));
#8765 = DIRECTION('',(1.,0.));
#8766 = ( GEOMETRIC_REPRESENTATION_CONTEXT(2) 
PARAMETRIC_REPRESENTATION_CONTEXT() REPRESENTATION_CONTEXT('2D SPACE',''
  ) );
#8767 = ORIENTED_EDGE('',*,*,#8718,.F.);
#8768 = ORIENTED_EDGE('',*,*,#3162,.F.);
#8769 = ADVANCED_FACE('',(#8770,#8773,#8804,#8835,#8866,#8897),#8756,.T.
  );
#8770 = FACE_BOUND('',#8771,.T.);
#8771 = EDGE_LOOP('',(#8772));
#8772 = ORIENTED_EDGE('',*,*,#8741,.T.);
#8773 = FACE_BOUND('',#8774,.T.);
#8774 = EDGE_LOOP('',(#8775));
#8775 = ORIENTED_EDGE('',*,*,#8776,.F.);
#8776 = EDGE_CURVE('',#8777,#8777,#8779,.T.);
#8777 = VERTEX_POINT('',#8778);
#8778 = CARTESIAN_POINT('',(-6.3,-8.,-391.3));
#8779 = SURFACE_CURVE('',#8780,(#8785,#8792),.PCURVE_S1.);
#8780 = CIRCLE('',#8781,1.7);
#8781 = AXIS2_PLACEMENT_3D('',#8782,#8783,#8784);
#8782 = CARTESIAN_POINT('',(-8.,-8.,-391.3));
#8783 = DIRECTION('',(0.,0.,1.));
#8784 = DIRECTION('',(1.,0.,-0.));
#8785 = PCURVE('',#8756,#8786);
#8786 = DEFINITIONAL_REPRESENTATION('',(#8787),#8791);
#8787 = CIRCLE('',#8788,1.7);
#8788 = AXIS2_PLACEMENT_2D('',#8789,#8790);
#8789 = CARTESIAN_POINT('',(-8.,-8.));
#8790 = DIRECTION('',(1.,0.));
#8791 = ( GEOMETRIC_REPRESENTATION_CONTEXT(2) 
PARAMETRIC_REPRESENTATION_CONTEXT() REPRESENTATION_CONTEXT('2D SPACE',''
  ) );
#8792 = PCURVE('',#8793,#8798);
#8793 = CYLINDRICAL_SURFACE('',#8794,1.7);
#8794 = AXIS2_PLACEMENT_3D('',#8795,#8796,#8797);
#8795 = CARTESIAN_POINT('',(-8.,-8.,-396.3));
#8796 = DIRECTION('',(0.,0.,1.));
#8797 = DIRECTION('',(1.,0.,-0.));
#8798 = DEFINITIONAL_REPRESENTATION('',(#8799),#8803);
#8799 = LINE('',#8800,#8801);
#8800 = CARTESIAN_POINT('',(0.,5.));
#8801 = VECTOR('',#8802,1.);
#8802 = DIRECTION('',(1.,0.));
#8803 = ( GEOMETRIC_REPRESENTATION_CONTEXT(2) 
PARAMETRIC_REPRESENTATION_CONTEXT() REPRESENTATION_CONTEXT('2D SPACE',''
  ) );
#8804 = FACE_BOUND('',#8805,.T.);
#8805 = EDGE_LOOP('',(#8806));
#8806 = ORIENTED_EDGE('',*,*,#8807,.F.);
#8807 = EDGE_CURVE('',#8808,#8808,#8810,.T.);
#8808 = VERTEX_POINT('',#8809);
#8809 = CARTESIAN_POINT('',(9.7,-8.,-391.3));
#8810 = SURFACE_CURVE('',#8811,(#8816,#8823),.PCURVE_S1.);
#8811 = CIRCLE('',#8812,1.7);
#8812 = AXIS2_PLACEMENT_3D('',#8813,#8814,#8815);
#8813 = CARTESIAN_POINT('',(8.,-8.,-391.3));
#8814 = DIRECTION('',(0.,0.,1.));
#8815 = DIRECTION('',(1.,0.,-0.));
#8816 = PCURVE('',#8756,#8817);
#8817 = DEFINITIONAL_REPRESENTATION('',(#8818),#8822);
#8818 = CIRCLE('',#8819,1.7);
#8819 = AXIS2_PLACEMENT_2D('',#8820,#8821);
#8820 = CARTESIAN_POINT('',(8.,-8.));
#8821 = DIRECTION('',(1.,0.));
#8822 = ( GEOMETRIC_REPRESENTATION_CONTEXT(2) 
PARAMETRIC_REPRESENTATION_CONTEXT() REPRESENTATION_CONTEXT('2D SPACE',''
  ) );
#8823 = PCURVE('',#8824,#8829);
#8824 = CYLINDRICAL_SURFACE('',#8825,1.7);
#8825 = AXIS2_PLACEMENT_3D('',#8826,#8827,#8828);
#8826 = CARTESIAN_POINT('',(8.,-8.,-396.3));
#8827 = DIRECTION('',(0.,0.,1.));
#8828 = DIRECTION('',(1.,0.,-0.));
#8829 = DEFINITIONAL_REPRESENTATION('',(#8830),#8834);
#8830 = LINE('',#8831,#8832);
#8831 = CARTESIAN_POINT('',(0.,5.));
#8832 = VECTOR('',#8833,1.);
#8833 = DIRECTION('',(1.,0.));
#8834 = ( GEOMETRIC_REPRESENTATION_CONTEXT(2) 
PARAMETRIC_REPRESENTATION_CONTEXT() REPRESENTATION_CONTEXT('2D SPACE',''
  ) );
#8835 = FACE_BOUND('',#8836,.T.);
#8836 = EDGE_LOOP('',(#8837));
#8837 = ORIENTED_EDGE('',*,*,#8838,.F.);
#8838 = EDGE_CURVE('',#8839,#8839,#8841,.T.);
#8839 = VERTEX_POINT('',#8840);
#8840 = CARTESIAN_POINT('',(-6.3,8.,-391.3));
#8841 = SURFACE_CURVE('',#8842,(#8847,#8854),.PCURVE_S1.);
#8842 = CIRCLE('',#8843,1.7);
#8843 = AXIS2_PLACEMENT_3D('',#8844,#8845,#8846);
#8844 = CARTESIAN_POINT('',(-8.,8.,-391.3));
#8845 = DIRECTION('',(0.,0.,1.));
#8846 = DIRECTION('',(1.,0.,-0.));
#8847 = PCURVE('',#8756,#8848);
#8848 = DEFINITIONAL_REPRESENTATION('',(#8849),#8853);
#8849 = CIRCLE('',#8850,1.7);
#8850 = AXIS2_PLACEMENT_2D('',#8851,#8852);
#8851 = CARTESIAN_POINT('',(-8.,8.));
#8852 = DIRECTION('',(1.,0.));
#8853 = ( GEOMETRIC_REPRESENTATION_CONTEXT(2) 
PARAMETRIC_REPRESENTATION_CONTEXT() REPRESENTATION_CONTEXT('2D SPACE',''
  ) );
#8854 = PCURVE('',#8855,#8860);
#8855 = CYLINDRICAL_SURFACE('',#8856,1.7);
#8856 = AXIS2_PLACEMENT_3D('',#8857,#8858,#8859);
#8857 = CARTESIAN_POINT('',(-8.,8.,-396.3));
#8858 = DIRECTION('',(0.,0.,1.));
#8859 = DIRECTION('',(1.,0.,-0.));
#8860 = DEFINITIONAL_REPRESENTATION('',(#8861),#8865);
#8861 = LINE('',#8862,#8863);
#8862 = CARTESIAN_POINT('',(0.,5.));
#8863 = VECTOR('',#8864,1.);
#8864 = DIRECTION('',(1.,0.));
#8865 = ( GEOMETRIC_REPRESENTATION_CONTEXT(2) 
PARAMETRIC_REPRESENTATION_CONTEXT() REPRESENTATION_CONTEXT('2D SPACE',''
  ) );
#8866 = FACE_BOUND('',#8867,.T.);
#8867 = EDGE_LOOP('',(#8868));
#8868 = ORIENTED_EDGE('',*,*,#8869,.F.);
#8869 = EDGE_CURVE('',#8870,#8870,#8872,.T.);
#8870 = VERTEX_POINT('',#8871);
#8871 = CARTESIAN_POINT('',(4.5,-1.102182119233E-15,-391.3));
#8872 = SURFACE_CURVE('',#8873,(#8878,#8885),.PCURVE_S1.);
#8873 = CIRCLE('',#8874,4.5);
#8874 = AXIS2_PLACEMENT_3D('',#8875,#8876,#8877);
#8875 = CARTESIAN_POINT('',(0.,0.,-391.3));
#8876 = DIRECTION('',(0.,0.,1.));
#8877 = DIRECTION('',(1.,0.,-0.));
#8878 = PCURVE('',#8756,#8879);
#8879 = DEFINITIONAL_REPRESENTATION('',(#8880),#8884);
#8880 = CIRCLE('',#8881,4.5);
#8881 = AXIS2_PLACEMENT_2D('',#8882,#8883);
#8882 = CARTESIAN_POINT('',(0.,0.));
#8883 = DIRECTION('',(1.,0.));
#8884 = ( GEOMETRIC_REPRESENTATION_CONTEXT(2) 
PARAMETRIC_REPRESENTATION_CONTEXT() REPRESENTATION_CONTEXT('2D SPACE',''
  ) );
#8885 = PCURVE('',#8886,#8891);
#8886 = CYLINDRICAL_SURFACE('',#8887,4.5);
#8887 = AXIS2_PLACEMENT_3D('',#8888,#8889,#8890);
#8888 = CARTESIAN_POINT('',(0.,0.,-396.3));
#8889 = DIRECTION('',(0.,0.,1.));
#8890 = DIRECTION('',(1.,0.,-0.));
#8891 = DEFINITIONAL_REPRESENTATION('',(#8892),#8896);
#8892 = LINE('',#8893,#8894);
#8893 = CARTESIAN_POINT('',(0.,5.));
#8894 = VECTOR('',#8895,1.);
#8895 = DIRECTION('',(1.,0.));
#8896 = ( GEOMETRIC_REPRESENTATION_CONTEXT(2) 
PARAMETRIC_REPRESENTATION_CONTEXT() REPRESENTATION_CONTEXT('2D SPACE',''
  ) );
#8897 = FACE_BOUND('',#8898,.T.);
#8898 = EDGE_LOOP('',(#8899));
#8899 = ORIENTED_EDGE('',*,*,#8900,.F.);
#8900 = EDGE_CURVE('',#8901,#8901,#8903,.T.);
#8901 = VERTEX_POINT('',#8902);
#8902 = CARTESIAN_POINT('',(9.7,8.,-391.3));
#8903 = SURFACE_CURVE('',#8904,(#8909,#8916),.PCURVE_S1.);
#8904 = CIRCLE('',#8905,1.7);
#8905 = AXIS2_PLACEMENT_3D('',#8906,#8907,#8908);
#8906 = CARTESIAN_POINT('',(8.,8.,-391.3));
#8907 = DIRECTION('',(0.,0.,1.));
#8908 = DIRECTION('',(1.,0.,-0.));
#8909 = PCURVE('',#8756,#8910);
#8910 = DEFINITIONAL_REPRESENTATION('',(#8911),#8915);
#8911 = CIRCLE('',#8912,1.7);
#8912 = AXIS2_PLACEMENT_2D('',#8913,#8914);
#8913 = CARTESIAN_POINT('',(8.,8.));
#8914 = DIRECTION('',(1.,0.));
#8915 = ( GEOMETRIC_REPRESENTATION_CONTEXT(2) 
PARAMETRIC_REPRESENTATION_CONTEXT() REPRESENTATION_CONTEXT('2D SPACE',''
  ) );
#8916 = PCURVE('',#8917,#8922);
#8917 = CYLINDRICAL_SURFACE('',#8918,1.7);
#8918 = AXIS2_PLACEMENT_3D('',#8919,#8920,#8921);
#8919 = CARTESIAN_POINT('',(8.,8.,-396.3));
#8920 = DIRECTION('',(0.,0.,1.));
#8921 = DIRECTION('',(1.,0.,-0.));
#8922 = DEFINITIONAL_REPRESENTATION('',(#8923),#8927);
#8923 = LINE('',#8924,#8925);
#8924 = CARTESIAN_POINT('',(0.,5.));
#8925 = VECTOR('',#8926,1.);
#8926 = DIRECTION('',(1.,0.));
#8927 = ( GEOMETRIC_REPRESENTATION_CONTEXT(2) 
PARAMETRIC_REPRESENTATION_CONTEXT() REPRESENTATION_CONTEXT('2D SPACE',''
  ) );
#8928 = ADVANCED_FACE('',(#8929),#8917,.F.);
#8929 = FACE_BOUND('',#8930,.F.);
#8930 = EDGE_LOOP('',(#8931,#8932,#8955,#8982));
#8931 = ORIENTED_EDGE('',*,*,#8900,.F.);
#8932 = ORIENTED_EDGE('',*,*,#8933,.F.);
#8933 = EDGE_CURVE('',#8934,#8901,#8936,.T.);
#8934 = VERTEX_POINT('',#8935);
#8935 = CARTESIAN_POINT('',(9.7,8.,-393.3));
#8936 = SEAM_CURVE('',#8937,(#8941,#8948),.PCURVE_S1.);
#8937 = LINE('',#8938,#8939);
#8938 = CARTESIAN_POINT('',(9.7,8.,-396.3));
#8939 = VECTOR('',#8940,1.);
#8940 = DIRECTION('',(0.,0.,1.));
#8941 = PCURVE('',#8917,#8942);
#8942 = DEFINITIONAL_REPRESENTATION('',(#8943),#8947);
#8943 = LINE('',#8944,#8945);
#8944 = CARTESIAN_POINT('',(6.28318530718,-0.));
#8945 = VECTOR('',#8946,1.);
#8946 = DIRECTION('',(0.,1.));
#8947 = ( GEOMETRIC_REPRESENTATION_CONTEXT(2) 
PARAMETRIC_REPRESENTATION_CONTEXT() REPRESENTATION_CONTEXT('2D SPACE',''
  ) );
#8948 = PCURVE('',#8917,#8949);
#8949 = DEFINITIONAL_REPRESENTATION('',(#8950),#8954);
#8950 = LINE('',#8951,#8952);
#8951 = CARTESIAN_POINT('',(0.,-0.));
#8952 = VECTOR('',#8953,1.);
#8953 = DIRECTION('',(0.,1.));
#8954 = ( GEOMETRIC_REPRESENTATION_CONTEXT(2) 
PARAMETRIC_REPRESENTATION_CONTEXT() REPRESENTATION_CONTEXT('2D SPACE',''
  ) );
#8955 = ORIENTED_EDGE('',*,*,#8956,.T.);
#8956 = EDGE_CURVE('',#8934,#8934,#8957,.T.);
#8957 = SURFACE_CURVE('',#8958,(#8963,#8970),.PCURVE_S1.);
#8958 = CIRCLE('',#8959,1.7);
#8959 = AXIS2_PLACEMENT_3D('',#8960,#8961,#8962);
#8960 = CARTESIAN_POINT('',(8.,8.,-393.3));
#8961 = DIRECTION('',(0.,0.,1.));
#8962 = DIRECTION('',(1.,0.,-0.));
#8963 = PCURVE('',#8917,#8964);
#8964 = DEFINITIONAL_REPRESENTATION('',(#8965),#8969);
#8965 = LINE('',#8966,#8967);
#8966 = CARTESIAN_POINT('',(0.,3.));
#8967 = VECTOR('',#8968,1.);
#8968 = DIRECTION('',(1.,0.));
#8969 = ( GEOMETRIC_REPRESENTATION_CONTEXT(2) 
PARAMETRIC_REPRESENTATION_CONTEXT() REPRESENTATION_CONTEXT('2D SPACE',''
  ) );
#8970 = PCURVE('',#8971,#8976);
#8971 = PLANE('',#8972);
#8972 = AXIS2_PLACEMENT_3D('',#8973,#8974,#8975);
#8973 = CARTESIAN_POINT('',(0.,0.,-393.3));
#8974 = DIRECTION('',(0.,0.,1.));
#8975 = DIRECTION('',(1.,0.,-0.));
#8976 = DEFINITIONAL_REPRESENTATION('',(#8977),#8981);
#8977 = CIRCLE('',#8978,1.7);
#8978 = AXIS2_PLACEMENT_2D('',#8979,#8980);
#8979 = CARTESIAN_POINT('',(8.,8.));
#8980 = DIRECTION('',(1.,0.));
#8981 = ( GEOMETRIC_REPRESENTATION_CONTEXT(2) 
PARAMETRIC_REPRESENTATION_CONTEXT() REPRESENTATION_CONTEXT('2D SPACE',''
  ) );
#8982 = ORIENTED_EDGE('',*,*,#8933,.T.);
#8983 = ADVANCED_FACE('',(#8984,#9015,#9041,#9067,#9093,#9119),#8971,.F.
  );
#8984 = FACE_BOUND('',#8985,.F.);
#8985 = EDGE_LOOP('',(#8986));
#8986 = ORIENTED_EDGE('',*,*,#8987,.T.);
#8987 = EDGE_CURVE('',#8988,#8988,#8990,.T.);
#8988 = VERTEX_POINT('',#8989);
#8989 = CARTESIAN_POINT('',(19.14,-4.687947947136E-15,-393.3));
#8990 = SURFACE_CURVE('',#8991,(#8996,#9003),.PCURVE_S1.);
#8991 = CIRCLE('',#8992,19.14);
#8992 = AXIS2_PLACEMENT_3D('',#8993,#8994,#8995);
#8993 = CARTESIAN_POINT('',(0.,0.,-393.3));
#8994 = DIRECTION('',(0.,0.,1.));
#8995 = DIRECTION('',(1.,0.,-0.));
#8996 = PCURVE('',#8971,#8997);
#8997 = DEFINITIONAL_REPRESENTATION('',(#8998),#9002);
#8998 = CIRCLE('',#8999,19.14);
#8999 = AXIS2_PLACEMENT_2D('',#9000,#9001);
#9000 = CARTESIAN_POINT('',(0.,0.));
#9001 = DIRECTION('',(1.,0.));
#9002 = ( GEOMETRIC_REPRESENTATION_CONTEXT(2) 
PARAMETRIC_REPRESENTATION_CONTEXT() REPRESENTATION_CONTEXT('2D SPACE',''
  ) );
#9003 = PCURVE('',#9004,#9009);
#9004 = CYLINDRICAL_SURFACE('',#9005,19.14);
#9005 = AXIS2_PLACEMENT_3D('',#9006,#9007,#9008);
#9006 = CARTESIAN_POINT('',(0.,0.,-396.2));
#9007 = DIRECTION('',(0.,0.,1.));
#9008 = DIRECTION('',(1.,0.,-0.));
#9009 = DEFINITIONAL_REPRESENTATION('',(#9010),#9014);
#9010 = LINE('',#9011,#9012);
#9011 = CARTESIAN_POINT('',(0.,2.9));
#9012 = VECTOR('',#9013,1.);
#9013 = DIRECTION('',(1.,0.));
#9014 = ( GEOMETRIC_REPRESENTATION_CONTEXT(2) 
PARAMETRIC_REPRESENTATION_CONTEXT() REPRESENTATION_CONTEXT('2D SPACE',''
  ) );
#9015 = FACE_BOUND('',#9016,.F.);
#9016 = EDGE_LOOP('',(#9017));
#9017 = ORIENTED_EDGE('',*,*,#9018,.F.);
#9018 = EDGE_CURVE('',#9019,#9019,#9021,.T.);
#9019 = VERTEX_POINT('',#9020);
#9020 = CARTESIAN_POINT('',(-6.3,-8.,-393.3));
#9021 = SURFACE_CURVE('',#9022,(#9027,#9034),.PCURVE_S1.);
#9022 = CIRCLE('',#9023,1.7);
#9023 = AXIS2_PLACEMENT_3D('',#9024,#9025,#9026);
#9024 = CARTESIAN_POINT('',(-8.,-8.,-393.3));
#9025 = DIRECTION('',(0.,0.,1.));
#9026 = DIRECTION('',(1.,0.,-0.));
#9027 = PCURVE('',#8971,#9028);
#9028 = DEFINITIONAL_REPRESENTATION('',(#9029),#9033);
#9029 = CIRCLE('',#9030,1.7);
#9030 = AXIS2_PLACEMENT_2D('',#9031,#9032);
#9031 = CARTESIAN_POINT('',(-8.,-8.));
#9032 = DIRECTION('',(1.,0.));
#9033 = ( GEOMETRIC_REPRESENTATION_CONTEXT(2) 
PARAMETRIC_REPRESENTATION_CONTEXT() REPRESENTATION_CONTEXT('2D SPACE',''
  ) );
#9034 = PCURVE('',#8793,#9035);
#9035 = DEFINITIONAL_REPRESENTATION('',(#9036),#9040);
#9036 = LINE('',#9037,#9038);
#9037 = CARTESIAN_POINT('',(0.,3.));
#9038 = VECTOR('',#9039,1.);
#9039 = DIRECTION('',(1.,0.));
#9040 = ( GEOMETRIC_REPRESENTATION_CONTEXT(2) 
PARAMETRIC_REPRESENTATION_CONTEXT() REPRESENTATION_CONTEXT('2D SPACE',''
  ) );
#9041 = FACE_BOUND('',#9042,.F.);
#9042 = EDGE_LOOP('',(#9043));
#9043 = ORIENTED_EDGE('',*,*,#9044,.F.);
#9044 = EDGE_CURVE('',#9045,#9045,#9047,.T.);
#9045 = VERTEX_POINT('',#9046);
#9046 = CARTESIAN_POINT('',(9.7,-8.,-393.3));
#9047 = SURFACE_CURVE('',#9048,(#9053,#9060),.PCURVE_S1.);
#9048 = CIRCLE('',#9049,1.7);
#9049 = AXIS2_PLACEMENT_3D('',#9050,#9051,#9052);
#9050 = CARTESIAN_POINT('',(8.,-8.,-393.3));
#9051 = DIRECTION('',(0.,0.,1.));
#9052 = DIRECTION('',(1.,0.,-0.));
#9053 = PCURVE('',#8971,#9054);
#9054 = DEFINITIONAL_REPRESENTATION('',(#9055),#9059);
#9055 = CIRCLE('',#9056,1.7);
#9056 = AXIS2_PLACEMENT_2D('',#9057,#9058);
#9057 = CARTESIAN_POINT('',(8.,-8.));
#9058 = DIRECTION('',(1.,0.));
#9059 = ( GEOMETRIC_REPRESENTATION_CONTEXT(2) 
PARAMETRIC_REPRESENTATION_CONTEXT() REPRESENTATION_CONTEXT('2D SPACE',''
  ) );
#9060 = PCURVE('',#8824,#9061);
#9061 = DEFINITIONAL_REPRESENTATION('',(#9062),#9066);
#9062 = LINE('',#9063,#9064);
#9063 = CARTESIAN_POINT('',(0.,3.));
#9064 = VECTOR('',#9065,1.);
#9065 = DIRECTION('',(1.,0.));
#9066 = ( GEOMETRIC_REPRESENTATION_CONTEXT(2) 
PARAMETRIC_REPRESENTATION_CONTEXT() REPRESENTATION_CONTEXT('2D SPACE',''
  ) );
#9067 = FACE_BOUND('',#9068,.F.);
#9068 = EDGE_LOOP('',(#9069));
#9069 = ORIENTED_EDGE('',*,*,#9070,.F.);
#9070 = EDGE_CURVE('',#9071,#9071,#9073,.T.);
#9071 = VERTEX_POINT('',#9072);
#9072 = CARTESIAN_POINT('',(-6.3,8.,-393.3));
#9073 = SURFACE_CURVE('',#9074,(#9079,#9086),.PCURVE_S1.);
#9074 = CIRCLE('',#9075,1.7);
#9075 = AXIS2_PLACEMENT_3D('',#9076,#9077,#9078);
#9076 = CARTESIAN_POINT('',(-8.,8.,-393.3));
#9077 = DIRECTION('',(0.,0.,1.));
#9078 = DIRECTION('',(1.,0.,-0.));
#9079 = PCURVE('',#8971,#9080);
#9080 = DEFINITIONAL_REPRESENTATION('',(#9081),#9085);
#9081 = CIRCLE('',#9082,1.7);
#9082 = AXIS2_PLACEMENT_2D('',#9083,#9084);
#9083 = CARTESIAN_POINT('',(-8.,8.));
#9084 = DIRECTION('',(1.,0.));
#9085 = ( GEOMETRIC_REPRESENTATION_CONTEXT(2) 
PARAMETRIC_REPRESENTATION_CONTEXT() REPRESENTATION_CONTEXT('2D SPACE',''
  ) );
#9086 = PCURVE('',#8855,#9087);
#9087 = DEFINITIONAL_REPRESENTATION('',(#9088),#9092);
#9088 = LINE('',#9089,#9090);
#9089 = CARTESIAN_POINT('',(0.,3.));
#9090 = VECTOR('',#9091,1.);
#9091 = DIRECTION('',(1.,0.));
#9092 = ( GEOMETRIC_REPRESENTATION_CONTEXT(2) 
PARAMETRIC_REPRESENTATION_CONTEXT() REPRESENTATION_CONTEXT('2D SPACE',''
  ) );
#9093 = FACE_BOUND('',#9094,.F.);
#9094 = EDGE_LOOP('',(#9095));
#9095 = ORIENTED_EDGE('',*,*,#9096,.F.);
#9096 = EDGE_CURVE('',#9097,#9097,#9099,.T.);
#9097 = VERTEX_POINT('',#9098);
#9098 = CARTESIAN_POINT('',(4.5,-1.102182119233E-15,-393.3));
#9099 = SURFACE_CURVE('',#9100,(#9105,#9112),.PCURVE_S1.);
#9100 = CIRCLE('',#9101,4.5);
#9101 = AXIS2_PLACEMENT_3D('',#9102,#9103,#9104);
#9102 = CARTESIAN_POINT('',(0.,0.,-393.3));
#9103 = DIRECTION('',(0.,0.,1.));
#9104 = DIRECTION('',(1.,0.,-0.));
#9105 = PCURVE('',#8971,#9106);
#9106 = DEFINITIONAL_REPRESENTATION('',(#9107),#9111);
#9107 = CIRCLE('',#9108,4.5);
#9108 = AXIS2_PLACEMENT_2D('',#9109,#9110);
#9109 = CARTESIAN_POINT('',(0.,0.));
#9110 = DIRECTION('',(1.,0.));
#9111 = ( GEOMETRIC_REPRESENTATION_CONTEXT(2) 
PARAMETRIC_REPRESENTATION_CONTEXT() REPRESENTATION_CONTEXT('2D SPACE',''
  ) );
#9112 = PCURVE('',#8886,#9113);
#9113 = DEFINITIONAL_REPRESENTATION('',(#9114),#9118);
#9114 = LINE('',#9115,#9116);
#9115 = CARTESIAN_POINT('',(0.,3.));
#9116 = VECTOR('',#9117,1.);
#9117 = DIRECTION('',(1.,0.));
#9118 = ( GEOMETRIC_REPRESENTATION_CONTEXT(2) 
PARAMETRIC_REPRESENTATION_CONTEXT() REPRESENTATION_CONTEXT('2D SPACE',''
  ) );
#9119 = FACE_BOUND('',#9120,.F.);
#9120 = EDGE_LOOP('',(#9121));
#9121 = ORIENTED_EDGE('',*,*,#8956,.F.);
#9122 = ADVANCED_FACE('',(#9123),#9004,.F.);
#9123 = FACE_BOUND('',#9124,.F.);
#9124 = EDGE_LOOP('',(#9125,#9471,#9492,#9493,#9494));
#9125 = ORIENTED_EDGE('',*,*,#9126,.F.);
#9126 = EDGE_CURVE('',#9127,#9129,#9131,.T.);
#9127 = VERTEX_POINT('',#9128);
#9128 = CARTESIAN_POINT('',(19.14,-4.687947947136E-15,-394.2238488921));
#9129 = VERTEX_POINT('',#9130);
#9130 = CARTESIAN_POINT('',(-19.14,-2.343973973568E-15,-394.2238488921)
  );
#9131 = SURFACE_CURVE('',#9132,(#9240,#9351),.PCURVE_S1.);
#9132 = B_SPLINE_CURVE_WITH_KNOTS('',8,(#9133,#9134,#9135,#9136,#9137,
    #9138,#9139,#9140,#9141,#9142,#9143,#9144,#9145,#9146,#9147,#9148,
    #9149,#9150,#9151,#9152,#9153,#9154,#9155,#9156,#9157,#9158,#9159,
    #9160,#9161,#9162,#9163,#9164,#9165,#9166,#9167,#9168,#9169,#9170,
    #9171,#9172,#9173,#9174,#9175,#9176,#9177,#9178,#9179,#9180,#9181,
    #9182,#9183,#9184,#9185,#9186,#9187,#9188,#9189,#9190,#9191,#9192,
    #9193,#9194,#9195,#9196,#9197,#9198,#9199,#9200,#9201,#9202,#9203,
    #9204,#9205,#9206,#9207,#9208,#9209,#9210,#9211,#9212,#9213,#9214,
    #9215,#9216,#9217,#9218,#9219,#9220,#9221,#9222,#9223,#9224,#9225,
    #9226,#9227,#9228,#9229,#9230,#9231,#9232,#9233,#9234,#9235,#9236,
    #9237,#9238,#9239),.UNSPECIFIED.,.F.,.F.,(9,7,7,7,7,7,7,7,7,7,7,7,7,
    7,7,9),(0.,5.80017849132E-02,0.116003569826,0.17400535474,
    0.226006969054,0.284008753967,0.34201053888,0.400012323794,
    0.458014108707,0.51401583767,0.570017566634,0.628019351547,
    0.68402108051,0.73202257713,0.782024132934,1.),.UNSPECIFIED.);
#9133 = CARTESIAN_POINT('',(19.14,-7.105427357601E-15,-394.2238488921));
#9134 = CARTESIAN_POINT('',(19.14,-0.435942772024,-394.2238488921));
#9135 = CARTESIAN_POINT('',(19.128652230905,-0.871886401188,
    -394.2238488921));
#9136 = CARTESIAN_POINT('',(19.105956741053,-1.307485032216,
    -394.2238488921));
#9137 = CARTESIAN_POINT('',(19.071926093804,-1.742393953189,
    -394.2238488921));
#9138 = CARTESIAN_POINT('',(19.026585367531,-2.176269595551,
    -394.2238488921));
#9139 = CARTESIAN_POINT('',(18.96997215563,-2.608769534107,
    -394.2238488921));
#9140 = CARTESIAN_POINT('',(18.902136566513,-3.039552487022,
    -394.2238488921));
#9141 = CARTESIAN_POINT('',(18.744145880709,-3.89700414462,
    -394.2238488921));
#9142 = CARTESIAN_POINT('',(18.653990473384,-4.323674535206,
    -394.2238488921));
#9143 = CARTESIAN_POINT('',(18.552737720144,-4.747949366624,
    -394.2238488921));
#9144 = CARTESIAN_POINT('',(18.44046244015,-5.169491910143,
    -394.2238488921));
#9145 = CARTESIAN_POINT('',(18.317251553213,-5.587968829262,
    -394.2238488921));
#9146 = CARTESIAN_POINT('',(18.183204079795,-6.003050179702,
    -394.2238488921));
#9147 = CARTESIAN_POINT('',(18.038431141009,-6.414409409412,
    -394.2238488921));
#9148 = CARTESIAN_POINT('',(17.727680776232,-7.229037307726,
    -394.2238488921));
#9149 = CARTESIAN_POINT('',(17.56170273925,-7.632307578032,
    -394.2238488921));
#9150 = CARTESIAN_POINT('',(17.385245159769,-8.03121104412,
    -394.2238488921));
#9151 = CARTESIAN_POINT('',(17.19844263552,-8.425430109398,
    -394.2238488921));
#9152 = CARTESIAN_POINT('',(17.001441049869,-8.814652706051,
    -394.2238488921));
#9153 = CARTESIAN_POINT('',(16.794397571821,-9.198572295041,
    -394.2238488921));
#9154 = CARTESIAN_POINT('',(16.577480656014,-9.576887866106,
    -394.2238488921));
#9155 = CARTESIAN_POINT('',(16.147701851793,-10.28319429908,
    -394.2238488921));
#9156 = CARTESIAN_POINT('',(15.936741207613,-10.6123436293,
    -394.2238488921));
#9157 = CARTESIAN_POINT('',(15.718117600705,-10.93653916958,
    -394.2238488921));
#9158 = CARTESIAN_POINT('',(15.491967089664,-11.25557293309,
    -394.2238488921));
#9159 = CARTESIAN_POINT('',(15.258432301156,-11.56924170499,
    -394.2238488921));
#9160 = CARTESIAN_POINT('',(15.017662429924,-11.8773470424,
    -394.2238488921));
#9161 = CARTESIAN_POINT('',(14.769813238785,-12.17969527445,
    -394.2238488921));
#9162 = CARTESIAN_POINT('',(14.230884857521,-12.8066998978,
    -394.2238488921));
#9163 = CARTESIAN_POINT('',(13.938116381796,-13.12990608477,
    -394.2238488921));
#9164 = CARTESIAN_POINT('',(13.636967108246,-13.4454538112,
    -394.2238488921));
#9165 = CARTESIAN_POINT('',(13.327671259294,-13.75308984991,
    -394.2238488921));
#9166 = CARTESIAN_POINT('',(13.010471802999,-14.05256999853,
    -394.2238488921));
#9167 = CARTESIAN_POINT('',(12.685620453049,-14.34365907949,
    -394.2238488921));
#9168 = CARTESIAN_POINT('',(12.353377668767,-14.62613093997,
    -394.2238488921));
#9169 = CARTESIAN_POINT('',(11.674647641445,-15.173405964,
    -394.2238488921));
#9170 = CARTESIAN_POINT('',(11.3281590639,-15.43821020359,
    -394.2238488921));
#9171 = CARTESIAN_POINT('',(10.974816188111,-15.69396411801,
    -394.2238488921));
#9172 = CARTESIAN_POINT('',(10.61489524522,-15.94046111468,
    -394.2238488921));
#9173 = CARTESIAN_POINT('',(10.248679431877,-16.17750506113,
    -394.2238488921));
#9174 = CARTESIAN_POINT('',(9.876458910236,-16.40491028509,
    -394.2238488921));
#9175 = CARTESIAN_POINT('',(9.498530807957,-16.62250157439,
    -394.2238488921));
#9176 = CARTESIAN_POINT('',(8.731867628456,-17.03772677969,
    -394.2238488921));
#9177 = CARTESIAN_POINT('',(8.343131043838,-17.2353615121,
    -394.2238488921));
#9178 = CARTESIAN_POINT('',(7.949293603561,-17.42285370726,
    -394.2238488921));
#9179 = CARTESIAN_POINT('',(7.550664401585,-17.60005024737,
    -394.2238488921));
#9180 = CARTESIAN_POINT('',(7.147557486628,-17.76680956378,
    -394.2238488921));
#9181 = CARTESIAN_POINT('',(6.74029186216,-17.92300163701,
    -394.2238488921));
#9182 = CARTESIAN_POINT('',(6.329191486404,-18.06850799675,
    -394.2238488921));
#9183 = CARTESIAN_POINT('',(5.499979058274,-18.33793544701,
    -394.2238488921));
#9184 = CARTESIAN_POINT('',(5.08186537552,-18.46185706727,
    -394.2238488921));
#9185 = CARTESIAN_POINT('',(4.660573166932,-18.57487975347,
    -394.2238488921));
#9186 = CARTESIAN_POINT('',(4.236434155316,-18.67690893224,
    -394.2238488921));
#9187 = CARTESIAN_POINT('',(3.809782843429,-18.767862286,-394.2238488921
    ));
#9188 = CARTESIAN_POINT('',(3.380956513985,-18.84766975299,
    -394.2238488921));
#9189 = CARTESIAN_POINT('',(2.950295229646,-18.91627352726,
    -394.2238488921));
#9190 = CARTESIAN_POINT('',(2.100890235958,-19.02900485314,
    -394.2238488921));
#9191 = CARTESIAN_POINT('',(1.682246152025,-19.07389504101,
    -394.2238488921));
#9192 = CARTESIAN_POINT('',(1.262518102286,-19.10825771547,
    -394.2238488921));
#9193 = CARTESIAN_POINT('',(0.842015087969,-19.13206288004,
    -394.2238488921));
#9194 = CARTESIAN_POINT('',(0.421046590471,-19.1452914485,
    -394.2238488921));
#9195 = CARTESIAN_POINT('',(-7.742864252919E-05,-19.14793524497,
    -394.2238488921));
#9196 = CARTESIAN_POINT('',(-0.421046527635,-19.13999700381,
    -394.2238488921));
#9197 = CARTESIAN_POINT('',(-1.262053041568,-19.10298373566,
    -394.2238488921));
#9198 = CARTESIAN_POINT('',(-1.682091893469,-19.07390864541,
    -394.2238488921));
#9199 = CARTESIAN_POINT('',(-2.101355421842,-19.03427882192,
    -394.2238488921));
#9200 = CARTESIAN_POINT('',(-2.519534145022,-18.98411881405,
    -394.2238488921));
#9201 = CARTESIAN_POINT('',(-2.936320018138,-18.9234639966,
    -394.2238488921));
#9202 = CARTESIAN_POINT('',(-3.351406433115,-18.85236057027,
    -394.2238488921));
#9203 = CARTESIAN_POINT('',(-3.764488218673,-18.77086556171,
    -394.2238488921));
#9204 = CARTESIAN_POINT('',(-4.600705498792,-18.58394885415,
    -394.2238488921));
#9205 = CARTESIAN_POINT('',(-5.023674754621,-18.47777621975,
    -394.2238488921));
#9206 = CARTESIAN_POINT('',(-5.443831892398,-18.36060441346,
    -394.2238488921));
#9207 = CARTESIAN_POINT('',(-5.860843242595,-18.23252089266,
    -394.2238488921));
#9208 = CARTESIAN_POINT('',(-6.274378981577,-18.0936250789,
    -394.2238488921));
#9209 = CARTESIAN_POINT('',(-6.684113131601,-17.94402835796,
    -394.2238488921));
#9210 = CARTESIAN_POINT('',(-7.089723560817,-17.7838540798,
    -394.2238488921));
#9211 = CARTESIAN_POINT('',(-7.878227050555,-17.44850434921,
    -394.2238488921));
#9212 = CARTESIAN_POINT('',(-8.261422572738,-17.27403604332,
    -394.2238488921));
#9213 = CARTESIAN_POINT('',(-8.640192169518,-17.08995448073,
    -394.2238488921));
#9214 = CARTESIAN_POINT('',(-9.014254601095,-16.89639113659,
    -394.2238488921));
#9215 = CARTESIAN_POINT('',(-9.383333768157,-16.69348712147,
    -394.2238488921));
#9216 = CARTESIAN_POINT('',(-9.747158711883,-16.48139318131,
    -394.2238488921));
#9217 = CARTESIAN_POINT('',(-10.10546361394,-16.26026969739,
    -394.2238488921));
#9218 = CARTESIAN_POINT('',(-10.76015147375,-15.83315833111,
    -394.2238488921));
#9219 = CARTESIAN_POINT('',(-11.05806881628,-15.62952047014,
    -394.2238488921));
#9220 = CARTESIAN_POINT('',(-11.3515758328,-15.41948010821,
    -394.2238488921));
#9221 = CARTESIAN_POINT('',(-11.64051211505,-15.20314892965,
    -394.2238488921));
#9222 = CARTESIAN_POINT('',(-11.92472083782,-14.98064329844,
    -394.2238488921));
#9223 = CARTESIAN_POINT('',(-12.20404875894,-14.75208425822,
    -394.2238488921));
#9224 = CARTESIAN_POINT('',(-12.47834621927,-14.51759753224,
    -394.2238488921));
#9225 = CARTESIAN_POINT('',(-13.02780142012,-14.02701769678,
    -394.2238488921));
#9226 = CARTESIAN_POINT('',(-13.30251936826,-13.77043090244,
    -394.2238488921));
#9227 = CARTESIAN_POINT('',(-13.57145587054,-13.50770059099,
    -394.2238488921));
#9228 = CARTESIAN_POINT('',(-13.83445082406,-13.23897901086,
    -394.2238488921));
#9229 = CARTESIAN_POINT('',(-14.09134913963,-12.96442320841,
    -394.2238488921));
#9230 = CARTESIAN_POINT('',(-14.34200074176,-12.68419502789,
    -394.2238488921));
#9231 = CARTESIAN_POINT('',(-14.58626056865,-12.39846111141,
    -394.2238488921));
#9232 = CARTESIAN_POINT('',(-15.86033567912,-10.83851546207,
    -394.2238488921));
#9233 = CARTESIAN_POINT('',(-16.77294595227,-9.467780327183,
    -394.2238488921));
#9234 = CARTESIAN_POINT('',(-17.54948795134,-8.009953067106,
    -394.2238488921));
#9235 = CARTESIAN_POINT('',(-18.18057623832,-6.480963776635,
    -394.2238488921));
#9236 = CARTESIAN_POINT('',(-18.65898943179,-4.897549272417,
    -394.2238488921));
#9237 = CARTESIAN_POINT('',(-18.97973330311,-3.277240300073,
    -394.2238488921));
#9238 = CARTESIAN_POINT('',(-19.14,-1.638311715159,-394.2238488921));
#9239 = CARTESIAN_POINT('',(-19.14,-3.552713678801E-15,-394.2238488921)
  );
#9240 = PCURVE('',#9004,#9241);
#9241 = DEFINITIONAL_REPRESENTATION('',(#9242),#9350);
#9242 = B_SPLINE_CURVE_WITH_KNOTS('',8,(#9243,#9244,#9245,#9246,#9247,
    #9248,#9249,#9250,#9251,#9252,#9253,#9254,#9255,#9256,#9257,#9258,
    #9259,#9260,#9261,#9262,#9263,#9264,#9265,#9266,#9267,#9268,#9269,
    #9270,#9271,#9272,#9273,#9274,#9275,#9276,#9277,#9278,#9279,#9280,
    #9281,#9282,#9283,#9284,#9285,#9286,#9287,#9288,#9289,#9290,#9291,
    #9292,#9293,#9294,#9295,#9296,#9297,#9298,#9299,#9300,#9301,#9302,
    #9303,#9304,#9305,#9306,#9307,#9308,#9309,#9310,#9311,#9312,#9313,
    #9314,#9315,#9316,#9317,#9318,#9319,#9320,#9321,#9322,#9323,#9324,
    #9325,#9326,#9327,#9328,#9329,#9330,#9331,#9332,#9333,#9334,#9335,
    #9336,#9337,#9338,#9339,#9340,#9341,#9342,#9343,#9344,#9345,#9346,
    #9347,#9348,#9349),.UNSPECIFIED.,.F.,.F.,(9,7,7,7,7,7,7,7,7,7,7,7,7,
    7,7,9),(0.,5.80017849132E-02,0.116003569826,0.17400535474,
    0.226006969054,0.284008753967,0.34201053888,0.400012323794,
    0.458014108707,0.51401583767,0.570017566634,0.628019351547,
    0.68402108051,0.73202257713,0.782024132934,1.),.UNSPECIFIED.);
#9243 = CARTESIAN_POINT('',(6.28318530718,1.976151107881));
#9244 = CARTESIAN_POINT('',(6.260408777816,1.976151107881));
#9245 = CARTESIAN_POINT('',(6.237632233559,1.976151107881));
#9246 = CARTESIAN_POINT('',(6.214855679375,1.976151107881));
#9247 = CARTESIAN_POINT('',(6.192079120226,1.976151107881));
#9248 = CARTESIAN_POINT('',(6.169302561077,1.976151107881));
#9249 = CARTESIAN_POINT('',(6.146526006892,1.976151107881));
#9250 = CARTESIAN_POINT('',(6.123749462635,1.976151107881));
#9251 = CARTESIAN_POINT('',(6.078196403908,1.976151107881));
#9252 = CARTESIAN_POINT('',(6.055419859651,1.976151107881));
#9253 = CARTESIAN_POINT('',(6.032643305466,1.976151107881));
#9254 = CARTESIAN_POINT('',(6.009866746317,1.976151107881));
#9255 = CARTESIAN_POINT('',(5.987090187168,1.976151107881));
#9256 = CARTESIAN_POINT('',(5.964313632984,1.976151107881));
#9257 = CARTESIAN_POINT('',(5.941537088727,1.976151107881));
#9258 = CARTESIAN_POINT('',(5.895984029999,1.976151107881));
#9259 = CARTESIAN_POINT('',(5.873207485743,1.976151107881));
#9260 = CARTESIAN_POINT('',(5.850430931558,1.976151107881));
#9261 = CARTESIAN_POINT('',(5.827654372409,1.976151107881));
#9262 = CARTESIAN_POINT('',(5.80487781326,1.976151107881));
#9263 = CARTESIAN_POINT('',(5.782101259075,1.976151107881));
#9264 = CARTESIAN_POINT('',(5.759324714819,1.976151107881));
#9265 = CARTESIAN_POINT('',(5.716127843268,1.976151107881));
#9266 = CARTESIAN_POINT('',(5.695707492457,1.976151107881));
#9267 = CARTESIAN_POINT('',(5.675287135897,1.976151107881));
#9268 = CARTESIAN_POINT('',(5.654866776462,1.976151107881));
#9269 = CARTESIAN_POINT('',(5.634446417027,1.976151107881));
#9270 = CARTESIAN_POINT('',(5.614026060467,1.976151107881));
#9271 = CARTESIAN_POINT('',(5.593605709656,1.976151107881));
#9272 = CARTESIAN_POINT('',(5.550408838105,1.976151107881));
#9273 = CARTESIAN_POINT('',(5.527632293848,1.976151107881));
#9274 = CARTESIAN_POINT('',(5.504855739663,1.976151107881));
#9275 = CARTESIAN_POINT('',(5.482079180514,1.976151107881));
#9276 = CARTESIAN_POINT('',(5.459302621365,1.976151107881));
#9277 = CARTESIAN_POINT('',(5.43652606718,1.976151107881));
#9278 = CARTESIAN_POINT('',(5.413749522924,1.976151107881));
#9279 = CARTESIAN_POINT('',(5.368196464196,1.976151107881));
#9280 = CARTESIAN_POINT('',(5.34541991994,1.976151107881));
#9281 = CARTESIAN_POINT('',(5.322643365755,1.976151107881));
#9282 = CARTESIAN_POINT('',(5.299866806606,1.976151107881));
#9283 = CARTESIAN_POINT('',(5.277090247457,1.976151107881));
#9284 = CARTESIAN_POINT('',(5.254313693272,1.976151107881));
#9285 = CARTESIAN_POINT('',(5.231537149016,1.976151107881));
#9286 = CARTESIAN_POINT('',(5.185984090288,1.976151107881));
#9287 = CARTESIAN_POINT('',(5.163207546032,1.976151107881));
#9288 = CARTESIAN_POINT('',(5.140430991847,1.976151107881));
#9289 = CARTESIAN_POINT('',(5.117654432698,1.976151107881));
#9290 = CARTESIAN_POINT('',(5.094877873549,1.976151107881));
#9291 = CARTESIAN_POINT('',(5.072101319364,1.976151107881));
#9292 = CARTESIAN_POINT('',(5.049324775108,1.976151107881));
#9293 = CARTESIAN_POINT('',(5.00377171638,1.976151107881));
#9294 = CARTESIAN_POINT('',(4.980995172124,1.976151107881));
#9295 = CARTESIAN_POINT('',(4.958218617939,1.976151107881));
#9296 = CARTESIAN_POINT('',(4.93544205879,1.976151107881));
#9297 = CARTESIAN_POINT('',(4.912665499641,1.976151107881));
#9298 = CARTESIAN_POINT('',(4.889888945456,1.976151107881));
#9299 = CARTESIAN_POINT('',(4.867112401199,1.976151107881));
#9300 = CARTESIAN_POINT('',(4.822344737837,1.976151107881));
#9301 = CARTESIAN_POINT('',(4.800353591345,1.976151107881));
#9302 = CARTESIAN_POINT('',(4.778362436522,1.976151107881));
#9303 = CARTESIAN_POINT('',(4.756371277535,1.976151107881));
#9304 = CARTESIAN_POINT('',(4.734380118548,1.976151107881));
#9305 = CARTESIAN_POINT('',(4.712388963725,1.976151107881));
#9306 = CARTESIAN_POINT('',(4.690397817233,1.976151107881));
#9307 = CARTESIAN_POINT('',(4.646415549236,1.976151107881));
#9308 = CARTESIAN_POINT('',(4.624424402744,1.976151107881));
#9309 = CARTESIAN_POINT('',(4.602433247921,1.976151107881));
#9310 = CARTESIAN_POINT('',(4.580442088934,1.976151107881));
#9311 = CARTESIAN_POINT('',(4.558450929947,1.976151107881));
#9312 = CARTESIAN_POINT('',(4.536459775124,1.976151107881));
#9313 = CARTESIAN_POINT('',(4.514468628632,1.976151107881));
#9314 = CARTESIAN_POINT('',(4.46970096527,1.976151107881));
#9315 = CARTESIAN_POINT('',(4.446924421013,1.976151107881));
#9316 = CARTESIAN_POINT('',(4.424147866828,1.976151107881));
#9317 = CARTESIAN_POINT('',(4.401371307679,1.976151107881));
#9318 = CARTESIAN_POINT('',(4.37859474853,1.976151107881));
#9319 = CARTESIAN_POINT('',(4.355818194346,1.976151107881));
#9320 = CARTESIAN_POINT('',(4.333041650089,1.976151107881));
#9321 = CARTESIAN_POINT('',(4.288273986727,1.976151107881));
#9322 = CARTESIAN_POINT('',(4.266282840234,1.976151107881));
#9323 = CARTESIAN_POINT('',(4.244291685412,1.976151107881));
#9324 = CARTESIAN_POINT('',(4.222300526425,1.976151107881));
#9325 = CARTESIAN_POINT('',(4.200309367438,1.976151107881));
#9326 = CARTESIAN_POINT('',(4.178318212615,1.976151107881));
#9327 = CARTESIAN_POINT('',(4.156327066123,1.976151107881));
#9328 = CARTESIAN_POINT('',(4.115486382944,1.976151107881));
#9329 = CARTESIAN_POINT('',(4.096636827986,1.976151107881));
#9330 = CARTESIAN_POINT('',(4.077787269175,1.976151107881));
#9331 = CARTESIAN_POINT('',(4.058937708438,1.976151107881));
#9332 = CARTESIAN_POINT('',(4.040088147701,1.976151107881));
#9333 = CARTESIAN_POINT('',(4.021238588891,1.976151107881));
#9334 = CARTESIAN_POINT('',(4.002389033932,1.976151107881));
#9335 = CARTESIAN_POINT('',(3.963904538936,1.976151107881));
#9336 = CARTESIAN_POINT('',(3.944269586032,1.976151107881));
#9337 = CARTESIAN_POINT('',(3.924634628403,1.976151107881));
#9338 = CARTESIAN_POINT('',(3.904999668412,1.976151107881));
#9339 = CARTESIAN_POINT('',(3.885364708421,1.976151107881));
#9340 = CARTESIAN_POINT('',(3.865729750792,1.976151107881));
#9341 = CARTESIAN_POINT('',(3.846094797889,1.976151107881));
#9342 = CARTESIAN_POINT('',(3.74086362871,1.976151107881));
#9343 = CARTESIAN_POINT('',(3.655235200279,1.976151107881));
#9344 = CARTESIAN_POINT('',(3.569623773165,1.976151107881));
#9345 = CARTESIAN_POINT('',(3.484026252829,1.976151107881));
#9346 = CARTESIAN_POINT('',(3.3984287325,1.976151107881));
#9347 = CARTESIAN_POINT('',(3.312817305382,1.976151107881));
#9348 = CARTESIAN_POINT('',(3.227188876952,1.976151107881));
#9349 = CARTESIAN_POINT('',(3.14159265359,1.976151107881));
#9350 = ( GEOMETRIC_REPRESENTATION_CONTEXT(2) 
PARAMETRIC_REPRESENTATION_CONTEXT() REPRESENTATION_CONTEXT('2D SPACE',''
  ) );
#9351 = PCURVE('',#9352,#9361);
#9352 = SURFACE_OF_REVOLUTION('',#9353,#9358);
#9353 = ELLIPSE('',#9354,788.647,394.34);
#9354 = AXIS2_PLACEMENT_3D('',#9355,#9356,#9357);
#9355 = CARTESIAN_POINT('',(0.,0.,0.));
#9356 = DIRECTION('',(-1.224646799147E-16,1.,0.));
#9357 = DIRECTION('',(-1.,-1.224646799147E-16,0.));
#9358 = AXIS1_PLACEMENT('',#9359,#9360);
#9359 = CARTESIAN_POINT('',(0.,0.,0.));
#9360 = DIRECTION('',(0.,0.,1.));
#9361 = DEFINITIONAL_REPRESENTATION('',(#9362),#9470);
#9362 = B_SPLINE_CURVE_WITH_KNOTS('',8,(#9363,#9364,#9365,#9366,#9367,
    #9368,#9369,#9370,#9371,#9372,#9373,#9374,#9375,#9376,#9377,#9378,
    #9379,#9380,#9381,#9382,#9383,#9384,#9385,#9386,#9387,#9388,#9389,
    #9390,#9391,#9392,#9393,#9394,#9395,#9396,#9397,#9398,#9399,#9400,
    #9401,#9402,#9403,#9404,#9405,#9406,#9407,#9408,#9409,#9410,#9411,
    #9412,#9413,#9414,#9415,#9416,#9417,#9418,#9419,#9420,#9421,#9422,
    #9423,#9424,#9425,#9426,#9427,#9428,#9429,#9430,#9431,#9432,#9433,
    #9434,#9435,#9436,#9437,#9438,#9439,#9440,#9441,#9442,#9443,#9444,
    #9445,#9446,#9447,#9448,#9449,#9450,#9451,#9452,#9453,#9454,#9455,
    #9456,#9457,#9458,#9459,#9460,#9461,#9462,#9463,#9464,#9465,#9466,
    #9467,#9468,#9469),.UNSPECIFIED.,.F.,.F.,(9,7,7,7,7,7,7,7,7,7,7,7,7,
    7,7,9),(0.,5.80017849132E-02,0.116003569826,0.17400535474,
    0.226006969054,0.284008753967,0.34201053888,0.400012323794,
    0.458014108707,0.51401583767,0.570017566634,0.628019351547,
    0.68402108051,0.73202257713,0.782024132934,1.),.UNSPECIFIED.);
#9363 = CARTESIAN_POINT('',(3.14159265359,4.736660776793));
#9364 = CARTESIAN_POINT('',(3.118816124226,4.736660776793));
#9365 = CARTESIAN_POINT('',(3.09603957997,4.736660776793));
#9366 = CARTESIAN_POINT('',(3.073263025785,4.736660776793));
#9367 = CARTESIAN_POINT('',(3.050486466636,4.736660776793));
#9368 = CARTESIAN_POINT('',(3.027709907487,4.736660776793));
#9369 = CARTESIAN_POINT('',(3.004933353302,4.736660776793));
#9370 = CARTESIAN_POINT('',(2.982156809046,4.736660776793));
#9371 = CARTESIAN_POINT('',(2.936603750318,4.736660776793));
#9372 = CARTESIAN_POINT('',(2.913827206061,4.736660776793));
#9373 = CARTESIAN_POINT('',(2.891050651877,4.736660776793));
#9374 = CARTESIAN_POINT('',(2.868274092728,4.736660776793));
#9375 = CARTESIAN_POINT('',(2.845497533579,4.736660776793));
#9376 = CARTESIAN_POINT('',(2.822720979394,4.736660776793));
#9377 = CARTESIAN_POINT('',(2.799944435137,4.736660776793));
#9378 = CARTESIAN_POINT('',(2.75439137641,4.736660776793));
#9379 = CARTESIAN_POINT('',(2.731614832153,4.736660776793));
#9380 = CARTESIAN_POINT('',(2.708838277968,4.736660776793));
#9381 = CARTESIAN_POINT('',(2.686061718819,4.736660776793));
#9382 = CARTESIAN_POINT('',(2.66328515967,4.736660776793));
#9383 = CARTESIAN_POINT('',(2.640508605486,4.736660776793));
#9384 = CARTESIAN_POINT('',(2.617732061229,4.736660776793));
#9385 = CARTESIAN_POINT('',(2.574535189678,4.736660776793));
#9386 = CARTESIAN_POINT('',(2.554114838867,4.736660776793));
#9387 = CARTESIAN_POINT('',(2.533694482307,4.736660776793));
#9388 = CARTESIAN_POINT('',(2.513274122872,4.736660776793));
#9389 = CARTESIAN_POINT('',(2.492853763437,4.736660776793));
#9390 = CARTESIAN_POINT('',(2.472433406877,4.736660776793));
#9391 = CARTESIAN_POINT('',(2.452013056066,4.736660776793));
#9392 = CARTESIAN_POINT('',(2.408816184515,4.736660776793));
#9393 = CARTESIAN_POINT('',(2.386039640258,4.736660776793));
#9394 = CARTESIAN_POINT('',(2.363263086074,4.736660776793));
#9395 = CARTESIAN_POINT('',(2.340486526925,4.736660776793));
#9396 = CARTESIAN_POINT('',(2.317709967776,4.736660776793));
#9397 = CARTESIAN_POINT('',(2.294933413591,4.736660776793));
#9398 = CARTESIAN_POINT('',(2.272156869334,4.736660776793));
#9399 = CARTESIAN_POINT('',(2.226603810607,4.736660776793));
#9400 = CARTESIAN_POINT('',(2.20382726635,4.736660776793));
#9401 = CARTESIAN_POINT('',(2.181050712165,4.736660776793));
#9402 = CARTESIAN_POINT('',(2.158274153016,4.736660776793));
#9403 = CARTESIAN_POINT('',(2.135497593867,4.736660776793));
#9404 = CARTESIAN_POINT('',(2.112721039682,4.736660776793));
#9405 = CARTESIAN_POINT('',(2.089944495426,4.736660776793));
#9406 = CARTESIAN_POINT('',(2.044391436698,4.736660776793));
#9407 = CARTESIAN_POINT('',(2.021614892442,4.736660776793));
#9408 = CARTESIAN_POINT('',(1.998838338257,4.736660776793));
#9409 = CARTESIAN_POINT('',(1.976061779108,4.736660776793));
#9410 = CARTESIAN_POINT('',(1.953285219959,4.736660776793));
#9411 = CARTESIAN_POINT('',(1.930508665774,4.736660776793));
#9412 = CARTESIAN_POINT('',(1.907732121518,4.736660776793));
#9413 = CARTESIAN_POINT('',(1.86217906279,4.736660776793));
#9414 = CARTESIAN_POINT('',(1.839402518534,4.736660776793));
#9415 = CARTESIAN_POINT('',(1.816625964349,4.736660776793));
#9416 = CARTESIAN_POINT('',(1.7938494052,4.736660776793));
#9417 = CARTESIAN_POINT('',(1.771072846051,4.736660776793));
#9418 = CARTESIAN_POINT('',(1.748296291866,4.736660776793));
#9419 = CARTESIAN_POINT('',(1.72551974761,4.736660776793));
#9420 = CARTESIAN_POINT('',(1.680752084248,4.736660776793));
#9421 = CARTESIAN_POINT('',(1.658760937755,4.736660776793));
#9422 = CARTESIAN_POINT('',(1.636769782932,4.736660776793));
#9423 = CARTESIAN_POINT('',(1.614778623945,4.736660776793));
#9424 = CARTESIAN_POINT('',(1.592787464958,4.736660776793));
#9425 = CARTESIAN_POINT('',(1.570796310136,4.736660776793));
#9426 = CARTESIAN_POINT('',(1.548805163643,4.736660776793));
#9427 = CARTESIAN_POINT('',(1.504822895647,4.736660776793));
#9428 = CARTESIAN_POINT('',(1.482831749154,4.736660776793));
#9429 = CARTESIAN_POINT('',(1.460840594331,4.736660776793));
#9430 = CARTESIAN_POINT('',(1.438849435344,4.736660776793));
#9431 = CARTESIAN_POINT('',(1.416858276357,4.736660776793));
#9432 = CARTESIAN_POINT('',(1.394867121535,4.736660776793));
#9433 = CARTESIAN_POINT('',(1.372875975042,4.736660776793));
#9434 = CARTESIAN_POINT('',(1.32810831168,4.736660776793));
#9435 = CARTESIAN_POINT('',(1.305331767423,4.736660776793));
#9436 = CARTESIAN_POINT('',(1.282555213239,4.736660776793));
#9437 = CARTESIAN_POINT('',(1.25977865409,4.736660776793));
#9438 = CARTESIAN_POINT('',(1.237002094941,4.736660776793));
#9439 = CARTESIAN_POINT('',(1.214225540756,4.736660776793));
#9440 = CARTESIAN_POINT('',(1.191448996499,4.736660776793));
#9441 = CARTESIAN_POINT('',(1.146681333137,4.736660776793));
#9442 = CARTESIAN_POINT('',(1.124690186645,4.736660776793));
#9443 = CARTESIAN_POINT('',(1.102699031822,4.736660776793));
#9444 = CARTESIAN_POINT('',(1.080707872835,4.736660776793));
#9445 = CARTESIAN_POINT('',(1.058716713848,4.736660776793));
#9446 = CARTESIAN_POINT('',(1.036725559025,4.736660776793));
#9447 = CARTESIAN_POINT('',(1.014734412533,4.736660776793));
#9448 = CARTESIAN_POINT('',(0.973893729354,4.736660776793));
#9449 = CARTESIAN_POINT('',(0.955044174396,4.736660776793));
#9450 = CARTESIAN_POINT('',(0.936194615585,4.736660776793));
#9451 = CARTESIAN_POINT('',(0.917345054848,4.736660776793));
#9452 = CARTESIAN_POINT('',(0.898495494111,4.736660776793));
#9453 = CARTESIAN_POINT('',(0.879645935301,4.736660776793));
#9454 = CARTESIAN_POINT('',(0.860796380342,4.736660776793));
#9455 = CARTESIAN_POINT('',(0.822311885346,4.736660776793));
#9456 = CARTESIAN_POINT('',(0.802676932442,4.736660776793));
#9457 = CARTESIAN_POINT('',(0.783041974814,4.736660776793));
#9458 = CARTESIAN_POINT('',(0.763407014822,4.736660776793));
#9459 = CARTESIAN_POINT('',(0.743772054831,4.736660776793));
#9460 = CARTESIAN_POINT('',(0.724137097203,4.736660776793));
#9461 = CARTESIAN_POINT('',(0.704502144299,4.736660776793));
#9462 = CARTESIAN_POINT('',(0.59927097512,4.736660776793));
#9463 = CARTESIAN_POINT('',(0.513642546689,4.736660776793));
#9464 = CARTESIAN_POINT('',(0.428031119575,4.736660776793));
#9465 = CARTESIAN_POINT('',(0.34243359924,4.736660776793));
#9466 = CARTESIAN_POINT('',(0.25683607891,4.736660776793));
#9467 = CARTESIAN_POINT('',(0.171224651792,4.736660776793));
#9468 = CARTESIAN_POINT('',(8.559622336255E-02,4.736660776793));
#9469 = CARTESIAN_POINT('',(0.,4.736660776793));
#9470 = ( GEOMETRIC_REPRESENTATION_CONTEXT(2) 
PARAMETRIC_REPRESENTATION_CONTEXT() REPRESENTATION_CONTEXT('2D SPACE',''
  ) );
#9471 = ORIENTED_EDGE('',*,*,#9472,.T.);
#9472 = EDGE_CURVE('',#9127,#8988,#9473,.T.);
#9473 = SEAM_CURVE('',#9474,(#9478,#9485),.PCURVE_S1.);
#9474 = LINE('',#9475,#9476);
#9475 = CARTESIAN_POINT('',(19.14,-4.687947947136E-15,-396.2));
#9476 = VECTOR('',#9477,1.);
#9477 = DIRECTION('',(0.,0.,1.));
#9478 = PCURVE('',#9004,#9479);
#9479 = DEFINITIONAL_REPRESENTATION('',(#9480),#9484);
#9480 = LINE('',#9481,#9482);
#9481 = CARTESIAN_POINT('',(0.,-0.));
#9482 = VECTOR('',#9483,1.);
#9483 = DIRECTION('',(0.,1.));
#9484 = ( GEOMETRIC_REPRESENTATION_CONTEXT(2) 
PARAMETRIC_REPRESENTATION_CONTEXT() REPRESENTATION_CONTEXT('2D SPACE',''
  ) );
#9485 = PCURVE('',#9004,#9486);
#9486 = DEFINITIONAL_REPRESENTATION('',(#9487),#9491);
#9487 = LINE('',#9488,#9489);
#9488 = CARTESIAN_POINT('',(6.28318530718,-0.));
#9489 = VECTOR('',#9490,1.);
#9490 = DIRECTION('',(0.,1.));
#9491 = ( GEOMETRIC_REPRESENTATION_CONTEXT(2) 
PARAMETRIC_REPRESENTATION_CONTEXT() REPRESENTATION_CONTEXT('2D SPACE',''
  ) );
#9492 = ORIENTED_EDGE('',*,*,#8987,.F.);
#9493 = ORIENTED_EDGE('',*,*,#9472,.F.);
#9494 = ORIENTED_EDGE('',*,*,#9495,.F.);
#9495 = EDGE_CURVE('',#9129,#9127,#9496,.T.);
#9496 = SURFACE_CURVE('',#9497,(#9528,#9562),.PCURVE_S1.);
#9497 = B_SPLINE_CURVE_WITH_KNOTS('',8,(#9498,#9499,#9500,#9501,#9502,
    #9503,#9504,#9505,#9506,#9507,#9508,#9509,#9510,#9511,#9512,#9513,
    #9514,#9515,#9516,#9517,#9518,#9519,#9520,#9521,#9522,#9523,#9524,
    #9525,#9526,#9527),.UNSPECIFIED.,.F.,.F.,(9,7,7,7,9),(0.,
    0.250000000001,0.500000000001,0.750000000001,1.),.UNSPECIFIED.);
#9498 = CARTESIAN_POINT('',(-19.14,2.343973973568E-15,-394.2238488921));
#9499 = CARTESIAN_POINT('',(-19.14,1.878609185991,-394.2238488921));
#9500 = CARTESIAN_POINT('',(-18.92927140404,3.758436078056,
    -394.2238488921));
#9501 = CARTESIAN_POINT('',(-18.50733890997,5.61000336071,
    -394.2238488921));
#9502 = CARTESIAN_POINT('',(-17.87923367673,7.405821073729,
    -394.2238488921));
#9503 = CARTESIAN_POINT('',(-17.05353626378,9.119793426135,
    -394.2238488921));
#9504 = CARTESIAN_POINT('',(-16.04263181017,10.727400535263,
    -394.2238488921));
#9505 = CARTESIAN_POINT('',(-14.86240108652,12.205646497298,
    -394.2238488921));
#9506 = CARTESIAN_POINT('',(-12.2056464973,14.862401086519,
    -394.2238488921));
#9507 = CARTESIAN_POINT('',(-10.72740053525,16.042631810184,
    -394.2238488921));
#9508 = CARTESIAN_POINT('',(-9.119793426164,17.053536263769,
    -394.2238488921));
#9509 = CARTESIAN_POINT('',(-7.405821073701,17.879233676752,
    -394.2238488921));
#9510 = CARTESIAN_POINT('',(-5.610003360731,18.507338909961,
    -394.2238488921));
#9511 = CARTESIAN_POINT('',(-3.758436078051,18.929271404045,
    -394.2238488921));
#9512 = CARTESIAN_POINT('',(-1.878609185994,19.14,-394.2238488921));
#9513 = CARTESIAN_POINT('',(1.878609185983,19.14,-394.2238488921));
#9514 = CARTESIAN_POINT('',(3.758436078082,18.929271404039,
    -394.2238488921));
#9515 = CARTESIAN_POINT('',(5.610003360645,18.507338909988,
    -394.2238488921));
#9516 = CARTESIAN_POINT('',(7.405821073808,17.879233676708,
    -394.2238488921));
#9517 = CARTESIAN_POINT('',(9.119793426074,17.053536263815,
    -394.2238488921));
#9518 = CARTESIAN_POINT('',(10.727400535284,16.042631810161,
    -394.2238488921));
#9519 = CARTESIAN_POINT('',(12.205646497293,14.862401086528,
    -394.2238488921));
#9520 = CARTESIAN_POINT('',(14.862401086523,12.205646497299,
    -394.2238488921));
#9521 = CARTESIAN_POINT('',(16.042631810165,10.727400535269,
    -394.2238488921));
#9522 = CARTESIAN_POINT('',(17.053536263804,9.119793426131,
    -394.2238488921));
#9523 = CARTESIAN_POINT('',(17.879233676715,7.405821073736,
    -394.2238488921));
#9524 = CARTESIAN_POINT('',(18.507338909983,5.610003360709,
    -394.2238488921));
#9525 = CARTESIAN_POINT('',(18.92927140404,3.758436078057,
    -394.2238488921));
#9526 = CARTESIAN_POINT('',(19.14,1.878609185991,-394.2238488921));
#9527 = CARTESIAN_POINT('',(19.14,-6.593907711833E-15,-394.2238488921));
#9528 = PCURVE('',#9004,#9529);
#9529 = DEFINITIONAL_REPRESENTATION('',(#9530),#9561);
#9530 = B_SPLINE_CURVE_WITH_KNOTS('',8,(#9531,#9532,#9533,#9534,#9535,
    #9536,#9537,#9538,#9539,#9540,#9541,#9542,#9543,#9544,#9545,#9546,
    #9547,#9548,#9549,#9550,#9551,#9552,#9553,#9554,#9555,#9556,#9557,
    #9558,#9559,#9560),.UNSPECIFIED.,.F.,.F.,(9,7,7,7,9),(0.,
    0.250000000001,0.500000000001,0.750000000001,1.),.UNSPECIFIED.);
#9531 = CARTESIAN_POINT('',(3.14159265359,1.976151107881));
#9532 = CARTESIAN_POINT('',(3.043441703434,1.976151107881));
#9533 = CARTESIAN_POINT('',(2.945227212653,1.976151107881));
#9534 = CARTESIAN_POINT('',(2.847047793579,1.976151107881));
#9535 = CARTESIAN_POINT('',(2.748893571891,1.976151107881));
#9536 = CARTESIAN_POINT('',(2.650739350203,1.976151107881));
#9537 = CARTESIAN_POINT('',(2.55255993113,1.976151107881));
#9538 = CARTESIAN_POINT('',(2.454345440349,1.976151107881));
#9539 = CARTESIAN_POINT('',(2.258043540036,1.976151107881));
#9540 = CARTESIAN_POINT('',(2.159829049255,1.976151107881));
#9541 = CARTESIAN_POINT('',(2.061649630182,1.976151107881));
#9542 = CARTESIAN_POINT('',(1.963495408494,1.976151107881));
#9543 = CARTESIAN_POINT('',(1.865341186805,1.976151107881));
#9544 = CARTESIAN_POINT('',(1.767161767732,1.976151107881));
#9545 = CARTESIAN_POINT('',(1.668947276951,1.976151107881));
#9546 = CARTESIAN_POINT('',(1.472645376639,1.976151107881));
#9547 = CARTESIAN_POINT('',(1.374430885856,1.976151107881));
#9548 = CARTESIAN_POINT('',(1.276251466788,1.976151107881));
#9549 = CARTESIAN_POINT('',(1.178097245092,1.976151107881));
#9550 = CARTESIAN_POINT('',(1.079943023412,1.976151107881));
#9551 = CARTESIAN_POINT('',(0.981763604333,1.976151107881));
#9552 = CARTESIAN_POINT('',(0.883549113554,1.976151107881));
#9553 = CARTESIAN_POINT('',(0.687247213241,1.976151107881));
#9554 = CARTESIAN_POINT('',(0.589032722461,1.976151107881));
#9555 = CARTESIAN_POINT('',(0.490853303387,1.976151107881));
#9556 = CARTESIAN_POINT('',(0.392699081699,1.976151107881));
#9557 = CARTESIAN_POINT('',(0.294544860011,1.976151107882));
#9558 = CARTESIAN_POINT('',(0.196365440937,1.976151107881));
#9559 = CARTESIAN_POINT('',(9.815095015629E-02,1.976151107881));
#9560 = CARTESIAN_POINT('',(0.,1.976151107881));
#9561 = ( GEOMETRIC_REPRESENTATION_CONTEXT(2) 
PARAMETRIC_REPRESENTATION_CONTEXT() REPRESENTATION_CONTEXT('2D SPACE',''
  ) );
#9562 = PCURVE('',#9352,#9563);
#9563 = DEFINITIONAL_REPRESENTATION('',(#9564),#9595);
#9564 = B_SPLINE_CURVE_WITH_KNOTS('',8,(#9565,#9566,#9567,#9568,#9569,
    #9570,#9571,#9572,#9573,#9574,#9575,#9576,#9577,#9578,#9579,#9580,
    #9581,#9582,#9583,#9584,#9585,#9586,#9587,#9588,#9589,#9590,#9591,
    #9592,#9593,#9594),.UNSPECIFIED.,.F.,.F.,(9,7,7,7,9),(0.,
    0.250000000001,0.500000000001,0.750000000001,1.),.UNSPECIFIED.);
#9565 = CARTESIAN_POINT('',(6.28318530718,4.736660776793));
#9566 = CARTESIAN_POINT('',(6.185034357023,4.736660776793));
#9567 = CARTESIAN_POINT('',(6.086819866243,4.736660776793));
#9568 = CARTESIAN_POINT('',(5.988640447168,4.736660776793));
#9569 = CARTESIAN_POINT('',(5.890486225482,4.736660776793));
#9570 = CARTESIAN_POINT('',(5.792332003792,4.736660776793));
#9571 = CARTESIAN_POINT('',(5.69415258472,4.736660776793));
#9572 = CARTESIAN_POINT('',(5.595938093938,4.736660776793));
#9573 = CARTESIAN_POINT('',(5.399636193626,4.736660776793));
#9574 = CARTESIAN_POINT('',(5.301421702844,4.736660776793));
#9575 = CARTESIAN_POINT('',(5.203242283773,4.736660776793));
#9576 = CARTESIAN_POINT('',(5.105088062081,4.736660776793));
#9577 = CARTESIAN_POINT('',(5.006933840397,4.736660776793));
#9578 = CARTESIAN_POINT('',(4.908754421321,4.736660776793));
#9579 = CARTESIAN_POINT('',(4.810539930541,4.736660776793));
#9580 = CARTESIAN_POINT('',(4.614238030229,4.736660776793));
#9581 = CARTESIAN_POINT('',(4.516023539446,4.736660776793));
#9582 = CARTESIAN_POINT('',(4.417844120378,4.736660776793));
#9583 = CARTESIAN_POINT('',(4.319689898682,4.736660776793));
#9584 = CARTESIAN_POINT('',(4.221535677001,4.736660776793));
#9585 = CARTESIAN_POINT('',(4.123356257923,4.736660776793));
#9586 = CARTESIAN_POINT('',(4.025141767144,4.736660776793));
#9587 = CARTESIAN_POINT('',(3.828839866831,4.736660776793));
#9588 = CARTESIAN_POINT('',(3.73062537605,4.736660776793));
#9589 = CARTESIAN_POINT('',(3.632445956978,4.736660776793));
#9590 = CARTESIAN_POINT('',(3.534291735287,4.736660776793));
#9591 = CARTESIAN_POINT('',(3.436137513603,4.736660776793));
#9592 = CARTESIAN_POINT('',(3.337958094526,4.736660776793));
#9593 = CARTESIAN_POINT('',(3.239743603746,4.736660776793));
#9594 = CARTESIAN_POINT('',(3.14159265359,4.736660776793));
#9595 = ( GEOMETRIC_REPRESENTATION_CONTEXT(2) 
PARAMETRIC_REPRESENTATION_CONTEXT() REPRESENTATION_CONTEXT('2D SPACE',''
  ) );
#9596 = ADVANCED_FACE('',(#9597,#9973,#10321,#10645,#11082),#9352,.F.);
#9597 = FACE_BOUND('',#9598,.F.);
#9598 = EDGE_LOOP('',(#9599,#9705,#9727,#9728,#9729,#9730));
#9599 = ORIENTED_EDGE('',*,*,#9600,.F.);
#9600 = EDGE_CURVE('',#9601,#9603,#9605,.T.);
#9601 = VERTEX_POINT('',#9602);
#9602 = CARTESIAN_POINT('',(-4.5,-5.510910596163E-16,-394.3335804573));
#9603 = VERTEX_POINT('',#9604);
#9604 = CARTESIAN_POINT('',(4.5,-1.102182119233E-15,-394.3335804573));
#9605 = SURFACE_CURVE('',#9606,(#9637,#9671),.PCURVE_S1.);
#9606 = B_SPLINE_CURVE_WITH_KNOTS('',8,(#9607,#9608,#9609,#9610,#9611,
    #9612,#9613,#9614,#9615,#9616,#9617,#9618,#9619,#9620,#9621,#9622,
    #9623,#9624,#9625,#9626,#9627,#9628,#9629,#9630,#9631,#9632,#9633,
    #9634,#9635,#9636),.UNSPECIFIED.,.F.,.F.,(9,7,7,7,9),(0.,
    0.249999999999,0.499999999998,0.749999999999,1.),.UNSPECIFIED.);
#9607 = CARTESIAN_POINT('',(-4.5,5.510910596163E-16,-394.3335804573));
#9608 = CARTESIAN_POINT('',(-4.5,0.441688171956,-394.3335804573));
#9609 = CARTESIAN_POINT('',(-4.450453672494,0.8836390294,-394.3335804573
    ));
#9610 = CARTESIAN_POINT('',(-4.35125843623,1.318960530727,
    -394.3335804573));
#9611 = CARTESIAN_POINT('',(-4.203582755859,1.741180988039,
    -394.3335804573));
#9612 = CARTESIAN_POINT('',(-4.009450282352,2.144158411552,
    -394.3335804573));
#9613 = CARTESIAN_POINT('',(-3.771773120985,2.52211882137,
    -394.3335804573));
#9614 = CARTESIAN_POINT('',(-3.4943012169,2.869659813779,-394.3335804573
    ));
#9615 = CARTESIAN_POINT('',(-2.86965981378,3.494301216899,
    -394.3335804573));
#9616 = CARTESIAN_POINT('',(-2.522118821369,3.771773120987,
    -394.3335804573));
#9617 = CARTESIAN_POINT('',(-2.144158411554,4.009450282347,
    -394.3335804573));
#9618 = CARTESIAN_POINT('',(-1.741180988038,4.203582755864,
    -394.3335804573));
#9619 = CARTESIAN_POINT('',(-1.318960530729,4.351258436227,
    -394.3335804573));
#9620 = CARTESIAN_POINT('',(-0.8836390294,4.450453672495,-394.3335804573
    ));
#9621 = CARTESIAN_POINT('',(-0.441688171956,4.5,-394.3335804573));
#9622 = CARTESIAN_POINT('',(0.441688171958,4.5,-394.3335804573));
#9623 = CARTESIAN_POINT('',(0.883639029388,4.450453672494,
    -394.3335804573));
#9624 = CARTESIAN_POINT('',(1.318960530747,4.35125843623,-394.3335804573
    ));
#9625 = CARTESIAN_POINT('',(1.741180988017,4.203582755861,
    -394.3335804573));
#9626 = CARTESIAN_POINT('',(2.144158411566,4.009450282349,
    -394.3335804573));
#9627 = CARTESIAN_POINT('',(2.522118821364,3.771773120987,
    -394.3335804573));
#9628 = CARTESIAN_POINT('',(2.869659813779,3.494301216899,
    -394.3335804573));
#9629 = CARTESIAN_POINT('',(3.494301216899,2.869659813779,
    -394.3335804573));
#9630 = CARTESIAN_POINT('',(3.771773120985,2.522118821371,
    -394.3335804573));
#9631 = CARTESIAN_POINT('',(4.009450282348,2.144158411551,
    -394.3335804573));
#9632 = CARTESIAN_POINT('',(4.203582755864,1.741180988041,
    -394.3335804573));
#9633 = CARTESIAN_POINT('',(4.351258436226,1.318960530727,
    -394.3335804573));
#9634 = CARTESIAN_POINT('',(4.450453672495,0.8836390294,-394.3335804573)
  );
#9635 = CARTESIAN_POINT('',(4.5,0.441688171956,-394.3335804573));
#9636 = CARTESIAN_POINT('',(4.5,-1.550291781779E-15,-394.3335804573));
#9637 = PCURVE('',#9352,#9638);
#9638 = DEFINITIONAL_REPRESENTATION('',(#9639),#9670);
#9639 = B_SPLINE_CURVE_WITH_KNOTS('',8,(#9640,#9641,#9642,#9643,#9644,
    #9645,#9646,#9647,#9648,#9649,#9650,#9651,#9652,#9653,#9654,#9655,
    #9656,#9657,#9658,#9659,#9660,#9661,#9662,#9663,#9664,#9665,#9666,
    #9667,#9668,#9669),.UNSPECIFIED.,.F.,.F.,(9,7,7,7,9),(0.,
    0.249999999999,0.499999999998,0.749999999999,1.),.UNSPECIFIED.);
#9640 = CARTESIAN_POINT('',(6.28318530718,4.718094986264));
#9641 = CARTESIAN_POINT('',(6.185032380078,4.718094986264));
#9642 = CARTESIAN_POINT('',(6.086821144785,4.718094986264));
#9643 = CARTESIAN_POINT('',(5.988641713456,4.718094986264));
#9644 = CARTESIAN_POINT('',(5.890486225481,4.718094986264));
#9645 = CARTESIAN_POINT('',(5.792330737505,4.718094986264));
#9646 = CARTESIAN_POINT('',(5.694151306176,4.718094986264));
#9647 = CARTESIAN_POINT('',(5.595940070884,4.718094986264));
#9648 = CARTESIAN_POINT('',(5.399634216681,4.718094986264));
#9649 = CARTESIAN_POINT('',(5.301422981387,4.718094986264));
#9650 = CARTESIAN_POINT('',(5.20324355006,4.718094986264));
#9651 = CARTESIAN_POINT('',(5.105088062082,4.718094986264));
#9652 = CARTESIAN_POINT('',(5.006932574109,4.718094986264));
#9653 = CARTESIAN_POINT('',(4.908753142779,4.718094986264));
#9654 = CARTESIAN_POINT('',(4.810541907486,4.718094986264));
#9655 = CARTESIAN_POINT('',(4.614236053283,4.718094986264));
#9656 = CARTESIAN_POINT('',(4.516024817992,4.718094986264));
#9657 = CARTESIAN_POINT('',(4.417845386658,4.718094986264));
#9658 = CARTESIAN_POINT('',(4.31968989869,4.718094986264));
#9659 = CARTESIAN_POINT('',(4.221534410709,4.718094986264));
#9660 = CARTESIAN_POINT('',(4.123354979383,4.718094986264));
#9661 = CARTESIAN_POINT('',(4.025143744089,4.718094986264));
#9662 = CARTESIAN_POINT('',(3.828837889886,4.718094986264));
#9663 = CARTESIAN_POINT('',(3.730626654593,4.718094986264));
#9664 = CARTESIAN_POINT('',(3.632447223264,4.718094986264));
#9665 = CARTESIAN_POINT('',(3.534291735288,4.718094986264));
#9666 = CARTESIAN_POINT('',(3.436136247315,4.718094986264));
#9667 = CARTESIAN_POINT('',(3.337956815983,4.718094986264));
#9668 = CARTESIAN_POINT('',(3.239745580691,4.718094986264));
#9669 = CARTESIAN_POINT('',(3.14159265359,4.718094986264));
#9670 = ( GEOMETRIC_REPRESENTATION_CONTEXT(2) 
PARAMETRIC_REPRESENTATION_CONTEXT() REPRESENTATION_CONTEXT('2D SPACE',''
  ) );
#9671 = PCURVE('',#220,#9672);
#9672 = DEFINITIONAL_REPRESENTATION('',(#9673),#9704);
#9673 = B_SPLINE_CURVE_WITH_KNOTS('',8,(#9674,#9675,#9676,#9677,#9678,
    #9679,#9680,#9681,#9682,#9683,#9684,#9685,#9686,#9687,#9688,#9689,
    #9690,#9691,#9692,#9693,#9694,#9695,#9696,#9697,#9698,#9699,#9700,
    #9701,#9702,#9703),.UNSPECIFIED.,.F.,.F.,(9,7,7,7,9),(0.,
    0.249999999999,0.499999999998,0.749999999999,1.),.UNSPECIFIED.);
#9674 = CARTESIAN_POINT('',(3.14159265359,1.966419542638));
#9675 = CARTESIAN_POINT('',(3.043439726489,1.966419542638));
#9676 = CARTESIAN_POINT('',(2.945228491195,1.966419542638));
#9677 = CARTESIAN_POINT('',(2.847049059867,1.966419542638));
#9678 = CARTESIAN_POINT('',(2.74889357189,1.966419542638));
#9679 = CARTESIAN_POINT('',(2.650738083917,1.966419542638));
#9680 = CARTESIAN_POINT('',(2.552558652586,1.966419542638));
#9681 = CARTESIAN_POINT('',(2.454347417294,1.966419542638));
#9682 = CARTESIAN_POINT('',(2.258041563091,1.966419542638));
#9683 = CARTESIAN_POINT('',(2.159830327797,1.966419542638));
#9684 = CARTESIAN_POINT('',(2.061650896471,1.966419542638));
#9685 = CARTESIAN_POINT('',(1.963495408492,1.966419542638));
#9686 = CARTESIAN_POINT('',(1.86533992052,1.966419542638));
#9687 = CARTESIAN_POINT('',(1.767160489189,1.966419542638));
#9688 = CARTESIAN_POINT('',(1.668949253896,1.966419542638));
#9689 = CARTESIAN_POINT('',(1.472643399693,1.966419542638));
#9690 = CARTESIAN_POINT('',(1.374432164403,1.966419542638));
#9691 = CARTESIAN_POINT('',(1.276252733068,1.966419542638));
#9692 = CARTESIAN_POINT('',(1.178097245101,1.966419542638));
#9693 = CARTESIAN_POINT('',(1.079941757118,1.966419542638));
#9694 = CARTESIAN_POINT('',(0.981762325793,1.966419542638));
#9695 = CARTESIAN_POINT('',(0.883551090499,1.966419542638));
#9696 = CARTESIAN_POINT('',(0.687245236296,1.966419542638));
#9697 = CARTESIAN_POINT('',(0.589034001004,1.966419542638));
#9698 = CARTESIAN_POINT('',(0.490854569673,1.966419542638));
#9699 = CARTESIAN_POINT('',(0.3926990817,1.966419542638));
#9700 = CARTESIAN_POINT('',(0.294543593723,1.966419542639));
#9701 = CARTESIAN_POINT('',(0.196364162395,1.966419542638));
#9702 = CARTESIAN_POINT('',(9.81529271013E-02,1.966419542638));
#9703 = CARTESIAN_POINT('',(0.,1.966419542638));
#9704 = ( GEOMETRIC_REPRESENTATION_CONTEXT(2) 
PARAMETRIC_REPRESENTATION_CONTEXT() REPRESENTATION_CONTEXT('2D SPACE',''
  ) );
#9705 = ORIENTED_EDGE('',*,*,#9706,.T.);
#9706 = EDGE_CURVE('',#9601,#9129,#9707,.T.);
#9707 = SEAM_CURVE('',#9708,(#9713,#9720),.PCURVE_S1.);
#9708 = ELLIPSE('',#9709,788.647,394.34);
#9709 = AXIS2_PLACEMENT_3D('',#9710,#9711,#9712);
#9710 = CARTESIAN_POINT('',(0.,0.,0.));
#9711 = DIRECTION('',(-1.224646799147E-16,1.,0.));
#9712 = DIRECTION('',(-1.,-1.224646799147E-16,0.));
#9713 = PCURVE('',#9352,#9714);
#9714 = DEFINITIONAL_REPRESENTATION('',(#9715),#9719);
#9715 = LINE('',#9716,#9717);
#9716 = CARTESIAN_POINT('',(6.28318530718,0.));
#9717 = VECTOR('',#9718,1.);
#9718 = DIRECTION('',(0.,1.));
#9719 = ( GEOMETRIC_REPRESENTATION_CONTEXT(2) 
PARAMETRIC_REPRESENTATION_CONTEXT() REPRESENTATION_CONTEXT('2D SPACE',''
  ) );
#9720 = PCURVE('',#9352,#9721);
#9721 = DEFINITIONAL_REPRESENTATION('',(#9722),#9726);
#9722 = LINE('',#9723,#9724);
#9723 = CARTESIAN_POINT('',(0.,0.));
#9724 = VECTOR('',#9725,1.);
#9725 = DIRECTION('',(0.,1.));
#9726 = ( GEOMETRIC_REPRESENTATION_CONTEXT(2) 
PARAMETRIC_REPRESENTATION_CONTEXT() REPRESENTATION_CONTEXT('2D SPACE',''
  ) );
#9727 = ORIENTED_EDGE('',*,*,#9495,.T.);
#9728 = ORIENTED_EDGE('',*,*,#9126,.T.);
#9729 = ORIENTED_EDGE('',*,*,#9706,.F.);
#9730 = ORIENTED_EDGE('',*,*,#9731,.F.);
#9731 = EDGE_CURVE('',#9603,#9601,#9732,.T.);
#9732 = SURFACE_CURVE('',#9733,(#9811,#9892),.PCURVE_S1.);
#9733 = B_SPLINE_CURVE_WITH_KNOTS('',6,(#9734,#9735,#9736,#9737,#9738,
    #9739,#9740,#9741,#9742,#9743,#9744,#9745,#9746,#9747,#9748,#9749,
    #9750,#9751,#9752,#9753,#9754,#9755,#9756,#9757,#9758,#9759,#9760,
    #9761,#9762,#9763,#9764,#9765,#9766,#9767,#9768,#9769,#9770,#9771,
    #9772,#9773,#9774,#9775,#9776,#9777,#9778,#9779,#9780,#9781,#9782,
    #9783,#9784,#9785,#9786,#9787,#9788,#9789,#9790,#9791,#9792,#9793,
    #9794,#9795,#9796,#9797,#9798,#9799,#9800,#9801,#9802,#9803,#9804,
    #9805,#9806,#9807,#9808,#9809,#9810),.UNSPECIFIED.,.F.,.F.,(7,5,5,5,
    5,5,5,5,5,5,5,5,5,5,5,7),(0.,5.800136330363E-02,0.116002726607,
    0.172004048018,0.230005411322,0.288006774625,0.338007965506,
    0.392009244157,0.448010565567,0.506011928871,0.564013292175,
    0.622014655478,0.676015934129,0.73001721278,0.790018617012,1.),
  .UNSPECIFIED.);
#9734 = CARTESIAN_POINT('',(4.5,-1.7763568394E-15,-394.3335804573));
#9735 = CARTESIAN_POINT('',(4.5,-0.136659185111,-394.3335804573));
#9736 = CARTESIAN_POINT('',(4.495019787035,-0.273318735608,
    -394.3335804573));
#9737 = CARTESIAN_POINT('',(4.485059394646,-0.409750977981,
    -394.3335804573));
#9738 = CARTESIAN_POINT('',(4.470132586118,-0.545729493059,
    -394.3335804573));
#9739 = CARTESIAN_POINT('',(4.450266854474,-0.681029116006,
    -394.3335804573));
#9740 = CARTESIAN_POINT('',(4.400739990484,-0.949822756637,
    -394.3335804573));
#9741 = CARTESIAN_POINT('',(4.371078725719,-1.083317492997,
    -394.3335804573));
#9742 = CARTESIAN_POINT('',(4.336560916922,-1.215686247058,
    -394.3335804573));
#9743 = CARTESIAN_POINT('',(4.297241127987,-1.346708841956,
    -394.3335804573));
#9744 = CARTESIAN_POINT('',(4.253187197964,-1.476168822307,
    -394.3335804573));
#9745 = CARTESIAN_POINT('',(4.157452830087,-1.727135179035,
    -394.3335804573));
#9746 = CARTESIAN_POINT('',(4.106087528444,-1.848762487402,
    -394.3335804573));
#9747 = CARTESIAN_POINT('',(4.050457381228,-1.968543968804,
    -394.3335804573));
#9748 = CARTESIAN_POINT('',(3.990646209252,-2.086293449793,
    -394.3335804573));
#9749 = CARTESIAN_POINT('',(3.926748609051,-2.201829993976,
    -394.3335804573));
#9750 = CARTESIAN_POINT('',(3.788567065396,-2.432166796063,
    -394.3335804573));
#9751 = CARTESIAN_POINT('',(3.71399332458,-2.546793985001,
    -394.3335804573));
#9752 = CARTESIAN_POINT('',(3.635265883442,-2.658664249984,
    -394.3335804573));
#9753 = CARTESIAN_POINT('',(3.552513023336,-2.767590510913,
    -394.3335804573));
#9754 = CARTESIAN_POINT('',(3.465874153957,-2.873393826438,
    -394.3335804573));
#9755 = CARTESIAN_POINT('',(3.285125472718,-3.078412961474,
    -394.3335804573));
#9756 = CARTESIAN_POINT('',(3.19101517759,-3.177629329147,
    -394.3335804573));
#9757 = CARTESIAN_POINT('',(3.093319516307,-3.273381738736,
    -394.3335804573));
#9758 = CARTESIAN_POINT('',(2.992198546546,-3.365509452537,
    -394.3335804573));
#9759 = CARTESIAN_POINT('',(2.887821795305,-3.453861753376,
    -394.3335804573));
#9760 = CARTESIAN_POINT('',(2.687735871008,-3.611087787384,
    -394.3335804573));
#9761 = CARTESIAN_POINT('',(2.592816582408,-3.680967600809,
    -394.3335804573));
#9762 = CARTESIAN_POINT('',(2.49572498552,-3.747847356528,
    -394.3335804573));
#9763 = CARTESIAN_POINT('',(2.396579892524,-3.811643363034,
    -394.3335804573));
#9764 = CARTESIAN_POINT('',(2.295504335368,-3.872278265673,
    -394.3335804573));
#9765 = CARTESIAN_POINT('',(2.081516510025,-3.991676041482,
    -394.3335804573));
#9766 = CARTESIAN_POINT('',(1.968303785992,-4.049901311424,
    -394.3335804573));
#9767 = CARTESIAN_POINT('',(1.853147783827,-4.104267389343,
    -394.3335804573));
#9768 = CARTESIAN_POINT('',(1.736213156373,-4.154694248902,
    -394.3335804573));
#9769 = CARTESIAN_POINT('',(1.617668819149,-4.201111304548,
    -394.3335804573));
#9770 = CARTESIAN_POINT('',(1.373263355892,-4.287371889214,
    -394.3335804573));
#9771 = CARTESIAN_POINT('',(1.247293300847,-4.326908474619,
    -394.3335804573));
#9772 = CARTESIAN_POINT('',(1.119970988995,-4.361999007114,
    -394.3335804573));
#9773 = CARTESIAN_POINT('',(0.991492603644,-4.392586930613,
    -394.3335804573));
#9774 = CARTESIAN_POINT('',(0.862057307643,-4.41862729356,
    -394.3335804573));
#9775 = CARTESIAN_POINT('',(0.597027546282,-4.4623126114,-394.3335804573
    ));
#9776 = CARTESIAN_POINT('',(0.461377520946,-4.479624627157,
    -394.3335804573));
#9777 = CARTESIAN_POINT('',(0.325141815077,-4.491985801129,
    -394.3335804573));
#9778 = CARTESIAN_POINT('',(0.18854607171,-4.499372889182,
    -394.3335804573));
#9779 = CARTESIAN_POINT('',(5.181692921328E-02,-4.501776398126,
    -394.3335804573));
#9780 = CARTESIAN_POINT('',(-0.221452886651,-4.496624773301,
    -394.3335804573));
#9781 = CARTESIAN_POINT('',(-0.35799429066,-4.48906962576,
    -394.3335804573));
#9782 = CARTESIAN_POINT('',(-0.494214558315,-4.476539467916,
    -394.3335804573));
#9783 = CARTESIAN_POINT('',(-0.629887570083,-4.459052328256,
    -394.3335804573));
#9784 = CARTESIAN_POINT('',(-0.764788719329,-4.436639938925,
    -394.3335804573));
#9785 = CARTESIAN_POINT('',(-1.0326011053,-4.382055532534,
    -394.3335804573));
#9786 = CARTESIAN_POINT('',(-1.165513058077,-4.349883369531,
    -394.3335804573));
#9787 = CARTESIAN_POINT('',(-1.297207690305,-4.312876748259,
    -394.3335804573));
#9788 = CARTESIAN_POINT('',(-1.42746589268,-4.27109437291,
    -394.3335804573));
#9789 = CARTESIAN_POINT('',(-1.55607252693,-4.224608150327,
    -394.3335804573));
#9790 = CARTESIAN_POINT('',(-1.800819386636,-4.125922701453,
    -394.3335804573));
#9791 = CARTESIAN_POINT('',(-1.917208213147,-4.074338362687,
    -394.3335804573));
#9792 = CARTESIAN_POINT('',(-2.031812583051,-4.01881887366,
    -394.3335804573));
#9793 = CARTESIAN_POINT('',(-2.144466847693,-3.959442178561,
    -394.3335804573));
#9794 = CARTESIAN_POINT('',(-2.255010032069,-3.896295465814,
    -394.3335804573));
#9795 = CARTESIAN_POINT('',(-2.471561637582,-3.762654870339,
    -394.3335804573));
#9796 = CARTESIAN_POINT('',(-2.577570493762,-3.692160719133,
    -394.3335804573));
#9797 = CARTESIAN_POINT('',(-2.681156124956,-3.618089184298,
    -394.3335804573));
#9798 = CARTESIAN_POINT('',(-2.782168420052,-3.540545058135,
    -394.3335804573));
#9799 = CARTESIAN_POINT('',(-2.880463435227,-3.459641455407,
    -394.3335804573));
#9800 = CARTESIAN_POINT('',(-3.081947763399,-3.282009125621,
    -394.3335804573));
#9801 = CARTESIAN_POINT('',(-3.184467930267,-3.184520360164,
    -394.3335804573));
#9802 = CARTESIAN_POINT('',(-3.283274811025,-3.083200271329,
    -394.3335804573));
#9803 = CARTESIAN_POINT('',(-3.378190832433,-2.978226422363,
    -394.3335804573));
#9804 = CARTESIAN_POINT('',(-3.46904993154,-2.869787185396,
    -394.3335804573));
#9805 = CARTESIAN_POINT('',(-3.858930258062,-2.367156497118,
    -394.3335804573));
#9806 = CARTESIAN_POINT('',(-4.110713532271,-1.936061024778,
    -394.3335804573));
#9807 = CARTESIAN_POINT('',(-4.304085237439,-1.473617750035,
    -394.3335804573));
#9808 = CARTESIAN_POINT('',(-4.434726360354,-0.989696996482,
    -394.3335804573));
#9809 = CARTESIAN_POINT('',(-4.5,-0.494745003447,-394.3335804573));
#9810 = CARTESIAN_POINT('',(-4.5,-8.881784197001E-16,-394.3335804573));
#9811 = PCURVE('',#9352,#9812);
#9812 = DEFINITIONAL_REPRESENTATION('',(#9813),#9891);
#9813 = B_SPLINE_CURVE_WITH_KNOTS('',6,(#9814,#9815,#9816,#9817,#9818,
    #9819,#9820,#9821,#9822,#9823,#9824,#9825,#9826,#9827,#9828,#9829,
    #9830,#9831,#9832,#9833,#9834,#9835,#9836,#9837,#9838,#9839,#9840,
    #9841,#9842,#9843,#9844,#9845,#9846,#9847,#9848,#9849,#9850,#9851,
    #9852,#9853,#9854,#9855,#9856,#9857,#9858,#9859,#9860,#9861,#9862,
    #9863,#9864,#9865,#9866,#9867,#9868,#9869,#9870,#9871,#9872,#9873,
    #9874,#9875,#9876,#9877,#9878,#9879,#9880,#9881,#9882,#9883,#9884,
    #9885,#9886,#9887,#9888,#9889,#9890),.UNSPECIFIED.,.F.,.F.,(7,5,5,5,
    5,5,5,5,5,5,5,5,5,5,5,7),(0.,5.800136330363E-02,0.116002726607,
    0.172004048018,0.230005411322,0.288006774625,0.338007965506,
    0.392009244157,0.448010565567,0.506011928871,0.564013292175,
    0.622014655478,0.676015934129,0.73001721278,0.790018617012,1.),
  .UNSPECIFIED.);
#9814 = CARTESIAN_POINT('',(3.14159265359,4.718094986264));
#9815 = CARTESIAN_POINT('',(3.111223945788,4.718094986264));
#9816 = CARTESIAN_POINT('',(3.080855212566,4.718094986264));
#9817 = CARTESIAN_POINT('',(3.050486466636,4.718094986264));
#9818 = CARTESIAN_POINT('',(3.020117720705,4.718094986264));
#9819 = CARTESIAN_POINT('',(2.989748987484,4.718094986264));
#9820 = CARTESIAN_POINT('',(2.929011571879,4.718094986264));
#9821 = CARTESIAN_POINT('',(2.898642838658,4.718094986264));
#9822 = CARTESIAN_POINT('',(2.868274092728,4.718094986264));
#9823 = CARTESIAN_POINT('',(2.837905346797,4.718094986264));
#9824 = CARTESIAN_POINT('',(2.807536613576,4.718094986264));
#9825 = CARTESIAN_POINT('',(2.747846392112,4.718094986264));
#9826 = CARTESIAN_POINT('',(2.718524857124,4.718094986264));
#9827 = CARTESIAN_POINT('',(2.689203311473,4.718094986264));
#9828 = CARTESIAN_POINT('',(2.659881765822,4.718094986264));
#9829 = CARTESIAN_POINT('',(2.630560230834,4.718094986264));
#9830 = CARTESIAN_POINT('',(2.57087000937,4.718094986264));
#9831 = CARTESIAN_POINT('',(2.540501276149,4.718094986264));
#9832 = CARTESIAN_POINT('',(2.510132530218,4.718094986264));
#9833 = CARTESIAN_POINT('',(2.479763784288,4.718094986264));
#9834 = CARTESIAN_POINT('',(2.449395051067,4.718094986264));
#9835 = CARTESIAN_POINT('',(2.388657635462,4.718094986264));
#9836 = CARTESIAN_POINT('',(2.358288902241,4.718094986264));
#9837 = CARTESIAN_POINT('',(2.32792015631,4.718094986264));
#9838 = CARTESIAN_POINT('',(2.29755141038,4.718094986264));
#9839 = CARTESIAN_POINT('',(2.267182677158,4.718094986264));
#9840 = CARTESIAN_POINT('',(2.210634040659,4.718094986264));
#9841 = CARTESIAN_POINT('',(2.184454099862,4.718094986264));
#9842 = CARTESIAN_POINT('',(2.158274153016,4.718094986264));
#9843 = CARTESIAN_POINT('',(2.13209420617,4.718094986264));
#9844 = CARTESIAN_POINT('',(2.105914265374,4.718094986264));
#9845 = CARTESIAN_POINT('',(2.051460017611,4.718094986264));
#9846 = CARTESIAN_POINT('',(2.023185680765,4.718094986264));
#9847 = CARTESIAN_POINT('',(1.99491133503,4.718094986264));
#9848 = CARTESIAN_POINT('',(1.966636989294,4.718094986264));
#9849 = CARTESIAN_POINT('',(1.938362652448,4.718094986264));
#9850 = CARTESIAN_POINT('',(1.880766819722,4.718094986264));
#9851 = CARTESIAN_POINT('',(1.851445284734,4.718094986264));
#9852 = CARTESIAN_POINT('',(1.822123739082,4.718094986264));
#9853 = CARTESIAN_POINT('',(1.792802193431,4.718094986264));
#9854 = CARTESIAN_POINT('',(1.763480658443,4.718094986264));
#9855 = CARTESIAN_POINT('',(1.703790436979,4.718094986264));
#9856 = CARTESIAN_POINT('',(1.673421703758,4.718094986264));
#9857 = CARTESIAN_POINT('',(1.643052957828,4.718094986264));
#9858 = CARTESIAN_POINT('',(1.612684211897,4.718094986264));
#9859 = CARTESIAN_POINT('',(1.582315478676,4.718094986264));
#9860 = CARTESIAN_POINT('',(1.521578063071,4.718094986264));
#9861 = CARTESIAN_POINT('',(1.49120932985,4.718094986264));
#9862 = CARTESIAN_POINT('',(1.460840583919,4.718094986264));
#9863 = CARTESIAN_POINT('',(1.430471837989,4.718094986264));
#9864 = CARTESIAN_POINT('',(1.400103104768,4.718094986264));
#9865 = CARTESIAN_POINT('',(1.339365689163,4.718094986264));
#9866 = CARTESIAN_POINT('',(1.308996955942,4.718094986264));
#9867 = CARTESIAN_POINT('',(1.278628210011,4.718094986264));
#9868 = CARTESIAN_POINT('',(1.248259464081,4.718094986264));
#9869 = CARTESIAN_POINT('',(1.217890730859,4.718094986264));
#9870 = CARTESIAN_POINT('',(1.159247703991,4.718094986264));
#9871 = CARTESIAN_POINT('',(1.130973367146,4.718094986264));
#9872 = CARTESIAN_POINT('',(1.10269902141,4.718094986264));
#9873 = CARTESIAN_POINT('',(1.074424675675,4.718094986264));
#9874 = CARTESIAN_POINT('',(1.046150338829,4.718094986264));
#9875 = CARTESIAN_POINT('',(0.989601700697,4.718094986264));
#9876 = CARTESIAN_POINT('',(0.961327363852,4.718094986264));
#9877 = CARTESIAN_POINT('',(0.933053018116,4.718094986264));
#9878 = CARTESIAN_POINT('',(0.904778672381,4.718094986264));
#9879 = CARTESIAN_POINT('',(0.876504335535,4.718094986264));
#9880 = CARTESIAN_POINT('',(0.81681411503,4.718094986264));
#9881 = CARTESIAN_POINT('',(0.785398183475,4.718094986264));
#9882 = CARTESIAN_POINT('',(0.753982236862,4.718094986264));
#9883 = CARTESIAN_POINT('',(0.722566290248,4.718094986264));
#9884 = CARTESIAN_POINT('',(0.691150358693,4.718094986264));
#9885 = CARTESIAN_POINT('',(0.549791123155,4.718094986264));
#9886 = CARTESIAN_POINT('',(0.439802947665,4.718094986264));
#9887 = CARTESIAN_POINT('',(0.329867228627,4.718094986264));
#9888 = CARTESIAN_POINT('',(0.219931509589,4.718094986264));
#9889 = CARTESIAN_POINT('',(0.109943334099,4.718094986264));
#9890 = CARTESIAN_POINT('',(0.,4.718094986264));
#9891 = ( GEOMETRIC_REPRESENTATION_CONTEXT(2) 
PARAMETRIC_REPRESENTATION_CONTEXT() REPRESENTATION_CONTEXT('2D SPACE',''
  ) );
#9892 = PCURVE('',#220,#9893);
#9893 = DEFINITIONAL_REPRESENTATION('',(#9894),#9972);
#9894 = B_SPLINE_CURVE_WITH_KNOTS('',6,(#9895,#9896,#9897,#9898,#9899,
    #9900,#9901,#9902,#9903,#9904,#9905,#9906,#9907,#9908,#9909,#9910,
    #9911,#9912,#9913,#9914,#9915,#9916,#9917,#9918,#9919,#9920,#9921,
    #9922,#9923,#9924,#9925,#9926,#9927,#9928,#9929,#9930,#9931,#9932,
    #9933,#9934,#9935,#9936,#9937,#9938,#9939,#9940,#9941,#9942,#9943,
    #9944,#9945,#9946,#9947,#9948,#9949,#9950,#9951,#9952,#9953,#9954,
    #9955,#9956,#9957,#9958,#9959,#9960,#9961,#9962,#9963,#9964,#9965,
    #9966,#9967,#9968,#9969,#9970,#9971),.UNSPECIFIED.,.F.,.F.,(7,5,5,5,
    5,5,5,5,5,5,5,5,5,5,5,7),(0.,5.800136330363E-02,0.116002726607,
    0.172004048018,0.230005411322,0.288006774625,0.338007965506,
    0.392009244157,0.448010565567,0.506011928871,0.564013292175,
    0.622014655478,0.676015934129,0.73001721278,0.790018617012,1.),
  .UNSPECIFIED.);
#9895 = CARTESIAN_POINT('',(6.28318530718,1.966419542638));
#9896 = CARTESIAN_POINT('',(6.252816599377,1.966419542638));
#9897 = CARTESIAN_POINT('',(6.222447866156,1.966419542638));
#9898 = CARTESIAN_POINT('',(6.192079120226,1.966419542638));
#9899 = CARTESIAN_POINT('',(6.161710374295,1.966419542638));
#9900 = CARTESIAN_POINT('',(6.131341641074,1.966419542638));
#9901 = CARTESIAN_POINT('',(6.070604225469,1.966419542638));
#9902 = CARTESIAN_POINT('',(6.040235492248,1.966419542638));
#9903 = CARTESIAN_POINT('',(6.009866746317,1.966419542638));
#9904 = CARTESIAN_POINT('',(5.979498000387,1.966419542638));
#9905 = CARTESIAN_POINT('',(5.949129267166,1.966419542638));
#9906 = CARTESIAN_POINT('',(5.889439045702,1.966419542638));
#9907 = CARTESIAN_POINT('',(5.860117510714,1.966419542638));
#9908 = CARTESIAN_POINT('',(5.830795965063,1.966419542638));
#9909 = CARTESIAN_POINT('',(5.801474419411,1.966419542638));
#9910 = CARTESIAN_POINT('',(5.772152884423,1.966419542638));
#9911 = CARTESIAN_POINT('',(5.71246266296,1.966419542638));
#9912 = CARTESIAN_POINT('',(5.682093929739,1.966419542638));
#9913 = CARTESIAN_POINT('',(5.651725183808,1.966419542638));
#9914 = CARTESIAN_POINT('',(5.621356437878,1.966419542638));
#9915 = CARTESIAN_POINT('',(5.590987704656,1.966419542638));
#9916 = CARTESIAN_POINT('',(5.530250289052,1.966419542638));
#9917 = CARTESIAN_POINT('',(5.49988155583,1.966419542638));
#9918 = CARTESIAN_POINT('',(5.4695128099,1.966419542638));
#9919 = CARTESIAN_POINT('',(5.439144063969,1.966419542638));
#9920 = CARTESIAN_POINT('',(5.408775330748,1.966419542638));
#9921 = CARTESIAN_POINT('',(5.352226694249,1.966419542638));
#9922 = CARTESIAN_POINT('',(5.326046753452,1.966419542638));
#9923 = CARTESIAN_POINT('',(5.299866806606,1.966419542638));
#9924 = CARTESIAN_POINT('',(5.27368685976,1.966419542638));
#9925 = CARTESIAN_POINT('',(5.247506918963,1.966419542638));
#9926 = CARTESIAN_POINT('',(5.193052671201,1.966419542638));
#9927 = CARTESIAN_POINT('',(5.164778334355,1.966419542638));
#9928 = CARTESIAN_POINT('',(5.136503988619,1.966419542638));
#9929 = CARTESIAN_POINT('',(5.108229642884,1.966419542638));
#9930 = CARTESIAN_POINT('',(5.079955306038,1.966419542638));
#9931 = CARTESIAN_POINT('',(5.022359473311,1.966419542638));
#9932 = CARTESIAN_POINT('',(4.993037938323,1.966419542638));
#9933 = CARTESIAN_POINT('',(4.963716392672,1.966419542638));
#9934 = CARTESIAN_POINT('',(4.934394847021,1.966419542638));
#9935 = CARTESIAN_POINT('',(4.905073312033,1.966419542638));
#9936 = CARTESIAN_POINT('',(4.845383090569,1.966419542638));
#9937 = CARTESIAN_POINT('',(4.815014357348,1.966419542638));
#9938 = CARTESIAN_POINT('',(4.784645611417,1.966419542638));
#9939 = CARTESIAN_POINT('',(4.754276865487,1.966419542638));
#9940 = CARTESIAN_POINT('',(4.723908132266,1.966419542638));
#9941 = CARTESIAN_POINT('',(4.663170716661,1.966419542638));
#9942 = CARTESIAN_POINT('',(4.63280198344,1.966419542638));
#9943 = CARTESIAN_POINT('',(4.602433237509,1.966419542638));
#9944 = CARTESIAN_POINT('',(4.572064491579,1.966419542638));
#9945 = CARTESIAN_POINT('',(4.541695758357,1.966419542638));
#9946 = CARTESIAN_POINT('',(4.480958342753,1.966419542638));
#9947 = CARTESIAN_POINT('',(4.450589609531,1.966419542638));
#9948 = CARTESIAN_POINT('',(4.420220863601,1.966419542638));
#9949 = CARTESIAN_POINT('',(4.38985211767,1.966419542638));
#9950 = CARTESIAN_POINT('',(4.359483384449,1.966419542638));
#9951 = CARTESIAN_POINT('',(4.300840357581,1.966419542638));
#9952 = CARTESIAN_POINT('',(4.272566020735,1.966419542638));
#9953 = CARTESIAN_POINT('',(4.244291675,1.966419542638));
#9954 = CARTESIAN_POINT('',(4.216017329264,1.966419542638));
#9955 = CARTESIAN_POINT('',(4.187742992419,1.966419542638));
#9956 = CARTESIAN_POINT('',(4.131194354287,1.966419542638));
#9957 = CARTESIAN_POINT('',(4.102920017442,1.966419542638));
#9958 = CARTESIAN_POINT('',(4.074645671706,1.966419542638));
#9959 = CARTESIAN_POINT('',(4.046371325971,1.966419542638));
#9960 = CARTESIAN_POINT('',(4.018096989125,1.966419542638));
#9961 = CARTESIAN_POINT('',(3.95840676862,1.966419542638));
#9962 = CARTESIAN_POINT('',(3.926990837065,1.966419542638));
#9963 = CARTESIAN_POINT('',(3.895574890451,1.966419542638));
#9964 = CARTESIAN_POINT('',(3.864158943838,1.966419542638));
#9965 = CARTESIAN_POINT('',(3.832743012283,1.966419542638));
#9966 = CARTESIAN_POINT('',(3.691383776745,1.966419542638));
#9967 = CARTESIAN_POINT('',(3.581395601255,1.966419542638));
#9968 = CARTESIAN_POINT('',(3.471459882217,1.966419542638));
#9969 = CARTESIAN_POINT('',(3.361524163179,1.966419542638));
#9970 = CARTESIAN_POINT('',(3.251535987689,1.966419542638));
#9971 = CARTESIAN_POINT('',(3.14159265359,1.966419542638));
#9972 = ( GEOMETRIC_REPRESENTATION_CONTEXT(2) 
PARAMETRIC_REPRESENTATION_CONTEXT() REPRESENTATION_CONTEXT('2D SPACE',''
  ) );
#9973 = FACE_BOUND('',#9974,.F.);
#9974 = EDGE_LOOP('',(#9975,#10051));
#9975 = ORIENTED_EDGE('',*,*,#9976,.T.);
#9976 = EDGE_CURVE('',#9977,#9979,#9981,.T.);
#9977 = VERTEX_POINT('',#9978);
#9978 = CARTESIAN_POINT('',(-6.3,-8.,-394.3071276689));
#9979 = VERTEX_POINT('',#9980);
#9980 = CARTESIAN_POINT('',(-7.908113767335,-6.302485075103,
    -394.3075811661));
#9981 = SURFACE_CURVE('',#9982,(#10003,#10027),.PCURVE_S1.);
#9982 = B_SPLINE_CURVE_WITH_KNOTS('',7,(#9983,#9984,#9985,#9986,#9987,
    #9988,#9989,#9990,#9991,#9992,#9993,#9994,#9995,#9996,#9997,#9998,
    #9999,#10000,#10001,#10002),.UNSPECIFIED.,.F.,.F.,(8,6,6,8),(0.,
    0.210273847212,0.72332804853,1.),.UNSPECIFIED.);
#9983 = CARTESIAN_POINT('',(-6.3,-8.,-394.3071276689));
#9984 = CARTESIAN_POINT('',(-6.3,-7.922425211968,-394.3075211758));
#9985 = CARTESIAN_POINT('',(-6.304129982137,-7.844866335768,
    -394.3078936517));
#9986 = CARTESIAN_POINT('',(-6.312386559154,-7.767590521903,
    -394.3082437587));
#9987 = CARTESIAN_POINT('',(-6.324744979905,-7.69086140389,
    -394.3085702852));
#9988 = CARTESIAN_POINT('',(-6.34115960765,-7.614938502956,
    -394.3088721464));
#9989 = CARTESIAN_POINT('',(-6.361564398352,-7.54007663274,
    -394.3091483846));
#9990 = CARTESIAN_POINT('',(-6.44518567483,-7.287064953918,
    -394.3100076316));
#9991 = CARTESIAN_POINT('',(-6.527768149003,-7.115322787971,
    -394.3104599005));
#9992 = CARTESIAN_POINT('',(-6.632366296005,-6.955048590633,
    -394.3107423207));
#9993 = CARTESIAN_POINT('',(-6.757004440939,-6.809501582457,
    -394.3108483822));
#9994 = CARTESIAN_POINT('',(-6.899239251494,-6.681517671059,
    -394.3107760937));
#9995 = CARTESIAN_POINT('',(-7.056147405542,-6.573528262767,
    -394.3105279503));
#9996 = CARTESIAN_POINT('',(-7.314859555415,-6.440846913785,
    -394.3098886497));
#9997 = CARTESIAN_POINT('',(-7.408771973672,-6.400686090206,
    -394.3096159905));
#9998 = CARTESIAN_POINT('',(-7.505428306443,-6.367128735988,
    -394.3092959159));
#9999 = CARTESIAN_POINT('',(-7.604273988643,-6.340395490057,
    -394.3089301193));
#10000 = CARTESIAN_POINT('',(-7.704734580999,-6.32065076428,
    -394.3085206807));
#10001 = CARTESIAN_POINT('',(-7.806217708437,-6.308000693752,
    -394.3080700662));
#10002 = CARTESIAN_POINT('',(-7.908113767335,-6.302485075103,
    -394.3075811661));
#10003 = PCURVE('',#9352,#10004);
#10004 = DEFINITIONAL_REPRESENTATION('',(#10005),#10026);
#10005 = B_SPLINE_CURVE_WITH_KNOTS('',7,(#10006,#10007,#10008,#10009,
    #10010,#10011,#10012,#10013,#10014,#10015,#10016,#10017,#10018,
    #10019,#10020,#10021,#10022,#10023,#10024,#10025),.UNSPECIFIED.,.F.,
  .F.,(8,6,6,8),(0.,0.210273847212,0.72332804853,1.),.UNSPECIFIED.);
#10006 = CARTESIAN_POINT('',(0.903723945903,4.725301109184));
#10007 = CARTESIAN_POINT('',(0.899010654702,4.725223824098));
#10008 = CARTESIAN_POINT('',(0.893913889867,4.725150129891));
#10009 = CARTESIAN_POINT('',(0.888445750711,4.72508037945));
#10010 = CARTESIAN_POINT('',(0.88262259753,4.725014909719));
#10011 = CARTESIAN_POINT('',(0.876465137779,4.724954036363));
#10012 = CARTESIAN_POINT('',(0.869998512246,4.724898048419));
#10013 = CARTESIAN_POINT('',(0.846792270247,4.724723143377));
#10014 = CARTESIAN_POINT('',(0.828660313479,4.724629640341));
#10015 = CARTESIAN_POINT('',(0.809294337116,4.724570545714));
#10016 = CARTESIAN_POINT('',(0.78926522816,4.724548267606));
#10017 = CARTESIAN_POINT('',(0.769245453136,4.724563561644));
#10018 = CARTESIAN_POINT('',(0.749878421082,4.724615365957));
#10019 = CARTESIAN_POINT('',(0.721908385987,4.724747045716));
#10020 = CARTESIAN_POINT('',(0.712454160437,4.724803004889));
#10021 = CARTESIAN_POINT('',(0.703428706097,4.724868374407));
#10022 = CARTESIAN_POINT('',(0.694905390623,4.724942611608));
#10023 = CARTESIAN_POINT('',(0.686944746917,4.725025074579));
#10024 = CARTESIAN_POINT('',(0.679593842153,4.725115042995));
#10025 = CARTESIAN_POINT('',(0.672887218478,4.725211732634));
#10026 = ( GEOMETRIC_REPRESENTATION_CONTEXT(2) 
PARAMETRIC_REPRESENTATION_CONTEXT() REPRESENTATION_CONTEXT('2D SPACE',''
  ) );
#10027 = PCURVE('',#1096,#10028);
#10028 = DEFINITIONAL_REPRESENTATION('',(#10029),#10050);
#10029 = B_SPLINE_CURVE_WITH_KNOTS('',7,(#10030,#10031,#10032,#10033,
    #10034,#10035,#10036,#10037,#10038,#10039,#10040,#10041,#10042,
    #10043,#10044,#10045,#10046,#10047,#10048,#10049),.UNSPECIFIED.,.F.,
  .F.,(8,6,6,8),(0.,0.210273847212,0.72332804853,1.),.UNSPECIFIED.);
#10030 = CARTESIAN_POINT('',(0.,1.992872331019));
#10031 = CARTESIAN_POINT('',(4.56322282542E-02,1.992478824157));
#10032 = CARTESIAN_POINT('',(9.125509371543E-02,1.992106348268));
#10033 = CARTESIAN_POINT('',(0.136866666617,1.991756241233));
#10034 = CARTESIAN_POINT('',(0.182466731655,1.991429714718));
#10035 = CARTESIAN_POINT('',(0.22805584576,1.991127853589));
#10036 = CARTESIAN_POINT('',(0.273634395868,1.990851615317));
#10037 = CARTESIAN_POINT('',(0.430382742327,1.989992368344));
#10038 = CARTESIAN_POINT('',(0.541548601329,1.989540099454));
#10039 = CARTESIAN_POINT('',(0.652617976158,1.989257679213));
#10040 = CARTESIAN_POINT('',(0.76364755836,1.989151617751));
#10041 = CARTESIAN_POINT('',(0.874691227587,1.989223906217));
#10042 = CARTESIAN_POINT('',(0.985807508001,1.989472049684));
#10043 = CARTESIAN_POINT('',(1.156837682862,1.990111350296));
#10044 = CARTESIAN_POINT('',(1.216773403051,1.990384009407));
#10045 = CARTESIAN_POINT('',(1.276724230063,1.990704084083));
#10046 = CARTESIAN_POINT('',(1.336692549767,1.991069880607));
#10047 = CARTESIAN_POINT('',(1.396681773976,1.991479319258));
#10048 = CARTESIAN_POINT('',(1.456692643411,1.991929933733));
#10049 = CARTESIAN_POINT('',(1.516719249011,1.992418833825));
#10050 = ( GEOMETRIC_REPRESENTATION_CONTEXT(2) 
PARAMETRIC_REPRESENTATION_CONTEXT() REPRESENTATION_CONTEXT('2D SPACE',''
  ) );
#10051 = ORIENTED_EDGE('',*,*,#10052,.T.);
#10052 = EDGE_CURVE('',#9979,#9977,#10053,.T.);
#10053 = SURFACE_CURVE('',#10054,(#10141,#10231),.PCURVE_S1.);
#10054 = B_SPLINE_CURVE_WITH_KNOTS('',8,(#10055,#10056,#10057,#10058,
    #10059,#10060,#10061,#10062,#10063,#10064,#10065,#10066,#10067,
    #10068,#10069,#10070,#10071,#10072,#10073,#10074,#10075,#10076,
    #10077,#10078,#10079,#10080,#10081,#10082,#10083,#10084,#10085,
    #10086,#10087,#10088,#10089,#10090,#10091,#10092,#10093,#10094,
    #10095,#10096,#10097,#10098,#10099,#10100,#10101,#10102,#10103,
    #10104,#10105,#10106,#10107,#10108,#10109,#10110,#10111,#10112,
    #10113,#10114,#10115,#10116,#10117,#10118,#10119,#10120,#10121,
    #10122,#10123,#10124,#10125,#10126,#10127,#10128,#10129,#10130,
    #10131,#10132,#10133,#10134,#10135,#10136,#10137,#10138,#10139,
    #10140),.UNSPECIFIED.,.F.,.F.,(9,7,7,7,7,7,7,7,7,7,7,7,9),(0.,
    0.10544077783,0.174285114885,0.208788726807,0.27012917567,
    0.334311109823,0.453936223007,0.67862162999,0.74362650725,
    0.804109674194,0.838113311991,0.90693753542,1.),.UNSPECIFIED.);
#10055 = CARTESIAN_POINT('',(-7.908113767335,-6.302485075103,
    -394.3075811661));
#10056 = CARTESIAN_POINT('',(-8.014666646541,-6.296717383458,
    -394.3070699225));
#10057 = CARTESIAN_POINT('',(-8.121676979837,-6.298591132606,
    -394.3065175956));
#10058 = CARTESIAN_POINT('',(-8.228488299424,-6.308152758575,
    -394.3059272796));
#10059 = CARTESIAN_POINT('',(-8.334451702119,-6.325377262799,
    -394.3053023929));
#10060 = CARTESIAN_POINT('',(-8.438927020913,-6.350175095303,
    -394.3046466367));
#10061 = CARTESIAN_POINT('',(-8.541284969848,-6.382394488975,
    -394.3039639729));
#10062 = CARTESIAN_POINT('',(-8.640910262201,-6.42181924495,
    -394.3032586192));
#10063 = CARTESIAN_POINT('',(-8.800078869751,-6.498420036088,
    -394.3020626384));
#10064 = CARTESIAN_POINT('',(-8.861537293654,-6.531629642288,
    -394.3015824179));
#10065 = CARTESIAN_POINT('',(-8.921416650532,-6.567712351954,
    -394.3010956325));
#10066 = CARTESIAN_POINT('',(-8.979559208515,-6.606579499568,
    -394.300603532));
#10067 = CARTESIAN_POINT('',(-9.03581404522,-6.648132402573,
    -394.3001073827));
#10068 = CARTESIAN_POINT('',(-9.090037265939,-6.692262574123,
    -394.2996084647));
#10069 = CARTESIAN_POINT('',(-9.142092221837,-6.73885193583,
    -394.2991080701));
#10070 = CARTESIAN_POINT('',(-9.216787344809,-6.812291451902,
    -394.2983566242));
#10071 = CARTESIAN_POINT('',(-9.241148103612,-6.837395766732,
    -394.2981057015));
#10072 = CARTESIAN_POINT('',(-9.264915841901,-6.863070003462,
    -394.2978548957));
#10073 = CARTESIAN_POINT('',(-9.288074975343,-6.889297707153,
    -394.2976043694));
#10074 = CARTESIAN_POINT('',(-9.310610497918,-6.916061939473,
    -394.2973542847));
#10075 = CARTESIAN_POINT('',(-9.33250798192,-6.943345278699,
    -394.2971048032));
#10076 = CARTESIAN_POINT('',(-9.353753577953,-6.971129819713,
    -394.2968560858));
#10077 = CARTESIAN_POINT('',(-9.410921872615,-7.049650817144,
    -394.2961677682));
#10078 = CARTESIAN_POINT('',(-9.445407838777,-7.101431020799,
    -394.2957301611));
#10079 = CARTESIAN_POINT('',(-9.47771710961,-7.154634071223,
    -394.2952963775));
#10080 = CARTESIAN_POINT('',(-9.50778145744,-7.209152598321,
    -394.2948673082));
#10081 = CARTESIAN_POINT('',(-9.535539277125,-7.264875729439,
    -394.2944438283));
#10082 = CARTESIAN_POINT('',(-9.560935632456,-7.321689243154,
    -394.2940267957));
#10083 = CARTESIAN_POINT('',(-9.583922302551,-7.379475723063,
    -394.2936170508));
#10084 = CARTESIAN_POINT('',(-9.625944625021,-7.499470045099,
    -394.2927951741));
#10085 = CARTESIAN_POINT('',(-9.644748366251,-7.561759968903,
    -394.2923838023));
#10086 = CARTESIAN_POINT('',(-9.660821645697,-7.624846430587,
    -394.2919822404));
#10087 = CARTESIAN_POINT('',(-9.674125770781,-7.68858950494,
    -394.2915913946));
#10088 = CARTESIAN_POINT('',(-9.684630768368,-7.752847592403,
    -394.2912121352));
#10089 = CARTESIAN_POINT('',(-9.692315390545,-7.817477617529,
    -394.290845296));
#10090 = CARTESIAN_POINT('',(-9.6971671204,-7.882335227461,
    -394.2904916726));
#10091 = CARTESIAN_POINT('',(-9.70293793046,-8.068312578188,
    -394.2895189665));
#10092 = CARTESIAN_POINT('',(-9.696839997823,-8.189652874966,
    -394.2889343603));
#10093 = CARTESIAN_POINT('',(-9.680859799492,-8.310337965322,
    -394.2884032081));
#10094 = CARTESIAN_POINT('',(-9.655085209445,-8.42943139067,
    -394.2879298148));
#10095 = CARTESIAN_POINT('',(-9.619705813349,-8.546019222885,
    -394.2875178554));
#10096 = CARTESIAN_POINT('',(-9.575007123152,-8.659213323009,
    -394.2871703871));
#10097 = CARTESIAN_POINT('',(-9.521373748972,-8.768156785008,
    -394.286889806));
#10098 = CARTESIAN_POINT('',(-9.342714619353,-9.067133968266,
    -394.2862794475));
#10099 = CARTESIAN_POINT('',(-9.196114591763,-9.24476047702,
    -394.2861220535));
#10100 = CARTESIAN_POINT('',(-9.022824556178,-9.398945789598,
    -394.2862189695));
#10101 = CARTESIAN_POINT('',(-8.827404021884,-9.525257297848,
    -394.2865695518));
#10102 = CARTESIAN_POINT('',(-8.614958408012,-9.620207058112,
    -394.2871655943));
#10103 = CARTESIAN_POINT('',(-8.391187981618,-9.681408509665,
    -394.2879902854));
#10104 = CARTESIAN_POINT('',(-8.162274280142,-9.707459971433,
    -394.2890193753));
#10105 = CARTESIAN_POINT('',(-7.869180550018,-9.696236458144,
    -394.2905631251));
#10106 = CARTESIAN_POINT('',(-7.803517329202,-9.690807640804,
    -394.2909237626));
#10107 = CARTESIAN_POINT('',(-7.738110664716,-9.682473525848,
    -394.2912978363));
#10108 = CARTESIAN_POINT('',(-7.673110528078,-9.671248331637,
    -394.2916845133));
#10109 = CARTESIAN_POINT('',(-7.60866546427,-9.657155460692,
    -394.2920829212));
#10110 = CARTESIAN_POINT('',(-7.544922379364,-9.64022749171,
    -394.2924921496));
#10111 = CARTESIAN_POINT('',(-7.482026328153,-9.620506171565,
    -394.2929112507));
#10112 = CARTESIAN_POINT('',(-7.36252043105,-9.577141212519,
    -394.2937374604));
#10113 = CARTESIAN_POINT('',(-7.305776517921,-9.553865432584,
    -394.294143383));
#10114 = CARTESIAN_POINT('',(-7.250003644084,-9.528256129809,
    -394.2945562168));
#10115 = CARTESIAN_POINT('',(-7.19531395009,-9.50036073624,
    -394.2949751521));
#10116 = CARTESIAN_POINT('',(-7.141816492496,-9.470233009346,
    -394.2953993631));
#10117 = CARTESIAN_POINT('',(-7.089617101006,-9.437932987686,
    -394.2958280084));
#10118 = CARTESIAN_POINT('',(-7.038818235609,-9.403526946577,
    -394.2962602318));
#10119 = CARTESIAN_POINT('',(-6.961802724506,-9.346601013865,
    -394.2969396829));
#10120 = CARTESIAN_POINT('',(-6.934560366445,-9.325471815762,
    -394.2971850594));
#10121 = CARTESIAN_POINT('',(-6.907809286965,-9.303712596649,
    -394.2974311395));
#10122 = CARTESIAN_POINT('',(-6.881566543714,-9.281336736901,
    -394.2976777689));
#10123 = CARTESIAN_POINT('',(-6.855848734559,-9.25835816007,
    -394.2979247926));
#10124 = CARTESIAN_POINT('',(-6.830671997582,-9.234791332882,
    -394.2981720555));
#10125 = CARTESIAN_POINT('',(-6.80605201109,-9.210651265239,
    -394.2984194019));
#10126 = CARTESIAN_POINT('',(-6.733330197627,-9.135964629033,
    -394.2991671639));
#10127 = CARTESIAN_POINT('',(-6.686998718647,-9.083690104355,
    -394.299667364));
#10128 = CARTESIAN_POINT('',(-6.643136437745,-9.029259785181,
    -394.3001659735));
#10129 = CARTESIAN_POINT('',(-6.601860764044,-8.972810918651,
    -394.3006617007));
#10130 = CARTESIAN_POINT('',(-6.563279438502,-8.914487916929,
    -394.3011532666));
#10131 = CARTESIAN_POINT('',(-6.527490337706,-8.854442124081,
    -394.3016394068));
#10132 = CARTESIAN_POINT('',(-6.494581277671,-8.792831582955,
    -394.3021188743));
#10133 = CARTESIAN_POINT('',(-6.424130171589,-8.644619135065,
    -394.3032280826));
#10134 = CARTESIAN_POINT('',(-6.389034950113,-8.556850904665,
    -394.3038513273));
#10135 = CARTESIAN_POINT('',(-6.359538444919,-8.466926075938,
    -394.3044571102));
#10136 = CARTESIAN_POINT('',(-6.335792756241,-8.375266097666,
    -394.305042522));
#10137 = CARTESIAN_POINT('',(-6.317910956825,-8.282301760325,
    -394.3056048039));
#10138 = CARTESIAN_POINT('',(-6.30596808974,-8.188471566864,
    -394.3061413512));
#10139 = CARTESIAN_POINT('',(-6.3,-8.094220616284,-394.3066497242));
#10140 = CARTESIAN_POINT('',(-6.3,-8.,-394.3071276689));
#10141 = PCURVE('',#9352,#10142);
#10142 = DEFINITIONAL_REPRESENTATION('',(#10143),#10230);
#10143 = B_SPLINE_CURVE_WITH_KNOTS('',8,(#10144,#10145,#10146,#10147,
    #10148,#10149,#10150,#10151,#10152,#10153,#10154,#10155,#10156,
    #10157,#10158,#10159,#10160,#10161,#10162,#10163,#10164,#10165,
    #10166,#10167,#10168,#10169,#10170,#10171,#10172,#10173,#10174,
    #10175,#10176,#10177,#10178,#10179,#10180,#10181,#10182,#10183,
    #10184,#10185,#10186,#10187,#10188,#10189,#10190,#10191,#10192,
    #10193,#10194,#10195,#10196,#10197,#10198,#10199,#10200,#10201,
    #10202,#10203,#10204,#10205,#10206,#10207,#10208,#10209,#10210,
    #10211,#10212,#10213,#10214,#10215,#10216,#10217,#10218,#10219,
    #10220,#10221,#10222,#10223,#10224,#10225,#10226,#10227,#10228,
    #10229),.UNSPECIFIED.,.F.,.F.,(9,7,7,7,7,7,7,7,7,7,7,7,9),(0.,
    0.10544077783,0.174285114885,0.208788726807,0.27012917567,
    0.334311109823,0.453936223007,0.67862162999,0.74362650725,
    0.804109674194,0.838113311991,0.90693753542,1.),.UNSPECIFIED.);
#10144 = CARTESIAN_POINT('',(0.672887218478,4.725211732634));
#10145 = CARTESIAN_POINT('',(0.665874090884,4.725312841151));
#10146 = CARTESIAN_POINT('',(0.659550084697,4.725421163623));
#10147 = CARTESIAN_POINT('',(0.653952850082,4.725535860502));
#10148 = CARTESIAN_POINT('',(0.649105057832,4.725656047982));
#10149 = CARTESIAN_POINT('',(0.645016809603,4.725780822624));
#10150 = CARTESIAN_POINT('',(0.641687775347,4.725909277612));
#10151 = CARTESIAN_POINT('',(0.639109057931,4.726040510646));
#10152 = CARTESIAN_POINT('',(0.636060623203,4.72626053543));
#10153 = CARTESIAN_POINT('',(0.635169475087,4.726348255504));
#10154 = CARTESIAN_POINT('',(0.634586894335,4.72643653661));
#10155 = CARTESIAN_POINT('',(0.634307206374,4.726525138272));
#10156 = CARTESIAN_POINT('',(0.634323700613,4.726613826648));
#10157 = CARTESIAN_POINT('',(0.634628822743,4.726702374552));
#10158 = CARTESIAN_POINT('',(0.635214367026,4.726790561475));
#10159 = CARTESIAN_POINT('',(0.636501333577,4.726922083316));
#10160 = CARTESIAN_POINT('',(0.636999263172,4.726965848986));
#10161 = CARTESIAN_POINT('',(0.637564356182,4.727009443884));
#10162 = CARTESIAN_POINT('',(0.638195488546,4.727052841821));
#10163 = CARTESIAN_POINT('',(0.638891513343,4.727096017152));
#10164 = CARTESIAN_POINT('',(0.639651260794,4.727138944773));
#10165 = CARTESIAN_POINT('',(0.640473538259,4.727181600126));
#10166 = CARTESIAN_POINT('',(0.642927978208,4.727299265057));
#10167 = CARTESIAN_POINT('',(0.644692648672,4.727373635258));
#10168 = CARTESIAN_POINT('',(0.646644320895,4.727446933996));
#10169 = CARTESIAN_POINT('',(0.648776061641,4.727519032072));
#10170 = CARTESIAN_POINT('',(0.651080851984,4.727589806493));
#10171 = CARTESIAN_POINT('',(0.653551614105,4.727659140076));
#10172 = CARTESIAN_POINT('',(0.656181238096,4.727726921055));
#10173 = CARTESIAN_POINT('',(0.661872821377,4.72786222727));
#10174 = CARTESIAN_POINT('',(0.664949224659,4.72792959663));
#10175 = CARTESIAN_POINT('',(0.668183640068,4.727995028521));
#10176 = CARTESIAN_POINT('',(0.67156796185,4.728058408658));
#10177 = CARTESIAN_POINT('',(0.675094148891,4.728119630202));
#10178 = CARTESIAN_POINT('',(0.678754216585,4.728178593258));
#10179 = CARTESIAN_POINT('',(0.682540228692,4.728235204361));
#10180 = CARTESIAN_POINT('',(0.693720848999,4.728390343421));
#10181 = CARTESIAN_POINT('',(0.701408525157,4.728482850858));
#10182 = CARTESIAN_POINT('',(0.709455306034,4.728566315161));
#10183 = CARTESIAN_POINT('',(0.717811186831,4.728640262671));
#10184 = CARTESIAN_POINT('',(0.726427980187,4.728704303808));
#10185 = CARTESIAN_POINT('',(0.735258679208,4.728758119914));
#10186 = CARTESIAN_POINT('',(0.744256372932,4.728801462346));
#10187 = CARTESIAN_POINT('',(0.770495447071,4.728895585193));
#10188 = CARTESIAN_POINT('',(0.788072330088,4.728919594586));
#10189 = CARTESIAN_POINT('',(0.805749248281,4.728904684109));
#10190 = CARTESIAN_POINT('',(0.823224981089,4.728851069551));
#10191 = CARTESIAN_POINT('',(0.840209940461,4.728759540556));
#10192 = CARTESIAN_POINT('',(0.856409398999,4.728631757364));
#10193 = CARTESIAN_POINT('',(0.87149063285,4.728470145023));
#10194 = CARTESIAN_POINT('',(0.889026130139,4.72822376901));
#10195 = CARTESIAN_POINT('',(0.892838713291,4.728165992944));
#10196 = CARTESIAN_POINT('',(0.896520793397,4.728105818076));
#10197 = CARTESIAN_POINT('',(0.900064109596,4.728043342503));
#10198 = CARTESIAN_POINT('',(0.903460351413,4.727978671099));
#10199 = CARTESIAN_POINT('',(0.90670115118,4.727911916051));
#10200 = CARTESIAN_POINT('',(0.909778076458,4.727843197406));
#10201 = CARTESIAN_POINT('',(0.915385129539,4.727706997499));
#10202 = CARTESIAN_POINT('',(0.917938457258,4.727639761397));
#10203 = CARTESIAN_POINT('',(0.920335780568,4.727571038752));
#10204 = CARTESIAN_POINT('',(0.92257028257,4.727500937769));
#10205 = CARTESIAN_POINT('',(0.924635180708,4.727429571776));
#10206 = CARTESIAN_POINT('',(0.926523752957,4.72735705959));
#10207 = CARTESIAN_POINT('',(0.928229364009,4.727283525888));
#10208 = CARTESIAN_POINT('',(0.930597858352,4.727167260221));
#10209 = CARTESIAN_POINT('',(0.931390345336,4.727125137146));
#10210 = CARTESIAN_POINT('',(0.93212179179,4.727082755465));
#10211 = CARTESIAN_POINT('',(0.932791059211,4.727040138808));
#10212 = CARTESIAN_POINT('',(0.933397031226,4.726997311314));
#10213 = CARTESIAN_POINT('',(0.933938613583,4.726954297632));
#10214 = CARTESIAN_POINT('',(0.93441473416,4.726911122926));
#10215 = CARTESIAN_POINT('',(0.935653401534,4.726780152208));
#10216 = CARTESIAN_POINT('',(0.936209996479,4.72669193557));
#10217 = CARTESIAN_POINT('',(0.936485500728,4.726603377438));
#10218 = CARTESIAN_POINT('',(0.936471757473,4.726514698904));
#10219 = CARTESIAN_POINT('',(0.936161272117,4.726426127629));
#10220 = CARTESIAN_POINT('',(0.935547404216,4.726337897805));
#10221 = CARTESIAN_POINT('',(0.934624559433,4.726250250114));
#10222 = CARTESIAN_POINT('',(0.931716851293,4.726046037904));
#10223 = CARTESIAN_POINT('',(0.929472325078,4.725930151273));
#10224 = CARTESIAN_POINT('',(0.92664410388,4.725816387552));
#10225 = CARTESIAN_POINT('',(0.923225755179,4.725705366256));
#10226 = CARTESIAN_POINT('',(0.91921596189,4.725597710515));
#10227 = CARTESIAN_POINT('',(0.914619537139,4.725494043));
#10228 = CARTESIAN_POINT('',(0.909448604815,4.725394977935));
#10229 = CARTESIAN_POINT('',(0.903723945903,4.725301109184));
#10230 = ( GEOMETRIC_REPRESENTATION_CONTEXT(2) 
PARAMETRIC_REPRESENTATION_CONTEXT() REPRESENTATION_CONTEXT('2D SPACE',''
  ) );
#10231 = PCURVE('',#1096,#10232);
#10232 = DEFINITIONAL_REPRESENTATION('',(#10233),#10320);
#10233 = B_SPLINE_CURVE_WITH_KNOTS('',8,(#10234,#10235,#10236,#10237,
    #10238,#10239,#10240,#10241,#10242,#10243,#10244,#10245,#10246,
    #10247,#10248,#10249,#10250,#10251,#10252,#10253,#10254,#10255,
    #10256,#10257,#10258,#10259,#10260,#10261,#10262,#10263,#10264,
    #10265,#10266,#10267,#10268,#10269,#10270,#10271,#10272,#10273,
    #10274,#10275,#10276,#10277,#10278,#10279,#10280,#10281,#10282,
    #10283,#10284,#10285,#10286,#10287,#10288,#10289,#10290,#10291,
    #10292,#10293,#10294,#10295,#10296,#10297,#10298,#10299,#10300,
    #10301,#10302,#10303,#10304,#10305,#10306,#10307,#10308,#10309,
    #10310,#10311,#10312,#10313,#10314,#10315,#10316,#10317,#10318,
    #10319),.UNSPECIFIED.,.F.,.F.,(9,7,7,7,7,7,7,7,7,7,7,7,9),(0.,
    0.10544077783,0.174285114885,0.208788726807,0.27012917567,
    0.334311109823,0.453936223007,0.67862162999,0.74362650725,
    0.804109674194,0.838113311991,0.90693753542,1.),.UNSPECIFIED.);
#10234 = CARTESIAN_POINT('',(1.516719249011,1.992418833825));
#10235 = CARTESIAN_POINT('',(1.57948917088,1.992930077468));
#10236 = CARTESIAN_POINT('',(1.64228475091,1.99348240438));
#10237 = CARTESIAN_POINT('',(1.705096162674,1.994072720321));
#10238 = CARTESIAN_POINT('',(1.767920574982,1.994697607064));
#10239 = CARTESIAN_POINT('',(1.830758614935,1.995353363239));
#10240 = CARTESIAN_POINT('',(1.893610757791,1.996036027039));
#10241 = CARTESIAN_POINT('',(1.956473643643,1.99674138079));
#10242 = CARTESIAN_POINT('',(2.060380587025,1.997937361587));
#10243 = CARTESIAN_POINT('',(2.101427876561,1.998417582088));
#10244 = CARTESIAN_POINT('',(2.142476445972,1.998904367495));
#10245 = CARTESIAN_POINT('',(2.183525482662,1.999396467944));
#10246 = CARTESIAN_POINT('',(2.224574675349,1.99989261729));
#10247 = CARTESIAN_POINT('',(2.265623784419,2.000391535295));
#10248 = CARTESIAN_POINT('',(2.306672212274,2.000891929808));
#10249 = CARTESIAN_POINT('',(2.368290312558,2.00164337571));
#10250 = CARTESIAN_POINT('',(2.388861691811,2.001894298479));
#10251 = CARTESIAN_POINT('',(2.409432648473,2.002145104259));
#10252 = CARTESIAN_POINT('',(2.430003123544,2.002395630521));
#10253 = CARTESIAN_POINT('',(2.45057306199,2.002645715219));
#10254 = CARTESIAN_POINT('',(2.471142412743,2.00289519679));
#10255 = CARTESIAN_POINT('',(2.491711128704,2.003143914147));
#10256 = CARTESIAN_POINT('',(2.548844981595,2.003832231749));
#10257 = CARTESIAN_POINT('',(2.58540901352,2.004269838862));
#10258 = CARTESIAN_POINT('',(2.621970542769,2.004703622441));
#10259 = CARTESIAN_POINT('',(2.658529348997,2.005132691703));
#10260 = CARTESIAN_POINT('',(2.695085478187,2.005556171686));
#10261 = CARTESIAN_POINT('',(2.731639009579,2.005973204265));
#10262 = CARTESIAN_POINT('',(2.768189822589,2.006382949168));
#10263 = CARTESIAN_POINT('',(2.842977903599,2.007204825869));
#10264 = CARTESIAN_POINT('',(2.881215656173,2.007616197658));
#10265 = CARTESIAN_POINT('',(2.919449972962,2.008017759527));
#10266 = CARTESIAN_POINT('',(2.957680798863,2.008408605343));
#10267 = CARTESIAN_POINT('',(2.995908388374,2.008787864706));
#10268 = CARTESIAN_POINT('',(3.034133021788,2.009154703987));
#10269 = CARTESIAN_POINT('',(3.072354721392,2.009508327366));
#10270 = CARTESIAN_POINT('',(3.181805816841,2.010481033415));
#10271 = CARTESIAN_POINT('',(3.253036712077,2.011065639635));
#10272 = CARTESIAN_POINT('',(3.324253464338,2.011596791889));
#10273 = CARTESIAN_POINT('',(3.395456368994,2.01207018512));
#10274 = CARTESIAN_POINT('',(3.466651932662,2.012482144542));
#10275 = CARTESIAN_POINT('',(3.537846627049,2.012829612848));
#10276 = CARTESIAN_POINT('',(3.609040669838,2.013110193928));
#10277 = CARTESIAN_POINT('',(3.813917576679,2.013720552481));
#10278 = CARTESIAN_POINT('',(3.947844375559,2.013877946428));
#10279 = CARTESIAN_POINT('',(4.081634355541,2.013781030486));
#10280 = CARTESIAN_POINT('',(4.215346736049,2.013430448173));
#10281 = CARTESIAN_POINT('',(4.34906480679,2.012834405605));
#10282 = CARTESIAN_POINT('',(4.48287524674,2.012009714508));
#10283 = CARTESIAN_POINT('',(4.616844859485,2.010980624626));
#10284 = CARTESIAN_POINT('',(4.789379297037,2.009436874877));
#10285 = CARTESIAN_POINT('',(4.828098633048,2.009076237376));
#10286 = CARTESIAN_POINT('',(4.866820984063,2.008702163658));
#10287 = CARTESIAN_POINT('',(4.905546368342,2.008315486678));
#10288 = CARTESIAN_POINT('',(4.944275079305,2.007917078742));
#10289 = CARTESIAN_POINT('',(4.983007382859,2.007507850389));
#10290 = CARTESIAN_POINT('',(5.021743214728,2.007088749268));
#10291 = CARTESIAN_POINT('',(5.096525896686,2.006262539589));
#10292 = CARTESIAN_POINT('',(5.132573072779,2.005856616935));
#10293 = CARTESIAN_POINT('',(5.168622882188,2.00544378318));
#10294 = CARTESIAN_POINT('',(5.204675204783,2.005024847827));
#10295 = CARTESIAN_POINT('',(5.240730106356,2.00460063682));
#10296 = CARTESIAN_POINT('',(5.276787620812,2.00417199159));
#10297 = CARTESIAN_POINT('',(5.312847532347,2.003739768108));
#10298 = CARTESIAN_POINT('',(5.369183004174,2.00306031705));
#10299 = CARTESIAN_POINT('',(5.389457498783,2.002814940557));
#10300 = CARTESIAN_POINT('',(5.409732599391,2.002568860434));
#10301 = CARTESIAN_POINT('',(5.43000826021,2.002322231087));
#10302 = CARTESIAN_POINT('',(5.450284431736,2.002075207344));
#10303 = CARTESIAN_POINT('',(5.470561060748,2.001827944457));
#10304 = CARTESIAN_POINT('',(5.490838090309,2.001580598098));
#10305 = CARTESIAN_POINT('',(5.552157368709,2.000832836065));
#10306 = CARTESIAN_POINT('',(5.59320136779,2.000332635983));
#10307 = CARTESIAN_POINT('',(5.634245998784,1.999834026434));
#10308 = CARTESIAN_POINT('',(5.675290618532,1.999338299207));
#10309 = CARTESIAN_POINT('',(5.716334971144,1.998846733383));
#10310 = CARTESIAN_POINT('',(5.757378760197,1.998360593155));
#10311 = CARTESIAN_POINT('',(5.798421220937,1.997881125655));
#10312 = CARTESIAN_POINT('',(5.894953281799,1.996771917351));
#10313 = CARTESIAN_POINT('',(5.950444579591,1.996148672641));
#10314 = CARTESIAN_POINT('',(6.005928269498,1.995542889748));
#10315 = CARTESIAN_POINT('',(6.061402119116,1.994957477977));
#10316 = CARTESIAN_POINT('',(6.116865962593,1.994395196021));
#10317 = CARTESIAN_POINT('',(6.172319714541,1.99385864877));
#10318 = CARTESIAN_POINT('',(6.227761415248,1.993350275722));
#10319 = CARTESIAN_POINT('',(6.28318530718,1.992872331019));
#10320 = ( GEOMETRIC_REPRESENTATION_CONTEXT(2) 
PARAMETRIC_REPRESENTATION_CONTEXT() REPRESENTATION_CONTEXT('2D SPACE',''
  ) );
#10321 = FACE_BOUND('',#10322,.F.);
#10322 = EDGE_LOOP('',(#10323,#10480));
#10323 = ORIENTED_EDGE('',*,*,#10324,.T.);
#10324 = EDGE_CURVE('',#10325,#10327,#10329,.T.);
#10325 = VERTEX_POINT('',#10326);
#10326 = CARTESIAN_POINT('',(9.7,-8.,-394.2898804082));
#10327 = VERTEX_POINT('',#10328);
#10328 = CARTESIAN_POINT('',(6.302485075103,-7.908113767335,
    -394.3075811661));
#10329 = SURFACE_CURVE('',#10330,(#10378,#10429),.PCURVE_S1.);
#10330 = B_SPLINE_CURVE_WITH_KNOTS('',6,(#10331,#10332,#10333,#10334,
    #10335,#10336,#10337,#10338,#10339,#10340,#10341,#10342,#10343,
    #10344,#10345,#10346,#10347,#10348,#10349,#10350,#10351,#10352,
    #10353,#10354,#10355,#10356,#10357,#10358,#10359,#10360,#10361,
    #10362,#10363,#10364,#10365,#10366,#10367,#10368,#10369,#10370,
    #10371,#10372,#10373,#10374,#10375,#10376,#10377),.UNSPECIFIED.,.F.,
  .F.,(7,5,5,5,5,5,5,5,5,7),(0.,0.151370184926,0.226494889063,
    0.270046273065,0.364583349099,0.470778597716,0.582263559959,
    0.765891731376,0.910531265361,1.),.UNSPECIFIED.);
#10331 = CARTESIAN_POINT('',(9.7,-8.,-394.2898804082));
#10332 = CARTESIAN_POINT('',(9.7,-7.867537479658,-394.2905523687));
#10333 = CARTESIAN_POINT('',(9.687614345859,-7.735040945223,
    -394.2912873307));
#10334 = CARTESIAN_POINT('',(9.662831267813,-7.603982385577,
    -394.2920778864));
#10335 = CARTESIAN_POINT('',(9.62587878931,-7.475795812327,
    -394.2929156039));
#10336 = CARTESIAN_POINT('',(9.577183298513,-7.351871760084,
    -394.2937912661));
#10337 = CARTESIAN_POINT('',(9.487741585628,-7.174800336197,
    -394.2951432267));
#10338 = CARTESIAN_POINT('',(9.455344686211,-7.117441275635,
    -394.2955985377));
#10339 = CARTESIAN_POINT('',(9.420297032882,-7.061614888605,
    -394.2960595198));
#10340 = CARTESIAN_POINT('',(9.382690122748,-7.007473706825,
    -394.2965249351));
#10341 = CARTESIAN_POINT('',(9.342627179088,-6.955162796965,
    -394.296993524));
#10342 = CARTESIAN_POINT('',(9.275640637309,-6.875634834972,
    -394.2977367536));
#10343 = CARTESIAN_POINT('',(9.250271238388,-6.847111120974,
    -394.2980101389));
#10344 = CARTESIAN_POINT('',(9.224137284262,-6.819275315667,
    -394.2982839129));
#10345 = CARTESIAN_POINT('',(9.197262257981,-6.792153034241,
    -394.2985578263));
#10346 = CARTESIAN_POINT('',(9.169670795976,-6.765768810063,
    -394.2988316299));
#10347 = CARTESIAN_POINT('',(9.079996660057,-6.684526815323,
    -394.2996986389));
#10348 = CARTESIAN_POINT('',(9.015349361355,-6.632494925748,
    -394.3002905182));
#10349 = CARTESIAN_POINT('',(8.947712053278,-6.584291384533,
    -394.3008781438));
#10350 = CARTESIAN_POINT('',(8.877371012317,-6.540128840008,
    -394.3014589848));
#10351 = CARTESIAN_POINT('',(8.804632344882,-6.50019063601,
    -394.3020305585));
#10352 = CARTESIAN_POINT('',(8.645783610273,-6.424683691671,
    -394.3032193678));
#10353 = CARTESIAN_POINT('',(8.559127550011,-6.390259674243,
    -394.303833566));
#10354 = CARTESIAN_POINT('',(8.470314062543,-6.361574829559,
    -394.3044295941));
#10355 = CARTESIAN_POINT('',(8.379822161822,-6.338792164083,
    -394.3050041955));
#10356 = CARTESIAN_POINT('',(8.288145560376,-6.322020148293,
    -394.3055543156));
#10357 = CARTESIAN_POINT('',(8.098833677755,-6.300070954625,
    -394.3066259641));
#10358 = CARTESIAN_POINT('',(8.001124166937,-6.295512401201,
    -394.3071447308));
#10359 = CARTESIAN_POINT('',(7.903246392757,-6.297697949261,
    -394.3076301401));
#10360 = CARTESIAN_POINT('',(7.8057821969,-6.30662022565,-394.308079278)
  );
#10361 = CARTESIAN_POINT('',(7.709306655172,-6.322204921532,
    -394.3084896046));
#10362 = CARTESIAN_POINT('',(7.45803738438,-6.380726415645,
    -394.3094673351));
#10363 = CARTESIAN_POINT('',(7.305877573034,-6.434842795905,
    -394.3099646682));
#10364 = CARTESIAN_POINT('',(7.160456042189,-6.50603949152,
    -394.3103411789));
#10365 = CARTESIAN_POINT('',(7.024084027423,-6.593217273089,
    -394.3105907199));
#10366 = CARTESIAN_POINT('',(6.898863763832,-6.694937622916,
    -394.3107099248));
#10367 = CARTESIAN_POINT('',(6.698185301149,-6.899447093612,
    -394.3106904917));
#10368 = CARTESIAN_POINT('',(6.617784540468,-6.997445946916,
    -394.3106012242));
#10369 = CARTESIAN_POINT('',(6.546289970813,-7.102437807582,
    -394.310431307));
#10370 = CARTESIAN_POINT('',(6.484431117599,-7.2134153049,
    -394.3101821492));
#10371 = CARTESIAN_POINT('',(6.432801473975,-7.329281825033,
    -394.3098563028));
#10372 = CARTESIAN_POINT('',(6.366478541389,-7.522800185194,
    -394.3092110935));
#10373 = CARTESIAN_POINT('',(6.345207121957,-7.598173851593,
    -394.3089366552));
#10374 = CARTESIAN_POINT('',(6.328111032015,-7.67468375174,
    -394.3086352733));
#10375 = CARTESIAN_POINT('',(6.315264718664,-7.752041418384,
    -394.3083080333));
#10376 = CARTESIAN_POINT('',(6.306715975442,-7.829951715613,
    -394.3079561898));
#10377 = CARTESIAN_POINT('',(6.302485075103,-7.908113767335,
    -394.3075811661));
#10378 = PCURVE('',#9352,#10379);
#10379 = DEFINITIONAL_REPRESENTATION('',(#10380),#10428);
#10380 = B_SPLINE_CURVE_WITH_KNOTS('',6,(#10381,#10382,#10383,#10384,
    #10385,#10386,#10387,#10388,#10389,#10390,#10391,#10392,#10393,
    #10394,#10395,#10396,#10397,#10398,#10399,#10400,#10401,#10402,
    #10403,#10404,#10405,#10406,#10407,#10408,#10409,#10410,#10411,
    #10412,#10413,#10414,#10415,#10416,#10417,#10418,#10419,#10420,
    #10421,#10422,#10423,#10424,#10425,#10426,#10427),.UNSPECIFIED.,.F.,
  .F.,(7,5,5,5,5,5,5,5,5,7),(0.,0.151370184926,0.226494889063,
    0.270046273065,0.364583349099,0.470778597716,0.582263559959,
    0.765891731376,0.910531265361,1.),.UNSPECIFIED.);
#10381 = CARTESIAN_POINT('',(2.451945983088,4.728332637429));
#10382 = CARTESIAN_POINT('',(2.460073546168,4.72822575573));
#10383 = CARTESIAN_POINT('',(2.467707188058,4.728107993315));
#10384 = CARTESIAN_POINT('',(2.474766995668,4.727980200201));
#10385 = CARTESIAN_POINT('',(2.481174183592,4.727843379467));
#10386 = CARTESIAN_POINT('',(2.486846415523,4.72769869252));
#10387 = CARTESIAN_POINT('',(2.49411194987,4.727472513626));
#10388 = CARTESIAN_POINT('',(2.496320818126,4.727395896308));
#10389 = CARTESIAN_POINT('',(2.498318713612,4.727317848518));
#10390 = CARTESIAN_POINT('',(2.500095882392,4.727238547787));
#10391 = CARTESIAN_POINT('',(2.501642796979,4.727158182228));
#10392 = CARTESIAN_POINT('',(2.503708060286,4.727029858793));
#10393 = CARTESIAN_POINT('',(2.504385470042,4.726982475875));
#10394 = CARTESIAN_POINT('',(2.504980583784,4.726934840465));
#10395 = CARTESIAN_POINT('',(2.505491659377,4.726886992349));
#10396 = CARTESIAN_POINT('',(2.505917014372,4.72683897241));
#10397 = CARTESIAN_POINT('',(2.506988748548,4.726686303807));
#10398 = CARTESIAN_POINT('',(2.507310923656,4.726581171712));
#10399 = CARTESIAN_POINT('',(2.507205076379,4.726475858265));
#10400 = CARTESIAN_POINT('',(2.506656321845,4.726370814386));
#10401 = CARTESIAN_POINT('',(2.505652399653,4.72626650961));
#10402 = CARTESIAN_POINT('',(2.502536023362,4.726047642358));
#10403 = CARTESIAN_POINT('',(2.500302071807,4.725933396839));
#10404 = CARTESIAN_POINT('',(2.497470782202,4.725821386418));
#10405 = CARTESIAN_POINT('',(2.494035774504,4.725712315722));
#10406 = CARTESIAN_POINT('',(2.489998685454,4.725606892179));
#10407 = CARTESIAN_POINT('',(2.480513816575,4.725399704026));
#10408 = CARTESIAN_POINT('',(2.475005577221,4.725298377885));
#10409 = CARTESIAN_POINT('',(2.468860498866,4.725202644522));
#10410 = CARTESIAN_POINT('',(2.462104453333,4.725113282203));
#10411 = CARTESIAN_POINT('',(2.454776929452,4.725031014187));
#10412 = CARTESIAN_POINT('',(2.434011852525,4.724833721585));
#10413 = CARTESIAN_POINT('',(2.419686568695,4.724731928161));
#10414 = CARTESIAN_POINT('',(2.404200711182,4.724653994851));
#10415 = CARTESIAN_POINT('',(2.387895191876,4.724602059734));
#10416 = CARTESIAN_POINT('',(2.371193223631,4.724577263133));
#10417 = CARTESIAN_POINT('',(2.341391660438,4.724581305704));
#10418 = CARTESIAN_POINT('',(2.328276952353,4.724599875226));
#10419 = CARTESIAN_POINT('',(2.315386695911,4.724635211145));
#10420 = CARTESIAN_POINT('',(2.302925634034,4.724686833819));
#10421 = CARTESIAN_POINT('',(2.291072621094,4.724753862395));
#10422 = CARTESIAN_POINT('',(2.273105503592,4.724885326616));
#10423 = CARTESIAN_POINT('',(2.266526604032,4.724941001266));
#10424 = CARTESIAN_POINT('',(2.260269409928,4.725001823732));
#10425 = CARTESIAN_POINT('',(2.254362324928,4.725067465558));
#10426 = CARTESIAN_POINT('',(2.248828037339,4.725137564304));
#10427 = CARTESIAN_POINT('',(2.243683545273,4.725211732634));
#10428 = ( GEOMETRIC_REPRESENTATION_CONTEXT(2) 
PARAMETRIC_REPRESENTATION_CONTEXT() REPRESENTATION_CONTEXT('2D SPACE',''
  ) );
#10429 = PCURVE('',#1357,#10430);
#10430 = DEFINITIONAL_REPRESENTATION('',(#10431),#10479);
#10431 = B_SPLINE_CURVE_WITH_KNOTS('',6,(#10432,#10433,#10434,#10435,
    #10436,#10437,#10438,#10439,#10440,#10441,#10442,#10443,#10444,
    #10445,#10446,#10447,#10448,#10449,#10450,#10451,#10452,#10453,
    #10454,#10455,#10456,#10457,#10458,#10459,#10460,#10461,#10462,
    #10463,#10464,#10465,#10466,#10467,#10468,#10469,#10470,#10471,
    #10472,#10473,#10474,#10475,#10476,#10477,#10478),.UNSPECIFIED.,.F.,
  .F.,(7,5,5,5,5,5,5,5,5,7),(0.,0.151370184926,0.226494889063,
    0.270046273065,0.364583349099,0.470778597716,0.582263559959,
    0.765891731376,0.910531265361,1.),.UNSPECIFIED.);
#10432 = CARTESIAN_POINT('',(0.,2.010119591707));
#10433 = CARTESIAN_POINT('',(7.791912961277E-02,2.00944763124));
#10434 = CARTESIAN_POINT('',(0.155858176689,2.008712669223));
#10435 = CARTESIAN_POINT('',(0.233803424648,2.007922113591));
#10436 = CARTESIAN_POINT('',(0.311762911267,2.007084396029));
#10437 = CARTESIAN_POINT('',(0.389744444606,2.006208733833));
#10438 = CARTESIAN_POINT('',(0.506437798359,2.004856773258));
#10439 = CARTESIAN_POINT('',(0.545146351689,2.004401462283));
#10440 = CARTESIAN_POINT('',(0.583857942376,2.003940480188));
#10441 = CARTESIAN_POINT('',(0.62257229223,2.0034750649));
#10442 = CARTESIAN_POINT('',(0.661289056229,2.003006475951));
#10443 = CARTESIAN_POINT('',(0.722453912361,2.00226324639));
#10444 = CARTESIAN_POINT('',(0.744900701462,2.001989861023));
#10445 = CARTESIAN_POINT('',(0.76734811145,2.001716087076));
#10446 = CARTESIAN_POINT('',(0.789796055737,2.001442173613));
#10447 = CARTESIAN_POINT('',(0.812244439528,2.001168370059));
#10448 = CARTESIAN_POINT('',(0.883422641651,2.000301361068));
#10449 = CARTESIAN_POINT('',(0.932154397824,1.999709481755));
#10450 = CARTESIAN_POINT('',(0.980885891735,1.999121856159));
#10451 = CARTESIAN_POINT('',(1.029616710217,1.99854101514));
#10452 = CARTESIAN_POINT('',(1.078346301315,1.99796944147));
#10453 = CARTESIAN_POINT('',(1.181805868548,1.996780632176));
#10454 = CARTESIAN_POINT('',(1.236536840614,1.996166433962));
#10455 = CARTESIAN_POINT('',(1.291259808024,1.995570405863));
#10456 = CARTESIAN_POINT('',(1.345974037329,1.994995804492));
#10457 = CARTESIAN_POINT('',(1.400678871437,1.994445684352));
#10458 = CARTESIAN_POINT('',(1.512784784045,1.99337403586));
#10459 = CARTESIAN_POINT('',(1.570187332342,1.992855269103));
#10460 = CARTESIAN_POINT('',(1.627572021003,1.992369859845));
#10461 = CARTESIAN_POINT('',(1.684939128888,1.991920721941));
#10462 = CARTESIAN_POINT('',(1.74228968344,1.991510395388));
#10463 = CARTESIAN_POINT('',(1.894050982669,1.990532664844));
#10464 = CARTESIAN_POINT('',(1.988444195975,1.990035331792));
#10465 = CARTESIAN_POINT('',(2.082773482284,1.989658821078));
#10466 = CARTESIAN_POINT('',(2.177070456477,1.989409280058));
#10467 = CARTESIAN_POINT('',(2.271368324804,1.989290075174));
#10468 = CARTESIAN_POINT('',(2.439911819739,1.989309508218));
#10469 = CARTESIAN_POINT('',(2.51418210119,1.98939877572));
#10470 = CARTESIAN_POINT('',(2.588456734941,1.989568692975));
#10471 = CARTESIAN_POINT('',(2.662748657333,1.98981785073));
#10472 = CARTESIAN_POINT('',(2.737070277363,1.990143697122));
#10473 = CARTESIAN_POINT('',(2.857404424458,1.990788906462));
#10474 = CARTESIAN_POINT('',(2.903403711377,1.991063344775));
#10475 = CARTESIAN_POINT('',(2.949414031956,1.991364726696));
#10476 = CARTESIAN_POINT('',(2.995436195663,1.991691966679));
#10477 = CARTESIAN_POINT('',(3.041470589352,1.992043810152));
#10478 = CARTESIAN_POINT('',(3.087515575806,1.992418833825));
#10479 = ( GEOMETRIC_REPRESENTATION_CONTEXT(2) 
PARAMETRIC_REPRESENTATION_CONTEXT() REPRESENTATION_CONTEXT('2D SPACE',''
  ) );
#10480 = ORIENTED_EDGE('',*,*,#10481,.T.);
#10481 = EDGE_CURVE('',#10327,#10325,#10482,.T.);
#10482 = SURFACE_CURVE('',#10483,(#10535,#10590),.PCURVE_S1.);
#10483 = B_SPLINE_CURVE_WITH_KNOTS('',8,(#10484,#10485,#10486,#10487,
    #10488,#10489,#10490,#10491,#10492,#10493,#10494,#10495,#10496,
    #10497,#10498,#10499,#10500,#10501,#10502,#10503,#10504,#10505,
    #10506,#10507,#10508,#10509,#10510,#10511,#10512,#10513,#10514,
    #10515,#10516,#10517,#10518,#10519,#10520,#10521,#10522,#10523,
    #10524,#10525,#10526,#10527,#10528,#10529,#10530,#10531,#10532,
    #10533,#10534),.UNSPECIFIED.,.F.,.F.,(9,7,7,7,7,7,7,9),(0.,
    0.157230834567,0.259889908154,0.311340891443,0.402810341554,
    0.498516948417,0.67689913383,1.),.UNSPECIFIED.);
#10484 = CARTESIAN_POINT('',(6.302485075103,-7.908113767335,
    -394.3075811661));
#10485 = CARTESIAN_POINT('',(6.296717383458,-8.014666646541,
    -394.3070699225));
#10486 = CARTESIAN_POINT('',(6.298591132606,-8.121676979837,
    -394.3065175956));
#10487 = CARTESIAN_POINT('',(6.308152758575,-8.228488299424,
    -394.3059272796));
#10488 = CARTESIAN_POINT('',(6.325377262799,-8.334451702119,
    -394.3053023929));
#10489 = CARTESIAN_POINT('',(6.350175095303,-8.438927020913,
    -394.3046466367));
#10490 = CARTESIAN_POINT('',(6.382394488975,-8.541284969848,
    -394.3039639729));
#10491 = CARTESIAN_POINT('',(6.42181924495,-8.640910262201,
    -394.3032586192));
#10492 = CARTESIAN_POINT('',(6.498420036088,-8.80007886975,
    -394.3020626384));
#10493 = CARTESIAN_POINT('',(6.531629642288,-8.861537293653,
    -394.3015824179));
#10494 = CARTESIAN_POINT('',(6.567712351954,-8.921416650531,
    -394.3010956325));
#10495 = CARTESIAN_POINT('',(6.606579499568,-8.979559208515,
    -394.300603532));
#10496 = CARTESIAN_POINT('',(6.648132402572,-9.035814045219,
    -394.3001073827));
#10497 = CARTESIAN_POINT('',(6.692262574122,-9.090037265939,
    -394.2996084647));
#10498 = CARTESIAN_POINT('',(6.73885193583,-9.142092221836,
    -394.2991080701));
#10499 = CARTESIAN_POINT('',(6.812291451901,-9.216787344808,
    -394.2983566242));
#10500 = CARTESIAN_POINT('',(6.837395766732,-9.241148103611,
    -394.2981057015));
#10501 = CARTESIAN_POINT('',(6.863070003461,-9.2649158419,
    -394.2978548957));
#10502 = CARTESIAN_POINT('',(6.889297707152,-9.288074975342,
    -394.2976043694));
#10503 = CARTESIAN_POINT('',(6.916061939472,-9.310610497917,
    -394.2973542847));
#10504 = CARTESIAN_POINT('',(6.943345278698,-9.332507981919,
    -394.2971048032));
#10505 = CARTESIAN_POINT('',(6.971129819712,-9.353753577953,
    -394.2968560858));
#10506 = CARTESIAN_POINT('',(7.049650817144,-9.410921872615,
    -394.2961677682));
#10507 = CARTESIAN_POINT('',(7.101431020799,-9.445407838777,
    -394.2957301611));
#10508 = CARTESIAN_POINT('',(7.154634071222,-9.47771710961,
    -394.2952963775));
#10509 = CARTESIAN_POINT('',(7.20915259832,-9.507781457439,
    -394.2948673082));
#10510 = CARTESIAN_POINT('',(7.264875729438,-9.535539277125,
    -394.2944438283));
#10511 = CARTESIAN_POINT('',(7.321689243153,-9.560935632456,
    -394.2940267957));
#10512 = CARTESIAN_POINT('',(7.379475723062,-9.583922302551,
    -394.2936170508));
#10513 = CARTESIAN_POINT('',(7.499470045098,-9.625944625021,
    -394.2927951741));
#10514 = CARTESIAN_POINT('',(7.561759968903,-9.644748366251,
    -394.2923838023));
#10515 = CARTESIAN_POINT('',(7.624846430586,-9.660821645697,
    -394.2919822404));
#10516 = CARTESIAN_POINT('',(7.688589504939,-9.674125770781,
    -394.2915913946));
#10517 = CARTESIAN_POINT('',(7.752847592401,-9.684630768368,
    -394.2912121352));
#10518 = CARTESIAN_POINT('',(7.817477617528,-9.692315390545,
    -394.290845296));
#10519 = CARTESIAN_POINT('',(7.882335227459,-9.697167120401,
    -394.2904916726));
#10520 = CARTESIAN_POINT('',(8.068312578186,-9.70293793046,
    -394.2895189665));
#10521 = CARTESIAN_POINT('',(8.189652874964,-9.696839997822,
    -394.2889343603));
#10522 = CARTESIAN_POINT('',(8.31033796532,-9.680859799492,
    -394.2884032081));
#10523 = CARTESIAN_POINT('',(8.429431390667,-9.655085209447,
    -394.2879298148));
#10524 = CARTESIAN_POINT('',(8.546019222882,-9.61970581335,
    -394.2875178554));
#10525 = CARTESIAN_POINT('',(8.659213323006,-9.575007123153,
    -394.2871703871));
#10526 = CARTESIAN_POINT('',(8.768156785005,-9.521373748974,
    -394.286889806));
#10527 = CARTESIAN_POINT('',(9.060178330327,-9.346871084427,
    -394.2862936473));
#10528 = CARTESIAN_POINT('',(9.232039652726,-9.206549442043,
    -394.28613365));
#10529 = CARTESIAN_POINT('',(9.382313017678,-9.041311272477,
    -394.2862095646));
#10530 = CARTESIAN_POINT('',(9.506979793248,-8.855187234493,
    -394.2865213304));
#10531 = CARTESIAN_POINT('',(9.602845269078,-8.652707733719,
    -394.2870621708));
#10532 = CARTESIAN_POINT('',(9.66765131308,-8.438931826269,
    -394.2878178756));
#10533 = CARTESIAN_POINT('',(9.7,-8.21935916726,-394.2887676355));
#10534 = CARTESIAN_POINT('',(9.7,-8.,-394.2898804082));
#10535 = PCURVE('',#9352,#10536);
#10536 = DEFINITIONAL_REPRESENTATION('',(#10537),#10589);
#10537 = B_SPLINE_CURVE_WITH_KNOTS('',8,(#10538,#10539,#10540,#10541,
    #10542,#10543,#10544,#10545,#10546,#10547,#10548,#10549,#10550,
    #10551,#10552,#10553,#10554,#10555,#10556,#10557,#10558,#10559,
    #10560,#10561,#10562,#10563,#10564,#10565,#10566,#10567,#10568,
    #10569,#10570,#10571,#10572,#10573,#10574,#10575,#10576,#10577,
    #10578,#10579,#10580,#10581,#10582,#10583,#10584,#10585,#10586,
    #10587,#10588),.UNSPECIFIED.,.F.,.F.,(9,7,7,7,7,7,7,9),(0.,
    0.157230834567,0.259889908154,0.311340891443,0.402810341554,
    0.498516948417,0.67689913383,1.),.UNSPECIFIED.);
#10538 = CARTESIAN_POINT('',(2.243683545273,4.725211732634));
#10539 = CARTESIAN_POINT('',(2.236670417679,4.725312841151));
#10540 = CARTESIAN_POINT('',(2.230346411491,4.725421163623));
#10541 = CARTESIAN_POINT('',(2.224749176877,4.725535860502));
#10542 = CARTESIAN_POINT('',(2.219901384626,4.725656047982));
#10543 = CARTESIAN_POINT('',(2.215813136398,4.725780822624));
#10544 = CARTESIAN_POINT('',(2.212484102142,4.725909277612));
#10545 = CARTESIAN_POINT('',(2.209905384726,4.726040510646));
#10546 = CARTESIAN_POINT('',(2.206856949998,4.72626053543));
#10547 = CARTESIAN_POINT('',(2.205965801882,4.726348255504));
#10548 = CARTESIAN_POINT('',(2.20538322113,4.72643653661));
#10549 = CARTESIAN_POINT('',(2.205103533169,4.726525138272));
#10550 = CARTESIAN_POINT('',(2.205120027408,4.726613826648));
#10551 = CARTESIAN_POINT('',(2.205425149537,4.726702374552));
#10552 = CARTESIAN_POINT('',(2.206010693821,4.726790561475));
#10553 = CARTESIAN_POINT('',(2.207297660372,4.726922083316));
#10554 = CARTESIAN_POINT('',(2.207795589967,4.726965848986));
#10555 = CARTESIAN_POINT('',(2.208360682977,4.727009443884));
#10556 = CARTESIAN_POINT('',(2.208991815341,4.727052841821));
#10557 = CARTESIAN_POINT('',(2.209687840138,4.727096017152));
#10558 = CARTESIAN_POINT('',(2.210447587589,4.727138944773));
#10559 = CARTESIAN_POINT('',(2.211269865054,4.727181600126));
#10560 = CARTESIAN_POINT('',(2.213724305003,4.727299265057));
#10561 = CARTESIAN_POINT('',(2.215488975467,4.727373635258));
#10562 = CARTESIAN_POINT('',(2.217440647689,4.727446933996));
#10563 = CARTESIAN_POINT('',(2.219572388435,4.727519032072));
#10564 = CARTESIAN_POINT('',(2.221877178779,4.727589806493));
#10565 = CARTESIAN_POINT('',(2.2243479409,4.727659140076));
#10566 = CARTESIAN_POINT('',(2.226977564891,4.727726921055));
#10567 = CARTESIAN_POINT('',(2.232669148172,4.72786222727));
#10568 = CARTESIAN_POINT('',(2.235745551454,4.72792959663));
#10569 = CARTESIAN_POINT('',(2.238979966863,4.727995028521));
#10570 = CARTESIAN_POINT('',(2.242364288645,4.728058408658));
#10571 = CARTESIAN_POINT('',(2.245890475686,4.728119630202));
#10572 = CARTESIAN_POINT('',(2.249550543379,4.728178593258));
#10573 = CARTESIAN_POINT('',(2.253336555487,4.728235204361));
#10574 = CARTESIAN_POINT('',(2.264517175794,4.728390343421));
#10575 = CARTESIAN_POINT('',(2.272204851951,4.728482850858));
#10576 = CARTESIAN_POINT('',(2.280251632829,4.728566315161));
#10577 = CARTESIAN_POINT('',(2.288607513626,4.728640262671));
#10578 = CARTESIAN_POINT('',(2.297224306982,4.728704303808));
#10579 = CARTESIAN_POINT('',(2.306055006003,4.728758119914));
#10580 = CARTESIAN_POINT('',(2.315052699727,4.728801462346));
#10581 = CARTESIAN_POINT('',(2.340681327618,4.728893395446));
#10582 = CARTESIAN_POINT('',(2.357613022309,4.728917824671));
#10583 = CARTESIAN_POINT('',(2.374649584793,4.728906131908));
#10584 = CARTESIAN_POINT('',(2.391520218418,4.728858444634));
#10585 = CARTESIAN_POINT('',(2.407964824857,4.728775419725));
#10586 = CARTESIAN_POINT('',(2.423718763803,4.728658457398));
#10587 = CARTESIAN_POINT('',(2.438486662939,4.728509634517));
#10588 = CARTESIAN_POINT('',(2.451945983088,4.728332637429));
#10589 = ( GEOMETRIC_REPRESENTATION_CONTEXT(2) 
PARAMETRIC_REPRESENTATION_CONTEXT() REPRESENTATION_CONTEXT('2D SPACE',''
  ) );
#10590 = PCURVE('',#1357,#10591);
#10591 = DEFINITIONAL_REPRESENTATION('',(#10592),#10644);
#10592 = B_SPLINE_CURVE_WITH_KNOTS('',8,(#10593,#10594,#10595,#10596,
    #10597,#10598,#10599,#10600,#10601,#10602,#10603,#10604,#10605,
    #10606,#10607,#10608,#10609,#10610,#10611,#10612,#10613,#10614,
    #10615,#10616,#10617,#10618,#10619,#10620,#10621,#10622,#10623,
    #10624,#10625,#10626,#10627,#10628,#10629,#10630,#10631,#10632,
    #10633,#10634,#10635,#10636,#10637,#10638,#10639,#10640,#10641,
    #10642,#10643),.UNSPECIFIED.,.F.,.F.,(9,7,7,7,7,7,7,9),(0.,
    0.157230834567,0.259889908154,0.311340891443,0.402810341554,
    0.498516948417,0.67689913383,1.),.UNSPECIFIED.);
#10593 = CARTESIAN_POINT('',(3.087515575806,1.992418833825));
#10594 = CARTESIAN_POINT('',(3.150285497675,1.992930077468));
#10595 = CARTESIAN_POINT('',(3.213081077705,1.99348240438));
#10596 = CARTESIAN_POINT('',(3.275892489469,1.994072720321));
#10597 = CARTESIAN_POINT('',(3.338716901777,1.994697607064));
#10598 = CARTESIAN_POINT('',(3.40155494173,1.995353363239));
#10599 = CARTESIAN_POINT('',(3.464407084585,1.996036027039));
#10600 = CARTESIAN_POINT('',(3.527269970438,1.99674138079));
#10601 = CARTESIAN_POINT('',(3.63117691382,1.997937361587));
#10602 = CARTESIAN_POINT('',(3.672224203356,1.998417582088));
#10603 = CARTESIAN_POINT('',(3.713272772767,1.998904367495));
#10604 = CARTESIAN_POINT('',(3.754321809456,1.999396467944));
#10605 = CARTESIAN_POINT('',(3.795371002144,1.99989261729));
#10606 = CARTESIAN_POINT('',(3.836420111214,2.000391535295));
#10607 = CARTESIAN_POINT('',(3.877468539068,2.000891929808));
#10608 = CARTESIAN_POINT('',(3.939086639352,2.00164337571));
#10609 = CARTESIAN_POINT('',(3.959658018605,2.001894298479));
#10610 = CARTESIAN_POINT('',(3.980228975267,2.002145104259));
#10611 = CARTESIAN_POINT('',(4.000799450338,2.00239563052));
#10612 = CARTESIAN_POINT('',(4.021369388784,2.002645715219));
#10613 = CARTESIAN_POINT('',(4.041938739537,2.00289519679));
#10614 = CARTESIAN_POINT('',(4.062507455499,2.003143914147));
#10615 = CARTESIAN_POINT('',(4.119641308389,2.003832231749));
#10616 = CARTESIAN_POINT('',(4.156205340314,2.004269838862));
#10617 = CARTESIAN_POINT('',(4.192766869563,2.004703622441));
#10618 = CARTESIAN_POINT('',(4.229325675791,2.005132691703));
#10619 = CARTESIAN_POINT('',(4.265881804982,2.005556171686));
#10620 = CARTESIAN_POINT('',(4.302435336373,2.005973204265));
#10621 = CARTESIAN_POINT('',(4.338986149383,2.006382949168));
#10622 = CARTESIAN_POINT('',(4.413774230393,2.007204825869));
#10623 = CARTESIAN_POINT('',(4.452011982968,2.007616197658));
#10624 = CARTESIAN_POINT('',(4.490246299756,2.008017759527));
#10625 = CARTESIAN_POINT('',(4.528477125657,2.008408605343));
#10626 = CARTESIAN_POINT('',(4.566704715168,2.008787864706));
#10627 = CARTESIAN_POINT('',(4.604929348582,2.009154703987));
#10628 = CARTESIAN_POINT('',(4.643151048186,2.009508327366));
#10629 = CARTESIAN_POINT('',(4.752602143634,2.010481033415));
#10630 = CARTESIAN_POINT('',(4.823833038871,2.011065639635));
#10631 = CARTESIAN_POINT('',(4.895049791131,2.011596791889));
#10632 = CARTESIAN_POINT('',(4.966252695788,2.01207018512));
#10633 = CARTESIAN_POINT('',(5.037448259455,2.012482144543));
#10634 = CARTESIAN_POINT('',(5.108642953842,2.012829612848));
#10635 = CARTESIAN_POINT('',(5.17983699663,2.013110193928));
#10636 = CARTESIAN_POINT('',(5.37994748762,2.013706352624));
#10637 = CARTESIAN_POINT('',(5.509068907669,2.013866349934));
#10638 = CARTESIAN_POINT('',(5.638077129396,2.01379043532));
#10639 = CARTESIAN_POINT('',(5.767017896992,2.013478669558));
#10640 = CARTESIAN_POINT('',(5.89596381303,2.012937829172));
#10641 = CARTESIAN_POINT('',(6.024990480349,2.012182124345));
#10642 = CARTESIAN_POINT('',(6.154150502909,2.011232364497));
#10643 = CARTESIAN_POINT('',(6.28318530718,2.010119591707));
#10644 = ( GEOMETRIC_REPRESENTATION_CONTEXT(2) 
PARAMETRIC_REPRESENTATION_CONTEXT() REPRESENTATION_CONTEXT('2D SPACE',''
  ) );
#10645 = FACE_BOUND('',#10646,.F.);
#10646 = EDGE_LOOP('',(#10647));
#10647 = ORIENTED_EDGE('',*,*,#10648,.T.);
#10648 = EDGE_CURVE('',#10649,#10649,#10651,.T.);
#10649 = VERTEX_POINT('',#10650);
#10650 = CARTESIAN_POINT('',(9.7,8.,-394.2898804082));
#10651 = SURFACE_CURVE('',#10652,(#10760,#10921),.PCURVE_S1.);
#10652 = B_SPLINE_CURVE_WITH_KNOTS('',8,(#10653,#10654,#10655,#10656,
    #10657,#10658,#10659,#10660,#10661,#10662,#10663,#10664,#10665,
    #10666,#10667,#10668,#10669,#10670,#10671,#10672,#10673,#10674,
    #10675,#10676,#10677,#10678,#10679,#10680,#10681,#10682,#10683,
    #10684,#10685,#10686,#10687,#10688,#10689,#10690,#10691,#10692,
    #10693,#10694,#10695,#10696,#10697,#10698,#10699,#10700,#10701,
    #10702,#10703,#10704,#10705,#10706,#10707,#10708,#10709,#10710,
    #10711,#10712,#10713,#10714,#10715,#10716,#10717,#10718,#10719,
    #10720,#10721,#10722,#10723,#10724,#10725,#10726,#10727,#10728,
    #10729,#10730,#10731,#10732,#10733,#10734,#10735,#10736,#10737,
    #10738,#10739,#10740,#10741,#10742,#10743,#10744,#10745,#10746,
    #10747,#10748,#10749,#10750,#10751,#10752,#10753,#10754,#10755,
    #10756,#10757,#10758,#10759),.UNSPECIFIED.,.T.,.F.,(9,7,7,7,7,7,7,7,
    7,7,7,7,7,7,7,9),(0.,0.115655215365,0.345386395916,0.411851091582,
    0.473692532612,0.508459792131,0.578829605232,0.649218529907,
    0.72311361195,0.844827056651,0.94069783617,1.052108133758,
    1.107793860989,1.198377617229,1.246781225157,1.34841857101),
  .UNSPECIFIED.);
#10653 = CARTESIAN_POINT('',(9.7,8.,-394.2898804082));
#10654 = CARTESIAN_POINT('',(9.7,8.114498821126,-394.2892995747));
#10655 = CARTESIAN_POINT('',(9.69118653863,8.22899334314,-394.2887634711
    ));
#10656 = CARTESIAN_POINT('',(9.673560951806,8.3426756077,-394.2882761898
    ));
#10657 = CARTESIAN_POINT('',(9.647216312944,8.454756516834,
    -394.2878412617));
#10658 = CARTESIAN_POINT('',(9.612326765581,8.564466550386,
    -394.2874617075));
#10659 = CARTESIAN_POINT('',(9.569143262556,8.671058148995,
    -394.2871400464));
#10660 = CARTESIAN_POINT('',(9.517995711731,8.773809762612,
    -394.2868782655));
#10661 = CARTESIAN_POINT('',(9.342714619375,9.067133968236,
    -394.2862794475));
#10662 = CARTESIAN_POINT('',(9.196114591799,9.244760476984,
    -394.2861220535));
#10663 = CARTESIAN_POINT('',(9.022824556214,9.398945789562,
    -394.2862189695));
#10664 = CARTESIAN_POINT('',(8.827404021948,9.525257297819,
    -394.2865695518));
#10665 = CARTESIAN_POINT('',(8.614958408074,9.62020705808,
    -394.2871655943));
#10666 = CARTESIAN_POINT('',(8.391187981698,9.681408509646,
    -394.2879902854));
#10667 = CARTESIAN_POINT('',(8.162274280231,9.707459971423,
    -394.2890193753));
#10668 = CARTESIAN_POINT('',(7.869180550111,9.696236458151,
    -394.2905631251));
#10669 = CARTESIAN_POINT('',(7.803517329293,9.690807640815,
    -394.2909237626));
#10670 = CARTESIAN_POINT('',(7.738110664803,9.682473525862,
    -394.2912978363));
#10671 = CARTESIAN_POINT('',(7.673110528163,9.671248331654,
    -394.2916845133));
#10672 = CARTESIAN_POINT('',(7.608665464352,9.657155460712,
    -394.2920829212));
#10673 = CARTESIAN_POINT('',(7.544922379442,9.640227491731,
    -394.2924921496));
#10674 = CARTESIAN_POINT('',(7.482026328228,9.620506171588,
    -394.2929112507));
#10675 = CARTESIAN_POINT('',(7.362520431119,9.577141212547,
    -394.2937374604));
#10676 = CARTESIAN_POINT('',(7.305776517988,9.553865432614,
    -394.294143383));
#10677 = CARTESIAN_POINT('',(7.250003644149,9.528256129841,
    -394.2945562168));
#10678 = CARTESIAN_POINT('',(7.195313950153,9.500360736273,
    -394.2949751521));
#10679 = CARTESIAN_POINT('',(7.141816492557,9.470233009381,
    -394.2953993631));
#10680 = CARTESIAN_POINT('',(7.089617101065,9.437932987723,
    -394.2958280084));
#10681 = CARTESIAN_POINT('',(7.038818235665,9.403526946616,
    -394.2962602318));
#10682 = CARTESIAN_POINT('',(6.961802724559,9.346601013906,
    -394.2969396829));
#10683 = CARTESIAN_POINT('',(6.934560366497,9.325471815804,
    -394.2971850594));
#10684 = CARTESIAN_POINT('',(6.907809287016,9.303712596692,
    -394.2974311395));
#10685 = CARTESIAN_POINT('',(6.881566543765,9.281336736945,
    -394.2976777689));
#10686 = CARTESIAN_POINT('',(6.855848734608,9.258358160115,
    -394.2979247926));
#10687 = CARTESIAN_POINT('',(6.830671997631,9.234791332927,
    -394.2981720555));
#10688 = CARTESIAN_POINT('',(6.806052011137,9.210651265285,
    -394.2984194019));
#10689 = CARTESIAN_POINT('',(6.733330197681,9.135964629092,
    -394.2991671639));
#10690 = CARTESIAN_POINT('',(6.686998718708,9.083690104428,
    -394.299667364));
#10691 = CARTESIAN_POINT('',(6.643136437812,9.029259785268,
    -394.3001659735));
#10692 = CARTESIAN_POINT('',(6.601860764116,8.972810918753,
    -394.3006617007));
#10693 = CARTESIAN_POINT('',(6.563279438577,8.914487917046,
    -394.3011532666));
#10694 = CARTESIAN_POINT('',(6.527490337783,8.854442124213,
    -394.3016394068));
#10695 = CARTESIAN_POINT('',(6.49458127775,8.792831583103,
    -394.3021188743));
#10696 = CARTESIAN_POINT('',(6.434670223235,8.666792908388,
    -394.3030621361));
#10697 = CARTESIAN_POINT('',(6.407668901186,8.6023620493,-394.3035259409
    ));
#10698 = CARTESIAN_POINT('',(6.383703374498,8.53669302541,
    -394.3039806262));
#10699 = CARTESIAN_POINT('',(6.3628395823,8.469954402747,-394.3044250026
    ));
#10700 = CARTESIAN_POINT('',(6.34513182868,8.402318204974,
    -394.3048579221));
#10701 = CARTESIAN_POINT('',(6.330622731439,8.333959605448,
    -394.3052782799));
#10702 = CARTESIAN_POINT('',(6.319343170858,8.26505661928,
    -394.3056850165));
#10703 = CARTESIAN_POINT('',(6.302881275591,8.123072707331,
    -394.3064887528));
#10704 = CARTESIAN_POINT('',(6.298030346862,8.049952015669,
    -394.3068842732));
#10705 = CARTESIAN_POINT('',(6.296781370516,7.976636695416,
    -394.3072625091));
#10706 = CARTESIAN_POINT('',(6.29914153389,7.903335016935,
    -394.3076223677));
#10707 = CARTESIAN_POINT('',(6.305103487188,7.830254173354,
    -394.3079628352));
#10708 = CARTESIAN_POINT('',(6.314645537252,7.757599907968,
    -394.3082829781));
#10709 = CARTESIAN_POINT('',(6.327731841344,7.685576141649,
    -394.3085819439));
#10710 = CARTESIAN_POINT('',(6.371622961879,7.497124188619,
    -394.3093152418));
#10711 = CARTESIAN_POINT('',(6.408416840115,7.382107029255,
    -394.3097120359));
#10712 = CARTESIAN_POINT('',(6.454472003398,7.270244149392,
    -394.3100458506));
#10713 = CARTESIAN_POINT('',(6.509464009678,7.16239522469,
    -394.3103139711));
#10714 = CARTESIAN_POINT('',(6.572980959681,7.059371862115,
    -394.3105143701));
#10715 = CARTESIAN_POINT('',(6.644530278609,6.961936883866,
    -394.3106456768));
#10716 = CARTESIAN_POINT('',(6.723537526963,6.870799612371,
    -394.3107072071));
#10717 = CARTESIAN_POINT('',(6.876919629888,6.720290765312,
    -394.3106926324));
#10718 = CARTESIAN_POINT('',(6.948728269701,6.658271388907,
    -394.3106429757));
#10719 = CARTESIAN_POINT('',(7.024443162279,6.600865133216,
    -394.3105501039));
#10720 = CARTESIAN_POINT('',(7.103720443416,6.548354767555,
    -394.3104143269));
#10721 = CARTESIAN_POINT('',(7.186194753857,6.500991817959,
    -394.310236222));
#10722 = CARTESIAN_POINT('',(7.271480538584,6.458996768433,
    -394.3100166266));
#10723 = CARTESIAN_POINT('',(7.359172273868,6.422557369928,
    -394.3097566451));
#10724 = CARTESIAN_POINT('',(7.553049633976,6.356111400213,
    -394.3091102388));
#10725 = CARTESIAN_POINT('',(7.659935088684,6.328102885711,
    -394.3087101287));
#10726 = CARTESIAN_POINT('',(7.768834848066,6.308036879815,
    -394.3082595112));
#10727 = CARTESIAN_POINT('',(7.879063201759,6.296081920429,
    -394.3077610097));
#10728 = CARTESIAN_POINT('',(7.989919583883,6.292335239311,
    -394.3072176842));
#10729 = CARTESIAN_POINT('',(8.10067116806,6.296823050388,-394.306633119
    ));
#10730 = CARTESIAN_POINT('',(8.2106166117,6.309489209639,-394.3060111563
    ));
#10731 = CARTESIAN_POINT('',(8.373248038936,6.340563200338,
    -394.3050285593));
#10732 = CARTESIAN_POINT('',(8.42706775996,6.352930478013,
    -394.3046928165));
#10733 = CARTESIAN_POINT('',(8.48042159641,6.367293380432,
    -394.3043493135));
#10734 = CARTESIAN_POINT('',(8.5332225348,6.383631287903,-394.3039985963
    ));
#10735 = CARTESIAN_POINT('',(8.58538489829,6.401919036321,
    -394.3036412271));
#10736 = CARTESIAN_POINT('',(8.636824436272,6.422126938553,
    -394.303277784));
#10737 = CARTESIAN_POINT('',(8.687458413962,6.444220805822,
    -394.3029088599));
#10738 = CARTESIAN_POINT('',(8.818129422236,6.507106966395,
    -394.3019270079));
#10739 = CARTESIAN_POINT('',(8.896711325598,6.550942275058,
    -394.3013060245));
#10740 = CARTESIAN_POINT('',(8.972598496924,6.599500482367,
    -394.3006747517));
#10741 = CARTESIAN_POINT('',(9.045458369803,6.652585015149,
    -394.3000358736));
#10742 = CARTESIAN_POINT('',(9.114977940829,6.709972878111,
    -394.2993921092));
#10743 = CARTESIAN_POINT('',(9.180863990377,6.771416061622,
    -394.2987462038));
#10744 = CARTESIAN_POINT('',(9.242844309895,6.836641618959,
    -394.298100923));
#10745 = CARTESIAN_POINT('',(9.331569172355,6.942065091932,
    -394.2971160596));
#10746 = CARTESIAN_POINT('',(9.361282960332,6.979775387503,
    -394.2967740346));
#10747 = CARTESIAN_POINT('',(9.389773621304,7.018436162666,
    -394.2964333923));
#10748 = CARTESIAN_POINT('',(9.417005716504,7.058000845707,
    -394.2960945488));
#10749 = CARTESIAN_POINT('',(9.442946046745,7.098421430239,
    -394.295757916));
#10750 = CARTESIAN_POINT('',(9.467563652414,7.139648475204,
    -394.2954239017));
#10751 = CARTESIAN_POINT('',(9.490829813477,7.181631104868,
    -394.2950929098));
#10752 = CARTESIAN_POINT('',(9.558678718671,7.313948384854,
    -394.2940775124));
#10753 = CARTESIAN_POINT('',(9.598567253814,7.406686977806,
    -394.2934047239));
#10754 = CARTESIAN_POINT('',(9.632134283971,7.50204333313,
    -394.2927507223));
#10755 = CARTESIAN_POINT('',(9.659183913722,7.599512249504,
    -394.2921190644));
#10756 = CARTESIAN_POINT('',(9.679569289127,7.698575693204,
    -394.2915131231));
#10757 = CARTESIAN_POINT('',(9.693191240216,7.798704942235,
    -394.2909360838));
#10758 = CARTESIAN_POINT('',(9.7,7.899361960215,-394.2903909284));
#10759 = CARTESIAN_POINT('',(9.7,8.,-394.2898804082));
#10760 = PCURVE('',#9352,#10761);
#10761 = DEFINITIONAL_REPRESENTATION('',(#10762),#10920);
#10762 = B_SPLINE_CURVE_WITH_KNOTS('',3,(#10763,#10764,#10765,#10766,
    #10767,#10768,#10769,#10770,#10771,#10772,#10773,#10774,#10775,
    #10776,#10777,#10778,#10779,#10780,#10781,#10782,#10783,#10784,
    #10785,#10786,#10787,#10788,#10789,#10790,#10791,#10792,#10793,
    #10794,#10795,#10796,#10797,#10798,#10799,#10800,#10801,#10802,
    #10803,#10804,#10805,#10806,#10807,#10808,#10809,#10810,#10811,
    #10812,#10813,#10814,#10815,#10816,#10817,#10818,#10819,#10820,
    #10821,#10822,#10823,#10824,#10825,#10826,#10827,#10828,#10829,
    #10830,#10831,#10832,#10833,#10834,#10835,#10836,#10837,#10838,
    #10839,#10840,#10841,#10842,#10843,#10844,#10845,#10846,#10847,
    #10848,#10849,#10850,#10851,#10852,#10853,#10854,#10855,#10856,
    #10857,#10858,#10859,#10860,#10861,#10862,#10863,#10864,#10865,
    #10866,#10867,#10868,#10869,#10870,#10871,#10872,#10873,#10874,
    #10875,#10876,#10877,#10878,#10879,#10880,#10881,#10882,#10883,
    #10884,#10885,#10886,#10887,#10888,#10889,#10890,#10891,#10892,
    #10893,#10894,#10895,#10896,#10897,#10898,#10899,#10900,#10901,
    #10902,#10903,#10904,#10905,#10906,#10907,#10908,#10909,#10910,
    #10911,#10912,#10913,#10914,#10915,#10916,#10917,#10918,#10919),
  .UNSPECIFIED.,.T.,.F.,(4,1,1,1,1,1,1,1,1,1,1,1,1,1,1,1,1,1,1,1,1,1,1,1
    ,1,1,1,1,1,1,1,1,1,1,1,1,1,1,1,1,1,1,1,1,1,1,1,1,1,1,1,1,1,1,1,1,1,1
    ,1,1,1,1,1,1,1,1,1,1,1,1,1,1,1,1,1,1,1,1,1,1,1,1,1,1,1,1,1,1,1,1,1,1
    ,1,1,1,1,1,1,1,1,1,1,1,1,1,1,1,1,1,1,1,1,1,1,1,1,1,1,1,1,1,1,1,1,1,1
    ,1,1,1,1,1,1,1,1,1,1,1,1,1,1,1,1,1,1,1,1,1,1,1,1,1,1,1,1,4),(0.,
    8.75596474682E-03,1.751192949364E-02,2.626789424046E-02,
    3.502385898728E-02,4.37798237341E-02,5.253578848092E-02,
    6.129175322774E-02,7.004771797456E-02,7.880368272138E-02,
    8.75596474682E-02,9.631561221502E-02,0.105071576962,0.113827541709,
    0.122583506455,0.131339471202,0.140095435949,0.148851400696,
    0.157607365443,0.16636333019,0.175119294936,0.183875259683,
    0.19263122443,0.201387189177,0.210143153924,0.218899118671,
    0.227655083417,0.236411048164,0.245167012911,0.253922977658,
    0.262678942405,0.271434907151,0.280190871898,0.288946836645,
    0.297702801392,0.306458766139,0.315214730886,0.323970695632,
    0.332726660379,0.341482625126,0.350238589873,0.35899455462,
    0.367750519366,0.376506484113,0.38526244886,0.394018413607,
    0.402774378354,0.411530343101,0.420286307847,0.429042272594,
    0.437798237341,0.446554202088,0.455310166835,0.464066131581,
    0.472822096328,0.481578061075,0.490334025822,0.499089990569,
    0.507845955316,0.516601920062,0.525357884809,0.534113849556,
    0.542869814303,0.55162577905,0.560381743796,0.569137708543,
    0.57789367329,0.586649638037,0.595405602784,0.604161567531,
    0.612917532277,0.621673497024,0.630429461771,0.639185426518,
    0.647941391265,0.656697356012,0.665453320758,0.674209285505,
    0.682965250252,0.691721214999,0.700477179746,0.709233144492,
    0.717989109239,0.726745073986,0.735501038733,0.74425700348,
    0.753012968227,0.761768932973,0.77052489772,0.779280862467,
    0.788036827214,0.796792791961,0.805548756707,0.814304721454,
    0.823060686201,0.831816650948,0.840572615695,0.849328580442,
    0.858084545188,0.866840509935,0.875596474682,0.884352439429,
    0.893108404176,0.901864368922,0.910620333669,0.919376298416,
    0.928132263163,0.93688822791,0.945644192657,0.954400157403,
    0.96315612215,0.971912086897,0.980668051644,0.989424016391,
    0.998179981138,1.006935945884,1.015691910631,1.024447875378,
    1.033203840125,1.041959804872,1.050715769618,1.059471734365,
    1.068227699112,1.076983663859,1.085739628606,1.094495593353,
    1.103251558099,1.112007522846,1.120763487593,1.12951945234,
    1.138275417087,1.147031381833,1.15578734658,1.164543311327,
    1.173299276074,1.182055240821,1.190811205568,1.199567170314,
    1.208323135061,1.217079099808,1.225835064555,1.234591029302,
    1.243346994048,1.252102958795,1.260858923542,1.269614888289,
    1.278370853036,1.287126817783,1.295882782529,1.304638747276,
    1.313394712023,1.32215067677,1.330906641517,1.339662606264,
    1.34841857101),.QUASI_UNIFORM_KNOTS.);
#10763 = CARTESIAN_POINT('',(3.831239324091,4.728332637429));
#10764 = CARTESIAN_POINT('',(3.832657656472,4.728351289512));
#10765 = CARTESIAN_POINT('',(3.835532029011,4.728387765625));
#10766 = CARTESIAN_POINT('',(3.83995048109,4.728439933976));
#10767 = CARTESIAN_POINT('',(3.844469564467,4.728489493204));
#10768 = CARTESIAN_POINT('',(3.849083128855,4.728536385791));
#10769 = CARTESIAN_POINT('',(3.853785089377,4.728580557721));
#10770 = CARTESIAN_POINT('',(3.858569429752,4.728621958833));
#10771 = CARTESIAN_POINT('',(3.863430190672,4.728660542519));
#10772 = CARTESIAN_POINT('',(3.868361461224,4.728696265639));
#10773 = CARTESIAN_POINT('',(3.87335736618,4.728729088416));
#10774 = CARTESIAN_POINT('',(3.878412059926,4.728758974405));
#10775 = CARTESIAN_POINT('',(3.883519690977,4.728785890379));
#10776 = CARTESIAN_POINT('',(3.888674470224,4.728809806677));
#10777 = CARTESIAN_POINT('',(3.893870346128,4.728830695973));
#10778 = CARTESIAN_POINT('',(3.899102140476,4.728848538087));
#10779 = CARTESIAN_POINT('',(3.904366249326,4.728863318032));
#10780 = CARTESIAN_POINT('',(3.909655625845,4.728875012531));
#10781 = CARTESIAN_POINT('',(3.91496424036,4.728883606802));
#10782 = CARTESIAN_POINT('',(3.920285961327,4.728889089853));
#10783 = CARTESIAN_POINT('',(3.925614831719,4.728891455262));
#10784 = CARTESIAN_POINT('',(3.930944972733,4.72889070055));
#10785 = CARTESIAN_POINT('',(3.936270588417,4.728886827019));
#10786 = CARTESIAN_POINT('',(3.941585944171,4.728879839517));
#10787 = CARTESIAN_POINT('',(3.946885353053,4.728869746287));
#10788 = CARTESIAN_POINT('',(3.952163160723,4.728856558843));
#10789 = CARTESIAN_POINT('',(3.957413731401,4.72884029189));
#10790 = CARTESIAN_POINT('',(3.962631434183,4.728820963276));
#10791 = CARTESIAN_POINT('',(3.96781062986,4.728798593975));
#10792 = CARTESIAN_POINT('',(3.972945658212,4.7287732081));
#10793 = CARTESIAN_POINT('',(3.97803082582,4.728744832953));
#10794 = CARTESIAN_POINT('',(3.983060394423,4.728713499095));
#10795 = CARTESIAN_POINT('',(3.988028569894,4.728679240448));
#10796 = CARTESIAN_POINT('',(3.992929491895,4.728642094434));
#10797 = CARTESIAN_POINT('',(3.997757224339,4.728602102138));
#10798 = CARTESIAN_POINT('',(4.002505746638,4.728559308511));
#10799 = CARTESIAN_POINT('',(4.007168946395,4.728513762604));
#10800 = CARTESIAN_POINT('',(4.01174061164,4.728465517867));
#10801 = CARTESIAN_POINT('',(4.016214430501,4.728414632392));
#10802 = CARTESIAN_POINT('',(4.020583969608,4.728361169594));
#10803 = CARTESIAN_POINT('',(4.02484273935,4.728305197483));
#10804 = CARTESIAN_POINT('',(4.028983943484,4.72824679349));
#10805 = CARTESIAN_POINT('',(4.033002967044,4.728186006155));
#10806 = CARTESIAN_POINT('',(4.036893261715,4.728122912021));
#10807 = CARTESIAN_POINT('',(4.040648523163,4.72805758775));
#10808 = CARTESIAN_POINT('',(4.044262349149,4.727990114396));
#10809 = CARTESIAN_POINT('',(4.047728326388,4.727920576463));
#10810 = CARTESIAN_POINT('',(4.05104000797,4.727849062259));
#10811 = CARTESIAN_POINT('',(4.054190905942,4.727775664281));
#10812 = CARTESIAN_POINT('',(4.057174539442,4.727700478204));
#10813 = CARTESIAN_POINT('',(4.059984438826,4.727623603231));
#10814 = CARTESIAN_POINT('',(4.062614103429,4.72754514312));
#10815 = CARTESIAN_POINT('',(4.065057072108,4.727465204788));
#10816 = CARTESIAN_POINT('',(4.067306913779,4.727383898875));
#10817 = CARTESIAN_POINT('',(4.069357242643,4.727301339742));
#10818 = CARTESIAN_POINT('',(4.071201725549,4.727217645765));
#10819 = CARTESIAN_POINT('',(4.072834108172,4.727132938975));
#10820 = CARTESIAN_POINT('',(4.074248253674,4.727047344327));
#10821 = CARTESIAN_POINT('',(4.075438133321,4.726960990809));
#10822 = CARTESIAN_POINT('',(4.076397869475,4.726874010859));
#10823 = CARTESIAN_POINT('',(4.077121756339,4.726786539737));
#10824 = CARTESIAN_POINT('',(4.077604288972,4.726698716396));
#10825 = CARTESIAN_POINT('',(4.077840190484,4.726610683753));
#10826 = CARTESIAN_POINT('',(4.077824452623,4.726522586983));
#10827 = CARTESIAN_POINT('',(4.077552367178,4.726434573997));
#10828 = CARTESIAN_POINT('',(4.077019563832,4.726346795361));
#10829 = CARTESIAN_POINT('',(4.076222048051,4.726259404203));
#10830 = CARTESIAN_POINT('',(4.075156249264,4.726172556557));
#10831 = CARTESIAN_POINT('',(4.07381904459,4.726086409849));
#10832 = CARTESIAN_POINT('',(4.072207809766,4.726001122411));
#10833 = CARTESIAN_POINT('',(4.070320493716,4.725916855799));
#10834 = CARTESIAN_POINT('',(4.068155621809,4.725833771632));
#10835 = CARTESIAN_POINT('',(4.065712355928,4.725752032204));
#10836 = CARTESIAN_POINT('',(4.062990542219,4.72567180009));
#10837 = CARTESIAN_POINT('',(4.059990758516,4.72559323788));
#10838 = CARTESIAN_POINT('',(4.056714378895,4.725516508199));
#10839 = CARTESIAN_POINT('',(4.053163570639,4.725441772268));
#10840 = CARTESIAN_POINT('',(4.049341309731,4.725369188686));
#10841 = CARTESIAN_POINT('',(4.045251549479,4.725298915965));
#10842 = CARTESIAN_POINT('',(4.040899113781,4.725231109079));
#10843 = CARTESIAN_POINT('',(4.036289768458,4.725165919871));
#10844 = CARTESIAN_POINT('',(4.031430239354,4.725103496411));
#10845 = CARTESIAN_POINT('',(4.026328245802,4.725043982671));
#10846 = CARTESIAN_POINT('',(4.020992495165,4.724987517833));
#10847 = CARTESIAN_POINT('',(4.015432782525,4.724934236597));
#10848 = CARTESIAN_POINT('',(4.009659496151,4.724884264117));
#10849 = CARTESIAN_POINT('',(4.003684412509,4.724837723165));
#10850 = CARTESIAN_POINT('',(3.997520173864,4.724794728337));
#10851 = CARTESIAN_POINT('',(3.991180294888,4.724755386238));
#10852 = CARTESIAN_POINT('',(3.984679116907,4.724719795038));
#10853 = CARTESIAN_POINT('',(3.978031766726,4.724688044188));
#10854 = CARTESIAN_POINT('',(3.971254104839,4.724660214081));
#10855 = CARTESIAN_POINT('',(3.964362667429,4.724636375714));
#10856 = CARTESIAN_POINT('',(3.95737460109,4.724616590357));
#10857 = CARTESIAN_POINT('',(3.950307592362,4.724600909223));
#10858 = CARTESIAN_POINT('',(3.943179787802,4.724589373148));
#10859 = CARTESIAN_POINT('',(3.936009723525,4.724582012273));
#10860 = CARTESIAN_POINT('',(3.928816197388,4.724578845807));
#10861 = CARTESIAN_POINT('',(3.92161833756,4.724579881515));
#10862 = CARTESIAN_POINT('',(3.914434261491,4.724585116639));
#10863 = CARTESIAN_POINT('',(3.907282961051,4.724594537783));
#10864 = CARTESIAN_POINT('',(3.900183069217,4.724608120348));
#10865 = CARTESIAN_POINT('',(3.893152926053,4.724625828979));
#10866 = CARTESIAN_POINT('',(3.886210453067,4.724647617782));
#10867 = CARTESIAN_POINT('',(3.879373084119,4.724673430623));
#10868 = CARTESIAN_POINT('',(3.872657687712,4.724703201412));
#10869 = CARTESIAN_POINT('',(3.866080498274,4.724736854412));
#10870 = CARTESIAN_POINT('',(3.859657055482,4.724774304518));
#10871 = CARTESIAN_POINT('',(3.853402141402,4.724815457632));
#10872 = CARTESIAN_POINT('',(3.847329760008,4.72486021068));
#10873 = CARTESIAN_POINT('',(3.841452798906,4.724908454435));
#10874 = CARTESIAN_POINT('',(3.835783428144,4.724960070873));
#10875 = CARTESIAN_POINT('',(3.830332808998,4.725014935545));
#10876 = CARTESIAN_POINT('',(3.825111130938,4.725072917739));
#10877 = CARTESIAN_POINT('',(3.820127597206,4.725133881037));
#10878 = CARTESIAN_POINT('',(3.815390429026,4.725197683818));
#10879 = CARTESIAN_POINT('',(3.810906868295,4.725264179844));
#10880 = CARTESIAN_POINT('',(3.806683184262,4.725333218876));
#10881 = CARTESIAN_POINT('',(3.802724684542,4.725404647327));
#10882 = CARTESIAN_POINT('',(3.799035732354,4.725478308906));
#10883 = CARTESIAN_POINT('',(3.795619777182,4.725554045168));
#10884 = CARTESIAN_POINT('',(3.792479388892,4.725631696069));
#10885 = CARTESIAN_POINT('',(3.789616354074,4.725711099811));
#10886 = CARTESIAN_POINT('',(3.787031675331,4.72579209326));
#10887 = CARTESIAN_POINT('',(3.784725550926,4.725874513823));
#10888 = CARTESIAN_POINT('',(3.782697486776,4.72595819896));
#10889 = CARTESIAN_POINT('',(3.780946324176,4.726042986689));
#10890 = CARTESIAN_POINT('',(3.779470291379,4.726128715884));
#10891 = CARTESIAN_POINT('',(3.778267054758,4.726215225964));
#10892 = CARTESIAN_POINT('',(3.777333721391,4.726302360954));
#10893 = CARTESIAN_POINT('',(3.776666973352,4.726389962516));
#10894 = CARTESIAN_POINT('',(3.776263023948,4.72647787576));
#10895 = CARTESIAN_POINT('',(3.776117685837,4.72656594851));
#10896 = CARTESIAN_POINT('',(3.776226414056,4.726654031536));
#10897 = CARTESIAN_POINT('',(3.776584348608,4.726741978492));
#10898 = CARTESIAN_POINT('',(3.777186350716,4.726829645933));
#10899 = CARTESIAN_POINT('',(3.778027032432,4.726916893195));
#10900 = CARTESIAN_POINT('',(3.779100787588,4.727003582635));
#10901 = CARTESIAN_POINT('',(3.780401793462,4.727089578451));
#10902 = CARTESIAN_POINT('',(3.781924101679,4.727174750944));
#10903 = CARTESIAN_POINT('',(3.783661633304,4.727258973677));
#10904 = CARTESIAN_POINT('',(3.785608184413,4.727342122746));
#10905 = CARTESIAN_POINT('',(3.787757471306,4.727424078393));
#10906 = CARTESIAN_POINT('',(3.790103134608,4.727504724296));
#10907 = CARTESIAN_POINT('',(3.792638754187,4.727583947661));
#10908 = CARTESIAN_POINT('',(3.795357963386,4.727661641842));
#10909 = CARTESIAN_POINT('',(3.798254224475,4.727737699486));
#10910 = CARTESIAN_POINT('',(3.801321032474,4.727812018708));
#10911 = CARTESIAN_POINT('',(3.80455188897,4.727884501598));
#10912 = CARTESIAN_POINT('',(3.807940319332,4.727955054355));
#10913 = CARTESIAN_POINT('',(3.811479874231,4.728023587015));
#10914 = CARTESIAN_POINT('',(3.815164131507,4.728090013317));
#10915 = CARTESIAN_POINT('',(3.818986694345,4.728154250536));
#10916 = CARTESIAN_POINT('',(3.822941186729,4.728216219474));
#10917 = CARTESIAN_POINT('',(3.827021247034,4.728275843955));
#10918 = CARTESIAN_POINT('',(3.829820759663,4.728313982841));
#10919 = CARTESIAN_POINT('',(3.831239324091,4.728332637429));
#10920 = ( GEOMETRIC_REPRESENTATION_CONTEXT(2) 
PARAMETRIC_REPRESENTATION_CONTEXT() REPRESENTATION_CONTEXT('2D SPACE',''
  ) );
#10921 = PCURVE('',#1618,#10922);
#10922 = DEFINITIONAL_REPRESENTATION('',(#10923),#11081);
#10923 = B_SPLINE_CURVE_WITH_KNOTS('',3,(#10924,#10925,#10926,#10927,
    #10928,#10929,#10930,#10931,#10932,#10933,#10934,#10935,#10936,
    #10937,#10938,#10939,#10940,#10941,#10942,#10943,#10944,#10945,
    #10946,#10947,#10948,#10949,#10950,#10951,#10952,#10953,#10954,
    #10955,#10956,#10957,#10958,#10959,#10960,#10961,#10962,#10963,
    #10964,#10965,#10966,#10967,#10968,#10969,#10970,#10971,#10972,
    #10973,#10974,#10975,#10976,#10977,#10978,#10979,#10980,#10981,
    #10982,#10983,#10984,#10985,#10986,#10987,#10988,#10989,#10990,
    #10991,#10992,#10993,#10994,#10995,#10996,#10997,#10998,#10999,
    #11000,#11001,#11002,#11003,#11004,#11005,#11006,#11007,#11008,
    #11009,#11010,#11011,#11012,#11013,#11014,#11015,#11016,#11017,
    #11018,#11019,#11020,#11021,#11022,#11023,#11024,#11025,#11026,
    #11027,#11028,#11029,#11030,#11031,#11032,#11033,#11034,#11035,
    #11036,#11037,#11038,#11039,#11040,#11041,#11042,#11043,#11044,
    #11045,#11046,#11047,#11048,#11049,#11050,#11051,#11052,#11053,
    #11054,#11055,#11056,#11057,#11058,#11059,#11060,#11061,#11062,
    #11063,#11064,#11065,#11066,#11067,#11068,#11069,#11070,#11071,
    #11072,#11073,#11074,#11075,#11076,#11077,#11078,#11079,#11080),
  .UNSPECIFIED.,.F.,.F.,(4,1,1,1,1,1,1,1,1,1,1,1,1,1,1,1,1,1,1,1,1,1,1,1
    ,1,1,1,1,1,1,1,1,1,1,1,1,1,1,1,1,1,1,1,1,1,1,1,1,1,1,1,1,1,1,1,1,1,1
    ,1,1,1,1,1,1,1,1,1,1,1,1,1,1,1,1,1,1,1,1,1,1,1,1,1,1,1,1,1,1,1,1,1,1
    ,1,1,1,1,1,1,1,1,1,1,1,1,1,1,1,1,1,1,1,1,1,1,1,1,1,1,1,1,1,1,1,1,1,1
    ,1,1,1,1,1,1,1,1,1,1,1,1,1,1,1,1,1,1,1,1,1,1,1,1,1,1,1,1,4),(0.,
    8.75596474682E-03,1.751192949364E-02,2.626789424046E-02,
    3.502385898728E-02,4.37798237341E-02,5.253578848092E-02,
    6.129175322774E-02,7.004771797456E-02,7.880368272138E-02,
    8.75596474682E-02,9.631561221502E-02,0.105071576962,0.113827541709,
    0.122583506455,0.131339471202,0.140095435949,0.148851400696,
    0.157607365443,0.16636333019,0.175119294936,0.183875259683,
    0.19263122443,0.201387189177,0.210143153924,0.218899118671,
    0.227655083417,0.236411048164,0.245167012911,0.253922977658,
    0.262678942405,0.271434907151,0.280190871898,0.288946836645,
    0.297702801392,0.306458766139,0.315214730886,0.323970695632,
    0.332726660379,0.341482625126,0.350238589873,0.35899455462,
    0.367750519366,0.376506484113,0.38526244886,0.394018413607,
    0.402774378354,0.411530343101,0.420286307847,0.429042272594,
    0.437798237341,0.446554202088,0.455310166835,0.464066131581,
    0.472822096328,0.481578061075,0.490334025822,0.499089990569,
    0.507845955316,0.516601920062,0.525357884809,0.534113849556,
    0.542869814303,0.55162577905,0.560381743796,0.569137708543,
    0.57789367329,0.586649638037,0.595405602784,0.604161567531,
    0.612917532277,0.621673497024,0.630429461771,0.639185426518,
    0.647941391265,0.656697356012,0.665453320758,0.674209285505,
    0.682965250252,0.691721214999,0.700477179746,0.709233144492,
    0.717989109239,0.726745073986,0.735501038733,0.74425700348,
    0.753012968227,0.761768932973,0.77052489772,0.779280862467,
    0.788036827214,0.796792791961,0.805548756707,0.814304721454,
    0.823060686201,0.831816650948,0.840572615695,0.849328580442,
    0.858084545188,0.866840509935,0.875596474682,0.884352439429,
    0.893108404176,0.901864368922,0.910620333669,0.919376298416,
    0.928132263163,0.93688822791,0.945644192657,0.954400157403,
    0.96315612215,0.971912086897,0.980668051644,0.989424016391,
    0.998179981138,1.006935945884,1.015691910631,1.024447875378,
    1.033203840125,1.041959804872,1.050715769618,1.059471734365,
    1.068227699112,1.076983663859,1.085739628606,1.094495593353,
    1.103251558099,1.112007522846,1.120763487593,1.12951945234,
    1.138275417087,1.147031381833,1.15578734658,1.164543311327,
    1.173299276074,1.182055240821,1.190811205568,1.199567170314,
    1.208323135061,1.217079099808,1.225835064555,1.234591029302,
    1.243346994048,1.252102958795,1.260858923542,1.269614888289,
    1.278370853036,1.287126817783,1.295882782529,1.304638747276,
    1.313394712023,1.32215067677,1.330906641517,1.339662606264,
    1.34841857101),.QUASI_UNIFORM_KNOTS.);
#10924 = CARTESIAN_POINT('',(-6.217248937901E-14,2.010119591707));
#10925 = CARTESIAN_POINT('',(1.359755552561E-02,2.010236856738));
#10926 = CARTESIAN_POINT('',(4.079224647533E-02,2.01046659158));
#10927 = CARTESIAN_POINT('',(8.158240510461E-02,2.010796259974));
#10928 = CARTESIAN_POINT('',(0.122369911332,2.011110434636));
#10929 = CARTESIAN_POINT('',(0.163154540457,2.011408596505));
#10930 = CARTESIAN_POINT('',(0.203936305699,2.011690252646));
#10931 = CARTESIAN_POINT('',(0.244715431486,2.011954939768));
#10932 = CARTESIAN_POINT('',(0.285492258314,2.012202223049));
#10933 = CARTESIAN_POINT('',(0.326267175796,2.012431696437));
#10934 = CARTESIAN_POINT('',(0.367040536048,2.012642982702));
#10935 = CARTESIAN_POINT('',(0.407812626445,2.012835733932));
#10936 = CARTESIAN_POINT('',(0.448583417558,2.013009631417));
#10937 = CARTESIAN_POINT('',(0.489353128193,2.013164388491));
#10938 = CARTESIAN_POINT('',(0.530119709019,2.013299743088));
#10939 = CARTESIAN_POINT('',(0.570887782882,2.013415489401));
#10940 = CARTESIAN_POINT('',(0.611673803505,2.013511465738));
#10941 = CARTESIAN_POINT('',(0.652467342045,2.013587467218));
#10942 = CARTESIAN_POINT('',(0.693265945586,2.013643354977));
#10943 = CARTESIAN_POINT('',(0.734066340225,2.013679025986));
#10944 = CARTESIAN_POINT('',(0.774866578758,2.013694418249));
#10945 = CARTESIAN_POINT('',(0.815665285902,2.013689506927));
#10946 = CARTESIAN_POINT('',(0.856461706153,2.013664303263));
#10947 = CARTESIAN_POINT('',(0.897255556847,2.013618853082));
#10948 = CARTESIAN_POINT('',(0.938046949597,2.013553235697));
#10949 = CARTESIAN_POINT('',(0.978836306068,2.013467562977));
#10950 = CARTESIAN_POINT('',(1.019624284932,2.013361978607));
#10951 = CARTESIAN_POINT('',(1.060411712959,2.013236657513));
#10952 = CARTESIAN_POINT('',(1.101199519993,2.013091805441));
#10953 = CARTESIAN_POINT('',(1.141988676056,2.012927658684));
#10954 = CARTESIAN_POINT('',(1.182780129409,2.01274448394));
#10955 = CARTESIAN_POINT('',(1.223574744359,2.012542578307));
#10956 = CARTESIAN_POINT('',(1.264373237598,2.01232226941));
#10957 = CARTESIAN_POINT('',(1.30517611163,2.012083915664));
#10958 = CARTESIAN_POINT('',(1.345983584163,2.011827906665));
#10959 = CARTESIAN_POINT('',(1.386795510038,2.011554663755));
#10960 = CARTESIAN_POINT('',(1.427611299549,2.011264640695));
#10961 = CARTESIAN_POINT('',(1.468429808205,2.010958324688));
#10962 = CARTESIAN_POINT('',(1.509249278577,2.010636236938));
#10963 = CARTESIAN_POINT('',(1.550067018804,2.010298935884));
#10964 = CARTESIAN_POINT('',(1.590879978412,2.009947011507));
#10965 = CARTESIAN_POINT('',(1.6316818713,2.009581114085));
#10966 = CARTESIAN_POINT('',(1.672488570458,2.009201714039));
#10967 = CARTESIAN_POINT('',(1.7132979508,2.008809457825));
#10968 = CARTESIAN_POINT('',(1.754110540201,2.008404991341));
#10969 = CARTESIAN_POINT('',(1.794926289644,2.007988985688));
#10970 = CARTESIAN_POINT('',(1.835745325138,2.007562130014));
#10971 = CARTESIAN_POINT('',(1.876567686409,2.007125132574));
#10972 = CARTESIAN_POINT('',(1.917393131162,2.006678721864));
#10973 = CARTESIAN_POINT('',(1.958221694807,2.006223639247));
#10974 = CARTESIAN_POINT('',(1.999053532186,2.005760639751));
#10975 = CARTESIAN_POINT('',(2.039888314511,2.005290497179));
#10976 = CARTESIAN_POINT('',(2.080726002315,2.004813994381));
#10977 = CARTESIAN_POINT('',(2.121566531181,2.004331925444));
#10978 = CARTESIAN_POINT('',(2.16240980601,2.003845094445));
#10979 = CARTESIAN_POINT('',(2.203255535188,2.003354316054));
#10980 = CARTESIAN_POINT('',(2.244103397059,2.002860412208));
#10981 = CARTESIAN_POINT('',(2.284953373602,2.00236420673));
#10982 = CARTESIAN_POINT('',(2.325805174852,2.001866530782));
#10983 = CARTESIAN_POINT('',(2.366658495325,2.001368218405));
#10984 = CARTESIAN_POINT('',(2.407513260133,2.000870102063));
#10985 = CARTESIAN_POINT('',(2.448369176063,2.000373016688));
#10986 = CARTESIAN_POINT('',(2.489225550329,1.999877800377));
#10987 = CARTESIAN_POINT('',(2.530082020981,1.999385284092));
#10988 = CARTESIAN_POINT('',(2.570938261681,1.998896293793));
#10989 = CARTESIAN_POINT('',(2.611793939672,1.998411649461));
#10990 = CARTESIAN_POINT('',(2.652648662841,1.997932164274));
#10991 = CARTESIAN_POINT('',(2.693501713628,1.997458646236));
#10992 = CARTESIAN_POINT('',(2.734352653329,1.996991889885));
#10993 = CARTESIAN_POINT('',(2.775201411692,1.996532673551));
#10994 = CARTESIAN_POINT('',(2.816047053455,1.996081772307));
#10995 = CARTESIAN_POINT('',(2.856889126916,1.995639941211));
#10996 = CARTESIAN_POINT('',(2.897727208237,1.995207919191));
#10997 = CARTESIAN_POINT('',(2.938560902523,1.994786427646));
#10998 = CARTESIAN_POINT('',(2.979389774585,1.99437616997));
#10999 = CARTESIAN_POINT('',(3.020213105082,1.993977832666));
#11000 = CARTESIAN_POINT('',(3.061030426648,1.993592079171));
#11001 = CARTESIAN_POINT('',(3.101841884978,1.993219544798));
#11002 = CARTESIAN_POINT('',(3.142646613751,1.992860851506));
#11003 = CARTESIAN_POINT('',(3.183444335082,1.992516591852));
#11004 = CARTESIAN_POINT('',(3.224234843393,1.992187332928));
#11005 = CARTESIAN_POINT('',(3.265018048401,1.991873615057));
#11006 = CARTESIAN_POINT('',(3.305793816762,1.991575952222));
#11007 = CARTESIAN_POINT('',(3.346562066584,1.991294830806));
#11008 = CARTESIAN_POINT('',(3.387322068326,1.991030713351));
#11009 = CARTESIAN_POINT('',(3.428075960684,1.990784015656));
#11010 = CARTESIAN_POINT('',(3.468822820437,1.990555144592));
#11011 = CARTESIAN_POINT('',(3.509562445778,1.990344471636));
#11012 = CARTESIAN_POINT('',(3.55029495319,1.990152336079));
#11013 = CARTESIAN_POINT('',(3.591020767455,1.989979045089));
#11014 = CARTESIAN_POINT('',(3.63174051817,1.989824874397));
#11015 = CARTESIAN_POINT('',(3.672454970412,1.989690068603));
#11016 = CARTESIAN_POINT('',(3.713164951756,1.989574841374));
#11017 = CARTESIAN_POINT('',(3.753871284354,1.989479375442));
#11018 = CARTESIAN_POINT('',(3.794574709585,1.98940382246));
#11019 = CARTESIAN_POINT('',(3.835275830927,1.989348302673));
#11020 = CARTESIAN_POINT('',(3.875974969552,1.98931290436));
#11021 = CARTESIAN_POINT('',(3.91667231441,1.989297683454));
#11022 = CARTESIAN_POINT('',(3.957366931635,1.98930266157));
#11023 = CARTESIAN_POINT('',(3.998063736965,1.98932783059));
#11024 = CARTESIAN_POINT('',(4.038762264523,1.98937315207));
#11025 = CARTESIAN_POINT('',(4.079463034349,1.989438554197));
#11026 = CARTESIAN_POINT('',(4.120166594269,1.989523933306));
#11027 = CARTESIAN_POINT('',(4.160873672193,1.989629154081));
#11028 = CARTESIAN_POINT('',(4.201585038219,1.989754049879));
#11029 = CARTESIAN_POINT('',(4.242301447135,1.98989842279));
#11030 = CARTESIAN_POINT('',(4.2830235646,1.990062043577));
#11031 = CARTESIAN_POINT('',(4.32375187781,1.990244651315));
#11032 = CARTESIAN_POINT('',(4.36448666855,1.990445953297));
#11033 = CARTESIAN_POINT('',(4.405227721113,1.9906656231));
#11034 = CARTESIAN_POINT('',(4.445976311281,1.990903312256));
#11035 = CARTESIAN_POINT('',(4.486732287429,1.991158635094));
#11036 = CARTESIAN_POINT('',(4.527495801071,1.991431178172));
#11037 = CARTESIAN_POINT('',(4.568266927908,1.991720498731));
#11038 = CARTESIAN_POINT('',(4.609045676216,1.992026125197));
#11039 = CARTESIAN_POINT('',(4.649831929669,1.992347557436));
#11040 = CARTESIAN_POINT('',(4.690625457002,1.992684267477));
#11041 = CARTESIAN_POINT('',(4.731425950577,1.993035700523));
#11042 = CARTESIAN_POINT('',(4.772233085255,1.993401276172));
#11043 = CARTESIAN_POINT('',(4.813046577863,1.993780389774));
#11044 = CARTESIAN_POINT('',(4.853866185681,1.994172413451));
#11045 = CARTESIAN_POINT('',(4.894691715298,1.994576697329));
#11046 = CARTESIAN_POINT('',(4.935522593357,1.994992567556));
#11047 = CARTESIAN_POINT('',(4.97635797766,1.995419326792));
#11048 = CARTESIAN_POINT('',(5.017197504284,1.995856262722));
#11049 = CARTESIAN_POINT('',(5.058040730828,1.996302644868));
#11050 = CARTESIAN_POINT('',(5.098887231568,1.996757726325));
#11051 = CARTESIAN_POINT('',(5.139736552657,1.997220744735));
#11052 = CARTESIAN_POINT('',(5.180587913936,1.997690920098));
#11053 = CARTESIAN_POINT('',(5.221441969677,1.998167476608));
#11054 = CARTESIAN_POINT('',(5.262297397108,1.998649604518));
#11055 = CARTESIAN_POINT('',(5.303153524847,1.999136491637));
#11056 = CARTESIAN_POINT('',(5.344009859203,1.999627319636));
#11057 = CARTESIAN_POINT('',(5.384866094114,2.000121265661));
#11058 = CARTESIAN_POINT('',(5.42572199557,2.000617502457));
#11059 = CARTESIAN_POINT('',(5.466577335568,2.001115198992));
#11060 = CARTESIAN_POINT('',(5.507431767654,2.00161352038));
#11061 = CARTESIAN_POINT('',(5.548284883561,2.002111629992));
#11062 = CARTESIAN_POINT('',(5.589135583739,2.002608683303));
#11063 = CARTESIAN_POINT('',(5.629984056535,2.003103853475));
#11064 = CARTESIAN_POINT('',(5.670830409932,2.003596316064));
#11065 = CARTESIAN_POINT('',(5.711674290298,2.004085245786));
#11066 = CARTESIAN_POINT('',(5.752515625705,2.004569826943));
#11067 = CARTESIAN_POINT('',(5.793354259836,2.005049250388));
#11068 = CARTESIAN_POINT('',(5.834189968776,2.005522715221));
#11069 = CARTESIAN_POINT('',(5.875023851294,2.005989445775));
#11070 = CARTESIAN_POINT('',(5.915854731088,2.006448651682));
#11071 = CARTESIAN_POINT('',(5.956682308099,2.00689956595));
#11072 = CARTESIAN_POINT('',(5.997506420853,2.00734143739));
#11073 = CARTESIAN_POINT('',(6.038327130074,2.007773532691));
#11074 = CARTESIAN_POINT('',(6.079144591065,2.008195136015));
#11075 = CARTESIAN_POINT('',(6.119958986811,2.00860554944));
#11076 = CARTESIAN_POINT('',(6.160770450712,2.009004093078));
#11077 = CARTESIAN_POINT('',(6.201578975027,2.009390106221));
#11078 = CARTESIAN_POINT('',(6.242384375384,2.009762945285));
#11079 = CARTESIAN_POINT('',(6.269585470305,2.010002311152));
#11080 = CARTESIAN_POINT('',(6.28318530718,2.010119591707));
#11081 = ( GEOMETRIC_REPRESENTATION_CONTEXT(2) 
PARAMETRIC_REPRESENTATION_CONTEXT() REPRESENTATION_CONTEXT('2D SPACE',''
  ) );
#11082 = FACE_BOUND('',#11083,.F.);
#11083 = EDGE_LOOP('',(#11084));
#11084 = ORIENTED_EDGE('',*,*,#11085,.T.);
#11085 = EDGE_CURVE('',#11086,#11086,#11088,.T.);
#11086 = VERTEX_POINT('',#11087);
#11087 = CARTESIAN_POINT('',(-6.3,8.,-394.3071276689));
#11088 = SURFACE_CURVE('',#11089,(#11205,#11366),.PCURVE_S1.);
#11089 = B_SPLINE_CURVE_WITH_KNOTS('',8,(#11090,#11091,#11092,#11093,
    #11094,#11095,#11096,#11097,#11098,#11099,#11100,#11101,#11102,
    #11103,#11104,#11105,#11106,#11107,#11108,#11109,#11110,#11111,
    #11112,#11113,#11114,#11115,#11116,#11117,#11118,#11119,#11120,
    #11121,#11122,#11123,#11124,#11125,#11126,#11127,#11128,#11129,
    #11130,#11131,#11132,#11133,#11134,#11135,#11136,#11137,#11138,
    #11139,#11140,#11141,#11142,#11143,#11144,#11145,#11146,#11147,
    #11148,#11149,#11150,#11151,#11152,#11153,#11154,#11155,#11156,
    #11157,#11158,#11159,#11160,#11161,#11162,#11163,#11164,#11165,
    #11166,#11167,#11168,#11169,#11170,#11171,#11172,#11173,#11174,
    #11175,#11176,#11177,#11178,#11179,#11180,#11181,#11182,#11183,
    #11184,#11185,#11186,#11187,#11188,#11189,#11190,#11191,#11192,
    #11193,#11194,#11195,#11196,#11197,#11198,#11199,#11200,#11201,
    #11202,#11203,#11204),.UNSPECIFIED.,.T.,.F.,(9,7,7,7,7,7,7,7,7,7,7,7
    ,7,7,7,7,1,9),(0.,7.196057456266E-02,0.124613766174,0.151002651123,
    0.197916755401,0.247004070663,0.338495168922,0.510337970994,
    0.560054685608,0.606313127691,0.632319624857,0.684957433261,
    0.737609537438,0.792884306532,0.883928018342,0.955640980185,1.,
    1.008681835332),.UNSPECIFIED.);
#11090 = CARTESIAN_POINT('',(-6.3,8.,-394.3071276689));
#11091 = CARTESIAN_POINT('',(-6.3,8.095242496409,-394.3066445406));
#11092 = CARTESIAN_POINT('',(-6.306098247336,8.190516171813,
    -394.3061303194));
#11093 = CARTESIAN_POINT('',(-6.318301688405,8.285354915286,
    -394.3055873344));
#11094 = CARTESIAN_POINT('',(-6.336572802827,8.37929896691,
    -394.3050181078));
#11095 = CARTESIAN_POINT('',(-6.360833163431,8.471895541296,
    -394.3044253342));
#11096 = CARTESIAN_POINT('',(-6.390964687694,8.562700002636,
    -394.303811868));
#11097 = CARTESIAN_POINT('',(-6.42680858062,8.651277591303,
    -394.3031807198));
#11098 = CARTESIAN_POINT('',(-6.498420036088,8.80007886975,
    -394.3020626384));
#11099 = CARTESIAN_POINT('',(-6.531629642288,8.861537293653,
    -394.3015824179));
#11100 = CARTESIAN_POINT('',(-6.567712351954,8.921416650532,
    -394.3010956325));
#11101 = CARTESIAN_POINT('',(-6.606579499568,8.979559208515,
    -394.300603532));
#11102 = CARTESIAN_POINT('',(-6.648132402572,9.035814045219,
    -394.3001073827));
#11103 = CARTESIAN_POINT('',(-6.692262574122,9.090037265939,
    -394.2996084647));
#11104 = CARTESIAN_POINT('',(-6.73885193583,9.142092221836,
    -394.2991080701));
#11105 = CARTESIAN_POINT('',(-6.812291451901,9.216787344808,
    -394.2983566242));
#11106 = CARTESIAN_POINT('',(-6.837395766732,9.241148103611,
    -394.2981057015));
#11107 = CARTESIAN_POINT('',(-6.863070003461,9.2649158419,
    -394.2978548957));
#11108 = CARTESIAN_POINT('',(-6.889297707152,9.288074975342,
    -394.2976043694));
#11109 = CARTESIAN_POINT('',(-6.916061939472,9.310610497917,
    -394.2973542847));
#11110 = CARTESIAN_POINT('',(-6.943345278698,9.332507981919,
    -394.2971048032));
#11111 = CARTESIAN_POINT('',(-6.971129819712,9.353753577953,
    -394.2968560858));
#11112 = CARTESIAN_POINT('',(-7.049650817144,9.410921872615,
    -394.2961677682));
#11113 = CARTESIAN_POINT('',(-7.101431020799,9.445407838777,
    -394.2957301611));
#11114 = CARTESIAN_POINT('',(-7.154634071222,9.47771710961,
    -394.2952963775));
#11115 = CARTESIAN_POINT('',(-7.20915259832,9.507781457439,
    -394.2948673082));
#11116 = CARTESIAN_POINT('',(-7.264875729438,9.535539277124,
    -394.2944438283));
#11117 = CARTESIAN_POINT('',(-7.321689243153,9.560935632456,
    -394.2940267957));
#11118 = CARTESIAN_POINT('',(-7.379475723062,9.583922302551,
    -394.2936170508));
#11119 = CARTESIAN_POINT('',(-7.499470045098,9.625944625021,
    -394.2927951741));
#11120 = CARTESIAN_POINT('',(-7.561759968902,9.64474836625,
    -394.2923838023));
#11121 = CARTESIAN_POINT('',(-7.624846430586,9.660821645697,
    -394.2919822404));
#11122 = CARTESIAN_POINT('',(-7.688589504939,9.674125770781,
    -394.2915913946));
#11123 = CARTESIAN_POINT('',(-7.752847592401,9.684630768368,
    -394.2912121352));
#11124 = CARTESIAN_POINT('',(-7.817477617527,9.692315390545,
    -394.290845296));
#11125 = CARTESIAN_POINT('',(-7.882335227459,9.6971671204,
    -394.2904916726));
#11126 = CARTESIAN_POINT('',(-8.068312578186,9.70293793046,
    -394.2895189665));
#11127 = CARTESIAN_POINT('',(-8.189652874962,9.696839997823,
    -394.2889343603));
#11128 = CARTESIAN_POINT('',(-8.310337965319,9.680859799493,
    -394.2884032081));
#11129 = CARTESIAN_POINT('',(-8.429431390666,9.655085209447,
    -394.2879298148));
#11130 = CARTESIAN_POINT('',(-8.54601922288,9.61970581335,
    -394.2875178554));
#11131 = CARTESIAN_POINT('',(-8.659213323003,9.575007123153,
    -394.2871703871));
#11132 = CARTESIAN_POINT('',(-8.768156785004,9.521373748974,
    -394.286889806));
#11133 = CARTESIAN_POINT('',(-9.06713396826,9.342714619358,
    -394.2862794475));
#11134 = CARTESIAN_POINT('',(-9.244760477017,9.196114591765,
    -394.2861220535));
#11135 = CARTESIAN_POINT('',(-9.398945789586,9.022824556194,
    -394.2862189695));
#11136 = CARTESIAN_POINT('',(-9.525257297848,8.827404021883,
    -394.2865695518));
#11137 = CARTESIAN_POINT('',(-9.620207058106,8.614958408031,
    -394.2871655943));
#11138 = CARTESIAN_POINT('',(-9.681408509661,8.391187981627,
    -394.2879902854));
#11139 = CARTESIAN_POINT('',(-9.707459971431,8.162274280158,
    -394.2890193753));
#11140 = CARTESIAN_POINT('',(-9.696236458145,7.869180550033,
    -394.2905631251));
#11141 = CARTESIAN_POINT('',(-9.690807640805,7.803517329217,
    -394.2909237626));
#11142 = CARTESIAN_POINT('',(-9.68247352585,7.73811066473,
    -394.2912978363));
#11143 = CARTESIAN_POINT('',(-9.67124833164,7.673110528092,
    -394.2916845133));
#11144 = CARTESIAN_POINT('',(-9.657155460696,7.608665464283,
    -394.2920829212));
#11145 = CARTESIAN_POINT('',(-9.640227491713,7.544922379376,
    -394.2924921496));
#11146 = CARTESIAN_POINT('',(-9.620506171568,7.482026328165,
    -394.2929112507));
#11147 = CARTESIAN_POINT('',(-9.577141212523,7.362520431061,
    -394.2937374604));
#11148 = CARTESIAN_POINT('',(-9.553865432589,7.305776517932,
    -394.294143383));
#11149 = CARTESIAN_POINT('',(-9.528256129814,7.250003644094,
    -394.2945562168));
#11150 = CARTESIAN_POINT('',(-9.500360736245,7.1953139501,
    -394.2949751521));
#11151 = CARTESIAN_POINT('',(-9.470233009351,7.141816492506,
    -394.2953993631));
#11152 = CARTESIAN_POINT('',(-9.437932987692,7.089617101016,
    -394.2958280084));
#11153 = CARTESIAN_POINT('',(-9.403526946583,7.038818235618,
    -394.2962602318));
#11154 = CARTESIAN_POINT('',(-9.346601013872,6.961802724515,
    -394.2969396829));
#11155 = CARTESIAN_POINT('',(-9.325471815769,6.934560366453,
    -394.2971850594));
#11156 = CARTESIAN_POINT('',(-9.303712596656,6.907809286974,
    -394.2974311395));
#11157 = CARTESIAN_POINT('',(-9.281336736909,6.881566543723,
    -394.2976777689));
#11158 = CARTESIAN_POINT('',(-9.258358160078,6.855848734567,
    -394.2979247926));
#11159 = CARTESIAN_POINT('',(-9.23479133289,6.830671997591,
    -394.2981720555));
#11160 = CARTESIAN_POINT('',(-9.210651265247,6.806052011098,
    -394.2984194019));
#11161 = CARTESIAN_POINT('',(-9.135964629043,6.733330197636,
    -394.2991671639));
#11162 = CARTESIAN_POINT('',(-9.083690104367,6.686998718657,
    -394.299667364));
#11163 = CARTESIAN_POINT('',(-9.029259785195,6.643136437756,
    -394.3001659735));
#11164 = CARTESIAN_POINT('',(-8.972810918668,6.601860764056,
    -394.3006617007));
#11165 = CARTESIAN_POINT('',(-8.914487916948,6.563279438514,
    -394.3011532666));
#11166 = CARTESIAN_POINT('',(-8.854442124102,6.527490337718,
    -394.3016394068));
#11167 = CARTESIAN_POINT('',(-8.792831582978,6.494581277684,
    -394.3021188743));
#11168 = CARTESIAN_POINT('',(-8.666792908244,6.434670223174,
    -394.3030621361));
#11169 = CARTESIAN_POINT('',(-8.602362049151,6.407668901129,
    -394.3035259409));
#11170 = CARTESIAN_POINT('',(-8.536693025256,6.383703374446,
    -394.3039806262));
#11171 = CARTESIAN_POINT('',(-8.469954402588,6.362839582254,
    -394.3044250026));
#11172 = CARTESIAN_POINT('',(-8.40231820481,6.345131828639,
    -394.3048579221));
#11173 = CARTESIAN_POINT('',(-8.33395960528,6.330622731405,
    -394.3052782799));
#11174 = CARTESIAN_POINT('',(-8.265056619108,6.31934317083,
    -394.3056850165));
#11175 = CARTESIAN_POINT('',(-8.123072707144,6.302881275577,
    -394.3064887528));
#11176 = CARTESIAN_POINT('',(-8.049952015473,6.298030346856,
    -394.3068842732));
#11177 = CARTESIAN_POINT('',(-7.976636695211,6.296781370518,
    -394.3072625091));
#11178 = CARTESIAN_POINT('',(-7.903335016721,6.299141533901,
    -394.3076223677));
#11179 = CARTESIAN_POINT('',(-7.830254173131,6.305103487209,
    -394.3079628352));
#11180 = CARTESIAN_POINT('',(-7.757599907738,6.314645537285,
    -394.3082829781));
#11181 = CARTESIAN_POINT('',(-7.685576141411,6.327731841388,
    -394.3085819439));
#11182 = CARTESIAN_POINT('',(-7.497124188327,6.371622961965,
    -394.3093152418));
#11183 = CARTESIAN_POINT('',(-7.382107028917,6.408416840239,
    -394.3097120359));
#11184 = CARTESIAN_POINT('',(-7.270244149014,6.454472003567,
    -394.3100458506));
#11185 = CARTESIAN_POINT('',(-7.162395224278,6.5094640099,
    -394.3103139711));
#11186 = CARTESIAN_POINT('',(-7.059371861674,6.572980959961,
    -394.3105143701));
#11187 = CARTESIAN_POINT('',(-6.961936883405,6.644530278953,
    -394.3106456768));
#11188 = CARTESIAN_POINT('',(-6.870799611899,6.723537527376,
    -394.3107072071));
#11189 = CARTESIAN_POINT('',(-6.72029076488,6.876919630383,
    -394.3106926324));
#11190 = CARTESIAN_POINT('',(-6.658271388516,6.948728270203,
    -394.3106429757));
#11191 = CARTESIAN_POINT('',(-6.600865132867,7.024443162784,
    -394.3105501039));
#11192 = CARTESIAN_POINT('',(-6.548354767247,7.10372044392,
    -394.3104143269));
#11193 = CARTESIAN_POINT('',(-6.500991817691,7.186194754357,
    -394.310236222));
#11194 = CARTESIAN_POINT('',(-6.458996768202,7.271480539077,
    -394.3100166266));
#11195 = CARTESIAN_POINT('',(-6.422557369734,7.359172274352,
    -394.3097566451));
#11196 = CARTESIAN_POINT('',(-6.372815170282,7.504311044484,
    -394.3092727381));
#11197 = CARTESIAN_POINT('',(-6.35269507214,7.571542154343,
    -394.3090337635));
#11198 = CARTESIAN_POINT('',(-6.335747403012,7.639715251482,
    -394.308773918));
#11199 = CARTESIAN_POINT('',(-6.322023914885,7.708656065003,
    -394.308493823));
#11200 = CARTESIAN_POINT('',(-6.311564848492,7.778187723,-394.3081941715
    ));
#11201 = CARTESIAN_POINT('',(-6.304398790522,7.848128877148,
    -394.3078757385));
#11202 = CARTESIAN_POINT('',(-6.300542486848,7.918295988813,
    -394.3075393699));
#11203 = CARTESIAN_POINT('',(-6.3,7.988507338453,-394.3071859668));
#11204 = CARTESIAN_POINT('',(-6.3,8.,-394.3071276689));
#11205 = PCURVE('',#9352,#11206);
#11206 = DEFINITIONAL_REPRESENTATION('',(#11207),#11365);
#11207 = B_SPLINE_CURVE_WITH_KNOTS('',3,(#11208,#11209,#11210,#11211,
    #11212,#11213,#11214,#11215,#11216,#11217,#11218,#11219,#11220,
    #11221,#11222,#11223,#11224,#11225,#11226,#11227,#11228,#11229,
    #11230,#11231,#11232,#11233,#11234,#11235,#11236,#11237,#11238,
    #11239,#11240,#11241,#11242,#11243,#11244,#11245,#11246,#11247,
    #11248,#11249,#11250,#11251,#11252,#11253,#11254,#11255,#11256,
    #11257,#11258,#11259,#11260,#11261,#11262,#11263,#11264,#11265,
    #11266,#11267,#11268,#11269,#11270,#11271,#11272,#11273,#11274,
    #11275,#11276,#11277,#11278,#11279,#11280,#11281,#11282,#11283,
    #11284,#11285,#11286,#11287,#11288,#11289,#11290,#11291,#11292,
    #11293,#11294,#11295,#11296,#11297,#11298,#11299,#11300,#11301,
    #11302,#11303,#11304,#11305,#11306,#11307,#11308,#11309,#11310,
    #11311,#11312,#11313,#11314,#11315,#11316,#11317,#11318,#11319,
    #11320,#11321,#11322,#11323,#11324,#11325,#11326,#11327,#11328,
    #11329,#11330,#11331,#11332,#11333,#11334,#11335,#11336,#11337,
    #11338,#11339,#11340,#11341,#11342,#11343,#11344,#11345,#11346,
    #11347,#11348,#11349,#11350,#11351,#11352,#11353,#11354,#11355,
    #11356,#11357,#11358,#11359,#11360,#11361,#11362,#11363,#11364),
  .UNSPECIFIED.,.T.,.F.,(4,1,1,1,1,1,1,1,1,1,1,1,1,1,1,1,1,1,1,1,1,1,1,1
    ,1,1,1,1,1,1,1,1,1,1,1,1,1,1,1,1,1,1,1,1,1,1,1,1,1,1,1,1,1,1,1,1,1,1
    ,1,1,1,1,1,1,1,1,1,1,1,1,1,1,1,1,1,1,1,1,1,1,1,1,1,1,1,1,1,1,1,1,1,1
    ,1,1,1,1,1,1,1,1,1,1,1,1,1,1,1,1,1,1,1,1,1,1,1,1,1,1,1,1,1,1,1,1,1,1
    ,1,1,1,1,1,1,1,1,1,1,1,1,1,1,1,1,1,1,1,1,1,1,1,1,1,1,1,1,4),(0.,
    6.549882047612E-03,1.309976409522E-02,1.964964614284E-02,
    2.619952819045E-02,3.274941023806E-02,3.929929228567E-02,
    4.584917433328E-02,5.23990563809E-02,5.894893842851E-02,
    6.549882047612E-02,7.204870252373E-02,7.859858457134E-02,
    8.514846661895E-02,9.169834866657E-02,9.824823071418E-02,
    0.104798112762,0.111347994809,0.117897876857,0.124447758905,
    0.130997640952,0.137547523,0.144097405047,0.150647287095,
    0.157197169143,0.16374705119,0.170296933238,0.176846815286,
    0.183396697333,0.189946579381,0.196496461428,0.203046343476,
    0.209596225524,0.216146107571,0.222695989619,0.229245871666,
    0.235795753714,0.242345635762,0.248895517809,0.255445399857,
    0.261995281904,0.268545163952,0.275095046,0.281644928047,
    0.288194810095,0.294744692143,0.30129457419,0.307844456238,
    0.314394338285,0.320944220333,0.327494102381,0.334043984428,
    0.340593866476,0.347143748523,0.353693630571,0.360243512619,
    0.366793394666,0.373343276714,0.379893158761,0.386443040809,
    0.392992922857,0.399542804904,0.406092686952,0.412642569,
    0.419192451047,0.425742333095,0.432292215142,0.43884209719,
    0.445391979238,0.451941861285,0.458491743333,0.46504162538,
    0.471591507428,0.478141389476,0.484691271523,0.491241153571,
    0.497791035619,0.504340917666,0.510890799714,0.517440681761,
    0.523990563809,0.530540445857,0.537090327904,0.543640209952,
    0.550190091999,0.556739974047,0.563289856095,0.569839738142,
    0.57638962019,0.582939502237,0.589489384285,0.596039266333,
    0.60258914838,0.609139030428,0.615688912476,0.622238794523,
    0.628788676571,0.635338558618,0.641888440666,0.648438322714,
    0.654988204761,0.661538086809,0.668087968856,0.674637850904,
    0.681187732952,0.687737614999,0.694287497047,0.700837379094,
    0.707387261142,0.71393714319,0.720487025237,0.727036907285,
    0.733586789333,0.74013667138,0.746686553428,0.753236435475,
    0.759786317523,0.766336199571,0.772886081618,0.779435963666,
    0.785985845713,0.792535727761,0.799085609809,0.805635491856,
    0.812185373904,0.818735255951,0.825285137999,0.831835020047,
    0.838384902094,0.844934784142,0.85148466619,0.858034548237,
    0.864584430285,0.871134312332,0.87768419438,0.884234076428,
    0.890783958475,0.897333840523,0.90388372257,0.910433604618,
    0.916983486666,0.923533368713,0.930083250761,0.936633132809,
    0.943183014856,0.949732896904,0.956282778951,0.962832660999,
    0.969382543047,0.975932425094,0.982482307142,0.989032189189,
    0.995582071237,1.002131953285,1.008681835332),
  .QUASI_UNIFORM_KNOTS.);
#11208 = CARTESIAN_POINT('',(5.379461361277,4.725301109184));
#11209 = CARTESIAN_POINT('',(5.378056714821,4.725324140064));
#11210 = CARTESIAN_POINT('',(5.375335229897,4.725371023578));
#11211 = CARTESIAN_POINT('',(5.371520284527,4.725443655454));
#11212 = CARTESIAN_POINT('',(5.36797684744,4.725518435904));
#11213 = CARTESIAN_POINT('',(5.364707856156,4.72559520472));
#11214 = CARTESIAN_POINT('',(5.361715471148,4.725673800804));
#11215 = CARTESIAN_POINT('',(5.359001005694,4.7257540623));
#11216 = CARTESIAN_POINT('',(5.356565010161,4.725835826957));
#11217 = CARTESIAN_POINT('',(5.354407312268,4.725918932405));
#11218 = CARTESIAN_POINT('',(5.352527067636,4.726003216282));
#11219 = CARTESIAN_POINT('',(5.350922799054,4.726088516739));
#11220 = CARTESIAN_POINT('',(5.349592454042,4.726174671317));
#11221 = CARTESIAN_POINT('',(5.348533382072,4.726261521691));
#11222 = CARTESIAN_POINT('',(5.347742431795,4.726348912123));
#11223 = CARTESIAN_POINT('',(5.347216030274,4.726436686112));
#11224 = CARTESIAN_POINT('',(5.346950173874,4.726524690707));
#11225 = CARTESIAN_POINT('',(5.346940485688,4.726612775407));
#11226 = CARTESIAN_POINT('',(5.347182251414,4.72670079246));
#11227 = CARTESIAN_POINT('',(5.347670457945,4.726788596854));
#11228 = CARTESIAN_POINT('',(5.348399825657,4.726876046013));
#11229 = CARTESIAN_POINT('',(5.349364846221,4.726963000854));
#11230 = CARTESIAN_POINT('',(5.350559812468,4.727049326371));
#11231 = CARTESIAN_POINT('',(5.351978844713,4.727134890189));
#11232 = CARTESIAN_POINT('',(5.353615915244,4.727219563534));
#11233 = CARTESIAN_POINT('',(5.355464883398,4.727303221415));
#11234 = CARTESIAN_POINT('',(5.357519501698,4.727385742191));
#11235 = CARTESIAN_POINT('',(5.359773433952,4.727467007461));
#11236 = CARTESIAN_POINT('',(5.362220295597,4.727546902989));
#11237 = CARTESIAN_POINT('',(5.364853658012,4.72762531827));
#11238 = CARTESIAN_POINT('',(5.367667061529,4.727702146501));
#11239 = CARTESIAN_POINT('',(5.370654017442,4.7277772843));
#11240 = CARTESIAN_POINT('',(5.373808034229,4.727850631996));
#11241 = CARTESIAN_POINT('',(5.377122658867,4.727922094595));
#11242 = CARTESIAN_POINT('',(5.380591396883,4.727991579527));
#11243 = CARTESIAN_POINT('',(5.384207804851,4.728058998602));
#11244 = CARTESIAN_POINT('',(5.387965468957,4.728124267375));
#11245 = CARTESIAN_POINT('',(5.391858002262,4.728187305045));
#11246 = CARTESIAN_POINT('',(5.395879065766,4.728248034622));
#11247 = CARTESIAN_POINT('',(5.400022269413,4.72830638151));
#11248 = CARTESIAN_POINT('',(5.404281595805,4.728362279169));
#11249 = CARTESIAN_POINT('',(5.408650722834,4.728415659642));
#11250 = CARTESIAN_POINT('',(5.413123386273,4.728466459154));
#11251 = CARTESIAN_POINT('',(5.417693409092,4.728514618187));
#11252 = CARTESIAN_POINT('',(5.422354686484,4.728560081159));
#11253 = CARTESIAN_POINT('',(5.427101181204,4.728602796251));
#11254 = CARTESIAN_POINT('',(5.431926914773,4.728642715239));
#11255 = CARTESIAN_POINT('',(5.436825957898,4.728679793367));
#11256 = CARTESIAN_POINT('',(5.441792421136,4.728713989258));
#11257 = CARTESIAN_POINT('',(5.446820438318,4.728745264838));
#11258 = CARTESIAN_POINT('',(5.451904171459,4.728773585359));
#11259 = CARTESIAN_POINT('',(5.457037729552,4.728798919208));
#11260 = CARTESIAN_POINT('',(5.462215402627,4.728821238677));
#11261 = CARTESIAN_POINT('',(5.467430712821,4.728840517271));
#11262 = CARTESIAN_POINT('',(5.472680745658,4.728856743062));
#11263 = CARTESIAN_POINT('',(5.477959197906,4.728869892733));
#11264 = CARTESIAN_POINT('',(5.483259750786,4.728879948456));
#11265 = CARTESIAN_POINT('',(5.488576271903,4.728886897265));
#11266 = CARTESIAN_POINT('',(5.493902737042,4.728890730691));
#11267 = CARTESIAN_POINT('',(5.499233228338,4.728891444416));
#11268 = CARTESIAN_POINT('',(5.504561913101,4.728889037998));
#11269 = CARTESIAN_POINT('',(5.509883028813,4.728883514636));
#11270 = CARTESIAN_POINT('',(5.515190867323,4.728874880994));
#11271 = CARTESIAN_POINT('',(5.520479760018,4.728863147062));
#11272 = CARTESIAN_POINT('',(5.525744063417,4.728848326053));
#11273 = CARTESIAN_POINT('',(5.530978145292,4.728830434343));
#11274 = CARTESIAN_POINT('',(5.536176371248,4.728809491437));
#11275 = CARTESIAN_POINT('',(5.541333091791,4.728785519971));
#11276 = CARTESIAN_POINT('',(5.546442629893,4.728758545744));
#11277 = CARTESIAN_POINT('',(5.551499269076,4.728728597776));
#11278 = CARTESIAN_POINT('',(5.556497242094,4.728695708399));
#11279 = CARTESIAN_POINT('',(5.561430720245,4.728659913374));
#11280 = CARTESIAN_POINT('',(5.566293803478,4.728621252047));
#11281 = CARTESIAN_POINT('',(5.571080511096,4.72857976753));
#11282 = CARTESIAN_POINT('',(5.575784774362,4.728535506917));
#11283 = CARTESIAN_POINT('',(5.580400426625,4.728488521577));
#11284 = CARTESIAN_POINT('',(5.584921208087,4.728438867312));
#11285 = CARTESIAN_POINT('',(5.58934072201,4.728386605265));
#11286 = CARTESIAN_POINT('',(5.593652579183,4.72833180023));
#11287 = CARTESIAN_POINT('',(5.597849847775,4.728274528913));
#11288 = CARTESIAN_POINT('',(5.60192713918,4.728214850864));
#11289 = CARTESIAN_POINT('',(5.605878873686,4.728152827869));
#11290 = CARTESIAN_POINT('',(5.609698500168,4.728088538537));
#11291 = CARTESIAN_POINT('',(5.613379697238,4.728022061317));
#11292 = CARTESIAN_POINT('',(5.616916047222,4.727953479217));
#11293 = CARTESIAN_POINT('',(5.620301119373,4.727882878749));
#11294 = CARTESIAN_POINT('',(5.623528449216,4.727810350316));
#11295 = CARTESIAN_POINT('',(5.626591530563,4.727735988578));
#11296 = CARTESIAN_POINT('',(5.629483913663,4.727659890439));
#11297 = CARTESIAN_POINT('',(5.632199091643,4.727582158002));
#11298 = CARTESIAN_POINT('',(5.634730588221,4.727502896567));
#11299 = CARTESIAN_POINT('',(5.637071955075,4.727422215052));
#11300 = CARTESIAN_POINT('',(5.639216782811,4.727340226081));
#11301 = CARTESIAN_POINT('',(5.641158713217,4.727257046062));
#11302 = CARTESIAN_POINT('',(5.64289144437,4.727172795629));
#11303 = CARTESIAN_POINT('',(5.644408789039,4.727087598049));
#11304 = CARTESIAN_POINT('',(5.645704659108,4.727001580677));
#11305 = CARTESIAN_POINT('',(5.64677310481,4.72691487416));
#11306 = CARTESIAN_POINT('',(5.647608333241,4.726827612846));
#11307 = CARTESIAN_POINT('',(5.648204744008,4.726739933326));
#11308 = CARTESIAN_POINT('',(5.648556945916,4.726651977264));
#11309 = CARTESIAN_POINT('',(5.648659800812,4.726563888631));
#11310 = CARTESIAN_POINT('',(5.648508454639,4.726475814119));
#11311 = CARTESIAN_POINT('',(5.648098373202,4.726387903043));
#11312 = CARTESIAN_POINT('',(5.647425380903,4.726300307408));
#11313 = CARTESIAN_POINT('',(5.646485699763,4.726213181707));
#11314 = CARTESIAN_POINT('',(5.645276001159,4.726126683507));
#11315 = CARTESIAN_POINT('',(5.643793405541,4.72604096971));
#11316 = CARTESIAN_POINT('',(5.64203559941,4.725956201176));
#11317 = CARTESIAN_POINT('',(5.64000082863,4.725872539336));
#11318 = CARTESIAN_POINT('',(5.637687951577,4.725790146268));
#11319 = CARTESIAN_POINT('',(5.635096486667,4.725709184435));
#11320 = CARTESIAN_POINT('',(5.632226665119,4.725629816527));
#11321 = CARTESIAN_POINT('',(5.62907947313,4.725552205017));
#11322 = CARTESIAN_POINT('',(5.625656733183,4.72547651256));
#11323 = CARTESIAN_POINT('',(5.621960991915,4.725402898079));
#11324 = CARTESIAN_POINT('',(5.617995774424,4.725331520896));
#11325 = CARTESIAN_POINT('',(5.61376548477,4.725262537537));
#11326 = CARTESIAN_POINT('',(5.609275446799,4.725196101427));
#11327 = CARTESIAN_POINT('',(5.604531933248,4.725132362457));
#11328 = CARTESIAN_POINT('',(5.599542198542,4.725071466614));
#11329 = CARTESIAN_POINT('',(5.594314479972,4.725013555327));
#11330 = CARTESIAN_POINT('',(5.588858088548,4.724958765736));
#11331 = CARTESIAN_POINT('',(5.583183135268,4.724907227441));
#11332 = CARTESIAN_POINT('',(5.577300697104,4.724859064019));
#11333 = CARTESIAN_POINT('',(5.571223075664,4.724814394503));
#11334 = CARTESIAN_POINT('',(5.564963367135,4.724773329137));
#11335 = CARTESIAN_POINT('',(5.558535537143,4.72473597013));
#11336 = CARTESIAN_POINT('',(5.551954351675,4.724702411054));
#11337 = CARTESIAN_POINT('',(5.545235337112,4.724672736593));
#11338 = CARTESIAN_POINT('',(5.5383947233,4.724647022188));
#11339 = CARTESIAN_POINT('',(5.531449381845,4.724625333709));
#11340 = CARTESIAN_POINT('',(5.524416758827,4.724607727119));
#11341 = CARTESIAN_POINT('',(5.517314795601,4.724594248149));
#11342 = CARTESIAN_POINT('',(5.510161867313,4.724584931987));
#11343 = CARTESIAN_POINT('',(5.502976631251,4.724579802979));
#11344 = CARTESIAN_POINT('',(5.495778191989,4.724578874311));
#11345 = CARTESIAN_POINT('',(5.488585063703,4.724582147898));
#11346 = CARTESIAN_POINT('',(5.481415795154,4.724589615552));
#11347 = CARTESIAN_POINT('',(5.474289284646,4.724601257816));
#11348 = CARTESIAN_POINT('',(5.467223999608,4.724617044342));
#11349 = CARTESIAN_POINT('',(5.460238075686,4.724636934116));
#11350 = CARTESIAN_POINT('',(5.453349184764,4.724660875746));
#11351 = CARTESIAN_POINT('',(5.446574471159,4.724688807748));
#11352 = CARTESIAN_POINT('',(5.439930474962,4.724720658849));
#11353 = CARTESIAN_POINT('',(5.433433072129,4.724756348254));
#11354 = CARTESIAN_POINT('',(5.427097397812,4.724795786083));
#11355 = CARTESIAN_POINT('',(5.420937860511,4.724838873162));
#11356 = CARTESIAN_POINT('',(5.414967846925,4.724885503219));
#11357 = CARTESIAN_POINT('',(5.409199867853,4.7249355623));
#11358 = CARTESIAN_POINT('',(5.403645569187,4.724988928815));
#11359 = CARTESIAN_POINT('',(5.398315591046,4.725045474924));
#11360 = CARTESIAN_POINT('',(5.393219609645,4.725105066737));
#11361 = CARTESIAN_POINT('',(5.388366292726,4.725167564782));
#11362 = CARTESIAN_POINT('',(5.383763422202,4.725232825096));
#11363 = CARTESIAN_POINT('',(5.380866084708,4.72527807392));
#11364 = CARTESIAN_POINT('',(5.379461361277,4.725301109184));
#11365 = ( GEOMETRIC_REPRESENTATION_CONTEXT(2) 
PARAMETRIC_REPRESENTATION_CONTEXT() REPRESENTATION_CONTEXT('2D SPACE',''
  ) );
#11366 = PCURVE('',#1879,#11367);
#11367 = DEFINITIONAL_REPRESENTATION('',(#11368),#11526);
#11368 = B_SPLINE_CURVE_WITH_KNOTS('',3,(#11369,#11370,#11371,#11372,
    #11373,#11374,#11375,#11376,#11377,#11378,#11379,#11380,#11381,
    #11382,#11383,#11384,#11385,#11386,#11387,#11388,#11389,#11390,
    #11391,#11392,#11393,#11394,#11395,#11396,#11397,#11398,#11399,
    #11400,#11401,#11402,#11403,#11404,#11405,#11406,#11407,#11408,
    #11409,#11410,#11411,#11412,#11413,#11414,#11415,#11416,#11417,
    #11418,#11419,#11420,#11421,#11422,#11423,#11424,#11425,#11426,
    #11427,#11428,#11429,#11430,#11431,#11432,#11433,#11434,#11435,
    #11436,#11437,#11438,#11439,#11440,#11441,#11442,#11443,#11444,
    #11445,#11446,#11447,#11448,#11449,#11450,#11451,#11452,#11453,
    #11454,#11455,#11456,#11457,#11458,#11459,#11460,#11461,#11462,
    #11463,#11464,#11465,#11466,#11467,#11468,#11469,#11470,#11471,
    #11472,#11473,#11474,#11475,#11476,#11477,#11478,#11479,#11480,
    #11481,#11482,#11483,#11484,#11485,#11486,#11487,#11488,#11489,
    #11490,#11491,#11492,#11493,#11494,#11495,#11496,#11497,#11498,
    #11499,#11500,#11501,#11502,#11503,#11504,#11505,#11506,#11507,
    #11508,#11509,#11510,#11511,#11512,#11513,#11514,#11515,#11516,
    #11517,#11518,#11519,#11520,#11521,#11522,#11523,#11524,#11525),
  .UNSPECIFIED.,.F.,.F.,(4,1,1,1,1,1,1,1,1,1,1,1,1,1,1,1,1,1,1,1,1,1,1,1
    ,1,1,1,1,1,1,1,1,1,1,1,1,1,1,1,1,1,1,1,1,1,1,1,1,1,1,1,1,1,1,1,1,1,1
    ,1,1,1,1,1,1,1,1,1,1,1,1,1,1,1,1,1,1,1,1,1,1,1,1,1,1,1,1,1,1,1,1,1,1
    ,1,1,1,1,1,1,1,1,1,1,1,1,1,1,1,1,1,1,1,1,1,1,1,1,1,1,1,1,1,1,1,1,1,1
    ,1,1,1,1,1,1,1,1,1,1,1,1,1,1,1,1,1,1,1,1,1,1,1,1,1,1,1,1,4),(0.,
    6.549882047612E-03,1.309976409522E-02,1.964964614284E-02,
    2.619952819045E-02,3.274941023806E-02,3.929929228567E-02,
    4.584917433328E-02,5.23990563809E-02,5.894893842851E-02,
    6.549882047612E-02,7.204870252373E-02,7.859858457134E-02,
    8.514846661895E-02,9.169834866657E-02,9.824823071418E-02,
    0.104798112762,0.111347994809,0.117897876857,0.124447758905,
    0.130997640952,0.137547523,0.144097405047,0.150647287095,
    0.157197169143,0.16374705119,0.170296933238,0.176846815286,
    0.183396697333,0.189946579381,0.196496461428,0.203046343476,
    0.209596225524,0.216146107571,0.222695989619,0.229245871666,
    0.235795753714,0.242345635762,0.248895517809,0.255445399857,
    0.261995281904,0.268545163952,0.275095046,0.281644928047,
    0.288194810095,0.294744692143,0.30129457419,0.307844456238,
    0.314394338285,0.320944220333,0.327494102381,0.334043984428,
    0.340593866476,0.347143748523,0.353693630571,0.360243512619,
    0.366793394666,0.373343276714,0.379893158761,0.386443040809,
    0.392992922857,0.399542804904,0.406092686952,0.412642569,
    0.419192451047,0.425742333095,0.432292215142,0.43884209719,
    0.445391979238,0.451941861285,0.458491743333,0.46504162538,
    0.471591507428,0.478141389476,0.484691271523,0.491241153571,
    0.497791035619,0.504340917666,0.510890799714,0.517440681761,
    0.523990563809,0.530540445857,0.537090327904,0.543640209952,
    0.550190091999,0.556739974047,0.563289856095,0.569839738142,
    0.57638962019,0.582939502237,0.589489384285,0.596039266333,
    0.60258914838,0.609139030428,0.615688912476,0.622238794523,
    0.628788676571,0.635338558618,0.641888440666,0.648438322714,
    0.654988204761,0.661538086809,0.668087968856,0.674637850904,
    0.681187732952,0.687737614999,0.694287497047,0.700837379094,
    0.707387261142,0.71393714319,0.720487025237,0.727036907285,
    0.733586789333,0.74013667138,0.746686553428,0.753236435475,
    0.759786317523,0.766336199571,0.772886081618,0.779435963666,
    0.785985845713,0.792535727761,0.799085609809,0.805635491856,
    0.812185373904,0.818735255951,0.825285137999,0.831835020047,
    0.838384902094,0.844934784142,0.85148466619,0.858034548237,
    0.864584430285,0.871134312332,0.87768419438,0.884234076428,
    0.890783958475,0.897333840523,0.90388372257,0.910433604618,
    0.916983486666,0.923533368713,0.930083250761,0.936633132809,
    0.943183014856,0.949732896904,0.956282778951,0.962832660999,
    0.969382543047,0.975932425094,0.982482307142,0.989032189189,
    0.995582071237,1.002131953285,1.008681835332),
  .QUASI_UNIFORM_KNOTS.);
#11369 = CARTESIAN_POINT('',(-7.194245199571E-14,1.992872331019));
#11370 = CARTESIAN_POINT('',(1.359848251399E-02,1.992989594692));
#11371 = CARTESIAN_POINT('',(4.079816090867E-02,1.993228937259));
#11372 = CARTESIAN_POINT('',(8.160490376465E-02,1.993601772212));
#11373 = CARTESIAN_POINT('',(0.122417832391,1.993987811901));
#11374 = CARTESIAN_POINT('',(0.163236343597,1.994386411298));
#11375 = CARTESIAN_POINT('',(0.204059997647,1.994796907419));
#11376 = CARTESIAN_POINT('',(0.24488847893,1.995218617165));
#11377 = CARTESIAN_POINT('',(0.2857214962,1.995650838444));
#11378 = CARTESIAN_POINT('',(0.326558714465,1.996092850437));
#11379 = CARTESIAN_POINT('',(0.367399627167,1.996543913384));
#11380 = CARTESIAN_POINT('',(0.408243624791,1.99700327052));
#11381 = CARTESIAN_POINT('',(0.449089309725,1.997470141301));
#11382 = CARTESIAN_POINT('',(0.489936586941,1.997943746719));
#11383 = CARTESIAN_POINT('',(0.530785757994,1.998423300915));
#11384 = CARTESIAN_POINT('',(0.571635833303,1.998907992818));
#11385 = CARTESIAN_POINT('',(0.612486447437,1.999397009687));
#11386 = CARTESIAN_POINT('',(0.653337239701,1.999889531384));
#11387 = CARTESIAN_POINT('',(0.694187900492,2.00038473236));
#11388 = CARTESIAN_POINT('',(0.73503808306,2.000881782083));
#11389 = CARTESIAN_POINT('',(0.775887192123,2.001379843936));
#11390 = CARTESIAN_POINT('',(0.816734814285,2.001878081851));
#11391 = CARTESIAN_POINT('',(0.857580929877,2.002375664393));
#11392 = CARTESIAN_POINT('',(0.898425201537,2.002871757526));
#11393 = CARTESIAN_POINT('',(0.939267378126,2.003365530976));
#11394 = CARTESIAN_POINT('',(0.980107360001,2.003856160394));
#11395 = CARTESIAN_POINT('',(1.020944952255,2.004342825834));
#11396 = CARTESIAN_POINT('',(1.061779787596,2.004824712239));
#11397 = CARTESIAN_POINT('',(1.102611766642,2.005301016015));
#11398 = CARTESIAN_POINT('',(1.143440831128,2.005770943699));
#11399 = CARTESIAN_POINT('',(1.184266934672,2.006233712948));
#11400 = CARTESIAN_POINT('',(1.225089883828,2.006688552077));
#11401 = CARTESIAN_POINT('',(1.26590950823,2.007134703107));
#11402 = CARTESIAN_POINT('',(1.306726158409,2.007571428728));
#11403 = CARTESIAN_POINT('',(1.34753948125,2.00799799994));
#11404 = CARTESIAN_POINT('',(1.388349518464,2.008413709175));
#11405 = CARTESIAN_POINT('',(1.429156357251,2.008817867628));
#11406 = CARTESIAN_POINT('',(1.469960058942,2.009209805806));
#11407 = CARTESIAN_POINT('',(1.510760805198,2.009588875761));
#11408 = CARTESIAN_POINT('',(1.551557899502,2.009954443383));
#11409 = CARTESIAN_POINT('',(1.59235384824,2.010305925028));
#11410 = CARTESIAN_POINT('',(1.633147712365,2.010642729211));
#11411 = CARTESIAN_POINT('',(1.673938804709,2.010964292569));
#11412 = CARTESIAN_POINT('',(1.714726882391,2.011270081476));
#11413 = CARTESIAN_POINT('',(1.755511972815,2.011559591004));
#11414 = CARTESIAN_POINT('',(1.796294309819,2.011832344783));
#11415 = CARTESIAN_POINT('',(1.837074250462,2.012087894819));
#11416 = CARTESIAN_POINT('',(1.877852200027,2.012325821514));
#11417 = CARTESIAN_POINT('',(1.918628549436,2.012545733853));
#11418 = CARTESIAN_POINT('',(1.959403564979,2.012747269626));
#11419 = CARTESIAN_POINT('',(2.000177450558,2.012930096251));
#11420 = CARTESIAN_POINT('',(2.040949745911,2.013093910109));
#11421 = CARTESIAN_POINT('',(2.081721171589,2.013238442131));
#11422 = CARTESIAN_POINT('',(2.122486300004,2.013363440797));
#11423 = CARTESIAN_POINT('',(2.163267205979,2.013468759303));
#11424 = CARTESIAN_POINT('',(2.204059206957,2.013554187481));
#11425 = CARTESIAN_POINT('',(2.244857607433,2.01361956153));
#11426 = CARTESIAN_POINT('',(2.285659142414,2.013664760274));
#11427 = CARTESIAN_POINT('',(2.326461365014,2.013689703063));
#11428 = CARTESIAN_POINT('',(2.367262617697,2.013694347672));
#11429 = CARTESIAN_POINT('',(2.408061874451,2.013678688576));
#11430 = CARTESIAN_POINT('',(2.448858639934,2.013642755476));
#11431 = CARTESIAN_POINT('',(2.489652851398,2.013586612065));
#11432 = CARTESIAN_POINT('',(2.530444794115,2.013510355012));
#11433 = CARTESIAN_POINT('',(2.571235024202,2.01341411313));
#11434 = CARTESIAN_POINT('',(2.612024297731,2.013298046732));
#11435 = CARTESIAN_POINT('',(2.652813504117,2.013162347133));
#11436 = CARTESIAN_POINT('',(2.693603602347,2.013007236314));
#11437 = CARTESIAN_POINT('',(2.734395558742,2.012832966713));
#11438 = CARTESIAN_POINT('',(2.775190285007,2.012639821163));
#11439 = CARTESIAN_POINT('',(2.815988575437,2.01242811295));
#11440 = CARTESIAN_POINT('',(2.856791041763,2.012198186014));
#11441 = CARTESIAN_POINT('',(2.897598045065,2.011950415278));
#11442 = CARTESIAN_POINT('',(2.938409619836,2.011685207144));
#11443 = CARTESIAN_POINT('',(2.979225400261,2.011403000057));
#11444 = CARTESIAN_POINT('',(3.020044501387,2.011104265562));
#11445 = CARTESIAN_POINT('',(3.060865520219,2.010789508346));
#11446 = CARTESIAN_POINT('',(3.101686027358,2.010459270937));
#11447 = CARTESIAN_POINT('',(3.142503882452,2.010114122036));
#11448 = CARTESIAN_POINT('',(3.183311648011,2.009754707029));
#11449 = CARTESIAN_POINT('',(3.224116986562,2.00938156461));
#11450 = CARTESIAN_POINT('',(3.26492703737,2.008995248866));
#11451 = CARTESIAN_POINT('',(3.305739750652,2.008596418628));
#11452 = CARTESIAN_POINT('',(3.346555716366,2.008185729931));
#11453 = CARTESIAN_POINT('',(3.387374897386,2.007763864415));
#11454 = CARTESIAN_POINT('',(3.428197390522,2.007331521458));
#11455 = CARTESIAN_POINT('',(3.469023161469,2.006889419453));
#11456 = CARTESIAN_POINT('',(3.509851855971,2.006438296787));
#11457 = CARTESIAN_POINT('',(3.550683932735,2.005978898367));
#11458 = CARTESIAN_POINT('',(3.591519035053,2.00551199226));
#11459 = CARTESIAN_POINT('',(3.632357067454,2.00503835644));
#11460 = CARTESIAN_POINT('',(3.6731979718,2.004558780036));
#11461 = CARTESIAN_POINT('',(3.714041671553,2.004074062663));
#11462 = CARTESIAN_POINT('',(3.754888018876,2.003585013673));
#11463 = CARTESIAN_POINT('',(3.795736557786,2.003092453634));
#11464 = CARTESIAN_POINT('',(3.836587294891,2.00259720377));
#11465 = CARTESIAN_POINT('',(3.877439953913,2.002100093443));
#11466 = CARTESIAN_POINT('',(3.918294330479,2.001601954492));
#11467 = CARTESIAN_POINT('',(3.959150062455,2.001103622577));
#11468 = CARTESIAN_POINT('',(4.000007266623,2.000605928019));
#11469 = CARTESIAN_POINT('',(4.040865171519,2.000109710954));
#11470 = CARTESIAN_POINT('',(4.081723343325,1.999615804955));
#11471 = CARTESIAN_POINT('',(4.122581428313,1.999125038745));
#11472 = CARTESIAN_POINT('',(4.163439119675,1.998638235124));
#11473 = CARTESIAN_POINT('',(4.204296036563,1.998156210926));
#11474 = CARTESIAN_POINT('',(4.245151721518,1.99767977562));
#11475 = CARTESIAN_POINT('',(4.286005254098,1.99720973437));
#11476 = CARTESIAN_POINT('',(4.326856895837,1.996746867611));
#11477 = CARTESIAN_POINT('',(4.367705755522,1.996291956318));
#11478 = CARTESIAN_POINT('',(4.408551260435,1.995845763983));
#11479 = CARTESIAN_POINT('',(4.449392957068,1.995409037539));
#11480 = CARTESIAN_POINT('',(4.490230462024,1.994982506584));
#11481 = CARTESIAN_POINT('',(4.531063340071,1.994566883367));
#11482 = CARTESIAN_POINT('',(4.571891119497,1.994162861438));
#11483 = CARTESIAN_POINT('',(4.612712837479,1.993771118874));
#11484 = CARTESIAN_POINT('',(4.653528891438,1.99339229929));
#11485 = CARTESIAN_POINT('',(4.694338510577,1.993027034629));
#11486 = CARTESIAN_POINT('',(4.735141246192,1.992675930425));
#11487 = CARTESIAN_POINT('',(4.775936843063,1.992339566024));
#11488 = CARTESIAN_POINT('',(4.816725177773,1.992018494281));
#11489 = CARTESIAN_POINT('',(4.857506131826,1.991713241701));
#11490 = CARTESIAN_POINT('',(4.898279660476,1.991424307314));
#11491 = CARTESIAN_POINT('',(4.939045155841,1.991152166203));
#11492 = CARTESIAN_POINT('',(4.979803458814,1.99089725564));
#11493 = CARTESIAN_POINT('',(5.020555435581,1.990659984834));
#11494 = CARTESIAN_POINT('',(5.06130012669,1.990440744534));
#11495 = CARTESIAN_POINT('',(5.102037627767,1.990239888294));
#11496 = CARTESIAN_POINT('',(5.142768198966,1.990057738474));
#11497 = CARTESIAN_POINT('',(5.183492392176,1.989894585438));
#11498 = CARTESIAN_POINT('',(5.224210916066,1.989750688362));
#11499 = CARTESIAN_POINT('',(5.264924578128,1.989626275392));
#11500 = CARTESIAN_POINT('',(5.305634212577,1.989521543763));
#11501 = CARTESIAN_POINT('',(5.346340604258,1.989436659712));
#11502 = CARTESIAN_POINT('',(5.387044443512,1.989371758234));
#11503 = CARTESIAN_POINT('',(5.427746146542,1.98932694265));
#11504 = CARTESIAN_POINT('',(5.468446153092,1.989302284074));
#11505 = CARTESIAN_POINT('',(5.509143405569,1.989297820453));
#11506 = CARTESIAN_POINT('',(5.549840598811,1.98931355638));
#11507 = CARTESIAN_POINT('',(5.590540063836,1.989349468749));
#11508 = CARTESIAN_POINT('',(5.631241396363,1.989405500958));
#11509 = CARTESIAN_POINT('',(5.671945269081,1.989481564226));
#11510 = CARTESIAN_POINT('',(5.712652301314,1.989577537948));
#11511 = CARTESIAN_POINT('',(5.7533632622,1.989693270081));
#11512 = CARTESIAN_POINT('',(5.79407891922,1.989828577293));
#11513 = CARTESIAN_POINT('',(5.834799993962,1.989983245001));
#11514 = CARTESIAN_POINT('',(5.875527050465,1.990157027006));
#11515 = CARTESIAN_POINT('',(5.916260537264,1.990349645794));
#11516 = CARTESIAN_POINT('',(5.957000257951,1.99056078955));
#11517 = CARTESIAN_POINT('',(5.997746972866,1.990790120789));
#11518 = CARTESIAN_POINT('',(6.038501208666,1.991037271327));
#11519 = CARTESIAN_POINT('',(6.079262918676,1.991301840319));
#11520 = CARTESIAN_POINT('',(6.120032249116,1.991583398734));
#11521 = CARTESIAN_POINT('',(6.160809197293,1.991881488114));
#11522 = CARTESIAN_POINT('',(6.201593634321,1.99219562039));
#11523 = CARTESIAN_POINT('',(6.242385329068,1.992525282083));
#11524 = CARTESIAN_POINT('',(6.269584541025,1.992755043437));
#11525 = CARTESIAN_POINT('',(6.28318530718,1.992872331019));
#11526 = ( GEOMETRIC_REPRESENTATION_CONTEXT(2) 
PARAMETRIC_REPRESENTATION_CONTEXT() REPRESENTATION_CONTEXT('2D SPACE',''
  ) );
#11527 = ADVANCED_FACE('',(#11528),#8886,.F.);
#11528 = FACE_BOUND('',#11529,.F.);
#11529 = EDGE_LOOP('',(#11530,#11531,#11552,#11553));
#11530 = ORIENTED_EDGE('',*,*,#8869,.F.);
#11531 = ORIENTED_EDGE('',*,*,#11532,.F.);
#11532 = EDGE_CURVE('',#9097,#8870,#11533,.T.);
#11533 = SEAM_CURVE('',#11534,(#11538,#11545),.PCURVE_S1.);
#11534 = LINE('',#11535,#11536);
#11535 = CARTESIAN_POINT('',(4.5,-1.102182119233E-15,-396.3));
#11536 = VECTOR('',#11537,1.);
#11537 = DIRECTION('',(0.,0.,1.));
#11538 = PCURVE('',#8886,#11539);
#11539 = DEFINITIONAL_REPRESENTATION('',(#11540),#11544);
#11540 = LINE('',#11541,#11542);
#11541 = CARTESIAN_POINT('',(6.28318530718,-0.));
#11542 = VECTOR('',#11543,1.);
#11543 = DIRECTION('',(0.,1.));
#11544 = ( GEOMETRIC_REPRESENTATION_CONTEXT(2) 
PARAMETRIC_REPRESENTATION_CONTEXT() REPRESENTATION_CONTEXT('2D SPACE',''
  ) );
#11545 = PCURVE('',#8886,#11546);
#11546 = DEFINITIONAL_REPRESENTATION('',(#11547),#11551);
#11547 = LINE('',#11548,#11549);
#11548 = CARTESIAN_POINT('',(0.,-0.));
#11549 = VECTOR('',#11550,1.);
#11550 = DIRECTION('',(0.,1.));
#11551 = ( GEOMETRIC_REPRESENTATION_CONTEXT(2) 
PARAMETRIC_REPRESENTATION_CONTEXT() REPRESENTATION_CONTEXT('2D SPACE',''
  ) );
#11552 = ORIENTED_EDGE('',*,*,#9096,.T.);
#11553 = ORIENTED_EDGE('',*,*,#11532,.T.);
#11554 = ADVANCED_FACE('',(#11555),#8855,.F.);
#11555 = FACE_BOUND('',#11556,.F.);
#11556 = EDGE_LOOP('',(#11557,#11558,#11579,#11580));
#11557 = ORIENTED_EDGE('',*,*,#8838,.F.);
#11558 = ORIENTED_EDGE('',*,*,#11559,.F.);
#11559 = EDGE_CURVE('',#9071,#8839,#11560,.T.);
#11560 = SEAM_CURVE('',#11561,(#11565,#11572),.PCURVE_S1.);
#11561 = LINE('',#11562,#11563);
#11562 = CARTESIAN_POINT('',(-6.3,8.,-396.3));
#11563 = VECTOR('',#11564,1.);
#11564 = DIRECTION('',(0.,0.,1.));
#11565 = PCURVE('',#8855,#11566);
#11566 = DEFINITIONAL_REPRESENTATION('',(#11567),#11571);
#11567 = LINE('',#11568,#11569);
#11568 = CARTESIAN_POINT('',(6.28318530718,-0.));
#11569 = VECTOR('',#11570,1.);
#11570 = DIRECTION('',(0.,1.));
#11571 = ( GEOMETRIC_REPRESENTATION_CONTEXT(2) 
PARAMETRIC_REPRESENTATION_CONTEXT() REPRESENTATION_CONTEXT('2D SPACE',''
  ) );
#11572 = PCURVE('',#8855,#11573);
#11573 = DEFINITIONAL_REPRESENTATION('',(#11574),#11578);
#11574 = LINE('',#11575,#11576);
#11575 = CARTESIAN_POINT('',(0.,-0.));
#11576 = VECTOR('',#11577,1.);
#11577 = DIRECTION('',(0.,1.));
#11578 = ( GEOMETRIC_REPRESENTATION_CONTEXT(2) 
PARAMETRIC_REPRESENTATION_CONTEXT() REPRESENTATION_CONTEXT('2D SPACE',''
  ) );
#11579 = ORIENTED_EDGE('',*,*,#9070,.T.);
#11580 = ORIENTED_EDGE('',*,*,#11559,.T.);
#11581 = ADVANCED_FACE('',(#11582),#8824,.F.);
#11582 = FACE_BOUND('',#11583,.F.);
#11583 = EDGE_LOOP('',(#11584,#11585,#11606,#11607));
#11584 = ORIENTED_EDGE('',*,*,#8807,.F.);
#11585 = ORIENTED_EDGE('',*,*,#11586,.F.);
#11586 = EDGE_CURVE('',#9045,#8808,#11587,.T.);
#11587 = SEAM_CURVE('',#11588,(#11592,#11599),.PCURVE_S1.);
#11588 = LINE('',#11589,#11590);
#11589 = CARTESIAN_POINT('',(9.7,-8.,-396.3));
#11590 = VECTOR('',#11591,1.);
#11591 = DIRECTION('',(0.,0.,1.));
#11592 = PCURVE('',#8824,#11593);
#11593 = DEFINITIONAL_REPRESENTATION('',(#11594),#11598);
#11594 = LINE('',#11595,#11596);
#11595 = CARTESIAN_POINT('',(6.28318530718,-0.));
#11596 = VECTOR('',#11597,1.);
#11597 = DIRECTION('',(0.,1.));
#11598 = ( GEOMETRIC_REPRESENTATION_CONTEXT(2) 
PARAMETRIC_REPRESENTATION_CONTEXT() REPRESENTATION_CONTEXT('2D SPACE',''
  ) );
#11599 = PCURVE('',#8824,#11600);
#11600 = DEFINITIONAL_REPRESENTATION('',(#11601),#11605);
#11601 = LINE('',#11602,#11603);
#11602 = CARTESIAN_POINT('',(0.,-0.));
#11603 = VECTOR('',#11604,1.);
#11604 = DIRECTION('',(0.,1.));
#11605 = ( GEOMETRIC_REPRESENTATION_CONTEXT(2) 
PARAMETRIC_REPRESENTATION_CONTEXT() REPRESENTATION_CONTEXT('2D SPACE',''
  ) );
#11606 = ORIENTED_EDGE('',*,*,#9044,.T.);
#11607 = ORIENTED_EDGE('',*,*,#11586,.T.);
#11608 = ADVANCED_FACE('',(#11609),#8793,.F.);
#11609 = FACE_BOUND('',#11610,.F.);
#11610 = EDGE_LOOP('',(#11611,#11612,#11633,#11634));
#11611 = ORIENTED_EDGE('',*,*,#8776,.F.);
#11612 = ORIENTED_EDGE('',*,*,#11613,.F.);
#11613 = EDGE_CURVE('',#9019,#8777,#11614,.T.);
#11614 = SEAM_CURVE('',#11615,(#11619,#11626),.PCURVE_S1.);
#11615 = LINE('',#11616,#11617);
#11616 = CARTESIAN_POINT('',(-6.3,-8.,-396.3));
#11617 = VECTOR('',#11618,1.);
#11618 = DIRECTION('',(0.,0.,1.));
#11619 = PCURVE('',#8793,#11620);
#11620 = DEFINITIONAL_REPRESENTATION('',(#11621),#11625);
#11621 = LINE('',#11622,#11623);
#11622 = CARTESIAN_POINT('',(6.28318530718,-0.));
#11623 = VECTOR('',#11624,1.);
#11624 = DIRECTION('',(0.,1.));
#11625 = ( GEOMETRIC_REPRESENTATION_CONTEXT(2) 
PARAMETRIC_REPRESENTATION_CONTEXT() REPRESENTATION_CONTEXT('2D SPACE',''
  ) );
#11626 = PCURVE('',#8793,#11627);
#11627 = DEFINITIONAL_REPRESENTATION('',(#11628),#11632);
#11628 = LINE('',#11629,#11630);
#11629 = CARTESIAN_POINT('',(0.,-0.));
#11630 = VECTOR('',#11631,1.);
#11631 = DIRECTION('',(0.,1.));
#11632 = ( GEOMETRIC_REPRESENTATION_CONTEXT(2) 
PARAMETRIC_REPRESENTATION_CONTEXT() REPRESENTATION_CONTEXT('2D SPACE',''
  ) );
#11633 = ORIENTED_EDGE('',*,*,#9018,.T.);
#11634 = ORIENTED_EDGE('',*,*,#11613,.T.);
#11635 = ADVANCED_FACE('',(#11636),#1879,.F.);
#11636 = FACE_BOUND('',#11637,.F.);
#11637 = EDGE_LOOP('',(#11638,#11639,#11660,#11661));
#11638 = ORIENTED_EDGE('',*,*,#11085,.F.);
#11639 = ORIENTED_EDGE('',*,*,#11640,.F.);
#11640 = EDGE_CURVE('',#1721,#11086,#11641,.T.);
#11641 = SEAM_CURVE('',#11642,(#11646,#11653),.PCURVE_S1.);
#11642 = LINE('',#11643,#11644);
#11643 = CARTESIAN_POINT('',(-6.3,8.,-396.3));
#11644 = VECTOR('',#11645,1.);
#11645 = DIRECTION('',(0.,0.,1.));
#11646 = PCURVE('',#1879,#11647);
#11647 = DEFINITIONAL_REPRESENTATION('',(#11648),#11652);
#11648 = LINE('',#11649,#11650);
#11649 = CARTESIAN_POINT('',(0.,-0.));
#11650 = VECTOR('',#11651,1.);
#11651 = DIRECTION('',(0.,1.));
#11652 = ( GEOMETRIC_REPRESENTATION_CONTEXT(2) 
PARAMETRIC_REPRESENTATION_CONTEXT() REPRESENTATION_CONTEXT('2D SPACE',''
  ) );
#11653 = PCURVE('',#1879,#11654);
#11654 = DEFINITIONAL_REPRESENTATION('',(#11655),#11659);
#11655 = LINE('',#11656,#11657);
#11656 = CARTESIAN_POINT('',(6.28318530718,-0.));
#11657 = VECTOR('',#11658,1.);
#11658 = DIRECTION('',(0.,1.));
#11659 = ( GEOMETRIC_REPRESENTATION_CONTEXT(2) 
PARAMETRIC_REPRESENTATION_CONTEXT() REPRESENTATION_CONTEXT('2D SPACE',''
  ) );
#11660 = ORIENTED_EDGE('',*,*,#1720,.T.);
#11661 = ORIENTED_EDGE('',*,*,#11640,.T.);
#11662 = ADVANCED_FACE('',(#11663),#1618,.F.);
#11663 = FACE_BOUND('',#11664,.F.);
#11664 = EDGE_LOOP('',(#11665,#11666,#11687,#11688));
#11665 = ORIENTED_EDGE('',*,*,#10648,.F.);
#11666 = ORIENTED_EDGE('',*,*,#11667,.F.);
#11667 = EDGE_CURVE('',#1460,#10649,#11668,.T.);
#11668 = SEAM_CURVE('',#11669,(#11673,#11680),.PCURVE_S1.);
#11669 = LINE('',#11670,#11671);
#11670 = CARTESIAN_POINT('',(9.7,8.,-396.3));
#11671 = VECTOR('',#11672,1.);
#11672 = DIRECTION('',(0.,0.,1.));
#11673 = PCURVE('',#1618,#11674);
#11674 = DEFINITIONAL_REPRESENTATION('',(#11675),#11679);
#11675 = LINE('',#11676,#11677);
#11676 = CARTESIAN_POINT('',(0.,-0.));
#11677 = VECTOR('',#11678,1.);
#11678 = DIRECTION('',(0.,1.));
#11679 = ( GEOMETRIC_REPRESENTATION_CONTEXT(2) 
PARAMETRIC_REPRESENTATION_CONTEXT() REPRESENTATION_CONTEXT('2D SPACE',''
  ) );
#11680 = PCURVE('',#1618,#11681);
#11681 = DEFINITIONAL_REPRESENTATION('',(#11682),#11686);
#11682 = LINE('',#11683,#11684);
#11683 = CARTESIAN_POINT('',(6.28318530718,-0.));
#11684 = VECTOR('',#11685,1.);
#11685 = DIRECTION('',(0.,1.));
#11686 = ( GEOMETRIC_REPRESENTATION_CONTEXT(2) 
PARAMETRIC_REPRESENTATION_CONTEXT() REPRESENTATION_CONTEXT('2D SPACE',''
  ) );
#11687 = ORIENTED_EDGE('',*,*,#1459,.T.);
#11688 = ORIENTED_EDGE('',*,*,#11667,.T.);
#11689 = ADVANCED_FACE('',(#11690),#1357,.F.);
#11690 = FACE_BOUND('',#11691,.F.);
#11691 = EDGE_LOOP('',(#11692,#11693,#11714,#11715,#11716));
#11692 = ORIENTED_EDGE('',*,*,#10324,.F.);
#11693 = ORIENTED_EDGE('',*,*,#11694,.F.);
#11694 = EDGE_CURVE('',#1199,#10325,#11695,.T.);
#11695 = SEAM_CURVE('',#11696,(#11700,#11707),.PCURVE_S1.);
#11696 = LINE('',#11697,#11698);
#11697 = CARTESIAN_POINT('',(9.7,-8.,-396.3));
#11698 = VECTOR('',#11699,1.);
#11699 = DIRECTION('',(0.,0.,1.));
#11700 = PCURVE('',#1357,#11701);
#11701 = DEFINITIONAL_REPRESENTATION('',(#11702),#11706);
#11702 = LINE('',#11703,#11704);
#11703 = CARTESIAN_POINT('',(0.,-0.));
#11704 = VECTOR('',#11705,1.);
#11705 = DIRECTION('',(0.,1.));
#11706 = ( GEOMETRIC_REPRESENTATION_CONTEXT(2) 
PARAMETRIC_REPRESENTATION_CONTEXT() REPRESENTATION_CONTEXT('2D SPACE',''
  ) );
#11707 = PCURVE('',#1357,#11708);
#11708 = DEFINITIONAL_REPRESENTATION('',(#11709),#11713);
#11709 = LINE('',#11710,#11711);
#11710 = CARTESIAN_POINT('',(6.28318530718,-0.));
#11711 = VECTOR('',#11712,1.);
#11712 = DIRECTION('',(0.,1.));
#11713 = ( GEOMETRIC_REPRESENTATION_CONTEXT(2) 
PARAMETRIC_REPRESENTATION_CONTEXT() REPRESENTATION_CONTEXT('2D SPACE',''
  ) );
#11714 = ORIENTED_EDGE('',*,*,#1198,.T.);
#11715 = ORIENTED_EDGE('',*,*,#11694,.T.);
#11716 = ORIENTED_EDGE('',*,*,#10481,.F.);
#11717 = ADVANCED_FACE('',(#11718),#1096,.F.);
#11718 = FACE_BOUND('',#11719,.F.);
#11719 = EDGE_LOOP('',(#11720,#11721,#11742,#11743,#11744));
#11720 = ORIENTED_EDGE('',*,*,#9976,.F.);
#11721 = ORIENTED_EDGE('',*,*,#11722,.F.);
#11722 = EDGE_CURVE('',#938,#9977,#11723,.T.);
#11723 = SEAM_CURVE('',#11724,(#11728,#11735),.PCURVE_S1.);
#11724 = LINE('',#11725,#11726);
#11725 = CARTESIAN_POINT('',(-6.3,-8.,-396.3));
#11726 = VECTOR('',#11727,1.);
#11727 = DIRECTION('',(0.,0.,1.));
#11728 = PCURVE('',#1096,#11729);
#11729 = DEFINITIONAL_REPRESENTATION('',(#11730),#11734);
#11730 = LINE('',#11731,#11732);
#11731 = CARTESIAN_POINT('',(0.,-0.));
#11732 = VECTOR('',#11733,1.);
#11733 = DIRECTION('',(0.,1.));
#11734 = ( GEOMETRIC_REPRESENTATION_CONTEXT(2) 
PARAMETRIC_REPRESENTATION_CONTEXT() REPRESENTATION_CONTEXT('2D SPACE',''
  ) );
#11735 = PCURVE('',#1096,#11736);
#11736 = DEFINITIONAL_REPRESENTATION('',(#11737),#11741);
#11737 = LINE('',#11738,#11739);
#11738 = CARTESIAN_POINT('',(6.28318530718,-0.));
#11739 = VECTOR('',#11740,1.);
#11740 = DIRECTION('',(0.,1.));
#11741 = ( GEOMETRIC_REPRESENTATION_CONTEXT(2) 
PARAMETRIC_REPRESENTATION_CONTEXT() REPRESENTATION_CONTEXT('2D SPACE',''
  ) );
#11742 = ORIENTED_EDGE('',*,*,#937,.T.);
#11743 = ORIENTED_EDGE('',*,*,#11722,.T.);
#11744 = ORIENTED_EDGE('',*,*,#10052,.F.);
#11745 = ADVANCED_FACE('',(#11746),#535,.T.);
#11746 = FACE_BOUND('',#11747,.T.);
#11747 = EDGE_LOOP('',(#11748,#11749,#11770,#11771,#11772,#11773));
#11748 = ORIENTED_EDGE('',*,*,#8179,.T.);
#11749 = ORIENTED_EDGE('',*,*,#11750,.F.);
#11750 = EDGE_CURVE('',#410,#8180,#11751,.T.);
#11751 = SEAM_CURVE('',#11752,(#11756,#11763),.PCURVE_S1.);
#11752 = LINE('',#11753,#11754);
#11753 = CARTESIAN_POINT('',(46.8,-1.146269404002E-14,-400.2));
#11754 = VECTOR('',#11755,1.);
#11755 = DIRECTION('',(0.,0.,1.));
#11756 = PCURVE('',#535,#11757);
#11757 = DEFINITIONAL_REPRESENTATION('',(#11758),#11762);
#11758 = LINE('',#11759,#11760);
#11759 = CARTESIAN_POINT('',(6.28318530718,-0.));
#11760 = VECTOR('',#11761,1.);
#11761 = DIRECTION('',(0.,1.));
#11762 = ( GEOMETRIC_REPRESENTATION_CONTEXT(2) 
PARAMETRIC_REPRESENTATION_CONTEXT() REPRESENTATION_CONTEXT('2D SPACE',''
  ) );
#11763 = PCURVE('',#535,#11764);
#11764 = DEFINITIONAL_REPRESENTATION('',(#11765),#11769);
#11765 = LINE('',#11766,#11767);
#11766 = CARTESIAN_POINT('',(0.,-0.));
#11767 = VECTOR('',#11768,1.);
#11768 = DIRECTION('',(0.,1.));
#11769 = ( GEOMETRIC_REPRESENTATION_CONTEXT(2) 
PARAMETRIC_REPRESENTATION_CONTEXT() REPRESENTATION_CONTEXT('2D SPACE',''
  ) );
#11770 = ORIENTED_EDGE('',*,*,#409,.F.);
#11771 = ORIENTED_EDGE('',*,*,#602,.F.);
#11772 = ORIENTED_EDGE('',*,*,#11750,.T.);
#11773 = ORIENTED_EDGE('',*,*,#8388,.T.);
#11774 = ADVANCED_FACE('',(#11775),#220,.F.);
#11775 = FACE_BOUND('',#11776,.F.);
#11776 = EDGE_LOOP('',(#11777,#11778,#11799,#11800,#11801,#11802));
#11777 = ORIENTED_EDGE('',*,*,#9600,.T.);
#11778 = ORIENTED_EDGE('',*,*,#11779,.F.);
#11779 = EDGE_CURVE('',#57,#9603,#11780,.T.);
#11780 = SEAM_CURVE('',#11781,(#11785,#11792),.PCURVE_S1.);
#11781 = LINE('',#11782,#11783);
#11782 = CARTESIAN_POINT('',(4.5,-1.102182119233E-15,-396.3));
#11783 = VECTOR('',#11784,1.);
#11784 = DIRECTION('',(0.,0.,1.));
#11785 = PCURVE('',#220,#11786);
#11786 = DEFINITIONAL_REPRESENTATION('',(#11787),#11791);
#11787 = LINE('',#11788,#11789);
#11788 = CARTESIAN_POINT('',(6.28318530718,-0.));
#11789 = VECTOR('',#11790,1.);
#11790 = DIRECTION('',(0.,1.));
#11791 = ( GEOMETRIC_REPRESENTATION_CONTEXT(2) 
PARAMETRIC_REPRESENTATION_CONTEXT() REPRESENTATION_CONTEXT('2D SPACE',''
  ) );
#11792 = PCURVE('',#220,#11793);
#11793 = DEFINITIONAL_REPRESENTATION('',(#11794),#11798);
#11794 = LINE('',#11795,#11796);
#11795 = CARTESIAN_POINT('',(0.,-0.));
#11796 = VECTOR('',#11797,1.);
#11797 = DIRECTION('',(0.,1.));
#11798 = ( GEOMETRIC_REPRESENTATION_CONTEXT(2) 
PARAMETRIC_REPRESENTATION_CONTEXT() REPRESENTATION_CONTEXT('2D SPACE',''
  ) );
#11799 = ORIENTED_EDGE('',*,*,#306,.F.);
#11800 = ORIENTED_EDGE('',*,*,#56,.F.);
#11801 = ORIENTED_EDGE('',*,*,#11779,.T.);
#11802 = ORIENTED_EDGE('',*,*,#9731,.T.);
#11803 = ( GEOMETRIC_REPRESENTATION_CONTEXT(3) 
GLOBAL_UNCERTAINTY_ASSIGNED_CONTEXT((#11807)) 
GLOBAL_UNIT_ASSIGNED_CONTEXT((#11804,#11805,#11806)) 
REPRESENTATION_CONTEXT('Context #1',
  '3D Context with UNIT and UNCERTAINTY') );
#11804 = ( LENGTH_UNIT() NAMED_UNIT(*) SI_UNIT(.MILLI.,.METRE.) );
#11805 = ( NAMED_UNIT(*) PLANE_ANGLE_UNIT() SI_UNIT($,.RADIAN.) );
#11806 = ( NAMED_UNIT(*) SI_UNIT($,.STERADIAN.) SOLID_ANGLE_UNIT() );
#11807 = UNCERTAINTY_MEASURE_WITH_UNIT(LENGTH_MEASURE(1.E-06),#11804,
  'distance_accuracy_value','confusion accuracy');
#11808 = PRODUCT_RELATED_PRODUCT_CATEGORY('part',$,(#7));
ENDSEC;
END-ISO-10303-21;
