ISO-10303-21;
HEADER;
FILE_DESCRIPTION(('Open CASCADE Model'),'2;1');
FILE_NAME('Open CASCADE Shape Model','2026-09-27T18:28:23',('Author'),(
    'Open CASCADE'),'Open CASCADE STEP processor 7.9','Open CASCADE 7.9'
  ,'Unknown');
FILE_SCHEMA(('AUTOMOTIVE_DESIGN { 1 0 10303 214 1 1 1 1 }'));
ENDSEC;
DATA;
#1 = APPLICATION_PROTOCOL_DEFINITION('international standard',
  'automotive_design',2000,#2);
#2 = APPLICATION_CONTEXT(
  'core data for automotive mechanical design processes');
#3 = SHAPE_DEFINITION_REPRESENTATION(#4,#10);
#4 = PRODUCT_DEFINITION_SHAPE('','',#5);
#5 = PRODUCT_DEFINITION('design','',#6,#9);
#6 = PRODUCT_DEFINITION_FORMATION('','',#7);
#7 = PRODUCT('Open CASCADE STEP translator 7.9 3',
  'Open CASCADE STEP translator 7.9 3','',(#8));
#8 = PRODUCT_CONTEXT('',#2,'mechanical');
#9 = PRODUCT_DEFINITION_CONTEXT('part definition',#2,'design');
#10 = ADVANCED_BREP_SHAPE_REPRESENTATION('',(#11,#15),#11429);
#11 = AXIS2_PLACEMENT_3D('',#12,#13,#14);
#12 = CARTESIAN_POINT('',(0.,0.,0.));
#13 = DIRECTION('',(0.,0.,1.));
#14 = DIRECTION('',(1.,0.,-0.));
#15 = MANIFOLD_SOLID_BREP('',#16);
#16 = CLOSED_SHELL('',(#17,#2537,#2954,#4938,#4993,#5152,#5207,#5346,
    #6094,#7205,#7260,#8151,#8221,#8292,#8317,#8342,#8412,#8483,#8508,
    #8533,#8603,#8674,#8699,#8724,#8794,#8865,#8890,#8915,#8985,#9056,
    #9081,#9106,#9176,#9247,#9272,#9297,#9367,#9438,#9463,#9488,#9558,
    #9629,#9654,#9679,#10438,#11157,#11184,#11211,#11238,#11265,#11292,
    #11319,#11346,#11373,#11402));
#17 = ADVANCED_FACE('',(#18,#1493,#1754,#2015,#2276),#33,.T.);
#18 = FACE_BOUND('',#19,.T.);
#19 = EDGE_LOOP('',(#20,#55,#456,#457,#608,#632,#1348,#1349));
#20 = ORIENTED_EDGE('',*,*,#21,.F.);
#21 = EDGE_CURVE('',#22,#24,#26,.T.);
#22 = VERTEX_POINT('',#23);
#23 = CARTESIAN_POINT('',(4.499999999998,-5.510910596163E-16,
    -103.9756031061));
#24 = VERTEX_POINT('',#25);
#25 = CARTESIAN_POINT('',(22.,0.,-103.4153089367));
#26 = SEAM_CURVE('',#27,(#32,#48),.PCURVE_S1.);
#27 = ELLIPSE('',#28,207.765,104.);
#28 = AXIS2_PLACEMENT_3D('',#29,#30,#31);
#29 = CARTESIAN_POINT('',(0.,0.,0.));
#30 = DIRECTION('',(0.,-1.,0.));
#31 = DIRECTION('',(1.,0.,0.));
#32 = PCURVE('',#33,#42);
#33 = SURFACE_OF_REVOLUTION('',#34,#39);
#34 = ELLIPSE('',#35,207.765,104.);
#35 = AXIS2_PLACEMENT_3D('',#36,#37,#38);
#36 = CARTESIAN_POINT('',(0.,0.,0.));
#37 = DIRECTION('',(0.,-1.,0.));
#38 = DIRECTION('',(1.,0.,0.));
#39 = AXIS1_PLACEMENT('',#40,#41);
#40 = CARTESIAN_POINT('',(0.,0.,0.));
#41 = DIRECTION('',(0.,0.,1.));
#42 = DEFINITIONAL_REPRESENTATION('',(#43),#47);
#43 = LINE('',#44,#45);
#44 = CARTESIAN_POINT('',(0.,0.));
#45 = VECTOR('',#46,1.);
#46 = DIRECTION('',(0.,1.));
#47 = ( GEOMETRIC_REPRESENTATION_CONTEXT(2) 
PARAMETRIC_REPRESENTATION_CONTEXT() REPRESENTATION_CONTEXT('2D SPACE',''
  ) );
#48 = PCURVE('',#33,#49);
#49 = DEFINITIONAL_REPRESENTATION('',(#50),#54);
#50 = LINE('',#51,#52);
#51 = CARTESIAN_POINT('',(6.28318530718,0.));
#52 = VECTOR('',#53,1.);
#53 = DIRECTION('',(0.,1.));
#54 = ( GEOMETRIC_REPRESENTATION_CONTEXT(2) 
PARAMETRIC_REPRESENTATION_CONTEXT() REPRESENTATION_CONTEXT('2D SPACE',''
  ) );
#55 = ORIENTED_EDGE('',*,*,#56,.F.);
#56 = EDGE_CURVE('',#22,#22,#57,.T.);
#57 = SURFACE_CURVE('',#58,(#187,#319),.PCURVE_S1.);
#58 = B_SPLINE_CURVE_WITH_KNOTS('',7,(#59,#60,#61,#62,#63,#64,#65,#66,
    #67,#68,#69,#70,#71,#72,#73,#74,#75,#76,#77,#78,#79,#80,#81,#82,#83,
    #84,#85,#86,#87,#88,#89,#90,#91,#92,#93,#94,#95,#96,#97,#98,#99,#100
    ,#101,#102,#103,#104,#105,#106,#107,#108,#109,#110,#111,#112,#113,
    #114,#115,#116,#117,#118,#119,#120,#121,#122,#123,#124,#125,#126,
    #127,#128,#129,#130,#131,#132,#133,#134,#135,#136,#137,#138,#139,
    #140,#141,#142,#143,#144,#145,#146,#147,#148,#149,#150,#151,#152,
    #153,#154,#155,#156,#157,#158,#159,#160,#161,#162,#163,#164,#165,
    #166,#167,#168,#169,#170,#171,#172,#173,#174,#175,#176,#177,#178,
    #179,#180,#181,#182,#183,#184,#185,#186),.UNSPECIFIED.,.T.,.F.,(8,6,
    6,6,6,6,6,6,6,6,6,6,6,6,6,6,6,6,6,6,6,8),(0.,2.700181951047E-02,
    5.300357354152E-02,7.000472666837E-02,0.105007051812,0.129008673881,
    0.248994108053,0.343993312653,0.438992517254,0.555980390111,
    0.618983714919,0.653986040063,0.67098719319,0.692988682202,
    0.72199063146,0.744992187121,0.773994136379,0.80199602098,
    0.818997174107,0.843998862311,0.901002152731,1.),.UNSPECIFIED.);
#59 = CARTESIAN_POINT('',(4.5,-8.881784197001E-16,-103.9756031061));
#60 = CARTESIAN_POINT('',(4.5,-0.109058087825,-103.9756031061));
#61 = CARTESIAN_POINT('',(4.496916448673,-0.218116358228,-103.9756031061
    ));
#62 = CARTESIAN_POINT('',(4.490749358502,-0.327069865165,-103.9756031061
    ));
#63 = CARTESIAN_POINT('',(4.481503165373,-0.435814038702,-103.9756031061
    ));
#64 = CARTESIAN_POINT('',(4.469186728579,-0.544244685014,-103.9756031061
    ));
#65 = CARTESIAN_POINT('',(4.453813330812,-0.652257986385,-103.9756031061
    ));
#66 = CARTESIAN_POINT('',(4.417669974325,-0.86326181938,-103.9756031061)
  );
#67 = CARTESIAN_POINT('',(4.397120923044,-0.96629052939,-103.9756031061)
  );
#68 = CARTESIAN_POINT('',(4.373769352297,-1.068744286983,-103.9756031061
    ));
#69 = CARTESIAN_POINT('',(4.347634787318,-1.1705316972,-103.9756031061)
  );
#70 = CARTESIAN_POINT('',(4.318740450607,-1.271562314378,-103.9756031061
    ));
#71 = CARTESIAN_POINT('',(4.287113261928,-1.37174664215,-103.9756031061)
  );
#72 = CARTESIAN_POINT('',(4.230337668447,-1.535890055499,-103.9756031061
    ));
#73 = CARTESIAN_POINT('',(4.206736227437,-1.600384399732,-103.9756031061
    ));
#74 = CARTESIAN_POINT('',(4.181988062967,-1.664454456385,-103.9756031061
    ));
#75 = CARTESIAN_POINT('',(4.156102368777,-1.728075778553,-103.9756031061
    ));
#76 = CARTESIAN_POINT('',(4.129088984662,-1.791224182196,-103.9756031061
    ));
#77 = CARTESIAN_POINT('',(4.100958396468,-1.853875746133,-103.9756031061
    ));
#78 = CARTESIAN_POINT('',(4.011528695968,-2.043923533589,-103.9756031061
    ));
#79 = CARTESIAN_POINT('',(3.946646950466,-2.169634656503,-103.9756031061
    ));
#80 = CARTESIAN_POINT('',(3.877174091087,-2.292932927442,-103.9756031061
    ));
#81 = CARTESIAN_POINT('',(3.803218401067,-2.413617644974,-103.9756031061
    ));
#82 = CARTESIAN_POINT('',(3.724898855387,-2.531494659576,-103.9756031061
    ));
#83 = CARTESIAN_POINT('',(3.642345120772,-2.646376373632,-103.9756031061
    ));
#84 = CARTESIAN_POINT('',(3.496282013958,-2.834679796287,-103.9756031061
    ));
#85 = CARTESIAN_POINT('',(3.434941288489,-2.90978465378,-103.9756031061)
  );
#86 = CARTESIAN_POINT('',(3.371720530423,-2.983338115461,-103.9756031061
    ));
#87 = CARTESIAN_POINT('',(3.306666946409,-3.055283841472,-103.9756031061
    ));
#88 = CARTESIAN_POINT('',(3.239829798601,-3.125567350551,-103.9756031061
    ));
#89 = CARTESIAN_POINT('',(3.171260404657,-3.194136020031,-103.9756031061
    ));
#90 = CARTESIAN_POINT('',(2.749837172106,-3.594891300908,-103.9756031061
    ));
#91 = CARTESIAN_POINT('',(2.356497741381,-3.884916797095,-103.9756031061
    ));
#92 = CARTESIAN_POINT('',(1.927941629456,-4.124243974896,-103.9756031061
    ));
#93 = CARTESIAN_POINT('',(1.472081712012,-4.308053240643,-103.9756031061
    ));
#94 = CARTESIAN_POINT('',(0.997378788868,-4.432933078336,-103.9756031061
    ));
#95 = CARTESIAN_POINT('',(0.512875702874,-4.496866292413,-103.9756031061
    ));
#96 = CARTESIAN_POINT('',(-0.355412110357,-4.502321977438,
    -103.9756031061));
#97 = CARTESIAN_POINT('',(-0.739428129255,-4.466565398379,
    -103.9756031061));
#98 = CARTESIAN_POINT('',(-1.119054817983,-4.392581796884,
    -103.9756031061));
#99 = CARTESIAN_POINT('',(-1.489770119938,-4.28107971401,-103.9756031061
    ));
#100 = CARTESIAN_POINT('',(-1.847221302088,-4.133368345242,
    -103.9756031061));
#101 = CARTESIAN_POINT('',(-2.187245750799,-3.951351285614,
    -103.9756031061));
#102 = CARTESIAN_POINT('',(-2.824634797594,-3.524011807149,
    -103.9756031061));
#103 = CARTESIAN_POINT('',(-3.122148808298,-3.278589214156,
    -103.9756031061));
#104 = CARTESIAN_POINT('',(-3.394545715386,-3.004016963022,
    -103.9756031061));
#105 = CARTESIAN_POINT('',(-3.63848367284,-2.703422847141,
    -103.9756031061));
#106 = CARTESIAN_POINT('',(-3.851098496744,-2.380336275553,
    -103.9756031061));
#107 = CARTESIAN_POINT('',(-4.030017349348,-2.038671410664,
    -103.9756031061));
#108 = CARTESIAN_POINT('',(-4.350200493464,-1.244594675467,
    -103.9756031061));
#109 = CARTESIAN_POINT('',(-4.473307943166,-0.784494423771,
    -103.9756031061));
#110 = CARTESIAN_POINT('',(-4.539376535411,-0.310794305574,
    -103.9756031061));
#111 = CARTESIAN_POINT('',(-4.546898912169,0.168055684626,
    -103.9756031061));
#112 = CARTESIAN_POINT('',(-4.495742201074,0.643597325044,
    -103.9756031061));
#113 = CARTESIAN_POINT('',(-4.387147595624,1.107337443483,
    -103.9756031061));
#114 = CARTESIAN_POINT('',(-4.136602745303,1.789768208901,
    -103.9756031061));
#115 = CARTESIAN_POINT('',(-4.033139923126,2.022868464858,
    -103.9756031061));
#116 = CARTESIAN_POINT('',(-3.914376532936,2.248925990219,
    -103.9756031061));
#117 = CARTESIAN_POINT('',(-3.780897488059,2.466743994798,
    -103.9756031061));
#118 = CARTESIAN_POINT('',(-3.633396208983,2.675190919201,
    -103.9756031061));
#119 = CARTESIAN_POINT('',(-3.472673498481,2.873202270462,
    -103.9756031061));
#120 = CARTESIAN_POINT('',(-3.203523056051,3.163451583173,
    -103.9756031061));
#121 = CARTESIAN_POINT('',(-3.103597188919,3.263590229067,
    -103.9756031061));
#122 = CARTESIAN_POINT('',(-3.000027264355,3.360038207442,
    -103.9756031061));
#123 = CARTESIAN_POINT('',(-2.89297729366,3.452637067621,-103.9756031061
    ));
#124 = CARTESIAN_POINT('',(-2.782619491687,3.541237842733,
    -103.9756031061));
#125 = CARTESIAN_POINT('',(-2.669134276839,3.625701049719,
    -103.9756031061));
#126 = CARTESIAN_POINT('',(-2.496161389201,3.744848911601,
    -103.9756031061));
#127 = CARTESIAN_POINT('',(-2.438919050802,3.782794440328,
    -103.9756031061));
#128 = CARTESIAN_POINT('',(-2.381004788743,3.819718444096,
    -103.9756031061));
#129 = CARTESIAN_POINT('',(-2.322440500329,3.855606686192,
    -103.9756031061));
#130 = CARTESIAN_POINT('',(-2.263248447299,3.890445524607,
    -103.9756031061));
#131 = CARTESIAN_POINT('',(-2.203451255823,3.924221912032,
    -103.9756031061));
#132 = CARTESIAN_POINT('',(-2.064933959589,3.999242956872,
    -103.9756031061));
#133 = CARTESIAN_POINT('',(-1.985820971405,4.039762378137,
    -103.9756031061));
#134 = CARTESIAN_POINT('',(-1.905782823488,4.078454653355,
    -103.9756031061));
#135 = CARTESIAN_POINT('',(-1.824870198103,4.115294556876,
    -103.9756031061));
#136 = CARTESIAN_POINT('',(-1.743134588256,4.150258643688,
    -103.9756031061));
#137 = CARTESIAN_POINT('',(-1.660628297684,4.183325249426,
    -103.9756031061));
#138 = CARTESIAN_POINT('',(-1.467700317142,4.255534834267,
    -103.9756031061));
#139 = CARTESIAN_POINT('',(-1.356748995017,4.293263685448,
    -103.9756031061));
#140 = CARTESIAN_POINT('',(-1.244672325547,4.327615457642,
    -103.9756031061));
#141 = CARTESIAN_POINT('',(-1.131593718935,4.358550263846,
    -103.9756031061));
#142 = CARTESIAN_POINT('',(-1.017638144524,4.386033916316,
    -103.9756031061));
#143 = CARTESIAN_POINT('',(-0.9029321308,4.410037926568,-103.9756031061)
  );
#144 = CARTESIAN_POINT('',(-0.696136402534,4.446799385088,
    -103.9756031061));
#145 = CARTESIAN_POINT('',(-0.604277330566,4.460856235506,
    -103.9756031061));
#146 = CARTESIAN_POINT('',(-0.512090367084,4.472698716816,
    -103.9756031061));
#147 = CARTESIAN_POINT('',(-0.419639571569,4.482317813971,
    -103.9756031061));
#148 = CARTESIAN_POINT('',(-0.326989245381,4.489706836699,
    -103.9756031061));
#149 = CARTESIAN_POINT('',(-0.234203931766,4.494861419499,
    -103.9756031061));
#150 = CARTESIAN_POINT('',(-2.426977123559E-02,4.501458866279,
    -103.9756031061));
#151 = CARTESIAN_POINT('',(9.292087157764E-02,4.501582679446,
    -103.9756031061));
#152 = CARTESIAN_POINT('',(0.210093477033,4.49814689379,-103.9756031061)
  );
#153 = CARTESIAN_POINT('',(0.327118362059,4.491153340113,-103.9756031061
    ));
#154 = CARTESIAN_POINT('',(0.443866196062,4.480609747373,-103.9756031061
    ));
#155 = CARTESIAN_POINT('',(0.560208000933,4.466529742685,-103.9756031061
    ));
#156 = CARTESIAN_POINT('',(0.787828961367,4.431942747761,-103.9756031061
    ));
#157 = CARTESIAN_POINT('',(0.899144811116,4.411674051107,-103.9756031061
    ));
#158 = CARTESIAN_POINT('',(1.009846960025,4.388144363793,-103.9756031061
    ));
#159 = CARTESIAN_POINT('',(1.119820882176,4.361376277278,-103.9756031061
    ));
#160 = CARTESIAN_POINT('',(1.228953266001,4.331397372044,-103.9756031061
    ));
#161 = CARTESIAN_POINT('',(1.337132014277,4.2982402176,-103.9756031061)
  );
#162 = CARTESIAN_POINT('',(1.50927991775,4.239904383537,-103.9756031061)
  );
#163 = CARTESIAN_POINT('',(1.573921280172,4.21670863565,-103.9756031061)
  );
#164 = CARTESIAN_POINT('',(1.638145568416,4.192363521077,-103.9756031061
    ));
#165 = CARTESIAN_POINT('',(1.701928278298,4.166878079775,-103.9756031061
    ));
#166 = CARTESIAN_POINT('',(1.765245164427,4.140261999392,-103.9756031061
    ));
#167 = CARTESIAN_POINT('',(1.828072240211,4.112525615268,-103.9756031061
    ));
#168 = CARTESIAN_POINT('',(1.982023305461,4.041259769114,-103.9756031061
    ));
#169 = CARTESIAN_POINT('',(2.072550387399,3.996440506993,-103.9756031061
    ));
#170 = CARTESIAN_POINT('',(2.161891458108,3.949257112966,-103.9756031061
    ));
#171 = CARTESIAN_POINT('',(2.249972550795,3.899747420234,-103.9756031061
    ));
#172 = CARTESIAN_POINT('',(2.336721297427,3.847952106302,-103.9756031061
    ));
#173 = CARTESIAN_POINT('',(2.422066928731,3.793914692979,-103.9756031061
    ));
#174 = CARTESIAN_POINT('',(2.697169627628,3.609471228722,-103.9756031061
    ));
#175 = CARTESIAN_POINT('',(2.880752043312,3.46984254103,-103.9756031061)
  );
#176 = CARTESIAN_POINT('',(3.055858714515,3.319349370055,-103.9756031061
    ));
#177 = CARTESIAN_POINT('',(3.221724629658,3.158614116067,-103.9756031061
    ));
#178 = CARTESIAN_POINT('',(3.377643774798,2.988320954175,-103.9756031061
    ));
#179 = CARTESIAN_POINT('',(3.522970027192,2.809214968398,-103.9756031061
    ));
#180 = CARTESIAN_POINT('',(3.890109040768,2.297156260937,-103.9756031061
    ));
#181 = CARTESIAN_POINT('',(4.089472848625,1.947963390651,-103.9756031061
    ));
#182 = CARTESIAN_POINT('',(4.252062665513,1.578860004892,-103.9756031061
    ));
#183 = CARTESIAN_POINT('',(4.375613208647,1.194506121716,-103.9756031061
    ));
#184 = CARTESIAN_POINT('',(4.45855044216,0.799798415647,-103.9756031061)
  );
#185 = CARTESIAN_POINT('',(4.5,0.399844014874,-103.9756031061));
#186 = CARTESIAN_POINT('',(4.5,0.,-103.9756031061));
#187 = PCURVE('',#33,#188);
#188 = DEFINITIONAL_REPRESENTATION('',(#189),#318);
#189 = B_SPLINE_CURVE_WITH_KNOTS('',7,(#190,#191,#192,#193,#194,#195,
    #196,#197,#198,#199,#200,#201,#202,#203,#204,#205,#206,#207,#208,
    #209,#210,#211,#212,#213,#214,#215,#216,#217,#218,#219,#220,#221,
    #222,#223,#224,#225,#226,#227,#228,#229,#230,#231,#232,#233,#234,
    #235,#236,#237,#238,#239,#240,#241,#242,#243,#244,#245,#246,#247,
    #248,#249,#250,#251,#252,#253,#254,#255,#256,#257,#258,#259,#260,
    #261,#262,#263,#264,#265,#266,#267,#268,#269,#270,#271,#272,#273,
    #274,#275,#276,#277,#278,#279,#280,#281,#282,#283,#284,#285,#286,
    #287,#288,#289,#290,#291,#292,#293,#294,#295,#296,#297,#298,#299,
    #300,#301,#302,#303,#304,#305,#306,#307,#308,#309,#310,#311,#312,
    #313,#314,#315,#316,#317),.UNSPECIFIED.,.F.,.F.,(8,6,6,6,6,6,6,6,6,6
    ,6,6,6,6,6,6,6,6,6,6,6,8),(0.,2.700181951047E-02,5.300357354152E-02,
    7.000472666837E-02,0.105007051812,0.129008673881,0.248994108053,
    0.343993312653,0.438992517254,0.555980390111,0.618983714919,
    0.653986040063,0.67098719319,0.692988682202,0.72199063146,
    0.744992187121,0.773994136379,0.80199602098,0.818997174107,
    0.843998862311,0.901002152731,1.),.UNSPECIFIED.);
#190 = CARTESIAN_POINT('',(6.28318530718,4.734049760166));
#191 = CARTESIAN_POINT('',(6.258950176552,4.734049760166));
#192 = CARTESIAN_POINT('',(6.234715033224,4.734049760166));
#193 = CARTESIAN_POINT('',(6.210479882276,4.734049760166));
#194 = CARTESIAN_POINT('',(6.186244728789,4.734049760166));
#195 = CARTESIAN_POINT('',(6.162009577841,4.734049760166));
#196 = CARTESIAN_POINT('',(6.137774434514,4.734049760166));
#197 = CARTESIAN_POINT('',(6.090201768974,4.734049760166));
#198 = CARTESIAN_POINT('',(6.066864223548,4.734049760166));
#199 = CARTESIAN_POINT('',(6.043526671812,4.734049760166));
#200 = CARTESIAN_POINT('',(6.020189117973,4.734049760166));
#201 = CARTESIAN_POINT('',(5.996851566237,4.734049760166));
#202 = CARTESIAN_POINT('',(5.97351402081,4.734049760166));
#203 = CARTESIAN_POINT('',(5.934917322838,4.734049760166));
#204 = CARTESIAN_POINT('',(5.919658158521,4.734049760166));
#205 = CARTESIAN_POINT('',(5.904398993449,4.734049760166));
#206 = CARTESIAN_POINT('',(5.889139828127,4.734049760166));
#207 = CARTESIAN_POINT('',(5.873880663055,4.734049760166));
#208 = CARTESIAN_POINT('',(5.858621498738,4.734049760166));
#209 = CARTESIAN_POINT('',(5.811946455654,4.734049760166));
#210 = CARTESIAN_POINT('',(5.780530529119,4.734049760166));
#211 = CARTESIAN_POINT('',(5.749114574675,4.734049760166));
#212 = CARTESIAN_POINT('',(5.717698610928,4.734049760166));
#213 = CARTESIAN_POINT('',(5.686282656484,4.734049760166));
#214 = CARTESIAN_POINT('',(5.654866729948,4.734049760166));
#215 = CARTESIAN_POINT('',(5.601908507348,4.734049760166));
#216 = CARTESIAN_POINT('',(5.580366157723,4.734049760166));
#217 = CARTESIAN_POINT('',(5.558823803871,4.734049760166));
#218 = CARTESIAN_POINT('',(5.537281448609,4.734049760166));
#219 = CARTESIAN_POINT('',(5.515739094756,4.734049760166));
#220 = CARTESIAN_POINT('',(5.494196745132,4.734049760166));
#221 = CARTESIAN_POINT('',(5.364963042368,4.734049760166));
#222 = CARTESIAN_POINT('',(5.257208499276,4.734049760166));
#223 = CARTESIAN_POINT('',(5.149506885962,4.734049760166));
#224 = CARTESIAN_POINT('',(5.041819682283,4.734049760166));
#225 = CARTESIAN_POINT('',(4.934118068969,4.734049760166));
#226 = CARTESIAN_POINT('',(4.826363525878,4.734049760166));
#227 = CARTESIAN_POINT('',(4.633406869694,4.734049760166));
#228 = CARTESIAN_POINT('',(4.548122001328,4.734049760166));
#229 = CARTESIAN_POINT('',(4.462851525078,4.734049760166));
#230 = CARTESIAN_POINT('',(4.377590202124,4.734049760166));
#231 = CARTESIAN_POINT('',(4.292319725874,4.734049760166));
#232 = CARTESIAN_POINT('',(4.207034857508,4.734049760166));
#233 = CARTESIAN_POINT('',(4.036504265512,4.734049760166));
#234 = CARTESIAN_POINT('',(3.951219397145,4.734049760166));
#235 = CARTESIAN_POINT('',(3.865948920896,4.734049760166));
#236 = CARTESIAN_POINT('',(3.780687597942,4.734049760166));
#237 = CARTESIAN_POINT('',(3.695417121692,4.734049760166));
#238 = CARTESIAN_POINT('',(3.610132253326,4.734049760166));
#239 = CARTESIAN_POINT('',(3.419866019171,4.734049760166));
#240 = CARTESIAN_POINT('',(3.314809332301,4.734049760166));
#241 = CARTESIAN_POINT('',(3.209799094512,4.734049760166));
#242 = CARTESIAN_POINT('',(3.104802139204,4.734049760166));
#243 = CARTESIAN_POINT('',(2.999791901415,4.734049760166));
#244 = CARTESIAN_POINT('',(2.894735214545,4.734049760166));
#245 = CARTESIAN_POINT('',(2.733186464633,4.734049760166));
#246 = CARTESIAN_POINT('',(2.676636081777,4.734049760166));
#247 = CARTESIAN_POINT('',(2.620087586443,4.734049760166));
#248 = CARTESIAN_POINT('',(2.56354029198,4.734049760166));
#249 = CARTESIAN_POINT('',(2.506991796646,4.734049760166));
#250 = CARTESIAN_POINT('',(2.45044141379,4.734049760166));
#251 = CARTESIAN_POINT('',(2.362477722013,4.734049760166));
#252 = CARTESIAN_POINT('',(2.331061795477,4.734049760166));
#253 = CARTESIAN_POINT('',(2.299645841033,4.734049760166));
#254 = CARTESIAN_POINT('',(2.268229877287,4.734049760166));
#255 = CARTESIAN_POINT('',(2.236813922843,4.734049760166));
#256 = CARTESIAN_POINT('',(2.205397996307,4.734049760166));
#257 = CARTESIAN_POINT('',(2.158722953223,4.734049760166));
#258 = CARTESIAN_POINT('',(2.143463788906,4.734049760166));
#259 = CARTESIAN_POINT('',(2.128204623835,4.734049760166));
#260 = CARTESIAN_POINT('',(2.112945458512,4.734049760166));
#261 = CARTESIAN_POINT('',(2.097686293441,4.734049760166));
#262 = CARTESIAN_POINT('',(2.082427129123,4.734049760166));
#263 = CARTESIAN_POINT('',(2.0474208168,4.734049760166));
#264 = CARTESIAN_POINT('',(2.027673662977,4.734049760166));
#265 = CARTESIAN_POINT('',(2.007926506419,4.734049760166));
#266 = CARTESIAN_POINT('',(1.988179348948,4.734049760166));
#267 = CARTESIAN_POINT('',(1.968432192389,4.734049760166));
#268 = CARTESIAN_POINT('',(1.948685038566,4.734049760166));
#269 = CARTESIAN_POINT('',(1.902907568331,4.734049760166));
#270 = CARTESIAN_POINT('',(1.876877229201,4.734049760166));
#271 = CARTESIAN_POINT('',(1.850846879178,4.734049760166));
#272 = CARTESIAN_POINT('',(1.824816525523,4.734049760166));
#273 = CARTESIAN_POINT('',(1.798786175499,4.734049760166));
#274 = CARTESIAN_POINT('',(1.77275583637,4.734049760166));
#275 = CARTESIAN_POINT('',(1.726080769368,4.734049760166));
#276 = CARTESIAN_POINT('',(1.705436017644,4.734049760166));
#277 = CARTESIAN_POINT('',(1.684791262504,4.734049760166));
#278 = CARTESIAN_POINT('',(1.664146506223,4.734049760166));
#279 = CARTESIAN_POINT('',(1.643501751083,4.734049760166));
#280 = CARTESIAN_POINT('',(1.622856999359,4.734049760166));
#281 = CARTESIAN_POINT('',(1.576181932357,4.734049760166));
#282 = CARTESIAN_POINT('',(1.550151593228,4.734049760166));
#283 = CARTESIAN_POINT('',(1.524121243204,4.734049760166));
#284 = CARTESIAN_POINT('',(1.498090889549,4.734049760166));
#285 = CARTESIAN_POINT('',(1.472060539526,4.734049760166));
#286 = CARTESIAN_POINT('',(1.446030200396,4.734049760166));
#287 = CARTESIAN_POINT('',(1.394867153427,4.734049760166));
#288 = CARTESIAN_POINT('',(1.369734412199,4.734049760166));
#289 = CARTESIAN_POINT('',(1.34460166183,4.734049760166));
#290 = CARTESIAN_POINT('',(1.319468908414,4.734049760166));
#291 = CARTESIAN_POINT('',(1.294336158046,4.734049760166));
#292 = CARTESIAN_POINT('',(1.269203416817,4.734049760166));
#293 = CARTESIAN_POINT('',(1.228811527761,4.734049760166));
#294 = CARTESIAN_POINT('',(1.213552363443,4.734049760166));
#295 = CARTESIAN_POINT('',(1.198293198372,4.734049760166));
#296 = CARTESIAN_POINT('',(1.183034033049,4.734049760166));
#297 = CARTESIAN_POINT('',(1.167774867978,4.734049760166));
#298 = CARTESIAN_POINT('',(1.152515703661,4.734049760166));
#299 = CARTESIAN_POINT('',(1.114816601716,4.734049760166));
#300 = CARTESIAN_POINT('',(1.092376654191,4.734049760166));
#301 = CARTESIAN_POINT('',(1.06993670148,4.734049760166));
#302 = CARTESIAN_POINT('',(1.04749674704,4.734049760166));
#303 = CARTESIAN_POINT('',(1.025056794329,4.734049760166));
#304 = CARTESIAN_POINT('',(1.002616846803,4.734049760166));
#305 = CARTESIAN_POINT('',(0.929014348708,4.734049760166));
#306 = CARTESIAN_POINT('',(0.87785022455,4.734049760166));
#307 = CARTESIAN_POINT('',(0.826687249023,4.734049760166));
#308 = CARTESIAN_POINT('',(0.775525004307,4.734049760166));
#309 = CARTESIAN_POINT('',(0.724362028781,4.734049760166));
#310 = CARTESIAN_POINT('',(0.673197904623,4.734049760166));
#311 = CARTESIAN_POINT('',(0.533181119883,4.734049760166));
#312 = CARTESIAN_POINT('',(0.444302915323,4.734049760166));
#313 = CARTESIAN_POINT('',(0.35544234806,4.734049760166));
#314 = CARTESIAN_POINT('',(0.266592997351,4.734049760166));
#315 = CARTESIAN_POINT('',(0.177732430088,4.734049760166));
#316 = CARTESIAN_POINT('',(8.885422552757E-02,4.734049760166));
#317 = CARTESIAN_POINT('',(0.,4.734049760166));
#318 = ( GEOMETRIC_REPRESENTATION_CONTEXT(2) 
PARAMETRIC_REPRESENTATION_CONTEXT() REPRESENTATION_CONTEXT('2D SPACE',''
  ) );
#319 = PCURVE('',#320,#325);
#320 = CYLINDRICAL_SURFACE('',#321,4.5);
#321 = AXIS2_PLACEMENT_3D('',#322,#323,#324);
#322 = CARTESIAN_POINT('',(0.,0.,-105.1));
#323 = DIRECTION('',(0.,0.,1.));
#324 = DIRECTION('',(1.,0.,-0.));
#325 = DEFINITIONAL_REPRESENTATION('',(#326),#455);
#326 = B_SPLINE_CURVE_WITH_KNOTS('',7,(#327,#328,#329,#330,#331,#332,
    #333,#334,#335,#336,#337,#338,#339,#340,#341,#342,#343,#344,#345,
    #346,#347,#348,#349,#350,#351,#352,#353,#354,#355,#356,#357,#358,
    #359,#360,#361,#362,#363,#364,#365,#366,#367,#368,#369,#370,#371,
    #372,#373,#374,#375,#376,#377,#378,#379,#380,#381,#382,#383,#384,
    #385,#386,#387,#388,#389,#390,#391,#392,#393,#394,#395,#396,#397,
    #398,#399,#400,#401,#402,#403,#404,#405,#406,#407,#408,#409,#410,
    #411,#412,#413,#414,#415,#416,#417,#418,#419,#420,#421,#422,#423,
    #424,#425,#426,#427,#428,#429,#430,#431,#432,#433,#434,#435,#436,
    #437,#438,#439,#440,#441,#442,#443,#444,#445,#446,#447,#448,#449,
    #450,#451,#452,#453,#454),.UNSPECIFIED.,.F.,.F.,(8,6,6,6,6,6,6,6,6,6
    ,6,6,6,6,6,6,6,6,6,6,6,8),(0.,2.700181951047E-02,5.300357354152E-02,
    7.000472666837E-02,0.105007051812,0.129008673881,0.248994108053,
    0.343993312653,0.438992517254,0.555980390111,0.618983714919,
    0.653986040063,0.67098719319,0.692988682202,0.72199063146,
    0.744992187121,0.773994136379,0.80199602098,0.818997174107,
    0.843998862311,0.901002152731,1.),.UNSPECIFIED.);
#327 = CARTESIAN_POINT('',(6.28318530718,1.124396893879));
#328 = CARTESIAN_POINT('',(6.258950176552,1.124396893879));
#329 = CARTESIAN_POINT('',(6.234715033224,1.124396893879));
#330 = CARTESIAN_POINT('',(6.210479882276,1.124396893879));
#331 = CARTESIAN_POINT('',(6.186244728789,1.124396893879));
#332 = CARTESIAN_POINT('',(6.162009577841,1.124396893879));
#333 = CARTESIAN_POINT('',(6.137774434514,1.124396893879));
#334 = CARTESIAN_POINT('',(6.090201768974,1.124396893879));
#335 = CARTESIAN_POINT('',(6.066864223548,1.124396893879));
#336 = CARTESIAN_POINT('',(6.043526671812,1.124396893879));
#337 = CARTESIAN_POINT('',(6.020189117973,1.124396893879));
#338 = CARTESIAN_POINT('',(5.996851566237,1.124396893879));
#339 = CARTESIAN_POINT('',(5.97351402081,1.124396893879));
#340 = CARTESIAN_POINT('',(5.934917322838,1.124396893879));
#341 = CARTESIAN_POINT('',(5.919658158521,1.124396893879));
#342 = CARTESIAN_POINT('',(5.904398993449,1.124396893879));
#343 = CARTESIAN_POINT('',(5.889139828127,1.124396893879));
#344 = CARTESIAN_POINT('',(5.873880663055,1.124396893879));
#345 = CARTESIAN_POINT('',(5.858621498738,1.124396893879));
#346 = CARTESIAN_POINT('',(5.811946455654,1.124396893879));
#347 = CARTESIAN_POINT('',(5.780530529119,1.124396893879));
#348 = CARTESIAN_POINT('',(5.749114574675,1.124396893879));
#349 = CARTESIAN_POINT('',(5.717698610928,1.124396893879));
#350 = CARTESIAN_POINT('',(5.686282656484,1.124396893879));
#351 = CARTESIAN_POINT('',(5.654866729948,1.124396893879));
#352 = CARTESIAN_POINT('',(5.601908507348,1.124396893879));
#353 = CARTESIAN_POINT('',(5.580366157723,1.124396893879));
#354 = CARTESIAN_POINT('',(5.558823803871,1.124396893879));
#355 = CARTESIAN_POINT('',(5.537281448609,1.124396893879));
#356 = CARTESIAN_POINT('',(5.515739094756,1.124396893879));
#357 = CARTESIAN_POINT('',(5.494196745132,1.124396893879));
#358 = CARTESIAN_POINT('',(5.364963042368,1.124396893879));
#359 = CARTESIAN_POINT('',(5.257208499276,1.124396893879));
#360 = CARTESIAN_POINT('',(5.149506885962,1.124396893879));
#361 = CARTESIAN_POINT('',(5.041819682283,1.124396893879));
#362 = CARTESIAN_POINT('',(4.934118068969,1.124396893879));
#363 = CARTESIAN_POINT('',(4.826363525878,1.124396893879));
#364 = CARTESIAN_POINT('',(4.633406869694,1.124396893879));
#365 = CARTESIAN_POINT('',(4.548122001328,1.124396893879));
#366 = CARTESIAN_POINT('',(4.462851525078,1.124396893879));
#367 = CARTESIAN_POINT('',(4.377590202124,1.124396893879));
#368 = CARTESIAN_POINT('',(4.292319725874,1.124396893879));
#369 = CARTESIAN_POINT('',(4.207034857508,1.124396893879));
#370 = CARTESIAN_POINT('',(4.036504265512,1.124396893879));
#371 = CARTESIAN_POINT('',(3.951219397145,1.124396893879));
#372 = CARTESIAN_POINT('',(3.865948920896,1.124396893879));
#373 = CARTESIAN_POINT('',(3.780687597942,1.124396893879));
#374 = CARTESIAN_POINT('',(3.695417121692,1.124396893879));
#375 = CARTESIAN_POINT('',(3.610132253326,1.124396893879));
#376 = CARTESIAN_POINT('',(3.419866019171,1.124396893879));
#377 = CARTESIAN_POINT('',(3.314809332301,1.124396893879));
#378 = CARTESIAN_POINT('',(3.209799094512,1.124396893879));
#379 = CARTESIAN_POINT('',(3.104802139204,1.124396893879));
#380 = CARTESIAN_POINT('',(2.999791901415,1.124396893879));
#381 = CARTESIAN_POINT('',(2.894735214545,1.124396893879));
#382 = CARTESIAN_POINT('',(2.733186464633,1.124396893879));
#383 = CARTESIAN_POINT('',(2.676636081777,1.124396893879));
#384 = CARTESIAN_POINT('',(2.620087586443,1.124396893879));
#385 = CARTESIAN_POINT('',(2.56354029198,1.124396893879));
#386 = CARTESIAN_POINT('',(2.506991796646,1.124396893879));
#387 = CARTESIAN_POINT('',(2.45044141379,1.124396893879));
#388 = CARTESIAN_POINT('',(2.362477722013,1.124396893879));
#389 = CARTESIAN_POINT('',(2.331061795477,1.124396893879));
#390 = CARTESIAN_POINT('',(2.299645841033,1.124396893879));
#391 = CARTESIAN_POINT('',(2.268229877287,1.124396893879));
#392 = CARTESIAN_POINT('',(2.236813922843,1.124396893879));
#393 = CARTESIAN_POINT('',(2.205397996307,1.124396893879));
#394 = CARTESIAN_POINT('',(2.158722953223,1.124396893879));
#395 = CARTESIAN_POINT('',(2.143463788906,1.124396893879));
#396 = CARTESIAN_POINT('',(2.128204623835,1.124396893879));
#397 = CARTESIAN_POINT('',(2.112945458512,1.124396893879));
#398 = CARTESIAN_POINT('',(2.097686293441,1.124396893879));
#399 = CARTESIAN_POINT('',(2.082427129123,1.124396893879));
#400 = CARTESIAN_POINT('',(2.0474208168,1.124396893879));
#401 = CARTESIAN_POINT('',(2.027673662977,1.124396893879));
#402 = CARTESIAN_POINT('',(2.007926506419,1.124396893879));
#403 = CARTESIAN_POINT('',(1.988179348948,1.124396893879));
#404 = CARTESIAN_POINT('',(1.968432192389,1.124396893879));
#405 = CARTESIAN_POINT('',(1.948685038566,1.124396893879));
#406 = CARTESIAN_POINT('',(1.902907568331,1.124396893879));
#407 = CARTESIAN_POINT('',(1.876877229201,1.124396893879));
#408 = CARTESIAN_POINT('',(1.850846879178,1.124396893879));
#409 = CARTESIAN_POINT('',(1.824816525523,1.124396893879));
#410 = CARTESIAN_POINT('',(1.798786175499,1.124396893879));
#411 = CARTESIAN_POINT('',(1.77275583637,1.124396893879));
#412 = CARTESIAN_POINT('',(1.726080769368,1.124396893879));
#413 = CARTESIAN_POINT('',(1.705436017644,1.124396893879));
#414 = CARTESIAN_POINT('',(1.684791262504,1.124396893879));
#415 = CARTESIAN_POINT('',(1.664146506223,1.124396893879));
#416 = CARTESIAN_POINT('',(1.643501751083,1.124396893879));
#417 = CARTESIAN_POINT('',(1.622856999359,1.124396893879));
#418 = CARTESIAN_POINT('',(1.576181932357,1.124396893879));
#419 = CARTESIAN_POINT('',(1.550151593228,1.124396893879));
#420 = CARTESIAN_POINT('',(1.524121243204,1.124396893879));
#421 = CARTESIAN_POINT('',(1.498090889549,1.124396893879));
#422 = CARTESIAN_POINT('',(1.472060539526,1.124396893879));
#423 = CARTESIAN_POINT('',(1.446030200396,1.124396893879));
#424 = CARTESIAN_POINT('',(1.394867153427,1.124396893879));
#425 = CARTESIAN_POINT('',(1.369734412199,1.124396893879));
#426 = CARTESIAN_POINT('',(1.34460166183,1.124396893879));
#427 = CARTESIAN_POINT('',(1.319468908414,1.124396893879));
#428 = CARTESIAN_POINT('',(1.294336158046,1.124396893879));
#429 = CARTESIAN_POINT('',(1.269203416817,1.124396893879));
#430 = CARTESIAN_POINT('',(1.228811527761,1.124396893879));
#431 = CARTESIAN_POINT('',(1.213552363443,1.124396893879));
#432 = CARTESIAN_POINT('',(1.198293198372,1.124396893879));
#433 = CARTESIAN_POINT('',(1.183034033049,1.124396893879));
#434 = CARTESIAN_POINT('',(1.167774867978,1.124396893879));
#435 = CARTESIAN_POINT('',(1.152515703661,1.124396893879));
#436 = CARTESIAN_POINT('',(1.114816601716,1.124396893879));
#437 = CARTESIAN_POINT('',(1.092376654191,1.124396893879));
#438 = CARTESIAN_POINT('',(1.06993670148,1.124396893879));
#439 = CARTESIAN_POINT('',(1.04749674704,1.124396893879));
#440 = CARTESIAN_POINT('',(1.025056794329,1.124396893879));
#441 = CARTESIAN_POINT('',(1.002616846803,1.124396893879));
#442 = CARTESIAN_POINT('',(0.929014348708,1.124396893879));
#443 = CARTESIAN_POINT('',(0.87785022455,1.124396893879));
#444 = CARTESIAN_POINT('',(0.826687249023,1.124396893879));
#445 = CARTESIAN_POINT('',(0.775525004307,1.124396893879));
#446 = CARTESIAN_POINT('',(0.724362028781,1.124396893879));
#447 = CARTESIAN_POINT('',(0.673197904623,1.124396893879));
#448 = CARTESIAN_POINT('',(0.533181119883,1.124396893879));
#449 = CARTESIAN_POINT('',(0.444302915323,1.124396893879));
#450 = CARTESIAN_POINT('',(0.35544234806,1.124396893879));
#451 = CARTESIAN_POINT('',(0.266592997351,1.124396893879));
#452 = CARTESIAN_POINT('',(0.177732430088,1.124396893879));
#453 = CARTESIAN_POINT('',(8.885422552757E-02,1.124396893879));
#454 = CARTESIAN_POINT('',(0.,1.124396893879));
#455 = ( GEOMETRIC_REPRESENTATION_CONTEXT(2) 
PARAMETRIC_REPRESENTATION_CONTEXT() REPRESENTATION_CONTEXT('2D SPACE',''
  ) );
#456 = ORIENTED_EDGE('',*,*,#21,.T.);
#457 = ORIENTED_EDGE('',*,*,#458,.T.);
#458 = EDGE_CURVE('',#24,#459,#461,.T.);
#459 = VERTEX_POINT('',#460);
#460 = CARTESIAN_POINT('',(27.999999999997,-3.673940397442E-16,
    -103.0512317427));
#461 = SURFACE_CURVE('',#462,(#507,#555),.PCURVE_S1.);
#462 = B_SPLINE_CURVE_WITH_KNOTS('',8,(#463,#464,#465,#466,#467,#468,
    #469,#470,#471,#472,#473,#474,#475,#476,#477,#478,#479,#480,#481,
    #482,#483,#484,#485,#486,#487,#488,#489,#490,#491,#492,#493,#494,
    #495,#496,#497,#498,#499,#500,#501,#502,#503,#504,#505,#506),
  .UNSPECIFIED.,.F.,.F.,(9,7,7,7,7,7,9),(0.,0.270027520423,
    0.406241198575,0.51788096755,0.636102311409,0.773672497265,1.),
  .UNSPECIFIED.);
#463 = CARTESIAN_POINT('',(22.,-5.329070518201E-15,-103.4153089367));
#464 = CARTESIAN_POINT('',(22.,-0.318421675145,-103.4153089367));
#465 = CARTESIAN_POINT('',(22.038625777203,-0.637136874807,
    -103.4129692683));
#466 = CARTESIAN_POINT('',(22.116000888444,-0.950204558629,
    -103.4082824474));
#467 = CARTESIAN_POINT('',(22.23100446182,-1.252148057887,
    -103.4013160715));
#468 = CARTESIAN_POINT('',(22.381762836114,-1.537830107956,
    -103.3921830369));
#469 = CARTESIAN_POINT('',(22.56560055488,-1.802498649634,
    -103.3810446145));
#470 = CARTESIAN_POINT('',(22.779120140909,-2.041773527335,
    -103.3681057499));
#471 = CARTESIAN_POINT('',(23.138273665292,-2.357904395151,
    -103.3463378626));
#472 = CARTESIAN_POINT('',(23.265165692896,-2.456533876054,
    -103.3386464918));
#473 = CARTESIAN_POINT('',(23.397988389349,-2.547325751479,
    -103.3305949699));
#474 = CARTESIAN_POINT('',(23.536173365373,-2.629869106685,
    -103.3222176418));
#475 = CARTESIAN_POINT('',(23.679123885499,-2.70380482329,
    -103.3135505815));
#476 = CARTESIAN_POINT('',(23.826216763129,-2.768823977012,
    -103.3046314817));
#477 = CARTESIAN_POINT('',(23.976802401724,-2.824669546948,
    -103.2954996555));
#478 = CARTESIAN_POINT('',(24.255929014837,-2.909229468873,
    -103.2785710621));
#479 = CARTESIAN_POINT('',(24.38355401907,-2.941023092362,
    -103.2708301616));
#480 = CARTESIAN_POINT('',(24.512707560118,-2.96641228169,
    -103.2629958799));
#481 = CARTESIAN_POINT('',(24.643015604074,-2.985313329935,
    -103.2550908777));
#482 = CARTESIAN_POINT('',(24.774100891968,-2.997668805029,
    -103.2471380215));
#483 = CARTESIAN_POINT('',(24.905583313895,-3.003447506384,
    -103.239160362));
#484 = CARTESIAN_POINT('',(25.037080283153,-3.002644421517,
    -103.2311811118));
#485 = CARTESIAN_POINT('',(25.307064346229,-2.987482824355,
    -103.2147970106));
#486 = CARTESIAN_POINT('',(25.445513279992,-2.972327849254,
    -103.2063943902));
#487 = CARTESIAN_POINT('',(25.583095960794,-2.949840591601,
    -103.1980435604));
#488 = CARTESIAN_POINT('',(25.719361735659,-2.920080186711,
    -103.1897718916));
#489 = CARTESIAN_POINT('',(25.853867071508,-2.883137750258,
    -103.1816063361));
#490 = CARTESIAN_POINT('',(25.986175759119,-2.839135604698,
    -103.1735734147));
#491 = CARTESIAN_POINT('',(26.115859499054,-2.788228052855,
    -103.1656991801));
#492 = CARTESIAN_POINT('',(26.389864828743,-2.663548183507,
    -103.1490605346));
#493 = CARTESIAN_POINT('',(26.533120961484,-2.587391578298,
    -103.1403605903));
#494 = CARTESIAN_POINT('',(26.671601844793,-2.502429936183,
    -103.1319498165));
#495 = CARTESIAN_POINT('',(26.804678885428,-2.409014195501,
    -103.1238664891));
#496 = CARTESIAN_POINT('',(26.931757731335,-2.307545216945,
    -103.1161468193));
#497 = CARTESIAN_POINT('',(27.052278106877,-2.198472046188,
    -103.1088249585));
#498 = CARTESIAN_POINT('',(27.165716071841,-2.082293401962,
    -103.1019328561));
#499 = CARTESIAN_POINT('',(27.445768075654,-1.757647975089,
    -103.0849167226));
#500 = CARTESIAN_POINT('',(27.599547440726,-1.537909795122,
    -103.0755717512));
#501 = CARTESIAN_POINT('',(27.73068818498,-1.302853238525,
    -103.0676015836));
#502 = CARTESIAN_POINT('',(27.837445300834,-1.055226924233,
    -103.0611127616));
#503 = CARTESIAN_POINT('',(27.918481913914,-0.797957228758,
    -103.0561869601));
#504 = CARTESIAN_POINT('',(27.972842215727,-0.534129739841,
    -103.0528825753));
#505 = CARTESIAN_POINT('',(28.,-0.266998012034,-103.0512317427));
#506 = CARTESIAN_POINT('',(28.,-6.661338147751E-15,-103.0512317427));
#507 = PCURVE('',#33,#508);
#508 = DEFINITIONAL_REPRESENTATION('',(#509),#554);
#509 = B_SPLINE_CURVE_WITH_KNOTS('',8,(#510,#511,#512,#513,#514,#515,
    #516,#517,#518,#519,#520,#521,#522,#523,#524,#525,#526,#527,#528,
    #529,#530,#531,#532,#533,#534,#535,#536,#537,#538,#539,#540,#541,
    #542,#543,#544,#545,#546,#547,#548,#549,#550,#551,#552,#553),
  .UNSPECIFIED.,.F.,.F.,(9,7,7,7,7,7,9),(0.,0.270027520423,
    0.406241198575,0.51788096755,0.636102311409,0.773672497265,1.),
  .UNSPECIFIED.);
#510 = CARTESIAN_POINT('',(6.28318530718,4.818476729305));
#511 = CARTESIAN_POINT('',(6.268711594673,4.818476729305));
#512 = CARTESIAN_POINT('',(6.254224542143,4.818689186406));
#513 = CARTESIAN_POINT('',(6.240105071036,4.81911477806));
#514 = CARTESIAN_POINT('',(6.226713899222,4.819745000152));
#515 = CARTESIAN_POINT('',(6.214365594483,4.820564796881));
#516 = CARTESIAN_POINT('',(6.203302828103,4.821553605617));
#517 = CARTESIAN_POINT('',(6.193700131919,4.822687183366));
#518 = CARTESIAN_POINT('',(6.181608218673,4.824567461535));
#519 = CARTESIAN_POINT('',(6.177950304873,4.82522777544));
#520 = CARTESIAN_POINT('',(6.174702086643,4.82591447132));
#521 = CARTESIAN_POINT('',(6.171871739925,4.826623991747));
#522 = CARTESIAN_POINT('',(6.169463211643,4.827352740977));
#523 = CARTESIAN_POINT('',(6.167476842414,4.828097116328));
#524 = CARTESIAN_POINT('',(6.16590985594,4.82885352186));
#525 = CARTESIAN_POINT('',(6.16381160903,4.83024522382));
#526 = CARTESIAN_POINT('',(6.163144451316,4.83087779138));
#527 = CARTESIAN_POINT('',(6.162752179063,4.831514100546));
#528 = CARTESIAN_POINT('',(6.162630528368,4.832152233678));
#529 = CARTESIAN_POINT('',(6.162774197356,4.832790321242));
#530 = CARTESIAN_POINT('',(6.163177009197,4.833426541099));
#531 = CARTESIAN_POINT('',(6.163832075137,4.834059117785));
#532 = CARTESIAN_POINT('',(6.165684891263,4.835350501793));
#533 = CARTESIAN_POINT('',(6.166912387055,4.836008688985));
#534 = CARTESIAN_POINT('',(6.168405589098,4.836658822235));
#535 = CARTESIAN_POINT('',(6.170154900516,4.837298943892));
#536 = CARTESIAN_POINT('',(6.172150214918,4.837927190324));
#537 = CARTESIAN_POINT('',(6.174381053241,4.838541783933));
#538 = CARTESIAN_POINT('',(6.17683660584,4.839141026655));
#539 = CARTESIAN_POINT('',(6.182611591113,4.840400860931));
#540 = CARTESIAN_POINT('',(6.186006902869,4.841055499494));
#541 = CARTESIAN_POINT('',(6.189673991727,4.841684630567));
#542 = CARTESIAN_POINT('',(6.193594934633,4.842285905874));
#543 = CARTESIAN_POINT('',(6.197751710457,4.842857172868));
#544 = CARTESIAN_POINT('',(6.202126236479,4.843396451854));
#545 = CARTESIAN_POINT('',(6.206700239789,4.843901926279));
#546 = CARTESIAN_POINT('',(6.219277332587,4.845145212905));
#547 = CARTESIAN_POINT('',(6.227592294643,4.845822857001));
#548 = CARTESIAN_POINT('',(6.236314379751,4.846397133175));
#549 = CARTESIAN_POINT('',(6.245361090474,4.846862383689));
#550 = CARTESIAN_POINT('',(6.254652474142,4.847214402878));
#551 = CARTESIAN_POINT('',(6.264109247712,4.847450162282));
#552 = CARTESIAN_POINT('',(6.273649663893,4.847567946021));
#553 = CARTESIAN_POINT('',(6.28318530718,4.847567946021));
#554 = ( GEOMETRIC_REPRESENTATION_CONTEXT(2) 
PARAMETRIC_REPRESENTATION_CONTEXT() REPRESENTATION_CONTEXT('2D SPACE',''
  ) );
#555 = PCURVE('',#556,#561);
#556 = CYLINDRICAL_SURFACE('',#557,3.);
#557 = AXIS2_PLACEMENT_3D('',#558,#559,#560);
#558 = CARTESIAN_POINT('',(25.,0.,-109.));
#559 = DIRECTION('',(0.,0.,1.));
#560 = DIRECTION('',(1.,0.,-0.));
#561 = DEFINITIONAL_REPRESENTATION('',(#562),#607);
#562 = B_SPLINE_CURVE_WITH_KNOTS('',8,(#563,#564,#565,#566,#567,#568,
    #569,#570,#571,#572,#573,#574,#575,#576,#577,#578,#579,#580,#581,
    #582,#583,#584,#585,#586,#587,#588,#589,#590,#591,#592,#593,#594,
    #595,#596,#597,#598,#599,#600,#601,#602,#603,#604,#605,#606),
  .UNSPECIFIED.,.F.,.F.,(9,7,7,7,7,7,9),(0.,0.270027520423,
    0.406241198575,0.51788096755,0.636102311409,0.773672497265,1.),
  .UNSPECIFIED.);
#563 = CARTESIAN_POINT('',(3.14159265359,5.584691063254));
#564 = CARTESIAN_POINT('',(3.247733211971,5.584691063254));
#565 = CARTESIAN_POINT('',(3.353971469857,5.587030731649));
#566 = CARTESIAN_POINT('',(3.460150317594,5.591717552583));
#567 = CARTESIAN_POINT('',(3.566276001359,5.598683928422));
#568 = CARTESIAN_POINT('',(3.672375925257,5.607816963014));
#569 = CARTESIAN_POINT('',(3.778480823766,5.618955385405));
#570 = CARTESIAN_POINT('',(3.884603467947,5.631894250084));
#571 = CARTESIAN_POINT('',(4.044092227447,5.653662137393));
#572 = CARTESIAN_POINT('',(4.097564124225,5.661353508185));
#573 = CARTESIAN_POINT('',(4.151026946827,5.669405030036));
#574 = CARTESIAN_POINT('',(4.204480594958,5.677782358133));
#575 = CARTESIAN_POINT('',(4.257926967082,5.686449418477));
#576 = CARTESIAN_POINT('',(4.311368109395,5.695368518286));
#577 = CARTESIAN_POINT('',(4.364804410355,5.704500344473));
#578 = CARTESIAN_POINT('',(4.462022405114,5.72142893784));
#579 = CARTESIAN_POINT('',(4.505809458769,5.729169838392));
#580 = CARTESIAN_POINT('',(4.549593138214,5.737004120004));
#581 = CARTESIAN_POINT('',(4.593373895013,5.744909122265));
#582 = CARTESIAN_POINT('',(4.637152865124,5.752861978479));
#583 = CARTESIAN_POINT('',(4.680931238217,5.760839637928));
#584 = CARTESIAN_POINT('',(4.724709626998,5.768818888131));
#585 = CARTESIAN_POINT('',(4.814846108911,5.785202989327));
#586 = CARTESIAN_POINT('',(4.861206386019,5.793605609728));
#587 = CARTESIAN_POINT('',(4.907567261679,5.801956439533));
#588 = CARTESIAN_POINT('',(4.953929426398,5.81022810834));
#589 = CARTESIAN_POINT('',(5.000294404876,5.81839366386));
#590 = CARTESIAN_POINT('',(5.046663684923,5.826426585226));
#591 = CARTESIAN_POINT('',(5.093037837775,5.834300819871));
#592 = CARTESIAN_POINT('',(5.193383900378,5.850939465373));
#593 = CARTESIAN_POINT('',(5.247361671333,5.85963940963));
#594 = CARTESIAN_POINT('',(5.301345849789,5.868050183461));
#595 = CARTESIAN_POINT('',(5.355336897771,5.87613351087));
#596 = CARTESIAN_POINT('',(5.409336993912,5.883853180663));
#597 = CARTESIAN_POINT('',(5.463348138393,5.891175041404));
#598 = CARTESIAN_POINT('',(5.517370201153,5.898067143821));
#599 = CARTESIAN_POINT('',(5.660285785417,5.915083277392));
#600 = CARTESIAN_POINT('',(5.749229710599,5.92442824872));
#601 = CARTESIAN_POINT('',(5.838180894373,5.932398416366));
#602 = CARTESIAN_POINT('',(5.927141839209,5.938887238344));
#603 = CARTESIAN_POINT('',(6.016125324746,5.943813039873));
#604 = CARTESIAN_POINT('',(6.105142051812,5.947117424664));
#605 = CARTESIAN_POINT('',(6.194185969835,5.948768257285));
#606 = CARTESIAN_POINT('',(6.28318530718,5.948768257285));
#607 = ( GEOMETRIC_REPRESENTATION_CONTEXT(2) 
PARAMETRIC_REPRESENTATION_CONTEXT() REPRESENTATION_CONTEXT('2D SPACE',''
  ) );
#608 = ORIENTED_EDGE('',*,*,#609,.T.);
#609 = EDGE_CURVE('',#459,#610,#612,.T.);
#610 = VERTEX_POINT('',#611);
#611 = CARTESIAN_POINT('',(46.800000000002,-5.73134702001E-15,
    -101.3271958805));
#612 = SEAM_CURVE('',#613,(#618,#625),.PCURVE_S1.);
#613 = ELLIPSE('',#614,207.765,104.);
#614 = AXIS2_PLACEMENT_3D('',#615,#616,#617);
#615 = CARTESIAN_POINT('',(0.,0.,0.));
#616 = DIRECTION('',(0.,-1.,0.));
#617 = DIRECTION('',(1.,0.,0.));
#618 = PCURVE('',#33,#619);
#619 = DEFINITIONAL_REPRESENTATION('',(#620),#624);
#620 = LINE('',#621,#622);
#621 = CARTESIAN_POINT('',(6.28318530718,0.));
#622 = VECTOR('',#623,1.);
#623 = DIRECTION('',(0.,1.));
#624 = ( GEOMETRIC_REPRESENTATION_CONTEXT(2) 
PARAMETRIC_REPRESENTATION_CONTEXT() REPRESENTATION_CONTEXT('2D SPACE',''
  ) );
#625 = PCURVE('',#33,#626);
#626 = DEFINITIONAL_REPRESENTATION('',(#627),#631);
#627 = LINE('',#628,#629);
#628 = CARTESIAN_POINT('',(0.,0.));
#629 = VECTOR('',#630,1.);
#630 = DIRECTION('',(0.,1.));
#631 = ( GEOMETRIC_REPRESENTATION_CONTEXT(2) 
PARAMETRIC_REPRESENTATION_CONTEXT() REPRESENTATION_CONTEXT('2D SPACE',''
  ) );
#632 = ORIENTED_EDGE('',*,*,#633,.T.);
#633 = EDGE_CURVE('',#610,#610,#634,.T.);
#634 = SURFACE_CURVE('',#635,(#869,#1106),.PCURVE_S1.);
#635 = B_SPLINE_CURVE_WITH_KNOTS('',8,(#636,#637,#638,#639,#640,#641,
    #642,#643,#644,#645,#646,#647,#648,#649,#650,#651,#652,#653,#654,
    #655,#656,#657,#658,#659,#660,#661,#662,#663,#664,#665,#666,#667,
    #668,#669,#670,#671,#672,#673,#674,#675,#676,#677,#678,#679,#680,
    #681,#682,#683,#684,#685,#686,#687,#688,#689,#690,#691,#692,#693,
    #694,#695,#696,#697,#698,#699,#700,#701,#702,#703,#704,#705,#706,
    #707,#708,#709,#710,#711,#712,#713,#714,#715,#716,#717,#718,#719,
    #720,#721,#722,#723,#724,#725,#726,#727,#728,#729,#730,#731,#732,
    #733,#734,#735,#736,#737,#738,#739,#740,#741,#742,#743,#744,#745,
    #746,#747,#748,#749,#750,#751,#752,#753,#754,#755,#756,#757,#758,
    #759,#760,#761,#762,#763,#764,#765,#766,#767,#768,#769,#770,#771,
    #772,#773,#774,#775,#776,#777,#778,#779,#780,#781,#782,#783,#784,
    #785,#786,#787,#788,#789,#790,#791,#792,#793,#794,#795,#796,#797,
    #798,#799,#800,#801,#802,#803,#804,#805,#806,#807,#808,#809,#810,
    #811,#812,#813,#814,#815,#816,#817,#818,#819,#820,#821,#822,#823,
    #824,#825,#826,#827,#828,#829,#830,#831,#832,#833,#834,#835,#836,
    #837,#838,#839,#840,#841,#842,#843,#844,#845,#846,#847,#848,#849,
    #850,#851,#852,#853,#854,#855,#856,#857,#858,#859,#860,#861,#862,
    #863,#864,#865,#866,#867,#868),.UNSPECIFIED.,.T.,.F.,(9,7,7,7,7,7,7,
    7,7,7,7,7,7,7,7,7,7,7,7,7,7,7,7,7,7,7,7,7,7,7,7,7,7,9),(0.,
    2.900030685554E-02,5.700060594217E-02,8.50009050288E-02,
    0.105001128516,0.125001352003,0.150001625115,0.170001848602,
    0.199002155458,0.24900239073,0.272002644755,0.296002908473,
    0.345003164113,0.374003470969,0.403003777824,0.436004109868,
    0.465004416723,0.49300471581,0.522005022665,0.54500527669,
    0.573005575776,0.604005896523,0.633006203378,0.662006510234,
    0.687006783347,0.709007027413,0.738007334268,0.767007641124,
    0.796007947979,0.822008230147,0.851008537002,0.880008843858,
    0.900009067345,1.),.UNSPECIFIED.);
#636 = CARTESIAN_POINT('',(46.8,-1.42108547152E-14,-101.3271958805));
#637 = CARTESIAN_POINT('',(46.8,-1.0659415705,-101.3271958805));
#638 = CARTESIAN_POINT('',(46.772253104025,-2.131885240048,
    -101.3271958805));
#639 = CARTESIAN_POINT('',(46.716759429929,-3.196985342605,
    -101.3271958805));
#640 = CARTESIAN_POINT('',(46.633549696728,-4.260399007826,
    -101.3271958805));
#641 = CARTESIAN_POINT('',(46.522685224596,-5.32128616106,
    -101.3271958805));
#642 = CARTESIAN_POINT('',(46.38425793487,-6.37880952335,-101.3271958805
    ));
#643 = CARTESIAN_POINT('',(46.218390350046,-7.432134611436,
    -101.3271958805));
#644 = CARTESIAN_POINT('',(45.838741327623,-9.492576857918,
    -101.3271958805));
#645 = CARTESIAN_POINT('',(45.626808650599,-10.50003858691,
    -101.3271958805));
#646 = CARTESIAN_POINT('',(45.389575550669,-11.50206655936,
    -101.3271958805));
#647 = CARTESIAN_POINT('',(45.127205750274,-12.49791953704,
    -101.3271958805));
#648 = CARTESIAN_POINT('',(44.83988870634,-13.48686340885,
    -101.3271958805));
#649 = CARTESIAN_POINT('',(44.527839610275,-14.46817119081,
    -101.3271958805));
#650 = CARTESIAN_POINT('',(44.191299387975,-15.44112302608,
    -101.3271958805));
#651 = CARTESIAN_POINT('',(43.469770011657,-17.36888934382,
    -101.3271958805));
#652 = CARTESIAN_POINT('',(43.084779622929,-18.32370712516,
    -101.3271958805));
#653 = CARTESIAN_POINT('',(42.67583037285,-19.2687468662,-101.3271958805
    ));
#654 = CARTESIAN_POINT('',(42.24321319048,-20.20330742541,
    -101.3271958805));
#655 = CARTESIAN_POINT('',(41.787243094722,-21.12669918251,
    -101.3271958805));
#656 = CARTESIAN_POINT('',(41.30825919432,-22.03824403848,
    -101.3271958805));
#657 = CARTESIAN_POINT('',(40.806624687865,-22.93727541553,
    -101.3271958805));
#658 = CARTESIAN_POINT('',(39.908513947936,-24.45589774142,
    -101.3271958805));
#659 = CARTESIAN_POINT('',(39.522941586754,-25.08193964883,
    -101.3271958805));
#660 = CARTESIAN_POINT('',(39.126150730247,-25.70102567082,
    -101.3271958805));
#661 = CARTESIAN_POINT('',(38.718288075722,-26.31292140471,
    -101.3271958805));
#662 = CARTESIAN_POINT('',(38.299506067791,-26.91739635369,
    -101.3271958805));
#663 = CARTESIAN_POINT('',(37.869962898364,-27.5142239268,
    -101.3271958805));
#664 = CARTESIAN_POINT('',(37.429822506656,-28.10318143896,
    -101.3271958805));
#665 = CARTESIAN_POINT('',(36.528686651711,-29.26491878294,
    -101.3271958805));
#666 = CARTESIAN_POINT('',(36.067690787159,-29.83769913213,
    -101.3271958805));
#667 = CARTESIAN_POINT('',(35.596436692081,-30.40217239483,
    -101.3271958805));
#668 = CARTESIAN_POINT('',(35.115099285477,-30.95812440275,
    -101.3271958805));
#669 = CARTESIAN_POINT('',(34.623858698798,-31.50534558299,
    -101.3271958805));
#670 = CARTESIAN_POINT('',(34.122900275942,-32.04363095805,
    -101.3271958805));
#671 = CARTESIAN_POINT('',(33.612414573255,-32.5727801458,
    -101.3271958805));
#672 = CARTESIAN_POINT('',(32.442826004711,-33.74236871435,
    -101.3271958805));
#673 = CARTESIAN_POINT('',(31.778473086344,-34.37755991874,
    -101.3271958805));
#674 = CARTESIAN_POINT('',(31.099921384239,-34.99778826132,
    -101.3271958805));
#675 = CARTESIAN_POINT('',(30.407564698154,-35.60268393336,
    -101.3271958805));
#676 = CARTESIAN_POINT('',(29.701807847793,-36.19189002888,
    -101.3271958805));
#677 = CARTESIAN_POINT('',(28.983066672805,-36.76506254457,
    -101.3271958805));
#678 = CARTESIAN_POINT('',(28.251768032789,-37.32187037982,
    -101.3271958805));
#679 = CARTESIAN_POINT('',(26.913615078308,-38.29409541023,
    -101.3271958805));
#680 = CARTESIAN_POINT('',(26.311123037318,-38.7155190167,
    -101.3271958805));
#681 = CARTESIAN_POINT('',(25.701097685575,-39.12610342539,
    -101.3271958805));
#682 = CARTESIAN_POINT('',(25.083766747739,-39.52569177269,
    -101.3271958805));
#683 = CARTESIAN_POINT('',(24.459361671879,-39.91413306214,
    -101.3271958805));
#684 = CARTESIAN_POINT('',(23.828117629472,-40.29128216443,
    -101.3271958805));
#685 = CARTESIAN_POINT('',(23.190273515402,-40.6569998174,
    -101.3271958805));
#686 = CARTESIAN_POINT('',(21.611980229198,-41.52467389401,
    -101.3271958805));
#687 = CARTESIAN_POINT('',(20.664519501941,-42.01388138291,
    -101.3271958805));
#688 = CARTESIAN_POINT('',(19.70443088577,-42.47836779329,
    -101.3271958805));
#689 = CARTESIAN_POINT('',(18.732467792596,-42.91775398855,
    -101.3271958805));
#690 = CARTESIAN_POINT('',(17.749395926668,-43.33168899492,
    -101.3271958805));
#691 = CARTESIAN_POINT('',(16.755993284569,-43.71985000147,
    -101.3271958805));
#692 = CARTESIAN_POINT('',(15.753050155218,-44.08194236009,
    -101.3271958805));
#693 = CARTESIAN_POINT('',(12.997101721593,-44.99658795215,
    -101.3271958805));
#694 = CARTESIAN_POINT('',(11.226824066031,-45.49720423457,
    -101.3271958805));
#695 = CARTESIAN_POINT('',(9.434677295488,-45.91816894261,
    -101.3271958805));
#696 = CARTESIAN_POINT('',(7.624850207284,-46.2583845285,-101.3271958805
    ));
#697 = CARTESIAN_POINT('',(5.801576021458,-46.51701936258,
    -101.3271958805));
#698 = CARTESIAN_POINT('',(3.969130919774,-46.69350245499,
    -101.3271958805));
#699 = CARTESIAN_POINT('',(2.131834356018,-46.78752892359,
    -101.3271958805));
#700 = CARTESIAN_POINT('',(-0.551334501801,-46.80438799259,
    -101.3271958805));
#701 = CARTESIAN_POINT('',(-1.396830460305,-46.79224698586,
    -101.3271958805));
#702 = CARTESIAN_POINT('',(-2.242015427185,-46.76265057,-101.3271958805)
  );
#703 = CARTESIAN_POINT('',(-3.086468893029,-46.71560825562,
    -101.3271958805));
#704 = CARTESIAN_POINT('',(-3.929771149745,-46.65114168183,
    -101.3271958805));
#705 = CARTESIAN_POINT('',(-4.771503290564,-46.56928461625,
    -101.3271958805));
#706 = CARTESIAN_POINT('',(-5.611247210036,-46.47008295497,
    -101.3271958805));
#707 = CARTESIAN_POINT('',(-7.322329966004,-46.23204179131,
    -101.3271958805));
#708 = CARTESIAN_POINT('',(-8.193456595839,-46.09166621725,
    -101.3271958805));
#709 = CARTESIAN_POINT('',(-9.061491272341,-45.932534011,-101.3271958805
    ));
#710 = CARTESIAN_POINT('',(-9.925962829606,-45.75472526684,
    -101.3271958805));
#711 = CARTESIAN_POINT('',(-10.78640315702,-45.55833416275,
    -101.3271958805));
#712 = CARTESIAN_POINT('',(-11.64234719929,-45.34346896039,
    -101.3271958805));
#713 = CARTESIAN_POINT('',(-12.49333295638,-45.11025200512,
    -101.3271958805));
#714 = CARTESIAN_POINT('',(-15.06526059696,-44.34548178535,
    -101.3271958805));
#715 = CARTESIAN_POINT('',(-16.76906943893,-43.75620691768,
    -101.3271958805));
#716 = CARTESIAN_POINT('',(-18.44639065476,-43.09216140573,
    -101.3271958805));
#717 = CARTESIAN_POINT('',(-20.09339879297,-42.35474978294,
    -101.3271958805));
#718 = CARTESIAN_POINT('',(-21.70637455611,-41.54560152935,
    -101.3271958805));
#719 = CARTESIAN_POINT('',(-23.2817031903,-40.66656649177,
    -101.3271958805));
#720 = CARTESIAN_POINT('',(-24.81587701365,-39.71971902812,
    -101.3271958805));
#721 = CARTESIAN_POINT('',(-27.18712164974,-38.10822283751,
    -101.3271958805));
#722 = CARTESIAN_POINT('',(-28.05314688308,-37.48612470047,
    -101.3271958805));
#723 = CARTESIAN_POINT('',(-28.90287841578,-36.84155189724,
    -101.3271958805));
#724 = CARTESIAN_POINT('',(-29.73563639279,-36.17500359831,
    -101.3271958805));
#725 = CARTESIAN_POINT('',(-30.55076047175,-35.48700271243,
    -101.3271958805));
#726 = CARTESIAN_POINT('',(-31.34760982295,-34.77809588651,
    -101.3271958805));
#727 = CARTESIAN_POINT('',(-32.12556312935,-34.04885350571,
    -101.3271958805));
#728 = CARTESIAN_POINT('',(-33.64247404381,-32.55088588108,
    -101.3271958805));
#729 = CARTESIAN_POINT('',(-34.38143463897,-31.78215768744,
    -101.3271958805));
#730 = CARTESIAN_POINT('',(-35.10029873331,-30.99427940357,
    -101.3271958805));
#731 = CARTESIAN_POINT('',(-35.79848817923,-30.18786512995,
    -101.3271958805));
#732 = CARTESIAN_POINT('',(-36.47544832025,-29.36354877652,
    -101.3271958805));
#733 = CARTESIAN_POINT('',(-37.13064799106,-28.5219840626,
    -101.3271958805));
#734 = CARTESIAN_POINT('',(-37.76357951746,-27.66384451698,
    -101.3271958805));
#735 = CARTESIAN_POINT('',(-39.06810020295,-25.79524832907,
    -101.3271958805));
#736 = CARTESIAN_POINT('',(-39.73298380554,-24.78010289984,
    -101.3271958805));
#737 = CARTESIAN_POINT('',(-40.36769568321,-23.74541014342,
    -101.3271958805));
#738 = CARTESIAN_POINT('',(-40.9715670763,-22.6922179815,-101.3271958805
    ));
#739 = CARTESIAN_POINT('',(-41.5439743065,-21.62159930423,
    -101.3271958805));
#740 = CARTESIAN_POINT('',(-42.08433877683,-20.53465197015,
    -101.3271958805));
#741 = CARTESIAN_POINT('',(-42.59212697166,-19.43249880627,
    -101.3271958805));
#742 = CARTESIAN_POINT('',(-43.4840319178,-17.33537422738,
    -101.3271958805));
#743 = CARTESIAN_POINT('',(-43.87568062305,-16.34359951074,
    -101.3271958805));
#744 = CARTESIAN_POINT('',(-44.2414657095,-15.34174171302,
    -101.3271958805));
#745 = CARTESIAN_POINT('',(-44.58108556852,-14.33058849296,
    -101.3271958805));
#746 = CARTESIAN_POINT('',(-44.89426784579,-13.31093691311,
    -101.3271958805));
#747 = CARTESIAN_POINT('',(-45.1807694413,-12.28359343983,
    -101.3271958805));
#748 = CARTESIAN_POINT('',(-45.4403765094,-11.24937394326,
    -101.3271958805));
#749 = CARTESIAN_POINT('',(-45.89741422546,-9.204704738375,
    -101.3271958805));
#750 = CARTESIAN_POINT('',(-46.09668101764,-8.194661501423,
    -101.3271958805));
#751 = CARTESIAN_POINT('',(-46.27053892568,-7.179716661004,
    -101.3271958805));
#752 = CARTESIAN_POINT('',(-46.41884851108,-6.160616404799,
    -101.3271958805));
#753 = CARTESIAN_POINT('',(-46.54149680637,-5.138110433677,
    -101.3271958805));
#754 = CARTESIAN_POINT('',(-46.63839731515,-4.112951961691,
    -101.3271958805));
#755 = CARTESIAN_POINT('',(-46.70949001209,-3.085897716084,
    -101.3271958805));
#756 = CARTESIAN_POINT('',(-46.80160878802,-0.99279720191,
    -101.3271958805));
#757 = CARTESIAN_POINT('',(-46.82075626249,7.33356092854E-02,
    -101.3271958805));
#758 = CARTESIAN_POINT('',(-46.81214670173,1.139845642897,
    -101.3271958805));
#759 = CARTESIAN_POINT('',(-46.77577373563,2.205889493034,
    -101.3271958805));
#760 = CARTESIAN_POINT('',(-46.71166168856,3.27062520132,-101.3271958805
    ));
#761 = CARTESIAN_POINT('',(-46.61986557939,4.333212256893,
    -101.3271958805));
#762 = CARTESIAN_POINT('',(-46.50047112145,5.392811596408,
    -101.3271958805));
#763 = CARTESIAN_POINT('',(-46.23710649023,7.285923998035,
    -101.3271958805));
#764 = CARTESIAN_POINT('',(-46.10333150529,8.120858171066,
    -101.3271958805));
#765 = CARTESIAN_POINT('',(-45.95232785047,8.952970827084,
    -101.3271958805));
#766 = CARTESIAN_POINT('',(-45.78416549515,9.781847209647,
    -101.3271958805));
#767 = CARTESIAN_POINT('',(-45.59892629536,10.607075101917,
    -101.3271958805));
#768 = CARTESIAN_POINT('',(-45.39670399382,11.428244826659,
    -101.3271958805));
#769 = CARTESIAN_POINT('',(-45.17760421991,12.24494924624,
    -101.3271958805));
#770 = CARTESIAN_POINT('',(-44.65461100924,14.045103684815,
    -101.3271958805));
#771 = CARTESIAN_POINT('',(-44.34263778994,15.026208829748,
    -101.3271958805));
#772 = CARTESIAN_POINT('',(-44.00603723025,15.999368459258,
    -101.3271958805));
#773 = CARTESIAN_POINT('',(-43.64504661795,16.963861509073,
    -101.3271958805));
#774 = CARTESIAN_POINT('',(-43.25992813002,17.918976588828,
    -101.3271958805));
#775 = CARTESIAN_POINT('',(-42.85096883275,18.86401198206,
    -101.3271958805));
#776 = CARTESIAN_POINT('',(-42.41848068166,19.798275646208,
    -101.3271958805));
#777 = CARTESIAN_POINT('',(-41.45829765614,21.74276689031,
    -101.3271958805));
#778 = CARTESIAN_POINT('',(-40.92536455331,22.750413083315,
    -101.3271958805));
#779 = CARTESIAN_POINT('',(-40.36445896281,23.743097188042,
    -101.3271958805));
#780 = CARTESIAN_POINT('',(-39.77607271612,24.719913781907,
    -101.3271958805));
#781 = CARTESIAN_POINT('',(-39.1607317264,25.679978623325,
    -101.3271958805));
#782 = CARTESIAN_POINT('',(-38.51899598857,26.622428651716,
    -101.3271958805));
#783 = CARTESIAN_POINT('',(-37.85145957923,27.546421987501,
    -101.3271958805));
#784 = CARTESIAN_POINT('',(-36.51073248044,29.2974853046,-101.3271958805
    ));
#785 = CARTESIAN_POINT('',(-35.84068225909,30.12696616499,
    -101.3271958805));
#786 = CARTESIAN_POINT('',(-35.14911419225,30.938909134206,
    -101.3271958805));
#787 = CARTESIAN_POINT('',(-34.43656507694,31.732663656306,
    -101.3271958805));
#788 = CARTESIAN_POINT('',(-33.70359430763,32.507599998476,
    -101.3271958805));
#789 = CARTESIAN_POINT('',(-32.95078387622,33.263109251028,
    -101.3271958805));
#790 = CARTESIAN_POINT('',(-32.17873837206,33.998603327404,
    -101.3271958805));
#791 = CARTESIAN_POINT('',(-30.59743159178,35.428426600934,
    -101.3271958805));
#792 = CARTESIAN_POINT('',(-29.78816720177,36.122758613693,
    -101.3271958805));
#793 = CARTESIAN_POINT('',(-28.96091915675,36.795943913846,
    -101.3271958805));
#794 = CARTESIAN_POINT('',(-28.11633325166,37.447439985988,
    -101.3271958805));
#795 = CARTESIAN_POINT('',(-27.25507373154,38.076728887902,
    -101.3271958805));
#796 = CARTESIAN_POINT('',(-26.37782329146,38.683317250564,
    -101.3271958805));
#797 = CARTESIAN_POINT('',(-25.4852830766,39.266736278141,
    -101.3271958805));
#798 = CARTESIAN_POINT('',(-23.79618069443,40.309132835936,
    -101.3271958805));
#799 = CARTESIAN_POINT('',(-23.00335852138,40.774176563152,
    -101.3271958805));
#800 = CARTESIAN_POINT('',(-22.20016681819,41.221388702161,
    -101.3271958805));
#801 = CARTESIAN_POINT('',(-21.38707399081,41.650500119967,
    -101.3271958805));
#802 = CARTESIAN_POINT('',(-20.56455619607,42.061256778048,
    -101.3271958805));
#803 = CARTESIAN_POINT('',(-19.73309734163,42.453419732364,
    -101.3271958805));
#804 = CARTESIAN_POINT('',(-18.89318908601,42.82676513335,
    -101.3271958805));
#805 = CARTESIAN_POINT('',(-17.29921545444,43.492885080203,
    -101.3271958805));
#806 = CARTESIAN_POINT('',(-16.54694239883,43.789952469281,
    -101.3271958805));
#807 = CARTESIAN_POINT('',(-15.78885182201,44.072144269049,
    -101.3271958805));
#808 = CARTESIAN_POINT('',(-15.02528713972,44.339327991726,
    -101.3271958805));
#809 = CARTESIAN_POINT('',(-14.25659503318,44.591380785857,
    -101.3271958805));
#810 = CARTESIAN_POINT('',(-13.48312544904,44.828189436309,
    -101.3271958805));
#811 = CARTESIAN_POINT('',(-12.70523159944,45.049650364278,
    -101.3271958805));
#812 = CARTESIAN_POINT('',(-10.89250287744,45.527240334733,
    -101.3271958805));
#813 = CARTESIAN_POINT('',(-9.854664666299,45.771980287273,
    -101.3271958805));
#814 = CARTESIAN_POINT('',(-8.810573118891,45.989674147915,
    -101.3271958805));
#815 = CARTESIAN_POINT('',(-7.761051118404,46.180136883303,
    -101.3271958805));
#816 = CARTESIAN_POINT('',(-6.706926640861,46.343213763709,
    -101.3271958805));
#817 = CARTESIAN_POINT('',(-5.649032755124,46.478780363035,
    -101.3271958805));
#818 = CARTESIAN_POINT('',(-4.588207622895,46.586742558811,
    -101.3271958805));
#819 = CARTESIAN_POINT('',(-2.462381374531,46.747330505582,
    -101.3271958805));
#820 = CARTESIAN_POINT('',(-1.397376072227,46.799956572805,
    -101.3271958805));
#821 = CARTESIAN_POINT('',(-0.331121864097,46.824851150066,
    -101.3271958805));
#822 = CARTESIAN_POINT('',(0.735538460227,46.821981378372,
    -101.3271958805));
#823 = CARTESIAN_POINT('',(1.801762593779,46.791345123542,
    -101.3271958805));
#824 = CARTESIAN_POINT('',(2.866708712253,46.732970976205,
    -101.3271958805));
#825 = CARTESIAN_POINT('',(3.929535474011,46.646918251801,
    -101.3271958805));
#826 = CARTESIAN_POINT('',(6.049268566142,46.419635729359,
    -101.3271958805));
#827 = CARTESIAN_POINT('',(7.106179070685,46.278405483757,
    -101.3271958805));
#828 = CARTESIAN_POINT('',(8.159292699859,46.10967652839,-101.3271958805
    ));
#829 = CARTESIAN_POINT('',(9.207774662004,45.913569266578,
    -101.3271958805));
#830 = CARTESIAN_POINT('',(10.250796207644,45.690234230348,
    -101.3271958805));
#831 = CARTESIAN_POINT('',(11.287534629492,45.439852080434,
    -101.3271958805));
#832 = CARTESIAN_POINT('',(12.317173262446,45.162633606275,
    -101.3271958805));
#833 = CARTESIAN_POINT('',(14.254933930443,44.586434793933,
    -101.3271958805));
#834 = CARTESIAN_POINT('',(15.164610735742,44.292671528967,
    -101.3271958805));
#835 = CARTESIAN_POINT('',(16.067348174001,43.977703567455,
    -101.3271958805));
#836 = CARTESIAN_POINT('',(16.962569711329,43.641723048445,
    -101.3271958805));
#837 = CARTESIAN_POINT('',(17.849706005426,43.284940613698,
    -101.3271958805));
#838 = CARTESIAN_POINT('',(18.728194905589,42.907585407686,
    -101.3271958805));
#839 = CARTESIAN_POINT('',(19.597481452706,42.509905077591,
    -101.3271958805));
#840 = CARTESIAN_POINT('',(21.41573132563,41.626225906514,
    -101.3271958805));
#841 = CARTESIAN_POINT('',(22.362318054189,41.135329418239,
    -101.3271958805));
#842 = CARTESIAN_POINT('',(23.296017519976,40.619846068439,
    -101.3271958805));
#843 = CARTESIAN_POINT('',(24.216085068742,40.080171917876,
    -101.3271958805));
#844 = CARTESIAN_POINT('',(25.121791936949,39.516729328113,
    -101.3271958805));
#845 = CARTESIAN_POINT('',(26.012425251774,38.929966961514,
    -101.3271958805));
#846 = CARTESIAN_POINT('',(26.887288031102,38.320359781248,
    -101.3271958805));
#847 = CARTESIAN_POINT('',(28.604110335964,37.05645832132,
    -101.3271958805));
#848 = CARTESIAN_POINT('',(29.446073242258,36.402161552788,
    -101.3271958805));
#849 = CARTESIAN_POINT('',(30.270906950756,35.726020199476,
    -101.3271958805));
#850 = CARTESIAN_POINT('',(31.077950903299,35.028558701083,
    -101.3271958805));
#851 = CARTESIAN_POINT('',(31.866564935231,34.310324483214,
    -101.3271958805));
#852 = CARTESIAN_POINT('',(32.636129275397,33.571887957386,
    -101.3271958805));
#853 = CARTESIAN_POINT('',(33.386044546143,32.813842521025,
    -101.3271958805));
#854 = CARTESIAN_POINT('',(34.618964625361,31.500915988895,
    -101.3271958805));
#855 = CARTESIAN_POINT('',(35.112577456517,30.955993160904,
    -101.3271958805));
#856 = CARTESIAN_POINT('',(35.596380734401,30.402237912857,
    -101.3271958805));
#857 = CARTESIAN_POINT('',(36.070190290849,29.839856513515,
    -101.3271958805));
#858 = CARTESIAN_POINT('',(36.533827311919,29.269059661035,
    -101.3271958805));
#859 = CARTESIAN_POINT('',(36.987118337889,28.690062482971,
    -101.3271958805));
#860 = CARTESIAN_POINT('',(37.429895263257,28.103084536274,
    -101.3271958805));
#861 = CARTESIAN_POINT('',(40.022275664458,24.534979021078,
    -101.3271958805));
#862 = CARTESIAN_POINT('',(41.91627477503,21.366922321242,
    -101.3271958805));
#863 = CARTESIAN_POINT('',(43.522558205413,18.033154999053,
    -101.3271958805));
#864 = CARTESIAN_POINT('',(44.82469376934,14.56442588278,-101.3271958805
    ));
#865 = CARTESIAN_POINT('',(45.810111787435,10.992788999468,
    -101.3271958805));
#866 = CARTESIAN_POINT('',(46.470140461236,7.351564868099,
    -101.3271958805));
#867 = CARTESIAN_POINT('',(46.8,3.675288414148,-101.3271958805));
#868 = CARTESIAN_POINT('',(46.8,0.,-101.3271958805));
#869 = PCURVE('',#33,#870);
#870 = DEFINITIONAL_REPRESENTATION('',(#871),#1105);
#871 = B_SPLINE_CURVE_WITH_KNOTS('',8,(#872,#873,#874,#875,#876,#877,
    #878,#879,#880,#881,#882,#883,#884,#885,#886,#887,#888,#889,#890,
    #891,#892,#893,#894,#895,#896,#897,#898,#899,#900,#901,#902,#903,
    #904,#905,#906,#907,#908,#909,#910,#911,#912,#913,#914,#915,#916,
    #917,#918,#919,#920,#921,#922,#923,#924,#925,#926,#927,#928,#929,
    #930,#931,#932,#933,#934,#935,#936,#937,#938,#939,#940,#941,#942,
    #943,#944,#945,#946,#947,#948,#949,#950,#951,#952,#953,#954,#955,
    #956,#957,#958,#959,#960,#961,#962,#963,#964,#965,#966,#967,#968,
    #969,#970,#971,#972,#973,#974,#975,#976,#977,#978,#979,#980,#981,
    #982,#983,#984,#985,#986,#987,#988,#989,#990,#991,#992,#993,#994,
    #995,#996,#997,#998,#999,#1000,#1001,#1002,#1003,#1004,#1005,#1006,
    #1007,#1008,#1009,#1010,#1011,#1012,#1013,#1014,#1015,#1016,#1017,
    #1018,#1019,#1020,#1021,#1022,#1023,#1024,#1025,#1026,#1027,#1028,
    #1029,#1030,#1031,#1032,#1033,#1034,#1035,#1036,#1037,#1038,#1039,
    #1040,#1041,#1042,#1043,#1044,#1045,#1046,#1047,#1048,#1049,#1050,
    #1051,#1052,#1053,#1054,#1055,#1056,#1057,#1058,#1059,#1060,#1061,
    #1062,#1063,#1064,#1065,#1066,#1067,#1068,#1069,#1070,#1071,#1072,
    #1073,#1074,#1075,#1076,#1077,#1078,#1079,#1080,#1081,#1082,#1083,
    #1084,#1085,#1086,#1087,#1088,#1089,#1090,#1091,#1092,#1093,#1094,
    #1095,#1096,#1097,#1098,#1099,#1100,#1101,#1102,#1103,#1104),
  .UNSPECIFIED.,.F.,.F.,(9,7,7,7,7,7,7,7,7,7,7,7,7,7,7,7,7,7,7,7,7,7,7,7
    ,7,7,7,7,7,7,7,7,7,9),(0.,2.900030685554E-02,5.700060594217E-02,
    8.50009050288E-02,0.105001128516,0.125001352003,0.150001625115,
    0.170001848602,0.199002155458,0.24900239073,0.272002644755,
    0.296002908473,0.345003164113,0.374003470969,0.403003777824,
    0.436004109868,0.465004416723,0.49300471581,0.522005022665,
    0.54500527669,0.573005575776,0.604005896523,0.633006203378,
    0.662006510234,0.687006783347,0.709007027413,0.738007334268,
    0.767007641124,0.796007947979,0.822008230147,0.851008537002,
    0.880008843858,0.900009067345,1.),.UNSPECIFIED.);
#872 = CARTESIAN_POINT('',(6.28318530718,4.939593215978));
#873 = CARTESIAN_POINT('',(6.260408777895,4.939593215978));
#874 = CARTESIAN_POINT('',(6.23763223365,4.939593215978));
#875 = CARTESIAN_POINT('',(6.214855679431,4.939593215978));
#876 = CARTESIAN_POINT('',(6.192079120225,4.939593215978));
#877 = CARTESIAN_POINT('',(6.16930256102,4.939593215978));
#878 = CARTESIAN_POINT('',(6.146526006801,4.939593215978));
#879 = CARTESIAN_POINT('',(6.123749462556,4.939593215978));
#880 = CARTESIAN_POINT('',(6.07898179934,4.939593215978));
#881 = CARTESIAN_POINT('',(6.056990652857,4.939593215978));
#882 = CARTESIAN_POINT('',(6.034999498006,4.939593215978));
#883 = CARTESIAN_POINT('',(6.013008338971,4.939593215978));
#884 = CARTESIAN_POINT('',(5.991017179936,4.939593215978));
#885 = CARTESIAN_POINT('',(5.969026025085,4.939593215978));
#886 = CARTESIAN_POINT('',(5.947034878602,4.939593215978));
#887 = CARTESIAN_POINT('',(5.903052610739,4.939593215978));
#888 = CARTESIAN_POINT('',(5.881061464256,4.939593215978));
#889 = CARTESIAN_POINT('',(5.859070309405,4.939593215978));
#890 = CARTESIAN_POINT('',(5.83707915037,4.939593215978));
#891 = CARTESIAN_POINT('',(5.815087991335,4.939593215978));
#892 = CARTESIAN_POINT('',(5.793096836484,4.939593215978));
#893 = CARTESIAN_POINT('',(5.771105690001,4.939593215978));
#894 = CARTESIAN_POINT('',(5.733406595522,4.939593215978));
#895 = CARTESIAN_POINT('',(5.717698632643,4.939593215978));
#896 = CARTESIAN_POINT('',(5.701990668209,4.939593215978));
#897 = CARTESIAN_POINT('',(5.686282702998,4.939593215978));
#898 = CARTESIAN_POINT('',(5.670574737786,4.939593215978));
#899 = CARTESIAN_POINT('',(5.654866773352,4.939593215978));
#900 = CARTESIAN_POINT('',(5.639158810473,4.939593215978));
#901 = CARTESIAN_POINT('',(5.607742889379,4.939593215978));
#902 = CARTESIAN_POINT('',(5.592034926499,4.939593215978));
#903 = CARTESIAN_POINT('',(5.576326962065,4.939593215978));
#904 = CARTESIAN_POINT('',(5.560618996854,4.939593215978));
#905 = CARTESIAN_POINT('',(5.544911031643,4.939593215978));
#906 = CARTESIAN_POINT('',(5.529203067208,4.939593215978));
#907 = CARTESIAN_POINT('',(5.513495104329,4.939593215978));
#908 = CARTESIAN_POINT('',(5.478152198004,4.939593215978));
#909 = CARTESIAN_POINT('',(5.458517245105,4.939593215978));
#910 = CARTESIAN_POINT('',(5.438882287461,4.939593215978));
#911 = CARTESIAN_POINT('',(5.419247327442,4.939593215978));
#912 = CARTESIAN_POINT('',(5.399612367424,4.939593215978));
#913 = CARTESIAN_POINT('',(5.379977409779,4.939593215978));
#914 = CARTESIAN_POINT('',(5.360342456881,4.939593215978));
#915 = CARTESIAN_POINT('',(5.324999550556,4.939593215978));
#916 = CARTESIAN_POINT('',(5.309291587676,4.939593215978));
#917 = CARTESIAN_POINT('',(5.293583623242,4.939593215978));
#918 = CARTESIAN_POINT('',(5.277875658031,4.939593215978));
#919 = CARTESIAN_POINT('',(5.262167692819,4.939593215978));
#920 = CARTESIAN_POINT('',(5.246459728385,4.939593215978));
#921 = CARTESIAN_POINT('',(5.230751765506,4.939593215978));
#922 = CARTESIAN_POINT('',(5.192267275675,4.939593215978));
#923 = CARTESIAN_POINT('',(5.16949073143,4.939593215978));
#924 = CARTESIAN_POINT('',(5.146714177211,4.939593215978));
#925 = CARTESIAN_POINT('',(5.123937618005,4.939593215978));
#926 = CARTESIAN_POINT('',(5.101161058799,4.939593215978));
#927 = CARTESIAN_POINT('',(5.07838450458,4.939593215978));
#928 = CARTESIAN_POINT('',(5.055607960335,4.939593215978));
#929 = CARTESIAN_POINT('',(4.993561783713,4.939593215978));
#930 = CARTESIAN_POINT('',(4.954291465532,4.939593215978));
#931 = CARTESIAN_POINT('',(4.915021445577,4.939593215978));
#932 = CARTESIAN_POINT('',(4.875751798371,4.939593215978));
#933 = CARTESIAN_POINT('',(4.836482151166,4.939593215978));
#934 = CARTESIAN_POINT('',(4.79721213121,4.939593215978));
#935 = CARTESIAN_POINT('',(4.75794181303,4.939593215978));
#936 = CARTESIAN_POINT('',(4.700608013408,4.939593215978));
#937 = CARTESIAN_POINT('',(4.682543856431,4.939593215978));
#938 = CARTESIAN_POINT('',(4.664479696327,4.939593215978));
#939 = CARTESIAN_POINT('',(4.646415534659,4.939593215978));
#940 = CARTESIAN_POINT('',(4.628351372991,4.939593215978));
#941 = CARTESIAN_POINT('',(4.610287212887,4.939593215978));
#942 = CARTESIAN_POINT('',(4.592223055911,4.939593215978));
#943 = CARTESIAN_POINT('',(4.555309354478,4.939593215978));
#944 = CARTESIAN_POINT('',(4.536459799524,4.939593215978));
#945 = CARTESIAN_POINT('',(4.5176102407,4.939593215978));
#946 = CARTESIAN_POINT('',(4.498760679941,4.939593215978));
#947 = CARTESIAN_POINT('',(4.479911119182,4.939593215978));
#948 = CARTESIAN_POINT('',(4.461061560358,4.939593215978));
#949 = CARTESIAN_POINT('',(4.442212005404,4.939593215978));
#950 = CARTESIAN_POINT('',(4.384878182172,4.939593215978));
#951 = CARTESIAN_POINT('',(4.346393301315,4.939593215978));
#952 = CARTESIAN_POINT('',(4.307908690198,4.939593215978));
#953 = CARTESIAN_POINT('',(4.269424416229,4.939593215978));
#954 = CARTESIAN_POINT('',(4.230940142259,4.939593215978));
#955 = CARTESIAN_POINT('',(4.192455531143,4.939593215978));
#956 = CARTESIAN_POINT('',(4.153970650286,4.939593215978));
#957 = CARTESIAN_POINT('',(4.092709846919,4.939593215978));
#958 = CARTESIAN_POINT('',(4.069933302674,4.939593215978));
#959 = CARTESIAN_POINT('',(4.047156748455,4.939593215978));
#960 = CARTESIAN_POINT('',(4.024380189249,4.939593215978));
#961 = CARTESIAN_POINT('',(4.001603630043,4.939593215978));
#962 = CARTESIAN_POINT('',(3.978827075824,4.939593215978));
#963 = CARTESIAN_POINT('',(3.956050531579,4.939593215978));
#964 = CARTESIAN_POINT('',(3.91049747301,4.939593215978));
#965 = CARTESIAN_POINT('',(3.887720928765,4.939593215978));
#966 = CARTESIAN_POINT('',(3.864944374546,4.939593215978));
#967 = CARTESIAN_POINT('',(3.84216781534,4.939593215978));
#968 = CARTESIAN_POINT('',(3.819391256135,4.939593215978));
#969 = CARTESIAN_POINT('',(3.796614701916,4.939593215978));
#970 = CARTESIAN_POINT('',(3.773838157671,4.939593215978));
#971 = CARTESIAN_POINT('',(3.725143522315,4.939593215978));
#972 = CARTESIAN_POINT('',(3.699225387683,4.939593215978));
#973 = CARTESIAN_POINT('',(3.673307234011,4.939593215978));
#974 = CARTESIAN_POINT('',(3.647389070818,4.939593215978));
#975 = CARTESIAN_POINT('',(3.621470907625,4.939593215978));
#976 = CARTESIAN_POINT('',(3.595552753952,4.939593215978));
#977 = CARTESIAN_POINT('',(3.56963461932,4.939593215978));
#978 = CARTESIAN_POINT('',(3.520939983965,4.939593215978));
#979 = CARTESIAN_POINT('',(3.49816343972,4.939593215978));
#980 = CARTESIAN_POINT('',(3.475386885501,4.939593215978));
#981 = CARTESIAN_POINT('',(3.452610326295,4.939593215978));
#982 = CARTESIAN_POINT('',(3.429833767089,4.939593215978));
#983 = CARTESIAN_POINT('',(3.40705721287,4.939593215978));
#984 = CARTESIAN_POINT('',(3.384280668625,4.939593215978));
#985 = CARTESIAN_POINT('',(3.33951300541,4.939593215978));
#986 = CARTESIAN_POINT('',(3.317521858927,4.939593215978));
#987 = CARTESIAN_POINT('',(3.295530704076,4.939593215978));
#988 = CARTESIAN_POINT('',(3.273539545041,4.939593215978));
#989 = CARTESIAN_POINT('',(3.251548386006,4.939593215978));
#990 = CARTESIAN_POINT('',(3.229557231155,4.939593215978));
#991 = CARTESIAN_POINT('',(3.207566084672,4.939593215978));
#992 = CARTESIAN_POINT('',(3.162798421456,4.939593215978));
#993 = CARTESIAN_POINT('',(3.140021877211,4.939593215978));
#994 = CARTESIAN_POINT('',(3.117245322992,4.939593215978));
#995 = CARTESIAN_POINT('',(3.094468763786,4.939593215978));
#996 = CARTESIAN_POINT('',(3.07169220458,4.939593215978));
#997 = CARTESIAN_POINT('',(3.048915650361,4.939593215978));
#998 = CARTESIAN_POINT('',(3.026139106116,4.939593215978));
#999 = CARTESIAN_POINT('',(2.985298424548,4.939593215978));
#1000 = CARTESIAN_POINT('',(2.967234267571,4.939593215978));
#1001 = CARTESIAN_POINT('',(2.949170107467,4.939593215978));
#1002 = CARTESIAN_POINT('',(2.931105945799,4.939593215978));
#1003 = CARTESIAN_POINT('',(2.913041784131,4.939593215978));
#1004 = CARTESIAN_POINT('',(2.894977624027,4.939593215978));
#1005 = CARTESIAN_POINT('',(2.876913467051,4.939593215978));
#1006 = CARTESIAN_POINT('',(2.836858180835,4.939593215978));
#1007 = CARTESIAN_POINT('',(2.814867034352,4.939593215978));
#1008 = CARTESIAN_POINT('',(2.792875879501,4.939593215978));
#1009 = CARTESIAN_POINT('',(2.770884720466,4.939593215978));
#1010 = CARTESIAN_POINT('',(2.748893561431,4.939593215978));
#1011 = CARTESIAN_POINT('',(2.72690240658,4.939593215978));
#1012 = CARTESIAN_POINT('',(2.704911260097,4.939593215978));
#1013 = CARTESIAN_POINT('',(2.658572807469,4.939593215978));
#1014 = CARTESIAN_POINT('',(2.634225467885,4.939593215978));
#1015 = CARTESIAN_POINT('',(2.609878114376,4.939593215978));
#1016 = CARTESIAN_POINT('',(2.585530753905,4.939593215978));
#1017 = CARTESIAN_POINT('',(2.561183393433,4.939593215978));
#1018 = CARTESIAN_POINT('',(2.536836039924,4.939593215978));
#1019 = CARTESIAN_POINT('',(2.51248870034,4.939593215978));
#1020 = CARTESIAN_POINT('',(2.465364852359,4.939593215978));
#1021 = CARTESIAN_POINT('',(2.442588308114,4.939593215978));
#1022 = CARTESIAN_POINT('',(2.419811753895,4.939593215978));
#1023 = CARTESIAN_POINT('',(2.397035194689,4.939593215978));
#1024 = CARTESIAN_POINT('',(2.374258635483,4.939593215978));
#1025 = CARTESIAN_POINT('',(2.351482081264,4.939593215978));
#1026 = CARTESIAN_POINT('',(2.328705537019,4.939593215978));
#1027 = CARTESIAN_POINT('',(2.283152478451,4.939593215978));
#1028 = CARTESIAN_POINT('',(2.260375934206,4.939593215978));
#1029 = CARTESIAN_POINT('',(2.237599379987,4.939593215978));
#1030 = CARTESIAN_POINT('',(2.214822820781,4.939593215978));
#1031 = CARTESIAN_POINT('',(2.192046261575,4.939593215978));
#1032 = CARTESIAN_POINT('',(2.169269707356,4.939593215978));
#1033 = CARTESIAN_POINT('',(2.146493163111,4.939593215978));
#1034 = CARTESIAN_POINT('',(2.104081688048,4.939593215978));
#1035 = CARTESIAN_POINT('',(2.08444673515,4.939593215978));
#1036 = CARTESIAN_POINT('',(2.064811777505,4.939593215978));
#1037 = CARTESIAN_POINT('',(2.045176817487,4.939593215978));
#1038 = CARTESIAN_POINT('',(2.025541857469,4.939593215978));
#1039 = CARTESIAN_POINT('',(2.005906899824,4.939593215978));
#1040 = CARTESIAN_POINT('',(1.986271946926,4.939593215978));
#1041 = CARTESIAN_POINT('',(1.949358245935,4.939593215978));
#1042 = CARTESIAN_POINT('',(1.932079486966,4.939593215978));
#1043 = CARTESIAN_POINT('',(1.914800725493,4.939593215978));
#1044 = CARTESIAN_POINT('',(1.897521962768,4.939593215978));
#1045 = CARTESIAN_POINT('',(1.880243200043,4.939593215978));
#1046 = CARTESIAN_POINT('',(1.86296443857,4.939593215978));
#1047 = CARTESIAN_POINT('',(1.845685679602,4.939593215978));
#1048 = CARTESIAN_POINT('',(1.805630395105,4.939593215978));
#1049 = CARTESIAN_POINT('',(1.78285385086,4.939593215978));
#1050 = CARTESIAN_POINT('',(1.760077296641,4.939593215978));
#1051 = CARTESIAN_POINT('',(1.737300737435,4.939593215978));
#1052 = CARTESIAN_POINT('',(1.714524178229,4.939593215978));
#1053 = CARTESIAN_POINT('',(1.69174762401,4.939593215978));
#1054 = CARTESIAN_POINT('',(1.668971079765,4.939593215978));
#1055 = CARTESIAN_POINT('',(1.623418021197,4.939593215978));
#1056 = CARTESIAN_POINT('',(1.600641476952,4.939593215978));
#1057 = CARTESIAN_POINT('',(1.577864922733,4.939593215978));
#1058 = CARTESIAN_POINT('',(1.555088363527,4.939593215978));
#1059 = CARTESIAN_POINT('',(1.532311804321,4.939593215978));
#1060 = CARTESIAN_POINT('',(1.509535250102,4.939593215978));
#1061 = CARTESIAN_POINT('',(1.486758705857,4.939593215978));
#1062 = CARTESIAN_POINT('',(1.441205647289,4.939593215978));
#1063 = CARTESIAN_POINT('',(1.418429103044,4.939593215978));
#1064 = CARTESIAN_POINT('',(1.395652548825,4.939593215978));
#1065 = CARTESIAN_POINT('',(1.372875989619,4.939593215978));
#1066 = CARTESIAN_POINT('',(1.350099430413,4.939593215978));
#1067 = CARTESIAN_POINT('',(1.327322876194,4.939593215978));
#1068 = CARTESIAN_POINT('',(1.304546331949,4.939593215978));
#1069 = CARTESIAN_POINT('',(1.261349460524,4.939593215978));
#1070 = CARTESIAN_POINT('',(1.240929109719,4.939593215978));
#1071 = CARTESIAN_POINT('',(1.220508753139,4.939593215978));
#1072 = CARTESIAN_POINT('',(1.200088393671,4.939593215978));
#1073 = CARTESIAN_POINT('',(1.179668034204,4.939593215978));
#1074 = CARTESIAN_POINT('',(1.159247677624,4.939593215978));
#1075 = CARTESIAN_POINT('',(1.138827326819,4.939593215978));
#1076 = CARTESIAN_POINT('',(1.095630455394,4.939593215978));
#1077 = CARTESIAN_POINT('',(1.072853911149,4.939593215978));
#1078 = CARTESIAN_POINT('',(1.05007735693,4.939593215978));
#1079 = CARTESIAN_POINT('',(1.027300797724,4.939593215978));
#1080 = CARTESIAN_POINT('',(1.004524238518,4.939593215978));
#1081 = CARTESIAN_POINT('',(0.981747684299,4.939593215978));
#1082 = CARTESIAN_POINT('',(0.958971140054,4.939593215978));
#1083 = CARTESIAN_POINT('',(0.913418081486,4.939593215978));
#1084 = CARTESIAN_POINT('',(0.890641537241,4.939593215978));
#1085 = CARTESIAN_POINT('',(0.867864983022,4.939593215978));
#1086 = CARTESIAN_POINT('',(0.845088423816,4.939593215978));
#1087 = CARTESIAN_POINT('',(0.82231186461,4.939593215978));
#1088 = CARTESIAN_POINT('',(0.799535310391,4.939593215978));
#1089 = CARTESIAN_POINT('',(0.776758766146,4.939593215978));
#1090 = CARTESIAN_POINT('',(0.738274276315,4.939593215978));
#1091 = CARTESIAN_POINT('',(0.722566313435,4.939593215978));
#1092 = CARTESIAN_POINT('',(0.706858349001,4.939593215978));
#1093 = CARTESIAN_POINT('',(0.69115038379,4.939593215978));
#1094 = CARTESIAN_POINT('',(0.675442418578,4.939593215978));
#1095 = CARTESIAN_POINT('',(0.659734454144,4.939593215978));
#1096 = CARTESIAN_POINT('',(0.644026491265,4.939593215978));
#1097 = CARTESIAN_POINT('',(0.549786726999,4.939593215978));
#1098 = CARTESIAN_POINT('',(0.471233822822,4.939593215978));
#1099 = CARTESIAN_POINT('',(0.392691800625,4.939593215978));
#1100 = CARTESIAN_POINT('',(0.31415926535,4.939593215978));
#1101 = CARTESIAN_POINT('',(0.235626730107,4.939593215978));
#1102 = CARTESIAN_POINT('',(0.157084707889,4.939593215978));
#1103 = CARTESIAN_POINT('',(7.853180372112E-02,4.939593215978));
#1104 = CARTESIAN_POINT('',(0.,4.939593215978));
#1105 = ( GEOMETRIC_REPRESENTATION_CONTEXT(2) 
PARAMETRIC_REPRESENTATION_CONTEXT() REPRESENTATION_CONTEXT('2D SPACE',''
  ) );
#1106 = PCURVE('',#1107,#1112);
#1107 = CYLINDRICAL_SURFACE('',#1108,46.8);
#1108 = AXIS2_PLACEMENT_3D('',#1109,#1110,#1111);
#1109 = CARTESIAN_POINT('',(0.,0.,-109.));
#1110 = DIRECTION('',(0.,0.,1.));
#1111 = DIRECTION('',(1.,0.,-0.));
#1112 = DEFINITIONAL_REPRESENTATION('',(#1113),#1347);
#1113 = B_SPLINE_CURVE_WITH_KNOTS('',8,(#1114,#1115,#1116,#1117,#1118,
    #1119,#1120,#1121,#1122,#1123,#1124,#1125,#1126,#1127,#1128,#1129,
    #1130,#1131,#1132,#1133,#1134,#1135,#1136,#1137,#1138,#1139,#1140,
    #1141,#1142,#1143,#1144,#1145,#1146,#1147,#1148,#1149,#1150,#1151,
    #1152,#1153,#1154,#1155,#1156,#1157,#1158,#1159,#1160,#1161,#1162,
    #1163,#1164,#1165,#1166,#1167,#1168,#1169,#1170,#1171,#1172,#1173,
    #1174,#1175,#1176,#1177,#1178,#1179,#1180,#1181,#1182,#1183,#1184,
    #1185,#1186,#1187,#1188,#1189,#1190,#1191,#1192,#1193,#1194,#1195,
    #1196,#1197,#1198,#1199,#1200,#1201,#1202,#1203,#1204,#1205,#1206,
    #1207,#1208,#1209,#1210,#1211,#1212,#1213,#1214,#1215,#1216,#1217,
    #1218,#1219,#1220,#1221,#1222,#1223,#1224,#1225,#1226,#1227,#1228,
    #1229,#1230,#1231,#1232,#1233,#1234,#1235,#1236,#1237,#1238,#1239,
    #1240,#1241,#1242,#1243,#1244,#1245,#1246,#1247,#1248,#1249,#1250,
    #1251,#1252,#1253,#1254,#1255,#1256,#1257,#1258,#1259,#1260,#1261,
    #1262,#1263,#1264,#1265,#1266,#1267,#1268,#1269,#1270,#1271,#1272,
    #1273,#1274,#1275,#1276,#1277,#1278,#1279,#1280,#1281,#1282,#1283,
    #1284,#1285,#1286,#1287,#1288,#1289,#1290,#1291,#1292,#1293,#1294,
    #1295,#1296,#1297,#1298,#1299,#1300,#1301,#1302,#1303,#1304,#1305,
    #1306,#1307,#1308,#1309,#1310,#1311,#1312,#1313,#1314,#1315,#1316,
    #1317,#1318,#1319,#1320,#1321,#1322,#1323,#1324,#1325,#1326,#1327,
    #1328,#1329,#1330,#1331,#1332,#1333,#1334,#1335,#1336,#1337,#1338,
    #1339,#1340,#1341,#1342,#1343,#1344,#1345,#1346),.UNSPECIFIED.,.F.,
  .F.,(9,7,7,7,7,7,7,7,7,7,7,7,7,7,7,7,7,7,7,7,7,7,7,7,7,7,7,7,7,7,7,7,7
    ,9),(0.,2.900030685554E-02,5.700060594217E-02,8.50009050288E-02,
    0.105001128516,0.125001352003,0.150001625115,0.170001848602,
    0.199002155458,0.24900239073,0.272002644755,0.296002908473,
    0.345003164113,0.374003470969,0.403003777824,0.436004109868,
    0.465004416723,0.49300471581,0.522005022665,0.54500527669,
    0.573005575776,0.604005896523,0.633006203378,0.662006510234,
    0.687006783347,0.709007027413,0.738007334268,0.767007641124,
    0.796007947979,0.822008230147,0.851008537002,0.880008843858,
    0.900009067345,1.),.UNSPECIFIED.);
#1114 = CARTESIAN_POINT('',(6.28318530718,7.672804119463));
#1115 = CARTESIAN_POINT('',(6.260408777895,7.672804119463));
#1116 = CARTESIAN_POINT('',(6.23763223365,7.672804119463));
#1117 = CARTESIAN_POINT('',(6.214855679431,7.672804119463));
#1118 = CARTESIAN_POINT('',(6.192079120225,7.672804119463));
#1119 = CARTESIAN_POINT('',(6.16930256102,7.672804119463));
#1120 = CARTESIAN_POINT('',(6.146526006801,7.672804119463));
#1121 = CARTESIAN_POINT('',(6.123749462556,7.672804119463));
#1122 = CARTESIAN_POINT('',(6.07898179934,7.672804119463));
#1123 = CARTESIAN_POINT('',(6.056990652857,7.672804119463));
#1124 = CARTESIAN_POINT('',(6.034999498006,7.672804119463));
#1125 = CARTESIAN_POINT('',(6.013008338971,7.672804119463));
#1126 = CARTESIAN_POINT('',(5.991017179936,7.672804119463));
#1127 = CARTESIAN_POINT('',(5.969026025085,7.672804119463));
#1128 = CARTESIAN_POINT('',(5.947034878602,7.672804119463));
#1129 = CARTESIAN_POINT('',(5.903052610739,7.672804119463));
#1130 = CARTESIAN_POINT('',(5.881061464256,7.672804119463));
#1131 = CARTESIAN_POINT('',(5.859070309405,7.672804119463));
#1132 = CARTESIAN_POINT('',(5.83707915037,7.672804119463));
#1133 = CARTESIAN_POINT('',(5.815087991335,7.672804119463));
#1134 = CARTESIAN_POINT('',(5.793096836484,7.672804119463));
#1135 = CARTESIAN_POINT('',(5.771105690001,7.672804119463));
#1136 = CARTESIAN_POINT('',(5.733406595522,7.672804119463));
#1137 = CARTESIAN_POINT('',(5.717698632643,7.672804119463));
#1138 = CARTESIAN_POINT('',(5.701990668209,7.672804119463));
#1139 = CARTESIAN_POINT('',(5.686282702998,7.672804119463));
#1140 = CARTESIAN_POINT('',(5.670574737786,7.672804119463));
#1141 = CARTESIAN_POINT('',(5.654866773352,7.672804119463));
#1142 = CARTESIAN_POINT('',(5.639158810473,7.672804119463));
#1143 = CARTESIAN_POINT('',(5.607742889379,7.672804119463));
#1144 = CARTESIAN_POINT('',(5.592034926499,7.672804119463));
#1145 = CARTESIAN_POINT('',(5.576326962065,7.672804119463));
#1146 = CARTESIAN_POINT('',(5.560618996854,7.672804119463));
#1147 = CARTESIAN_POINT('',(5.544911031643,7.672804119463));
#1148 = CARTESIAN_POINT('',(5.529203067208,7.672804119463));
#1149 = CARTESIAN_POINT('',(5.513495104329,7.672804119463));
#1150 = CARTESIAN_POINT('',(5.478152198004,7.672804119463));
#1151 = CARTESIAN_POINT('',(5.458517245105,7.672804119463));
#1152 = CARTESIAN_POINT('',(5.438882287461,7.672804119463));
#1153 = CARTESIAN_POINT('',(5.419247327442,7.672804119463));
#1154 = CARTESIAN_POINT('',(5.399612367424,7.672804119463));
#1155 = CARTESIAN_POINT('',(5.379977409779,7.672804119463));
#1156 = CARTESIAN_POINT('',(5.360342456881,7.672804119463));
#1157 = CARTESIAN_POINT('',(5.324999550556,7.672804119463));
#1158 = CARTESIAN_POINT('',(5.309291587676,7.672804119463));
#1159 = CARTESIAN_POINT('',(5.293583623242,7.672804119463));
#1160 = CARTESIAN_POINT('',(5.277875658031,7.672804119463));
#1161 = CARTESIAN_POINT('',(5.262167692819,7.672804119463));
#1162 = CARTESIAN_POINT('',(5.246459728385,7.672804119463));
#1163 = CARTESIAN_POINT('',(5.230751765506,7.672804119463));
#1164 = CARTESIAN_POINT('',(5.192267275675,7.672804119463));
#1165 = CARTESIAN_POINT('',(5.16949073143,7.672804119463));
#1166 = CARTESIAN_POINT('',(5.146714177211,7.672804119463));
#1167 = CARTESIAN_POINT('',(5.123937618005,7.672804119463));
#1168 = CARTESIAN_POINT('',(5.101161058799,7.672804119463));
#1169 = CARTESIAN_POINT('',(5.07838450458,7.672804119463));
#1170 = CARTESIAN_POINT('',(5.055607960335,7.672804119463));
#1171 = CARTESIAN_POINT('',(4.993561783713,7.672804119463));
#1172 = CARTESIAN_POINT('',(4.954291465532,7.672804119463));
#1173 = CARTESIAN_POINT('',(4.915021445577,7.672804119463));
#1174 = CARTESIAN_POINT('',(4.875751798371,7.672804119463));
#1175 = CARTESIAN_POINT('',(4.836482151166,7.672804119463));
#1176 = CARTESIAN_POINT('',(4.79721213121,7.672804119463));
#1177 = CARTESIAN_POINT('',(4.75794181303,7.672804119463));
#1178 = CARTESIAN_POINT('',(4.700608013408,7.672804119463));
#1179 = CARTESIAN_POINT('',(4.682543856431,7.672804119463));
#1180 = CARTESIAN_POINT('',(4.664479696327,7.672804119463));
#1181 = CARTESIAN_POINT('',(4.646415534659,7.672804119463));
#1182 = CARTESIAN_POINT('',(4.628351372991,7.672804119463));
#1183 = CARTESIAN_POINT('',(4.610287212887,7.672804119463));
#1184 = CARTESIAN_POINT('',(4.592223055911,7.672804119463));
#1185 = CARTESIAN_POINT('',(4.555309354478,7.672804119463));
#1186 = CARTESIAN_POINT('',(4.536459799524,7.672804119463));
#1187 = CARTESIAN_POINT('',(4.5176102407,7.672804119463));
#1188 = CARTESIAN_POINT('',(4.498760679941,7.672804119463));
#1189 = CARTESIAN_POINT('',(4.479911119182,7.672804119463));
#1190 = CARTESIAN_POINT('',(4.461061560358,7.672804119463));
#1191 = CARTESIAN_POINT('',(4.442212005404,7.672804119463));
#1192 = CARTESIAN_POINT('',(4.384878182172,7.672804119463));
#1193 = CARTESIAN_POINT('',(4.346393301315,7.672804119463));
#1194 = CARTESIAN_POINT('',(4.307908690198,7.672804119463));
#1195 = CARTESIAN_POINT('',(4.269424416229,7.672804119463));
#1196 = CARTESIAN_POINT('',(4.230940142259,7.672804119463));
#1197 = CARTESIAN_POINT('',(4.192455531143,7.672804119463));
#1198 = CARTESIAN_POINT('',(4.153970650286,7.672804119463));
#1199 = CARTESIAN_POINT('',(4.092709846919,7.672804119463));
#1200 = CARTESIAN_POINT('',(4.069933302674,7.672804119463));
#1201 = CARTESIAN_POINT('',(4.047156748455,7.672804119463));
#1202 = CARTESIAN_POINT('',(4.024380189249,7.672804119463));
#1203 = CARTESIAN_POINT('',(4.001603630043,7.672804119463));
#1204 = CARTESIAN_POINT('',(3.978827075824,7.672804119463));
#1205 = CARTESIAN_POINT('',(3.956050531579,7.672804119463));
#1206 = CARTESIAN_POINT('',(3.91049747301,7.672804119463));
#1207 = CARTESIAN_POINT('',(3.887720928765,7.672804119463));
#1208 = CARTESIAN_POINT('',(3.864944374546,7.672804119463));
#1209 = CARTESIAN_POINT('',(3.84216781534,7.672804119463));
#1210 = CARTESIAN_POINT('',(3.819391256135,7.672804119463));
#1211 = CARTESIAN_POINT('',(3.796614701916,7.672804119463));
#1212 = CARTESIAN_POINT('',(3.773838157671,7.672804119463));
#1213 = CARTESIAN_POINT('',(3.725143522315,7.672804119463));
#1214 = CARTESIAN_POINT('',(3.699225387683,7.672804119463));
#1215 = CARTESIAN_POINT('',(3.673307234011,7.672804119463));
#1216 = CARTESIAN_POINT('',(3.647389070818,7.672804119463));
#1217 = CARTESIAN_POINT('',(3.621470907625,7.672804119463));
#1218 = CARTESIAN_POINT('',(3.595552753952,7.672804119463));
#1219 = CARTESIAN_POINT('',(3.56963461932,7.672804119463));
#1220 = CARTESIAN_POINT('',(3.520939983965,7.672804119463));
#1221 = CARTESIAN_POINT('',(3.49816343972,7.672804119463));
#1222 = CARTESIAN_POINT('',(3.475386885501,7.672804119463));
#1223 = CARTESIAN_POINT('',(3.452610326295,7.672804119463));
#1224 = CARTESIAN_POINT('',(3.429833767089,7.672804119463));
#1225 = CARTESIAN_POINT('',(3.40705721287,7.672804119463));
#1226 = CARTESIAN_POINT('',(3.384280668625,7.672804119463));
#1227 = CARTESIAN_POINT('',(3.33951300541,7.672804119463));
#1228 = CARTESIAN_POINT('',(3.317521858927,7.672804119463));
#1229 = CARTESIAN_POINT('',(3.295530704076,7.672804119463));
#1230 = CARTESIAN_POINT('',(3.273539545041,7.672804119463));
#1231 = CARTESIAN_POINT('',(3.251548386006,7.672804119463));
#1232 = CARTESIAN_POINT('',(3.229557231155,7.672804119463));
#1233 = CARTESIAN_POINT('',(3.207566084672,7.672804119463));
#1234 = CARTESIAN_POINT('',(3.162798421456,7.672804119463));
#1235 = CARTESIAN_POINT('',(3.140021877211,7.672804119463));
#1236 = CARTESIAN_POINT('',(3.117245322992,7.672804119463));
#1237 = CARTESIAN_POINT('',(3.094468763786,7.672804119463));
#1238 = CARTESIAN_POINT('',(3.07169220458,7.672804119463));
#1239 = CARTESIAN_POINT('',(3.048915650361,7.672804119463));
#1240 = CARTESIAN_POINT('',(3.026139106116,7.672804119463));
#1241 = CARTESIAN_POINT('',(2.985298424548,7.672804119463));
#1242 = CARTESIAN_POINT('',(2.967234267571,7.672804119463));
#1243 = CARTESIAN_POINT('',(2.949170107467,7.672804119463));
#1244 = CARTESIAN_POINT('',(2.931105945799,7.672804119463));
#1245 = CARTESIAN_POINT('',(2.913041784131,7.672804119463));
#1246 = CARTESIAN_POINT('',(2.894977624027,7.672804119463));
#1247 = CARTESIAN_POINT('',(2.876913467051,7.672804119463));
#1248 = CARTESIAN_POINT('',(2.836858180835,7.672804119463));
#1249 = CARTESIAN_POINT('',(2.814867034352,7.672804119463));
#1250 = CARTESIAN_POINT('',(2.792875879501,7.672804119463));
#1251 = CARTESIAN_POINT('',(2.770884720466,7.672804119463));
#1252 = CARTESIAN_POINT('',(2.748893561431,7.672804119463));
#1253 = CARTESIAN_POINT('',(2.72690240658,7.672804119463));
#1254 = CARTESIAN_POINT('',(2.704911260097,7.672804119463));
#1255 = CARTESIAN_POINT('',(2.658572807469,7.672804119463));
#1256 = CARTESIAN_POINT('',(2.634225467885,7.672804119463));
#1257 = CARTESIAN_POINT('',(2.609878114376,7.672804119463));
#1258 = CARTESIAN_POINT('',(2.585530753905,7.672804119463));
#1259 = CARTESIAN_POINT('',(2.561183393433,7.672804119463));
#1260 = CARTESIAN_POINT('',(2.536836039924,7.672804119463));
#1261 = CARTESIAN_POINT('',(2.51248870034,7.672804119463));
#1262 = CARTESIAN_POINT('',(2.465364852359,7.672804119463));
#1263 = CARTESIAN_POINT('',(2.442588308114,7.672804119463));
#1264 = CARTESIAN_POINT('',(2.419811753895,7.672804119463));
#1265 = CARTESIAN_POINT('',(2.397035194689,7.672804119463));
#1266 = CARTESIAN_POINT('',(2.374258635483,7.672804119463));
#1267 = CARTESIAN_POINT('',(2.351482081264,7.672804119463));
#1268 = CARTESIAN_POINT('',(2.328705537019,7.672804119463));
#1269 = CARTESIAN_POINT('',(2.283152478451,7.672804119463));
#1270 = CARTESIAN_POINT('',(2.260375934206,7.672804119463));
#1271 = CARTESIAN_POINT('',(2.237599379987,7.672804119463));
#1272 = CARTESIAN_POINT('',(2.214822820781,7.672804119463));
#1273 = CARTESIAN_POINT('',(2.192046261575,7.672804119463));
#1274 = CARTESIAN_POINT('',(2.169269707356,7.672804119463));
#1275 = CARTESIAN_POINT('',(2.146493163111,7.672804119463));
#1276 = CARTESIAN_POINT('',(2.104081688048,7.672804119463));
#1277 = CARTESIAN_POINT('',(2.08444673515,7.672804119463));
#1278 = CARTESIAN_POINT('',(2.064811777505,7.672804119463));
#1279 = CARTESIAN_POINT('',(2.045176817487,7.672804119463));
#1280 = CARTESIAN_POINT('',(2.025541857469,7.672804119463));
#1281 = CARTESIAN_POINT('',(2.005906899824,7.672804119463));
#1282 = CARTESIAN_POINT('',(1.986271946926,7.672804119463));
#1283 = CARTESIAN_POINT('',(1.949358245935,7.672804119463));
#1284 = CARTESIAN_POINT('',(1.932079486966,7.672804119463));
#1285 = CARTESIAN_POINT('',(1.914800725493,7.672804119463));
#1286 = CARTESIAN_POINT('',(1.897521962768,7.672804119463));
#1287 = CARTESIAN_POINT('',(1.880243200043,7.672804119463));
#1288 = CARTESIAN_POINT('',(1.86296443857,7.672804119463));
#1289 = CARTESIAN_POINT('',(1.845685679602,7.672804119463));
#1290 = CARTESIAN_POINT('',(1.805630395105,7.672804119463));
#1291 = CARTESIAN_POINT('',(1.78285385086,7.672804119463));
#1292 = CARTESIAN_POINT('',(1.760077296641,7.672804119463));
#1293 = CARTESIAN_POINT('',(1.737300737435,7.672804119463));
#1294 = CARTESIAN_POINT('',(1.714524178229,7.672804119463));
#1295 = CARTESIAN_POINT('',(1.69174762401,7.672804119463));
#1296 = CARTESIAN_POINT('',(1.668971079765,7.672804119463));
#1297 = CARTESIAN_POINT('',(1.623418021197,7.672804119463));
#1298 = CARTESIAN_POINT('',(1.600641476952,7.672804119463));
#1299 = CARTESIAN_POINT('',(1.577864922733,7.672804119463));
#1300 = CARTESIAN_POINT('',(1.555088363527,7.672804119463));
#1301 = CARTESIAN_POINT('',(1.532311804321,7.672804119463));
#1302 = CARTESIAN_POINT('',(1.509535250102,7.672804119463));
#1303 = CARTESIAN_POINT('',(1.486758705857,7.672804119463));
#1304 = CARTESIAN_POINT('',(1.441205647289,7.672804119463));
#1305 = CARTESIAN_POINT('',(1.418429103044,7.672804119463));
#1306 = CARTESIAN_POINT('',(1.395652548825,7.672804119463));
#1307 = CARTESIAN_POINT('',(1.372875989619,7.672804119463));
#1308 = CARTESIAN_POINT('',(1.350099430413,7.672804119463));
#1309 = CARTESIAN_POINT('',(1.327322876194,7.672804119463));
#1310 = CARTESIAN_POINT('',(1.304546331949,7.672804119463));
#1311 = CARTESIAN_POINT('',(1.261349460524,7.672804119463));
#1312 = CARTESIAN_POINT('',(1.240929109719,7.672804119463));
#1313 = CARTESIAN_POINT('',(1.220508753139,7.672804119463));
#1314 = CARTESIAN_POINT('',(1.200088393671,7.672804119463));
#1315 = CARTESIAN_POINT('',(1.179668034204,7.672804119463));
#1316 = CARTESIAN_POINT('',(1.159247677624,7.672804119463));
#1317 = CARTESIAN_POINT('',(1.138827326819,7.672804119463));
#1318 = CARTESIAN_POINT('',(1.095630455394,7.672804119463));
#1319 = CARTESIAN_POINT('',(1.072853911149,7.672804119463));
#1320 = CARTESIAN_POINT('',(1.05007735693,7.672804119463));
#1321 = CARTESIAN_POINT('',(1.027300797724,7.672804119463));
#1322 = CARTESIAN_POINT('',(1.004524238518,7.672804119463));
#1323 = CARTESIAN_POINT('',(0.981747684299,7.672804119463));
#1324 = CARTESIAN_POINT('',(0.958971140054,7.672804119463));
#1325 = CARTESIAN_POINT('',(0.913418081486,7.672804119463));
#1326 = CARTESIAN_POINT('',(0.890641537241,7.672804119463));
#1327 = CARTESIAN_POINT('',(0.867864983022,7.672804119463));
#1328 = CARTESIAN_POINT('',(0.845088423816,7.672804119463));
#1329 = CARTESIAN_POINT('',(0.82231186461,7.672804119463));
#1330 = CARTESIAN_POINT('',(0.799535310391,7.672804119463));
#1331 = CARTESIAN_POINT('',(0.776758766146,7.672804119463));
#1332 = CARTESIAN_POINT('',(0.738274276315,7.672804119463));
#1333 = CARTESIAN_POINT('',(0.722566313435,7.672804119463));
#1334 = CARTESIAN_POINT('',(0.706858349001,7.672804119463));
#1335 = CARTESIAN_POINT('',(0.69115038379,7.672804119463));
#1336 = CARTESIAN_POINT('',(0.675442418578,7.672804119463));
#1337 = CARTESIAN_POINT('',(0.659734454144,7.672804119463));
#1338 = CARTESIAN_POINT('',(0.644026491265,7.672804119463));
#1339 = CARTESIAN_POINT('',(0.549786726999,7.672804119463));
#1340 = CARTESIAN_POINT('',(0.471233822822,7.672804119463));
#1341 = CARTESIAN_POINT('',(0.392691800625,7.672804119463));
#1342 = CARTESIAN_POINT('',(0.31415926535,7.672804119463));
#1343 = CARTESIAN_POINT('',(0.235626730107,7.672804119463));
#1344 = CARTESIAN_POINT('',(0.157084707889,7.672804119463));
#1345 = CARTESIAN_POINT('',(7.853180372112E-02,7.672804119463));
#1346 = CARTESIAN_POINT('',(0.,7.672804119463));
#1347 = ( GEOMETRIC_REPRESENTATION_CONTEXT(2) 
PARAMETRIC_REPRESENTATION_CONTEXT() REPRESENTATION_CONTEXT('2D SPACE',''
  ) );
#1348 = ORIENTED_EDGE('',*,*,#609,.F.);
#1349 = ORIENTED_EDGE('',*,*,#1350,.T.);
#1350 = EDGE_CURVE('',#459,#24,#1351,.T.);
#1351 = SURFACE_CURVE('',#1352,(#1397,#1445),.PCURVE_S1.);
#1352 = B_SPLINE_CURVE_WITH_KNOTS('',8,(#1353,#1354,#1355,#1356,#1357,
    #1358,#1359,#1360,#1361,#1362,#1363,#1364,#1365,#1366,#1367,#1368,
    #1369,#1370,#1371,#1372,#1373,#1374,#1375,#1376,#1377,#1378,#1379,
    #1380,#1381,#1382,#1383,#1384,#1385,#1386,#1387,#1388,#1389,#1390,
    #1391,#1392,#1393,#1394,#1395,#1396),.UNSPECIFIED.,.F.,.F.,(9,7,7,7,
    7,7,9),(0.,0.236690955569,0.40072248215,0.482754480338,0.59376855813
    ,0.728465343325,1.),.UNSPECIFIED.);
#1353 = CARTESIAN_POINT('',(28.,0.,-103.0512317427));
#1354 = CARTESIAN_POINT('',(28.,0.279220839272,-103.0512317427));
#1355 = CARTESIAN_POINT('',(27.970298713749,0.558604858693,
    -103.0530371864));
#1356 = CARTESIAN_POINT('',(27.910839150771,0.834203291759,
    -103.0566515387));
#1357 = CARTESIAN_POINT('',(27.822255740584,1.102297537742,
    -103.062036056));
#1358 = CARTESIAN_POINT('',(27.705690414555,1.359376268063,
    -103.0691209705));
#1359 = CARTESIAN_POINT('',(27.562733387578,1.602121834154,
    -103.077809131));
#1360 = CARTESIAN_POINT('',(27.395461095137,1.827434957574,
    -103.0879737702));
#1361 = CARTESIAN_POINT('',(27.075620268237,2.174659316625,
    -103.1074067524));
#1362 = CARTESIAN_POINT('',(26.934247123631,2.307139019629,
    -103.1159956417));
#1363 = CARTESIAN_POINT('',(26.783277222324,2.42904803959,
    -103.1251667164));
#1364 = CARTESIAN_POINT('',(26.623641364963,2.539586998027,
    -103.1348632307));
#1365 = CARTESIAN_POINT('',(26.456336380283,2.638060870259,
    -103.1450244436));
#1366 = CARTESIAN_POINT('',(26.282419400134,2.723874522307,
    -103.1555859789));
#1367 = CARTESIAN_POINT('',(26.103008267246,2.796537804973,
    -103.166479811));
#1368 = CARTESIAN_POINT('',(25.827409796427,2.885257258736,
    -103.1832120149));
#1369 = CARTESIAN_POINT('',(25.734448391068,2.911454468898,
    -103.1888555666));
#1370 = CARTESIAN_POINT('',(25.640549135835,2.934225832817,
    -103.1945556985));
#1371 = CARTESIAN_POINT('',(25.54585877595,2.953532900475,
    -103.2003034899));
#1372 = CARTESIAN_POINT('',(25.450525460502,2.969344776572,
    -103.2060899382));
#1373 = CARTESIAN_POINT('',(25.35469867726,2.981638122501,
    -103.2119059626));
#1374 = CARTESIAN_POINT('',(25.258529187481,2.990397158315,
    -103.2177424081));
#1375 = CARTESIAN_POINT('',(25.031764460709,3.002673173912,
    -103.2315036761));
#1376 = CARTESIAN_POINT('',(24.901006775283,3.003244845602,
    -103.2394380421));
#1377 = CARTESIAN_POINT('',(24.770274396259,2.997308598984,
    -103.2473701724));
#1378 = CARTESIAN_POINT('',(24.639943621485,2.98486998149,
    -103.2552772366));
#1379 = CARTESIAN_POINT('',(24.510388197297,2.965960170705,
    -103.2631365698));
#1380 = CARTESIAN_POINT('',(24.381978960976,2.940635976285,
    -103.2709256948));
#1381 = CARTESIAN_POINT('',(24.255083483192,2.908979841885,
    -103.2786223429));
#1382 = CARTESIAN_POINT('',(23.978377812738,2.825138887666,
    -103.2954041085));
#1383 = CARTESIAN_POINT('',(23.829443125901,2.770012333671,
    -103.3044358276));
#1384 = CARTESIAN_POINT('',(23.683916759826,2.705913666138,
    -103.3132599607));
#1385 = CARTESIAN_POINT('',(23.542426996576,2.633090752963,
    -103.3218384845));
#1386 = CARTESIAN_POINT('',(23.405576968446,2.551841151383,
    -103.3301349185));
#1387 = CARTESIAN_POINT('',(23.273944609224,2.46251051287,
    -103.3381143249));
#1388 = CARTESIAN_POINT('',(23.148080878701,2.365494090411,
    -103.3457434112));
#1389 = CARTESIAN_POINT('',(22.787456313466,2.051078703803,
    -103.3676005932));
#1390 = CARTESIAN_POINT('',(22.571754741047,1.8113261518,-103.380671742)
  );
#1391 = CARTESIAN_POINT('',(22.385970700691,1.545776334933,
    -103.3919281217));
#1392 = CARTESIAN_POINT('',(22.233573383916,1.258871083666,
    -103.4011604583));
#1393 = CARTESIAN_POINT('',(22.117297190797,0.955434713549,
    -103.4082039268));
#1394 = CARTESIAN_POINT('',(22.039056636639,0.640686044798,-103.41294317
    ));
#1395 = CARTESIAN_POINT('',(22.,0.320192700897,-103.4153089367));
#1396 = CARTESIAN_POINT('',(22.,0.,-103.4153089367));
#1397 = PCURVE('',#33,#1398);
#1398 = DEFINITIONAL_REPRESENTATION('',(#1399),#1444);
#1399 = B_SPLINE_CURVE_WITH_KNOTS('',8,(#1400,#1401,#1402,#1403,#1404,
    #1405,#1406,#1407,#1408,#1409,#1410,#1411,#1412,#1413,#1414,#1415,
    #1416,#1417,#1418,#1419,#1420,#1421,#1422,#1423,#1424,#1425,#1426,
    #1427,#1428,#1429,#1430,#1431,#1432,#1433,#1434,#1435,#1436,#1437,
    #1438,#1439,#1440,#1441,#1442,#1443),.UNSPECIFIED.,.F.,.F.,(9,7,7,7,
    7,7,9),(0.,0.236690955569,0.40072248215,0.482754480338,0.59376855813
    ,0.728465343325,1.),.UNSPECIFIED.);
#1400 = CARTESIAN_POINT('',(0.,4.847567946021));
#1401 = CARTESIAN_POINT('',(9.972172831145E-03,4.847567946021));
#1402 = CARTESIAN_POINT('',(1.995016961377E-02,4.847439130999));
#1403 = CARTESIAN_POINT('',(2.983227665866E-02,4.847181256576));
#1404 = CARTESIAN_POINT('',(3.952510027804E-02,4.846796395989));
#1405 = CARTESIAN_POINT('',(4.893822223222E-02,4.846288166838));
#1406 = CARTESIAN_POINT('',(5.798021217602E-02,4.845661571173));
#1407 = CARTESIAN_POINT('',(6.655639256327E-02,4.844923364699));
#1408 = CARTESIAN_POINT('',(8.012147510098E-02,4.843500392022));
#1409 = CARTESIAN_POINT('',(8.540571458314E-02,4.842868546668));
#1410 = CARTESIAN_POINT('',(9.038940976812E-02,4.842190274866));
#1411 = CARTESIAN_POINT('',(9.504171780208E-02,4.841468843117));
#1412 = CARTESIAN_POINT('',(9.933223077303E-02,4.840707834383));
#1413 = CARTESIAN_POINT('',(0.103230703339,4.839911171115));
#1414 = CARTESIAN_POINT('',(0.106707290334,4.839083171311));
#1415 = CARTESIAN_POINT('',(0.111246595863,4.83780128618));
#1416 = CARTESIAN_POINT('',(0.112647294971,4.837367273402));
#1417 = CARTESIAN_POINT('',(0.113931834875,4.836927185908));
#1418 = CARTESIAN_POINT('',(0.115096743229,4.836481627722));
#1419 = CARTESIAN_POINT('',(0.116138649784,4.836031221318));
#1420 = CARTESIAN_POINT('',(0.117054304031,4.8355766087));
#1421 = CARTESIAN_POINT('',(0.117840592843,4.835118452462));
#1422 = CARTESIAN_POINT('',(0.119379570714,4.834033543468));
#1423 = CARTESIAN_POINT('',(0.1200222578,4.833404395165));
#1424 = CARTESIAN_POINT('',(0.12041531956,4.832771695177));
#1425 = CARTESIAN_POINT('',(0.120551999108,4.832137191142));
#1426 = CARTESIAN_POINT('',(0.120426239631,4.831502675793));
#1427 = CARTESIAN_POINT('',(0.120032841532,4.830869987638));
#1428 = CARTESIAN_POINT('',(0.119367619573,4.830241011641));
#1429 = CARTESIAN_POINT('',(0.117286956931,4.828861372391));
#1430 = CARTESIAN_POINT('',(0.11574168434,4.828113318324));
#1431 = CARTESIAN_POINT('',(0.11378638972,4.827376990747));
#1432 = CARTESIAN_POINT('',(0.111418358839,4.826655866033));
#1433 = CARTESIAN_POINT('',(0.108637853416,4.82595342754));
#1434 = CARTESIAN_POINT('',(0.105448574752,4.825273152751));
#1435 = CARTESIAN_POINT('',(0.10185825333,4.824618483885));
#1436 = CARTESIAN_POINT('',(8.985833968286E-02,4.822731432317));
#1437 = CARTESIAN_POINT('',(8.025126321352E-02,4.821586702726));
#1438 = CARTESIAN_POINT('',(6.916306759756E-02,4.82058767672));
#1439 = CARTESIAN_POINT('',(5.676952593946E-02,4.819759077773));
#1440 = CARTESIAN_POINT('',(4.331611084618E-02,4.819121908116));
#1441 = CARTESIAN_POINT('',(2.912209064956E-02,4.818691556334));
#1442 = CARTESIAN_POINT('',(1.455421367713E-02,4.818476729305));
#1443 = CARTESIAN_POINT('',(0.,4.818476729305));
#1444 = ( GEOMETRIC_REPRESENTATION_CONTEXT(2) 
PARAMETRIC_REPRESENTATION_CONTEXT() REPRESENTATION_CONTEXT('2D SPACE',''
  ) );
#1445 = PCURVE('',#556,#1446);
#1446 = DEFINITIONAL_REPRESENTATION('',(#1447),#1492);
#1447 = B_SPLINE_CURVE_WITH_KNOTS('',8,(#1448,#1449,#1450,#1451,#1452,
    #1453,#1454,#1455,#1456,#1457,#1458,#1459,#1460,#1461,#1462,#1463,
    #1464,#1465,#1466,#1467,#1468,#1469,#1470,#1471,#1472,#1473,#1474,
    #1475,#1476,#1477,#1478,#1479,#1480,#1481,#1482,#1483,#1484,#1485,
    #1486,#1487,#1488,#1489,#1490,#1491),.UNSPECIFIED.,.F.,.F.,(9,7,7,7,
    7,7,9),(0.,0.236690955569,0.40072248215,0.482754480338,0.59376855813
    ,0.728465343325,1.),.UNSPECIFIED.);
#1448 = CARTESIAN_POINT('',(0.,5.948768257285));
#1449 = CARTESIAN_POINT('',(9.307361309069E-02,5.948768257285));
#1450 = CARTESIAN_POINT('',(0.18620162773,5.946962813534));
#1451 = CARTESIAN_POINT('',(0.279296409284,5.943348461289));
#1452 = CARTESIAN_POINT('',(0.372352620326,5.937963943914));
#1453 = CARTESIAN_POINT('',(0.465384206515,5.930879029419));
#1454 = CARTESIAN_POINT('',(0.558406824761,5.922190868992));
#1455 = CARTESIAN_POINT('',(0.651423392924,5.912026229769));
#1456 = CARTESIAN_POINT('',(0.808784587516,5.892593247563));
#1457 = CARTESIAN_POINT('',(0.873191913928,5.884004358264));
#1458 = CARTESIAN_POINT('',(0.937582567747,5.874833283536));
#1459 = CARTESIAN_POINT('',(1.001956393816,5.865136769229));
#1460 = CARTESIAN_POINT('',(1.066318164732,5.854975556301));
#1461 = CARTESIAN_POINT('',(1.130672955629,5.844414021044));
#1462 = CARTESIAN_POINT('',(1.195021662556,5.833520188965));
#1463 = CARTESIAN_POINT('',(1.291530532956,5.816787985001));
#1464 = CARTESIAN_POINT('',(1.323702847896,5.811144433325));
#1465 = CARTESIAN_POINT('',(1.355873564052,5.805444301496));
#1466 = CARTESIAN_POINT('',(1.388042919314,5.799696510041));
#1467 = CARTESIAN_POINT('',(1.420211296255,5.793910061703));
#1468 = CARTESIAN_POINT('',(1.452379083682,5.788094037342));
#1469 = CARTESIAN_POINT('',(1.484546538183,5.782257591838));
#1470 = CARTESIAN_POINT('',(1.560245460726,5.768496323859));
#1471 = CARTESIAN_POINT('',(1.60377793711,5.760561957879));
#1472 = CARTESIAN_POINT('',(1.64731042251,5.752629827502));
#1473 = CARTESIAN_POINT('',(1.69084347152,5.744722763387));
#1474 = CARTESIAN_POINT('',(1.734378232076,5.736863430153));
#1475 = CARTESIAN_POINT('',(1.777915831888,5.729074305121));
#1476 = CARTESIAN_POINT('',(1.821456764877,5.721377657055));
#1477 = CARTESIAN_POINT('',(1.917832956996,5.704595891434));
#1478 = CARTESIAN_POINT('',(1.970673244608,5.695564172355));
#1479 = CARTESIAN_POINT('',(2.023518296885,5.686740039237));
#1480 = CARTESIAN_POINT('',(2.07636849963,5.678161515484));
#1481 = CARTESIAN_POINT('',(2.129225803109,5.669865081406));
#1482 = CARTESIAN_POINT('',(2.182092014263,5.661885675046));
#1483 = CARTESIAN_POINT('',(2.23496704603,5.654256588775));
#1484 = CARTESIAN_POINT('',(2.394447839854,5.632399406745));
#1485 = CARTESIAN_POINT('',(2.501161496446,5.619328257928));
#1486 = CARTESIAN_POINT('',(2.607856187194,5.608071878233));
#1487 = CARTESIAN_POINT('',(2.714545624112,5.598839541677));
#1488 = CARTESIAN_POINT('',(2.821260971586,5.591796073143));
#1489 = CARTESIAN_POINT('',(2.928030798003,5.587056829976));
#1490 = CARTESIAN_POINT('',(3.034861753291,5.584691063254));
#1491 = CARTESIAN_POINT('',(3.14159265359,5.584691063254));
#1492 = ( GEOMETRIC_REPRESENTATION_CONTEXT(2) 
PARAMETRIC_REPRESENTATION_CONTEXT() REPRESENTATION_CONTEXT('2D SPACE',''
  ) );
#1493 = FACE_BOUND('',#1494,.T.);
#1494 = EDGE_LOOP('',(#1495));
#1495 = ORIENTED_EDGE('',*,*,#1496,.T.);
#1496 = EDGE_CURVE('',#1497,#1497,#1499,.T.);
#1497 = VERTEX_POINT('',#1498);
#1498 = CARTESIAN_POINT('',(-6.3,-8.,-103.8750154065));
#1499 = SURFACE_CURVE('',#1500,(#1559,#1654),.PCURVE_S1.);
#1500 = B_SPLINE_CURVE_WITH_KNOTS('',8,(#1501,#1502,#1503,#1504,#1505,
    #1506,#1507,#1508,#1509,#1510,#1511,#1512,#1513,#1514,#1515,#1516,
    #1517,#1518,#1519,#1520,#1521,#1522,#1523,#1524,#1525,#1526,#1527,
    #1528,#1529,#1530,#1531,#1532,#1533,#1534,#1535,#1536,#1537,#1538,
    #1539,#1540,#1541,#1542,#1543,#1544,#1545,#1546,#1547,#1548,#1549,
    #1550,#1551,#1552,#1553,#1554,#1555,#1556,#1557,#1558),
  .UNSPECIFIED.,.T.,.F.,(9,7,7,7,7,7,7,7,9),(0.,0.373857739667,
    0.683929021386,1.,1.270782746347,1.806325342205,2.160732487271,
    2.546910426442,2.869339921838),.UNSPECIFIED.);
#1501 = CARTESIAN_POINT('',(-6.3,-8.,-103.8750154065));
#1502 = CARTESIAN_POINT('',(-6.3,-7.82605650455,-103.878372079));
#1503 = CARTESIAN_POINT('',(-6.320340776243,-7.65209575224,
    -103.8813364348));
#1504 = CARTESIAN_POINT('',(-6.361027004064,-7.481051090915,
    -103.8838518279));
#1505 = CARTESIAN_POINT('',(-6.421514449614,-7.315686032099,
    -103.8858754861));
#1506 = CARTESIAN_POINT('',(-6.500858030293,-7.158585767554,
    -103.8873758064));
#1507 = CARTESIAN_POINT('',(-6.597762739713,-7.012162724504,
    -103.8883312583));
#1508 = CARTESIAN_POINT('',(-6.710561210012,-6.878634844229,
    -103.8887312319));
#1509 = CARTESIAN_POINT('',(-6.942125387372,-6.661487849831,
    -103.8884530528));
#1510 = CARTESIAN_POINT('',(-7.056666622212,-6.573167910086,
    -103.8879471136));
#1511 = CARTESIAN_POINT('',(-7.179601222718,-6.496086384701,
    -103.8870623777));
#1512 = CARTESIAN_POINT('',(-7.309645729016,-6.431151472175,
    -103.8858060763));
#1513 = CARTESIAN_POINT('',(-7.445418737831,-6.379096628638,
    -103.8841906943));
#1514 = CARTESIAN_POINT('',(-7.585452891603,-6.340483953614,
    -103.8822336754));
#1515 = CARTESIAN_POINT('',(-7.728197506416,-6.315682967221,
    -103.8799577841));
#1516 = CARTESIAN_POINT('',(-8.01860889373,-6.293756490821,
    -103.8747768182));
#1517 = CARTESIAN_POINT('',(-8.166405472971,-6.297169123283,
    -103.8718588517));
#1518 = CARTESIAN_POINT('',(-8.313653108328,-6.315229966713,
    -103.8686687053));
#1519 = CARTESIAN_POINT('',(-8.458648157949,-6.347830992165,
    -103.8652413083));
#1520 = CARTESIAN_POINT('',(-8.59973270299,-6.394635980184,
    -103.8616151148));
#1521 = CARTESIAN_POINT('',(-8.735303979459,-6.455098048386,
    -103.8578315869));
#1522 = CARTESIAN_POINT('',(-8.86383234515,-6.528447577688,
    -103.8539350839));
#1523 = CARTESIAN_POINT('',(-9.086741074144,-6.686645190023,
    -103.8465789153));
#1524 = CARTESIAN_POINT('',(-9.183420691522,-6.768371682318,
    -103.8431351685));
#1525 = CARTESIAN_POINT('',(-9.273031620258,-6.858201173403,
    -103.839671324));
#1526 = CARTESIAN_POINT('',(-9.354786854452,-6.955408555452,
    -103.8362165685));
#1527 = CARTESIAN_POINT('',(-9.427995933432,-7.059188863786,
    -103.8327997727));
#1528 = CARTESIAN_POINT('',(-9.492063099701,-7.168666096381,
    -103.8294493567));
#1529 = CARTESIAN_POINT('',(-9.546495077269,-7.282894442556,
    -103.8261931155));
#1530 = CARTESIAN_POINT('',(-9.678777167234,-7.634143203154,
    -103.8168575149));
#1531 = CARTESIAN_POINT('',(-9.727713345558,-7.882623099231,
    -103.8111148362));
#1532 = CARTESIAN_POINT('',(-9.734250058168,-8.137867455414,
    -103.806059854));
#1533 = CARTESIAN_POINT('',(-9.697874266852,-8.391488956614,
    -103.8018645944));
#1534 = CARTESIAN_POINT('',(-9.619514304572,-8.635398256528,
    -103.7986675162));
#1535 = CARTESIAN_POINT('',(-9.501910636476,-8.861925345766,
    -103.7965639561));
#1536 = CARTESIAN_POINT('',(-9.349223407475,-9.063767622106,
    -103.7956146636));
#1537 = CARTESIAN_POINT('',(-9.048637001068,-9.348152516954,
    -103.7959275507));
#1538 = CARTESIAN_POINT('',(-8.916328966696,-9.448198092692,
    -103.7965506101));
#1539 = CARTESIAN_POINT('',(-8.773190412849,-9.53331849884,
    -103.7976710663));
#1540 = CARTESIAN_POINT('',(-8.621210694846,-9.602181330572,
    -103.7992762164));
#1541 = CARTESIAN_POINT('',(-8.462520925289,-9.653779666108,
    -103.801344321));
#1542 = CARTESIAN_POINT('',(-8.299371366723,-9.687409639188,
    -103.8038454776));
#1543 = CARTESIAN_POINT('',(-8.134130764724,-9.702701973048,
    -103.8067410309));
#1544 = CARTESIAN_POINT('',(-7.789648551892,-9.69647570285,
    -103.8135130636));
#1545 = CARTESIAN_POINT('',(-7.610261698715,-9.671530162906,
    -103.8174584985));
#1546 = CARTESIAN_POINT('',(-7.434355536902,-9.624884514568,
    -103.821755549));
#1547 = CARTESIAN_POINT('',(-7.264986131195,-9.557160737727,
    -103.8263331417));
#1548 = CARTESIAN_POINT('',(-7.105016706097,-9.469443841615,
    -103.8311150001));
#1549 = CARTESIAN_POINT('',(-6.957121623203,-9.363232402612,
    -103.8360205312));
#1550 = CARTESIAN_POINT('',(-6.823748531359,-9.240476153011,
    -103.8409648355));
#1551 = CARTESIAN_POINT('',(-6.609489540171,-8.989459876886,
    -103.8499460004));
#1552 = CARTESIAN_POINT('',(-6.52349025477,-8.865356040212,
    -103.8540014175));
#1553 = CARTESIAN_POINT('',(-6.450213319073,-8.732775530123,
    -103.8579747019));
#1554 = CARTESIAN_POINT('',(-6.390615369444,-8.59326680455,
    -103.8618175155));
#1555 = CARTESIAN_POINT('',(-6.345419368519,-8.44847352864,
    -103.8654842047));
#1556 = CARTESIAN_POINT('',(-6.315127231638,-8.300119475965,
    -103.8689318446));
#1557 = CARTESIAN_POINT('',(-6.3,-8.15000517415,-103.8721206834));
#1558 = CARTESIAN_POINT('',(-6.3,-8.,-103.8750154065));
#1559 = PCURVE('',#33,#1560);
#1560 = DEFINITIONAL_REPRESENTATION('',(#1561),#1653);
#1561 = B_SPLINE_CURVE_WITH_KNOTS('',3,(#1562,#1563,#1564,#1565,#1566,
    #1567,#1568,#1569,#1570,#1571,#1572,#1573,#1574,#1575,#1576,#1577,
    #1578,#1579,#1580,#1581,#1582,#1583,#1584,#1585,#1586,#1587,#1588,
    #1589,#1590,#1591,#1592,#1593,#1594,#1595,#1596,#1597,#1598,#1599,
    #1600,#1601,#1602,#1603,#1604,#1605,#1606,#1607,#1608,#1609,#1610,
    #1611,#1612,#1613,#1614,#1615,#1616,#1617,#1618,#1619,#1620,#1621,
    #1622,#1623,#1624,#1625,#1626,#1627,#1628,#1629,#1630,#1631,#1632,
    #1633,#1634,#1635,#1636,#1637,#1638,#1639,#1640,#1641,#1642,#1643,
    #1644,#1645,#1646,#1647,#1648,#1649,#1650,#1651,#1652),
  .UNSPECIFIED.,.T.,.F.,(4,1,1,1,1,1,1,1,1,1,1,1,1,1,1,1,1,1,1,1,1,1,1,1
    ,1,1,1,1,1,1,1,1,1,1,1,1,1,1,1,1,1,1,1,1,1,1,1,1,1,1,1,1,1,1,1,1,1,1
    ,1,1,1,1,1,1,1,1,1,1,1,1,1,1,1,1,1,1,1,1,1,1,1,1,1,1,1,1,1,1,4),(0.,
    3.260613547543E-02,6.521227095086E-02,9.781840642629E-02,
    0.130424541902,0.163030677377,0.195636812853,0.228242948328,
    0.260849083803,0.293455219279,0.326061354754,0.35866749023,
    0.391273625705,0.423879761181,0.456485896656,0.489092032131,
    0.521698167607,0.554304303082,0.586910438558,0.619516574033,
    0.652122709509,0.684728844984,0.717334980459,0.749941115935,
    0.78254725141,0.815153386886,0.847759522361,0.880365657837,
    0.912971793312,0.945577928788,0.978184064263,1.010790199738,
    1.043396335214,1.076002470689,1.108608606165,1.14121474164,
    1.173820877116,1.206427012591,1.239033148066,1.271639283542,
    1.304245419017,1.336851554493,1.369457689968,1.402063825444,
    1.434669960919,1.467276096394,1.49988223187,1.532488367345,
    1.565094502821,1.597700638296,1.630306773772,1.662912909247,
    1.695519044722,1.728125180198,1.760731315673,1.793337451149,
    1.825943586624,1.8585497221,1.891155857575,1.92376199305,
    1.956368128526,1.988974264001,2.021580399477,2.054186534952,
    2.086792670428,2.119398805903,2.152004941378,2.184611076854,
    2.217217212329,2.249823347805,2.28242948328,2.315035618756,
    2.347641754231,2.380247889706,2.412854025182,2.445460160657,
    2.478066296133,2.510672431608,2.543278567084,2.575884702559,
    2.608490838035,2.64109697351,2.673703108985,2.706309244461,
    2.738915379936,2.771521515412,2.804127650887,2.836733786363,
    2.869339921838),.QUASI_UNIFORM_KNOTS.);
#1562 = CARTESIAN_POINT('',(4.045316599493,4.761419903792));
#1563 = CARTESIAN_POINT('',(4.04285938741,4.761266728008));
#1564 = CARTESIAN_POINT('',(4.037673143361,4.760969935821));
#1565 = CARTESIAN_POINT('',(4.029121884244,4.760556379317));
#1566 = CARTESIAN_POINT('',(4.019838803036,4.760177492787));
#1567 = CARTESIAN_POINT('',(4.009876205508,4.759836018481));
#1568 = CARTESIAN_POINT('',(3.999294313559,4.759534481835));
#1569 = CARTESIAN_POINT('',(3.988162111632,4.759275143694));
#1570 = CARTESIAN_POINT('',(3.976556569311,4.759059983614));
#1571 = CARTESIAN_POINT('',(3.964562047372,4.758890672731));
#1572 = CARTESIAN_POINT('',(3.95226936132,4.758768548699));
#1573 = CARTESIAN_POINT('',(3.939774774433,4.758694588763));
#1574 = CARTESIAN_POINT('',(3.927178404339,4.758669388806));
#1575 = CARTESIAN_POINT('',(3.914583956278,4.758693125299));
#1576 = CARTESIAN_POINT('',(3.902086819192,4.758765610472));
#1577 = CARTESIAN_POINT('',(3.889788351526,4.758886273252));
#1578 = CARTESIAN_POINT('',(3.877784720922,4.759054149847));
#1579 = CARTESIAN_POINT('',(3.866167082246,4.759267916616));
#1580 = CARTESIAN_POINT('',(3.855020093136,4.759525912676));
#1581 = CARTESIAN_POINT('',(3.844421089038,4.759826166899));
#1582 = CARTESIAN_POINT('',(3.834439426261,4.760166418661));
#1583 = CARTESIAN_POINT('',(3.825135732433,4.7605441551));
#1584 = CARTESIAN_POINT('',(3.816562620317,4.760956579147));
#1585 = CARTESIAN_POINT('',(3.808760852139,4.761400823601));
#1586 = CARTESIAN_POINT('',(3.801763024021,4.761873860923));
#1587 = CARTESIAN_POINT('',(3.795594282089,4.762372447756));
#1588 = CARTESIAN_POINT('',(3.790270137222,4.762893323836));
#1589 = CARTESIAN_POINT('',(3.785798233743,4.763433194257));
#1590 = CARTESIAN_POINT('',(3.782179027941,4.76398876242));
#1591 = CARTESIAN_POINT('',(3.779406690839,4.764556744588));
#1592 = CARTESIAN_POINT('',(3.77746984753,4.765133876504));
#1593 = CARTESIAN_POINT('',(3.776352258471,4.765716940979));
#1594 = CARTESIAN_POINT('',(3.776033317729,4.76630269205));
#1595 = CARTESIAN_POINT('',(3.776488709276,4.766888219007));
#1596 = CARTESIAN_POINT('',(3.77769156826,4.767470542707));
#1597 = CARTESIAN_POINT('',(3.779612516608,4.768046808754));
#1598 = CARTESIAN_POINT('',(3.782220415559,4.768614303213));
#1599 = CARTESIAN_POINT('',(3.785482856212,4.769170442983));
#1600 = CARTESIAN_POINT('',(3.78936639395,4.769712759531));
#1601 = CARTESIAN_POINT('',(3.793837218607,4.770238933741));
#1602 = CARTESIAN_POINT('',(3.798859557504,4.770746633406));
#1603 = CARTESIAN_POINT('',(3.804402007397,4.771234091284));
#1604 = CARTESIAN_POINT('',(3.810431547996,4.771699387445));
#1605 = CARTESIAN_POINT('',(3.816911253715,4.772140460467));
#1606 = CARTESIAN_POINT('',(3.823805893266,4.772555561026));
#1607 = CARTESIAN_POINT('',(3.831080660481,4.772943096395));
#1608 = CARTESIAN_POINT('',(3.838701622048,4.773301644494));
#1609 = CARTESIAN_POINT('',(3.846635607845,4.773629927887));
#1610 = CARTESIAN_POINT('',(3.854850174271,4.773926803135));
#1611 = CARTESIAN_POINT('',(3.863313487955,4.774191250104));
#1612 = CARTESIAN_POINT('',(3.871994183101,4.774422365025));
#1613 = CARTESIAN_POINT('',(3.880861185952,4.774619356211));
#1614 = CARTESIAN_POINT('',(3.889883515228,4.774781542783));
#1615 = CARTESIAN_POINT('',(3.899030048649,4.774908356919));
#1616 = CARTESIAN_POINT('',(3.908269288598,4.774999349235));
#1617 = CARTESIAN_POINT('',(3.917568990223,4.775054201283));
#1618 = CARTESIAN_POINT('',(3.926896134354,4.775072733706));
#1619 = CARTESIAN_POINT('',(3.936215403404,4.775054956923));
#1620 = CARTESIAN_POINT('',(3.945507826169,4.775000938389));
#1621 = CARTESIAN_POINT('',(3.954739593902,4.774910846114));
#1622 = CARTESIAN_POINT('',(3.963880086184,4.774784989217));
#1623 = CARTESIAN_POINT('',(3.972898285137,4.774623795343));
#1624 = CARTESIAN_POINT('',(3.981763419674,4.774427809934));
#1625 = CARTESIAN_POINT('',(3.990444499678,4.774197694616));
#1626 = CARTESIAN_POINT('',(3.998910183034,4.773934230339));
#1627 = CARTESIAN_POINT('',(4.007128554667,4.773638325254));
#1628 = CARTESIAN_POINT('',(4.015067073895,4.773311021716));
#1629 = CARTESIAN_POINT('',(4.022692108298,4.772953524906));
#1630 = CARTESIAN_POINT('',(4.029970155932,4.772567168882));
#1631 = CARTESIAN_POINT('',(4.036871172,4.772153173694));
#1632 = CARTESIAN_POINT('',(4.043358723144,4.771713207204));
#1633 = CARTESIAN_POINT('',(4.049398359812,4.771248970127));
#1634 = CARTESIAN_POINT('',(4.054955418789,4.770762292893));
#1635 = CARTESIAN_POINT('',(4.059995438933,4.770255113772));
#1636 = CARTESIAN_POINT('',(4.064483975581,4.769729491285));
#1637 = CARTESIAN_POINT('',(4.068386684688,4.769187610045));
#1638 = CARTESIAN_POINT('',(4.071669460152,4.76863178893));
#1639 = CARTESIAN_POINT('',(4.074298686172,4.768064494944));
#1640 = CARTESIAN_POINT('',(4.076241654189,4.767488338221));
#1641 = CARTESIAN_POINT('',(4.077466977718,4.766906140326));
#1642 = CARTESIAN_POINT('',(4.077945726918,4.766320728406));
#1643 = CARTESIAN_POINT('',(4.077650906473,4.765734859075));
#1644 = CARTESIAN_POINT('',(4.076558160508,4.765151704026));
#1645 = CARTESIAN_POINT('',(4.074646939184,4.764574392377));
#1646 = CARTESIAN_POINT('',(4.071900793573,4.764006128793));
#1647 = CARTESIAN_POINT('',(4.068308084045,4.763450156948));
#1648 = CARTESIAN_POINT('',(4.063862632257,4.762909760297));
#1649 = CARTESIAN_POINT('',(4.058564894736,4.762388245844));
#1650 = CARTESIAN_POINT('',(4.052421749181,4.761888932056));
#1651 = CARTESIAN_POINT('',(4.047775146352,4.761573048276));
#1652 = CARTESIAN_POINT('',(4.045316599493,4.761419903792));
#1653 = ( GEOMETRIC_REPRESENTATION_CONTEXT(2) 
PARAMETRIC_REPRESENTATION_CONTEXT() REPRESENTATION_CONTEXT('2D SPACE',''
  ) );
#1654 = PCURVE('',#1655,#1660);
#1655 = CYLINDRICAL_SURFACE('',#1656,1.7);
#1656 = AXIS2_PLACEMENT_3D('',#1657,#1658,#1659);
#1657 = CARTESIAN_POINT('',(-8.,-8.,-105.1));
#1658 = DIRECTION('',(0.,0.,1.));
#1659 = DIRECTION('',(1.,0.,-0.));
#1660 = DEFINITIONAL_REPRESENTATION('',(#1661),#1753);
#1661 = B_SPLINE_CURVE_WITH_KNOTS('',3,(#1662,#1663,#1664,#1665,#1666,
    #1667,#1668,#1669,#1670,#1671,#1672,#1673,#1674,#1675,#1676,#1677,
    #1678,#1679,#1680,#1681,#1682,#1683,#1684,#1685,#1686,#1687,#1688,
    #1689,#1690,#1691,#1692,#1693,#1694,#1695,#1696,#1697,#1698,#1699,
    #1700,#1701,#1702,#1703,#1704,#1705,#1706,#1707,#1708,#1709,#1710,
    #1711,#1712,#1713,#1714,#1715,#1716,#1717,#1718,#1719,#1720,#1721,
    #1722,#1723,#1724,#1725,#1726,#1727,#1728,#1729,#1730,#1731,#1732,
    #1733,#1734,#1735,#1736,#1737,#1738,#1739,#1740,#1741,#1742,#1743,
    #1744,#1745,#1746,#1747,#1748,#1749,#1750,#1751,#1752),
  .UNSPECIFIED.,.F.,.F.,(4,1,1,1,1,1,1,1,1,1,1,1,1,1,1,1,1,1,1,1,1,1,1,1
    ,1,1,1,1,1,1,1,1,1,1,1,1,1,1,1,1,1,1,1,1,1,1,1,1,1,1,1,1,1,1,1,1,1,1
    ,1,1,1,1,1,1,1,1,1,1,1,1,1,1,1,1,1,1,1,1,1,1,1,1,1,1,1,1,1,1,4),(0.,
    3.260613547543E-02,6.521227095086E-02,9.781840642629E-02,
    0.130424541902,0.163030677377,0.195636812853,0.228242948328,
    0.260849083803,0.293455219279,0.326061354754,0.35866749023,
    0.391273625705,0.423879761181,0.456485896656,0.489092032131,
    0.521698167607,0.554304303082,0.586910438558,0.619516574033,
    0.652122709509,0.684728844984,0.717334980459,0.749941115935,
    0.78254725141,0.815153386886,0.847759522361,0.880365657837,
    0.912971793312,0.945577928788,0.978184064263,1.010790199738,
    1.043396335214,1.076002470689,1.108608606165,1.14121474164,
    1.173820877116,1.206427012591,1.239033148066,1.271639283542,
    1.304245419017,1.336851554493,1.369457689968,1.402063825444,
    1.434669960919,1.467276096394,1.49988223187,1.532488367345,
    1.565094502821,1.597700638296,1.630306773772,1.662912909247,
    1.695519044722,1.728125180198,1.760731315673,1.793337451149,
    1.825943586624,1.8585497221,1.891155857575,1.92376199305,
    1.956368128526,1.988974264001,2.021580399477,2.054186534952,
    2.086792670428,2.119398805903,2.152004941378,2.184611076854,
    2.217217212329,2.249823347805,2.28242948328,2.315035618756,
    2.347641754231,2.380247889706,2.412854025182,2.445460160657,
    2.478066296133,2.510672431608,2.543278567084,2.575884702559,
    2.608490838035,2.64109697351,2.673703108985,2.706309244461,
    2.738915379936,2.771521515412,2.804127650887,2.836733786363,
    2.869339921838),.QUASI_UNIFORM_KNOTS.);
#1662 = CARTESIAN_POINT('',(-1.7763568394E-15,1.224984593489));
#1663 = CARTESIAN_POINT('',(2.379751753545E-02,1.224203813563));
#1664 = CARTESIAN_POINT('',(7.139170900385E-02,1.222698356007));
#1665 = CARTESIAN_POINT('',(0.142772044896,1.220619065475));
#1666 = CARTESIAN_POINT('',(0.214130704447,1.218729733995));
#1667 = CARTESIAN_POINT('',(0.285465028473,1.217039764644));
#1668 = CARTESIAN_POINT('',(0.356775503456,1.215557545337));
#1669 = CARTESIAN_POINT('',(0.428065275466,1.214290329109));
#1670 = CARTESIAN_POINT('',(0.499338722957,1.213244298828));
#1671 = CARTESIAN_POINT('',(0.570600368676,1.212424560803));
#1672 = CARTESIAN_POINT('',(0.641853870689,1.211835137106));
#1673 = CARTESIAN_POINT('',(0.713100340527,1.211478929762));
#1674 = CARTESIAN_POINT('',(0.784338765864,1.211357691191));
#1675 = CARTESIAN_POINT('',(0.855557728227,1.211471887043));
#1676 = CARTESIAN_POINT('',(0.926792655737,1.211820975212));
#1677 = CARTESIAN_POINT('',(0.998035756444,1.212403300178));
#1678 = CARTESIAN_POINT('',(1.069289300404,1.213216004451));
#1679 = CARTESIAN_POINT('',(1.140555960582,1.214255115545));
#1680 = CARTESIAN_POINT('',(1.211839680568,1.215515561614));
#1681 = CARTESIAN_POINT('',(1.283144119193,1.216991189515));
#1682 = CARTESIAN_POINT('',(1.354471042358,1.218674737094));
#1683 = CARTESIAN_POINT('',(1.425821347229,1.22055787877));
#1684 = CARTESIAN_POINT('',(1.497184813525,1.22263091627));
#1685 = CARTESIAN_POINT('',(1.56857083621,1.224883709799));
#1686 = CARTESIAN_POINT('',(1.639983104495,1.227305101473));
#1687 = CARTESIAN_POINT('',(1.71140958505,1.229882492981));
#1688 = CARTESIAN_POINT('',(1.782847971032,1.232602743816));
#1689 = CARTESIAN_POINT('',(1.854296750402,1.235451994105));
#1690 = CARTESIAN_POINT('',(1.92575577633,1.238415760387));
#1691 = CARTESIAN_POINT('',(1.997224691319,1.241478955759));
#1692 = CARTESIAN_POINT('',(2.068701122466,1.244625880459));
#1693 = CARTESIAN_POINT('',(2.140181773409,1.247840347112));
#1694 = CARTESIAN_POINT('',(2.211651152557,1.251105237722));
#1695 = CARTESIAN_POINT('',(2.283124010578,1.254404548888));
#1696 = CARTESIAN_POINT('',(2.354594711267,1.257721180855));
#1697 = CARTESIAN_POINT('',(2.426059695423,1.26103803232));
#1698 = CARTESIAN_POINT('',(2.497518445933,1.264338148331));
#1699 = CARTESIAN_POINT('',(2.568971808223,1.267604726244));
#1700 = CARTESIAN_POINT('',(2.640419306837,1.270821082591));
#1701 = CARTESIAN_POINT('',(2.711863856328,1.273970932904));
#1702 = CARTESIAN_POINT('',(2.783287800123,1.277037473411));
#1703 = CARTESIAN_POINT('',(2.854735484863,1.280006963755));
#1704 = CARTESIAN_POINT('',(2.926216762202,1.282864495079));
#1705 = CARTESIAN_POINT('',(2.997698338798,1.28559404564));
#1706 = CARTESIAN_POINT('',(3.069170751255,1.288181338791));
#1707 = CARTESIAN_POINT('',(3.140627206987,1.290612985684));
#1708 = CARTESIAN_POINT('',(3.212066797636,1.292876649219));
#1709 = CARTESIAN_POINT('',(3.283491705263,1.294960955727));
#1710 = CARTESIAN_POINT('',(3.354906358216,1.296855492447));
#1711 = CARTESIAN_POINT('',(3.426316267032,1.298550798224));
#1712 = CARTESIAN_POINT('',(3.497727048914,1.300038371356));
#1713 = CARTESIAN_POINT('',(3.569143420883,1.301310688642));
#1714 = CARTESIAN_POINT('',(3.640568165603,1.302361238332));
#1715 = CARTESIAN_POINT('',(3.712000916042,1.303184570381));
#1716 = CARTESIAN_POINT('',(3.78343694164,1.303776361597));
#1717 = CARTESIAN_POINT('',(3.854864787148,1.304133521338));
#1718 = CARTESIAN_POINT('',(3.926266405437,1.304254262494));
#1719 = CARTESIAN_POINT('',(3.997605365021,1.304138443667));
#1720 = CARTESIAN_POINT('',(4.068969769723,1.303786704947));
#1721 = CARTESIAN_POINT('',(4.140334758109,1.303200748437));
#1722 = CARTESIAN_POINT('',(4.211700667063,1.302383592597));
#1723 = CARTESIAN_POINT('',(4.283066030909,1.301339407223));
#1724 = CARTESIAN_POINT('',(4.354433008224,1.300073485514));
#1725 = CARTESIAN_POINT('',(4.425804310226,1.298592204199));
#1726 = CARTESIAN_POINT('',(4.497182579242,1.29690300833));
#1727 = CARTESIAN_POINT('',(4.568568842334,1.295014419742));
#1728 = CARTESIAN_POINT('',(4.639962059212,1.292936032887));
#1729 = CARTESIAN_POINT('',(4.711354526608,1.290678640653));
#1730 = CARTESIAN_POINT('',(4.782741552357,1.288253952294));
#1731 = CARTESIAN_POINT('',(4.854158924814,1.285673025345));
#1732 = CARTESIAN_POINT('',(4.925583655588,1.282949716573));
#1733 = CARTESIAN_POINT('',(4.9970133781,1.280097995063));
#1734 = CARTESIAN_POINT('',(5.068445796476,1.277132483221));
#1735 = CARTESIAN_POINT('',(5.139882280968,1.274068247114));
#1736 = CARTESIAN_POINT('',(5.211325254439,1.270920801392));
#1737 = CARTESIAN_POINT('',(5.282777347659,1.267706070262));
#1738 = CARTESIAN_POINT('',(5.354240280326,1.264440361871));
#1739 = CARTESIAN_POINT('',(5.425713146547,1.261140373566));
#1740 = CARTESIAN_POINT('',(5.497192906998,1.257823089295));
#1741 = CARTESIAN_POINT('',(5.568665682788,1.254506095017));
#1742 = CARTESIAN_POINT('',(5.640131179498,1.251206335816));
#1743 = CARTESIAN_POINT('',(5.711610493449,1.247939689765));
#1744 = CARTESIAN_POINT('',(5.783086189808,1.244723641586));
#1745 = CARTESIAN_POINT('',(5.854556591047,1.241574671063));
#1746 = CARTESIAN_POINT('',(5.926019592296,1.238508922756));
#1747 = CARTESIAN_POINT('',(5.997475178109,1.235542008804));
#1748 = CARTESIAN_POINT('',(6.06892313862,1.232689043393));
#1749 = CARTESIAN_POINT('',(6.140361877543,1.229964577539));
#1750 = CARTESIAN_POINT('',(6.211787678663,1.227382649969));
#1751 = CARTESIAN_POINT('',(6.259389564521,1.225765157512));
#1752 = CARTESIAN_POINT('',(6.28318530718,1.224984593489));
#1753 = ( GEOMETRIC_REPRESENTATION_CONTEXT(2) 
PARAMETRIC_REPRESENTATION_CONTEXT() REPRESENTATION_CONTEXT('2D SPACE',''
  ) );
#1754 = FACE_BOUND('',#1755,.T.);
#1755 = EDGE_LOOP('',(#1756));
#1756 = ORIENTED_EDGE('',*,*,#1757,.T.);
#1757 = EDGE_CURVE('',#1758,#1758,#1760,.T.);
#1758 = VERTEX_POINT('',#1759);
#1759 = CARTESIAN_POINT('',(9.7,-8.,-103.8093832116));
#1760 = SURFACE_CURVE('',#1761,(#1820,#1915),.PCURVE_S1.);
#1761 = B_SPLINE_CURVE_WITH_KNOTS('',8,(#1762,#1763,#1764,#1765,#1766,
    #1767,#1768,#1769,#1770,#1771,#1772,#1773,#1774,#1775,#1776,#1777,
    #1778,#1779,#1780,#1781,#1782,#1783,#1784,#1785,#1786,#1787,#1788,
    #1789,#1790,#1791,#1792,#1793,#1794,#1795,#1796,#1797,#1798,#1799,
    #1800,#1801,#1802,#1803,#1804,#1805,#1806,#1807,#1808,#1809,#1810,
    #1811,#1812,#1813,#1814,#1815,#1816,#1817,#1818,#1819),
  .UNSPECIFIED.,.T.,.F.,(9,7,7,7,7,7,7,7,9),(0.,0.229736690247,
    0.402208183251,0.635236446467,0.815705959404,1.,1.157728174052,
    1.469677103136,1.671310776949),.UNSPECIFIED.);
#1762 = CARTESIAN_POINT('',(9.7,-8.,-103.8093832116));
#1763 = CARTESIAN_POINT('',(9.7,-7.816503088804,-103.8129264798));
#1764 = CARTESIAN_POINT('',(9.677363345079,-7.632841751942,
    -103.8169098917));
#1765 = CARTESIAN_POINT('',(9.632022760608,-7.452474234088,
    -103.8212679084));
#1766 = CARTESIAN_POINT('',(9.564598207003,-7.278668672393,
    -103.8259253958));
#1767 = CARTESIAN_POINT('',(9.476214866492,-7.11448743807,
    -103.8308014523));
#1768 = CARTESIAN_POINT('',(9.368447076854,-6.962792168616,
    -103.8358104036));
#1769 = CARTESIAN_POINT('',(9.243361263092,-6.826202570881,
    -103.8408617745));
#1770 = CARTESIAN_POINT('',(8.99873038509,-6.617408985313,
    -103.8496141843));
#1771 = CARTESIAN_POINT('',(8.885498223621,-6.537575915619,
    -103.8533407493));
#1772 = CARTESIAN_POINT('',(8.76502241803,-6.468387396329,
    -103.8570015158));
#1773 = CARTESIAN_POINT('',(8.638487260971,-6.410598986226,
    -103.8605590518));
#1774 = CARTESIAN_POINT('',(8.507152676026,-6.364802668074,
    -103.8639776311));
#1775 = CARTESIAN_POINT('',(8.372341268178,-6.331432733141,
    -103.867223368));
#1776 = CARTESIAN_POINT('',(8.235433102058,-6.310752154856,
    -103.8702645786));
#1777 = CARTESIAN_POINT('',(7.912002661192,-6.292101482906,
    -103.8768660084));
#1778 = CARTESIAN_POINT('',(7.724747131062,-6.304644127461,
    -103.880237433));
#1779 = CARTESIAN_POINT('',(7.539721734648,-6.340673496455,
    -103.8831124809));
#1780 = CARTESIAN_POINT('',(7.360351440805,-6.399664675949,
    -103.8854352566));
#1781 = CARTESIAN_POINT('',(7.189842825179,-6.480561263566,
    -103.8871643285));
#1782 = CARTESIAN_POINT('',(7.03119235929,-6.581848476805,
    -103.8882711473));
#1783 = CARTESIAN_POINT('',(6.887157079943,-6.701515949679,
    -103.8887413237));
#1784 = CARTESIAN_POINT('',(6.661733023208,-6.94183084589,
    -103.8884540054));
#1785 = CARTESIAN_POINT('',(6.573457464906,-7.056259175174,
    -103.8879493883));
#1786 = CARTESIAN_POINT('',(6.496400190225,-7.179070157855,
    -103.8870665698));
#1787 = CARTESIAN_POINT('',(6.43146756671,-7.30898367211,-103.8858127517
    ));
#1788 = CARTESIAN_POINT('',(6.379391804458,-7.444621908068,
    -103.8842003739));
#1789 = CARTESIAN_POINT('',(6.340734321199,-7.584521304581,
    -103.8822468202));
#1790 = CARTESIAN_POINT('',(6.315864617514,-7.727135153353,
    -103.8799747786));
#1791 = CARTESIAN_POINT('',(6.293732654255,-8.017563716486,
    -103.8747974476));
#1792 = CARTESIAN_POINT('',(6.297059879169,-8.165512836138,
    -103.8718781862));
#1793 = CARTESIAN_POINT('',(6.31506542868,-8.31292045172,-103.8686860201
    ));
#1794 = CARTESIAN_POINT('',(6.347641867372,-8.458077679285,
    -103.8652559684));
#1795 = CARTESIAN_POINT('',(6.394452638687,-8.599321438693,
    -103.8616265909));
#1796 = CARTESIAN_POINT('',(6.454949691454,-8.73504393955,
    -103.8578394695));
#1797 = CARTESIAN_POINT('',(6.528361326862,-8.86371074301,
    -103.8539390959));
#1798 = CARTESIAN_POINT('',(6.686644859622,-9.086740668675,
    -103.8465789295));
#1799 = CARTESIAN_POINT('',(6.768371287119,-9.183420270421,
    -103.8431351842));
#1800 = CARTESIAN_POINT('',(6.858200708793,-9.273031192108,
    -103.8396713413));
#1801 = CARTESIAN_POINT('',(6.955408018003,-9.354786428591,
    -103.8362165871));
#1802 = CARTESIAN_POINT('',(7.059188251352,-9.427995519759,
    -103.8327997925));
#1803 = CARTESIAN_POINT('',(7.168665408173,-9.492062708494,
    -103.8294493775));
#1804 = CARTESIAN_POINT('',(7.282893679211,-9.546494718985,
    -103.8261931371));
#1805 = CARTESIAN_POINT('',(7.634142863101,-9.678777179202,
    -103.8168575212));
#1806 = CARTESIAN_POINT('',(7.882623350154,-9.727713512777,
    -103.8111148282));
#1807 = CARTESIAN_POINT('',(8.137868331244,-9.734250176533,
    -103.8060598348));
#1808 = CARTESIAN_POINT('',(8.391490431523,-9.69787413258,
    -103.8018645685));
#1809 = CARTESIAN_POINT('',(8.635400248603,-9.619513724242,
    -103.7986674889));
#1810 = CARTESIAN_POINT('',(8.861927722908,-9.501909444886,
    -103.7965639332));
#1811 = CARTESIAN_POINT('',(9.063770205019,-9.349221477713,
    -103.795614651));
#1812 = CARTESIAN_POINT('',(9.345518867265,-9.051420173446,
    -103.7959246631));
#1813 = CARTESIAN_POINT('',(9.443532276211,-8.922481731806,
    -103.7965218938));
#1814 = CARTESIAN_POINT('',(9.527346915861,-8.783172727747,
    -103.7975936104));
#1815 = CARTESIAN_POINT('',(9.595713955559,-8.635339414611,
    -103.7991282608));
#1816 = CARTESIAN_POINT('',(9.647679552549,-8.480960166012,
    -103.8011060328));
#1817 = CARTESIAN_POINT('',(9.682566029683,-8.32212530381,
    -103.8034996102));
#1818 = CARTESIAN_POINT('',(9.7,-8.161036276343,-103.8062736512));
#1819 = CARTESIAN_POINT('',(9.7,-8.,-103.8093832116));
#1820 = PCURVE('',#33,#1821);
#1821 = DEFINITIONAL_REPRESENTATION('',(#1822),#1914);
#1822 = B_SPLINE_CURVE_WITH_KNOTS('',3,(#1823,#1824,#1825,#1826,#1827,
    #1828,#1829,#1830,#1831,#1832,#1833,#1834,#1835,#1836,#1837,#1838,
    #1839,#1840,#1841,#1842,#1843,#1844,#1845,#1846,#1847,#1848,#1849,
    #1850,#1851,#1852,#1853,#1854,#1855,#1856,#1857,#1858,#1859,#1860,
    #1861,#1862,#1863,#1864,#1865,#1866,#1867,#1868,#1869,#1870,#1871,
    #1872,#1873,#1874,#1875,#1876,#1877,#1878,#1879,#1880,#1881,#1882,
    #1883,#1884,#1885,#1886,#1887,#1888,#1889,#1890,#1891,#1892,#1893,
    #1894,#1895,#1896,#1897,#1898,#1899,#1900,#1901,#1902,#1903,#1904,
    #1905,#1906,#1907,#1908,#1909,#1910,#1911,#1912,#1913),
  .UNSPECIFIED.,.T.,.F.,(4,1,1,1,1,1,1,1,1,1,1,1,1,1,1,1,1,1,1,1,1,1,1,1
    ,1,1,1,1,1,1,1,1,1,1,1,1,1,1,1,1,1,1,1,1,1,1,1,1,1,1,1,1,1,1,1,1,1,1
    ,1,1,1,1,1,1,1,1,1,1,1,1,1,1,1,1,1,1,1,1,1,1,1,1,1,1,1,1,1,1,4),(0.,
    1.899216791987E-02,3.798433583974E-02,5.697650375961E-02,
    7.596867167948E-02,9.496083959935E-02,0.113953007519,0.132945175439,
    0.151937343359,0.170929511279,0.189921679199,0.208913847119,
    0.227906015038,0.246898182958,0.265890350878,0.284882518798,
    0.303874686718,0.322866854638,0.341859022558,0.360851190478,
    0.379843358397,0.398835526317,0.417827694237,0.436819862157,
    0.455812030077,0.474804197997,0.493796365917,0.512788533837,
    0.531780701756,0.550772869676,0.569765037596,0.588757205516,
    0.607749373436,0.626741541356,0.645733709276,0.664725877195,
    0.683718045115,0.702710213035,0.721702380955,0.740694548875,
    0.759686716795,0.778678884715,0.797671052635,0.816663220554,
    0.835655388474,0.854647556394,0.873639724314,0.892631892234,
    0.911624060154,0.930616228074,0.949608395994,0.968600563913,
    0.987592731833,1.006584899753,1.025577067673,1.044569235593,
    1.063561403513,1.082553571433,1.101545739352,1.120537907272,
    1.139530075192,1.158522243112,1.177514411032,1.196506578952,
    1.215498746872,1.234490914792,1.253483082711,1.272475250631,
    1.291467418551,1.310459586471,1.329451754391,1.348443922311,
    1.367436090231,1.386428258151,1.40542042607,1.42441259399,
    1.44340476191,1.46239692983,1.48138909775,1.50038126567,
    1.51937343359,1.53836560151,1.557357769429,1.576349937349,
    1.595342105269,1.614334273189,1.633326441109,1.652318609029,
    1.671310776949),.QUASI_UNIFORM_KNOTS.);
#1823 = CARTESIAN_POINT('',(5.593538636678,4.772943317974));
#1824 = CARTESIAN_POINT('',(5.596020725502,4.772819217917));
#1825 = CARTESIAN_POINT('',(5.600870352392,4.772561299522));
#1826 = CARTESIAN_POINT('',(5.607766069846,4.772146884629));
#1827 = CARTESIAN_POINT('',(5.614247829791,4.771706507381));
#1828 = CARTESIAN_POINT('',(5.620280971673,4.771241891781));
#1829 = CARTESIAN_POINT('',(5.625830956177,4.77075486095));
#1830 = CARTESIAN_POINT('',(5.630863321963,4.770247354802));
#1831 = CARTESIAN_POINT('',(5.635343631458,4.769721432099));
#1832 = CARTESIAN_POINT('',(5.639237528353,4.769179279298));
#1833 = CARTESIAN_POINT('',(5.642510891034,4.768623218148));
#1834 = CARTESIAN_POINT('',(5.645130090434,4.768055719971));
#1835 = CARTESIAN_POINT('',(5.647062415843,4.767479400659));
#1836 = CARTESIAN_POINT('',(5.648276500704,4.766897089597));
#1837 = CARTESIAN_POINT('',(5.648743462855,4.766311622287));
#1838 = CARTESIAN_POINT('',(5.64843641126,4.765725765258));
#1839 = CARTESIAN_POINT('',(5.647331080196,4.765142672441));
#1840 = CARTESIAN_POINT('',(5.64540695305,4.764565467636));
#1841 = CARTESIAN_POINT('',(5.642647615613,4.763997353477));
#1842 = CARTESIAN_POINT('',(5.639041460924,4.763441576346));
#1843 = CARTESIAN_POINT('',(5.634582492012,4.76290142788));
#1844 = CARTESIAN_POINT('',(5.629271104101,4.762380219858));
#1845 = CARTESIAN_POINT('',(5.623115518012,4.761881302474));
#1846 = CARTESIAN_POINT('',(5.616131202238,4.761407906717));
#1847 = CARTESIAN_POINT('',(5.608339587321,4.760963082323));
#1848 = CARTESIAN_POINT('',(5.599775323923,4.760550042431));
#1849 = CARTESIAN_POINT('',(5.590480810479,4.760171721272));
#1850 = CARTESIAN_POINT('',(5.580507655521,4.759830864998));
#1851 = CARTESIAN_POINT('',(5.569916210541,4.759529982524));
#1852 = CARTESIAN_POINT('',(5.558775411789,4.759271330104));
#1853 = CARTESIAN_POINT('',(5.547162296981,4.759056883927));
#1854 = CARTESIAN_POINT('',(5.535161353929,4.758888313738));
#1855 = CARTESIAN_POINT('',(5.522863614702,4.758766955456));
#1856 = CARTESIAN_POINT('',(5.510365653245,4.758693782479));
#1857 = CARTESIAN_POINT('',(5.497767982384,4.758669383554));
#1858 = CARTESIAN_POINT('',(5.485174826757,4.758693920375));
#1859 = CARTESIAN_POINT('',(5.472680490109,4.75876719618));
#1860 = CARTESIAN_POINT('',(5.460386465946,4.758888634011));
#1861 = CARTESIAN_POINT('',(5.448388778528,4.759057263929));
#1862 = CARTESIAN_POINT('',(5.436778491328,4.759271756814));
#1863 = CARTESIAN_POINT('',(5.425640137917,4.759530446687));
#1864 = CARTESIAN_POINT('',(5.415050922565,4.759831357819));
#1865 = CARTESIAN_POINT('',(5.405080064942,4.760172225135));
#1866 = CARTESIAN_POINT('',(5.395788038331,4.760550532464));
#1867 = CARTESIAN_POINT('',(5.387227350276,4.760963476597));
#1868 = CARTESIAN_POINT('',(5.37943844946,4.761408196893));
#1869 = CARTESIAN_POINT('',(5.372453961713,4.761881654893));
#1870 = CARTESIAN_POINT('',(5.366298820043,4.762380609213));
#1871 = CARTESIAN_POINT('',(5.360988410265,4.762901798712));
#1872 = CARTESIAN_POINT('',(5.356530250053,4.763441928845));
#1873 = CARTESIAN_POINT('',(5.352924689817,4.763997703405));
#1874 = CARTESIAN_POINT('',(5.350165807474,4.764565839257));
#1875 = CARTESIAN_POINT('',(5.348242147173,4.7651430729));
#1876 = CARTESIAN_POINT('',(5.347137399414,4.765726187631));
#1877 = CARTESIAN_POINT('',(5.346830892234,4.76631193896));
#1878 = CARTESIAN_POINT('',(5.347298266155,4.766897420989));
#1879 = CARTESIAN_POINT('',(5.348512616896,4.767479653137));
#1880 = CARTESIAN_POINT('',(5.350444536024,4.768055784538));
#1881 = CARTESIAN_POINT('',(5.353062863933,4.768623103291));
#1882 = CARTESIAN_POINT('',(5.356335178388,4.769179028651));
#1883 = CARTESIAN_POINT('',(5.360228022119,4.769721093919));
#1884 = CARTESIAN_POINT('',(5.364707589263,4.770246982879));
#1885 = CARTESIAN_POINT('',(5.369738058231,4.770754361791));
#1886 = CARTESIAN_POINT('',(5.375288195644,4.771241479582));
#1887 = CARTESIAN_POINT('',(5.38132479107,4.771706400285));
#1888 = CARTESIAN_POINT('',(5.38781098159,4.772147071552));
#1889 = CARTESIAN_POINT('',(5.394711535437,4.772561745792));
#1890 = CARTESIAN_POINT('',(5.401991665308,4.772948833479));
#1891 = CARTESIAN_POINT('',(5.409617452289,4.773306914933));
#1892 = CARTESIAN_POINT('',(5.417555741249,4.773634715004));
#1893 = CARTESIAN_POINT('',(5.425774101788,4.77393109231));
#1894 = CARTESIAN_POINT('',(5.434240711793,4.774195028639));
#1895 = CARTESIAN_POINT('',(5.442924214168,4.774425622043));
#1896 = CARTESIAN_POINT('',(5.451793541045,4.774622082595));
#1897 = CARTESIAN_POINT('',(5.460817713415,4.774783731174));
#1898 = CARTESIAN_POINT('',(5.469965608901,4.774910001758));
#1899 = CARTESIAN_POINT('',(5.479205720913,4.77500044688));
#1900 = CARTESIAN_POINT('',(5.488505808939,4.775054750157));
#1901 = CARTESIAN_POINT('',(5.497832786022,4.775072734681));
#1902 = CARTESIAN_POINT('',(5.507151510209,4.775054413251));
#1903 = CARTESIAN_POINT('',(5.516442825838,4.774999854835));
#1904 = CARTESIAN_POINT('',(5.525672967484,4.774909230498));
#1905 = CARTESIAN_POINT('',(5.534811396709,4.774782850656));
#1906 = CARTESIAN_POINT('',(5.543827129106,4.774621143942));
#1907 = CARTESIAN_POINT('',(5.552689404651,4.774424656624));
#1908 = CARTESIAN_POINT('',(5.561367217237,4.774194051901));
#1909 = CARTESIAN_POINT('',(5.569829187002,4.773930112274));
#1910 = CARTESIAN_POINT('',(5.578043335823,4.773633752706));
#1911 = CARTESIAN_POINT('',(5.585977056777,4.773306010491));
#1912 = CARTESIAN_POINT('',(5.591056736799,4.77306743049));
#1913 = CARTESIAN_POINT('',(5.593538636678,4.772943317974));
#1914 = ( GEOMETRIC_REPRESENTATION_CONTEXT(2) 
PARAMETRIC_REPRESENTATION_CONTEXT() REPRESENTATION_CONTEXT('2D SPACE',''
  ) );
#1915 = PCURVE('',#1916,#1921);
#1916 = CYLINDRICAL_SURFACE('',#1917,1.7);
#1917 = AXIS2_PLACEMENT_3D('',#1918,#1919,#1920);
#1918 = CARTESIAN_POINT('',(8.,-8.,-105.1));
#1919 = DIRECTION('',(0.,0.,1.));
#1920 = DIRECTION('',(1.,0.,-0.));
#1921 = DEFINITIONAL_REPRESENTATION('',(#1922),#2014);
#1922 = B_SPLINE_CURVE_WITH_KNOTS('',3,(#1923,#1924,#1925,#1926,#1927,
    #1928,#1929,#1930,#1931,#1932,#1933,#1934,#1935,#1936,#1937,#1938,
    #1939,#1940,#1941,#1942,#1943,#1944,#1945,#1946,#1947,#1948,#1949,
    #1950,#1951,#1952,#1953,#1954,#1955,#1956,#1957,#1958,#1959,#1960,
    #1961,#1962,#1963,#1964,#1965,#1966,#1967,#1968,#1969,#1970,#1971,
    #1972,#1973,#1974,#1975,#1976,#1977,#1978,#1979,#1980,#1981,#1982,
    #1983,#1984,#1985,#1986,#1987,#1988,#1989,#1990,#1991,#1992,#1993,
    #1994,#1995,#1996,#1997,#1998,#1999,#2000,#2001,#2002,#2003,#2004,
    #2005,#2006,#2007,#2008,#2009,#2010,#2011,#2012,#2013),
  .UNSPECIFIED.,.F.,.F.,(4,1,1,1,1,1,1,1,1,1,1,1,1,1,1,1,1,1,1,1,1,1,1,1
    ,1,1,1,1,1,1,1,1,1,1,1,1,1,1,1,1,1,1,1,1,1,1,1,1,1,1,1,1,1,1,1,1,1,1
    ,1,1,1,1,1,1,1,1,1,1,1,1,1,1,1,1,1,1,1,1,1,1,1,1,1,1,1,1,1,1,4),(0.,
    1.899216791987E-02,3.798433583974E-02,5.697650375961E-02,
    7.596867167948E-02,9.496083959935E-02,0.113953007519,0.132945175439,
    0.151937343359,0.170929511279,0.189921679199,0.208913847119,
    0.227906015038,0.246898182958,0.265890350878,0.284882518798,
    0.303874686718,0.322866854638,0.341859022558,0.360851190478,
    0.379843358397,0.398835526317,0.417827694237,0.436819862157,
    0.455812030077,0.474804197997,0.493796365917,0.512788533837,
    0.531780701756,0.550772869676,0.569765037596,0.588757205516,
    0.607749373436,0.626741541356,0.645733709276,0.664725877195,
    0.683718045115,0.702710213035,0.721702380955,0.740694548875,
    0.759686716795,0.778678884715,0.797671052635,0.816663220554,
    0.835655388474,0.854647556394,0.873639724314,0.892631892234,
    0.911624060154,0.930616228074,0.949608395994,0.968600563913,
    0.987592731833,1.006584899753,1.025577067673,1.044569235593,
    1.063561403513,1.082553571433,1.101545739352,1.120537907272,
    1.139530075192,1.158522243112,1.177514411032,1.196506578952,
    1.215498746872,1.234490914792,1.253483082711,1.272475250631,
    1.291467418551,1.310459586471,1.329451754391,1.348443922311,
    1.367436090231,1.386428258151,1.40542042607,1.42441259399,
    1.44340476191,1.46239692983,1.48138909775,1.50038126567,
    1.51937343359,1.53836560151,1.557357769429,1.576349937349,
    1.595342105269,1.614334273189,1.633326441109,1.652318609029,
    1.671310776949),.QUASI_UNIFORM_KNOTS.);
#1923 = CARTESIAN_POINT('',(1.044915787883E-14,1.290616788388));
#1924 = CARTESIAN_POINT('',(2.379597530448E-02,1.289835723849));
#1925 = CARTESIAN_POINT('',(7.139796736378E-02,1.288217237453));
#1926 = CARTESIAN_POINT('',(0.142821111585,1.285633954755));
#1927 = CARTESIAN_POINT('',(0.214252128264,1.282908400902));
#1928 = CARTESIAN_POINT('',(0.285686837821,1.280054686988));
#1929 = CARTESIAN_POINT('',(0.357124186825,1.277087387841));
#1930 = CARTESIAN_POINT('',(0.428565721358,1.274021576615));
#1931 = CARTESIAN_POINT('',(0.500014115154,1.270872765535));
#1932 = CARTESIAN_POINT('',(0.571472041124,1.267656885212));
#1933 = CARTESIAN_POINT('',(0.642941136758,1.264390255095));
#1934 = CARTESIAN_POINT('',(0.714420255994,1.26108959085));
#1935 = CARTESIAN_POINT('',(0.785905962471,1.257771901374));
#1936 = CARTESIAN_POINT('',(0.857383738751,1.254454807234));
#1937 = CARTESIAN_POINT('',(0.928852575571,1.251155289149));
#1938 = CARTESIAN_POINT('',(1.000332622025,1.247889266555));
#1939 = CARTESIAN_POINT('',(1.071808795431,1.244674111289));
#1940 = CARTESIAN_POINT('',(1.14328023721,1.241526262669));
#1941 = CARTESIAN_POINT('',(1.214745262628,1.238461843382));
#1942 = CARTESIAN_POINT('',(1.286203723391,1.235496470848));
#1943 = CARTESIAN_POINT('',(1.357654421636,1.232645289485));
#1944 = CARTESIAN_POINT('',(1.429095429296,1.229922874997));
#1945 = CARTESIAN_POINT('',(1.500517404076,1.227343380745));
#1946 = CARTESIAN_POINT('',(1.571920855228,1.224919794834));
#1947 = CARTESIAN_POINT('',(1.643325495196,1.2226637441));
#1948 = CARTESIAN_POINT('',(1.714709477496,1.220587345353));
#1949 = CARTESIAN_POINT('',(1.786069687199,1.218701068917));
#1950 = CARTESIAN_POINT('',(1.857404322764,1.217014353094));
#1951 = CARTESIAN_POINT('',(1.928715615776,1.215535500404));
#1952 = CARTESIAN_POINT('',(2.000007443048,1.214271746787));
#1953 = CARTESIAN_POINT('',(2.071284504461,1.213229264356));
#1954 = CARTESIAN_POINT('',(2.142551116778,1.212413160442));
#1955 = CARTESIAN_POINT('',(2.213810239009,1.211827457688));
#1956 = CARTESIAN_POINT('',(2.285061716753,1.21147504975));
#1957 = CARTESIAN_POINT('',(2.356302707362,1.211357665932));
#1958 = CARTESIAN_POINT('',(2.427519021092,1.211475713161));
#1959 = CARTESIAN_POINT('',(2.498752087086,1.211828618096));
#1960 = CARTESIAN_POINT('',(2.569993059494,1.212414708477));
#1961 = CARTESIAN_POINT('',(2.641244577977,1.213231107749));
#1962 = CARTESIAN_POINT('',(2.712509264694,1.214273826164));
#1963 = CARTESIAN_POINT('',(2.783791089204,1.215537774706));
#1964 = CARTESIAN_POINT('',(2.85509369321,1.217016783461));
#1965 = CARTESIAN_POINT('',(2.926418772482,1.218703571978));
#1966 = CARTESIAN_POINT('',(2.997767250411,1.22058979978));
#1967 = CARTESIAN_POINT('',(3.069128414341,1.222665736863));
#1968 = CARTESIAN_POINT('',(3.140513096058,1.224921273805));
#1969 = CARTESIAN_POINT('',(3.211923443994,1.227345192722));
#1970 = CARTESIAN_POINT('',(3.28334798808,1.229924898297));
#1971 = CARTESIAN_POINT('',(3.354784369691,1.232647237236));
#1972 = CARTESIAN_POINT('',(3.426231147973,1.23549834193));
#1973 = CARTESIAN_POINT('',(3.497688179715,1.238463720439));
#1974 = CARTESIAN_POINT('',(3.569155094401,1.241528277793));
#1975 = CARTESIAN_POINT('',(3.640629485617,1.244676306488));
#1976 = CARTESIAN_POINT('',(3.712107958995,1.247891609679));
#1977 = CARTESIAN_POINT('',(3.783575015239,1.25115706518));
#1978 = CARTESIAN_POINT('',(3.855045776472,1.254456684961));
#1979 = CARTESIAN_POINT('',(3.926514200414,1.257773350004));
#1980 = CARTESIAN_POINT('',(3.99797691153,1.261089968326));
#1981 = CARTESIAN_POINT('',(4.069433383765,1.264389586918));
#1982 = CARTESIAN_POINT('',(4.140884489986,1.267655407983));
#1983 = CARTESIAN_POINT('',(4.212329704008,1.270870750852));
#1984 = CARTESIAN_POINT('',(4.283772046815,1.274019341515));
#1985 = CARTESIAN_POINT('',(4.355193291664,1.277084360669));
#1986 = CARTESIAN_POINT('',(4.426639866533,1.280052161967));
#1987 = CARTESIAN_POINT('',(4.498119016959,1.282907735576));
#1988 = CARTESIAN_POINT('',(4.569598370067,1.285635111902));
#1989 = CARTESIAN_POINT('',(4.641068379644,1.288220023602));
#1990 = CARTESIAN_POINT('',(4.712522394998,1.290649101251));
#1991 = CARTESIAN_POINT('',(4.783959555429,1.292910023464));
#1992 = CARTESIAN_POINT('',(4.85538208868,1.294991432598));
#1993 = CARTESIAN_POINT('',(4.926794446353,1.296882931413));
#1994 = CARTESIAN_POINT('',(4.998202147817,1.298575074228));
#1995 = CARTESIAN_POINT('',(5.069610803423,1.300059374886));
#1996 = CARTESIAN_POINT('',(5.141025108815,1.301328326007));
#1997 = CARTESIAN_POINT('',(5.212447806175,1.302375432164));
#1998 = CARTESIAN_POINT('',(5.283878479079,1.303195260381));
#1999 = CARTESIAN_POINT('',(5.355312288195,1.303783505664));
#2000 = CARTESIAN_POINT('',(5.4267377777,1.304137096814));
#2001 = CARTESIAN_POINT('',(5.49813635106,1.304254268849));
#2002 = CARTESIAN_POINT('',(5.569472885506,1.30413490207));
#2003 = CARTESIAN_POINT('',(5.640834046914,1.30377965254));
#2004 = CARTESIAN_POINT('',(5.712195275883,1.303190248262));
#2005 = CARTESIAN_POINT('',(5.783557516023,1.302369721754));
#2006 = CARTESIAN_POINT('',(5.854919555973,1.301322254547));
#2007 = CARTESIAN_POINT('',(5.926283654536,1.300053150102));
#2008 = CARTESIAN_POINT('',(5.997652426787,1.298568799965));
#2009 = CARTESIAN_POINT('',(6.069028224186,1.296876662525));
#2010 = CARTESIAN_POINT('',(6.140411582431,1.29498530856));
#2011 = CARTESIAN_POINT('',(6.211800670659,1.292904293903));
#2012 = CARTESIAN_POINT('',(6.259391486761,1.291397938068));
#2013 = CARTESIAN_POINT('',(6.28318530718,1.290616788388));
#2014 = ( GEOMETRIC_REPRESENTATION_CONTEXT(2) 
PARAMETRIC_REPRESENTATION_CONTEXT() REPRESENTATION_CONTEXT('2D SPACE',''
  ) );
#2015 = FACE_BOUND('',#2016,.T.);
#2016 = EDGE_LOOP('',(#2017));
#2017 = ORIENTED_EDGE('',*,*,#2018,.T.);
#2018 = EDGE_CURVE('',#2019,#2019,#2021,.T.);
#2019 = VERTEX_POINT('',#2020);
#2020 = CARTESIAN_POINT('',(9.7,8.,-103.8093832116));
#2021 = SURFACE_CURVE('',#2022,(#2081,#2176),.PCURVE_S1.);
#2022 = B_SPLINE_CURVE_WITH_KNOTS('',8,(#2023,#2024,#2025,#2026,#2027,
    #2028,#2029,#2030,#2031,#2032,#2033,#2034,#2035,#2036,#2037,#2038,
    #2039,#2040,#2041,#2042,#2043,#2044,#2045,#2046,#2047,#2048,#2049,
    #2050,#2051,#2052,#2053,#2054,#2055,#2056,#2057,#2058,#2059,#2060,
    #2061,#2062,#2063,#2064,#2065,#2066,#2067,#2068,#2069,#2070,#2071,
    #2072,#2073,#2074,#2075,#2076,#2077,#2078,#2079,#2080),
  .UNSPECIFIED.,.T.,.F.,(9,7,7,7,7,7,7,7,9),(0.,0.168550400275,
    0.316749617548,0.577075389609,0.701733839686,1.,1.23325263375,
    1.40269218356,1.60014317613),.UNSPECIFIED.);
#2023 = CARTESIAN_POINT('',(9.7,8.,-103.8093832116));
#2024 = CARTESIAN_POINT('',(9.7,8.14061488966,-103.8066679818));
#2025 = CARTESIAN_POINT('',(9.686707367251,8.281251372313,
    -103.8042089305));
#2026 = CARTESIAN_POINT('',(9.660115930816,8.420391086559,
    -103.8020355227));
#2027 = CARTESIAN_POINT('',(9.620437704252,8.556570260654,
    -103.8001719577));
#2028 = CARTESIAN_POINT('',(9.568066935152,8.688378429411,
    -103.7986378846));
#2029 = CARTESIAN_POINT('',(9.503565548838,8.81446424286,-103.7974485682
    ));
#2030 = CARTESIAN_POINT('',(9.427669986215,8.933548366681,
    -103.7966145066));
#2031 = CARTESIAN_POINT('',(9.265395059669,9.141948838564,
    -103.7957237231));
#2032 = CARTESIAN_POINT('',(9.181366094479,9.233151591877,
    -103.7955851799));
#2033 = CARTESIAN_POINT('',(9.08985362583,9.317251482981,-103.7957283333
    ));
#2034 = CARTESIAN_POINT('',(8.991561062362,9.39354278506,-103.7961532286
    ));
#2035 = CARTESIAN_POINT('',(8.887262452404,9.461405704084,
    -103.7968568827));
#2036 = CARTESIAN_POINT('',(8.777796549136,9.520306465491,
    -103.7978333973));
#2037 = CARTESIAN_POINT('',(8.664066624228,9.569806079272,
    -103.7990737945));
#2038 = CARTESIAN_POINT('',(8.341488422431,9.679440497977,-103.803186022
    ));
#2039 = CARTESIAN_POINT('',(8.125411633419,9.719410804487,
    -103.8065867967));
#2040 = CARTESIAN_POINT('',(7.90433202227,9.727432233477,-103.8107010034
    ));
#2041 = CARTESIAN_POINT('',(7.683763038752,9.703023191247,
    -103.8154313694));
#2042 = CARTESIAN_POINT('',(7.46909027199,9.646631497456,-103.820665143)
  );
#2043 = CARTESIAN_POINT('',(7.265513202739,9.559733552367,-103.826273331
    ));
#2044 = CARTESIAN_POINT('',(7.078029812737,9.444726164636,
    -103.8321131073));
#2045 = CARTESIAN_POINT('',(6.831139491462,9.23879077284,-103.8408546192
    ));
#2046 = CARTESIAN_POINT('',(6.75584972011,9.166502778054,-103.8437034258
    ));
#2047 = CARTESIAN_POINT('',(6.685684547229,9.088996455112,
    -103.8465539516));
#2048 = CARTESIAN_POINT('',(6.621065276869,9.006700977241,
    -103.8493897796));
#2049 = CARTESIAN_POINT('',(6.562367138109,8.920081946851,
    -103.8521946818));
#2050 = CARTESIAN_POINT('',(6.509919592168,8.829638480072,
    -103.8549526697));
#2051 = CARTESIAN_POINT('',(6.464003400305,8.735902632076,
    -103.8576480614));
#2052 = CARTESIAN_POINT('',(6.331150130171,8.408640989412,
    -103.8665283845));
#2053 = CARTESIAN_POINT('',(6.275915241744,8.16168151382,-103.8723603733
    ));
#2054 = CARTESIAN_POINT('',(6.262865554067,7.906969971867,
    -103.8775274671));
#2055 = CARTESIAN_POINT('',(6.292655844763,7.652913051262,
    -103.8818549616));
#2056 = CARTESIAN_POINT('',(6.364481601227,7.407595596191,
    -103.8852025468));
#2057 = CARTESIAN_POINT('',(6.475730883777,7.17867197594,-103.8874730689
    ));
#2058 = CARTESIAN_POINT('',(6.622419399236,6.973417544729,
    -103.8886030962));
#2059 = CARTESIAN_POINT('',(6.935163746122,6.660673197844,
    -103.8886030962));
#2060 = CARTESIAN_POINT('',(7.090444668278,6.541209959419,
    -103.8879119952));
#2061 = CARTESIAN_POINT('',(7.260938275451,6.442460040471,
    -103.8865277034));
#2062 = CARTESIAN_POINT('',(7.44339236021,6.36659560875,-103.8844710339)
  );
#2063 = CARTESIAN_POINT('',(7.634299407454,6.31518139039,-103.8817794215
    ));
#2064 = CARTESIAN_POINT('',(7.829930674495,6.289227350292,
    -103.8785052566));
#2065 = CARTESIAN_POINT('',(8.026328020562,6.289095110431,
    -103.8747178636));
#2066 = CARTESIAN_POINT('',(8.35956705328,6.332455423404,-103.8674501268
    ));
#2067 = CARTESIAN_POINT('',(8.498127338745,6.364039004116,
    -103.8641665322));
#2068 = CARTESIAN_POINT('',(8.633481254328,6.408785273321,
    -103.8606906678));
#2069 = CARTESIAN_POINT('',(8.764163490088,6.466295596472,
    -103.8570584816));
#2070 = CARTESIAN_POINT('',(8.888787828699,6.535987368682,-103.853307952
    ));
#2071 = CARTESIAN_POINT('',(9.00605162245,6.617110523658,-103.8494786848
    ));
#2072 = CARTESIAN_POINT('',(9.11475103859,6.708742194238,-103.8456117237
    ));
#2073 = CARTESIAN_POINT('',(9.329238873595,6.927476858849,
    -103.8372489394));
#2074 = CARTESIAN_POINT('',(9.431662480023,7.058028558017,-103.832751438
    ));
#2075 = CARTESIAN_POINT('',(9.519325189829,7.199656130777,
    -103.8283248486));
#2076 = CARTESIAN_POINT('',(9.590867187599,7.350380397726,
    -103.8240336456));
#2077 = CARTESIAN_POINT('',(9.645256231923,7.508078379011,
    -103.8199387728));
#2078 = CARTESIAN_POINT('',(9.681764677189,7.670506990389,
    -103.8160976262));
#2079 = CARTESIAN_POINT('',(9.7,7.835304412724,-103.8125634321));
#2080 = CARTESIAN_POINT('',(9.7,8.,-103.8093832116));
#2081 = PCURVE('',#33,#2082);
#2082 = DEFINITIONAL_REPRESENTATION('',(#2083),#2175);
#2083 = B_SPLINE_CURVE_WITH_KNOTS('',3,(#2084,#2085,#2086,#2087,#2088,
    #2089,#2090,#2091,#2092,#2093,#2094,#2095,#2096,#2097,#2098,#2099,
    #2100,#2101,#2102,#2103,#2104,#2105,#2106,#2107,#2108,#2109,#2110,
    #2111,#2112,#2113,#2114,#2115,#2116,#2117,#2118,#2119,#2120,#2121,
    #2122,#2123,#2124,#2125,#2126,#2127,#2128,#2129,#2130,#2131,#2132,
    #2133,#2134,#2135,#2136,#2137,#2138,#2139,#2140,#2141,#2142,#2143,
    #2144,#2145,#2146,#2147,#2148,#2149,#2150,#2151,#2152,#2153,#2154,
    #2155,#2156,#2157,#2158,#2159,#2160,#2161,#2162,#2163,#2164,#2165,
    #2166,#2167,#2168,#2169,#2170,#2171,#2172,#2173,#2174),
  .UNSPECIFIED.,.T.,.F.,(4,1,1,1,1,1,1,1,1,1,1,1,1,1,1,1,1,1,1,1,1,1,1,1
    ,1,1,1,1,1,1,1,1,1,1,1,1,1,1,1,1,1,1,1,1,1,1,1,1,1,1,1,1,1,1,1,1,1,1
    ,1,1,1,1,1,1,1,1,1,1,1,1,1,1,1,1,1,1,1,1,1,1,1,1,1,1,1,1,1,1,4),(0.,
    1.81834451833E-02,3.636689036659E-02,5.455033554989E-02,
    7.273378073318E-02,9.091722591648E-02,0.1091006711,0.127284116283,
    0.145467561466,0.16365100665,0.181834451833,0.200017897016,
    0.2182013422,0.236384787383,0.254568232566,0.272751677749,
    0.290935122933,0.309118568116,0.327302013299,0.345485458483,
    0.363668903666,0.381852348849,0.400035794032,0.418219239216,
    0.436402684399,0.454586129582,0.472769574766,0.490953019949,
    0.509136465132,0.527319910316,0.545503355499,0.563686800682,
    0.581870245865,0.600053691049,0.618237136232,0.636420581415,
    0.654604026599,0.672787471782,0.690970916965,0.709154362149,
    0.727337807332,0.745521252515,0.763704697698,0.781888142882,
    0.800071588065,0.818255033248,0.836438478432,0.854621923615,
    0.872805368798,0.890988813981,0.909172259165,0.927355704348,
    0.945539149531,0.963722594715,0.981906039898,1.000089485081,
    1.018272930265,1.036456375448,1.054639820631,1.072823265814,
    1.091006710998,1.109190156181,1.127373601364,1.145557046548,
    1.163740491731,1.181923936914,1.200107382097,1.218290827281,
    1.236474272464,1.254657717647,1.272841162831,1.291024608014,
    1.309208053197,1.327391498381,1.345574943564,1.363758388747,
    1.38194183393,1.400125279114,1.418308724297,1.43649216948,
    1.454675614664,1.472859059847,1.49104250503,1.509225950214,
    1.527409395397,1.54559284058,1.563776285763,1.581959730947,
    1.60014317613),.QUASI_UNIFORM_KNOTS.);
#2084 = CARTESIAN_POINT('',(0.689646670502,4.772943317974));
#2085 = CARTESIAN_POINT('',(0.692128808315,4.773067441813));
#2086 = CARTESIAN_POINT('',(0.697208756148,4.773306033351));
#2087 = CARTESIAN_POINT('',(0.705142518346,4.773633773696));
#2088 = CARTESIAN_POINT('',(0.713356641271,4.773930129753));
#2089 = CARTESIAN_POINT('',(0.7218187076,4.774194069964));
#2090 = CARTESIAN_POINT('',(0.730496841535,4.774424680138));
#2091 = CARTESIAN_POINT('',(0.739359661531,4.774621174635));
#2092 = CARTESIAN_POINT('',(0.74837606454,4.774782885568));
#2093 = CARTESIAN_POINT('',(0.757515044557,4.774909263199));
#2094 = CARTESIAN_POINT('',(0.766745364918,4.774999875846));
#2095 = CARTESIAN_POINT('',(0.776035587142,4.775054422242));
#2096 = CARTESIAN_POINT('',(0.785356722292,4.775072733647));
#2097 = CARTESIAN_POINT('',(0.794677662578,4.775054745825));
#2098 = CARTESIAN_POINT('',(0.803968214841,4.775000522221));
#2099 = CARTESIAN_POINT('',(0.813198110949,4.774910242543));
#2100 = CARTESIAN_POINT('',(0.822336987292,4.774784204192));
#2101 = CARTESIAN_POINT('',(0.831354114176,4.774622826717));
#2102 = CARTESIAN_POINT('',(0.840218223245,4.774426655264));
#2103 = CARTESIAN_POINT('',(0.848897236489,4.774196389294));
#2104 = CARTESIAN_POINT('',(0.857365409053,4.773932631986));
#2105 = CARTESIAN_POINT('',(0.865586508197,4.773636379733));
#2106 = CARTESIAN_POINT('',(0.873527107024,4.773308709993));
#2107 = CARTESIAN_POINT('',(0.881153681815,4.772950826341));
#2108 = CARTESIAN_POINT('',(0.888433009047,4.772564040848));
#2109 = CARTESIAN_POINT('',(0.895331761192,4.772149777836));
#2110 = CARTESIAN_POINT('',(0.901816392082,4.771709575813));
#2111 = CARTESIAN_POINT('',(0.907853016718,4.771245093325));
#2112 = CARTESIAN_POINT('',(0.913407369014,4.770758116442));
#2113 = CARTESIAN_POINT('',(0.918444819548,4.770250569471));
#2114 = CARTESIAN_POINT('',(0.92293049027,4.7697245236));
#2115 = CARTESIAN_POINT('',(0.926829414301,4.769182222425));
#2116 = CARTESIAN_POINT('',(0.930107020205,4.768626053802));
#2117 = CARTESIAN_POINT('',(0.932729016944,4.76805873176));
#2118 = CARTESIAN_POINT('',(0.934664623254,4.767482617019));
#2119 = CARTESIAN_POINT('',(0.935882743446,4.766900386361));
#2120 = CARTESIAN_POINT('',(0.936353995628,4.766314903535));
#2121 = CARTESIAN_POINT('',(0.936051388959,4.765729099691));
#2122 = CARTESIAN_POINT('',(0.934950798082,4.765146016441));
#2123 = CARTESIAN_POINT('',(0.933031372802,4.764568764224));
#2124 = CARTESIAN_POINT('',(0.93027730028,4.764000643751));
#2125 = CARTESIAN_POINT('',(0.926673616824,4.763444414887));
#2126 = CARTESIAN_POINT('',(0.922214660279,4.762903694323));
#2127 = CARTESIAN_POINT('',(0.91690171255,4.762381935265));
#2128 = CARTESIAN_POINT('',(0.910743289393,4.761882518745));
#2129 = CARTESIAN_POINT('',(0.903755561807,4.761408722553));
#2130 = CARTESIAN_POINT('',(0.89596277682,4.760963715669));
#2131 = CARTESIAN_POINT('',(0.887397660336,4.760550539353));
#2132 = CARTESIAN_POINT('',(0.878101752043,4.760172086013));
#2133 = CARTESIAN_POINT('',(0.868125629827,4.75983107352));
#2134 = CARTESIAN_POINT('',(0.857528985589,4.759530016253));
#2135 = CARTESIAN_POINT('',(0.846380503959,4.759271193168));
#2136 = CARTESIAN_POINT('',(0.834757563054,4.759056613437));
#2137 = CARTESIAN_POINT('',(0.822745563693,4.758887980054));
#2138 = CARTESIAN_POINT('',(0.810437541275,4.758766651914));
#2139 = CARTESIAN_POINT('',(0.797931615373,4.758693604031));
#2140 = CARTESIAN_POINT('',(0.785335470717,4.758669387902));
#2141 = CARTESIAN_POINT('',(0.77274370106,4.758694084253));
#2142 = CARTESIAN_POINT('',(0.760247900926,4.75876753621));
#2143 = CARTESIAN_POINT('',(0.747952916131,4.758889164025));
#2144 = CARTESIAN_POINT('',(0.735954838392,4.759057991655));
#2145 = CARTESIAN_POINT('',(0.724345242703,4.759272677104));
#2146 = CARTESIAN_POINT('',(0.713208637601,4.759531542823));
#2147 = CARTESIAN_POINT('',(0.702622006524,4.759832606139));
#2148 = CARTESIAN_POINT('',(0.692654068424,4.760173608988));
#2149 = CARTESIAN_POINT('',(0.683364897816,4.760552045162));
#2150 = CARTESIAN_POINT('',(0.674805672389,4.760965188331));
#2151 = CARTESIAN_POINT('',(0.667018730151,4.761410105317));
#2152 = CARTESIAN_POINT('',(0.660037286791,4.761883709777));
#2153 = CARTESIAN_POINT('',(0.653887043306,4.762382648009));
#2154 = CARTESIAN_POINT('',(0.648580843215,4.762903824928));
#2155 = CARTESIAN_POINT('',(0.644126237894,4.763443978381));
#2156 = CARTESIAN_POINT('',(0.640524256867,4.763999738183));
#2157 = CARTESIAN_POINT('',(0.637768865923,4.764567806908));
#2158 = CARTESIAN_POINT('',(0.635848409935,4.765144930544));
#2159 = CARTESIAN_POINT('',(0.634746375957,4.765727920811));
#2160 = CARTESIAN_POINT('',(0.634442167347,4.766313655182));
#2161 = CARTESIAN_POINT('',(0.634911734521,4.766899091342));
#2162 = CARTESIAN_POINT('',(0.636127966542,4.767481225501));
#2163 = CARTESIAN_POINT('',(0.63806138371,4.768057242122));
#2164 = CARTESIAN_POINT('',(0.640681506928,4.768624557047));
#2165 = CARTESIAN_POINT('',(0.643955492005,4.769180451036));
#2166 = CARTESIAN_POINT('',(0.647849723705,4.769722451202));
#2167 = CARTESIAN_POINT('',(0.652329996395,4.770248218289));
#2168 = CARTESIAN_POINT('',(0.657361885757,4.770755562363));
#2169 = CARTESIAN_POINT('',(0.662910914464,4.771242425658));
#2170 = CARTESIAN_POINT('',(0.668942642876,4.771706874786));
#2171 = CARTESIAN_POINT('',(0.675422645105,4.77214709698));
#2172 = CARTESIAN_POINT('',(0.6823164713,4.772561381348));
#2173 = CARTESIAN_POINT('',(0.687165018218,4.772819239167));
#2174 = CARTESIAN_POINT('',(0.689646670502,4.772943317974));
#2175 = ( GEOMETRIC_REPRESENTATION_CONTEXT(2) 
PARAMETRIC_REPRESENTATION_CONTEXT() REPRESENTATION_CONTEXT('2D SPACE',''
  ) );
#2176 = PCURVE('',#2177,#2182);
#2177 = CYLINDRICAL_SURFACE('',#2178,1.7);
#2178 = AXIS2_PLACEMENT_3D('',#2179,#2180,#2181);
#2179 = CARTESIAN_POINT('',(8.,8.,-105.1));
#2180 = DIRECTION('',(0.,0.,1.));
#2181 = DIRECTION('',(1.,0.,-0.));
#2182 = DEFINITIONAL_REPRESENTATION('',(#2183),#2275);
#2183 = B_SPLINE_CURVE_WITH_KNOTS('',3,(#2184,#2185,#2186,#2187,#2188,
    #2189,#2190,#2191,#2192,#2193,#2194,#2195,#2196,#2197,#2198,#2199,
    #2200,#2201,#2202,#2203,#2204,#2205,#2206,#2207,#2208,#2209,#2210,
    #2211,#2212,#2213,#2214,#2215,#2216,#2217,#2218,#2219,#2220,#2221,
    #2222,#2223,#2224,#2225,#2226,#2227,#2228,#2229,#2230,#2231,#2232,
    #2233,#2234,#2235,#2236,#2237,#2238,#2239,#2240,#2241,#2242,#2243,
    #2244,#2245,#2246,#2247,#2248,#2249,#2250,#2251,#2252,#2253,#2254,
    #2255,#2256,#2257,#2258,#2259,#2260,#2261,#2262,#2263,#2264,#2265,
    #2266,#2267,#2268,#2269,#2270,#2271,#2272,#2273,#2274),
  .UNSPECIFIED.,.F.,.F.,(4,1,1,1,1,1,1,1,1,1,1,1,1,1,1,1,1,1,1,1,1,1,1,1
    ,1,1,1,1,1,1,1,1,1,1,1,1,1,1,1,1,1,1,1,1,1,1,1,1,1,1,1,1,1,1,1,1,1,1
    ,1,1,1,1,1,1,1,1,1,1,1,1,1,1,1,1,1,1,1,1,1,1,1,1,1,1,1,1,1,1,4),(0.,
    1.81834451833E-02,3.636689036659E-02,5.455033554989E-02,
    7.273378073318E-02,9.091722591648E-02,0.1091006711,0.127284116283,
    0.145467561466,0.16365100665,0.181834451833,0.200017897016,
    0.2182013422,0.236384787383,0.254568232566,0.272751677749,
    0.290935122933,0.309118568116,0.327302013299,0.345485458483,
    0.363668903666,0.381852348849,0.400035794032,0.418219239216,
    0.436402684399,0.454586129582,0.472769574766,0.490953019949,
    0.509136465132,0.527319910316,0.545503355499,0.563686800682,
    0.581870245865,0.600053691049,0.618237136232,0.636420581415,
    0.654604026599,0.672787471782,0.690970916965,0.709154362149,
    0.727337807332,0.745521252515,0.763704697698,0.781888142882,
    0.800071588065,0.818255033248,0.836438478432,0.854621923615,
    0.872805368798,0.890988813981,0.909172259165,0.927355704348,
    0.945539149531,0.963722594715,0.981906039898,1.000089485081,
    1.018272930265,1.036456375448,1.054639820631,1.072823265814,
    1.091006710998,1.109190156181,1.127373601364,1.145557046548,
    1.163740491731,1.181923936914,1.200107382097,1.218290827281,
    1.236474272464,1.254657717647,1.272841162831,1.291024608014,
    1.309208053197,1.327391498381,1.345574943564,1.363758388747,
    1.38194183393,1.400125279114,1.418308724297,1.43649216948,
    1.454675614664,1.472859059847,1.49104250503,1.509225950214,
    1.527409395397,1.54559284058,1.563776285763,1.581959730947,
    1.60014317613),.QUASI_UNIFORM_KNOTS.);
#2184 = CARTESIAN_POINT('',(-1.06581410364E-14,1.290616788388));
#2185 = CARTESIAN_POINT('',(2.379605872761E-02,1.291398009528));
#2186 = CARTESIAN_POINT('',(7.138931473825E-02,1.292904438474));
#2187 = CARTESIAN_POINT('',(0.142778547723,1.294985442233));
#2188 = CARTESIAN_POINT('',(0.214161539884,1.296876774365));
#2189 = CARTESIAN_POINT('',(0.285538032263,1.298568916004));
#2190 = CARTESIAN_POINT('',(0.356909315692,1.300053301629));
#2191 = CARTESIAN_POINT('',(0.428277618483,1.301322452964));
#2192 = CARTESIAN_POINT('',(0.499644736569,1.302369948155));
#2193 = CARTESIAN_POINT('',(0.571011044876,1.303190460912));
#2194 = CARTESIAN_POINT('',(0.64237345613,1.303779789248));
#2195 = CARTESIAN_POINT('',(0.713726144578,1.304134960618));
#2196 = CARTESIAN_POINT('',(0.785081100386,1.304254262096));
#2197 = CARTESIAN_POINT('',(0.85643352205,1.304137068482));
#2198 = CARTESIAN_POINT('',(0.927785620674,1.303783996251));
#2199 = CARTESIAN_POINT('',(0.999139463173,1.303196825801));
#2200 = CARTESIAN_POINT('',(1.070497347656,1.302378500912));
#2201 = CARTESIAN_POINT('',(1.141860114025,1.301333140744));
#2202 = CARTESIAN_POINT('',(1.213226279324,1.300066039226));
#2203 = CARTESIAN_POINT('',(1.284589249827,1.298583817108));
#2204 = CARTESIAN_POINT('',(1.355999018318,1.2968927812));
#2205 = CARTESIAN_POINT('',(1.427422729608,1.295002030973));
#2206 = CARTESIAN_POINT('',(1.498852025396,1.29292139092));
#2207 = CARTESIAN_POINT('',(1.570280452865,1.290661648412));
#2208 = CARTESIAN_POINT('',(1.641707134763,1.288234382636));
#2209 = CARTESIAN_POINT('',(1.713133878221,1.285651928074));
#2210 = CARTESIAN_POINT('',(1.784564347975,1.282927322099));
#2211 = CARTESIAN_POINT('',(1.856002850882,1.280074273681));
#2212 = CARTESIAN_POINT('',(1.927453330161,1.277107138305));
#2213 = CARTESIAN_POINT('',(1.998918165967,1.274040908155));
#2214 = CARTESIAN_POINT('',(2.070397385861,1.270891186586));
#2215 = CARTESIAN_POINT('',(2.141885833596,1.267674255944));
#2216 = CARTESIAN_POINT('',(2.213376952093,1.264406831488));
#2217 = CARTESIAN_POINT('',(2.284840290735,1.261107023256));
#2218 = CARTESIAN_POINT('',(2.35630568647,1.257790323273));
#2219 = CARTESIAN_POINT('',(2.427776838348,1.2544734876));
#2220 = CARTESIAN_POINT('',(2.499248796541,1.251173682058));
#2221 = CARTESIAN_POINT('',(2.570721543476,1.247907755678));
#2222 = CARTESIAN_POINT('',(2.642193517919,1.244692448902));
#2223 = CARTESIAN_POINT('',(2.713665614027,1.241544144005));
#2224 = CARTESIAN_POINT('',(2.785123481137,1.238479491887));
#2225 = CARTESIAN_POINT('',(2.856629722084,1.235511525066));
#2226 = CARTESIAN_POINT('',(2.928145176861,1.232657180568));
#2227 = CARTESIAN_POINT('',(2.999650873222,1.229931780488));
#2228 = CARTESIAN_POINT('',(3.071134227287,1.227349630779));
#2229 = CARTESIAN_POINT('',(3.142589673496,1.224923947649));
#2230 = CARTESIAN_POINT('',(3.214016138109,1.222666940253));
#2231 = CARTESIAN_POINT('',(3.285415843348,1.220589831632));
#2232 = CARTESIAN_POINT('',(3.356793064677,1.218702879148));
#2233 = CARTESIAN_POINT('',(3.428153086407,1.217015379659));
#2234 = CARTESIAN_POINT('',(3.499501177093,1.215535663871));
#2235 = CARTESIAN_POINT('',(3.570841621809,1.214271077993));
#2236 = CARTESIAN_POINT('',(3.642176478265,1.213227951389));
#2237 = CARTESIAN_POINT('',(3.713504975358,1.212411547393));
#2238 = CARTESIAN_POINT('',(3.784819743261,1.211825994488));
#2239 = CARTESIAN_POINT('',(3.85611356824,1.211474190902));
#2240 = CARTESIAN_POINT('',(3.927344866381,1.211357686733));
#2241 = CARTESIAN_POINT('',(3.998554335854,1.211476502046));
#2242 = CARTESIAN_POINT('',(4.069798673103,1.211830257112));
#2243 = CARTESIAN_POINT('',(4.141050410072,1.212417269607));
#2244 = CARTESIAN_POINT('',(4.212311890972,1.213234636984));
#2245 = CARTESIAN_POINT('',(4.283582614975,1.214278310141));
#2246 = CARTESIAN_POINT('',(4.354866185188,1.215543145443));
#2247 = CARTESIAN_POINT('',(4.426166871449,1.217022939072));
#2248 = CARTESIAN_POINT('',(4.497489127792,1.218710444884));
#2249 = CARTESIAN_POINT('',(4.568836251283,1.220597371173));
#2250 = CARTESIAN_POINT('',(4.640209612668,1.222674377729));
#2251 = CARTESIAN_POINT('',(4.711606044094,1.224930996287));
#2252 = CARTESIAN_POINT('',(4.783021098658,1.227355764795));
#2253 = CARTESIAN_POINT('',(4.854429235093,1.229935494741));
#2254 = CARTESIAN_POINT('',(4.925853088611,1.232657877149));
#2255 = CARTESIAN_POINT('',(4.997294395861,1.235509219128));
#2256 = CARTESIAN_POINT('',(5.068742919775,1.238474637907));
#2257 = CARTESIAN_POINT('',(5.140196663402,1.241538952208));
#2258 = CARTESIAN_POINT('',(5.211654400583,1.244686496467));
#2259 = CARTESIAN_POINT('',(5.28311604266,1.247901220644));
#2260 = CARTESIAN_POINT('',(5.354580615806,1.251166685444));
#2261 = CARTESIAN_POINT('',(5.426046414555,1.254466150975));
#2262 = CARTESIAN_POINT('',(5.497504440891,1.257782356855));
#2263 = CARTESIAN_POINT('',(5.568955307699,1.261098403758));
#2264 = CARTESIAN_POINT('',(5.640414516189,1.264398084655));
#2265 = CARTESIAN_POINT('',(5.711865800249,1.267663805199));
#2266 = CARTESIAN_POINT('',(5.783307609763,1.270878841435));
#2267 = CARTESIAN_POINT('',(5.854739101596,1.274026772361));
#2268 = CARTESIAN_POINT('',(5.92616209175,1.277091645937));
#2269 = CARTESIAN_POINT('',(5.997578916806,1.280057955694));
#2270 = CARTESIAN_POINT('',(6.068991547439,1.282910668699));
#2271 = CARTESIAN_POINT('',(6.140400106468,1.28563527577));
#2272 = CARTESIAN_POINT('',(6.211802304526,1.288217750599));
#2273 = CARTESIAN_POINT('',(6.259393480601,1.289835857716));
#2274 = CARTESIAN_POINT('',(6.28318530718,1.290616788388));
#2275 = ( GEOMETRIC_REPRESENTATION_CONTEXT(2) 
PARAMETRIC_REPRESENTATION_CONTEXT() REPRESENTATION_CONTEXT('2D SPACE',''
  ) );
#2276 = FACE_BOUND('',#2277,.T.);
#2277 = EDGE_LOOP('',(#2278));
#2278 = ORIENTED_EDGE('',*,*,#2279,.T.);
#2279 = EDGE_CURVE('',#2280,#2280,#2282,.T.);
#2280 = VERTEX_POINT('',#2281);
#2281 = CARTESIAN_POINT('',(-6.3,8.,-103.8750154065));
#2282 = SURFACE_CURVE('',#2283,(#2342,#2437),.PCURVE_S1.);
#2283 = B_SPLINE_CURVE_WITH_KNOTS('',8,(#2284,#2285,#2286,#2287,#2288,
    #2289,#2290,#2291,#2292,#2293,#2294,#2295,#2296,#2297,#2298,#2299,
    #2300,#2301,#2302,#2303,#2304,#2305,#2306,#2307,#2308,#2309,#2310,
    #2311,#2312,#2313,#2314,#2315,#2316,#2317,#2318,#2319,#2320,#2321,
    #2322,#2323,#2324,#2325,#2326,#2327,#2328,#2329,#2330,#2331,#2332,
    #2333,#2334,#2335,#2336,#2337,#2338,#2339,#2340,#2341),
  .UNSPECIFIED.,.T.,.F.,(9,7,7,7,7,7,7,7,9),(0.,1.,1.961366581489,
    3.862722639657,5.121076031029,6.49210468268,7.543272202724,
    8.963697781772,10.187229017502),.UNSPECIFIED.);
#2284 = CARTESIAN_POINT('',(-6.3,8.,-103.8750154065));
#2285 = CARTESIAN_POINT('',(-6.3,8.131047292556,-103.8724865229));
#2286 = CARTESIAN_POINT('',(-6.311545236376,8.262164347046,
    -103.8697334286));
#2287 = CARTESIAN_POINT('',(-6.334656637835,8.392117054702,
    -103.8667795132));
#2288 = CARTESIAN_POINT('',(-6.369187500479,8.519707392444,
    -103.8636507055));
#2289 = CARTESIAN_POINT('',(-6.414847842537,8.643773513458,
    -103.8603750044));
#2290 = CARTESIAN_POINT('',(-6.471213830877,8.76319464773,
    -103.8569822037));
#2291 = CARTESIAN_POINT('',(-6.537722279288,8.876900812508,
    -103.8535038129));
#2292 = CARTESIAN_POINT('',(-6.686644801965,9.086740597918,
    -103.846578932));
#2293 = CARTESIAN_POINT('',(-6.768371218154,9.183420196936,
    -103.843135187));
#2294 = CARTESIAN_POINT('',(-6.858200627715,9.273031117393,
    -103.8396713443));
#2295 = CARTESIAN_POINT('',(-6.955407924214,9.354786354276,
    -103.8362165903));
#2296 = CARTESIAN_POINT('',(-7.059188144478,9.42799544757,
    -103.8327997959));
#2297 = CARTESIAN_POINT('',(-7.168665288076,9.492062640226,
    -103.8294493812));
#2298 = CARTESIAN_POINT('',(-7.282893546003,9.546494656462,
    -103.8261931409));
#2299 = CARTESIAN_POINT('',(-7.634142803766,9.678777181293,
    -103.8168575224));
#2300 = CARTESIAN_POINT('',(-7.882623393957,9.72771354196,
    -103.8111148268));
#2301 = CARTESIAN_POINT('',(-8.137868484109,9.734250197191,
    -103.8060598315));
#2302 = CARTESIAN_POINT('',(-8.391490688935,9.697874109142,
    -103.801864564));
#2303 = CARTESIAN_POINT('',(-8.635400596275,9.619513622958,
    -103.7986674842));
#2304 = CARTESIAN_POINT('',(-8.861928137778,9.501909236922,
    -103.7965639292));
#2305 = CARTESIAN_POINT('',(-9.0637706558,9.349221140921,-103.7956146488
    ));
#2306 = CARTESIAN_POINT('',(-9.348163557802,9.048624709114,
    -103.7959275749));
#2307 = CARTESIAN_POINT('',(-9.448215181318,8.916305756677,
    -103.7965507283));
#2308 = CARTESIAN_POINT('',(-9.533339282581,8.77315485919,
    -103.7976713516));
#2309 = CARTESIAN_POINT('',(-9.602203193612,8.62116183801,
    -103.7992767377));
#2310 = CARTESIAN_POINT('',(-9.653799828511,8.462458302662,
    -103.8013451409));
#2311 = CARTESIAN_POINT('',(-9.687425244811,8.299295036176,
    -103.8038466502));
#2312 = CARTESIAN_POINT('',(-9.702710190121,8.134041328354,
    -103.8067425993));
#2313 = CARTESIAN_POINT('',(-9.696463221977,7.789551150194,
    -103.8135151853));
#2314 = CARTESIAN_POINT('',(-9.671507965673,7.610169565484,
    -103.817460706));
#2315 = CARTESIAN_POINT('',(-9.624853725221,7.43426974985,
    -103.8217577998));
#2316 = CARTESIAN_POINT('',(-9.557122608326,7.2649075389,-103.8263353952
    ));
#2317 = CARTESIAN_POINT('',(-9.469399704442,7.104945920876,
    -103.8311172187));
#2318 = CARTESIAN_POINT('',(-9.363183628593,6.957059015012,
    -103.8360226814));
#2319 = CARTESIAN_POINT('',(-9.240424103562,6.823694223346,
    -103.8409668886));
#2320 = CARTESIAN_POINT('',(-8.998737411369,6.617416108093,
    -103.8496139112));
#2321 = CARTESIAN_POINT('',(-8.885522859341,6.537594190601,
    -103.853339921));
#2322 = CARTESIAN_POINT('',(-8.765066726072,6.468413555348,
    -103.8570001556));
#2323 = CARTESIAN_POINT('',(-8.638552758235,6.410629441455,
    -103.8605571998));
#2324 = CARTESIAN_POINT('',(-8.507240295009,6.36483361215,
    -103.8639753429));
#2325 = CARTESIAN_POINT('',(-8.372451329167,6.331460232318,
    -103.8672207133));
#2326 = CARTESIAN_POINT('',(-8.235565289634,6.310772252703,
    -103.8702616398));
#2327 = CARTESIAN_POINT('',(-7.912160920385,6.292093767719,
    -103.8768631034));
#2328 = CARTESIAN_POINT('',(-7.724908262528,6.304618732457,
    -103.8802348138));
#2329 = CARTESIAN_POINT('',(-7.539883438791,6.340629622315,
    -103.8831102073));
#2330 = CARTESIAN_POINT('',(-7.360511256057,6.399601884082,
    -103.8854333845));
#2331 = CARTESIAN_POINT('',(-7.189998198196,6.480479493565,
    -103.8871629084));
#2332 = CARTESIAN_POINT('',(-7.031340704578,6.581748057215,
    -103.8882702226));
#2333 = CARTESIAN_POINT('',(-6.887295844003,6.701397611222,
    -103.8887409295));
#2334 = CARTESIAN_POINT('',(-6.650805935007,6.953454282332,
    -103.8884405694));
#2335 = CARTESIAN_POINT('',(-6.553858998311,7.08191836862,
    -103.8878324467));
#2336 = CARTESIAN_POINT('',(-6.470946867908,7.220597878635,
    -103.886756414));
#2337 = CARTESIAN_POINT('',(-6.403291793533,7.367700083167,
    -103.885223464));
#2338 = CARTESIAN_POINT('',(-6.351841251088,7.521297979339,
    -103.883252471));
#2339 = CARTESIAN_POINT('',(-6.317280693068,7.679344850649,
    -103.8808696662));
#2340 = CARTESIAN_POINT('',(-6.3,7.839673109942,-103.8781093128));
#2341 = CARTESIAN_POINT('',(-6.3,8.,-103.8750154065));
#2342 = PCURVE('',#33,#2343);
#2343 = DEFINITIONAL_REPRESENTATION('',(#2344),#2436);
#2344 = B_SPLINE_CURVE_WITH_KNOTS('',3,(#2345,#2346,#2347,#2348,#2349,
    #2350,#2351,#2352,#2353,#2354,#2355,#2356,#2357,#2358,#2359,#2360,
    #2361,#2362,#2363,#2364,#2365,#2366,#2367,#2368,#2369,#2370,#2371,
    #2372,#2373,#2374,#2375,#2376,#2377,#2378,#2379,#2380,#2381,#2382,
    #2383,#2384,#2385,#2386,#2387,#2388,#2389,#2390,#2391,#2392,#2393,
    #2394,#2395,#2396,#2397,#2398,#2399,#2400,#2401,#2402,#2403,#2404,
    #2405,#2406,#2407,#2408,#2409,#2410,#2411,#2412,#2413,#2414,#2415,
    #2416,#2417,#2418,#2419,#2420,#2421,#2422,#2423,#2424,#2425,#2426,
    #2427,#2428,#2429,#2430,#2431,#2432,#2433,#2434,#2435),
  .UNSPECIFIED.,.T.,.F.,(4,1,1,1,1,1,1,1,1,1,1,1,1,1,1,1,1,1,1,1,1,1,1,1
    ,1,1,1,1,1,1,1,1,1,1,1,1,1,1,1,1,1,1,1,1,1,1,1,1,1,1,1,1,1,1,1,1,1,1
    ,1,1,1,1,1,1,1,1,1,1,1,1,1,1,1,1,1,1,1,1,1,1,1,1,1,1,1,1,1,1,4),(0.,
    0.115763966108,0.231527932216,0.347291898324,0.463055864432,
    0.57881983054,0.694583796648,0.810347762756,0.926111728864,
    1.041875694972,1.15763966108,1.273403627188,1.389167593296,
    1.504931559404,1.620695525512,1.73645949162,1.852223457728,
    1.967987423836,2.083751389944,2.199515356052,2.31527932216,
    2.431043288267,2.546807254375,2.662571220483,2.778335186591,
    2.894099152699,3.009863118807,3.125627084915,3.241391051023,
    3.357155017131,3.472918983239,3.588682949347,3.704446915455,
    3.820210881563,3.935974847671,4.051738813779,4.167502779887,
    4.283266745995,4.399030712103,4.514794678211,4.630558644319,
    4.746322610427,4.862086576535,4.977850542643,5.093614508751,
    5.209378474859,5.325142440967,5.440906407075,5.556670373183,
    5.672434339291,5.788198305399,5.903962271507,6.019726237615,
    6.135490203723,6.251254169831,6.367018135939,6.482782102047,
    6.598546068155,6.714310034263,6.830074000371,6.945837966479,
    7.061601932586,7.177365898694,7.293129864802,7.40889383091,
    7.524657797018,7.640421763126,7.756185729234,7.871949695342,
    7.98771366145,8.103477627558,8.219241593666,8.335005559774,
    8.450769525882,8.56653349199,8.682297458098,8.798061424206,
    8.913825390314,9.029589356422,9.14535332253,9.261117288638,
    9.376881254746,9.492645220854,9.608409186962,9.72417315307,
    9.839937119178,9.955701085286,10.071465051394,10.187229017502),
  .QUASI_UNIFORM_KNOTS.);
#2345 = CARTESIAN_POINT('',(2.237868707687,4.761419903792));
#2346 = CARTESIAN_POINT('',(2.235410004393,4.761573058883));
#2347 = CARTESIAN_POINT('',(2.230763266149,4.761888953082));
#2348 = CARTESIAN_POINT('',(2.224620210719,4.762388264424));
#2349 = CARTESIAN_POINT('',(2.219322548837,4.762909774204));
#2350 = CARTESIAN_POINT('',(2.214877090628,4.763450174399));
#2351 = CARTESIAN_POINT('',(2.211284312292,4.764006162165));
#2352 = CARTESIAN_POINT('',(2.208538112843,4.764574452416));
#2353 = CARTESIAN_POINT('',(2.206626917423,4.765151786939));
#2354 = CARTESIAN_POINT('',(2.205534310115,4.765734957209));
#2355 = CARTESIAN_POINT('',(2.205239586421,4.766320748617));
#2356 = CARTESIAN_POINT('',(2.205718434909,4.76690623048));
#2357 = CARTESIAN_POINT('',(2.20694389693,4.767488416629));
#2358 = CARTESIAN_POINT('',(2.208886531545,4.768064459906));
#2359 = CARTESIAN_POINT('',(2.211515151514,4.76863164952));
#2360 = CARTESIAN_POINT('',(2.214797314765,4.769187406505));
#2361 = CARTESIAN_POINT('',(2.218699544537,4.769729265404));
#2362 = CARTESIAN_POINT('',(2.2231880308,4.770254912232));
#2363 = CARTESIAN_POINT('',(2.228226899609,4.770762011597));
#2364 = CARTESIAN_POINT('',(2.23378507219,4.77124882733));
#2365 = CARTESIAN_POINT('',(2.239829146609,4.771713407661));
#2366 = CARTESIAN_POINT('',(2.246322312826,4.772153708655));
#2367 = CARTESIAN_POINT('',(2.253229331221,4.772567984116));
#2368 = CARTESIAN_POINT('',(2.260515425573,4.772954647366));
#2369 = CARTESIAN_POINT('',(2.268146683971,4.773312280832));
#2370 = CARTESIAN_POINT('',(2.276089959045,4.773639611401));
#2371 = CARTESIAN_POINT('',(2.284312826552,4.773935499533));
#2372 = CARTESIAN_POINT('',(2.29278346872,4.774198928759));
#2373 = CARTESIAN_POINT('',(2.301470530283,4.774428998801));
#2374 = CARTESIAN_POINT('',(2.310342942399,4.774624921381));
#2375 = CARTESIAN_POINT('',(2.319369721269,4.774786019053));
#2376 = CARTESIAN_POINT('',(2.328519737463,4.774911727553));
#2377 = CARTESIAN_POINT('',(2.337761466961,4.775001601322));
#2378 = CARTESIAN_POINT('',(2.347062669012,4.775055326116));
#2379 = CARTESIAN_POINT('',(2.356390167415,4.775072727514));
#2380 = CARTESIAN_POINT('',(2.365709034158,4.775053821156));
#2381 = CARTESIAN_POINT('',(2.3750002156,4.77499867469));
#2382 = CARTESIAN_POINT('',(2.384229718855,4.774907461378));
#2383 = CARTESIAN_POINT('',(2.393366990251,4.77478049397));
#2384 = CARTESIAN_POINT('',(2.402381001289,4.774618203903));
#2385 = CARTESIAN_POINT('',(2.411240981706,4.774421140237));
#2386 = CARTESIAN_POINT('',(2.419915930187,4.77418996831));
#2387 = CARTESIAN_POINT('',(2.428374490325,4.773925472859));
#2388 = CARTESIAN_POINT('',(2.436584721675,4.773628566406));
#2389 = CARTESIAN_POINT('',(2.444514074995,4.773300294953));
#2390 = CARTESIAN_POINT('',(2.452128828291,4.772941872029));
#2391 = CARTESIAN_POINT('',(2.459395679298,4.772554625077));
#2392 = CARTESIAN_POINT('',(2.466284386695,4.772139786003));
#2393 = CARTESIAN_POINT('',(2.472758523177,4.771699027224));
#2394 = CARTESIAN_POINT('',(2.478783648716,4.771234052646));
#2395 = CARTESIAN_POINT('',(2.484325102097,4.770746696346));
#2396 = CARTESIAN_POINT('',(2.489348422502,4.770238900292));
#2397 = CARTESIAN_POINT('',(2.493819165558,4.769712726937));
#2398 = CARTESIAN_POINT('',(2.497702990637,4.769170365085));
#2399 = CARTESIAN_POINT('',(2.500965801341,4.768614138059));
#2400 = CARTESIAN_POINT('',(2.503574001893,4.768046517787));
#2401 = CARTESIAN_POINT('',(2.505494917384,4.767470119082));
#2402 = CARTESIAN_POINT('',(2.50669721709,4.766887770648));
#2403 = CARTESIAN_POINT('',(2.507152041023,4.766302299093));
#2404 = CARTESIAN_POINT('',(2.506832505651,4.765716489755));
#2405 = CARTESIAN_POINT('',(2.505714413083,4.765133492875));
#2406 = CARTESIAN_POINT('',(2.503777307664,4.7645564338));
#2407 = CARTESIAN_POINT('',(2.501004848704,4.76398851527));
#2408 = CARTESIAN_POINT('',(2.497385511595,4.763432983988));
#2409 = CARTESIAN_POINT('',(2.49291339707,4.76289313182));
#2410 = CARTESIAN_POINT('',(2.487589001342,4.762372269867));
#2411 = CARTESIAN_POINT('',(2.481420700204,4.761873749877));
#2412 = CARTESIAN_POINT('',(2.474423987388,4.761400794447));
#2413 = CARTESIAN_POINT('',(2.466620514116,4.760956458721));
#2414 = CARTESIAN_POINT('',(2.458045055064,4.760543951428));
#2415 = CARTESIAN_POINT('',(2.448740141116,4.760166203496));
#2416 = CARTESIAN_POINT('',(2.438757509124,4.759825957205));
#2417 = CARTESIAN_POINT('',(2.428157635349,4.759525717412));
#2418 = CARTESIAN_POINT('',(2.417009573737,4.759267735979));
#2419 = CARTESIAN_POINT('',(2.405390470172,4.759053984367));
#2420 = CARTESIAN_POINT('',(2.393384906953,4.758886127232));
#2421 = CARTESIAN_POINT('',(2.381083997864,4.758765495067));
#2422 = CARTESIAN_POINT('',(2.368584368485,4.758693055402));
#2423 = CARTESIAN_POINT('',(2.35598660516,4.758669391109));
#2424 = CARTESIAN_POINT('',(2.343394823606,4.758694656481));
#2425 = CARTESIAN_POINT('',(2.330902477113,4.758768657173));
#2426 = CARTESIAN_POINT('',(2.318611734883,4.758890813323));
#2427 = CARTESIAN_POINT('',(2.306618774349,4.759060147578));
#2428 = CARTESIAN_POINT('',(2.295014748191,4.75927532181));
#2429 = CARTESIAN_POINT('',(2.283884101827,4.759534662011));
#2430 = CARTESIAN_POINT('',(2.273303834342,4.759836185993));
#2431 = CARTESIAN_POINT('',(2.263342872895,4.76017763171));
#2432 = CARTESIAN_POINT('',(2.254061329,4.760556475579));
#2433 = CARTESIAN_POINT('',(2.245511362647,4.760969980723));
#2434 = CARTESIAN_POINT('',(2.240325714044,4.761266741349));
#2435 = CARTESIAN_POINT('',(2.237868707687,4.761419903792));
#2436 = ( GEOMETRIC_REPRESENTATION_CONTEXT(2) 
PARAMETRIC_REPRESENTATION_CONTEXT() REPRESENTATION_CONTEXT('2D SPACE',''
  ) );
#2437 = PCURVE('',#2438,#2443);
#2438 = CYLINDRICAL_SURFACE('',#2439,1.7);
#2439 = AXIS2_PLACEMENT_3D('',#2440,#2441,#2442);
#2440 = CARTESIAN_POINT('',(-8.,8.,-105.1));
#2441 = DIRECTION('',(0.,0.,1.));
#2442 = DIRECTION('',(1.,0.,-0.));
#2443 = DEFINITIONAL_REPRESENTATION('',(#2444),#2536);
#2444 = B_SPLINE_CURVE_WITH_KNOTS('',3,(#2445,#2446,#2447,#2448,#2449,
    #2450,#2451,#2452,#2453,#2454,#2455,#2456,#2457,#2458,#2459,#2460,
    #2461,#2462,#2463,#2464,#2465,#2466,#2467,#2468,#2469,#2470,#2471,
    #2472,#2473,#2474,#2475,#2476,#2477,#2478,#2479,#2480,#2481,#2482,
    #2483,#2484,#2485,#2486,#2487,#2488,#2489,#2490,#2491,#2492,#2493,
    #2494,#2495,#2496,#2497,#2498,#2499,#2500,#2501,#2502,#2503,#2504,
    #2505,#2506,#2507,#2508,#2509,#2510,#2511,#2512,#2513,#2514,#2515,
    #2516,#2517,#2518,#2519,#2520,#2521,#2522,#2523,#2524,#2525,#2526,
    #2527,#2528,#2529,#2530,#2531,#2532,#2533,#2534,#2535),
  .UNSPECIFIED.,.F.,.F.,(4,1,1,1,1,1,1,1,1,1,1,1,1,1,1,1,1,1,1,1,1,1,1,1
    ,1,1,1,1,1,1,1,1,1,1,1,1,1,1,1,1,1,1,1,1,1,1,1,1,1,1,1,1,1,1,1,1,1,1
    ,1,1,1,1,1,1,1,1,1,1,1,1,1,1,1,1,1,1,1,1,1,1,1,1,1,1,1,1,1,1,4),(0.,
    0.115763966108,0.231527932216,0.347291898324,0.463055864432,
    0.57881983054,0.694583796648,0.810347762756,0.926111728864,
    1.041875694972,1.15763966108,1.273403627188,1.389167593296,
    1.504931559404,1.620695525512,1.73645949162,1.852223457728,
    1.967987423836,2.083751389944,2.199515356052,2.31527932216,
    2.431043288267,2.546807254375,2.662571220483,2.778335186591,
    2.894099152699,3.009863118807,3.125627084915,3.241391051023,
    3.357155017131,3.472918983239,3.588682949347,3.704446915455,
    3.820210881563,3.935974847671,4.051738813779,4.167502779887,
    4.283266745995,4.399030712103,4.514794678211,4.630558644319,
    4.746322610427,4.862086576535,4.977850542643,5.093614508751,
    5.209378474859,5.325142440967,5.440906407075,5.556670373183,
    5.672434339291,5.788198305399,5.903962271507,6.019726237615,
    6.135490203723,6.251254169831,6.367018135939,6.482782102047,
    6.598546068155,6.714310034263,6.830074000371,6.945837966479,
    7.061601932586,7.177365898694,7.293129864802,7.40889383091,
    7.524657797018,7.640421763126,7.756185729234,7.871949695342,
    7.98771366145,8.103477627558,8.219241593666,8.335005559774,
    8.450769525882,8.56653349199,8.682297458098,8.798061424206,
    8.913825390314,9.029589356422,9.14535332253,9.261117288638,
    9.376881254746,9.492645220854,9.608409186962,9.72417315307,
    9.839937119178,9.955701085286,10.071465051394,10.187229017502),
  .QUASI_UNIFORM_KNOTS.);
#2445 = CARTESIAN_POINT('',(4.17966315153E-15,1.224984593489));
#2446 = CARTESIAN_POINT('',(2.379734128159E-02,1.225765211799));
#2447 = CARTESIAN_POINT('',(7.140074039044E-02,1.227382757981));
#2448 = CARTESIAN_POINT('',(0.142826007881,1.229964674242));
#2449 = CARTESIAN_POINT('',(0.214264035052,1.232689116477));
#2450 = CARTESIAN_POINT('',(0.285712411933,1.235542101279));
#2451 = CARTESIAN_POINT('',(0.357169975556,1.23850910132));
#2452 = CARTESIAN_POINT('',(0.428636217033,1.241574996302));
#2453 = CARTESIAN_POINT('',(0.500109329034,1.244724095664));
#2454 = CARTESIAN_POINT('',(0.571586798314,1.247940235078));
#2455 = CARTESIAN_POINT('',(0.643056588732,1.251206449243));
#2456 = CARTESIAN_POINT('',(0.714530640884,1.254506604676));
#2457 = CARTESIAN_POINT('',(0.786002093579,1.257823539767));
#2458 = CARTESIAN_POINT('',(0.857467860799,1.261140173179));
#2459 = CARTESIAN_POINT('',(0.928927377157,1.264439548607));
#2460 = CARTESIAN_POINT('',(1.000381549279,1.267704869598));
#2461 = CARTESIAN_POINT('',(1.071829802417,1.270919454578));
#2462 = CARTESIAN_POINT('',(1.14327524928,1.274067035624));
#2463 = CARTESIAN_POINT('',(1.214699150202,1.277130776678));
#2464 = CARTESIAN_POINT('',(1.286149905884,1.280097117157));
#2465 = CARTESIAN_POINT('',(1.357632250427,1.28295094696));
#2466 = CARTESIAN_POINT('',(1.42911469754,1.285676343882));
#2467 = CARTESIAN_POINT('',(1.500587622692,1.288259047025));
#2468 = CARTESIAN_POINT('',(1.572044513993,1.290685703423));
#2469 = CARTESIAN_POINT('',(1.64348455913,1.292944004855));
#2470 = CARTESIAN_POINT('',(1.714910032329,1.295022607406));
#2471 = CARTESIAN_POINT('',(1.786325409762,1.296911127356));
#2472 = CARTESIAN_POINT('',(1.857736220856,1.298600132779));
#2473 = CARTESIAN_POINT('',(1.929148069877,1.300081151637));
#2474 = CARTESIAN_POINT('',(2.000565631206,1.301346691256));
#2475 = CARTESIAN_POINT('',(2.071991604741,1.302390271747));
#2476 = CARTESIAN_POINT('',(2.1434255234,1.303206476786));
#2477 = CARTESIAN_POINT('',(2.214862426351,1.303791019521));
#2478 = CARTESIAN_POINT('',(2.286290873928,1.304140848762));
#2479 = CARTESIAN_POINT('',(2.35769160848,1.304254222142));
#2480 = CARTESIAN_POINT('',(2.429031157855,1.304131045067));
#2481 = CARTESIAN_POINT('',(2.500397010611,1.303771971602));
#2482 = CARTESIAN_POINT('',(2.571762927653,1.303178750687));
#2483 = CARTESIAN_POINT('',(2.64312979723,1.302354436577));
#2484 = CARTESIAN_POINT('',(2.714496128296,1.301303235304));
#2485 = CARTESIAN_POINT('',(2.78586415782,1.30003047438));
#2486 = CARTESIAN_POINT('',(2.857236596908,1.298542564447));
#2487 = CARTESIAN_POINT('',(2.928616076821,1.29684698377));
#2488 = CARTESIAN_POINT('',(3.000003517573,1.29495228969));
#2489 = CARTESIAN_POINT('',(3.071397934829,1.292868106032));
#2490 = CARTESIAN_POINT('',(3.142790863336,1.290605282709));
#2491 = CARTESIAN_POINT('',(3.214179650292,1.288175489978));
#2492 = CARTESIAN_POINT('',(3.285598436366,1.285589861172));
#2493 = CARTESIAN_POINT('',(3.357024310687,1.282862279808));
#2494 = CARTESIAN_POINT('',(3.428455087895,1.280006731195));
#2495 = CARTESIAN_POINT('',(3.499888562856,1.277037854536));
#2496 = CARTESIAN_POINT('',(3.57132616691,1.273970730754));
#2497 = CARTESIAN_POINT('',(3.642770344447,1.270820888461));
#2498 = CARTESIAN_POINT('',(3.71422371201,1.267604265032));
#2499 = CARTESIAN_POINT('',(3.785687943514,1.264337180933));
#2500 = CARTESIAN_POINT('',(3.857162028612,1.261036346158));
#2501 = CARTESIAN_POINT('',(3.928642846464,1.25771875367));
#2502 = CARTESIAN_POINT('',(4.000116121992,1.254402009793));
#2503 = CARTESIAN_POINT('',(4.071582065958,1.251103035346));
#2504 = CARTESIAN_POINT('',(4.143058672404,1.247837845427));
#2505 = CARTESIAN_POINT('',(4.214531440285,1.244623778818));
#2506 = CARTESIAN_POINT('',(4.285999420952,1.24147727174));
#2507 = CARTESIAN_POINT('',(4.35746098605,1.238414435741));
#2508 = CARTESIAN_POINT('',(4.428915983924,1.235450878783));
#2509 = CARTESIAN_POINT('',(4.500363177221,1.232601735844));
#2510 = CARTESIAN_POINT('',(4.571800677034,1.229881569371));
#2511 = CARTESIAN_POINT('',(4.643218765349,1.227304531897));
#2512 = CARTESIAN_POINT('',(4.714618996841,1.224883561248));
#2513 = CARTESIAN_POINT('',(4.786020053839,1.222630306645));
#2514 = CARTESIAN_POINT('',(4.857400339925,1.22055685835));
#2515 = CARTESIAN_POINT('',(4.928756797555,1.218673668257));
#2516 = CARTESIAN_POINT('',(5.000087697502,1.216990155571));
#2517 = CARTESIAN_POINT('',(5.071395308988,1.21551460506));
#2518 = CARTESIAN_POINT('',(5.142683529799,1.21425423537));
#2519 = CARTESIAN_POINT('',(5.213957060355,1.213215201668));
#2520 = CARTESIAN_POINT('',(5.285220204566,1.212402594324));
#2521 = CARTESIAN_POINT('',(5.356475872229,1.211820418874));
#2522 = CARTESIAN_POINT('',(5.4277239016,1.211471550881));
#2523 = CARTESIAN_POINT('',(5.498961180708,1.211357702264));
#2524 = CARTESIAN_POINT('',(5.570174105346,1.211479255559));
#2525 = CARTESIAN_POINT('',(5.641408823584,1.211835660116));
#2526 = CARTESIAN_POINT('',(5.712652552692,1.212425240395));
#2527 = CARTESIAN_POINT('',(5.783906761915,1.213245094225));
#2528 = CARTESIAN_POINT('',(5.855173031932,1.214291197183));
#2529 = CARTESIAN_POINT('',(5.926455149393,1.215558428472));
#2530 = CARTESIAN_POINT('',(5.997757002464,1.2170405912));
#2531 = CARTESIAN_POINT('',(6.069081738471,1.218730424658));
#2532 = CARTESIAN_POINT('',(6.140430287244,1.220619548161));
#2533 = CARTESIAN_POINT('',(6.211800853694,1.222698583422));
#2534 = CARTESIAN_POINT('',(6.259389835452,1.22420388171));
#2535 = CARTESIAN_POINT('',(6.28318530718,1.224984593489));
#2536 = ( GEOMETRIC_REPRESENTATION_CONTEXT(2) 
PARAMETRIC_REPRESENTATION_CONTEXT() REPRESENTATION_CONTEXT('2D SPACE',''
  ) );
#2537 = ADVANCED_FACE('',(#2538),#2438,.F.);
#2538 = FACE_BOUND('',#2539,.F.);
#2539 = EDGE_LOOP('',(#2540,#2931,#2952,#2953));
#2540 = ORIENTED_EDGE('',*,*,#2541,.F.);
#2541 = EDGE_CURVE('',#2542,#2542,#2544,.T.);
#2542 = VERTEX_POINT('',#2543);
#2543 = CARTESIAN_POINT('',(-6.3,8.,-103.0150157606));
#2544 = SURFACE_CURVE('',#2545,(#2644,#2783),.PCURVE_S1.);
#2545 = B_SPLINE_CURVE_WITH_KNOTS('',7,(#2546,#2547,#2548,#2549,#2550,
    #2551,#2552,#2553,#2554,#2555,#2556,#2557,#2558,#2559,#2560,#2561,
    #2562,#2563,#2564,#2565,#2566,#2567,#2568,#2569,#2570,#2571,#2572,
    #2573,#2574,#2575,#2576,#2577,#2578,#2579,#2580,#2581,#2582,#2583,
    #2584,#2585,#2586,#2587,#2588,#2589,#2590,#2591,#2592,#2593,#2594,
    #2595,#2596,#2597,#2598,#2599,#2600,#2601,#2602,#2603,#2604,#2605,
    #2606,#2607,#2608,#2609,#2610,#2611,#2612,#2613,#2614,#2615,#2616,
    #2617,#2618,#2619,#2620,#2621,#2622,#2623,#2624,#2625,#2626,#2627,
    #2628,#2629,#2630,#2631,#2632,#2633,#2634,#2635,#2636,#2637,#2638,
    #2639,#2640,#2641,#2642,#2643),.UNSPECIFIED.,.T.,.F.,(8,6,6,6,6,6,6,
    6,6,6,6,6,6,6,6,6,8),(0.,7.623821843908E-02,0.135468194231,
    0.164852187586,0.217215307116,0.278101586833,0.318486496608,
    0.470660404744,0.630228514732,0.690099374322,0.742070675103,
    0.771337189555,0.83143371227,0.888486061485,1.,1.146737581815,
    1.209991997544),.UNSPECIFIED.);
#2546 = CARTESIAN_POINT('',(-6.3,8.,-103.0150157606));
#2547 = CARTESIAN_POINT('',(-6.3,8.096147823228,-103.0131603451));
#2548 = CARTESIAN_POINT('',(-6.306344523703,8.19232261302,
    -103.0111819365));
#2549 = CARTESIAN_POINT('',(-6.319038741608,8.288013050046,
    -103.0090902931));
#2550 = CARTESIAN_POINT('',(-6.338037272126,8.382713622521,
    -103.0068960366));
#2551 = CARTESIAN_POINT('',(-6.363244320862,8.475926855701,
    -103.0046106076));
#2552 = CARTESIAN_POINT('',(-6.394513819881,8.567165541385,
    -103.0022462202));
#2553 = CARTESIAN_POINT('',(-6.460500574357,8.724936059328,
    -102.9979276202));
#2554 = CARTESIAN_POINT('',(-6.492893540982,8.792441955483,
    -102.995999494));
#2555 = CARTESIAN_POINT('',(-6.528736698427,8.858251244964,
    -102.9940374794));
#2556 = CARTESIAN_POINT('',(-6.567921934493,8.922151648343,
    -102.9920477579));
#2557 = CARTESIAN_POINT('',(-6.610325148035,8.983940477599,
    -102.9900366349));
#2558 = CARTESIAN_POINT('',(-6.655806603768,9.043425096052,
    -102.9880105246));
#2559 = CARTESIAN_POINT('',(-6.728224852411,9.12870022838,
    -102.9849665737));
#2560 = CARTESIAN_POINT('',(-6.752958056303,9.156365396274,
    -102.9839551179));
#2561 = CARTESIAN_POINT('',(-6.778392058094,9.183396770454,
    -102.982942357));
#2562 = CARTESIAN_POINT('',(-6.804507233534,9.209773036267,
    -102.9819290814));
#2563 = CARTESIAN_POINT('',(-6.831283174782,9.235473675921,
    -102.9809160809));
#2564 = CARTESIAN_POINT('',(-6.858698690413,9.260478968485,
    -102.9799041455));
#2565 = CARTESIAN_POINT('',(-6.936687620949,9.328057287233,
    -102.9770940717));
#2566 = CARTESIAN_POINT('',(-6.988605224788,9.36907673508,
    -102.9752999503));
#2567 = CARTESIAN_POINT('',(-7.042359841863,9.407720934882,
    -102.9735161829));
#2568 = CARTESIAN_POINT('',(-7.097820326292,9.443891774203,
    -102.9717471961));
#2569 = CARTESIAN_POINT('',(-7.154849431243,9.477500541182,
    -102.9699973534));
#2570 = CARTESIAN_POINT('',(-7.213304078794,9.508468038989,
    -102.9682709477));
#2571 = CARTESIAN_POINT('',(-7.342489702709,9.569580706542,
    -102.9645969329));
#2572 = CARTESIAN_POINT('',(-7.413671868902,9.598772321709,
    -102.9626590113));
#2573 = CARTESIAN_POINT('',(-7.48634800095,9.624190162576,
    -102.9607650638));
#2574 = CARTESIAN_POINT('',(-7.56027762494,9.645744214107,-102.958921475
    ));
#2575 = CARTESIAN_POINT('',(-7.635214539932,9.663363928402,
    -102.9571343646));
#2576 = CARTESIAN_POINT('',(-7.710907437437,9.676998323652,
    -102.9554095738));
#2577 = CARTESIAN_POINT('',(-7.837638192345,9.692995391378,
    -102.9526536403));
#2578 = CARTESIAN_POINT('',(-7.888396593565,9.697607705242,
    -102.9515844727));
#2579 = CARTESIAN_POINT('',(-7.939301307069,9.700443971852,
    -102.9505467614));
#2580 = CARTESIAN_POINT('',(-7.990277872009,9.701499035403,
    -102.949542045));
#2581 = CARTESIAN_POINT('',(-8.041251784161,9.700771637137,
    -102.9485717879));
#2582 = CARTESIAN_POINT('',(-8.092148495927,9.69826441534,-102.94763738)
  );
#2583 = CARTESIAN_POINT('',(-8.334104759871,9.677854565489,
    -102.9433592459));
#2584 = CARTESIAN_POINT('',(-8.523254547362,9.636539099041,
    -102.940504387));
#2585 = CARTESIAN_POINT('',(-8.706190125898,9.570360480239,
    -102.9382495852));
#2586 = CARTESIAN_POINT('',(-8.879070300626,9.480530828355,
    -102.9366456814));
#2587 = CARTESIAN_POINT('',(-9.038372423704,9.368879275586,
    -102.9357254287));
#2588 = CARTESIAN_POINT('',(-9.180884707842,9.237862000469,
    -102.9355034356));
#2589 = CARTESIAN_POINT('',(-9.432999080649,8.936465115012,
    -102.9364551967));
#2590 = CARTESIAN_POINT('',(-9.540849515174,8.764262021049,
    -102.937697995));
#2591 = CARTESIAN_POINT('',(-9.624329205877,8.577812269894,
    -102.9396865685));
#2592 = CARTESIAN_POINT('',(-9.681352041784,8.381288547803,
    -102.9423805705));
#2593 = CARTESIAN_POINT('',(-9.710637740044,8.179081799787,
    -102.9457198475));
#2594 = CARTESIAN_POINT('',(-9.71170234247,7.97582446369,-102.9496241966
    ));
#2595 = CARTESIAN_POINT('',(-9.67528129305,7.701444361809,
    -102.9556254466));
#2596 = CARTESIAN_POINT('',(-9.661463673893,7.627092118659,
    -102.9573278854));
#2597 = CARTESIAN_POINT('',(-9.643796728059,7.553491380094,
    -102.9590901052));
#2598 = CARTESIAN_POINT('',(-9.622330140041,7.480880831905,
    -102.9609065339));
#2599 = CARTESIAN_POINT('',(-9.597131869332,7.409494311194,
    -102.9627713406));
#2600 = CARTESIAN_POINT('',(-9.568288058496,7.339560239044,
    -102.9646784485));
#2601 = CARTESIAN_POINT('',(-9.507790823241,7.212048209595,
    -102.9683082682));
#2602 = CARTESIAN_POINT('',(-9.477009719493,7.154056256423,
    -102.9700221419));
#2603 = CARTESIAN_POINT('',(-9.443627805159,7.097470432311,
    -102.9717590467));
#2604 = CARTESIAN_POINT('',(-9.407722597626,7.042430575283,
    -102.9735147848));
#2605 = CARTESIAN_POINT('',(-9.369380846496,6.989070863129,-102.97528509
    ));
#2606 = CARTESIAN_POINT('',(-9.328698423573,6.937519553788,
    -102.9770656344));
#2607 = CARTESIAN_POINT('',(-9.261611750344,6.859955829171,
    -102.9798580102));
#2608 = CARTESIAN_POINT('',(-9.236734164083,6.832624954047,
    -102.9808658469));
#2609 = CARTESIAN_POINT('',(-9.211166131135,6.805927828835,
    -102.9818747665));
#2610 = CARTESIAN_POINT('',(-9.184927113699,6.779885411989,
    -102.9828839889));
#2611 = CARTESIAN_POINT('',(-9.158037359112,6.75451789194,
    -102.9838927332));
#2612 = CARTESIAN_POINT('',(-9.13051789984,6.729844687089,
    -102.9849002189));
#2613 = CARTESIAN_POINT('',(-9.044633224317,6.656683944464,
    -102.9879702703));
#2614 = CARTESIAN_POINT('',(-8.98431169513,6.610488906503,
    -102.9900263097));
#2615 = CARTESIAN_POINT('',(-8.92161599005,6.56746155219,-102.9920669845
    ));
#2616 = CARTESIAN_POINT('',(-8.856747265911,6.527747916229,
    -102.9940855945));
#2617 = CARTESIAN_POINT('',(-8.789917320581,6.491477463683,
    -102.9960755549));
#2618 = CARTESIAN_POINT('',(-8.721348101269,6.458762705889,
    -102.998030413));
#2619 = CARTESIAN_POINT('',(-8.584744050717,6.402107150502,
    -103.0017603918));
#2620 = CARTESIAN_POINT('',(-8.516856287627,6.377805088937,
    -103.0035396507));
#2621 = CARTESIAN_POINT('',(-8.447806015629,6.356873880159,
    -103.0052762532));
#2622 = CARTESIAN_POINT('',(-8.377795710059,6.339379234417,
    -103.0069650265));
#2623 = CARTESIAN_POINT('',(-8.307031747159,6.325371257642,
    -103.0086010242));
#2624 = CARTESIAN_POINT('',(-8.235723921703,6.314884385369,
    -103.0101795368));
#2625 = CARTESIAN_POINT('',(-8.024060191473,6.294358647152,
    -103.0146603646));
#2626 = CARTESIAN_POINT('',(-7.8827447974,6.294300900167,-103.0173885055
    ));
#2627 = CARTESIAN_POINT('',(-7.741757367037,6.30791328004,
    -103.0198464381));
#2628 = CARTESIAN_POINT('',(-7.602678440277,6.335084907371,
    -103.0220058328));
#2629 = CARTESIAN_POINT('',(-7.467044184178,6.37549374685,
    -103.0238432897));
#2630 = CARTESIAN_POINT('',(-7.336334320504,6.42861447611,
    -103.0253404165));
#2631 = CARTESIAN_POINT('',(-7.048286678001,6.57930988049,
    -103.0279906805));
#2632 = CARTESIAN_POINT('',(-6.895466570288,6.685685283065,
    -103.0288868231));
#2633 = CARTESIAN_POINT('',(-6.756752705092,6.811108113027,
    -103.0291432648));
#2634 = CARTESIAN_POINT('',(-6.63487573823,6.953299239938,
    -103.0287513108));
#2635 = CARTESIAN_POINT('',(-6.532124885982,7.109603453873,
    -103.0277180118));
#2636 = CARTESIAN_POINT('',(-6.450357290295,7.276976090194,
    -103.0260662436));
#2637 = CARTESIAN_POINT('',(-6.365088631914,7.527335424717,
    -103.0228806741));
#2638 = CARTESIAN_POINT('',(-6.343521107586,7.604171169696,
    -103.0218142148));
#2639 = CARTESIAN_POINT('',(-6.326166610532,7.682157769661,
    -103.0206442402));
#2640 = CARTESIAN_POINT('',(-6.313098488445,7.76101834303,
    -103.0193746728));
#2641 = CARTESIAN_POINT('',(-6.304367241634,7.840470724917,
    -103.0180099779));
#2642 = CARTESIAN_POINT('',(-6.3,7.920228160768,-103.0165551601));
#2643 = CARTESIAN_POINT('',(-6.3,8.,-103.0150157606));
#2644 = PCURVE('',#2438,#2645);
#2645 = DEFINITIONAL_REPRESENTATION('',(#2646),#2782);
#2646 = B_SPLINE_CURVE_WITH_KNOTS('',3,(#2647,#2648,#2649,#2650,#2651,
    #2652,#2653,#2654,#2655,#2656,#2657,#2658,#2659,#2660,#2661,#2662,
    #2663,#2664,#2665,#2666,#2667,#2668,#2669,#2670,#2671,#2672,#2673,
    #2674,#2675,#2676,#2677,#2678,#2679,#2680,#2681,#2682,#2683,#2684,
    #2685,#2686,#2687,#2688,#2689,#2690,#2691,#2692,#2693,#2694,#2695,
    #2696,#2697,#2698,#2699,#2700,#2701,#2702,#2703,#2704,#2705,#2706,
    #2707,#2708,#2709,#2710,#2711,#2712,#2713,#2714,#2715,#2716,#2717,
    #2718,#2719,#2720,#2721,#2722,#2723,#2724,#2725,#2726,#2727,#2728,
    #2729,#2730,#2731,#2732,#2733,#2734,#2735,#2736,#2737,#2738,#2739,
    #2740,#2741,#2742,#2743,#2744,#2745,#2746,#2747,#2748,#2749,#2750,
    #2751,#2752,#2753,#2754,#2755,#2756,#2757,#2758,#2759,#2760,#2761,
    #2762,#2763,#2764,#2765,#2766,#2767,#2768,#2769,#2770,#2771,#2772,
    #2773,#2774,#2775,#2776,#2777,#2778,#2779,#2780,#2781),
  .UNSPECIFIED.,.F.,.F.,(4,1,1,1,1,1,1,1,1,1,1,1,1,1,1,1,1,1,1,1,1,1,1,1
    ,1,1,1,1,1,1,1,1,1,1,1,1,1,1,1,1,1,1,1,1,1,1,1,1,1,1,1,1,1,1,1,1,1,1
    ,1,1,1,1,1,1,1,1,1,1,1,1,1,1,1,1,1,1,1,1,1,1,1,1,1,1,1,1,1,1,1,1,1,1
    ,1,1,1,1,1,1,1,1,1,1,1,1,1,1,1,1,1,1,1,1,1,1,1,1,1,1,1,1,1,1,1,1,1,1
    ,1,1,1,1,1,1,4),(0.,9.166606042001E-03,1.8333212084E-02,
    2.7499818126E-02,3.666642416801E-02,4.583303021001E-02,
    5.499963625201E-02,6.416624229401E-02,7.333284833601E-02,
    8.249945437801E-02,9.166606042001E-02,0.100832666462,0.109999272504,
    0.119165878546,0.128332484588,0.13749909063,0.146665696672,
    0.155832302714,0.164998908756,0.174165514798,0.18333212084,
    0.192498726882,0.201665332924,0.210831938966,0.219998545008,
    0.22916515105,0.238331757092,0.247498363134,0.256664969176,
    0.265831575218,0.27499818126,0.284164787302,0.293331393344,
    0.302497999386,0.311664605428,0.32083121147,0.329997817512,
    0.339164423554,0.348331029596,0.357497635638,0.36666424168,
    0.375830847722,0.384997453764,0.394164059806,0.403330665848,
    0.41249727189,0.421663877932,0.430830483974,0.439997090016,
    0.449163696058,0.4583303021,0.467496908142,0.476663514184,
    0.485830120226,0.494996726268,0.50416333231,0.513329938352,
    0.522496544394,0.531663150436,0.540829756478,0.54999636252,
    0.559162968562,0.568329574604,0.577496180646,0.586662786688,
    0.59582939273,0.604995998772,0.614162604814,0.623329210856,
    0.632495816898,0.64166242294,0.650829028982,0.659995635024,
    0.669162241066,0.678328847108,0.68749545315,0.696662059192,
    0.705828665234,0.714995271276,0.724161877318,0.73332848336,
    0.742495089402,0.751661695444,0.760828301486,0.769994907528,
    0.77916151357,0.788328119612,0.797494725654,0.806661331696,
    0.815827937738,0.82499454378,0.834161149822,0.843327755864,
    0.852494361906,0.861660967948,0.87082757399,0.879994180032,
    0.889160786074,0.898327392116,0.907493998158,0.9166606042,
    0.925827210242,0.934993816284,0.944160422326,0.953327028368,
    0.96249363441,0.971660240452,0.980826846494,0.989993452536,
    0.999160058578,1.00832666462,1.017493270662,1.026659876704,
    1.035826482746,1.044993088788,1.05415969483,1.063326300872,
    1.072492906914,1.081659512956,1.090826118998,1.09999272504,
    1.109159331082,1.118325937124,1.127492543166,1.136659149208,
    1.14582575525,1.154992361292,1.164158967334,1.173325573376,
    1.182492179418,1.19165878546,1.200825391502,1.209991997544),
  .QUASI_UNIFORM_KNOTS.);
#2647 = CARTESIAN_POINT('',(7.314410515178E-15,2.084984239313));
#2648 = CARTESIAN_POINT('',(1.586734579385E-02,2.0855047666));
#2649 = CARTESIAN_POINT('',(4.760508582576E-02,2.086570761319));
#2650 = CARTESIAN_POINT('',(9.521980227178E-02,2.088240773581));
#2651 = CARTESIAN_POINT('',(0.142841428068,2.089978063261));
#2652 = CARTESIAN_POINT('',(0.190469319564,2.091778686388));
#2653 = CARTESIAN_POINT('',(0.238102976902,2.093638570751));
#2654 = CARTESIAN_POINT('',(0.28574192291,2.095553499901));
#2655 = CARTESIAN_POINT('',(0.333385508257,2.097519121319));
#2656 = CARTESIAN_POINT('',(0.381032710905,2.099530946904));
#2657 = CARTESIAN_POINT('',(0.428682049076,2.10158435999));
#2658 = CARTESIAN_POINT('',(0.476334113716,2.103674731634));
#2659 = CARTESIAN_POINT('',(0.523987581704,2.105797265046));
#2660 = CARTESIAN_POINT('',(0.571641953093,2.107947123018));
#2661 = CARTESIAN_POINT('',(0.61929672065,2.110119403936));
#2662 = CARTESIAN_POINT('',(0.66695143047,2.112309156096));
#2663 = CARTESIAN_POINT('',(0.714605151873,2.11451136542));
#2664 = CARTESIAN_POINT('',(0.762257555081,2.116721016601));
#2665 = CARTESIAN_POINT('',(0.809908369683,2.118933080289));
#2666 = CARTESIAN_POINT('',(0.857557157054,2.121142514408));
#2667 = CARTESIAN_POINT('',(0.905203784302,2.123344297698));
#2668 = CARTESIAN_POINT('',(0.952847841305,2.125533414619));
#2669 = CARTESIAN_POINT('',(1.000488979865,2.127704882534));
#2670 = CARTESIAN_POINT('',(1.04812710776,2.129853772015));
#2671 = CARTESIAN_POINT('',(1.095762190572,2.131975209));
#2672 = CARTESIAN_POINT('',(1.14339376208,2.134064364405));
#2673 = CARTESIAN_POINT('',(1.191022288993,2.136116524322));
#2674 = CARTESIAN_POINT('',(1.238647377164,2.138127023728));
#2675 = CARTESIAN_POINT('',(1.286268946453,2.140091306673));
#2676 = CARTESIAN_POINT('',(1.333887133318,2.142004932388));
#2677 = CARTESIAN_POINT('',(1.381502090649,2.143863576972));
#2678 = CARTESIAN_POINT('',(1.429113831434,2.145663036946));
#2679 = CARTESIAN_POINT('',(1.476722005807,2.14739922977));
#2680 = CARTESIAN_POINT('',(1.524327225089,2.149068253773));
#2681 = CARTESIAN_POINT('',(1.571929305043,2.150666331057));
#2682 = CARTESIAN_POINT('',(1.619528970843,2.152189873062));
#2683 = CARTESIAN_POINT('',(1.667124661815,2.153635394363));
#2684 = CARTESIAN_POINT('',(1.714724028486,2.154999849458));
#2685 = CARTESIAN_POINT('',(1.762324447962,2.156280053156));
#2686 = CARTESIAN_POINT('',(1.809923438716,2.157473037894));
#2687 = CARTESIAN_POINT('',(1.857519824475,2.158576080015));
#2688 = CARTESIAN_POINT('',(1.905113140871,2.159586683996));
#2689 = CARTESIAN_POINT('',(1.952703542089,2.160502579683));
#2690 = CARTESIAN_POINT('',(2.000291597601,2.161321717827));
#2691 = CARTESIAN_POINT('',(2.047878136786,2.16204226792));
#2692 = CARTESIAN_POINT('',(2.095464093245,2.162662617321));
#2693 = CARTESIAN_POINT('',(2.143050355224,2.16318137198));
#2694 = CARTESIAN_POINT('',(2.190637614827,2.163597358752));
#2695 = CARTESIAN_POINT('',(2.238226208412,2.163909629308));
#2696 = CARTESIAN_POINT('',(2.285815955076,2.164117465857));
#2697 = CARTESIAN_POINT('',(2.333405942871,2.164220388118));
#2698 = CARTESIAN_POINT('',(2.380994427581,2.164218163753));
#2699 = CARTESIAN_POINT('',(2.428578206982,2.164110814295));
#2700 = CARTESIAN_POINT('',(2.476153827813,2.163898646448));
#2701 = CARTESIAN_POINT('',(2.52374197527,2.163582031641));
#2702 = CARTESIAN_POINT('',(2.571333598346,2.163161683843));
#2703 = CARTESIAN_POINT('',(2.618927202197,2.162638558577));
#2704 = CARTESIAN_POINT('',(2.666520766986,2.162013855628));
#2705 = CARTESIAN_POINT('',(2.714113614904,2.161289003997));
#2706 = CARTESIAN_POINT('',(2.76170564437,2.16046565386));
#2707 = CARTESIAN_POINT('',(2.80929729721,2.159545668807));
#2708 = CARTESIAN_POINT('',(2.856889351311,2.1585311201));
#2709 = CARTESIAN_POINT('',(2.904482775732,2.157424282395));
#2710 = CARTESIAN_POINT('',(2.952078579146,2.15622763099));
#2711 = CARTESIAN_POINT('',(2.999677661448,2.154943840581));
#2712 = CARTESIAN_POINT('',(3.047280668153,2.153575785142));
#2713 = CARTESIAN_POINT('',(3.094887809136,2.152126540143));
#2714 = CARTESIAN_POINT('',(3.142498766244,2.150599382211));
#2715 = CARTESIAN_POINT('',(3.190112201467,2.148997804302));
#2716 = CARTESIAN_POINT('',(3.23772666716,2.14732547859));
#2717 = CARTESIAN_POINT('',(3.285336175426,2.145586419833));
#2718 = CARTESIAN_POINT('',(3.332947543829,2.143784332386));
#2719 = CARTESIAN_POINT('',(3.380562614954,2.141923221361));
#2720 = CARTESIAN_POINT('',(3.428180794891,2.140007318991));
#2721 = CARTESIAN_POINT('',(3.475802386753,2.13804094865));
#2722 = CARTESIAN_POINT('',(3.523427483882,2.136028557495));
#2723 = CARTESIAN_POINT('',(3.571056014803,2.13397470549));
#2724 = CARTESIAN_POINT('',(3.618687614398,2.131884060293));
#2725 = CARTESIAN_POINT('',(3.66632270918,2.12976134096));
#2726 = CARTESIAN_POINT('',(3.713960845912,2.127611378958));
#2727 = CARTESIAN_POINT('',(3.761601989936,2.125439050842));
#2728 = CARTESIAN_POINT('',(3.809246048618,2.123249288046));
#2729 = CARTESIAN_POINT('',(3.856892641858,2.121047076171));
#2730 = CARTESIAN_POINT('',(3.904541411352,2.118837429373));
#2731 = CARTESIAN_POINT('',(3.952192188989,2.116625371032));
#2732 = CARTESIAN_POINT('',(3.999844531522,2.114415943423));
#2733 = CARTESIAN_POINT('',(4.047498222312,2.112214172916));
#2734 = CARTESIAN_POINT('',(4.095152826943,2.110025078597));
#2735 = CARTESIAN_POINT('',(4.142807449986,2.107853671345));
#2736 = CARTESIAN_POINT('',(4.190461643895,2.105704900498));
#2737 = CARTESIAN_POINT('',(4.238114918206,2.103583664372));
#2738 = CARTESIAN_POINT('',(4.285766744671,2.101494798235));
#2739 = CARTESIAN_POINT('',(4.333415908402,2.099443090906));
#2740 = CARTESIAN_POINT('',(4.381062325058,2.097433194888));
#2741 = CARTESIAN_POINT('',(4.428704984796,2.095469702484));
#2742 = CARTESIAN_POINT('',(4.476343124673,2.093557086146));
#2743 = CARTESIAN_POINT('',(4.523976103175,2.091699692231));
#2744 = CARTESIAN_POINT('',(4.571603527128,2.089901727336));
#2745 = CARTESIAN_POINT('',(4.619223747053,2.088167302279));
#2746 = CARTESIAN_POINT('',(4.666838706032,2.086500250447));
#2747 = CARTESIAN_POINT('',(4.714447468031,2.084904355992));
#2748 = CARTESIAN_POINT('',(4.762047787009,2.083383273667));
#2749 = CARTESIAN_POINT('',(4.809638873132,2.081940428176));
#2750 = CARTESIAN_POINT('',(4.8572203731,2.080579046839));
#2751 = CARTESIAN_POINT('',(4.904792396703,2.079302154777));
#2752 = CARTESIAN_POINT('',(4.952355290817,2.078112578292));
#2753 = CARTESIAN_POINT('',(4.999909481413,2.077012944484));
#2754 = CARTESIAN_POINT('',(5.047455353998,2.076005679326));
#2755 = CARTESIAN_POINT('',(5.094992922369,2.075093007194));
#2756 = CARTESIAN_POINT('',(5.14252226792,2.074276937697));
#2757 = CARTESIAN_POINT('',(5.190041024641,2.073559293436));
#2758 = CARTESIAN_POINT('',(5.237552784654,2.072941578268));
#2759 = CARTESIAN_POINT('',(5.285064642993,2.072425074457));
#2760 = CARTESIAN_POINT('',(5.332572418816,2.072010981799));
#2761 = CARTESIAN_POINT('',(5.380076237474,2.07170020351));
#2762 = CARTESIAN_POINT('',(5.427576160083,2.071493414583));
#2763 = CARTESIAN_POINT('',(5.475073105331,2.071391053496));
#2764 = CARTESIAN_POINT('',(5.52256837751,2.07139333234));
#2765 = CARTESIAN_POINT('',(5.570063586963,2.071500239896));
#2766 = CARTESIAN_POINT('',(5.617560478949,2.071711544497));
#2767 = CARTESIAN_POINT('',(5.66506079394,2.072026794825));
#2768 = CARTESIAN_POINT('',(5.712566123118,2.072445319206));
#2769 = CARTESIAN_POINT('',(5.760077752153,2.072966223044));
#2770 = CARTESIAN_POINT('',(5.807596527904,2.073588385265));
#2771 = CARTESIAN_POINT('',(5.855122587375,2.074310450688));
#2772 = CARTESIAN_POINT('',(5.90265552855,2.075130829753));
#2773 = CARTESIAN_POINT('',(5.95019283798,2.076047663051));
#2774 = CARTESIAN_POINT('',(5.997734710432,2.077058909413));
#2775 = CARTESIAN_POINT('',(6.045287046853,2.078162455378));
#2776 = CARTESIAN_POINT('',(6.092848144604,2.079355827303));
#2777 = CARTESIAN_POINT('',(6.1404185148,2.080636392874));
#2778 = CARTESIAN_POINT('',(6.18799808719,2.08200130274));
#2779 = CARTESIAN_POINT('',(6.23558679723,2.083447530225));
#2780 = CARTESIAN_POINT('',(6.267318251004,2.084463692608));
#2781 = CARTESIAN_POINT('',(6.28318530718,2.084984239313));
#2782 = ( GEOMETRIC_REPRESENTATION_CONTEXT(2) 
PARAMETRIC_REPRESENTATION_CONTEXT() REPRESENTATION_CONTEXT('2D SPACE',''
  ) );
#2783 = PCURVE('',#2784,#2793);
#2784 = SURFACE_OF_REVOLUTION('',#2785,#2790);
#2785 = ELLIPSE('',#2786,206.905,103.14);
#2786 = AXIS2_PLACEMENT_3D('',#2787,#2788,#2789);
#2787 = CARTESIAN_POINT('',(0.,0.,0.));
#2788 = DIRECTION('',(0.,-1.,0.));
#2789 = DIRECTION('',(1.,0.,0.));
#2790 = AXIS1_PLACEMENT('',#2791,#2792);
#2791 = CARTESIAN_POINT('',(0.,0.,0.));
#2792 = DIRECTION('',(0.,0.,1.));
#2793 = DEFINITIONAL_REPRESENTATION('',(#2794),#2930);
#2794 = B_SPLINE_CURVE_WITH_KNOTS('',3,(#2795,#2796,#2797,#2798,#2799,
    #2800,#2801,#2802,#2803,#2804,#2805,#2806,#2807,#2808,#2809,#2810,
    #2811,#2812,#2813,#2814,#2815,#2816,#2817,#2818,#2819,#2820,#2821,
    #2822,#2823,#2824,#2825,#2826,#2827,#2828,#2829,#2830,#2831,#2832,
    #2833,#2834,#2835,#2836,#2837,#2838,#2839,#2840,#2841,#2842,#2843,
    #2844,#2845,#2846,#2847,#2848,#2849,#2850,#2851,#2852,#2853,#2854,
    #2855,#2856,#2857,#2858,#2859,#2860,#2861,#2862,#2863,#2864,#2865,
    #2866,#2867,#2868,#2869,#2870,#2871,#2872,#2873,#2874,#2875,#2876,
    #2877,#2878,#2879,#2880,#2881,#2882,#2883,#2884,#2885,#2886,#2887,
    #2888,#2889,#2890,#2891,#2892,#2893,#2894,#2895,#2896,#2897,#2898,
    #2899,#2900,#2901,#2902,#2903,#2904,#2905,#2906,#2907,#2908,#2909,
    #2910,#2911,#2912,#2913,#2914,#2915,#2916,#2917,#2918,#2919,#2920,
    #2921,#2922,#2923,#2924,#2925,#2926,#2927,#2928,#2929),
  .UNSPECIFIED.,.T.,.F.,(4,1,1,1,1,1,1,1,1,1,1,1,1,1,1,1,1,1,1,1,1,1,1,1
    ,1,1,1,1,1,1,1,1,1,1,1,1,1,1,1,1,1,1,1,1,1,1,1,1,1,1,1,1,1,1,1,1,1,1
    ,1,1,1,1,1,1,1,1,1,1,1,1,1,1,1,1,1,1,1,1,1,1,1,1,1,1,1,1,1,1,1,1,1,1
    ,1,1,1,1,1,1,1,1,1,1,1,1,1,1,1,1,1,1,1,1,1,1,1,1,1,1,1,1,1,1,1,1,1,1
    ,1,1,1,1,1,1,4),(0.,9.166606042001E-03,1.8333212084E-02,
    2.7499818126E-02,3.666642416801E-02,4.583303021001E-02,
    5.499963625201E-02,6.416624229401E-02,7.333284833601E-02,
    8.249945437801E-02,9.166606042001E-02,0.100832666462,0.109999272504,
    0.119165878546,0.128332484588,0.13749909063,0.146665696672,
    0.155832302714,0.164998908756,0.174165514798,0.18333212084,
    0.192498726882,0.201665332924,0.210831938966,0.219998545008,
    0.22916515105,0.238331757092,0.247498363134,0.256664969176,
    0.265831575218,0.27499818126,0.284164787302,0.293331393344,
    0.302497999386,0.311664605428,0.32083121147,0.329997817512,
    0.339164423554,0.348331029596,0.357497635638,0.36666424168,
    0.375830847722,0.384997453764,0.394164059806,0.403330665848,
    0.41249727189,0.421663877932,0.430830483974,0.439997090016,
    0.449163696058,0.4583303021,0.467496908142,0.476663514184,
    0.485830120226,0.494996726268,0.50416333231,0.513329938352,
    0.522496544394,0.531663150436,0.540829756478,0.54999636252,
    0.559162968562,0.568329574604,0.577496180646,0.586662786688,
    0.59582939273,0.604995998772,0.614162604814,0.623329210856,
    0.632495816898,0.64166242294,0.650829028982,0.659995635024,
    0.669162241066,0.678328847108,0.68749545315,0.696662059192,
    0.705828665234,0.714995271276,0.724161877318,0.73332848336,
    0.742495089402,0.751661695444,0.760828301486,0.769994907528,
    0.77916151357,0.788328119612,0.797494725654,0.806661331696,
    0.815827937738,0.82499454378,0.834161149822,0.843327755864,
    0.852494361906,0.861660967948,0.87082757399,0.879994180032,
    0.889160786074,0.898327392116,0.907493998158,0.9166606042,
    0.925827210242,0.934993816284,0.944160422326,0.953327028368,
    0.96249363441,0.971660240452,0.980826846494,0.989993452536,
    0.999160058578,1.00832666462,1.017493270662,1.026659876704,
    1.035826482746,1.044993088788,1.05415969483,1.063326300872,
    1.072492906914,1.081659512956,1.090826118998,1.09999272504,
    1.109159331082,1.118325937124,1.127492543166,1.136659149208,
    1.14582575525,1.154992361292,1.164158967334,1.173325573376,
    1.182492179418,1.19165878546,1.200825391502,1.209991997544),
  .QUASI_UNIFORM_KNOTS.);
#2795 = CARTESIAN_POINT('',(2.237868707687,4.761623865165));
#2796 = CARTESIAN_POINT('',(2.236229650524,4.761726412605));
#2797 = CARTESIAN_POINT('',(2.233071293908,4.761935775274));
#2798 = CARTESIAN_POINT('',(2.228698708587,4.762261660063));
#2799 = CARTESIAN_POINT('',(2.224697409068,4.762598427192));
#2800 = CARTESIAN_POINT('',(2.221071422522,4.762945103724));
#2801 = CARTESIAN_POINT('',(2.217823388219,4.763300711034));
#2802 = CARTESIAN_POINT('',(2.214954441743,4.763664265833));
#2803 = CARTESIAN_POINT('',(2.212464379754,4.764034782909));
#2804 = CARTESIAN_POINT('',(2.210351750994,4.764411276781));
#2805 = CARTESIAN_POINT('',(2.208613963254,4.764792764044));
#2806 = CARTESIAN_POINT('',(2.207247259485,4.765178286059));
#2807 = CARTESIAN_POINT('',(2.206246999531,4.765566880193));
#2808 = CARTESIAN_POINT('',(2.205607643458,4.765957603769));
#2809 = CARTESIAN_POINT('',(2.20532287483,4.766349529503));
#2810 = CARTESIAN_POINT('',(2.205385684917,4.766741747809));
#2811 = CARTESIAN_POINT('',(2.205788458225,4.767133364053));
#2812 = CARTESIAN_POINT('',(2.206523051161,4.767523508765));
#2813 = CARTESIAN_POINT('',(2.207580866269,4.767911334396));
#2814 = CARTESIAN_POINT('',(2.2089529182,4.768296014446));
#2815 = CARTESIAN_POINT('',(2.210629906186,4.768676748133));
#2816 = CARTESIAN_POINT('',(2.212602249076,4.769052756463));
#2817 = CARTESIAN_POINT('',(2.214860151314,4.769423285479));
#2818 = CARTESIAN_POINT('',(2.217393656104,4.76978760824));
#2819 = CARTESIAN_POINT('',(2.220192679757,4.770145023596));
#2820 = CARTESIAN_POINT('',(2.223247018563,4.770494852829));
#2821 = CARTESIAN_POINT('',(2.226546470197,4.770836449751));
#2822 = CARTESIAN_POINT('',(2.230080735561,4.771169188032));
#2823 = CARTESIAN_POINT('',(2.233839531819,4.771492469461));
#2824 = CARTESIAN_POINT('',(2.237812602587,4.77180572332));
#2825 = CARTESIAN_POINT('',(2.241989720359,4.772108404997));
#2826 = CARTESIAN_POINT('',(2.246360688021,4.772399994937));
#2827 = CARTESIAN_POINT('',(2.250915332294,4.772679997077));
#2828 = CARTESIAN_POINT('',(2.255643628719,4.772947947091));
#2829 = CARTESIAN_POINT('',(2.260535549158,4.773203401564));
#2830 = CARTESIAN_POINT('',(2.26558123809,4.773445947057));
#2831 = CARTESIAN_POINT('',(2.27077066359,4.773675185084));
#2832 = CARTESIAN_POINT('',(2.276094906661,4.773890783941));
#2833 = CARTESIAN_POINT('',(2.281544020307,4.774092385711));
#2834 = CARTESIAN_POINT('',(2.287108112178,4.774279661943));
#2835 = CARTESIAN_POINT('',(2.292777500163,4.774452316483));
#2836 = CARTESIAN_POINT('',(2.298542651538,4.774610081873));
#2837 = CARTESIAN_POINT('',(2.30439417658,4.774752717887));
#2838 = CARTESIAN_POINT('',(2.310322804487,4.774880009919));
#2839 = CARTESIAN_POINT('',(2.316319361295,4.774991767834));
#2840 = CARTESIAN_POINT('',(2.322374744802,4.775087825111));
#2841 = CARTESIAN_POINT('',(2.328479898041,4.775168038334));
#2842 = CARTESIAN_POINT('',(2.334625781161,4.775232287013));
#2843 = CARTESIAN_POINT('',(2.340803341496,4.775280473745));
#2844 = CARTESIAN_POINT('',(2.347003483483,4.775312524732));
#2845 = CARTESIAN_POINT('',(2.353217032421,4.775328390583));
#2846 = CARTESIAN_POINT('',(2.359434714761,4.775328047728));
#2847 = CARTESIAN_POINT('',(2.365647070403,4.775311499233));
#2848 = CARTESIAN_POINT('',(2.371844612585,4.775278779578));
#2849 = CARTESIAN_POINT('',(2.378020980538,4.775229920884));
#2850 = CARTESIAN_POINT('',(2.384165910552,4.775164995872));
#2851 = CARTESIAN_POINT('',(2.390270102195,4.775084102511));
#2852 = CARTESIAN_POINT('',(2.396324156631,4.77498736487));
#2853 = CARTESIAN_POINT('',(2.402318813156,4.77487493127));
#2854 = CARTESIAN_POINT('',(2.408244840697,4.774746973604));
#2855 = CARTESIAN_POINT('',(2.414093024636,4.774603686763));
#2856 = CARTESIAN_POINT('',(2.419854131008,4.774445288453));
#2857 = CARTESIAN_POINT('',(2.425518879771,4.774272019317));
#2858 = CARTESIAN_POINT('',(2.431077918861,4.77408414338));
#2859 = CARTESIAN_POINT('',(2.436521801249,4.77388194881));
#2860 = CARTESIAN_POINT('',(2.441840965461,4.77366574895));
#2861 = CARTESIAN_POINT('',(2.447025716803,4.773435883822));
#2862 = CARTESIAN_POINT('',(2.452066221611,4.773192721307));
#2863 = CARTESIAN_POINT('',(2.456952470056,4.772936660954));
#2864 = CARTESIAN_POINT('',(2.46167437562,4.772668129429));
#2865 = CARTESIAN_POINT('',(2.466221386235,4.772387608529));
#2866 = CARTESIAN_POINT('',(2.470584127131,4.772095531249));
#2867 = CARTESIAN_POINT('',(2.474752623307,4.771792381248));
#2868 = CARTESIAN_POINT('',(2.478716620312,4.77147868295));
#2869 = CARTESIAN_POINT('',(2.482465902966,4.771154981158));
#2870 = CARTESIAN_POINT('',(2.485990210071,4.770821847974));
#2871 = CARTESIAN_POINT('',(2.489279259663,4.770479882678));
#2872 = CARTESIAN_POINT('',(2.492322755713,4.770129712509));
#2873 = CARTESIAN_POINT('',(2.495110495261,4.769771985059));
#2874 = CARTESIAN_POINT('',(2.497632278795,4.769407380055));
#2875 = CARTESIAN_POINT('',(2.499878027574,4.769036599748));
#2876 = CARTESIAN_POINT('',(2.501837791376,4.768660372165));
#2877 = CARTESIAN_POINT('',(2.503501781761,4.768279452581));
#2878 = CARTESIAN_POINT('',(2.5048604303,4.767894620623));
#2879 = CARTESIAN_POINT('',(2.505904447511,4.767506678368));
#2880 = CARTESIAN_POINT('',(2.506624864097,4.767116453339));
#2881 = CARTESIAN_POINT('',(2.507013100329,4.766724793583));
#2882 = CARTESIAN_POINT('',(2.507061034147,4.766332570326));
#2883 = CARTESIAN_POINT('',(2.506761075145,4.765940678752));
#2884 = CARTESIAN_POINT('',(2.506106242915,4.765550029166));
#2885 = CARTESIAN_POINT('',(2.505090252369,4.765161549418));
#2886 = CARTESIAN_POINT('',(2.50370760098,4.764776183016));
#2887 = CARTESIAN_POINT('',(2.501953682252,4.76439489228));
#2888 = CARTESIAN_POINT('',(2.49982481985,4.764018641492));
#2889 = CARTESIAN_POINT('',(2.497318447922,4.763648410621));
#2890 = CARTESIAN_POINT('',(2.494433154725,4.763285183316));
#2891 = CARTESIAN_POINT('',(2.491168793868,4.762929944691));
#2892 = CARTESIAN_POINT('',(2.487526561905,4.762583677235));
#2893 = CARTESIAN_POINT('',(2.483509224946,4.762247367645));
#2894 = CARTESIAN_POINT('',(2.479120776247,4.761921969395));
#2895 = CARTESIAN_POINT('',(2.474367057781,4.761608444654));
#2896 = CARTESIAN_POINT('',(2.469255780605,4.761307746442));
#2897 = CARTESIAN_POINT('',(2.463796302996,4.761020795826));
#2898 = CARTESIAN_POINT('',(2.45799974875,4.760748484933));
#2899 = CARTESIAN_POINT('',(2.451879023425,4.760491672497));
#2900 = CARTESIAN_POINT('',(2.445448843787,4.760251180886));
#2901 = CARTESIAN_POINT('',(2.438725750055,4.760027792293));
#2902 = CARTESIAN_POINT('',(2.431728095941,4.759822244575));
#2903 = CARTESIAN_POINT('',(2.42447605624,4.759635227388));
#2904 = CARTESIAN_POINT('',(2.41699148833,4.759467375745));
#2905 = CARTESIAN_POINT('',(2.409298254411,4.759319272144));
#2906 = CARTESIAN_POINT('',(2.401420734845,4.759191415845));
#2907 = CARTESIAN_POINT('',(2.393383973044,4.759084239642));
#2908 = CARTESIAN_POINT('',(2.385216064691,4.758998135987));
#2909 = CARTESIAN_POINT('',(2.376945395906,4.75893341014));
#2910 = CARTESIAN_POINT('',(2.368601140997,4.758890292223));
#2911 = CARTESIAN_POINT('',(2.360212888675,4.758868933919));
#2912 = CARTESIAN_POINT('',(2.35181049331,4.758869409512));
#2913 = CARTESIAN_POINT('',(2.343423860947,4.758891715999));
#2914 = CARTESIAN_POINT('',(2.335082751501,4.758935773698));
#2915 = CARTESIAN_POINT('',(2.326816579152,4.759001426968));
#2916 = CARTESIAN_POINT('',(2.31865421895,4.759088445146));
#2917 = CARTESIAN_POINT('',(2.31062382251,4.759196523603));
#2918 = CARTESIAN_POINT('',(2.302752639217,4.759325285075));
#2919 = CARTESIAN_POINT('',(2.295066868787,4.759474280601));
#2920 = CARTESIAN_POINT('',(2.287591457915,4.759642992379));
#2921 = CARTESIAN_POINT('',(2.280350174517,4.759830829773));
#2922 = CARTESIAN_POINT('',(2.273364720644,4.760037150926));
#2923 = CARTESIAN_POINT('',(2.26665431283,4.76026128857));
#2924 = CARTESIAN_POINT('',(2.260237543812,4.76050249489));
#2925 = CARTESIAN_POINT('',(2.254130871,4.760759986502));
#2926 = CARTESIAN_POINT('',(2.248348945214,4.76103293673));
#2927 = CARTESIAN_POINT('',(2.242904742852,4.761320486097));
#2928 = CARTESIAN_POINT('',(2.239507443581,4.761521316071));
#2929 = CARTESIAN_POINT('',(2.237868707687,4.761623865165));
#2930 = ( GEOMETRIC_REPRESENTATION_CONTEXT(2) 
PARAMETRIC_REPRESENTATION_CONTEXT() REPRESENTATION_CONTEXT('2D SPACE',''
  ) );
#2931 = ORIENTED_EDGE('',*,*,#2932,.F.);
#2932 = EDGE_CURVE('',#2280,#2542,#2933,.T.);
#2933 = SEAM_CURVE('',#2934,(#2938,#2945),.PCURVE_S1.);
#2934 = LINE('',#2935,#2936);
#2935 = CARTESIAN_POINT('',(-6.3,8.,-105.1));
#2936 = VECTOR('',#2937,1.);
#2937 = DIRECTION('',(0.,0.,1.));
#2938 = PCURVE('',#2438,#2939);
#2939 = DEFINITIONAL_REPRESENTATION('',(#2940),#2944);
#2940 = LINE('',#2941,#2942);
#2941 = CARTESIAN_POINT('',(0.,-0.));
#2942 = VECTOR('',#2943,1.);
#2943 = DIRECTION('',(0.,1.));
#2944 = ( GEOMETRIC_REPRESENTATION_CONTEXT(2) 
PARAMETRIC_REPRESENTATION_CONTEXT() REPRESENTATION_CONTEXT('2D SPACE',''
  ) );
#2945 = PCURVE('',#2438,#2946);
#2946 = DEFINITIONAL_REPRESENTATION('',(#2947),#2951);
#2947 = LINE('',#2948,#2949);
#2948 = CARTESIAN_POINT('',(6.28318530718,-0.));
#2949 = VECTOR('',#2950,1.);
#2950 = DIRECTION('',(0.,1.));
#2951 = ( GEOMETRIC_REPRESENTATION_CONTEXT(2) 
PARAMETRIC_REPRESENTATION_CONTEXT() REPRESENTATION_CONTEXT('2D SPACE',''
  ) );
#2952 = ORIENTED_EDGE('',*,*,#2279,.T.);
#2953 = ORIENTED_EDGE('',*,*,#2932,.T.);
#2954 = ADVANCED_FACE('',(#2955,#3805,#3808,#4176,#4560),#2784,.F.);
#2955 = FACE_BOUND('',#2956,.F.);
#2956 = EDGE_LOOP('',(#2957,#2983,#3466,#3467));
#2957 = ORIENTED_EDGE('',*,*,#2958,.F.);
#2958 = EDGE_CURVE('',#2959,#2961,#2963,.T.);
#2959 = VERTEX_POINT('',#2960);
#2960 = CARTESIAN_POINT('',(4.499999999998,-5.510910596163E-16,
    -103.1156032736));
#2961 = VERTEX_POINT('',#2962);
#2962 = CARTESIAN_POINT('',(19.140000000006,-2.343973973568E-15,
    -102.6977466508));
#2963 = SEAM_CURVE('',#2964,(#2969,#2976),.PCURVE_S1.);
#2964 = ELLIPSE('',#2965,206.905,103.14);
#2965 = AXIS2_PLACEMENT_3D('',#2966,#2967,#2968);
#2966 = CARTESIAN_POINT('',(0.,0.,0.));
#2967 = DIRECTION('',(0.,-1.,0.));
#2968 = DIRECTION('',(1.,0.,0.));
#2969 = PCURVE('',#2784,#2970);
#2970 = DEFINITIONAL_REPRESENTATION('',(#2971),#2975);
#2971 = LINE('',#2972,#2973);
#2972 = CARTESIAN_POINT('',(0.,0.));
#2973 = VECTOR('',#2974,1.);
#2974 = DIRECTION('',(0.,1.));
#2975 = ( GEOMETRIC_REPRESENTATION_CONTEXT(2) 
PARAMETRIC_REPRESENTATION_CONTEXT() REPRESENTATION_CONTEXT('2D SPACE',''
  ) );
#2976 = PCURVE('',#2784,#2977);
#2977 = DEFINITIONAL_REPRESENTATION('',(#2978),#2982);
#2978 = LINE('',#2979,#2980);
#2979 = CARTESIAN_POINT('',(6.28318530718,0.));
#2980 = VECTOR('',#2981,1.);
#2981 = DIRECTION('',(0.,1.));
#2982 = ( GEOMETRIC_REPRESENTATION_CONTEXT(2) 
PARAMETRIC_REPRESENTATION_CONTEXT() REPRESENTATION_CONTEXT('2D SPACE',''
  ) );
#2983 = ORIENTED_EDGE('',*,*,#2984,.F.);
#2984 = EDGE_CURVE('',#2959,#2959,#2985,.T.);
#2985 = SURFACE_CURVE('',#2986,(#3144,#3305),.PCURVE_S1.);
#2986 = B_SPLINE_CURVE_WITH_KNOTS('',6,(#2987,#2988,#2989,#2990,#2991,
    #2992,#2993,#2994,#2995,#2996,#2997,#2998,#2999,#3000,#3001,#3002,
    #3003,#3004,#3005,#3006,#3007,#3008,#3009,#3010,#3011,#3012,#3013,
    #3014,#3015,#3016,#3017,#3018,#3019,#3020,#3021,#3022,#3023,#3024,
    #3025,#3026,#3027,#3028,#3029,#3030,#3031,#3032,#3033,#3034,#3035,
    #3036,#3037,#3038,#3039,#3040,#3041,#3042,#3043,#3044,#3045,#3046,
    #3047,#3048,#3049,#3050,#3051,#3052,#3053,#3054,#3055,#3056,#3057,
    #3058,#3059,#3060,#3061,#3062,#3063,#3064,#3065,#3066,#3067,#3068,
    #3069,#3070,#3071,#3072,#3073,#3074,#3075,#3076,#3077,#3078,#3079,
    #3080,#3081,#3082,#3083,#3084,#3085,#3086,#3087,#3088,#3089,#3090,
    #3091,#3092,#3093,#3094,#3095,#3096,#3097,#3098,#3099,#3100,#3101,
    #3102,#3103,#3104,#3105,#3106,#3107,#3108,#3109,#3110,#3111,#3112,
    #3113,#3114,#3115,#3116,#3117,#3118,#3119,#3120,#3121,#3122,#3123,
    #3124,#3125,#3126,#3127,#3128,#3129,#3130,#3131,#3132,#3133,#3134,
    #3135,#3136,#3137,#3138,#3139,#3140,#3141,#3142,#3143),
  .UNSPECIFIED.,.T.,.F.,(7,5,5,5,5,5,5,5,5,5,5,5,5,5,5,5,5,5,5,5,5,5,5,5
    ,5,5,5,5,5,5,5,7),(0.,2.800030962881E-02,5.600061925762E-02,
    8.200091081424E-02,0.111001228851,0.131001458982,0.191001410023,
    0.24800149428,0.297001801866,0.322002083845,0.349002384632,
    0.373002656725,0.402002974761,0.424003226295,0.445003467219,
    0.474003785256,0.502004094884,0.531004412921,0.558004713708,
    0.587005031745,0.640005262491,0.660005492623,0.689005810659,
    0.718006128696,0.747006446733,0.776006764769,0.805007082806,
    0.829007354899,0.852007616832,0.873007857756,0.900008158543,1.),
  .UNSPECIFIED.);
#2987 = CARTESIAN_POINT('',(4.5,-8.881784197001E-16,-103.1156032736));
#2988 = CARTESIAN_POINT('',(4.5,-0.131946811475,-103.1156032736));
#2989 = CARTESIAN_POINT('',(4.495357329515,-0.263893929534,
    -103.1156032736));
#2990 = CARTESIAN_POINT('',(4.486072015719,-0.395636479661,
    -103.1156032736));
#2991 = CARTESIAN_POINT('',(4.472156020397,-0.52697063988,
    -103.1156032736));
#2992 = CARTESIAN_POINT('',(4.453633239948,-0.657693640755,
    -103.1156032736));
#2993 = CARTESIAN_POINT('',(4.407445770815,-0.917513890022,
    -103.1156032736));
#2994 = CARTESIAN_POINT('',(4.379780974813,-1.046611742117,
    -103.1156032736));
#2995 = CARTESIAN_POINT('',(4.347581001894,-1.174695614288,
    -103.1156032736));
#2996 = CARTESIAN_POINT('',(4.310893302751,-1.301566924275,
    -103.1156032736));
#2997 = CARTESIAN_POINT('',(4.269776894253,-1.427030214944,
    -103.1156032736));
#2998 = CARTESIAN_POINT('',(4.182075999122,-1.665908758706,
    -103.1156032736));
#2999 = CARTESIAN_POINT('',(4.136091704355,-1.779544915853,
    -103.1156032736));
#3000 = CARTESIAN_POINT('',(4.086405998831,-1.891647717781,
    -103.1156032736));
#3001 = CARTESIAN_POINT('',(4.033083489001,-2.002066998159,
    -103.1156032736));
#3002 = CARTESIAN_POINT('',(3.976196864072,-2.110656332259,
    -103.1156032736));
#3003 = CARTESIAN_POINT('',(3.848491179035,-2.336191639777,
    -103.1156032736));
#3004 = CARTESIAN_POINT('',(3.776821581604,-2.452656673445,
    -103.1156032736));
#3005 = CARTESIAN_POINT('',(3.700930313871,-2.56647003671,
    -103.1156032736));
#3006 = CARTESIAN_POINT('',(3.620940915339,-2.677441484831,
    -103.1156032736));
#3007 = CARTESIAN_POINT('',(3.536988254861,-2.785388629591,
    -103.1156032736));
#3008 = CARTESIAN_POINT('',(3.388687653681,-2.962377191877,
    -103.1156032736));
#3009 = CARTESIAN_POINT('',(3.326341143375,-3.033096180314,
    -103.1156032736));
#3010 = CARTESIAN_POINT('',(3.262226876938,-3.102236771419,
    -103.1156032736));
#3011 = CARTESIAN_POINT('',(3.196394991003,-3.169743980614,
    -103.1156032736));
#3012 = CARTESIAN_POINT('',(3.128897881618,-3.235564971928,
    -103.1156032736));
#3013 = CARTESIAN_POINT('',(2.85246972687,-3.491898947211,
    -103.1156032736));
#3014 = CARTESIAN_POINT('',(2.63064471808,-3.668526148519,
    -103.1156032736));
#3015 = CARTESIAN_POINT('',(2.395806750874,-3.82814270823,
    -103.1156032736));
#3016 = CARTESIAN_POINT('',(2.149595400756,-3.969586294335,
    -103.1156032736));
#3017 = CARTESIAN_POINT('',(1.893772759552,-4.091890337658,
    -103.1156032736));
#3018 = CARTESIAN_POINT('',(1.379881646898,-4.291628414287,
    -103.1156032736));
#3019 = CARTESIAN_POINT('',(1.122544914352,-4.371007912123,
    -103.1156032736));
#3020 = CARTESIAN_POINT('',(0.85985399591,-4.43182409086,-103.1156032736
    ));
#3021 = CARTESIAN_POINT('',(0.593479806874,-4.473656107862,
    -103.1156032736));
#3022 = CARTESIAN_POINT('',(0.325129407539,-4.496269417429,
    -103.1156032736));
#3023 = CARTESIAN_POINT('',(-0.174340405324,-4.502546270612,
    -103.1156032736));
#3024 = CARTESIAN_POINT('',(-0.405411122524,-4.49123068601,
    -103.1156032736));
#3025 = CARTESIAN_POINT('',(-0.635561043394,-4.465684651802,
    -103.1156032736));
#3026 = CARTESIAN_POINT('',(-0.863699675503,-4.426006566167,
    -103.1156032736));
#3027 = CARTESIAN_POINT('',(-1.088752373639,-4.372406175646,
    -103.1156032736));
#3028 = CARTESIAN_POINT('',(-1.422372690547,-4.270917354584,
    -103.1156032736));
#3029 = CARTESIAN_POINT('',(-1.534005641097,-4.233089533815,
    -103.1156032736));
#3030 = CARTESIAN_POINT('',(-1.644422187054,-4.191763194875,
    -103.1156032736));
#3031 = CARTESIAN_POINT('',(-1.753485693481,-4.146987850352,
    -103.1156032736));
#3032 = CARTESIAN_POINT('',(-1.861062305828,-4.098820100264,
    -103.1156032736));
#3033 = CARTESIAN_POINT('',(-2.081456269664,-3.991707454102,
    -103.1156032736));
#3034 = CARTESIAN_POINT('',(-2.194004802831,-3.932208457264,
    -103.1156032736));
#3035 = CARTESIAN_POINT('',(-2.30450137819,-3.868906939931,
    -103.1156032736));
#3036 = CARTESIAN_POINT('',(-2.412786125401,-3.801892099901,
    -103.1156032736));
#3037 = CARTESIAN_POINT('',(-2.518704475022,-3.731262034374,
    -103.1156032736));
#3038 = CARTESIAN_POINT('',(-2.714020673041,-3.591223020817,
    -103.1156032736));
#3039 = CARTESIAN_POINT('',(-2.803946781353,-3.522550169072,
    -103.1156032736));
#3040 = CARTESIAN_POINT('',(-2.891780730442,-3.451180304429,
    -103.1156032736));
#3041 = CARTESIAN_POINT('',(-2.977421920181,-3.377193502823,
    -103.1156032736));
#3042 = CARTESIAN_POINT('',(-3.060773903318,-3.300674796418,
    -103.1156032736));
#3043 = CARTESIAN_POINT('',(-3.239583681831,-3.126303456366,
    -103.1156032736));
#3044 = CARTESIAN_POINT('',(-3.333946227314,-3.027326967879,
    -103.1156032736));
#3045 = CARTESIAN_POINT('',(-3.424669045564,-2.924943685922,
    -103.1156032736));
#3046 = CARTESIAN_POINT('',(-3.511599643885,-2.819321542168,
    -103.1156032736));
#3047 = CARTESIAN_POINT('',(-3.594596013235,-2.710637422178,
    -103.1156032736));
#3048 = CARTESIAN_POINT('',(-3.733405053744,-2.51444520698,
    -103.1156032736));
#3049 = CARTESIAN_POINT('',(-3.790943793677,-2.428157772198,
    -103.1156032736));
#3050 = CARTESIAN_POINT('',(-3.846085529157,-2.34029588641,
    -103.1156032736));
#3051 = CARTESIAN_POINT('',(-3.89877684128,-2.250942948056,
    -103.1156032736));
#3052 = CARTESIAN_POINT('',(-3.948968211106,-2.160184728652,
    -103.1156032736));
#3053 = CARTESIAN_POINT('',(-4.042094111428,-1.980219256944,
    -103.1156032736));
#3054 = CARTESIAN_POINT('',(-4.085254869316,-1.891128884199,
    -103.1156032736));
#3055 = CARTESIAN_POINT('',(-4.1260566331,-1.800914908329,
    -103.1156032736));
#3056 = CARTESIAN_POINT('',(-4.164463216068,-1.709655499198,
    -103.1156032736));
#3057 = CARTESIAN_POINT('',(-4.200441905026,-1.61743034277,
    -103.1156032736));
#3058 = CARTESIAN_POINT('',(-4.280255108441,-1.395740641933,
    -103.1156032736));
#3059 = CARTESIAN_POINT('',(-4.321861093753,-1.265473311994,
    -103.1156032736));
#3060 = CARTESIAN_POINT('',(-4.35870432614,-1.133732876276,
    -103.1156032736));
#3061 = CARTESIAN_POINT('',(-4.390721058449,-1.000737030372,
    -103.1156032736));
#3062 = CARTESIAN_POINT('',(-4.417860886471,-0.866706940473,
    -103.1156032736));
#3063 = CARTESIAN_POINT('',(-4.46154620431,-0.601677179112,
    -103.1156032736));
#3064 = CARTESIAN_POINT('',(-4.478424851836,-0.470731741578,
    -103.1156032736));
#3065 = CARTESIAN_POINT('',(-4.490689398114,-0.339233082,-103.1156032736
    ));
#3066 = CARTESIAN_POINT('',(-4.498318496642,-0.207384254087,
    -103.1156032736));
#3067 = CARTESIAN_POINT('',(-4.501302747813,-7.538921403524E-02,
    -103.1156032736));
#3068 = CARTESIAN_POINT('',(-4.497927434147,0.193195574551,
    -103.1156032736));
#3069 = CARTESIAN_POINT('',(-4.491230345036,0.329781753429,
    -103.1156032736));
#3070 = CARTESIAN_POINT('',(-4.479556326079,0.466078060999,
    -103.1156032736));
#3071 = CARTESIAN_POINT('',(-4.462921984665,0.601858268914,
    -103.1156032736));
#3072 = CARTESIAN_POINT('',(-4.441357641078,0.736897575594,
    -103.1156032736));
#3073 = CARTESIAN_POINT('',(-4.390281171129,0.99580110468,
    -103.1156032736));
#3074 = CARTESIAN_POINT('',(-4.361419624136,1.1197943063,-103.1156032736
    ));
#3075 = CARTESIAN_POINT('',(-4.328358255388,1.242772032573,
    -103.1156032736));
#3076 = CARTESIAN_POINT('',(-4.291142589004,1.364556963654,
    -103.1156032736));
#3077 = CARTESIAN_POINT('',(-4.249828105354,1.484974638368,
    -103.1156032736));
#3078 = CARTESIAN_POINT('',(-4.155773284146,1.731538086111,
    -103.1156032736));
#3079 = CARTESIAN_POINT('',(-4.102413039896,1.857448052344,
    -103.1156032736));
#3080 = CARTESIAN_POINT('',(-4.044480685188,1.981370642914,
    -103.1156032736));
#3081 = CARTESIAN_POINT('',(-3.982069777938,2.103099213233,
    -103.1156032736));
#3082 = CARTESIAN_POINT('',(-3.915286257096,2.222433184118,
    -103.1156032736));
#3083 = CARTESIAN_POINT('',(-3.714421571343,2.552537922446,
    -103.1156032736));
#3084 = CARTESIAN_POINT('',(-3.570380799791,2.757256486704,
    -103.1156032736));
#3085 = CARTESIAN_POINT('',(-3.412854128956,2.952139082775,
    -103.1156032736));
#3086 = CARTESIAN_POINT('',(-3.242688505092,3.136088909443,
    -103.1156032736));
#3087 = CARTESIAN_POINT('',(-3.060847327099,3.308109897717,
    -103.1156032736));
#3088 = CARTESIAN_POINT('',(-2.795788803034,3.527385378717,
    -103.1156032736));
#3089 = CARTESIAN_POINT('',(-2.721659738123,3.585636081789,
    -103.1156032736));
#3090 = CARTESIAN_POINT('',(-2.646078196615,3.642014189973,
    -103.1156032736));
#3091 = CARTESIAN_POINT('',(-2.569103448663,3.696474713996,
    -103.1156032736));
#3092 = CARTESIAN_POINT('',(-2.490796597094,3.748975187043,
    -103.1156032736));
#3093 = CARTESIAN_POINT('',(-2.29583541114,3.872701317921,
    -103.1156032736));
#3094 = CARTESIAN_POINT('',(-2.177781404818,3.941722233986,
    -103.1156032736));
#3095 = CARTESIAN_POINT('',(-2.057250807512,4.006416447706,
    -103.1156032736));
#3096 = CARTESIAN_POINT('',(-1.934442165991,4.066674258347,
    -103.1156032736));
#3097 = CARTESIAN_POINT('',(-1.80956032471,4.122398229685,
    -103.1156032736));
#3098 = CARTESIAN_POINT('',(-1.556072526931,4.224608150327,
    -103.1156032736));
#3099 = CARTESIAN_POINT('',(-1.427465892681,4.27109437291,
    -103.1156032736));
#3100 = CARTESIAN_POINT('',(-1.297207690306,4.312876748259,
    -103.1156032736));
#3101 = CARTESIAN_POINT('',(-1.165513058078,4.34988336953,
    -103.1156032736));
#3102 = CARTESIAN_POINT('',(-1.032601105301,4.382055532533,
    -103.1156032736));
#3103 = CARTESIAN_POINT('',(-0.76478871933,4.436639938925,
    -103.1156032736));
#3104 = CARTESIAN_POINT('',(-0.629887570084,4.459052328255,
    -103.1156032736));
#3105 = CARTESIAN_POINT('',(-0.494214558317,4.476539467916,
    -103.1156032736));
#3106 = CARTESIAN_POINT('',(-0.357994290661,4.48906962576,
    -103.1156032736));
#3107 = CARTESIAN_POINT('',(-0.221452886652,4.496624773301,
    -103.1156032736));
#3108 = CARTESIAN_POINT('',(5.181692921219E-02,4.501776398126,
    -103.1156032736));
#3109 = CARTESIAN_POINT('',(0.188546071709,4.499372889182,
    -103.1156032736));
#3110 = CARTESIAN_POINT('',(0.325141815075,4.49198580113,-103.1156032736
    ));
#3111 = CARTESIAN_POINT('',(0.461377520945,4.479624627157,
    -103.1156032736));
#3112 = CARTESIAN_POINT('',(0.597027546281,4.4623126114,-103.1156032736)
  );
#3113 = CARTESIAN_POINT('',(0.866706940472,4.417860886471,
    -103.1156032736));
#3114 = CARTESIAN_POINT('',(1.000737030371,4.39072105845,-103.1156032736
    ));
#3115 = CARTESIAN_POINT('',(1.133732876275,4.35870432614,-103.1156032736
    ));
#3116 = CARTESIAN_POINT('',(1.265473311993,4.321861093754,
    -103.1156032736));
#3117 = CARTESIAN_POINT('',(1.395740641931,4.280255108441,
    -103.1156032736));
#3118 = CARTESIAN_POINT('',(1.630731714316,4.195653116603,
    -103.1156032736));
#3119 = CARTESIAN_POINT('',(1.735987506711,4.154133438256,
    -103.1156032736));
#3120 = CARTESIAN_POINT('',(1.839966738931,4.109448099959,
    -103.1156032736));
#3121 = CARTESIAN_POINT('',(1.942550773989,4.061646677982,
    -103.1156032736));
#3122 = CARTESIAN_POINT('',(2.043623617265,4.010784650152,
    -103.1156032736));
#3123 = CARTESIAN_POINT('',(2.238376541492,3.905306357849,
    -103.1156032736));
#3124 = CARTESIAN_POINT('',(2.332189396322,3.850934705713,
    -103.1156032736));
#3125 = CARTESIAN_POINT('',(2.42441074394,3.793862466586,-103.1156032736
    ));
#3126 = CARTESIAN_POINT('',(2.51494378401,3.734148263158,-103.1156032736
    ));
#3127 = CARTESIAN_POINT('',(2.603694652916,3.671855313671,
    -103.1156032736));
#3128 = CARTESIAN_POINT('',(2.769895612508,3.54788266534,-103.1156032736
    ));
#3129 = CARTESIAN_POINT('',(2.847657431398,3.486620564003,
    -103.1156032736));
#3130 = CARTESIAN_POINT('',(2.923788703243,3.423316734598,
    -103.1156032736));
#3131 = CARTESIAN_POINT('',(2.998222712246,3.358025665729,
    -103.1156032736));
#3132 = CARTESIAN_POINT('',(3.070895203995,3.290804727918,
    -103.1156032736));
#3133 = CARTESIAN_POINT('',(3.232836159953,3.132883490421,
    -103.1156032736));
#3134 = CARTESIAN_POINT('',(3.32091415697,3.040961951137,-103.1156032736
    ));
#3135 = CARTESIAN_POINT('',(3.405846906044,2.946077793358,
    -103.1156032736));
#3136 = CARTESIAN_POINT('',(3.487510770957,2.848366031373,
    -103.1156032736));
#3137 = CARTESIAN_POINT('',(3.565789949742,2.747968456145,
    -103.1156032736));
#3138 = CARTESIAN_POINT('',(3.917537920575,2.263828908529,
    -103.1156032736));
#3139 = CARTESIAN_POINT('',(4.14669520164,1.84769162503,-103.1156032736)
  );
#3140 = CARTESIAN_POINT('',(4.322307613402,1.404402876772,
    -103.1156032736));
#3141 = CARTESIAN_POINT('',(4.440792776597,0.942552360263,
    -103.1156032736));
#3142 = CARTESIAN_POINT('',(4.5,0.471194955654,-103.1156032736));
#3143 = CARTESIAN_POINT('',(4.5,0.,-103.1156032736));
#3144 = PCURVE('',#2784,#3145);
#3145 = DEFINITIONAL_REPRESENTATION('',(#3146),#3304);
#3146 = B_SPLINE_CURVE_WITH_KNOTS('',6,(#3147,#3148,#3149,#3150,#3151,
    #3152,#3153,#3154,#3155,#3156,#3157,#3158,#3159,#3160,#3161,#3162,
    #3163,#3164,#3165,#3166,#3167,#3168,#3169,#3170,#3171,#3172,#3173,
    #3174,#3175,#3176,#3177,#3178,#3179,#3180,#3181,#3182,#3183,#3184,
    #3185,#3186,#3187,#3188,#3189,#3190,#3191,#3192,#3193,#3194,#3195,
    #3196,#3197,#3198,#3199,#3200,#3201,#3202,#3203,#3204,#3205,#3206,
    #3207,#3208,#3209,#3210,#3211,#3212,#3213,#3214,#3215,#3216,#3217,
    #3218,#3219,#3220,#3221,#3222,#3223,#3224,#3225,#3226,#3227,#3228,
    #3229,#3230,#3231,#3232,#3233,#3234,#3235,#3236,#3237,#3238,#3239,
    #3240,#3241,#3242,#3243,#3244,#3245,#3246,#3247,#3248,#3249,#3250,
    #3251,#3252,#3253,#3254,#3255,#3256,#3257,#3258,#3259,#3260,#3261,
    #3262,#3263,#3264,#3265,#3266,#3267,#3268,#3269,#3270,#3271,#3272,
    #3273,#3274,#3275,#3276,#3277,#3278,#3279,#3280,#3281,#3282,#3283,
    #3284,#3285,#3286,#3287,#3288,#3289,#3290,#3291,#3292,#3293,#3294,
    #3295,#3296,#3297,#3298,#3299,#3300,#3301,#3302,#3303),
  .UNSPECIFIED.,.F.,.F.,(7,5,5,5,5,5,5,5,5,5,5,5,5,5,5,5,5,5,5,5,5,5,5,5
    ,5,5,5,5,5,5,5,7),(0.,2.800030962881E-02,5.600061925762E-02,
    8.200091081424E-02,0.111001228851,0.131001458982,0.191001410023,
    0.24800149428,0.297001801866,0.322002083845,0.349002384632,
    0.373002656725,0.402002974761,0.424003226295,0.445003467219,
    0.474003785256,0.502004094884,0.531004412921,0.558004713708,
    0.587005031745,0.640005262491,0.660005492623,0.689005810659,
    0.718006128696,0.747006446733,0.776006764769,0.805007082806,
    0.829007354899,0.852007616832,0.873007857756,0.900008158543,1.),
  .UNSPECIFIED.);
#3147 = CARTESIAN_POINT('',(6.28318530718,4.734139807303));
#3148 = CARTESIAN_POINT('',(6.253863793518,4.734139807303));
#3149 = CARTESIAN_POINT('',(6.22454225853,4.734139807303));
#3150 = CARTESIAN_POINT('',(6.195220712879,4.734139807303));
#3151 = CARTESIAN_POINT('',(6.165899167228,4.734139807303));
#3152 = CARTESIAN_POINT('',(6.13657763224,4.734139807303));
#3153 = CARTESIAN_POINT('',(6.077934604917,4.734139807303));
#3154 = CARTESIAN_POINT('',(6.048613069929,4.734139807303));
#3155 = CARTESIAN_POINT('',(6.019291524278,4.734139807303));
#3156 = CARTESIAN_POINT('',(5.989969978627,4.734139807303));
#3157 = CARTESIAN_POINT('',(5.960648443639,4.734139807303));
#3158 = CARTESIAN_POINT('',(5.904099805914,4.734139807303));
#3159 = CARTESIAN_POINT('',(5.87687266713,4.734139807303));
#3160 = CARTESIAN_POINT('',(5.849645520984,4.734139807303));
#3161 = CARTESIAN_POINT('',(5.822418374839,4.734139807303));
#3162 = CARTESIAN_POINT('',(5.795191236054,4.734139807303));
#3163 = CARTESIAN_POINT('',(5.737595404188,4.734139807303));
#3164 = CARTESIAN_POINT('',(5.707226670967,4.734139807303));
#3165 = CARTESIAN_POINT('',(5.676857925037,4.734139807303));
#3166 = CARTESIAN_POINT('',(5.646489179106,4.734139807303));
#3167 = CARTESIAN_POINT('',(5.616120445885,4.734139807303));
#3168 = CARTESIAN_POINT('',(5.564807790362,4.734139807303));
#3169 = CARTESIAN_POINT('',(5.543863838678,4.734139807303));
#3170 = CARTESIAN_POINT('',(5.522919885011,4.734139807303));
#3171 = CARTESIAN_POINT('',(5.501975931344,4.734139807303));
#3172 = CARTESIAN_POINT('',(5.48103197966,4.734139807303));
#3173 = CARTESIAN_POINT('',(5.397256963017,4.734139807303));
#3174 = CARTESIAN_POINT('',(5.334423068118,4.734139807303));
#3175 = CARTESIAN_POINT('',(5.271592472724,4.734139807303));
#3176 = CARTESIAN_POINT('',(5.20876187733,4.734139807303));
#3177 = CARTESIAN_POINT('',(5.14592798243,4.734139807303));
#3178 = CARTESIAN_POINT('',(5.023407261095,4.734139807303));
#3179 = CARTESIAN_POINT('',(4.963715417756,4.734139807303));
#3180 = CARTESIAN_POINT('',(4.904026132254,4.734139807303));
#3181 = CARTESIAN_POINT('',(4.844336846751,4.734139807303));
#3182 = CARTESIAN_POINT('',(4.784645003413,4.734139807303));
#3183 = CARTESIAN_POINT('',(4.67364294741,4.734139807303));
#3184 = CARTESIAN_POINT('',(4.622329545896,4.734139807303));
#3185 = CARTESIAN_POINT('',(4.571017310973,4.734139807303));
#3186 = CARTESIAN_POINT('',(4.519705076051,4.734139807303));
#3187 = CARTESIAN_POINT('',(4.468391674537,4.734139807303));
#3188 = CARTESIAN_POINT('',(4.39089934225,4.734139807303));
#3189 = CARTESIAN_POINT('',(4.364719401454,4.734139807303));
#3190 = CARTESIAN_POINT('',(4.338539454608,4.734139807303));
#3191 = CARTESIAN_POINT('',(4.312359507761,4.734139807303));
#3192 = CARTESIAN_POINT('',(4.286179566965,4.734139807303));
#3193 = CARTESIAN_POINT('',(4.231725319202,4.734139807303));
#3194 = CARTESIAN_POINT('',(4.203450982357,4.734139807303));
#3195 = CARTESIAN_POINT('',(4.175176636621,4.734139807303));
#3196 = CARTESIAN_POINT('',(4.146902290885,4.734139807303));
#3197 = CARTESIAN_POINT('',(4.11862795404,4.734139807303));
#3198 = CARTESIAN_POINT('',(4.065220901966,4.734139807303));
#3199 = CARTESIAN_POINT('',(4.040088159093,4.734139807303));
#3200 = CARTESIAN_POINT('',(4.014955411288,4.734139807303));
#3201 = CARTESIAN_POINT('',(3.989822663482,4.734139807303));
#3202 = CARTESIAN_POINT('',(3.96468992061,4.734139807303));
#3203 = CARTESIAN_POINT('',(3.909188479799,4.734139807303));
#3204 = CARTESIAN_POINT('',(3.878819746578,4.734139807303));
#3205 = CARTESIAN_POINT('',(3.848451000648,4.734139807303));
#3206 = CARTESIAN_POINT('',(3.818082254717,4.734139807303));
#3207 = CARTESIAN_POINT('',(3.787713521496,4.734139807303));
#3208 = CARTESIAN_POINT('',(3.734306472888,4.734139807303));
#3209 = CARTESIAN_POINT('',(3.711268125697,4.734139807303));
#3210 = CARTESIAN_POINT('',(3.688229775315,4.734139807303));
#3211 = CARTESIAN_POINT('',(3.665191424932,4.734139807303));
#3212 = CARTESIAN_POINT('',(3.642153077741,4.734139807303));
#3213 = CARTESIAN_POINT('',(3.597123592577,4.734139807303));
#3214 = CARTESIAN_POINT('',(3.575132443158,4.734139807303));
#3215 = CARTESIAN_POINT('',(3.55314129121,4.734139807303));
#3216 = CARTESIAN_POINT('',(3.531150139262,4.734139807303));
#3217 = CARTESIAN_POINT('',(3.509158989844,4.734139807303));
#3218 = CARTESIAN_POINT('',(3.456799137682,4.734139807303));
#3219 = CARTESIAN_POINT('',(3.426430404461,4.734139807303));
#3220 = CARTESIAN_POINT('',(3.396061658531,4.734139807303));
#3221 = CARTESIAN_POINT('',(3.3656929126,4.734139807303));
#3222 = CARTESIAN_POINT('',(3.335324179379,4.734139807303));
#3223 = CARTESIAN_POINT('',(3.275633957915,4.734139807303));
#3224 = CARTESIAN_POINT('',(3.246312422927,4.734139807303));
#3225 = CARTESIAN_POINT('',(3.216990877276,4.734139807303));
#3226 = CARTESIAN_POINT('',(3.187669331625,4.734139807303));
#3227 = CARTESIAN_POINT('',(3.158347796637,4.734139807303));
#3228 = CARTESIAN_POINT('',(3.098657575173,4.734139807303));
#3229 = CARTESIAN_POINT('',(3.068288841952,4.734139807303));
#3230 = CARTESIAN_POINT('',(3.037920096021,4.734139807303));
#3231 = CARTESIAN_POINT('',(3.007551350091,4.734139807303));
#3232 = CARTESIAN_POINT('',(2.97718261687,4.734139807303));
#3233 = CARTESIAN_POINT('',(2.918539590002,4.734139807303));
#3234 = CARTESIAN_POINT('',(2.890265253156,4.734139807303));
#3235 = CARTESIAN_POINT('',(2.86199090742,4.734139807303));
#3236 = CARTESIAN_POINT('',(2.833716561685,4.734139807303));
#3237 = CARTESIAN_POINT('',(2.805442224839,4.734139807303));
#3238 = CARTESIAN_POINT('',(2.746799197971,4.734139807303));
#3239 = CARTESIAN_POINT('',(2.71643046475,4.734139807303));
#3240 = CARTESIAN_POINT('',(2.686061718819,4.734139807303));
#3241 = CARTESIAN_POINT('',(2.655692972889,4.734139807303));
#3242 = CARTESIAN_POINT('',(2.625324239668,4.734139807303));
#3243 = CARTESIAN_POINT('',(2.539454467395,4.734139807303));
#3244 = CARTESIAN_POINT('',(2.483951937401,4.734139807303));
#3245 = CARTESIAN_POINT('',(2.428451121225,4.734139807303));
#3246 = CARTESIAN_POINT('',(2.372950305049,4.734139807303));
#3247 = CARTESIAN_POINT('',(2.317447775055,4.734139807303));
#3248 = CARTESIAN_POINT('',(2.241002762864,4.734139807303));
#3249 = CARTESIAN_POINT('',(2.22005881118,4.734139807303));
#3250 = CARTESIAN_POINT('',(2.199114857513,4.734139807303));
#3251 = CARTESIAN_POINT('',(2.178170903846,4.734139807303));
#3252 = CARTESIAN_POINT('',(2.157226952162,4.734139807303));
#3253 = CARTESIAN_POINT('',(2.105914296639,4.734139807303));
#3254 = CARTESIAN_POINT('',(2.075545563418,4.734139807303));
#3255 = CARTESIAN_POINT('',(2.045176817487,4.734139807303));
#3256 = CARTESIAN_POINT('',(2.014808071557,4.734139807303));
#3257 = CARTESIAN_POINT('',(1.984439338335,4.734139807303));
#3258 = CARTESIAN_POINT('',(1.923701922731,4.734139807303));
#3259 = CARTESIAN_POINT('',(1.893333189509,4.734139807303));
#3260 = CARTESIAN_POINT('',(1.862964443579,4.734139807303));
#3261 = CARTESIAN_POINT('',(1.832595697648,4.734139807303));
#3262 = CARTESIAN_POINT('',(1.802226964427,4.734139807303));
#3263 = CARTESIAN_POINT('',(1.741489548822,4.734139807303));
#3264 = CARTESIAN_POINT('',(1.711120815601,4.734139807303));
#3265 = CARTESIAN_POINT('',(1.680752069671,4.734139807303));
#3266 = CARTESIAN_POINT('',(1.65038332374,4.734139807303));
#3267 = CARTESIAN_POINT('',(1.620014590519,4.734139807303));
#3268 = CARTESIAN_POINT('',(1.559277174914,4.734139807303));
#3269 = CARTESIAN_POINT('',(1.528908441693,4.734139807303));
#3270 = CARTESIAN_POINT('',(1.498539695762,4.734139807303));
#3271 = CARTESIAN_POINT('',(1.468170949832,4.734139807303));
#3272 = CARTESIAN_POINT('',(1.437802216611,4.734139807303));
#3273 = CARTESIAN_POINT('',(1.377064801006,4.734139807303));
#3274 = CARTESIAN_POINT('',(1.346696067785,4.734139807303));
#3275 = CARTESIAN_POINT('',(1.316327321854,4.734139807303));
#3276 = CARTESIAN_POINT('',(1.285958575924,4.734139807303));
#3277 = CARTESIAN_POINT('',(1.255589842703,4.734139807303));
#3278 = CARTESIAN_POINT('',(1.200088401892,4.734139807303));
#3279 = CARTESIAN_POINT('',(1.174955659019,4.734139807303));
#3280 = CARTESIAN_POINT('',(1.149822911214,4.734139807303));
#3281 = CARTESIAN_POINT('',(1.124690163409,4.734139807303));
#3282 = CARTESIAN_POINT('',(1.099557420536,4.734139807303));
#3283 = CARTESIAN_POINT('',(1.050339150495,4.734139807303));
#3284 = CARTESIAN_POINT('',(1.026253605489,4.734139807303));
#3285 = CARTESIAN_POINT('',(1.002168056495,4.734139807303));
#3286 = CARTESIAN_POINT('',(0.978082507502,4.734139807303));
#3287 = CARTESIAN_POINT('',(0.953996962495,4.734139807303));
#3288 = CARTESIAN_POINT('',(0.907920281104,4.734139807303));
#3289 = CARTESIAN_POINT('',(0.885929131685,4.734139807303));
#3290 = CARTESIAN_POINT('',(0.863937979737,4.734139807303));
#3291 = CARTESIAN_POINT('',(0.841946827789,4.734139807303));
#3292 = CARTESIAN_POINT('',(0.819955678371,4.734139807303));
#3293 = CARTESIAN_POINT('',(0.769690214946,4.734139807303));
#3294 = CARTESIAN_POINT('',(0.741415878101,4.734139807303));
#3295 = CARTESIAN_POINT('',(0.713141532365,4.734139807303));
#3296 = CARTESIAN_POINT('',(0.684867186629,4.734139807303));
#3297 = CARTESIAN_POINT('',(0.656592849784,4.734139807303));
#3298 = CARTESIAN_POINT('',(0.523608540573,4.734139807303));
#3299 = CARTESIAN_POINT('',(0.418863277518,4.734139807303));
#3300 = CARTESIAN_POINT('',(0.314159265359,4.734139807303));
#3301 = CARTESIAN_POINT('',(0.2094552532,4.734139807303));
#3302 = CARTESIAN_POINT('',(0.104709990145,4.734139807303));
#3303 = CARTESIAN_POINT('',(0.,4.734139807303));
#3304 = ( GEOMETRIC_REPRESENTATION_CONTEXT(2) 
PARAMETRIC_REPRESENTATION_CONTEXT() REPRESENTATION_CONTEXT('2D SPACE',''
  ) );
#3305 = PCURVE('',#320,#3306);
#3306 = DEFINITIONAL_REPRESENTATION('',(#3307),#3465);
#3307 = B_SPLINE_CURVE_WITH_KNOTS('',6,(#3308,#3309,#3310,#3311,#3312,
    #3313,#3314,#3315,#3316,#3317,#3318,#3319,#3320,#3321,#3322,#3323,
    #3324,#3325,#3326,#3327,#3328,#3329,#3330,#3331,#3332,#3333,#3334,
    #3335,#3336,#3337,#3338,#3339,#3340,#3341,#3342,#3343,#3344,#3345,
    #3346,#3347,#3348,#3349,#3350,#3351,#3352,#3353,#3354,#3355,#3356,
    #3357,#3358,#3359,#3360,#3361,#3362,#3363,#3364,#3365,#3366,#3367,
    #3368,#3369,#3370,#3371,#3372,#3373,#3374,#3375,#3376,#3377,#3378,
    #3379,#3380,#3381,#3382,#3383,#3384,#3385,#3386,#3387,#3388,#3389,
    #3390,#3391,#3392,#3393,#3394,#3395,#3396,#3397,#3398,#3399,#3400,
    #3401,#3402,#3403,#3404,#3405,#3406,#3407,#3408,#3409,#3410,#3411,
    #3412,#3413,#3414,#3415,#3416,#3417,#3418,#3419,#3420,#3421,#3422,
    #3423,#3424,#3425,#3426,#3427,#3428,#3429,#3430,#3431,#3432,#3433,
    #3434,#3435,#3436,#3437,#3438,#3439,#3440,#3441,#3442,#3443,#3444,
    #3445,#3446,#3447,#3448,#3449,#3450,#3451,#3452,#3453,#3454,#3455,
    #3456,#3457,#3458,#3459,#3460,#3461,#3462,#3463,#3464),
  .UNSPECIFIED.,.F.,.F.,(7,5,5,5,5,5,5,5,5,5,5,5,5,5,5,5,5,5,5,5,5,5,5,5
    ,5,5,5,5,5,5,5,7),(0.,2.800030962881E-02,5.600061925762E-02,
    8.200091081424E-02,0.111001228851,0.131001458982,0.191001410023,
    0.24800149428,0.297001801866,0.322002083845,0.349002384632,
    0.373002656725,0.402002974761,0.424003226295,0.445003467219,
    0.474003785256,0.502004094884,0.531004412921,0.558004713708,
    0.587005031745,0.640005262491,0.660005492623,0.689005810659,
    0.718006128696,0.747006446733,0.776006764769,0.805007082806,
    0.829007354899,0.852007616832,0.873007857756,0.900008158543,1.),
  .UNSPECIFIED.);
#3308 = CARTESIAN_POINT('',(6.28318530718,1.98439672632));
#3309 = CARTESIAN_POINT('',(6.253863793518,1.98439672632));
#3310 = CARTESIAN_POINT('',(6.22454225853,1.98439672632));
#3311 = CARTESIAN_POINT('',(6.195220712879,1.98439672632));
#3312 = CARTESIAN_POINT('',(6.165899167228,1.98439672632));
#3313 = CARTESIAN_POINT('',(6.13657763224,1.98439672632));
#3314 = CARTESIAN_POINT('',(6.077934604917,1.98439672632));
#3315 = CARTESIAN_POINT('',(6.048613069929,1.98439672632));
#3316 = CARTESIAN_POINT('',(6.019291524278,1.98439672632));
#3317 = CARTESIAN_POINT('',(5.989969978627,1.98439672632));
#3318 = CARTESIAN_POINT('',(5.960648443639,1.98439672632));
#3319 = CARTESIAN_POINT('',(5.904099805914,1.98439672632));
#3320 = CARTESIAN_POINT('',(5.87687266713,1.98439672632));
#3321 = CARTESIAN_POINT('',(5.849645520984,1.98439672632));
#3322 = CARTESIAN_POINT('',(5.822418374839,1.98439672632));
#3323 = CARTESIAN_POINT('',(5.795191236054,1.98439672632));
#3324 = CARTESIAN_POINT('',(5.737595404188,1.98439672632));
#3325 = CARTESIAN_POINT('',(5.707226670967,1.98439672632));
#3326 = CARTESIAN_POINT('',(5.676857925037,1.98439672632));
#3327 = CARTESIAN_POINT('',(5.646489179106,1.98439672632));
#3328 = CARTESIAN_POINT('',(5.616120445885,1.98439672632));
#3329 = CARTESIAN_POINT('',(5.564807790362,1.98439672632));
#3330 = CARTESIAN_POINT('',(5.543863838678,1.98439672632));
#3331 = CARTESIAN_POINT('',(5.522919885011,1.98439672632));
#3332 = CARTESIAN_POINT('',(5.501975931344,1.98439672632));
#3333 = CARTESIAN_POINT('',(5.48103197966,1.98439672632));
#3334 = CARTESIAN_POINT('',(5.397256963017,1.98439672632));
#3335 = CARTESIAN_POINT('',(5.334423068118,1.98439672632));
#3336 = CARTESIAN_POINT('',(5.271592472724,1.98439672632));
#3337 = CARTESIAN_POINT('',(5.20876187733,1.98439672632));
#3338 = CARTESIAN_POINT('',(5.14592798243,1.98439672632));
#3339 = CARTESIAN_POINT('',(5.023407261095,1.98439672632));
#3340 = CARTESIAN_POINT('',(4.963715417756,1.98439672632));
#3341 = CARTESIAN_POINT('',(4.904026132254,1.98439672632));
#3342 = CARTESIAN_POINT('',(4.844336846751,1.98439672632));
#3343 = CARTESIAN_POINT('',(4.784645003413,1.98439672632));
#3344 = CARTESIAN_POINT('',(4.67364294741,1.98439672632));
#3345 = CARTESIAN_POINT('',(4.622329545896,1.98439672632));
#3346 = CARTESIAN_POINT('',(4.571017310973,1.98439672632));
#3347 = CARTESIAN_POINT('',(4.519705076051,1.98439672632));
#3348 = CARTESIAN_POINT('',(4.468391674537,1.98439672632));
#3349 = CARTESIAN_POINT('',(4.39089934225,1.98439672632));
#3350 = CARTESIAN_POINT('',(4.364719401454,1.98439672632));
#3351 = CARTESIAN_POINT('',(4.338539454608,1.98439672632));
#3352 = CARTESIAN_POINT('',(4.312359507761,1.98439672632));
#3353 = CARTESIAN_POINT('',(4.286179566965,1.98439672632));
#3354 = CARTESIAN_POINT('',(4.231725319202,1.98439672632));
#3355 = CARTESIAN_POINT('',(4.203450982357,1.98439672632));
#3356 = CARTESIAN_POINT('',(4.175176636621,1.98439672632));
#3357 = CARTESIAN_POINT('',(4.146902290885,1.98439672632));
#3358 = CARTESIAN_POINT('',(4.11862795404,1.98439672632));
#3359 = CARTESIAN_POINT('',(4.065220901966,1.98439672632));
#3360 = CARTESIAN_POINT('',(4.040088159093,1.98439672632));
#3361 = CARTESIAN_POINT('',(4.014955411288,1.98439672632));
#3362 = CARTESIAN_POINT('',(3.989822663482,1.98439672632));
#3363 = CARTESIAN_POINT('',(3.96468992061,1.98439672632));
#3364 = CARTESIAN_POINT('',(3.909188479799,1.98439672632));
#3365 = CARTESIAN_POINT('',(3.878819746578,1.98439672632));
#3366 = CARTESIAN_POINT('',(3.848451000648,1.98439672632));
#3367 = CARTESIAN_POINT('',(3.818082254717,1.98439672632));
#3368 = CARTESIAN_POINT('',(3.787713521496,1.98439672632));
#3369 = CARTESIAN_POINT('',(3.734306472888,1.98439672632));
#3370 = CARTESIAN_POINT('',(3.711268125697,1.98439672632));
#3371 = CARTESIAN_POINT('',(3.688229775315,1.98439672632));
#3372 = CARTESIAN_POINT('',(3.665191424932,1.98439672632));
#3373 = CARTESIAN_POINT('',(3.642153077741,1.98439672632));
#3374 = CARTESIAN_POINT('',(3.597123592577,1.98439672632));
#3375 = CARTESIAN_POINT('',(3.575132443158,1.98439672632));
#3376 = CARTESIAN_POINT('',(3.55314129121,1.98439672632));
#3377 = CARTESIAN_POINT('',(3.531150139262,1.98439672632));
#3378 = CARTESIAN_POINT('',(3.509158989844,1.98439672632));
#3379 = CARTESIAN_POINT('',(3.456799137682,1.98439672632));
#3380 = CARTESIAN_POINT('',(3.426430404461,1.98439672632));
#3381 = CARTESIAN_POINT('',(3.396061658531,1.98439672632));
#3382 = CARTESIAN_POINT('',(3.3656929126,1.98439672632));
#3383 = CARTESIAN_POINT('',(3.335324179379,1.98439672632));
#3384 = CARTESIAN_POINT('',(3.275633957915,1.98439672632));
#3385 = CARTESIAN_POINT('',(3.246312422927,1.98439672632));
#3386 = CARTESIAN_POINT('',(3.216990877276,1.98439672632));
#3387 = CARTESIAN_POINT('',(3.187669331625,1.98439672632));
#3388 = CARTESIAN_POINT('',(3.158347796637,1.98439672632));
#3389 = CARTESIAN_POINT('',(3.098657575173,1.98439672632));
#3390 = CARTESIAN_POINT('',(3.068288841952,1.98439672632));
#3391 = CARTESIAN_POINT('',(3.037920096021,1.98439672632));
#3392 = CARTESIAN_POINT('',(3.007551350091,1.98439672632));
#3393 = CARTESIAN_POINT('',(2.97718261687,1.98439672632));
#3394 = CARTESIAN_POINT('',(2.918539590002,1.98439672632));
#3395 = CARTESIAN_POINT('',(2.890265253156,1.98439672632));
#3396 = CARTESIAN_POINT('',(2.86199090742,1.98439672632));
#3397 = CARTESIAN_POINT('',(2.833716561685,1.98439672632));
#3398 = CARTESIAN_POINT('',(2.805442224839,1.98439672632));
#3399 = CARTESIAN_POINT('',(2.746799197971,1.98439672632));
#3400 = CARTESIAN_POINT('',(2.71643046475,1.98439672632));
#3401 = CARTESIAN_POINT('',(2.686061718819,1.98439672632));
#3402 = CARTESIAN_POINT('',(2.655692972889,1.98439672632));
#3403 = CARTESIAN_POINT('',(2.625324239668,1.98439672632));
#3404 = CARTESIAN_POINT('',(2.539454467395,1.98439672632));
#3405 = CARTESIAN_POINT('',(2.483951937401,1.98439672632));
#3406 = CARTESIAN_POINT('',(2.428451121225,1.98439672632));
#3407 = CARTESIAN_POINT('',(2.372950305049,1.98439672632));
#3408 = CARTESIAN_POINT('',(2.317447775055,1.98439672632));
#3409 = CARTESIAN_POINT('',(2.241002762864,1.98439672632));
#3410 = CARTESIAN_POINT('',(2.22005881118,1.98439672632));
#3411 = CARTESIAN_POINT('',(2.199114857513,1.98439672632));
#3412 = CARTESIAN_POINT('',(2.178170903846,1.98439672632));
#3413 = CARTESIAN_POINT('',(2.157226952162,1.98439672632));
#3414 = CARTESIAN_POINT('',(2.105914296639,1.98439672632));
#3415 = CARTESIAN_POINT('',(2.075545563418,1.98439672632));
#3416 = CARTESIAN_POINT('',(2.045176817487,1.98439672632));
#3417 = CARTESIAN_POINT('',(2.014808071557,1.98439672632));
#3418 = CARTESIAN_POINT('',(1.984439338335,1.98439672632));
#3419 = CARTESIAN_POINT('',(1.923701922731,1.98439672632));
#3420 = CARTESIAN_POINT('',(1.893333189509,1.98439672632));
#3421 = CARTESIAN_POINT('',(1.862964443579,1.98439672632));
#3422 = CARTESIAN_POINT('',(1.832595697648,1.98439672632));
#3423 = CARTESIAN_POINT('',(1.802226964427,1.98439672632));
#3424 = CARTESIAN_POINT('',(1.741489548822,1.98439672632));
#3425 = CARTESIAN_POINT('',(1.711120815601,1.98439672632));
#3426 = CARTESIAN_POINT('',(1.680752069671,1.98439672632));
#3427 = CARTESIAN_POINT('',(1.65038332374,1.98439672632));
#3428 = CARTESIAN_POINT('',(1.620014590519,1.98439672632));
#3429 = CARTESIAN_POINT('',(1.559277174914,1.98439672632));
#3430 = CARTESIAN_POINT('',(1.528908441693,1.98439672632));
#3431 = CARTESIAN_POINT('',(1.498539695762,1.98439672632));
#3432 = CARTESIAN_POINT('',(1.468170949832,1.98439672632));
#3433 = CARTESIAN_POINT('',(1.437802216611,1.98439672632));
#3434 = CARTESIAN_POINT('',(1.377064801006,1.98439672632));
#3435 = CARTESIAN_POINT('',(1.346696067785,1.98439672632));
#3436 = CARTESIAN_POINT('',(1.316327321854,1.98439672632));
#3437 = CARTESIAN_POINT('',(1.285958575924,1.98439672632));
#3438 = CARTESIAN_POINT('',(1.255589842703,1.98439672632));
#3439 = CARTESIAN_POINT('',(1.200088401892,1.98439672632));
#3440 = CARTESIAN_POINT('',(1.174955659019,1.98439672632));
#3441 = CARTESIAN_POINT('',(1.149822911214,1.98439672632));
#3442 = CARTESIAN_POINT('',(1.124690163409,1.98439672632));
#3443 = CARTESIAN_POINT('',(1.099557420536,1.98439672632));
#3444 = CARTESIAN_POINT('',(1.050339150495,1.98439672632));
#3445 = CARTESIAN_POINT('',(1.026253605489,1.98439672632));
#3446 = CARTESIAN_POINT('',(1.002168056495,1.98439672632));
#3447 = CARTESIAN_POINT('',(0.978082507502,1.98439672632));
#3448 = CARTESIAN_POINT('',(0.953996962495,1.98439672632));
#3449 = CARTESIAN_POINT('',(0.907920281104,1.98439672632));
#3450 = CARTESIAN_POINT('',(0.885929131685,1.98439672632));
#3451 = CARTESIAN_POINT('',(0.863937979737,1.98439672632));
#3452 = CARTESIAN_POINT('',(0.841946827789,1.98439672632));
#3453 = CARTESIAN_POINT('',(0.819955678371,1.98439672632));
#3454 = CARTESIAN_POINT('',(0.769690214946,1.98439672632));
#3455 = CARTESIAN_POINT('',(0.741415878101,1.98439672632));
#3456 = CARTESIAN_POINT('',(0.713141532365,1.98439672632));
#3457 = CARTESIAN_POINT('',(0.684867186629,1.98439672632));
#3458 = CARTESIAN_POINT('',(0.656592849784,1.98439672632));
#3459 = CARTESIAN_POINT('',(0.523608540573,1.98439672632));
#3460 = CARTESIAN_POINT('',(0.418863277518,1.98439672632));
#3461 = CARTESIAN_POINT('',(0.314159265359,1.98439672632));
#3462 = CARTESIAN_POINT('',(0.2094552532,1.98439672632));
#3463 = CARTESIAN_POINT('',(0.104709990145,1.98439672632));
#3464 = CARTESIAN_POINT('',(0.,1.98439672632));
#3465 = ( GEOMETRIC_REPRESENTATION_CONTEXT(2) 
PARAMETRIC_REPRESENTATION_CONTEXT() REPRESENTATION_CONTEXT('2D SPACE',''
  ) );
#3466 = ORIENTED_EDGE('',*,*,#2958,.T.);
#3467 = ORIENTED_EDGE('',*,*,#3468,.T.);
#3468 = EDGE_CURVE('',#2961,#2961,#3469,.T.);
#3469 = SURFACE_CURVE('',#3470,(#3578,#3689),.PCURVE_S1.);
#3470 = B_SPLINE_CURVE_WITH_KNOTS('',8,(#3471,#3472,#3473,#3474,#3475,
    #3476,#3477,#3478,#3479,#3480,#3481,#3482,#3483,#3484,#3485,#3486,
    #3487,#3488,#3489,#3490,#3491,#3492,#3493,#3494,#3495,#3496,#3497,
    #3498,#3499,#3500,#3501,#3502,#3503,#3504,#3505,#3506,#3507,#3508,
    #3509,#3510,#3511,#3512,#3513,#3514,#3515,#3516,#3517,#3518,#3519,
    #3520,#3521,#3522,#3523,#3524,#3525,#3526,#3527,#3528,#3529,#3530,
    #3531,#3532,#3533,#3534,#3535,#3536,#3537,#3538,#3539,#3540,#3541,
    #3542,#3543,#3544,#3545,#3546,#3547,#3548,#3549,#3550,#3551,#3552,
    #3553,#3554,#3555,#3556,#3557,#3558,#3559,#3560,#3561,#3562,#3563,
    #3564,#3565,#3566,#3567,#3568,#3569,#3570,#3571,#3572,#3573,#3574,
    #3575,#3576,#3577),.UNSPECIFIED.,.T.,.F.,(9,7,7,7,7,7,7,7,7,7,7,7,7,
    7,7,9),(0.,8.901307385092E-02,0.119019386697,0.265983371807,
    0.412947356916,0.539941405684,0.666935454452,0.687939887394,
    0.71794620024,0.75095313097,0.779959236605,0.808965342239,
    0.826969143641,0.845973155712,0.925986670395,1.),.UNSPECIFIED.);
#3471 = CARTESIAN_POINT('',(19.14,-3.552713678801E-15,-102.6977466508));
#3472 = CARTESIAN_POINT('',(19.14,-1.337808206646,-102.6977466508));
#3473 = CARTESIAN_POINT('',(19.033133834181,-2.675842297201,
    -102.6977466508));
#3474 = CARTESIAN_POINT('',(18.819342148114,-4.003803467987,
    -102.6977466508));
#3475 = CARTESIAN_POINT('',(18.499817020238,-5.311726489335,
    -102.6977466508));
#3476 = CARTESIAN_POINT('',(18.076803630126,-6.589935630635,
    -102.6977466508));
#3477 = CARTESIAN_POINT('',(17.553531871896,-7.829037895659,
    -102.6977466508));
#3478 = CARTESIAN_POINT('',(16.934277912752,-9.019953568143,
    -102.6977466508));
#3479 = CARTESIAN_POINT('',(15.98530829257,-10.536265821,-102.6977466508
    ));
#3480 = CARTESIAN_POINT('',(15.735766258643,-10.91210597608,
    -102.6977466508));
#3481 = CARTESIAN_POINT('',(15.476132818947,-11.28117992273,
    -102.6977466508));
#3482 = CARTESIAN_POINT('',(15.206622625409,-11.64317180073,
    -102.6977466508));
#3483 = CARTESIAN_POINT('',(14.927461757821,-11.99777449978,
    -102.6977466508));
#3484 = CARTESIAN_POINT('',(14.638887723845,-12.34468965946,
    -102.6977466508));
#3485 = CARTESIAN_POINT('',(14.341149459006,-12.68362766931,
    -102.6977466508));
#3486 = CARTESIAN_POINT('',(12.532645035356,-14.63390187752,
    -102.6977466508));
#3487 = CARTESIAN_POINT('',(10.815321279114,-16.05742266069,
    -102.6977466508));
#3488 = CARTESIAN_POINT('',(8.915077329863,-17.24794294237,
    -102.6977466508));
#3489 = CARTESIAN_POINT('',(6.869579077104,-18.17981351434,
    -102.6977466508));
#3490 = CARTESIAN_POINT('',(4.718971128372,-18.83351934797,
    -102.6977466508));
#3491 = CARTESIAN_POINT('',(2.506271919017,-19.19715077668,
    -102.6977466508));
#3492 = CARTESIAN_POINT('',(0.276697174811,-19.26503865598,
    -102.6977466508));
#3493 = CARTESIAN_POINT('',(-4.118543619317,-18.82168627405,
    -102.6977466508));
#3494 = CARTESIAN_POINT('',(-6.289645810016,-18.30989766381,
    -102.6977466508));
#3495 = CARTESIAN_POINT('',(-8.385149484232,-17.51169345518,
    -102.6977466508));
#3496 = CARTESIAN_POINT('',(-10.3618819691,-16.44165861982,
    -102.6977466508));
#3497 = CARTESIAN_POINT('',(-12.18006991302,-15.12005411548,
    -102.6977466508));
#3498 = CARTESIAN_POINT('',(-13.80427476516,-13.57401912045,
    -102.6977466508));
#3499 = CARTESIAN_POINT('',(-15.20271181644,-11.83620839498,
    -102.6977466508));
#3500 = CARTESIAN_POINT('',(-17.34301285698,-8.31879809321,
    -102.6977466508));
#3501 = CARTESIAN_POINT('',(-18.15001892836,-6.57409632893,
    -102.6977466508));
#3502 = CARTESIAN_POINT('',(-18.75533711539,-4.741394188445,
    -102.6977466508));
#3503 = CARTESIAN_POINT('',(-19.14858877513,-2.848110366045,
    -102.6977466508));
#3504 = CARTESIAN_POINT('',(-19.32337423938,-0.922332460276,
    -102.6977466508));
#3505 = CARTESIAN_POINT('',(-19.27764164072,1.007205249181,
    -102.6977466508));
#3506 = CARTESIAN_POINT('',(-19.01334052027,2.911250407112,
    -102.6977466508));
#3507 = CARTESIAN_POINT('',(-18.06402288772,6.608598473555,
    -102.6977466508));
#3508 = CARTESIAN_POINT('',(-17.37835097462,8.404454000391,
    -102.6977466508));
#3509 = CARTESIAN_POINT('',(-16.48886487546,10.117352632035,
    -102.6977466508));
#3510 = CARTESIAN_POINT('',(-15.407948624,11.720721135529,
    -102.6977466508));
#3511 = CARTESIAN_POINT('',(-14.15124313003,13.190367964426,
    -102.6977466508));
#3512 = CARTESIAN_POINT('',(-12.73788776949,14.504762832039,
    -102.6977466508));
#3513 = CARTESIAN_POINT('',(-11.19018647314,15.644878502858,
    -102.6977466508));
#3514 = CARTESIAN_POINT('',(-9.261543547351,16.753001724943,
    -102.6977466508));
#3515 = CARTESIAN_POINT('',(-8.984859586865,16.905110822193,
    -102.6977466508));
#3516 = CARTESIAN_POINT('',(-8.705324715196,17.051995203704,
    -102.6977466508));
#3517 = CARTESIAN_POINT('',(-8.42305413256,17.193592663364,
    -102.6977466508));
#3518 = CARTESIAN_POINT('',(-8.138164558934,17.329844097275,
    -102.6977466508));
#3519 = CARTESIAN_POINT('',(-7.850774234056,17.460693503758,
    -102.6977466508));
#3520 = CARTESIAN_POINT('',(-7.561002917421,17.586087983352,
    -102.6977466508));
#3521 = CARTESIAN_POINT('',(-6.851784980881,17.877248704292,
    -102.6977466508));
#3522 = CARTESIAN_POINT('',(-6.429985145885,18.037286037639,
    -102.6977466508));
#3523 = CARTESIAN_POINT('',(-6.003926689545,18.185944346814,
    -102.6977466508));
#3524 = CARTESIAN_POINT('',(-5.573968106972,18.32309200969,
    -102.6977466508));
#3525 = CARTESIAN_POINT('',(-5.140472082148,18.448611174055,
    -102.6977466508));
#3526 = CARTESIAN_POINT('',(-4.703805487926,18.562397757608,
    -102.6977466508));
#3527 = CARTESIAN_POINT('',(-4.264339386029,18.66436144796,
    -102.6977466508));
#3528 = CARTESIAN_POINT('',(-3.336369829526,18.853496342551,
    -102.6977466508));
#3529 = CARTESIAN_POINT('',(-2.847354471081,18.938169222361,
    -102.6977466508));
#3530 = CARTESIAN_POINT('',(-2.355902848688,19.008342562256,
    -102.6977466508));
#3531 = CARTESIAN_POINT('',(-1.862516908649,19.063935558472,
    -102.6977466508));
#3532 = CARTESIAN_POINT('',(-1.367700646592,19.104888383287,
    -102.6977466508));
#3533 = CARTESIAN_POINT('',(-0.871960107473,19.131162185026,
    -102.6977466508));
#3534 = CARTESIAN_POINT('',(-0.375803385573,19.142739088055,
    -102.6977466508));
#3535 = CARTESIAN_POINT('',(0.556193542385,19.136883101589,
    -102.6977466508));
#3536 = CARTESIAN_POINT('',(0.992057266729,19.122796459906,
    -102.6977466508));
#3537 = CARTESIAN_POINT('',(1.427504700383,19.097364489135,
    -102.6977466508));
#3538 = CARTESIAN_POINT('',(1.862191217171,19.060601918258,
    -102.6977466508));
#3539 = CARTESIAN_POINT('',(2.295773412889,19.012535983849,
    -102.6977466508));
#3540 = CARTESIAN_POINT('',(2.727909105306,18.953206430065,
    -102.6977466508));
#3541 = CARTESIAN_POINT('',(3.158257334162,18.882665508654,
    -102.6977466508));
#3542 = CARTESIAN_POINT('',(4.014699388175,18.719290449242,
    -102.6977466508));
#3543 = CARTESIAN_POINT('',(4.440794897249,18.626455990017,
    -102.6977466508));
#3544 = CARTESIAN_POINT('',(4.864425168219,18.522539455573,
    -102.6977466508));
#3545 = CARTESIAN_POINT('',(5.285253949102,18.407617779309,
    -102.6977466508));
#3546 = CARTESIAN_POINT('',(5.702948456103,18.28177997372,
    -102.6977466508));
#3547 = CARTESIAN_POINT('',(6.117179373619,18.145127130402,
    -102.6977466508));
#3548 = CARTESIAN_POINT('',(6.527620854234,17.997772420048,
    -102.6977466508));
#3549 = CARTESIAN_POINT('',(7.186155301919,17.741814687496,
    -102.6977466508));
#3550 = CARTESIAN_POINT('',(7.436776368738,17.639713439584,
    -102.6977466508));
#3551 = CARTESIAN_POINT('',(7.685736805384,17.533567246367,
    -102.6977466508));
#3552 = CARTESIAN_POINT('',(7.932960470649,17.423407702359,
    -102.6977466508));
#3553 = CARTESIAN_POINT('',(8.178371995916,17.309268098938,
    -102.6977466508));
#3554 = CARTESIAN_POINT('',(8.421896785157,17.191183424343,
    -102.6977466508));
#3555 = CARTESIAN_POINT('',(8.663461014935,17.069190363677,
    -102.6977466508));
#3556 = CARTESIAN_POINT('',(9.155829503597,16.810471845273,
    -102.6977466508));
#3557 = CARTESIAN_POINT('',(9.40640169848,16.673304353289,
    -102.6977466508));
#3558 = CARTESIAN_POINT('',(9.654622293861,16.531869977272,
    -102.6977466508));
#3559 = CARTESIAN_POINT('',(9.900406561545,16.386215852693,
    -102.6977466508));
#3560 = CARTESIAN_POINT('',(10.143670970334,16.236391096181,
    -102.6977466508));
#3561 = CARTESIAN_POINT('',(10.384333186026,16.082446805514,
    -102.6977466508));
#3562 = CARTESIAN_POINT('',(10.622312071413,15.924436059628,
    -102.6977466508));
#3563 = CARTESIAN_POINT('',(11.847867409458,15.080244231992,
    -102.6977466508));
#3564 = CARTESIAN_POINT('',(12.78933352353,14.326887701073,
    -102.6977466508));
#3565 = CARTESIAN_POINT('',(13.675787322678,13.506534188588,
    -102.6977466508));
#3566 = CARTESIAN_POINT('',(14.501703336115,12.623923651767,
    -102.6977466508));
#3567 = CARTESIAN_POINT('',(15.262091819179,11.68427053716,
    -102.6977466508));
#3568 = CARTESIAN_POINT('',(15.95247560207,10.693235494489,
    -102.6977466508));
#3569 = CARTESIAN_POINT('',(16.568921296212,9.656944409521,
    -102.6977466508));
#3570 = CARTESIAN_POINT('',(17.606893736489,7.587770696157,
    -102.6977466508));
#3571 = CARTESIAN_POINT('',(18.039662482972,6.560277487094,
    -102.6977466508));
#3572 = CARTESIAN_POINT('',(18.40378580782,5.504803570528,
    -102.6977466508));
#3573 = CARTESIAN_POINT('',(18.697194043274,4.426721208056,
    -102.6977466508));
#3574 = CARTESIAN_POINT('',(18.918327645133,3.331527205591,
    -102.6977466508));
#3575 = CARTESIAN_POINT('',(19.066115923094,2.224834109403,
    -102.6977466508));
#3576 = CARTESIAN_POINT('',(19.14,1.112371873738,-102.6977466508));
#3577 = CARTESIAN_POINT('',(19.14,0.,-102.6977466508));
#3578 = PCURVE('',#2784,#3579);
#3579 = DEFINITIONAL_REPRESENTATION('',(#3580),#3688);
#3580 = B_SPLINE_CURVE_WITH_KNOTS('',8,(#3581,#3582,#3583,#3584,#3585,
    #3586,#3587,#3588,#3589,#3590,#3591,#3592,#3593,#3594,#3595,#3596,
    #3597,#3598,#3599,#3600,#3601,#3602,#3603,#3604,#3605,#3606,#3607,
    #3608,#3609,#3610,#3611,#3612,#3613,#3614,#3615,#3616,#3617,#3618,
    #3619,#3620,#3621,#3622,#3623,#3624,#3625,#3626,#3627,#3628,#3629,
    #3630,#3631,#3632,#3633,#3634,#3635,#3636,#3637,#3638,#3639,#3640,
    #3641,#3642,#3643,#3644,#3645,#3646,#3647,#3648,#3649,#3650,#3651,
    #3652,#3653,#3654,#3655,#3656,#3657,#3658,#3659,#3660,#3661,#3662,
    #3663,#3664,#3665,#3666,#3667,#3668,#3669,#3670,#3671,#3672,#3673,
    #3674,#3675,#3676,#3677,#3678,#3679,#3680,#3681,#3682,#3683,#3684,
    #3685,#3686,#3687),.UNSPECIFIED.,.F.,.F.,(9,7,7,7,7,7,7,7,7,7,7,7,7,
    7,7,9),(0.,8.901307385092E-02,0.119019386697,0.265983371807,
    0.412947356916,0.539941405684,0.666935454452,0.687939887394,
    0.71794620024,0.75095313097,0.779959236605,0.808965342239,
    0.826969143641,0.845973155712,0.925986670395,1.),.UNSPECIFIED.);
#3581 = CARTESIAN_POINT('',(6.28318530718,4.805027649189));
#3582 = CARTESIAN_POINT('',(6.213289371618,4.805027649189));
#3583 = CARTESIAN_POINT('',(6.143381851573,4.805027649189));
#3584 = CARTESIAN_POINT('',(6.073479486039,4.805027649189));
#3585 = CARTESIAN_POINT('',(6.00358356101,4.805027649189));
#3586 = CARTESIAN_POINT('',(5.933687635981,4.805027649189));
#3587 = CARTESIAN_POINT('',(5.863785270447,4.805027649189));
#3588 = CARTESIAN_POINT('',(5.793877750402,4.805027649189));
#3589 = CARTESIAN_POINT('',(5.700419890525,4.805027649189));
#3590 = CARTESIAN_POINT('',(5.676857948564,4.805027649189));
#3591 = CARTESIAN_POINT('',(5.65329599484,4.805027649189));
#3592 = CARTESIAN_POINT('',(5.629734035233,4.805027649189));
#3593 = CARTESIAN_POINT('',(5.606172075626,4.805027649189));
#3594 = CARTESIAN_POINT('',(5.582610121901,4.805027649189));
#3595 = CARTESIAN_POINT('',(5.55904817994,4.805027649189));
#3596 = CARTESIAN_POINT('',(5.420085396081,4.805027649189));
#3597 = CARTESIAN_POINT('',(5.30454213536,4.805027649189));
#3598 = CARTESIAN_POINT('',(5.189082715353,4.805027649189));
#3599 = CARTESIAN_POINT('',(5.073672135552,4.805027649189));
#3600 = CARTESIAN_POINT('',(4.958261555735,4.805027649189));
#3601 = CARTESIAN_POINT('',(4.842802135739,4.805027649189));
#3602 = CARTESIAN_POINT('',(4.727258875013,4.805027649189));
#3603 = CARTESIAN_POINT('',(4.496457155926,4.805027649189));
#3604 = CARTESIAN_POINT('',(4.380913895203,4.805027649189));
#3605 = CARTESIAN_POINT('',(4.2654544752,4.805027649189));
#3606 = CARTESIAN_POINT('',(4.150043895394,4.805027649189));
#3607 = CARTESIAN_POINT('',(4.034633315582,4.805027649189));
#3608 = CARTESIAN_POINT('',(3.919173895582,4.805027649189));
#3609 = CARTESIAN_POINT('',(3.803630634858,4.805027649189));
#3610 = CARTESIAN_POINT('',(3.58850995366,4.805027649189));
#3611 = CARTESIAN_POINT('',(3.488721378587,4.805027649189));
#3612 = CARTESIAN_POINT('',(3.388970970614,4.805027649189));
#3613 = CARTESIAN_POINT('',(3.289247508308,4.805027649189));
#3614 = CARTESIAN_POINT('',(3.189524046004,4.805027649189));
#3615 = CARTESIAN_POINT('',(3.089773638031,4.805027649189));
#3616 = CARTESIAN_POINT('',(2.989985062957,4.805027649189));
#3617 = CARTESIAN_POINT('',(2.790545419649,4.805027649189));
#3618 = CARTESIAN_POINT('',(2.690756844575,4.805027649189));
#3619 = CARTESIAN_POINT('',(2.591006436601,4.805027649189));
#3620 = CARTESIAN_POINT('',(2.491282974298,4.805027649189));
#3621 = CARTESIAN_POINT('',(2.39155951199,4.805027649189));
#3622 = CARTESIAN_POINT('',(2.291809104019,4.805027649189));
#3623 = CARTESIAN_POINT('',(2.192020528945,4.805027649189));
#3624 = CARTESIAN_POINT('',(2.075807349317,4.805027649189));
#3625 = CARTESIAN_POINT('',(2.059313988379,4.805027649189));
#3626 = CARTESIAN_POINT('',(2.042820625466,4.805027649189));
#3627 = CARTESIAN_POINT('',(2.026327261566,4.805027649189));
#3628 = CARTESIAN_POINT('',(2.009833897665,4.805027649189));
#3629 = CARTESIAN_POINT('',(1.993340534752,4.805027649189));
#3630 = CARTESIAN_POINT('',(1.976847173814,4.805027649189));
#3631 = CARTESIAN_POINT('',(1.936791891525,4.805027649189));
#3632 = CARTESIAN_POINT('',(1.913229949564,4.805027649189));
#3633 = CARTESIAN_POINT('',(1.889667995839,4.805027649189));
#3634 = CARTESIAN_POINT('',(1.866106036232,4.805027649189));
#3635 = CARTESIAN_POINT('',(1.842544076626,4.805027649189));
#3636 = CARTESIAN_POINT('',(1.818982122901,4.805027649189));
#3637 = CARTESIAN_POINT('',(1.79542018094,4.805027649189));
#3638 = CARTESIAN_POINT('',(1.745940150401,4.805027649189));
#3639 = CARTESIAN_POINT('',(1.720022015747,4.805027649189));
#3640 = CARTESIAN_POINT('',(1.69410386214,4.805027649189));
#3641 = CARTESIAN_POINT('',(1.668185699056,4.805027649189));
#3642 = CARTESIAN_POINT('',(1.642267535972,4.805027649189));
#3643 = CARTESIAN_POINT('',(1.616349382365,4.805027649189));
#3644 = CARTESIAN_POINT('',(1.590431247711,4.805027649189));
#3645 = CARTESIAN_POINT('',(1.541736612124,4.805027649189));
#3646 = CARTESIAN_POINT('',(1.518960067868,4.805027649189));
#3647 = CARTESIAN_POINT('',(1.496183513683,4.805027649189));
#3648 = CARTESIAN_POINT('',(1.473406954534,4.805027649189));
#3649 = CARTESIAN_POINT('',(1.450630395385,4.805027649189));
#3650 = CARTESIAN_POINT('',(1.4278538412,4.805027649189));
#3651 = CARTESIAN_POINT('',(1.405077296943,4.805027649189));
#3652 = CARTESIAN_POINT('',(1.359524238216,4.805027649189));
#3653 = CARTESIAN_POINT('',(1.336747693959,4.805027649189));
#3654 = CARTESIAN_POINT('',(1.313971139775,4.805027649189));
#3655 = CARTESIAN_POINT('',(1.291194580626,4.805027649189));
#3656 = CARTESIAN_POINT('',(1.268418021477,4.805027649189));
#3657 = CARTESIAN_POINT('',(1.245641467292,4.805027649189));
#3658 = CARTESIAN_POINT('',(1.222864923035,4.805027649189));
#3659 = CARTESIAN_POINT('',(1.18595122833,4.805027649189));
#3660 = CARTESIAN_POINT('',(1.171814061617,4.805027649189));
#3661 = CARTESIAN_POINT('',(1.15767689399,4.805027649189));
#3662 = CARTESIAN_POINT('',(1.143539725907,4.805027649189));
#3663 = CARTESIAN_POINT('',(1.129402557823,4.805027649189));
#3664 = CARTESIAN_POINT('',(1.115265390197,4.805027649189));
#3665 = CARTESIAN_POINT('',(1.101128223484,4.805027649189));
#3666 = CARTESIAN_POINT('',(1.072068495133,4.805027649189));
#3667 = CARTESIAN_POINT('',(1.057145930328,4.805027649189));
#3668 = CARTESIAN_POINT('',(1.042223364325,4.805027649189));
#3669 = CARTESIAN_POINT('',(1.027300797724,4.805027649189));
#3670 = CARTESIAN_POINT('',(1.012378231122,4.805027649189));
#3671 = CARTESIAN_POINT('',(0.99745566512,4.805027649189));
#3672 = CARTESIAN_POINT('',(0.982533100315,4.805027649189));
#3673 = CARTESIAN_POINT('',(0.904781345769,4.805027649189));
#3674 = CARTESIAN_POINT('',(0.841945305549,4.805027649189));
#3675 = CARTESIAN_POINT('',(0.779112311819,4.805027649189));
#3676 = CARTESIAN_POINT('',(0.716283125019,4.805027649189));
#3677 = CARTESIAN_POINT('',(0.653453938218,4.805027649189));
#3678 = CARTESIAN_POINT('',(0.590620944488,4.805027649189));
#3679 = CARTESIAN_POINT('',(0.527784904268,4.805027649189));
#3680 = CARTESIAN_POINT('',(0.406838059976,4.805027649189));
#3681 = CARTESIAN_POINT('',(0.348715746846,4.805027649189));
#3682 = CARTESIAN_POINT('',(0.290595506468,4.805027649189));
#3683 = CARTESIAN_POINT('',(0.232477856366,4.805027649189));
#3684 = CARTESIAN_POINT('',(0.174360206263,4.805027649189));
#3685 = CARTESIAN_POINT('',(0.116239965885,4.805027649189));
#3686 = CARTESIAN_POINT('',(5.81176527554E-02,4.805027649189));
#3687 = CARTESIAN_POINT('',(0.,4.805027649189));
#3688 = ( GEOMETRIC_REPRESENTATION_CONTEXT(2) 
PARAMETRIC_REPRESENTATION_CONTEXT() REPRESENTATION_CONTEXT('2D SPACE',''
  ) );
#3689 = PCURVE('',#3690,#3695);
#3690 = CYLINDRICAL_SURFACE('',#3691,19.14);
#3691 = AXIS2_PLACEMENT_3D('',#3692,#3693,#3694);
#3692 = CARTESIAN_POINT('',(0.,0.,-105.));
#3693 = DIRECTION('',(0.,0.,1.));
#3694 = DIRECTION('',(1.,0.,-0.));
#3695 = DEFINITIONAL_REPRESENTATION('',(#3696),#3804);
#3696 = B_SPLINE_CURVE_WITH_KNOTS('',8,(#3697,#3698,#3699,#3700,#3701,
    #3702,#3703,#3704,#3705,#3706,#3707,#3708,#3709,#3710,#3711,#3712,
    #3713,#3714,#3715,#3716,#3717,#3718,#3719,#3720,#3721,#3722,#3723,
    #3724,#3725,#3726,#3727,#3728,#3729,#3730,#3731,#3732,#3733,#3734,
    #3735,#3736,#3737,#3738,#3739,#3740,#3741,#3742,#3743,#3744,#3745,
    #3746,#3747,#3748,#3749,#3750,#3751,#3752,#3753,#3754,#3755,#3756,
    #3757,#3758,#3759,#3760,#3761,#3762,#3763,#3764,#3765,#3766,#3767,
    #3768,#3769,#3770,#3771,#3772,#3773,#3774,#3775,#3776,#3777,#3778,
    #3779,#3780,#3781,#3782,#3783,#3784,#3785,#3786,#3787,#3788,#3789,
    #3790,#3791,#3792,#3793,#3794,#3795,#3796,#3797,#3798,#3799,#3800,
    #3801,#3802,#3803),.UNSPECIFIED.,.F.,.F.,(9,7,7,7,7,7,7,7,7,7,7,7,7,
    7,7,9),(0.,8.901307385092E-02,0.119019386697,0.265983371807,
    0.412947356916,0.539941405684,0.666935454452,0.687939887394,
    0.71794620024,0.75095313097,0.779959236605,0.808965342239,
    0.826969143641,0.845973155712,0.925986670395,1.),.UNSPECIFIED.);
#3697 = CARTESIAN_POINT('',(6.28318530718,2.302253349158));
#3698 = CARTESIAN_POINT('',(6.213289371618,2.302253349158));
#3699 = CARTESIAN_POINT('',(6.143381851573,2.302253349158));
#3700 = CARTESIAN_POINT('',(6.073479486039,2.302253349158));
#3701 = CARTESIAN_POINT('',(6.00358356101,2.302253349158));
#3702 = CARTESIAN_POINT('',(5.933687635981,2.302253349158));
#3703 = CARTESIAN_POINT('',(5.863785270447,2.302253349158));
#3704 = CARTESIAN_POINT('',(5.793877750402,2.302253349158));
#3705 = CARTESIAN_POINT('',(5.700419890525,2.302253349158));
#3706 = CARTESIAN_POINT('',(5.676857948564,2.302253349158));
#3707 = CARTESIAN_POINT('',(5.65329599484,2.302253349158));
#3708 = CARTESIAN_POINT('',(5.629734035233,2.302253349158));
#3709 = CARTESIAN_POINT('',(5.606172075626,2.302253349158));
#3710 = CARTESIAN_POINT('',(5.582610121901,2.302253349158));
#3711 = CARTESIAN_POINT('',(5.55904817994,2.302253349158));
#3712 = CARTESIAN_POINT('',(5.420085396081,2.302253349158));
#3713 = CARTESIAN_POINT('',(5.30454213536,2.302253349158));
#3714 = CARTESIAN_POINT('',(5.189082715353,2.302253349158));
#3715 = CARTESIAN_POINT('',(5.073672135552,2.302253349158));
#3716 = CARTESIAN_POINT('',(4.958261555735,2.302253349158));
#3717 = CARTESIAN_POINT('',(4.842802135739,2.302253349158));
#3718 = CARTESIAN_POINT('',(4.727258875013,2.302253349158));
#3719 = CARTESIAN_POINT('',(4.496457155926,2.302253349158));
#3720 = CARTESIAN_POINT('',(4.380913895203,2.302253349158));
#3721 = CARTESIAN_POINT('',(4.2654544752,2.302253349158));
#3722 = CARTESIAN_POINT('',(4.150043895394,2.302253349158));
#3723 = CARTESIAN_POINT('',(4.034633315582,2.302253349158));
#3724 = CARTESIAN_POINT('',(3.919173895582,2.302253349158));
#3725 = CARTESIAN_POINT('',(3.803630634858,2.302253349158));
#3726 = CARTESIAN_POINT('',(3.58850995366,2.302253349158));
#3727 = CARTESIAN_POINT('',(3.488721378586,2.302253349158));
#3728 = CARTESIAN_POINT('',(3.388970970615,2.302253349158));
#3729 = CARTESIAN_POINT('',(3.289247508307,2.302253349158));
#3730 = CARTESIAN_POINT('',(3.189524046005,2.302253349158));
#3731 = CARTESIAN_POINT('',(3.089773638031,2.302253349158));
#3732 = CARTESIAN_POINT('',(2.989985062957,2.302253349158));
#3733 = CARTESIAN_POINT('',(2.790545419649,2.302253349158));
#3734 = CARTESIAN_POINT('',(2.690756844575,2.302253349158));
#3735 = CARTESIAN_POINT('',(2.591006436601,2.302253349158));
#3736 = CARTESIAN_POINT('',(2.491282974298,2.302253349158));
#3737 = CARTESIAN_POINT('',(2.39155951199,2.302253349158));
#3738 = CARTESIAN_POINT('',(2.291809104019,2.302253349158));
#3739 = CARTESIAN_POINT('',(2.192020528945,2.302253349158));
#3740 = CARTESIAN_POINT('',(2.075807349317,2.302253349158));
#3741 = CARTESIAN_POINT('',(2.059313988379,2.302253349158));
#3742 = CARTESIAN_POINT('',(2.042820625466,2.302253349158));
#3743 = CARTESIAN_POINT('',(2.026327261566,2.302253349158));
#3744 = CARTESIAN_POINT('',(2.009833897665,2.302253349158));
#3745 = CARTESIAN_POINT('',(1.993340534752,2.302253349158));
#3746 = CARTESIAN_POINT('',(1.976847173814,2.302253349158));
#3747 = CARTESIAN_POINT('',(1.936791891525,2.302253349158));
#3748 = CARTESIAN_POINT('',(1.913229949564,2.302253349158));
#3749 = CARTESIAN_POINT('',(1.889667995839,2.302253349158));
#3750 = CARTESIAN_POINT('',(1.866106036232,2.302253349158));
#3751 = CARTESIAN_POINT('',(1.842544076626,2.302253349158));
#3752 = CARTESIAN_POINT('',(1.818982122901,2.302253349158));
#3753 = CARTESIAN_POINT('',(1.79542018094,2.302253349158));
#3754 = CARTESIAN_POINT('',(1.745940150401,2.302253349158));
#3755 = CARTESIAN_POINT('',(1.720022015747,2.302253349158));
#3756 = CARTESIAN_POINT('',(1.69410386214,2.302253349158));
#3757 = CARTESIAN_POINT('',(1.668185699056,2.302253349158));
#3758 = CARTESIAN_POINT('',(1.642267535972,2.302253349158));
#3759 = CARTESIAN_POINT('',(1.616349382365,2.302253349158));
#3760 = CARTESIAN_POINT('',(1.590431247711,2.302253349158));
#3761 = CARTESIAN_POINT('',(1.541736612124,2.302253349158));
#3762 = CARTESIAN_POINT('',(1.518960067868,2.302253349158));
#3763 = CARTESIAN_POINT('',(1.496183513683,2.302253349158));
#3764 = CARTESIAN_POINT('',(1.473406954534,2.302253349158));
#3765 = CARTESIAN_POINT('',(1.450630395385,2.302253349158));
#3766 = CARTESIAN_POINT('',(1.4278538412,2.302253349158));
#3767 = CARTESIAN_POINT('',(1.405077296943,2.302253349158));
#3768 = CARTESIAN_POINT('',(1.359524238216,2.302253349158));
#3769 = CARTESIAN_POINT('',(1.336747693959,2.302253349158));
#3770 = CARTESIAN_POINT('',(1.313971139775,2.302253349158));
#3771 = CARTESIAN_POINT('',(1.291194580626,2.302253349158));
#3772 = CARTESIAN_POINT('',(1.268418021477,2.302253349158));
#3773 = CARTESIAN_POINT('',(1.245641467292,2.302253349158));
#3774 = CARTESIAN_POINT('',(1.222864923035,2.302253349158));
#3775 = CARTESIAN_POINT('',(1.18595122833,2.302253349158));
#3776 = CARTESIAN_POINT('',(1.171814061617,2.302253349158));
#3777 = CARTESIAN_POINT('',(1.15767689399,2.302253349158));
#3778 = CARTESIAN_POINT('',(1.143539725907,2.302253349158));
#3779 = CARTESIAN_POINT('',(1.129402557823,2.302253349158));
#3780 = CARTESIAN_POINT('',(1.115265390197,2.302253349158));
#3781 = CARTESIAN_POINT('',(1.101128223484,2.302253349158));
#3782 = CARTESIAN_POINT('',(1.072068495133,2.302253349158));
#3783 = CARTESIAN_POINT('',(1.057145930328,2.302253349158));
#3784 = CARTESIAN_POINT('',(1.042223364325,2.302253349158));
#3785 = CARTESIAN_POINT('',(1.027300797724,2.302253349158));
#3786 = CARTESIAN_POINT('',(1.012378231122,2.302253349158));
#3787 = CARTESIAN_POINT('',(0.99745566512,2.302253349158));
#3788 = CARTESIAN_POINT('',(0.982533100315,2.302253349158));
#3789 = CARTESIAN_POINT('',(0.904781345769,2.302253349158));
#3790 = CARTESIAN_POINT('',(0.841945305549,2.302253349158));
#3791 = CARTESIAN_POINT('',(0.779112311819,2.302253349158));
#3792 = CARTESIAN_POINT('',(0.716283125019,2.302253349158));
#3793 = CARTESIAN_POINT('',(0.653453938218,2.302253349158));
#3794 = CARTESIAN_POINT('',(0.590620944488,2.302253349158));
#3795 = CARTESIAN_POINT('',(0.527784904268,2.302253349158));
#3796 = CARTESIAN_POINT('',(0.406838059976,2.302253349158));
#3797 = CARTESIAN_POINT('',(0.348715746846,2.302253349158));
#3798 = CARTESIAN_POINT('',(0.290595506468,2.302253349158));
#3799 = CARTESIAN_POINT('',(0.232477856366,2.302253349158));
#3800 = CARTESIAN_POINT('',(0.174360206263,2.302253349158));
#3801 = CARTESIAN_POINT('',(0.116239965885,2.302253349158));
#3802 = CARTESIAN_POINT('',(5.81176527554E-02,2.302253349158));
#3803 = CARTESIAN_POINT('',(0.,2.302253349158));
#3804 = ( GEOMETRIC_REPRESENTATION_CONTEXT(2) 
PARAMETRIC_REPRESENTATION_CONTEXT() REPRESENTATION_CONTEXT('2D SPACE',''
  ) );
#3805 = FACE_BOUND('',#3806,.F.);
#3806 = EDGE_LOOP('',(#3807));
#3807 = ORIENTED_EDGE('',*,*,#2541,.T.);
#3808 = FACE_BOUND('',#3809,.F.);
#3809 = EDGE_LOOP('',(#3810));
#3810 = ORIENTED_EDGE('',*,*,#3811,.T.);
#3811 = EDGE_CURVE('',#3812,#3812,#3814,.T.);
#3812 = VERTEX_POINT('',#3813);
#3813 = CARTESIAN_POINT('',(9.7,8.,-102.9493832491));
#3814 = SURFACE_CURVE('',#3815,(#3898,#4037),.PCURVE_S1.);
#3815 = B_SPLINE_CURVE_WITH_KNOTS('',6,(#3816,#3817,#3818,#3819,#3820,
    #3821,#3822,#3823,#3824,#3825,#3826,#3827,#3828,#3829,#3830,#3831,
    #3832,#3833,#3834,#3835,#3836,#3837,#3838,#3839,#3840,#3841,#3842,
    #3843,#3844,#3845,#3846,#3847,#3848,#3849,#3850,#3851,#3852,#3853,
    #3854,#3855,#3856,#3857,#3858,#3859,#3860,#3861,#3862,#3863,#3864,
    #3865,#3866,#3867,#3868,#3869,#3870,#3871,#3872,#3873,#3874,#3875,
    #3876,#3877,#3878,#3879,#3880,#3881,#3882,#3883,#3884,#3885,#3886,
    #3887,#3888,#3889,#3890,#3891,#3892,#3893,#3894,#3895,#3896,#3897),
  .UNSPECIFIED.,.T.,.F.,(7,5,5,5,5,5,5,5,5,5,5,5,5,5,5,5,7),(0.,
    0.10591778886,0.236504350304,0.365631880232,0.43218572373,
    0.49000621149,0.522584643251,0.588097576372,0.657958946622,
    0.726553633797,0.849025860636,0.936221702016,1.,1.095875055238,
    1.183642073137,1.232920649842,1.347019132792),.UNSPECIFIED.);
#3816 = CARTESIAN_POINT('',(9.7,8.,-102.9493832491));
#3817 = CARTESIAN_POINT('',(9.7,8.13998313277,-102.9466801982));
#3818 = CARTESIAN_POINT('',(9.686168011926,8.279963028188,-102.944244218
    ));
#3819 = CARTESIAN_POINT('',(9.658505485303,8.418201289862,
    -102.9421088802));
#3820 = CARTESIAN_POINT('',(9.617313403284,8.553015285472,
    -102.9403008978));
#3821 = CARTESIAN_POINT('',(9.563132783792,8.682784505071,
    -102.9388411435));
#3822 = CARTESIAN_POINT('',(9.415003791943,8.957875295505,
    -102.9363892551));
#3823 = CARTESIAN_POINT('',(9.314697452753,9.099844234628,
    -102.9355846449));
#3824 = CARTESIAN_POINT('',(9.197424972079,9.228974209988,
    -102.9353556426));
#3825 = CARTESIAN_POINT('',(9.065292774051,9.342843686814,
    -102.9357083467));
#3826 = CARTESIAN_POINT('',(8.920775511779,9.439422300116,
    -102.9366341607));
#3827 = CARTESIAN_POINT('',(8.614544735818,9.594188659267,
    -102.9395592337));
#3828 = CARTESIAN_POINT('',(8.452977358163,9.652825594776,
    -102.9415469965));
#3829 = CARTESIAN_POINT('',(8.28492649204,9.691696975117,-102.9440416209
    ));
#3830 = CARTESIAN_POINT('',(8.113394400432,9.710026249286,
    -102.9470000723));
#3831 = CARTESIAN_POINT('',(7.941472599853,9.707545606683,
    -102.9503677611));
#3832 = CARTESIAN_POINT('',(7.685126988825,9.672900274985,
    -102.9559864916));
#3833 = CARTESIAN_POINT('',(7.598663198368,9.655701065855,-102.957988073
    ));
#3834 = CARTESIAN_POINT('',(7.513345435477,9.633141559378,
    -102.9600709774));
#3835 = CARTESIAN_POINT('',(7.429586931439,9.605319921952,
    -102.9622253235));
#3836 = CARTESIAN_POINT('',(7.347788919415,9.572376590969,
    -102.9644406468));
#3837 = CARTESIAN_POINT('',(7.199314062005,9.501582364355,
    -102.9686739839));
#3838 = CARTESIAN_POINT('',(7.132059851605,9.464941967989,
    -102.9706797887));
#3839 = CARTESIAN_POINT('',(7.066829526654,9.424692351865,
    -102.9727161526));
#3840 = CARTESIAN_POINT('',(7.003863967834,9.380974830093,
    -102.9747756944));
#3841 = CARTESIAN_POINT('',(6.943390536921,9.333952056545,-102.976850883
    ));
#3842 = CARTESIAN_POINT('',(6.853073107365,9.255554220337,
    -102.9801078118));
#3843 = CARTESIAN_POINT('',(6.821382584977,9.226309611083,
    -102.9812841053));
#3844 = CARTESIAN_POINT('',(6.790588567779,9.196106562009,
    -102.9824615782));
#3845 = CARTESIAN_POINT('',(6.760727219446,9.164979652119,-102.983638865
    ));
#3846 = CARTESIAN_POINT('',(6.731832903738,9.132965289057,
    -102.9848145994));
#3847 = CARTESIAN_POINT('',(6.647843867576,9.034015363073,
    -102.9883458646));
#3848 = CARTESIAN_POINT('',(6.595790760645,8.964493622443,
    -102.9906925555));
#3849 = CARTESIAN_POINT('',(6.548044839437,8.891849167635,
    -102.9930163188));
#3850 = CARTESIAN_POINT('',(6.504837351267,8.81641857383,-102.9953061974
    ));
#3851 = CARTESIAN_POINT('',(6.466363609054,8.738560770339,
    -102.9975514977));
#3852 = CARTESIAN_POINT('',(6.396970959774,8.573446497519,
    -103.0020775733));
#3853 = CARTESIAN_POINT('',(6.366721604156,8.485905785635,
    -103.0043509042));
#3854 = CARTESIAN_POINT('',(6.342225421989,8.39649455289,-103.0065492412
    ));
#3855 = CARTESIAN_POINT('',(6.323620904381,8.305688690192,
    -103.0086607349));
#3856 = CARTESIAN_POINT('',(6.310992995924,8.213976008546,
    -103.0106743406));
#3857 = CARTESIAN_POINT('',(6.297872559244,8.031401214142,
    -103.0144508645));
#3858 = CARTESIAN_POINT('',(6.297163864022,7.940550063526,
    -103.0162177445));
#3859 = CARTESIAN_POINT('',(6.302275698221,7.849770032511,
    -103.0178708952));
#3860 = CARTESIAN_POINT('',(6.313186178479,7.759526984687,
    -103.0194017578));
#3861 = CARTESIAN_POINT('',(6.329823797105,7.670280308367,-103.020802856
    ));
#3862 = CARTESIAN_POINT('',(6.391785823105,7.425718826752,
    -103.0243263334));
#3863 = CARTESIAN_POINT('',(6.449384355823,7.27354329382,-103.0261512516
    ));
#3864 = CARTESIAN_POINT('',(6.524181811627,7.128550340954,
    -103.0275056826));
#3865 = CARTESIAN_POINT('',(6.61500861721,6.993081782961,-103.028367042)
  );
#3866 = CARTESIAN_POINT('',(6.720348841249,6.86925981587,-103.0287236473
    ));
#3867 = CARTESIAN_POINT('',(6.922190602588,6.68032318269,-103.028474643)
  );
#3868 = CARTESIAN_POINT('',(7.01252052401,6.608551573981,-103.0281165604
    ));
#3869 = CARTESIAN_POINT('',(7.108544832722,6.544235608772,
    -103.0275047469));
#3870 = CARTESIAN_POINT('',(7.209497417,6.487925200307,-103.0266433679)
  );
#3871 = CARTESIAN_POINT('',(7.314546677423,6.440064135618,
    -103.0255398962));
#3872 = CARTESIAN_POINT('',(7.501983449229,6.372404774384,
    -103.0232286941));
#3873 = CARTESIAN_POINT('',(7.582882810733,6.348520794787,
    -103.0221285251));
#3874 = CARTESIAN_POINT('',(7.665150604971,6.329465648608,
    -103.0209087584));
#3875 = CARTESIAN_POINT('',(7.748427278602,6.315335126365,
    -103.0195744775));
#3876 = CARTESIAN_POINT('',(7.832344267296,6.306189166181,
    -103.0181316311));
#3877 = CARTESIAN_POINT('',(8.043071048476,6.295829410773,
    -103.0142651013));
#3878 = CARTESIAN_POINT('',(8.170227107336,6.300923043669,
    -103.0117129849));
#3879 = CARTESIAN_POINT('',(8.29670117683,6.317413124462,-103.008954023)
  );
#3880 = CARTESIAN_POINT('',(8.421220074292,6.345175206116,
    -103.0060151629));
#3881 = CARTESIAN_POINT('',(8.542537097959,6.383911003817,
    -103.0029261998));
#3882 = CARTESIAN_POINT('',(8.766478468925,6.478160807003,-102.996784984
    ));
#3883 = CARTESIAN_POINT('',(8.869829343553,6.531985073475,
    -102.9937513412));
#3884 = CARTESIAN_POINT('',(8.968585951073,6.59420590333,-102.9906441994
    ));
#3885 = CARTESIAN_POINT('',(9.061901713358,6.664322278505,
    -102.9874895605));
#3886 = CARTESIAN_POINT('',(9.149008274207,6.741721690563,
    -102.9843140743));
#3887 = CARTESIAN_POINT('',(9.274259925794,6.872829844942,-102.979365336
    ));
#3888 = CARTESIAN_POINT('',(9.31712642551,6.922044653448,-102.9775877728
    ));
#3889 = CARTESIAN_POINT('',(9.357701793086,6.9732043566,-102.9758168566)
  );
#3890 = CARTESIAN_POINT('',(9.395876905893,7.026174743081,
    -102.9740572855));
#3891 = CARTESIAN_POINT('',(9.431553415912,7.080813700119,
    -102.9723137026));
#3892 = CARTESIAN_POINT('',(9.541260347496,7.266997028133,
    -102.9666012879));
#3893 = CARTESIAN_POINT('',(9.604024282826,7.40518371198,-102.9627215786
    ));
#3894 = CARTESIAN_POINT('',(9.651823925752,7.549642540209,
    -102.9590095124));
#3895 = CARTESIAN_POINT('',(9.683946868437,7.698348935143,
    -102.9555179653));
#3896 = CARTESIAN_POINT('',(9.7,7.849195945672,-102.9522952503));
#3897 = CARTESIAN_POINT('',(9.7,8.,-102.9493832491));
#3898 = PCURVE('',#2784,#3899);
#3899 = DEFINITIONAL_REPRESENTATION('',(#3900),#4036);
#3900 = B_SPLINE_CURVE_WITH_KNOTS('',3,(#3901,#3902,#3903,#3904,#3905,
    #3906,#3907,#3908,#3909,#3910,#3911,#3912,#3913,#3914,#3915,#3916,
    #3917,#3918,#3919,#3920,#3921,#3922,#3923,#3924,#3925,#3926,#3927,
    #3928,#3929,#3930,#3931,#3932,#3933,#3934,#3935,#3936,#3937,#3938,
    #3939,#3940,#3941,#3942,#3943,#3944,#3945,#3946,#3947,#3948,#3949,
    #3950,#3951,#3952,#3953,#3954,#3955,#3956,#3957,#3958,#3959,#3960,
    #3961,#3962,#3963,#3964,#3965,#3966,#3967,#3968,#3969,#3970,#3971,
    #3972,#3973,#3974,#3975,#3976,#3977,#3978,#3979,#3980,#3981,#3982,
    #3983,#3984,#3985,#3986,#3987,#3988,#3989,#3990,#3991,#3992,#3993,
    #3994,#3995,#3996,#3997,#3998,#3999,#4000,#4001,#4002,#4003,#4004,
    #4005,#4006,#4007,#4008,#4009,#4010,#4011,#4012,#4013,#4014,#4015,
    #4016,#4017,#4018,#4019,#4020,#4021,#4022,#4023,#4024,#4025,#4026,
    #4027,#4028,#4029,#4030,#4031,#4032,#4033,#4034,#4035),
  .UNSPECIFIED.,.T.,.F.,(4,1,1,1,1,1,1,1,1,1,1,1,1,1,1,1,1,1,1,1,1,1,1,1
    ,1,1,1,1,1,1,1,1,1,1,1,1,1,1,1,1,1,1,1,1,1,1,1,1,1,1,1,1,1,1,1,1,1,1
    ,1,1,1,1,1,1,1,1,1,1,1,1,1,1,1,1,1,1,1,1,1,1,1,1,1,1,1,1,1,1,1,1,1,1
    ,1,1,1,1,1,1,1,1,1,1,1,1,1,1,1,1,1,1,1,1,1,1,1,1,1,1,1,1,1,1,1,1,1,1
    ,1,1,1,1,1,1,4),(0.,1.020469039994E-02,2.040938079988E-02,
    3.061407119982E-02,4.081876159975E-02,5.102345199969E-02,
    6.122814239963E-02,7.143283279957E-02,8.163752319951E-02,
    9.184221359945E-02,0.102046903999,0.112251594399,0.122456284799,
    0.132660975199,0.142865665599,0.153070355999,0.163275046399,
    0.173479736799,0.183684427199,0.193889117599,0.204093807999,
    0.214298498399,0.224503188799,0.234707879199,0.244912569599,
    0.255117259998,0.265321950398,0.275526640798,0.285731331198,
    0.295936021598,0.306140711998,0.316345402398,0.326550092798,
    0.336754783198,0.346959473598,0.357164163998,0.367368854398,
    0.377573544798,0.387778235198,0.397982925598,0.408187615998,
    0.418392306397,0.428596996797,0.438801687197,0.449006377597,
    0.459211067997,0.469415758397,0.479620448797,0.489825139197,
    0.500029829597,0.510234519997,0.520439210397,0.530643900797,
    0.540848591197,0.551053281597,0.561257971997,0.571462662397,
    0.581667352796,0.591872043196,0.602076733596,0.612281423996,
    0.622486114396,0.632690804796,0.642895495196,0.653100185596,
    0.663304875996,0.673509566396,0.683714256796,0.693918947196,
    0.704123637596,0.714328327996,0.724533018396,0.734737708796,
    0.744942399196,0.755147089595,0.765351779995,0.775556470395,
    0.785761160795,0.795965851195,0.806170541595,0.816375231995,
    0.826579922395,0.836784612795,0.846989303195,0.857193993595,
    0.867398683995,0.877603374395,0.887808064795,0.898012755195,
    0.908217445595,0.918422135994,0.928626826394,0.938831516794,
    0.949036207194,0.959240897594,0.969445587994,0.979650278394,
    0.989854968794,1.000059659194,1.010264349594,1.020469039994,
    1.030673730394,1.040878420794,1.051083111194,1.061287801594,
    1.071492491994,1.081697182393,1.091901872793,1.102106563193,
    1.112311253593,1.122515943993,1.132720634393,1.142925324793,
    1.153130015193,1.163334705593,1.173539395993,1.183744086393,
    1.193948776793,1.204153467193,1.214358157593,1.224562847993,
    1.234767538393,1.244972228792,1.255176919192,1.265381609592,
    1.275586299992,1.285790990392,1.295995680792,1.306200371192,
    1.316405061592,1.326609751992,1.336814442392,1.347019132792),
  .QUASI_UNIFORM_KNOTS.);
#3901 = CARTESIAN_POINT('',(0.689646670502,4.773195321912));
#3902 = CARTESIAN_POINT('',(0.691301705381,4.773278425508));
#3903 = CARTESIAN_POINT('',(0.694663128897,4.773440327596));
#3904 = CARTESIAN_POINT('',(0.699849490271,4.773669897725));
#3905 = CARTESIAN_POINT('',(0.705170188254,4.773885805899));
#3906 = CARTESIAN_POINT('',(0.710615523476,4.774087712559));
#3907 = CARTESIAN_POINT('',(0.716175902448,4.774275301817));
#3908 = CARTESIAN_POINT('',(0.721841837496,4.774448283947));
#3909 = CARTESIAN_POINT('',(0.727603920435,4.774606393425));
#3910 = CARTESIAN_POINT('',(0.733452798914,4.77474938854));
#3911 = CARTESIAN_POINT('',(0.739379149836,4.774877051124));
#3912 = CARTESIAN_POINT('',(0.745373642835,4.774989186142));
#3913 = CARTESIAN_POINT('',(0.751426926631,4.775085623568));
#3914 = CARTESIAN_POINT('',(0.757530642076,4.775166229543));
#3915 = CARTESIAN_POINT('',(0.763675183278,4.775230873741));
#3916 = CARTESIAN_POINT('',(0.769851358117,4.775279458737));
#3917 = CARTESIAN_POINT('',(0.77605002193,4.775311912009));
#3918 = CARTESIAN_POINT('',(0.782262136599,4.775328186375));
#3919 = CARTESIAN_POINT('',(0.788478716673,4.775328258627));
#3920 = CARTESIAN_POINT('',(0.79469080675,4.7753121291));
#3921 = CARTESIAN_POINT('',(0.800889450191,4.775279821457));
#3922 = CARTESIAN_POINT('',(0.807065663068,4.775231382827));
#3923 = CARTESIAN_POINT('',(0.813210396212,4.775166884466));
#3924 = CARTESIAN_POINT('',(0.819314538431,4.775086422124));
#3925 = CARTESIAN_POINT('',(0.825368764297,4.774990119209));
#3926 = CARTESIAN_POINT('',(0.831363958394,4.774878121226));
#3927 = CARTESIAN_POINT('',(0.837291504818,4.774750584205));
#3928 = CARTESIAN_POINT('',(0.843141697457,4.774607708349));
#3929 = CARTESIAN_POINT('',(0.848905171632,4.774449712702));
#3930 = CARTESIAN_POINT('',(0.854572498646,4.774276840957));
#3931 = CARTESIAN_POINT('',(0.86013425261,4.77408935971));
#3932 = CARTESIAN_POINT('',(0.86558095549,4.773887559101));
#3933 = CARTESIAN_POINT('',(0.870903059758,4.773671753172));
#3934 = CARTESIAN_POINT('',(0.87609092454,4.773442280754));
#3935 = CARTESIAN_POINT('',(0.881134801921,4.773199506348));
#3936 = CARTESIAN_POINT('',(0.886024810806,4.772943822344));
#3937 = CARTESIAN_POINT('',(0.890750972233,4.772675647812));
#3938 = CARTESIAN_POINT('',(0.895303033808,4.772395441559));
#3939 = CARTESIAN_POINT('',(0.899671138494,4.772103661015));
#3940 = CARTESIAN_POINT('',(0.903845248672,4.771800793771));
#3941 = CARTESIAN_POINT('',(0.907815124434,4.771487362569));
#3942 = CARTESIAN_POINT('',(0.911570545398,4.771163911918));
#3943 = CARTESIAN_POINT('',(0.915101250721,4.7708310132));
#3944 = CARTESIAN_POINT('',(0.918396959676,4.770489264808));
#3945 = CARTESIAN_POINT('',(0.921447371297,4.770139293725));
#3946 = CARTESIAN_POINT('',(0.924242281347,4.769781746692));
#3947 = CARTESIAN_POINT('',(0.926771487307,4.769417302848));
#3948 = CARTESIAN_POINT('',(0.929024905399,4.769046663918));
#3949 = CARTESIAN_POINT('',(0.930992580092,4.768670557337));
#3950 = CARTESIAN_POINT('',(0.932664718019,4.768289737517));
#3951 = CARTESIAN_POINT('',(0.93403174086,4.767904983946));
#3952 = CARTESIAN_POINT('',(0.935084351368,4.767517097918));
#3953 = CARTESIAN_POINT('',(0.93581356903,4.767126906399));
#3954 = CARTESIAN_POINT('',(0.936210802034,4.766735257409));
#3955 = CARTESIAN_POINT('',(0.936267914097,4.766343021195));
#3956 = CARTESIAN_POINT('',(0.935977298789,4.765951092618));
#3957 = CARTESIAN_POINT('',(0.935331957607,4.765560381641));
#3958 = CARTESIAN_POINT('',(0.934325585176,4.765171815826));
#3959 = CARTESIAN_POINT('',(0.932952656433,4.764786338481));
#3960 = CARTESIAN_POINT('',(0.931208539589,4.764404911667));
#3961 = CARTESIAN_POINT('',(0.929089522203,4.764028498076));
#3962 = CARTESIAN_POINT('',(0.926593016678,4.763658079236));
#3963 = CARTESIAN_POINT('',(0.923717580987,4.763294638973));
#3964 = CARTESIAN_POINT('',(0.920463028193,4.762939162107));
#3965 = CARTESIAN_POINT('',(0.916830535006,4.762592632542));
#3966 = CARTESIAN_POINT('',(0.912822743358,4.762256030501));
#3967 = CARTESIAN_POINT('',(0.908443890258,4.761930331829));
#3968 = CARTESIAN_POINT('',(0.903699707336,4.761616489206));
#3969 = CARTESIAN_POINT('',(0.898597754813,4.76131544777));
#3970 = CARTESIAN_POINT('',(0.893147287249,4.761028126923));
#3971 = CARTESIAN_POINT('',(0.887359351,4.760755419245));
#3972 = CARTESIAN_POINT('',(0.881246811949,4.760498185769));
#3973 = CARTESIAN_POINT('',(0.874824443872,4.760257254218));
#3974 = CARTESIAN_POINT('',(0.868108751733,4.760033407858));
#3975 = CARTESIAN_POINT('',(0.861117849779,4.759827379804));
#3976 = CARTESIAN_POINT('',(0.853872085955,4.759639868164));
#3977 = CARTESIAN_POINT('',(0.84639325987,4.759471507662));
#3978 = CARTESIAN_POINT('',(0.838704717147,4.759322873638));
#3979 = CARTESIAN_POINT('',(0.83083119981,4.759194477734));
#3980 = CARTESIAN_POINT('',(0.822798738313,4.75908676572));
#3981 = CARTESIAN_POINT('',(0.81463451068,4.759000114719));
#3982 = CARTESIAN_POINT('',(0.806366686801,4.758934830632));
#3983 = CARTESIAN_POINT('',(0.798024268765,4.758891145596));
#3984 = CARTESIAN_POINT('',(0.789636876924,4.758869215577));
#3985 = CARTESIAN_POINT('',(0.781234686046,4.758869118127));
#3986 = CARTESIAN_POINT('',(0.772847760737,4.758890850254));
#3987 = CARTESIAN_POINT('',(0.764505054293,4.758934337297));
#3988 = CARTESIAN_POINT('',(0.756236566526,4.758999424643));
#3989 = CARTESIAN_POINT('',(0.748071290404,4.759085881926));
#3990 = CARTESIAN_POINT('',(0.740037484795,4.759193404264));
#3991 = CARTESIAN_POINT('',(0.732162379165,4.759321614776));
#3992 = CARTESIAN_POINT('',(0.724472056386,4.759470067131));
#3993 = CARTESIAN_POINT('',(0.716991288906,4.759638248961));
#3994 = CARTESIAN_POINT('',(0.709743494404,4.759825583698));
#3995 = CARTESIAN_POINT('',(0.702750342919,4.760031440369));
#3996 = CARTESIAN_POINT('',(0.696031976504,4.760255129112));
#3997 = CARTESIAN_POINT('',(0.68960677513,4.760495910751));
#3998 = CARTESIAN_POINT('',(0.683491295007,4.76075300111));
#3999 = CARTESIAN_POINT('',(0.677700252065,4.761025575876));
#4000 = CARTESIAN_POINT('',(0.672246611869,4.761312769988));
#4001 = CARTESIAN_POINT('',(0.667141323685,4.761613697767));
#4002 = CARTESIAN_POINT('',(0.662393677979,4.761927440937));
#4003 = CARTESIAN_POINT('',(0.658011320818,4.762253050641));
#4004 = CARTESIAN_POINT('',(0.654000075698,4.762589567355));
#4005 = CARTESIAN_POINT('',(0.650364126292,4.762936020174));
#4006 = CARTESIAN_POINT('',(0.647106102758,4.763291430991));
#4007 = CARTESIAN_POINT('',(0.644227191666,4.763654816793));
#4008 = CARTESIAN_POINT('',(0.641727235132,4.764025191711));
#4009 = CARTESIAN_POINT('',(0.639604826755,4.764401569093));
#4010 = CARTESIAN_POINT('',(0.63785739992,4.764782960965));
#4011 = CARTESIAN_POINT('',(0.636481190205,4.765168418327));
#4012 = CARTESIAN_POINT('',(0.635471597819,4.765556972475));
#4013 = CARTESIAN_POINT('',(0.634823107295,4.765947678694));
#4014 = CARTESIAN_POINT('',(0.634529422711,4.766339608784));
#4015 = CARTESIAN_POINT('',(0.634583550642,4.766731853648));
#4016 = CARTESIAN_POINT('',(0.634977887595,4.767123522588));
#4017 = CARTESIAN_POINT('',(0.635704299507,4.767513744389));
#4018 = CARTESIAN_POINT('',(0.636754185921,4.767901663304));
#4019 = CARTESIAN_POINT('',(0.63811857124,4.768286452611));
#4020 = CARTESIAN_POINT('',(0.639788155801,4.768667314861));
#4021 = CARTESIAN_POINT('',(0.641753362985,4.769043468987));
#4022 = CARTESIAN_POINT('',(0.644004421412,4.769414164039));
#4023 = CARTESIAN_POINT('',(0.646531330422,4.769778666127));
#4024 = CARTESIAN_POINT('',(0.649324140165,4.770136290305));
#4025 = CARTESIAN_POINT('',(0.652372636311,4.770486351332));
#4026 = CARTESIAN_POINT('',(0.655666510227,4.770828190229));
#4027 = CARTESIAN_POINT('',(0.659195463246,4.77116118064));
#4028 = CARTESIAN_POINT('',(0.662949211253,4.771484724863));
#4029 = CARTESIAN_POINT('',(0.666917504958,4.771798252874));
#4030 = CARTESIAN_POINT('',(0.671090135584,4.772101220883));
#4031 = CARTESIAN_POINT('',(0.675456935031,4.772393110019));
#4032 = CARTESIAN_POINT('',(0.680007767392,4.772673426134));
#4033 = CARTESIAN_POINT('',(0.684732517603,4.772941696198));
#4034 = CARTESIAN_POINT('',(0.687991545303,4.773112217637));
#4035 = CARTESIAN_POINT('',(0.689646670502,4.773195321912));
#4036 = ( GEOMETRIC_REPRESENTATION_CONTEXT(2) 
PARAMETRIC_REPRESENTATION_CONTEXT() REPRESENTATION_CONTEXT('2D SPACE',''
  ) );
#4037 = PCURVE('',#2177,#4038);
#4038 = DEFINITIONAL_REPRESENTATION('',(#4039),#4175);
#4039 = B_SPLINE_CURVE_WITH_KNOTS('',3,(#4040,#4041,#4042,#4043,#4044,
    #4045,#4046,#4047,#4048,#4049,#4050,#4051,#4052,#4053,#4054,#4055,
    #4056,#4057,#4058,#4059,#4060,#4061,#4062,#4063,#4064,#4065,#4066,
    #4067,#4068,#4069,#4070,#4071,#4072,#4073,#4074,#4075,#4076,#4077,
    #4078,#4079,#4080,#4081,#4082,#4083,#4084,#4085,#4086,#4087,#4088,
    #4089,#4090,#4091,#4092,#4093,#4094,#4095,#4096,#4097,#4098,#4099,
    #4100,#4101,#4102,#4103,#4104,#4105,#4106,#4107,#4108,#4109,#4110,
    #4111,#4112,#4113,#4114,#4115,#4116,#4117,#4118,#4119,#4120,#4121,
    #4122,#4123,#4124,#4125,#4126,#4127,#4128,#4129,#4130,#4131,#4132,
    #4133,#4134,#4135,#4136,#4137,#4138,#4139,#4140,#4141,#4142,#4143,
    #4144,#4145,#4146,#4147,#4148,#4149,#4150,#4151,#4152,#4153,#4154,
    #4155,#4156,#4157,#4158,#4159,#4160,#4161,#4162,#4163,#4164,#4165,
    #4166,#4167,#4168,#4169,#4170,#4171,#4172,#4173,#4174),
  .UNSPECIFIED.,.F.,.F.,(4,1,1,1,1,1,1,1,1,1,1,1,1,1,1,1,1,1,1,1,1,1,1,1
    ,1,1,1,1,1,1,1,1,1,1,1,1,1,1,1,1,1,1,1,1,1,1,1,1,1,1,1,1,1,1,1,1,1,1
    ,1,1,1,1,1,1,1,1,1,1,1,1,1,1,1,1,1,1,1,1,1,1,1,1,1,1,1,1,1,1,1,1,1,1
    ,1,1,1,1,1,1,1,1,1,1,1,1,1,1,1,1,1,1,1,1,1,1,1,1,1,1,1,1,1,1,1,1,1,1
    ,1,1,1,1,1,1,4),(0.,1.020469039994E-02,2.040938079988E-02,
    3.061407119982E-02,4.081876159975E-02,5.102345199969E-02,
    6.122814239963E-02,7.143283279957E-02,8.163752319951E-02,
    9.184221359945E-02,0.102046903999,0.112251594399,0.122456284799,
    0.132660975199,0.142865665599,0.153070355999,0.163275046399,
    0.173479736799,0.183684427199,0.193889117599,0.204093807999,
    0.214298498399,0.224503188799,0.234707879199,0.244912569599,
    0.255117259998,0.265321950398,0.275526640798,0.285731331198,
    0.295936021598,0.306140711998,0.316345402398,0.326550092798,
    0.336754783198,0.346959473598,0.357164163998,0.367368854398,
    0.377573544798,0.387778235198,0.397982925598,0.408187615998,
    0.418392306397,0.428596996797,0.438801687197,0.449006377597,
    0.459211067997,0.469415758397,0.479620448797,0.489825139197,
    0.500029829597,0.510234519997,0.520439210397,0.530643900797,
    0.540848591197,0.551053281597,0.561257971997,0.571462662397,
    0.581667352796,0.591872043196,0.602076733596,0.612281423996,
    0.622486114396,0.632690804796,0.642895495196,0.653100185596,
    0.663304875996,0.673509566396,0.683714256796,0.693918947196,
    0.704123637596,0.714328327996,0.724533018396,0.734737708796,
    0.744942399196,0.755147089595,0.765351779995,0.775556470395,
    0.785761160795,0.795965851195,0.806170541595,0.816375231995,
    0.826579922395,0.836784612795,0.846989303195,0.857193993595,
    0.867398683995,0.877603374395,0.887808064795,0.898012755195,
    0.908217445595,0.918422135994,0.928626826394,0.938831516794,
    0.949036207194,0.959240897594,0.969445587994,0.979650278394,
    0.989854968794,1.000059659194,1.010264349594,1.020469039994,
    1.030673730394,1.040878420794,1.051083111194,1.061287801594,
    1.071492491994,1.081697182393,1.091901872793,1.102106563193,
    1.112311253593,1.122515943993,1.132720634393,1.142925324793,
    1.153130015193,1.163334705593,1.173539395993,1.183744086393,
    1.193948776793,1.204153467193,1.214358157593,1.224562847993,
    1.234767538393,1.244972228792,1.255176919192,1.265381609592,
    1.275586299992,1.285790990392,1.295995680792,1.306200371192,
    1.316405061592,1.326609751992,1.336814442392,1.347019132792),
  .QUASI_UNIFORM_KNOTS.);
#4040 = CARTESIAN_POINT('',(3.134747363647E-15,2.150616750801));
#4041 = CARTESIAN_POINT('',(1.586680052015E-02,2.151137621004));
#4042 = CARTESIAN_POINT('',(4.759998948396E-02,2.15215450521));
#4043 = CARTESIAN_POINT('',(9.519791766367E-02,2.153601992745));
#4044 = CARTESIAN_POINT('',(0.142793136954,2.154968291151));
#4045 = CARTESIAN_POINT('',(0.190385614786,2.156250330699));
#4046 = CARTESIAN_POINT('',(0.237975610858,2.157445222225));
#4047 = CARTESIAN_POINT('',(0.285563595336,2.158550282444));
#4048 = CARTESIAN_POINT('',(0.333150061849,2.159563027628));
#4049 = CARTESIAN_POINT('',(0.380735367835,2.160481177423));
#4050 = CARTESIAN_POINT('',(0.428319577454,2.161302658709));
#4051 = CARTESIAN_POINT('',(0.475902226635,2.162025608136));
#4052 = CARTESIAN_POINT('',(0.523482311402,2.162648388868));
#4053 = CARTESIAN_POINT('',(0.571066170513,2.16316966696));
#4054 = CARTESIAN_POINT('',(0.618650035152,2.163588203863));
#4055 = CARTESIAN_POINT('',(0.666233188834,2.16390304922));
#4056 = CARTESIAN_POINT('',(0.713815079432,2.164113491607));
#4057 = CARTESIAN_POINT('',(0.761395829556,2.164219063155));
#4058 = CARTESIAN_POINT('',(0.808975866377,2.164219531924));
#4059 = CARTESIAN_POINT('',(0.856555810679,2.164114899714));
#4060 = CARTESIAN_POINT('',(0.904136302823,2.163905400677));
#4061 = CARTESIAN_POINT('',(0.951717869525,2.163591501617));
#4062 = CARTESIAN_POINT('',(0.999300691029,2.163173905054));
#4063 = CARTESIAN_POINT('',(1.04688467938,2.162653549837));
#4064 = CARTESIAN_POINT('',(1.094468320314,2.162031629149));
#4065 = CARTESIAN_POINT('',(1.142052016544,2.161309551667));
#4066 = CARTESIAN_POINT('',(1.189640613904,2.160488863451));
#4067 = CARTESIAN_POINT('',(1.237230733384,2.159571460888));
#4068 = CARTESIAN_POINT('',(1.284822120581,2.158559422467));
#4069 = CARTESIAN_POINT('',(1.332414517149,2.157455041004));
#4070 = CARTESIAN_POINT('',(1.380008248741,2.15626080672));
#4071 = CARTESIAN_POINT('',(1.427603843039,2.154979405289));
#4072 = CARTESIAN_POINT('',(1.475201928315,2.153613713536));
#4073 = CARTESIAN_POINT('',(1.52280305373,2.152166797937));
#4074 = CARTESIAN_POINT('',(1.570407569676,2.150641912613));
#4075 = CARTESIAN_POINT('',(1.618015326397,2.149042504955));
#4076 = CARTESIAN_POINT('',(1.665625972857,2.147372199565));
#4077 = CARTESIAN_POINT('',(1.713236925592,2.145634869701));
#4078 = CARTESIAN_POINT('',(1.76085032416,2.143834373196));
#4079 = CARTESIAN_POINT('',(1.808467297266,2.141974740027));
#4080 = CARTESIAN_POINT('',(1.856087414048,2.140060192971));
#4081 = CARTESIAN_POINT('',(1.903710923199,2.138095054789));
#4082 = CARTESIAN_POINT('',(1.951337931061,2.13608376968));
#4083 = CARTESIAN_POINT('',(1.998968402636,2.134030893883));
#4084 = CARTESIAN_POINT('',(2.046601922727,2.13194109539));
#4085 = CARTESIAN_POINT('',(2.09423894728,2.129819090346));
#4086 = CARTESIAN_POINT('',(2.141879021963,2.127669709058));
#4087 = CARTESIAN_POINT('',(2.189522101856,2.125497827571));
#4088 = CARTESIAN_POINT('',(2.237168094982,2.123308376657));
#4089 = CARTESIAN_POINT('',(2.284816658382,2.121106339889));
#4090 = CARTESIAN_POINT('',(2.332467381331,2.118896733828));
#4091 = CARTESIAN_POINT('',(2.380120127327,2.116684580703));
#4092 = CARTESIAN_POINT('',(2.427774458707,2.114474923159));
#4093 = CARTESIAN_POINT('',(2.475430104235,2.11227279101));
#4094 = CARTESIAN_POINT('',(2.523086693933,2.110083201627));
#4095 = CARTESIAN_POINT('',(2.570743322213,2.107911167924));
#4096 = CARTESIAN_POINT('',(2.61839953838,2.105761641239));
#4097 = CARTESIAN_POINT('',(2.666054848058,2.103639522233));
#4098 = CARTESIAN_POINT('',(2.713708715447,2.101549648985));
#4099 = CARTESIAN_POINT('',(2.761359932306,2.099496812807));
#4100 = CARTESIAN_POINT('',(2.809008599863,2.097485661492));
#4101 = CARTESIAN_POINT('',(2.856653504446,2.095520799385));
#4102 = CARTESIAN_POINT('',(2.904293860658,2.093606703352));
#4103 = CARTESIAN_POINT('',(2.951929086731,2.091747721614));
#4104 = CARTESIAN_POINT('',(2.999558610907,2.089948071122));
#4105 = CARTESIAN_POINT('',(3.047181755245,2.08821183215));
#4106 = CARTESIAN_POINT('',(3.094797282799,2.086542955481));
#4107 = CARTESIAN_POINT('',(3.142405499985,2.08494517755));
#4108 = CARTESIAN_POINT('',(3.190005350276,2.08342211451));
#4109 = CARTESIAN_POINT('',(3.237596465435,2.081977184651));
#4110 = CARTESIAN_POINT('',(3.285178633058,2.080613619083));
#4111 = CARTESIAN_POINT('',(3.332751804506,2.079334455268));
#4112 = CARTESIAN_POINT('',(3.380315515269,2.078142546195));
#4113 = CARTESIAN_POINT('',(3.42787014501,2.077040524122));
#4114 = CARTESIAN_POINT('',(3.47541741454,2.076030790892));
#4115 = CARTESIAN_POINT('',(3.522955813351,2.075115611221));
#4116 = CARTESIAN_POINT('',(3.57048561342,2.074296991519));
#4117 = CARTESIAN_POINT('',(3.618007368879,2.073576717802));
#4118 = CARTESIAN_POINT('',(3.665522084216,2.072956351503));
#4119 = CARTESIAN_POINT('',(3.713030959388,2.072437234469));
#4120 = CARTESIAN_POINT('',(3.76053525761,2.072020489386));
#4121 = CARTESIAN_POINT('',(3.808036160211,2.071707019335));
#4122 = CARTESIAN_POINT('',(3.855534559286,2.071497505469));
#4123 = CARTESIAN_POINT('',(3.903031074735,2.071392403115));
#4124 = CARTESIAN_POINT('',(3.950525154193,2.071391936107));
#4125 = CARTESIAN_POINT('',(3.998017494274,2.071496089829));
#4126 = CARTESIAN_POINT('',(4.045514437548,2.071704652526));
#4127 = CARTESIAN_POINT('',(4.093014474194,2.072017173667));
#4128 = CARTESIAN_POINT('',(4.140518596236,2.072432979762));
#4129 = CARTESIAN_POINT('',(4.188027548603,2.072951171776));
#4130 = CARTESIAN_POINT('',(4.235542363973,2.073570627167));
#4131 = CARTESIAN_POINT('',(4.283063978189,2.07429000012));
#4132 = CARTESIAN_POINT('',(4.330593233322,2.075107724389));
#4133 = CARTESIAN_POINT('',(4.378130272381,2.076022007512));
#4134 = CARTESIAN_POINT('',(4.425676273761,2.07703086092));
#4135 = CARTESIAN_POINT('',(4.473231318623,2.078132059731));
#4136 = CARTESIAN_POINT('',(4.520795495041,2.079323172405));
#4137 = CARTESIAN_POINT('',(4.568368932085,2.080601562435));
#4138 = CARTESIAN_POINT('',(4.61595175053,2.081964393712));
#4139 = CARTESIAN_POINT('',(4.663543184733,2.08340860868));
#4140 = CARTESIAN_POINT('',(4.711144076345,2.084931011682));
#4141 = CARTESIAN_POINT('',(4.758754083572,2.086528191379));
#4142 = CARTESIAN_POINT('',(4.806371538528,2.088196513662));
#4143 = CARTESIAN_POINT('',(4.853995792562,2.089932207582));
#4144 = CARTESIAN_POINT('',(4.901626333926,2.091731348737));
#4145 = CARTESIAN_POINT('',(4.949262787809,2.093589868753));
#4146 = CARTESIAN_POINT('',(4.996904693103,2.095503556651));
#4147 = CARTESIAN_POINT('',(5.044551319465,2.097468060254));
#4148 = CARTESIAN_POINT('',(5.092201525862,2.099478889281));
#4149 = CARTESIAN_POINT('',(5.139853342781,2.101531405356));
#4150 = CARTESIAN_POINT('',(5.187508599455,2.103621035833));
#4151 = CARTESIAN_POINT('',(5.235165284834,2.105742954715));
#4152 = CARTESIAN_POINT('',(5.282822710377,2.107892317562));
#4153 = CARTESIAN_POINT('',(5.330480327656,2.110064221642));
#4154 = CARTESIAN_POINT('',(5.378137823603,2.112253721756));
#4155 = CARTESIAN_POINT('',(5.425794831273,2.114455829363));
#4156 = CARTESIAN_POINT('',(5.473450890398,2.116665522854));
#4157 = CARTESIAN_POINT('',(5.521104812082,2.118877729908));
#4158 = CARTESIAN_POINT('',(5.568756225435,2.121087410398));
#4159 = CARTESIAN_POINT('',(5.616405477547,2.123289564328));
#4160 = CARTESIAN_POINT('',(5.664051995511,2.125479167259));
#4161 = CARTESIAN_POINT('',(5.711695912948,2.127651256735));
#4162 = CARTESIAN_POINT('',(5.759336316743,2.12980086463));
#4163 = CARTESIAN_POINT('',(5.806975428799,2.131923215275));
#4164 = CARTESIAN_POINT('',(5.85461212605,2.13401344417));
#4165 = CARTESIAN_POINT('',(5.902245246958,2.136066762585));
#4166 = CARTESIAN_POINT('',(5.949874489662,2.138078506543));
#4167 = CARTESIAN_POINT('',(5.997499913137,2.140044123813));
#4168 = CARTESIAN_POINT('',(6.045121839487,2.141959178527));
#4169 = CARTESIAN_POINT('',(6.092740663291,2.143819352579));
#4170 = CARTESIAN_POINT('',(6.140356701386,2.145620447498));
#4171 = CARTESIAN_POINT('',(6.187969996185,2.147358392879));
#4172 = CARTESIAN_POINT('',(6.23558023852,2.149029233363));
#4173 = CARTESIAN_POINT('',(6.26731753664,2.150095877862));
#4174 = CARTESIAN_POINT('',(6.28318530718,2.150616750801));
#4175 = ( GEOMETRIC_REPRESENTATION_CONTEXT(2) 
PARAMETRIC_REPRESENTATION_CONTEXT() REPRESENTATION_CONTEXT('2D SPACE',''
  ) );
#4176 = FACE_BOUND('',#4177,.F.);
#4177 = EDGE_LOOP('',(#4178));
#4178 = ORIENTED_EDGE('',*,*,#4179,.T.);
#4179 = EDGE_CURVE('',#4180,#4180,#4182,.T.);
#4180 = VERTEX_POINT('',#4181);
#4181 = CARTESIAN_POINT('',(-6.3,-8.,-103.0150157606));
#4182 = SURFACE_CURVE('',#4183,(#4282,#4421),.PCURVE_S1.);
#4183 = B_SPLINE_CURVE_WITH_KNOTS('',7,(#4184,#4185,#4186,#4187,#4188,
    #4189,#4190,#4191,#4192,#4193,#4194,#4195,#4196,#4197,#4198,#4199,
    #4200,#4201,#4202,#4203,#4204,#4205,#4206,#4207,#4208,#4209,#4210,
    #4211,#4212,#4213,#4214,#4215,#4216,#4217,#4218,#4219,#4220,#4221,
    #4222,#4223,#4224,#4225,#4226,#4227,#4228,#4229,#4230,#4231,#4232,
    #4233,#4234,#4235,#4236,#4237,#4238,#4239,#4240,#4241,#4242,#4243,
    #4244,#4245,#4246,#4247,#4248,#4249,#4250,#4251,#4252,#4253,#4254,
    #4255,#4256,#4257,#4258,#4259,#4260,#4261,#4262,#4263,#4264,#4265,
    #4266,#4267,#4268,#4269,#4270,#4271,#4272,#4273,#4274,#4275,#4276,
    #4277,#4278,#4279,#4280,#4281),.UNSPECIFIED.,.T.,.F.,(8,6,6,6,6,6,6,
    6,6,6,6,6,6,6,6,6,8),(0.,1.,2.379417200245,3.152594778436,
    4.080980553219,4.718521350075,5.034805364846,5.598432557062,
    6.253801511181,6.688497409914,8.326469962847,10.044032373224,
    10.68847152788,11.247881253608,11.562900746611,12.209768898597,
    13.02420594944),.UNSPECIFIED.);
#4184 = CARTESIAN_POINT('',(-6.3,-8.,-103.0150157606));
#4185 = CARTESIAN_POINT('',(-6.3,-7.882833857005,-103.0172767779));
#4186 = CARTESIAN_POINT('',(-6.309421133804,-7.765693083033,
    -103.019355443));
#4187 = CARTESIAN_POINT('',(-6.328255904284,-7.649507450898,
    -103.0212339752));
#4188 = CARTESIAN_POINT('',(-6.356377846831,-7.535180913488,
    -103.0228973885));
#4189 = CARTESIAN_POINT('',(-6.393558871501,-7.423589906145,
    -103.0243331876));
#4190 = CARTESIAN_POINT('',(-6.439472828295,-7.315579057519,
    -103.0255313812));
#4191 = CARTESIAN_POINT('',(-6.568466905432,-7.069012548283,
    -103.0277999862));
#4192 = CARTESIAN_POINT('',(-6.659067553336,-6.93436222341,
    -103.028649922));
#4193 = CARTESIAN_POINT('',(-6.764354806439,-6.810152518479,
    -103.0290150237));
#4194 = CARTESIAN_POINT('',(-6.882871984332,-6.698237523563,
    -103.0288876366));
#4195 = CARTESIAN_POINT('',(-7.012916286533,-6.600228479981,
    -103.0282695246));
#4196 = CARTESIAN_POINT('',(-7.152554311518,-6.517478360152,
    -103.0271718689));
#4197 = CARTESIAN_POINT('',(-7.381981562314,-6.413736292187,
    -103.0247467048));
#4198 = CARTESIAN_POINT('',(-7.466720952496,-6.381579670643,
    -103.023732083));
#4199 = CARTESIAN_POINT('',(-7.553412098322,-6.354705665028,
    -103.0225778565));
#4200 = CARTESIAN_POINT('',(-7.641661141563,-6.333255302976,
    -103.0212888974));
#4201 = CARTESIAN_POINT('',(-7.731062633965,-6.31733278579,
    -103.0198710118));
#4202 = CARTESIAN_POINT('',(-7.821200765931,-6.307004382189,
    -103.018330937));
#4203 = CARTESIAN_POINT('',(-8.02025738516,-6.296645363465,
    -103.014689598));
#4204 = CARTESIAN_POINT('',(-8.129324794203,-6.299097255442,
    -103.0125375408));
#4205 = CARTESIAN_POINT('',(-8.238111295296,-6.309701971654,
    -103.0102335195));
#4206 = CARTESIAN_POINT('',(-8.345883381304,-6.328419663278,
    -103.0077924444));
#4207 = CARTESIAN_POINT('',(-8.451917685156,-6.355130916734,
    -103.0052305667));
#4208 = CARTESIAN_POINT('',(-8.555504824007,-6.389636781353,
    -103.0025654051));
#4209 = CARTESIAN_POINT('',(-8.72493605933,-6.460500574358,
    -102.9979276202));
#4210 = CARTESIAN_POINT('',(-8.792441955487,-6.492893540984,
    -102.995999494));
#4211 = CARTESIAN_POINT('',(-8.858251244969,-6.528736698429,
    -102.9940374794));
#4212 = CARTESIAN_POINT('',(-8.922151648349,-6.567921934497,
    -102.9920477579));
#4213 = CARTESIAN_POINT('',(-8.983940477606,-6.61032514804,
    -102.9900366349));
#4214 = CARTESIAN_POINT('',(-9.043425096061,-6.655806603775,
    -102.9880105246));
#4215 = CARTESIAN_POINT('',(-9.128700228389,-6.728224852419,
    -102.9849665737));
#4216 = CARTESIAN_POINT('',(-9.156365396283,-6.752958056311,
    -102.9839551179));
#4217 = CARTESIAN_POINT('',(-9.183396770463,-6.778392058103,
    -102.982942357));
#4218 = CARTESIAN_POINT('',(-9.209773036276,-6.804507233543,
    -102.9819290814));
#4219 = CARTESIAN_POINT('',(-9.235473675929,-6.831283174791,
    -102.9809160809));
#4220 = CARTESIAN_POINT('',(-9.260478968494,-6.858698690423,
    -102.9799041455));
#4221 = CARTESIAN_POINT('',(-9.328057287241,-6.936687620959,
    -102.9770940717));
#4222 = CARTESIAN_POINT('',(-9.369076735088,-6.988605224799,
    -102.9752999503));
#4223 = CARTESIAN_POINT('',(-9.40772093489,-7.042359841874,
    -102.9735161829));
#4224 = CARTESIAN_POINT('',(-9.44389177421,-7.097820326303,
    -102.9717471961));
#4225 = CARTESIAN_POINT('',(-9.477500541189,-7.154849431255,
    -102.9699973534));
#4226 = CARTESIAN_POINT('',(-9.508468038995,-7.213304078807,
    -102.9682709477));
#4227 = CARTESIAN_POINT('',(-9.569580706548,-7.342489702723,
    -102.9645969329));
#4228 = CARTESIAN_POINT('',(-9.598772321715,-7.413671868916,
    -102.9626590113));
#4229 = CARTESIAN_POINT('',(-9.624190162581,-7.486348000966,
    -102.9607650638));
#4230 = CARTESIAN_POINT('',(-9.645744214112,-7.560277624956,
    -102.958921475));
#4231 = CARTESIAN_POINT('',(-9.663363928406,-7.635214539948,
    -102.9571343646));
#4232 = CARTESIAN_POINT('',(-9.676998323655,-7.710907437454,
    -102.9554095738));
#4233 = CARTESIAN_POINT('',(-9.692995391379,-7.837638192364,
    -102.9526536403));
#4234 = CARTESIAN_POINT('',(-9.697607705244,-7.888396593584,
    -102.9515844727));
#4235 = CARTESIAN_POINT('',(-9.700443971853,-7.939301307089,
    -102.9505467614));
#4236 = CARTESIAN_POINT('',(-9.701499035403,-7.990277872029,
    -102.949542045));
#4237 = CARTESIAN_POINT('',(-9.700771637137,-8.041251784182,
    -102.9485717879));
#4238 = CARTESIAN_POINT('',(-9.698264415339,-8.092148495948,
    -102.94763738));
#4239 = CARTESIAN_POINT('',(-9.677854565483,-8.334104759906,
    -102.9433592459));
#4240 = CARTESIAN_POINT('',(-9.63653909903,-8.523254547408,
    -102.940504387));
#4241 = CARTESIAN_POINT('',(-9.570360480215,-8.706190125954,
    -102.9382495852));
#4242 = CARTESIAN_POINT('',(-9.480530828321,-8.879070300691,
    -102.9366456814));
#4243 = CARTESIAN_POINT('',(-9.368879275535,-9.038372423775,
    -102.9357254287));
#4244 = CARTESIAN_POINT('',(-9.237862000402,-9.180884707915,
    -102.9355034356));
#4245 = CARTESIAN_POINT('',(-8.936465114926,-9.432999080704,
    -102.9364551967));
#4246 = CARTESIAN_POINT('',(-8.764262020965,-9.540849515213,
    -102.937697995));
#4247 = CARTESIAN_POINT('',(-8.577812269815,-9.624329205902,
    -102.9396865685));
#4248 = CARTESIAN_POINT('',(-8.381288547732,-9.681352041798,
    -102.9423805705));
#4249 = CARTESIAN_POINT('',(-8.179081799724,-9.710637740048,
    -102.9457198475));
#4250 = CARTESIAN_POINT('',(-7.975824463638,-9.711702342468,
    -102.9496241966));
#4251 = CARTESIAN_POINT('',(-7.701444361769,-9.675281293043,
    -102.9556254466));
#4252 = CARTESIAN_POINT('',(-7.62709211862,-9.661463673885,
    -102.9573278854));
#4253 = CARTESIAN_POINT('',(-7.553491380057,-9.643796728049,
    -102.9590901052));
#4254 = CARTESIAN_POINT('',(-7.48088083187,-9.622330140029,
    -102.9609065339));
#4255 = CARTESIAN_POINT('',(-7.40949431116,-9.597131869319,
    -102.9627713406));
#4256 = CARTESIAN_POINT('',(-7.339560239012,-9.568288058483,
    -102.9646784485));
#4257 = CARTESIAN_POINT('',(-7.212048209566,-9.507790823226,
    -102.9683082682));
#4258 = CARTESIAN_POINT('',(-7.154056256394,-9.477009719477,
    -102.9700221419));
#4259 = CARTESIAN_POINT('',(-7.097470432283,-9.443627805141,
    -102.9717590467));
#4260 = CARTESIAN_POINT('',(-7.042430575256,-9.407722597608,
    -102.9735147848));
#4261 = CARTESIAN_POINT('',(-6.989070863103,-9.369380846477,
    -102.97528509));
#4262 = CARTESIAN_POINT('',(-6.937519553763,-9.328698423553,
    -102.9770656344));
#4263 = CARTESIAN_POINT('',(-6.859955829148,-9.261611750323,
    -102.9798580102));
#4264 = CARTESIAN_POINT('',(-6.832624954024,-9.236734164062,
    -102.9808658469));
#4265 = CARTESIAN_POINT('',(-6.805927828813,-9.211166131113,
    -102.9818747665));
#4266 = CARTESIAN_POINT('',(-6.779885411968,-9.184927113677,
    -102.9828839889));
#4267 = CARTESIAN_POINT('',(-6.754517891918,-9.158037359089,
    -102.9838927332));
#4268 = CARTESIAN_POINT('',(-6.729844687069,-9.130517899817,
    -102.9849002189));
#4269 = CARTESIAN_POINT('',(-6.65668394444,-9.044633224286,
    -102.9879702703));
#4270 = CARTESIAN_POINT('',(-6.610488906477,-8.984311695093,
    -102.9900263097));
#4271 = CARTESIAN_POINT('',(-6.567461552161,-8.921615990005,
    -102.9920669845));
#4272 = CARTESIAN_POINT('',(-6.527747916198,-8.85674726586,
    -102.9940855945));
#4273 = CARTESIAN_POINT('',(-6.491477463651,-8.789917320522,
    -102.9960755549));
#4274 = CARTESIAN_POINT('',(-6.458762705857,-8.721348101202,
    -102.998030413));
#4275 = CARTESIAN_POINT('',(-6.393106029393,-8.563041155118,
    -103.0023529902));
#4276 = CARTESIAN_POINT('',(-6.362298667585,-8.472416047294,
    -103.0046966142));
#4277 = CARTESIAN_POINT('',(-6.337467095982,-8.379860455938,
    -103.006962103));
#4278 = CARTESIAN_POINT('',(-6.318753011491,-8.285850959628,
    -103.0091375319));
#4279 = CARTESIAN_POINT('',(-6.306249317747,-8.190874005747,
    -103.0112117289));
#4280 = CARTESIAN_POINT('',(-6.3,-8.095423767344,-103.0131743176));
#4281 = CARTESIAN_POINT('',(-6.3,-8.,-103.0150157606));
#4282 = PCURVE('',#2784,#4283);
#4283 = DEFINITIONAL_REPRESENTATION('',(#4284),#4420);
#4284 = B_SPLINE_CURVE_WITH_KNOTS('',3,(#4285,#4286,#4287,#4288,#4289,
    #4290,#4291,#4292,#4293,#4294,#4295,#4296,#4297,#4298,#4299,#4300,
    #4301,#4302,#4303,#4304,#4305,#4306,#4307,#4308,#4309,#4310,#4311,
    #4312,#4313,#4314,#4315,#4316,#4317,#4318,#4319,#4320,#4321,#4322,
    #4323,#4324,#4325,#4326,#4327,#4328,#4329,#4330,#4331,#4332,#4333,
    #4334,#4335,#4336,#4337,#4338,#4339,#4340,#4341,#4342,#4343,#4344,
    #4345,#4346,#4347,#4348,#4349,#4350,#4351,#4352,#4353,#4354,#4355,
    #4356,#4357,#4358,#4359,#4360,#4361,#4362,#4363,#4364,#4365,#4366,
    #4367,#4368,#4369,#4370,#4371,#4372,#4373,#4374,#4375,#4376,#4377,
    #4378,#4379,#4380,#4381,#4382,#4383,#4384,#4385,#4386,#4387,#4388,
    #4389,#4390,#4391,#4392,#4393,#4394,#4395,#4396,#4397,#4398,#4399,
    #4400,#4401,#4402,#4403,#4404,#4405,#4406,#4407,#4408,#4409,#4410,
    #4411,#4412,#4413,#4414,#4415,#4416,#4417,#4418,#4419),
  .UNSPECIFIED.,.T.,.F.,(4,1,1,1,1,1,1,1,1,1,1,1,1,1,1,1,1,1,1,1,1,1,1,1
    ,1,1,1,1,1,1,1,1,1,1,1,1,1,1,1,1,1,1,1,1,1,1,1,1,1,1,1,1,1,1,1,1,1,1
    ,1,1,1,1,1,1,1,1,1,1,1,1,1,1,1,1,1,1,1,1,1,1,1,1,1,1,1,1,1,1,1,1,1,1
    ,1,1,1,1,1,1,1,1,1,1,1,1,1,1,1,1,1,1,1,1,1,1,1,1,1,1,1,1,1,1,1,1,1,1
    ,1,1,1,1,1,1,4),(0.,9.86682268897E-02,0.197336453779,0.296004680669,
    0.394672907559,0.493341134448,0.592009361338,0.690677588228,
    0.789345815118,0.888014042007,0.986682268897,1.085350495787,
    1.184018722676,1.282686949566,1.381355176456,1.480023403345,
    1.578691630235,1.677359857125,1.776028084015,1.874696310904,
    1.973364537794,2.072032764684,2.170700991573,2.269369218463,
    2.368037445353,2.466705672242,2.565373899132,2.664042126022,
    2.762710352912,2.861378579801,2.960046806691,3.058715033581,
    3.15738326047,3.25605148736,3.35471971425,3.453387941139,
    3.552056168029,3.650724394919,3.749392621808,3.848060848698,
    3.946729075588,4.045397302478,4.144065529367,4.242733756257,
    4.341401983147,4.440070210036,4.538738436926,4.637406663816,
    4.736074890705,4.834743117595,4.933411344485,5.032079571375,
    5.130747798264,5.229416025154,5.328084252044,5.426752478933,
    5.525420705823,5.624088932713,5.722757159602,5.821425386492,
    5.920093613382,6.018761840271,6.117430067161,6.216098294051,
    6.314766520941,6.41343474783,6.51210297472,6.61077120161,
    6.709439428499,6.808107655389,6.906775882279,7.005444109168,
    7.104112336058,7.202780562948,7.301448789838,7.400117016727,
    7.498785243617,7.597453470507,7.696121697396,7.794789924286,
    7.893458151176,7.992126378065,8.090794604955,8.189462831845,
    8.288131058735,8.386799285624,8.485467512514,8.584135739404,
    8.682803966293,8.781472193183,8.880140420073,8.978808646962,
    9.077476873852,9.176145100742,9.274813327631,9.373481554521,
    9.472149781411,9.570818008301,9.66948623519,9.76815446208,
    9.86682268897,9.965490915859,10.064159142749,10.162827369639,
    10.261495596528,10.360163823418,10.458832050308,10.557500277198,
    10.656168504087,10.754836730977,10.853504957867,10.952173184756,
    11.050841411646,11.149509638536,11.248177865425,11.346846092315,
    11.445514319205,11.544182546094,11.642850772984,11.741518999874,
    11.840187226764,11.938855453653,12.037523680543,12.136191907433,
    12.234860134322,12.333528361212,12.432196588102,12.530864814991,
    12.629533041881,12.728201268771,12.826869495661,12.92553772255,
    13.02420594944),.QUASI_UNIFORM_KNOTS.);
#4285 = CARTESIAN_POINT('',(4.045316599493,4.761623865165));
#4286 = CARTESIAN_POINT('',(4.043677817176,4.761521312961));
#4287 = CARTESIAN_POINT('',(4.040280375105,4.761320474926));
#4288 = CARTESIAN_POINT('',(4.034835866987,4.761032911365));
#4289 = CARTESIAN_POINT('',(4.029053607214,4.760759949152));
#4290 = CARTESIAN_POINT('',(4.022946617938,4.760502448937));
#4291 = CARTESIAN_POINT('',(4.016529541446,4.760261236726));
#4292 = CARTESIAN_POINT('',(4.009818869945,4.760037096368));
#4293 = CARTESIAN_POINT('',(4.002832874308,4.759830766901));
#4294 = CARTESIAN_POINT('',(3.995591609723,4.759642938534));
#4295 = CARTESIAN_POINT('',(3.988116816944,4.759474247517));
#4296 = CARTESIAN_POINT('',(3.980432058957,4.759325275375));
#4297 = CARTESIAN_POINT('',(3.972561909676,4.759196530662));
#4298 = CARTESIAN_POINT('',(3.964531739917,4.759088453123));
#4299 = CARTESIAN_POINT('',(3.956369350528,4.759001432682));
#4300 = CARTESIAN_POINT('',(3.948103028708,4.758935776618));
#4301 = CARTESIAN_POINT('',(3.939761830661,4.758891717426));
#4302 = CARTESIAN_POINT('',(3.931375271676,4.758869410264));
#4303 = CARTESIAN_POINT('',(3.922973163806,4.758868933391));
#4304 = CARTESIAN_POINT('',(3.914585406862,4.758890288026));
#4305 = CARTESIAN_POINT('',(3.906241788657,4.758933398605));
#4306 = CARTESIAN_POINT('',(3.897971784913,4.758998113152));
#4307 = CARTESIAN_POINT('',(3.889804361357,4.759084203923));
#4308 = CARTESIAN_POINT('',(3.881767797232,4.75919136793));
#4309 = CARTESIAN_POINT('',(3.873889469621,4.759319228604));
#4310 = CARTESIAN_POINT('',(3.866195839131,4.759467333826));
#4311 = CARTESIAN_POINT('',(3.858711750789,4.759635167946));
#4312 = CARTESIAN_POINT('',(3.851459953682,4.759822169614));
#4313 = CARTESIAN_POINT('',(3.844462506854,4.760027700421));
#4314 = CARTESIAN_POINT('',(3.837739502169,4.760251073715));
#4315 = CARTESIAN_POINT('',(3.831309325167,4.760491552056));
#4316 = CARTESIAN_POINT('',(3.825188550395,4.760748352426));
#4317 = CARTESIAN_POINT('',(3.819391927864,4.761020651108));
#4318 = CARTESIAN_POINT('',(3.813932494345,4.761307581873));
#4319 = CARTESIAN_POINT('',(3.808821206817,4.761608260856));
#4320 = CARTESIAN_POINT('',(3.804067383453,4.761921770124));
#4321 = CARTESIAN_POINT('',(3.799678696297,4.762247161545));
#4322 = CARTESIAN_POINT('',(3.79566099604,4.762583476082));
#4323 = CARTESIAN_POINT('',(3.792018493311,4.762929743234));
#4324 = CARTESIAN_POINT('',(3.788753844768,4.763284985177));
#4325 = CARTESIAN_POINT('',(3.785868262613,4.763648219059));
#4326 = CARTESIAN_POINT('',(3.783361613222,4.764018459067));
#4327 = CARTESIAN_POINT('',(3.781232513458,4.764394718413));
#4328 = CARTESIAN_POINT('',(3.779478416271,4.764776009132));
#4329 = CARTESIAN_POINT('',(3.778095586429,4.765161377338));
#4330 = CARTESIAN_POINT('',(3.777079427426,4.765549859161));
#4331 = CARTESIAN_POINT('',(3.776424434768,4.76594051134));
#4332 = CARTESIAN_POINT('',(3.776124324324,4.76633240581));
#4333 = CARTESIAN_POINT('',(3.776172115557,4.76672463222));
#4334 = CARTESIAN_POINT('',(3.776560217689,4.767116295248));
#4335 = CARTESIAN_POINT('',(3.777280508503,4.767506524074));
#4336 = CARTESIAN_POINT('',(3.778324408606,4.767894470408));
#4337 = CARTESIAN_POINT('',(3.779682948418,4.768279306718));
#4338 = CARTESIAN_POINT('',(3.781346838937,4.768660230983));
#4339 = CARTESIAN_POINT('',(3.783306510956,4.769036463424));
#4340 = CARTESIAN_POINT('',(3.785552176132,4.769407248775));
#4341 = CARTESIAN_POINT('',(3.788073884027,4.769771858977));
#4342 = CARTESIAN_POINT('',(3.790861556002,4.770129591788));
#4343 = CARTESIAN_POINT('',(3.793904991563,4.77047976739));
#4344 = CARTESIAN_POINT('',(3.797193988753,4.770821738247));
#4345 = CARTESIAN_POINT('',(3.800718251809,4.771154877175));
#4346 = CARTESIAN_POINT('',(3.804467495627,4.771478584616));
#4347 = CARTESIAN_POINT('',(3.808431462801,4.771792288712));
#4348 = CARTESIAN_POINT('',(3.812599924012,4.772095443699));
#4349 = CARTESIAN_POINT('',(3.816962681749,4.772387529022));
#4350 = CARTESIAN_POINT('',(3.821509557757,4.772668047344));
#4351 = CARTESIAN_POINT('',(3.826230524852,4.772936533212));
#4352 = CARTESIAN_POINT('',(3.831115551171,4.773192542099));
#4353 = CARTESIAN_POINT('',(3.836154778916,4.773435659513));
#4354 = CARTESIAN_POINT('',(3.84133816734,4.773665485566));
#4355 = CARTESIAN_POINT('',(3.846656765511,4.773881686595));
#4356 = CARTESIAN_POINT('',(3.852100682983,4.774083905994));
#4357 = CARTESIAN_POINT('',(3.857660001886,4.774271813133));
#4358 = CARTESIAN_POINT('',(3.863325037332,4.774445110749));
#4359 = CARTESIAN_POINT('',(3.869086248641,4.774603530103));
#4360 = CARTESIAN_POINT('',(3.874934240578,4.774746829832));
#4361 = CARTESIAN_POINT('',(3.880859737362,4.774874794235));
#4362 = CARTESIAN_POINT('',(3.886853561205,4.774987232129));
#4363 = CARTESIAN_POINT('',(3.892906607166,4.775083975976));
#4364 = CARTESIAN_POINT('',(3.899009816754,4.77516488136));
#4365 = CARTESIAN_POINT('',(3.905154149781,4.775229826791));
#4366 = CARTESIAN_POINT('',(3.911330554832,4.775278713851));
#4367 = CARTESIAN_POINT('',(3.917529937972,4.775311467705));
#4368 = CARTESIAN_POINT('',(3.923743131307,4.775328037859));
#4369 = CARTESIAN_POINT('',(3.929960855626,4.775328399652));
#4370 = CARTESIAN_POINT('',(3.936173698829,4.775312554725));
#4371 = CARTESIAN_POINT('',(3.942372029282,4.775280537009));
#4372 = CARTESIAN_POINT('',(3.948549564304,4.775232377996));
#4373 = CARTESIAN_POINT('',(3.954696087431,4.775168148723));
#4374 = CARTESIAN_POINT('',(3.960802277307,4.775087946142));
#4375 = CARTESIAN_POINT('',(3.966858734593,4.774991893204));
#4376 = CARTESIAN_POINT('',(3.972856194631,4.774880137205));
#4377 = CARTESIAN_POINT('',(3.978785425225,4.774752849029));
#4378 = CARTESIAN_POINT('',(3.984637211648,4.774610222577));
#4379 = CARTESIAN_POINT('',(3.9904023212,4.774452474568));
#4380 = CARTESIAN_POINT('',(3.996071476248,4.774279844647));
#4381 = CARTESIAN_POINT('',(4.0016353282,4.774092595814));
#4382 = CARTESIAN_POINT('',(4.007084434426,4.773891015176));
#4383 = CARTESIAN_POINT('',(4.012409238655,4.773675414959));
#4384 = CARTESIAN_POINT('',(4.017600052058,4.773446134005));
#4385 = CARTESIAN_POINT('',(4.022647047285,4.773203538942));
#4386 = CARTESIAN_POINT('',(4.027540221305,4.772948027948));
#4387 = CARTESIAN_POINT('',(4.032269493832,4.77268002631));
#4388 = CARTESIAN_POINT('',(4.036824321419,4.772400013984));
#4389 = CARTESIAN_POINT('',(4.041195268452,4.772108427124));
#4390 = CARTESIAN_POINT('',(4.045372423577,4.771805744585));
#4391 = CARTESIAN_POINT('',(4.049345516539,4.771492490768));
#4392 = CARTESIAN_POINT('',(4.053104337822,4.771169209099));
#4393 = CARTESIAN_POINT('',(4.056638625762,4.770836470631));
#4394 = CARTESIAN_POINT('',(4.059938100465,4.770494873323));
#4395 = CARTESIAN_POINT('',(4.062992462544,4.770145043556));
#4396 = CARTESIAN_POINT('',(4.065791508057,4.76978762763));
#4397 = CARTESIAN_POINT('',(4.0683250341,4.769423304189));
#4398 = CARTESIAN_POINT('',(4.070582956557,4.769052774426));
#4399 = CARTESIAN_POINT('',(4.072555318594,4.768676765277));
#4400 = CARTESIAN_POINT('',(4.074232324261,4.768296030754));
#4401 = CARTESIAN_POINT('',(4.075604393015,4.767911349715));
#4402 = CARTESIAN_POINT('',(4.076662223371,4.767523523044));
#4403 = CARTESIAN_POINT('',(4.077396830118,4.767133377257));
#4404 = CARTESIAN_POINT('',(4.077799615357,4.766741759707));
#4405 = CARTESIAN_POINT('',(4.077862435515,4.766349540285));
#4406 = CARTESIAN_POINT('',(4.077577675523,4.76595761355));
#4407 = CARTESIAN_POINT('',(4.076938326613,4.765566889045));
#4408 = CARTESIAN_POINT('',(4.075938072269,4.765178293993));
#4409 = CARTESIAN_POINT('',(4.074571371835,4.764792770922));
#4410 = CARTESIAN_POINT('',(4.072833586131,4.764411282571));
#4411 = CARTESIAN_POINT('',(4.070720961131,4.764034788288));
#4412 = CARTESIAN_POINT('',(4.068230898404,4.76366427032));
#4413 = CARTESIAN_POINT('',(4.065361949738,4.763300714655));
#4414 = CARTESIAN_POINT('',(4.062113911943,4.762945106498));
#4415 = CARTESIAN_POINT('',(4.058487921064,4.76259842921));
#4416 = CARTESIAN_POINT('',(4.054486616186,4.762261661405));
#4417 = CARTESIAN_POINT('',(4.050114023909,4.761935775983));
#4418 = CARTESIAN_POINT('',(4.046955660662,4.761726412856));
#4419 = CARTESIAN_POINT('',(4.045316599493,4.761623865165));
#4420 = ( GEOMETRIC_REPRESENTATION_CONTEXT(2) 
PARAMETRIC_REPRESENTATION_CONTEXT() REPRESENTATION_CONTEXT('2D SPACE',''
  ) );
#4421 = PCURVE('',#1655,#4422);
#4422 = DEFINITIONAL_REPRESENTATION('',(#4423),#4559);
#4423 = B_SPLINE_CURVE_WITH_KNOTS('',3,(#4424,#4425,#4426,#4427,#4428,
    #4429,#4430,#4431,#4432,#4433,#4434,#4435,#4436,#4437,#4438,#4439,
    #4440,#4441,#4442,#4443,#4444,#4445,#4446,#4447,#4448,#4449,#4450,
    #4451,#4452,#4453,#4454,#4455,#4456,#4457,#4458,#4459,#4460,#4461,
    #4462,#4463,#4464,#4465,#4466,#4467,#4468,#4469,#4470,#4471,#4472,
    #4473,#4474,#4475,#4476,#4477,#4478,#4479,#4480,#4481,#4482,#4483,
    #4484,#4485,#4486,#4487,#4488,#4489,#4490,#4491,#4492,#4493,#4494,
    #4495,#4496,#4497,#4498,#4499,#4500,#4501,#4502,#4503,#4504,#4505,
    #4506,#4507,#4508,#4509,#4510,#4511,#4512,#4513,#4514,#4515,#4516,
    #4517,#4518,#4519,#4520,#4521,#4522,#4523,#4524,#4525,#4526,#4527,
    #4528,#4529,#4530,#4531,#4532,#4533,#4534,#4535,#4536,#4537,#4538,
    #4539,#4540,#4541,#4542,#4543,#4544,#4545,#4546,#4547,#4548,#4549,
    #4550,#4551,#4552,#4553,#4554,#4555,#4556,#4557,#4558),
  .UNSPECIFIED.,.F.,.F.,(4,1,1,1,1,1,1,1,1,1,1,1,1,1,1,1,1,1,1,1,1,1,1,1
    ,1,1,1,1,1,1,1,1,1,1,1,1,1,1,1,1,1,1,1,1,1,1,1,1,1,1,1,1,1,1,1,1,1,1
    ,1,1,1,1,1,1,1,1,1,1,1,1,1,1,1,1,1,1,1,1,1,1,1,1,1,1,1,1,1,1,1,1,1,1
    ,1,1,1,1,1,1,1,1,1,1,1,1,1,1,1,1,1,1,1,1,1,1,1,1,1,1,1,1,1,1,1,1,1,1
    ,1,1,1,1,1,1,4),(0.,9.86682268897E-02,0.197336453779,0.296004680669,
    0.394672907559,0.493341134448,0.592009361338,0.690677588228,
    0.789345815118,0.888014042007,0.986682268897,1.085350495787,
    1.184018722676,1.282686949566,1.381355176456,1.480023403345,
    1.578691630235,1.677359857125,1.776028084015,1.874696310904,
    1.973364537794,2.072032764684,2.170700991573,2.269369218463,
    2.368037445353,2.466705672242,2.565373899132,2.664042126022,
    2.762710352912,2.861378579801,2.960046806691,3.058715033581,
    3.15738326047,3.25605148736,3.35471971425,3.453387941139,
    3.552056168029,3.650724394919,3.749392621808,3.848060848698,
    3.946729075588,4.045397302478,4.144065529367,4.242733756257,
    4.341401983147,4.440070210036,4.538738436926,4.637406663816,
    4.736074890705,4.834743117595,4.933411344485,5.032079571375,
    5.130747798264,5.229416025154,5.328084252044,5.426752478933,
    5.525420705823,5.624088932713,5.722757159602,5.821425386492,
    5.920093613382,6.018761840271,6.117430067161,6.216098294051,
    6.314766520941,6.41343474783,6.51210297472,6.61077120161,
    6.709439428499,6.808107655389,6.906775882279,7.005444109168,
    7.104112336058,7.202780562948,7.301448789838,7.400117016727,
    7.498785243617,7.597453470507,7.696121697396,7.794789924286,
    7.893458151176,7.992126378065,8.090794604955,8.189462831845,
    8.288131058735,8.386799285624,8.485467512514,8.584135739404,
    8.682803966293,8.781472193183,8.880140420073,8.978808646962,
    9.077476873852,9.176145100742,9.274813327631,9.373481554521,
    9.472149781411,9.570818008301,9.66948623519,9.76815446208,
    9.86682268897,9.965490915859,10.064159142749,10.162827369639,
    10.261495596528,10.360163823418,10.458832050308,10.557500277198,
    10.656168504087,10.754836730977,10.853504957867,10.952173184756,
    11.050841411646,11.149509638536,11.248177865425,11.346846092315,
    11.445514319205,11.544182546094,11.642850772984,11.741518999874,
    11.840187226764,11.938855453653,12.037523680543,12.136191907433,
    12.234860134322,12.333528361212,12.432196588102,12.530864814991,
    12.629533041881,12.728201268771,12.826869495661,12.92553772255,
    13.02420594944),.QUASI_UNIFORM_KNOTS.);
#4424 = CARTESIAN_POINT('',(-7.993605777301E-15,2.084984239313));
#4425 = CARTESIAN_POINT('',(1.58675256701E-02,2.084463676745));
#4426 = CARTESIAN_POINT('',(4.760027465427E-02,2.083447473681));
#4427 = CARTESIAN_POINT('',(9.519147325825E-02,2.082001175353));
#4428 = CARTESIAN_POINT('',(0.142773455881,2.080636206583));
#4429 = CARTESIAN_POINT('',(0.19034588798,2.079355599337));
#4430 = CARTESIAN_POINT('',(0.237908808884,2.078162199406));
#4431 = CARTESIAN_POINT('',(0.285462552327,2.07705864126));
#4432 = CARTESIAN_POINT('',(0.333007574764,2.076047355546));
#4433 = CARTESIAN_POINT('',(0.380544212168,2.075130567467));
#4434 = CARTESIAN_POINT('',(0.42807283065,2.074310290168));
#4435 = CARTESIAN_POINT('',(0.475592441407,2.073588338422));
#4436 = CARTESIAN_POINT('',(0.523104986882,2.072966257228));
#4437 = CARTESIAN_POINT('',(0.570615359393,2.072445357711));
#4438 = CARTESIAN_POINT('',(0.61812091755,2.072026822301));
#4439 = CARTESIAN_POINT('',(0.665622128023,2.07171155845));
#4440 = CARTESIAN_POINT('',(0.713119539199,2.071500246667));
#4441 = CARTESIAN_POINT('',(0.760614340047,2.071393335924));
#4442 = CARTESIAN_POINT('',(0.808107988994,2.071391051011));
#4443 = CARTESIAN_POINT('',(0.855602113881,2.07149339453));
#4444 = CARTESIAN_POINT('',(0.903098353977,2.07170014819));
#4445 = CARTESIAN_POINT('',(0.950598215533,2.072010872049));
#4446 = CARTESIAN_POINT('',(0.998102938275,2.072424902471));
#4447 = CARTESIAN_POINT('',(1.045613265736,2.072941347065));
#4448 = CARTESIAN_POINT('',(1.093129505906,2.073559082801));
#4449 = CARTESIAN_POINT('',(1.140650401864,2.074276734211));
#4450 = CARTESIAN_POINT('',(1.18817631064,2.075092717881));
#4451 = CARTESIAN_POINT('',(1.235711701874,2.076005313027));
#4452 = CARTESIAN_POINT('',(1.283255416299,2.077012493354));
#4453 = CARTESIAN_POINT('',(1.330808053614,2.078112049398));
#4454 = CARTESIAN_POINT('',(1.378369873395,2.079301557496));
#4455 = CARTESIAN_POINT('',(1.425941083181,2.080578386415));
#4456 = CARTESIAN_POINT('',(1.473521773531,2.081939702875));
#4457 = CARTESIAN_POINT('',(1.521110846176,2.083382443849));
#4458 = CARTESIAN_POINT('',(1.568709342152,2.084903423508));
#4459 = CARTESIAN_POINT('',(1.616316910953,2.08649923293));
#4460 = CARTESIAN_POINT('',(1.663931922013,2.088166242885));
#4461 = CARTESIAN_POINT('',(1.711553740948,2.089900686296));
#4462 = CARTESIAN_POINT('',(1.759181866718,2.091698642503));
#4463 = CARTESIAN_POINT('',(1.806815927329,2.093556046458));
#4464 = CARTESIAN_POINT('',(1.854455457194,2.095468690075));
#4465 = CARTESIAN_POINT('',(1.902099717024,2.097432223706));
#4466 = CARTESIAN_POINT('',(1.949747539482,2.099442158684));
#4467 = CARTESIAN_POINT('',(1.997396957373,2.101493859127));
#4468 = CARTESIAN_POINT('',(2.045049205841,2.103582728151));
#4469 = CARTESIAN_POINT('',(2.092702876158,2.10570396877));
#4470 = CARTESIAN_POINT('',(2.140357475773,2.107852747079));
#4471 = CARTESIAN_POINT('',(2.18801249096,2.110024163665));
#4472 = CARTESIAN_POINT('',(2.235667472727,2.112213269004));
#4473 = CARTESIAN_POINT('',(2.283321512174,2.114415051466));
#4474 = CARTESIAN_POINT('',(2.330974227587,2.116624494284));
#4475 = CARTESIAN_POINT('',(2.37862537656,2.118836569798));
#4476 = CARTESIAN_POINT('',(2.426274518081,2.121046235715));
#4477 = CARTESIAN_POINT('',(2.473921494701,2.123248469025));
#4478 = CARTESIAN_POINT('',(2.521565932273,2.125438254714));
#4479 = CARTESIAN_POINT('',(2.56920745554,2.12761060727));
#4480 = CARTESIAN_POINT('',(2.616845971141,2.129760595091));
#4481 = CARTESIAN_POINT('',(2.664481449067,2.131883341687));
#4482 = CARTESIAN_POINT('',(2.712113426776,2.133974015065));
#4483 = CARTESIAN_POINT('',(2.759742343052,2.136027896511));
#4484 = CARTESIAN_POINT('',(2.807367843401,2.138040318697));
#4485 = CARTESIAN_POINT('',(2.854989818788,2.140006719976));
#4486 = CARTESIAN_POINT('',(2.902608405691,2.141922654676));
#4487 = CARTESIAN_POINT('',(2.950223755569,2.143783793502));
#4488 = CARTESIAN_POINT('',(2.997835902914,2.145585928053));
#4489 = CARTESIAN_POINT('',(3.045444474223,2.14732496877));
#4490 = CARTESIAN_POINT('',(3.093050082446,2.148997007464));
#4491 = CARTESIAN_POINT('',(3.140652542299,2.150598259381));
#4492 = CARTESIAN_POINT('',(3.188252590371,2.152125129105));
#4493 = CARTESIAN_POINT('',(3.235848614756,2.1535741218));
#4494 = CARTESIAN_POINT('',(3.283448030577,2.154942178553));
#4495 = CARTESIAN_POINT('',(3.331048749281,2.156226121244));
#4496 = CARTESIAN_POINT('',(3.378648080743,2.157422966971));
#4497 = CARTESIAN_POINT('',(3.426244852179,2.158529983171));
#4498 = CARTESIAN_POINT('',(3.473838557509,2.15954466404));
#4499 = CARTESIAN_POINT('',(3.521429331784,2.160464729784));
#4500 = CARTESIAN_POINT('',(3.569017728806,2.161288121537));
#4501 = CARTESIAN_POINT('',(3.616604570204,2.162012999283));
#4502 = CARTESIAN_POINT('',(3.664190788079,2.162637740872));
#4503 = CARTESIAN_POINT('',(3.711777275919,2.163160942687));
#4504 = CARTESIAN_POINT('',(3.759364737156,2.163581421887));
#4505 = CARTESIAN_POINT('',(3.8069535286,2.163898220242));
#4506 = CARTESIAN_POINT('',(3.85454348975,2.164110609813));
#4507 = CARTESIAN_POINT('',(3.902133766217,2.164218099702));
#4508 = CARTESIAN_POINT('',(3.949722573712,2.164220446977));
#4509 = CARTESIAN_POINT('',(3.99730708029,2.164117660388));
#4510 = CARTESIAN_POINT('',(4.044882723285,2.163910039554));
#4511 = CARTESIAN_POINT('',(4.092470775962,2.163597948387));
#4512 = CARTESIAN_POINT('',(4.140062545006,2.163182086504));
#4513 = CARTESIAN_POINT('',(4.187656367191,2.162663399509));
#4514 = CARTESIAN_POINT('',(4.235250209068,2.16204307676));
#4515 = CARTESIAN_POINT('',(4.282843350013,2.161322537551));
#4516 = CARTESIAN_POINT('',(4.330435664397,2.160503422638));
#4517 = CARTESIAN_POINT('',(4.37802757482,2.159587586511));
#4518 = CARTESIAN_POINT('',(4.425619847676,2.158577091547));
#4519 = CARTESIAN_POINT('',(4.47321344692,2.157474203677));
#4520 = CARTESIAN_POINT('',(4.520809382575,2.156281389568));
#4521 = CARTESIAN_POINT('',(4.56840856233,2.155001315315));
#4522 = CARTESIAN_POINT('',(4.616011646135,2.153636846263));
#4523 = CARTESIAN_POINT('',(4.663618865682,2.152191049164));
#4524 = CARTESIAN_POINT('',(4.711229931656,2.150667191826));
#4525 = CARTESIAN_POINT('',(4.758843546598,2.14906875805));
#4526 = CARTESIAN_POINT('',(4.806458301873,2.147399411172));
#4527 = CARTESIAN_POINT('',(4.854068301559,2.145663154768));
#4528 = CARTESIAN_POINT('',(4.901679671593,2.143863713193));
#4529 = CARTESIAN_POINT('',(4.949294888916,2.142005062627));
#4530 = CARTESIAN_POINT('',(4.996913173848,2.140091436488));
#4531 = CARTESIAN_POINT('',(5.044534874129,2.138127151364));
#4532 = CARTESIAN_POINT('',(5.092160071136,2.136116650114));
#4533 = CARTESIAN_POINT('',(5.139788723203,2.134064487156));
#4534 = CARTESIAN_POINT('',(5.187420430002,2.131975327823));
#4535 = CARTESIAN_POINT('',(5.235055641517,2.129853886733));
#4536 = CARTESIAN_POINT('',(5.282693902928,2.127704992527));
#4537 = CARTESIAN_POINT('',(5.330335174558,2.125533519534));
#4538 = CARTESIAN_POINT('',(5.377979365283,2.123344397168));
#4539 = CARTESIAN_POINT('',(5.425626120892,2.121142608384));
#4540 = CARTESIAN_POINT('',(5.47327504871,2.118933167956));
#4541 = CARTESIAN_POINT('',(5.520926003858,2.116721097742));
#4542 = CARTESIAN_POINT('',(5.568578546385,2.114511439918));
#4543 = CARTESIAN_POINT('',(5.616232430581,2.112309222753));
#4544 = CARTESIAN_POINT('',(5.663887276507,2.110119463908));
#4545 = CARTESIAN_POINT('',(5.711542163299,2.107947177022));
#4546 = CARTESIAN_POINT('',(5.759196643091,2.105797313557));
#4547 = CARTESIAN_POINT('',(5.806850216717,2.103674774796));
#4548 = CARTESIAN_POINT('',(5.854502403814,2.101584397142));
#4549 = CARTESIAN_POINT('',(5.902151867809,2.099530977933));
#4550 = CARTESIAN_POINT('',(5.949799111875,2.097519149936));
#4551 = CARTESIAN_POINT('',(5.997442801593,2.095553523615));
#4552 = CARTESIAN_POINT('',(6.045081850904,2.093638589756));
#4553 = CARTESIAN_POINT('',(6.092715611184,2.091778700844));
#4554 = CARTESIAN_POINT('',(6.140343596772,2.089978073693));
#4555 = CARTESIAN_POINT('',(6.187965310041,2.088240780466));
#4556 = CARTESIAN_POINT('',(6.235580114073,2.086570764926));
#4557 = CARTESIAN_POINT('',(6.267317922548,2.085504767873));
#4558 = CARTESIAN_POINT('',(6.28318530718,2.084984239313));
#4559 = ( GEOMETRIC_REPRESENTATION_CONTEXT(2) 
PARAMETRIC_REPRESENTATION_CONTEXT() REPRESENTATION_CONTEXT('2D SPACE',''
  ) );
#4560 = FACE_BOUND('',#4561,.F.);
#4561 = EDGE_LOOP('',(#4562));
#4562 = ORIENTED_EDGE('',*,*,#4563,.T.);
#4563 = EDGE_CURVE('',#4564,#4564,#4566,.T.);
#4564 = VERTEX_POINT('',#4565);
#4565 = CARTESIAN_POINT('',(9.7,-8.,-102.9493832491));
#4566 = SURFACE_CURVE('',#4567,(#4660,#4799),.PCURVE_S1.);
#4567 = B_SPLINE_CURVE_WITH_KNOTS('',7,(#4568,#4569,#4570,#4571,#4572,
    #4573,#4574,#4575,#4576,#4577,#4578,#4579,#4580,#4581,#4582,#4583,
    #4584,#4585,#4586,#4587,#4588,#4589,#4590,#4591,#4592,#4593,#4594,
    #4595,#4596,#4597,#4598,#4599,#4600,#4601,#4602,#4603,#4604,#4605,
    #4606,#4607,#4608,#4609,#4610,#4611,#4612,#4613,#4614,#4615,#4616,
    #4617,#4618,#4619,#4620,#4621,#4622,#4623,#4624,#4625,#4626,#4627,
    #4628,#4629,#4630,#4631,#4632,#4633,#4634,#4635,#4636,#4637,#4638,
    #4639,#4640,#4641,#4642,#4643,#4644,#4645,#4646,#4647,#4648,#4649,
    #4650,#4651,#4652,#4653,#4654,#4655,#4656,#4657,#4658,#4659),
  .UNSPECIFIED.,.T.,.F.,(8,6,6,6,6,6,6,6,6,6,6,6,6,6,6,8),(0.,
    0.257911959263,0.373488034495,0.573442990333,0.717813966308,1.,
    1.32429783498,1.50607011868,1.724331495104,1.874215881126,
    1.948573531017,2.081080997314,2.235156742415,2.337352755925,
    2.722436364096,3.061983514322),.UNSPECIFIED.);
#4568 = CARTESIAN_POINT('',(9.7,-8.,-102.9493832491));
#4569 = CARTESIAN_POINT('',(9.7,-7.871466080035,-102.9518652177));
#4570 = CARTESIAN_POINT('',(9.688662044869,-7.742902112506,
    -102.9545666307));
#4571 = CARTESIAN_POINT('',(9.665976848819,-7.615534586779,
    -102.9574639618));
#4572 = CARTESIAN_POINT('',(9.632106680533,-7.490558110162,
    -102.960530989));
#4573 = CARTESIAN_POINT('',(9.587360362458,-7.369133751827,
    -102.9637393111));
#4574 = CARTESIAN_POINT('',(9.53219182141,-7.252380823902,
    -102.9670585373));
#4575 = CARTESIAN_POINT('',(9.438107856349,-7.091612144511,
    -102.9719786922));
#4576 = CARTESIAN_POINT('',(9.407023678973,-7.043010877517,
    -102.9735170637));
#4577 = CARTESIAN_POINT('',(9.374024354319,-6.995652640343,
    -102.9750683838));
#4578 = CARTESIAN_POINT('',(9.339169808393,-6.949627933631,
    -102.9766297476));
#4579 = CARTESIAN_POINT('',(9.302525197222,-6.905023417046,
    -102.9781982238));
#4580 = CARTESIAN_POINT('',(9.264160906854,-6.861921909281,
    -102.9797708546));
#4581 = CARTESIAN_POINT('',(9.154935212831,-6.748570618233,
    -102.9840674451));
#4582 = CARTESIAN_POINT('',(9.080792957178,-6.681470251078,
    -102.9867938861));
#4583 = CARTESIAN_POINT('',(9.002120866915,-6.619512740928,
    -102.989508409));
#4584 = CARTESIAN_POINT('',(8.919350519947,-6.563063664105,
    -102.9921956282));
#4585 = CARTESIAN_POINT('',(8.832947993193,-6.512441013667,
    -102.9948404135));
#4586 = CARTESIAN_POINT('',(8.743411864213,-6.467913494158,
    -102.9974279611));
#4587 = CARTESIAN_POINT('',(8.584744050706,-6.402107150498,
    -103.0017603918));
#4588 = CARTESIAN_POINT('',(8.516856287615,-6.377805088934,
    -103.0035396507));
#4589 = CARTESIAN_POINT('',(8.447806015617,-6.356873880156,
    -103.0052762532));
#4590 = CARTESIAN_POINT('',(8.377795710047,-6.339379234414,
    -103.0069650265));
#4591 = CARTESIAN_POINT('',(8.307031747147,-6.32537125764,
    -103.0086010242));
#4592 = CARTESIAN_POINT('',(8.23572392169,-6.314884385367,
    -103.0101795368));
#4593 = CARTESIAN_POINT('',(8.024060191461,-6.294358647152,
    -103.0146603646));
#4594 = CARTESIAN_POINT('',(7.882744797391,-6.294300900168,
    -103.0173885055));
#4595 = CARTESIAN_POINT('',(7.741757367029,-6.307913280042,
    -103.0198464381));
#4596 = CARTESIAN_POINT('',(7.602678440271,-6.335084907373,
    -103.0220058328));
#4597 = CARTESIAN_POINT('',(7.467044184175,-6.375493746851,
    -103.0238432897));
#4598 = CARTESIAN_POINT('',(7.336334320502,-6.42861447611,
    -103.0253404165));
#4599 = CARTESIAN_POINT('',(7.069012548283,-6.568466905432,
    -103.0277999862));
#4600 = CARTESIAN_POINT('',(6.93436222341,-6.659067553336,-103.028649922
    ));
#4601 = CARTESIAN_POINT('',(6.810152518479,-6.764354806439,
    -103.0290150237));
#4602 = CARTESIAN_POINT('',(6.698237523563,-6.882871984332,
    -103.0288876366));
#4603 = CARTESIAN_POINT('',(6.600228479981,-7.012916286533,
    -103.0282695246));
#4604 = CARTESIAN_POINT('',(6.517478360152,-7.152554311518,
    -103.0271718689));
#4605 = CARTESIAN_POINT('',(6.413736292187,-7.381981562314,
    -103.0247467048));
#4606 = CARTESIAN_POINT('',(6.381579670643,-7.466720952496,
    -103.023732083));
#4607 = CARTESIAN_POINT('',(6.354705665028,-7.553412098322,
    -103.0225778565));
#4608 = CARTESIAN_POINT('',(6.333255302976,-7.641661141563,
    -103.0212888974));
#4609 = CARTESIAN_POINT('',(6.31733278579,-7.731062633965,
    -103.0198710118));
#4610 = CARTESIAN_POINT('',(6.307004382189,-7.821200765931,
    -103.018330937));
#4611 = CARTESIAN_POINT('',(6.296645363465,-8.02025738516,-103.014689598
    ));
#4612 = CARTESIAN_POINT('',(6.299097255442,-8.129324794203,
    -103.0125375408));
#4613 = CARTESIAN_POINT('',(6.309701971654,-8.238111295296,
    -103.0102335195));
#4614 = CARTESIAN_POINT('',(6.328419663277,-8.345883381304,
    -103.0077924444));
#4615 = CARTESIAN_POINT('',(6.355130916734,-8.451917685156,
    -103.0052305667));
#4616 = CARTESIAN_POINT('',(6.389636781353,-8.555504824007,
    -103.0025654051));
#4617 = CARTESIAN_POINT('',(6.460500574357,-8.724936059329,
    -102.9979276202));
#4618 = CARTESIAN_POINT('',(6.492893540983,-8.792441955484,
    -102.995999494));
#4619 = CARTESIAN_POINT('',(6.528736698427,-8.858251244965,
    -102.9940374794));
#4620 = CARTESIAN_POINT('',(6.567921934493,-8.922151648343,
    -102.9920477579));
#4621 = CARTESIAN_POINT('',(6.610325148035,-8.9839404776,-102.9900366349
    ));
#4622 = CARTESIAN_POINT('',(6.655806603769,-9.043425096053,
    -102.9880105246));
#4623 = CARTESIAN_POINT('',(6.728224852412,-9.128700228381,
    -102.9849665737));
#4624 = CARTESIAN_POINT('',(6.752958056304,-9.156365396275,
    -102.9839551179));
#4625 = CARTESIAN_POINT('',(6.778392058096,-9.183396770456,
    -102.982942357));
#4626 = CARTESIAN_POINT('',(6.804507233535,-9.209773036268,
    -102.9819290814));
#4627 = CARTESIAN_POINT('',(6.831283174783,-9.235473675922,
    -102.9809160809));
#4628 = CARTESIAN_POINT('',(6.858698690415,-9.260478968486,
    -102.9799041455));
#4629 = CARTESIAN_POINT('',(6.93668762095,-9.328057287234,
    -102.9770940717));
#4630 = CARTESIAN_POINT('',(6.98860522479,-9.369076735082,
    -102.9752999503));
#4631 = CARTESIAN_POINT('',(7.042359841864,-9.407720934883,
    -102.9735161829));
#4632 = CARTESIAN_POINT('',(7.097820326293,-9.443891774204,
    -102.9717471961));
#4633 = CARTESIAN_POINT('',(7.154849431245,-9.477500541183,
    -102.9699973534));
#4634 = CARTESIAN_POINT('',(7.213304078796,-9.508468038989,
    -102.9682709477));
#4635 = CARTESIAN_POINT('',(7.342489702711,-9.569580706543,
    -102.9645969329));
#4636 = CARTESIAN_POINT('',(7.413671868904,-9.59877232171,
    -102.9626590113));
#4637 = CARTESIAN_POINT('',(7.486348000953,-9.624190162577,
    -102.9607650638));
#4638 = CARTESIAN_POINT('',(7.560277624942,-9.645744214108,
    -102.958921475));
#4639 = CARTESIAN_POINT('',(7.635214539934,-9.663363928403,
    -102.9571343646));
#4640 = CARTESIAN_POINT('',(7.710907437439,-9.676998323653,
    -102.9554095738));
#4641 = CARTESIAN_POINT('',(7.837638192348,-9.692995391378,
    -102.9526536403));
#4642 = CARTESIAN_POINT('',(7.888396593568,-9.697607705243,
    -102.9515844727));
#4643 = CARTESIAN_POINT('',(7.939301307072,-9.700443971852,
    -102.9505467614));
#4644 = CARTESIAN_POINT('',(7.990277872012,-9.701499035403,
    -102.949542045));
#4645 = CARTESIAN_POINT('',(8.041251784164,-9.700771637137,
    -102.9485717879));
#4646 = CARTESIAN_POINT('',(8.09214849593,-9.69826441534,-102.94763738)
  );
#4647 = CARTESIAN_POINT('',(8.334104759876,-9.677854565488,
    -102.9433592459));
#4648 = CARTESIAN_POINT('',(8.523254547367,-9.63653909904,-102.940504387
    ));
#4649 = CARTESIAN_POINT('',(8.706190125908,-9.570360480235,
    -102.9382495852));
#4650 = CARTESIAN_POINT('',(8.879070300632,-9.480530828351,
    -102.9366456814));
#4651 = CARTESIAN_POINT('',(9.038372423715,-9.368879275579,
    -102.9357254287));
#4652 = CARTESIAN_POINT('',(9.180884707852,-9.23786200046,
    -102.9355034356));
#4653 = CARTESIAN_POINT('',(9.412466381901,-8.961011480153,
    -102.9363776833));
#4654 = CARTESIAN_POINT('',(9.505964581076,-8.818640708566,
    -102.9373215257));
#4655 = CARTESIAN_POINT('',(9.582603261709,-8.665789618504,
    -102.9387933536));
#4656 = CARTESIAN_POINT('',(9.641042977912,-8.504870169398,
    -102.9407724282));
#4657 = CARTESIAN_POINT('',(9.680350854438,-8.33844175091,
    -102.9432272962));
#4658 = CARTESIAN_POINT('',(9.7,-8.169208237792,-102.9461158663));
#4659 = CARTESIAN_POINT('',(9.7,-8.,-102.9493832491));
#4660 = PCURVE('',#2784,#4661);
#4661 = DEFINITIONAL_REPRESENTATION('',(#4662),#4798);
#4662 = B_SPLINE_CURVE_WITH_KNOTS('',3,(#4663,#4664,#4665,#4666,#4667,
    #4668,#4669,#4670,#4671,#4672,#4673,#4674,#4675,#4676,#4677,#4678,
    #4679,#4680,#4681,#4682,#4683,#4684,#4685,#4686,#4687,#4688,#4689,
    #4690,#4691,#4692,#4693,#4694,#4695,#4696,#4697,#4698,#4699,#4700,
    #4701,#4702,#4703,#4704,#4705,#4706,#4707,#4708,#4709,#4710,#4711,
    #4712,#4713,#4714,#4715,#4716,#4717,#4718,#4719,#4720,#4721,#4722,
    #4723,#4724,#4725,#4726,#4727,#4728,#4729,#4730,#4731,#4732,#4733,
    #4734,#4735,#4736,#4737,#4738,#4739,#4740,#4741,#4742,#4743,#4744,
    #4745,#4746,#4747,#4748,#4749,#4750,#4751,#4752,#4753,#4754,#4755,
    #4756,#4757,#4758,#4759,#4760,#4761,#4762,#4763,#4764,#4765,#4766,
    #4767,#4768,#4769,#4770,#4771,#4772,#4773,#4774,#4775,#4776,#4777,
    #4778,#4779,#4780,#4781,#4782,#4783,#4784,#4785,#4786,#4787,#4788,
    #4789,#4790,#4791,#4792,#4793,#4794,#4795,#4796,#4797),
  .UNSPECIFIED.,.T.,.F.,(4,1,1,1,1,1,1,1,1,1,1,1,1,1,1,1,1,1,1,1,1,1,1,1
    ,1,1,1,1,1,1,1,1,1,1,1,1,1,1,1,1,1,1,1,1,1,1,1,1,1,1,1,1,1,1,1,1,1,1
    ,1,1,1,1,1,1,1,1,1,1,1,1,1,1,1,1,1,1,1,1,1,1,1,1,1,1,1,1,1,1,1,1,1,1
    ,1,1,1,1,1,1,1,1,1,1,1,1,1,1,1,1,1,1,1,1,1,1,1,1,1,1,1,1,1,1,1,1,1,1
    ,1,1,1,1,1,1,4),(0.,2.319684480547E-02,4.639368961093E-02,
    6.95905344164E-02,9.278737922187E-02,0.115984224027,0.139181068833,
    0.162377913638,0.185574758444,0.208771603249,0.231968448055,
    0.25516529286,0.278362137666,0.301558982471,0.324755827277,
    0.347952672082,0.371149516887,0.394346361693,0.417543206498,
    0.440740051304,0.463936896109,0.487133740915,0.51033058572,
    0.533527430526,0.556724275331,0.579921120137,0.603117964942,
    0.626314809748,0.649511654553,0.672708499359,0.695905344164,
    0.719102188969,0.742299033775,0.76549587858,0.788692723386,
    0.811889568191,0.835086412997,0.858283257802,0.881480102608,
    0.904676947413,0.927873792219,0.951070637024,0.97426748183,
    0.997464326635,1.020661171441,1.043858016246,1.067054861051,
    1.090251705857,1.113448550662,1.136645395468,1.159842240273,
    1.183039085079,1.206235929884,1.22943277469,1.252629619495,
    1.275826464301,1.299023309106,1.322220153912,1.345416998717,
    1.368613843523,1.391810688328,1.415007533134,1.438204377939,
    1.461401222744,1.48459806755,1.507794912355,1.530991757161,
    1.554188601966,1.577385446772,1.600582291577,1.623779136383,
    1.646975981188,1.670172825994,1.693369670799,1.716566515605,
    1.73976336041,1.762960205216,1.786157050021,1.809353894826,
    1.832550739632,1.855747584437,1.878944429243,1.902141274048,
    1.925338118854,1.948534963659,1.971731808465,1.99492865327,
    2.018125498076,2.041322342881,2.064519187687,2.087716032492,
    2.110912877298,2.134109722103,2.157306566908,2.180503411714,
    2.203700256519,2.226897101325,2.25009394613,2.273290790936,
    2.296487635741,2.319684480547,2.342881325352,2.366078170158,
    2.389275014963,2.412471859769,2.435668704574,2.45886554938,
    2.482062394185,2.50525923899,2.528456083796,2.551652928601,
    2.574849773407,2.598046618212,2.621243463018,2.644440307823,
    2.667637152629,2.690833997434,2.71403084224,2.737227687045,
    2.760424531851,2.783621376656,2.806818221462,2.830015066267,
    2.853211911072,2.876408755878,2.899605600683,2.922802445489,
    2.945999290294,2.9691961351,2.992392979905,3.015589824711,
    3.038786669516,3.061983514322),.QUASI_UNIFORM_KNOTS.);
#4663 = CARTESIAN_POINT('',(5.593538636678,4.773195321912));
#4664 = CARTESIAN_POINT('',(5.59519371987,4.773112219743));
#4665 = CARTESIAN_POINT('',(5.59845266443,4.772941702833));
#4666 = CARTESIAN_POINT('',(5.603177295473,4.772673440383));
#4667 = CARTESIAN_POINT('',(5.607728017456,4.772393132567));
#4668 = CARTESIAN_POINT('',(5.612094717397,4.772101252299));
#4669 = CARTESIAN_POINT('',(5.616267260866,4.771798293635));
#4670 = CARTESIAN_POINT('',(5.620235480646,4.771484775374));
#4671 = CARTESIAN_POINT('',(5.623989168359,4.771161241275));
#4672 = CARTESIAN_POINT('',(5.627518074908,4.770828261347));
#4673 = CARTESIAN_POINT('',(5.630811915638,4.770486433397));
#4674 = CARTESIAN_POINT('',(5.633860393141,4.770136383667));
#4675 = CARTESIAN_POINT('',(5.636653192917,4.7697787721));
#4676 = CARTESIAN_POINT('',(5.639180121526,4.769414281183));
#4677 = CARTESIAN_POINT('',(5.641431215455,4.769043597544));
#4678 = CARTESIAN_POINT('',(5.643396476147,4.768667454842));
#4679 = CARTESIAN_POINT('',(5.645066132542,4.768286604073));
#4680 = CARTESIAN_POINT('',(5.646430610562,4.767901825623));
#4681 = CARTESIAN_POINT('',(5.647480607036,4.767513918707));
#4682 = CARTESIAN_POINT('',(5.648207151317,4.767123707178));
#4683 = CARTESIAN_POINT('',(5.648601641129,4.766732048165));
#4684 = CARTESIAN_POINT('',(5.648655943054,4.766339812977));
#4685 = CARTESIAN_POINT('',(5.648362453967,4.765947892469));
#4686 = CARTESIAN_POINT('',(5.647714181015,4.765557195618));
#4687 = CARTESIAN_POINT('',(5.646704827509,4.765168650197));
#4688 = CARTESIAN_POINT('',(5.645328878951,4.76478320063));
#4689 = CARTESIAN_POINT('',(5.643581724626,4.764401813682));
#4690 = CARTESIAN_POINT('',(5.641459662872,4.764025450275));
#4691 = CARTESIAN_POINT('',(5.63896010306,4.763655088953));
#4692 = CARTESIAN_POINT('',(5.636081612604,4.763291713817));
#4693 = CARTESIAN_POINT('',(5.632824020737,4.762936309952));
#4694 = CARTESIAN_POINT('',(5.629188499057,4.762589860047));
#4695 = CARTESIAN_POINT('',(5.62517778384,4.762253350802));
#4696 = CARTESIAN_POINT('',(5.62079585063,4.761927736729));
#4697 = CARTESIAN_POINT('',(5.616048498104,4.7616139793));
#4698 = CARTESIAN_POINT('',(5.610943411682,4.761313032434));
#4699 = CARTESIAN_POINT('',(5.605489918404,4.761025817716));
#4700 = CARTESIAN_POINT('',(5.59969911165,4.760753227947));
#4701 = CARTESIAN_POINT('',(5.593583865857,4.760496122562));
#4702 = CARTESIAN_POINT('',(5.58715886678,4.760255324692));
#4703 = CARTESIAN_POINT('',(5.580440623328,4.760031617355));
#4704 = CARTESIAN_POINT('',(5.573447459913,4.759825739326));
#4705 = CARTESIAN_POINT('',(5.566199516883,4.759638381151));
#4706 = CARTESIAN_POINT('',(5.558718640144,4.759470179191));
#4707 = CARTESIAN_POINT('',(5.551028599987,4.759321715949));
#4708 = CARTESIAN_POINT('',(5.543153991918,4.759193496082));
#4709 = CARTESIAN_POINT('',(5.535120009239,4.75908595368));
#4710 = CARTESIAN_POINT('',(5.526954535798,4.758999477788));
#4711 = CARTESIAN_POINT('',(5.518685863249,4.758934373449));
#4712 = CARTESIAN_POINT('',(5.510343067478,4.758890871266));
#4713 = CARTESIAN_POINT('',(5.501955673218,4.758869124402));
#4714 = CARTESIAN_POINT('',(5.493553498303,4.758869209144));
#4715 = CARTESIAN_POINT('',(5.485166442762,4.758891124731));
#4716 = CARTESIAN_POINT('',(5.476824289525,4.758934793627));
#4717 = CARTESIAN_POINT('',(5.468556504376,4.759000061895));
#4718 = CARTESIAN_POINT('',(5.460392037854,4.759086699846));
#4719 = CARTESIAN_POINT('',(5.452359150493,4.759194402544));
#4720 = CARTESIAN_POINT('',(5.444485191863,4.759322791596));
#4721 = CARTESIAN_POINT('',(5.436796607537,4.759471412699));
#4722 = CARTESIAN_POINT('',(5.429318162379,4.759639749461));
#4723 = CARTESIAN_POINT('',(5.422072601058,4.759827238328));
#4724 = CARTESIAN_POINT('',(5.415081933686,4.760033239549));
#4725 = CARTESIAN_POINT('',(5.408366209033,4.760257065105));
#4726 = CARTESIAN_POINT('',(5.401943766416,4.760497976327));
#4727 = CARTESIAN_POINT('',(5.395831134487,4.760755189038));
#4728 = CARTESIAN_POINT('',(5.390043016124,4.761027878523));
#4729 = CARTESIAN_POINT('',(5.384592405608,4.761315177416));
#4730 = CARTESIAN_POINT('',(5.379490199571,4.761616201858));
#4731 = CARTESIAN_POINT('',(5.374745687262,4.761930032338));
#4732 = CARTESIAN_POINT('',(5.370366488582,4.762255720567));
#4733 = CARTESIAN_POINT('',(5.366358411677,4.762592307096));
#4734 = CARTESIAN_POINT('',(5.362725625486,4.762938821191));
#4735 = CARTESIAN_POINT('',(5.359470748138,4.763294284846));
#4736 = CARTESIAN_POINT('',(5.35659495585,4.763657715075));
#4737 = CARTESIAN_POINT('',(5.354098081263,4.764028126041));
#4738 = CARTESIAN_POINT('',(5.351978710879,4.764404530741));
#4739 = CARTESIAN_POINT('',(5.350234265589,4.764785941855));
#4740 = CARTESIAN_POINT('',(5.348860984823,4.765171405637));
#4741 = CARTESIAN_POINT('',(5.34785424872,4.765559958366));
#4742 = CARTESIAN_POINT('',(5.347208530841,4.765950657246));
#4743 = CARTESIAN_POINT('',(5.346917527854,4.766342574608));
#4744 = CARTESIAN_POINT('',(5.346974242194,4.766734800537));
#4745 = CARTESIAN_POINT('',(5.347371068157,4.767126440084));
#4746 = CARTESIAN_POINT('',(5.348099870547,4.767516623209));
#4747 = CARTESIAN_POINT('',(5.349152058947,4.767904502032));
#4748 = CARTESIAN_POINT('',(5.350518654101,4.768289249611));
#4749 = CARTESIAN_POINT('',(5.352190359703,4.768670064635));
#4750 = CARTESIAN_POINT('',(5.354157599122,4.769046167768));
#4751 = CARTESIAN_POINT('',(5.356410579399,4.7694168045));
#4752 = CARTESIAN_POINT('',(5.358939345984,4.769781247414));
#4753 = CARTESIAN_POINT('',(5.361733816915,4.770138794898));
#4754 = CARTESIAN_POINT('',(5.364783789414,4.770488767764));
#4755 = CARTESIAN_POINT('',(5.368079061036,4.770830519266));
#4756 = CARTESIAN_POINT('',(5.371609333647,4.771163422706));
#4757 = CARTESIAN_POINT('',(5.375364323184,4.771486879311));
#4758 = CARTESIAN_POINT('',(5.379333772522,4.771800317886));
#4759 = CARTESIAN_POINT('',(5.383507453102,4.772103193338));
#4760 = CARTESIAN_POINT('',(5.387875167342,4.772394985695));
#4761 = CARTESIAN_POINT('',(5.392426739582,4.772675198361));
#4762 = CARTESIAN_POINT('',(5.397152144021,4.772943366549));
#4763 = CARTESIAN_POINT('',(5.402041350628,4.773199046377));
#4764 = CARTESIAN_POINT('',(5.407084502826,4.773441823979));
#4765 = CARTESIAN_POINT('',(5.412271564266,4.773671300269));
#4766 = CARTESIAN_POINT('',(5.417593603856,4.773887142792));
#4767 = CARTESIAN_POINT('',(5.42304069622,4.774088994109));
#4768 = CARTESIAN_POINT('',(5.42860293867,4.774276524897));
#4769 = CARTESIAN_POINT('',(5.434270647629,4.774449438548));
#4770 = CARTESIAN_POINT('',(5.440034286907,4.774607467082));
#4771 = CARTESIAN_POINT('',(5.445884464281,4.774750369811));
#4772 = CARTESIAN_POINT('',(5.451811906674,4.774877931686));
#4773 = CARTESIAN_POINT('',(5.45780743831,4.774989962148));
#4774 = CARTESIAN_POINT('',(5.463861955611,4.775086294265));
#4775 = CARTESIAN_POINT('',(5.469966400725,4.775166784216));
#4776 = CARTESIAN_POINT('',(5.476111733373,4.775231311111));
#4777 = CARTESIAN_POINT('',(5.482288901165,4.775279777138));
#4778 = CARTESIAN_POINT('',(5.488488808691,4.775312108084));
#4779 = CARTESIAN_POINT('',(5.494702284476,4.775328254121));
#4780 = CARTESIAN_POINT('',(5.500920049438,4.775328191227));
#4781 = CARTESIAN_POINT('',(5.507132673454,4.775311921964));
#4782 = CARTESIAN_POINT('',(5.51333057012,4.775279480363));
#4783 = CARTESIAN_POINT('',(5.519506815149,4.775230904327));
#4784 = CARTESIAN_POINT('',(5.525651517678,4.775166266976));
#4785 = CARTESIAN_POINT('',(5.531755491809,4.775085666146));
#4786 = CARTESIAN_POINT('',(5.537809475264,4.774989224597));
#4787 = CARTESIAN_POINT('',(5.543804294024,4.774877088776));
#4788 = CARTESIAN_POINT('',(5.549730776103,4.774749428406));
#4789 = CARTESIAN_POINT('',(5.555579735207,4.774606436281));
#4790 = CARTESIAN_POINT('',(5.561341938362,4.774448328434));
#4791 = CARTESIAN_POINT('',(5.567008080819,4.774275344602));
#4792 = CARTESIAN_POINT('',(5.572568761555,4.77408774912));
#4793 = CARTESIAN_POINT('',(5.578014463663,4.773885831755));
#4794 = CARTESIAN_POINT('',(5.583335530264,4.773669910282));
#4795 = CARTESIAN_POINT('',(5.588522170636,4.773440328096));
#4796 = CARTESIAN_POINT('',(5.591883636173,4.773278423945));
#4797 = CARTESIAN_POINT('',(5.593538636678,4.773195321912));
#4798 = ( GEOMETRIC_REPRESENTATION_CONTEXT(2) 
PARAMETRIC_REPRESENTATION_CONTEXT() REPRESENTATION_CONTEXT('2D SPACE',''
  ) );
#4799 = PCURVE('',#1916,#4800);
#4800 = DEFINITIONAL_REPRESENTATION('',(#4801),#4937);
#4801 = B_SPLINE_CURVE_WITH_KNOTS('',3,(#4802,#4803,#4804,#4805,#4806,
    #4807,#4808,#4809,#4810,#4811,#4812,#4813,#4814,#4815,#4816,#4817,
    #4818,#4819,#4820,#4821,#4822,#4823,#4824,#4825,#4826,#4827,#4828,
    #4829,#4830,#4831,#4832,#4833,#4834,#4835,#4836,#4837,#4838,#4839,
    #4840,#4841,#4842,#4843,#4844,#4845,#4846,#4847,#4848,#4849,#4850,
    #4851,#4852,#4853,#4854,#4855,#4856,#4857,#4858,#4859,#4860,#4861,
    #4862,#4863,#4864,#4865,#4866,#4867,#4868,#4869,#4870,#4871,#4872,
    #4873,#4874,#4875,#4876,#4877,#4878,#4879,#4880,#4881,#4882,#4883,
    #4884,#4885,#4886,#4887,#4888,#4889,#4890,#4891,#4892,#4893,#4894,
    #4895,#4896,#4897,#4898,#4899,#4900,#4901,#4902,#4903,#4904,#4905,
    #4906,#4907,#4908,#4909,#4910,#4911,#4912,#4913,#4914,#4915,#4916,
    #4917,#4918,#4919,#4920,#4921,#4922,#4923,#4924,#4925,#4926,#4927,
    #4928,#4929,#4930,#4931,#4932,#4933,#4934,#4935,#4936),
  .UNSPECIFIED.,.F.,.F.,(4,1,1,1,1,1,1,1,1,1,1,1,1,1,1,1,1,1,1,1,1,1,1,1
    ,1,1,1,1,1,1,1,1,1,1,1,1,1,1,1,1,1,1,1,1,1,1,1,1,1,1,1,1,1,1,1,1,1,1
    ,1,1,1,1,1,1,1,1,1,1,1,1,1,1,1,1,1,1,1,1,1,1,1,1,1,1,1,1,1,1,1,1,1,1
    ,1,1,1,1,1,1,1,1,1,1,1,1,1,1,1,1,1,1,1,1,1,1,1,1,1,1,1,1,1,1,1,1,1,1
    ,1,1,1,1,1,1,4),(0.,2.319684480547E-02,4.639368961093E-02,
    6.95905344164E-02,9.278737922187E-02,0.115984224027,0.139181068833,
    0.162377913638,0.185574758444,0.208771603249,0.231968448055,
    0.25516529286,0.278362137666,0.301558982471,0.324755827277,
    0.347952672082,0.371149516887,0.394346361693,0.417543206498,
    0.440740051304,0.463936896109,0.487133740915,0.51033058572,
    0.533527430526,0.556724275331,0.579921120137,0.603117964942,
    0.626314809748,0.649511654553,0.672708499359,0.695905344164,
    0.719102188969,0.742299033775,0.76549587858,0.788692723386,
    0.811889568191,0.835086412997,0.858283257802,0.881480102608,
    0.904676947413,0.927873792219,0.951070637024,0.97426748183,
    0.997464326635,1.020661171441,1.043858016246,1.067054861051,
    1.090251705857,1.113448550662,1.136645395468,1.159842240273,
    1.183039085079,1.206235929884,1.22943277469,1.252629619495,
    1.275826464301,1.299023309106,1.322220153912,1.345416998717,
    1.368613843523,1.391810688328,1.415007533134,1.438204377939,
    1.461401222744,1.48459806755,1.507794912355,1.530991757161,
    1.554188601966,1.577385446772,1.600582291577,1.623779136383,
    1.646975981188,1.670172825994,1.693369670799,1.716566515605,
    1.73976336041,1.762960205216,1.786157050021,1.809353894826,
    1.832550739632,1.855747584437,1.878944429243,1.902141274048,
    1.925338118854,1.948534963659,1.971731808465,1.99492865327,
    2.018125498076,2.041322342881,2.064519187687,2.087716032492,
    2.110912877298,2.134109722103,2.157306566908,2.180503411714,
    2.203700256519,2.226897101325,2.25009394613,2.273290790936,
    2.296487635741,2.319684480547,2.342881325352,2.366078170158,
    2.389275014963,2.412471859769,2.435668704574,2.45886554938,
    2.482062394185,2.50525923899,2.528456083796,2.551652928601,
    2.574849773407,2.598046618212,2.621243463018,2.644440307823,
    2.667637152629,2.690833997434,2.71403084224,2.737227687045,
    2.760424531851,2.783621376656,2.806818221462,2.830015066267,
    2.853211911072,2.876408755878,2.899605600683,2.922802445489,
    2.945999290294,2.9691961351,2.992392979905,3.015589824711,
    3.038786669516,3.061983514322),.QUASI_UNIFORM_KNOTS.);
#4802 = CARTESIAN_POINT('',(-3.552713678801E-15,2.150616750801));
#4803 = CARTESIAN_POINT('',(1.586736798841E-02,2.150095891065));
#4804 = CARTESIAN_POINT('',(4.760384369473E-02,2.149029274843));
#4805 = CARTESIAN_POINT('',(9.521281968855E-02,2.147358481497));
#4806 = CARTESIAN_POINT('',(0.142824837154,2.145620587041));
#4807 = CARTESIAN_POINT('',(0.190439599859,2.143819546042));
#4808 = CARTESIAN_POINT('',(0.238057158117,2.141959428243));
#4809 = CARTESIAN_POINT('',(0.285677831363,2.140044431616));
#4810 = CARTESIAN_POINT('',(0.333302010936,2.138078874002));
#4811 = CARTESIAN_POINT('',(0.38093001291,2.136067191124));
#4812 = CARTESIAN_POINT('',(0.42856187497,2.134013935769));
#4813 = CARTESIAN_POINT('',(0.476197303243,2.131923771184));
#4814 = CARTESIAN_POINT('',(0.523835004079,2.129801491709));
#4815 = CARTESIAN_POINT('',(0.571474210207,2.127651945493));
#4816 = CARTESIAN_POINT('',(0.619116908606,2.125479918206));
#4817 = CARTESIAN_POINT('',(0.666762209171,2.123290376577));
#4818 = CARTESIAN_POINT('',(0.714410231411,2.121088283315));
#4819 = CARTESIAN_POINT('',(0.762060478257,2.118878658964));
#4820 = CARTESIAN_POINT('',(0.809713071303,2.116666513567));
#4821 = CARTESIAN_POINT('',(0.857367980744,2.114456871068));
#4822 = CARTESIAN_POINT('',(0.905023840792,2.112254811638));
#4823 = CARTESIAN_POINT('',(0.952680170055,2.110065357459));
#4824 = CARTESIAN_POINT('',(1.000336573024,2.107893498006));
#4825 = CARTESIAN_POINT('',(1.047992741388,2.105744177886));
#4826 = CARTESIAN_POINT('',(1.095648170217,2.103622297582));
#4827 = CARTESIAN_POINT('',(1.143302194976,2.101532700014));
#4828 = CARTESIAN_POINT('',(1.190953039571,2.099480200909));
#4829 = CARTESIAN_POINT('',(1.238601021423,2.097469436952));
#4830 = CARTESIAN_POINT('',(1.286245300127,2.095504995227));
#4831 = CARTESIAN_POINT('',(1.333885059934,2.093591353044));
#4832 = CARTESIAN_POINT('',(1.381519672452,2.091732858894));
#4833 = CARTESIAN_POINT('',(1.429148736619,2.089933722545));
#4834 = CARTESIAN_POINT('',(1.476770633561,2.088198056769));
#4835 = CARTESIAN_POINT('',(1.524387194171,2.086529701995));
#4836 = CARTESIAN_POINT('',(1.571997634628,2.08493244029));
#4837 = CARTESIAN_POINT('',(1.619599645135,2.083409932254));
#4838 = CARTESIAN_POINT('',(1.667192435497,2.081965606156));
#4839 = CARTESIAN_POINT('',(1.714775639824,2.080602693378));
#4840 = CARTESIAN_POINT('',(1.762349363013,2.079324222876));
#4841 = CARTESIAN_POINT('',(1.809913948211,2.078133024804));
#4842 = CARTESIAN_POINT('',(1.857469823392,2.077031730052));
#4843 = CARTESIAN_POINT('',(1.905017369292,2.076022768529));
#4844 = CARTESIAN_POINT('',(1.952556633694,2.075108368094));
#4845 = CARTESIAN_POINT('',(2.000087602051,2.074290543738));
#4846 = CARTESIAN_POINT('',(2.047608313378,2.073571116649));
#4847 = CARTESIAN_POINT('',(2.095120913284,2.072951615073));
#4848 = CARTESIAN_POINT('',(2.14263158614,2.072433325438));
#4849 = CARTESIAN_POINT('',(2.190137358744,2.072017428973));
#4850 = CARTESIAN_POINT('',(2.237638813603,2.07170482564));
#4851 = CARTESIAN_POINT('',(2.285136488105,2.071496190369));
#4852 = CARTESIAN_POINT('',(2.332631588187,2.071391966219));
#4853 = CARTESIAN_POINT('',(2.380125576407,2.071392372279));
#4854 = CARTESIAN_POINT('',(2.427620083246,2.071497405454));
#4855 = CARTESIAN_POINT('',(2.475116746456,2.07170684177));
#4856 = CARTESIAN_POINT('',(2.522617066644,2.072020235543));
#4857 = CARTESIAN_POINT('',(2.570122275851,2.072436917343));
#4858 = CARTESIAN_POINT('',(2.617633097896,2.072955988719));
#4859 = CARTESIAN_POINT('',(2.665149844126,2.073576320898));
#4860 = CARTESIAN_POINT('',(2.712671149881,2.074296530607));
#4861 = CARTESIAN_POINT('',(2.760197650288,2.075115033235));
#4862 = CARTESIAN_POINT('',(2.807733602966,2.076030099272));
#4863 = CARTESIAN_POINT('',(2.85527789148,2.077039697497));
#4864 = CARTESIAN_POINT('',(2.902831109519,2.078141612899));
#4865 = CARTESIAN_POINT('',(2.950393519097,2.079333416453));
#4866 = CARTESIAN_POINT('',(2.997965319805,2.080612471437));
#4867 = CARTESIAN_POINT('',(3.045546600681,2.081975939403));
#4868 = CARTESIAN_POINT('',(3.093136219476,2.083420750977));
#4869 = CARTESIAN_POINT('',(3.140735339437,2.084943719269));
#4870 = CARTESIAN_POINT('',(3.18834345652,2.086541425891));
#4871 = CARTESIAN_POINT('',(3.235959001526,2.088210238871));
#4872 = CARTESIAN_POINT('',(3.283581337057,2.089946386766));
#4873 = CARTESIAN_POINT('',(3.331209969934,2.091745945122));
#4874 = CARTESIAN_POINT('',(3.378844527697,2.093604845068));
#4875 = CARTESIAN_POINT('',(3.426484538819,2.0955188747));
#4876 = CARTESIAN_POINT('',(3.474129260391,2.097483680882));
#4877 = CARTESIAN_POINT('',(3.521777488461,2.099494770262));
#4878 = CARTESIAN_POINT('',(3.569427317171,2.101547506715));
#4879 = CARTESIAN_POINT('',(3.617079969022,2.10363729037));
#4880 = CARTESIAN_POINT('',(3.664734017134,2.105759321228));
#4881 = CARTESIAN_POINT('',(3.712388983073,2.10790876407));
#4882 = CARTESIAN_POINT('',(3.760044352014,2.110080717806));
#4883 = CARTESIAN_POINT('',(3.807699673514,2.112270231522));
#4884 = CARTESIAN_POINT('',(3.855354024978,2.114472291943));
#4885 = CARTESIAN_POINT('',(3.90300705602,2.116681883028));
#4886 = CARTESIAN_POINT('',(3.95065850732,2.118893975941));
#4887 = CARTESIAN_POINT('',(3.998307939353,2.12110352836));
#4888 = CARTESIAN_POINT('',(4.045955209308,2.123305518154));
#4889 = CARTESIAN_POINT('',(4.093599921588,2.125494929837));
#4890 = CARTESIAN_POINT('',(4.141241716977,2.127666779444));
#4891 = CARTESIAN_POINT('',(4.18888050282,2.129816136512));
#4892 = CARTESIAN_POINT('',(4.236516246671,2.13193812585));
#4893 = CARTESIAN_POINT('',(4.284148483232,2.134027917019));
#4894 = CARTESIAN_POINT('',(4.331777668796,2.136080794059));
#4895 = CARTESIAN_POINT('',(4.379403424508,2.138092090834));
#4896 = CARTESIAN_POINT('',(4.427025658803,2.140057248964));
#4897 = CARTESIAN_POINT('',(4.474644508155,2.14197182556));
#4898 = CARTESIAN_POINT('',(4.52226012489,2.143831494412));
#4899 = CARTESIAN_POINT('',(4.569872530863,2.145632049933));
#4900 = CARTESIAN_POINT('',(4.617481366055,2.147369406605));
#4901 = CARTESIAN_POINT('',(4.66508724324,2.14903966004));
#4902 = CARTESIAN_POINT('',(4.712689976977,2.150639029438));
#4903 = CARTESIAN_POINT('',(4.760290298596,2.15216392342));
#4904 = CARTESIAN_POINT('',(4.807886621713,2.153610852522));
#4905 = CARTESIAN_POINT('',(4.855486511764,2.154976766041));
#4906 = CARTESIAN_POINT('',(4.903087553107,2.156258481302));
#4907 = CARTESIAN_POINT('',(4.950687182448,2.157453024564));
#4908 = CARTESIAN_POINT('',(4.998284224451,2.158557668506));
#4909 = CARTESIAN_POINT('',(5.045878198218,2.159569913419));
#4910 = CARTESIAN_POINT('',(5.093469250297,2.160487485223));
#4911 = CARTESIAN_POINT('',(5.141057943962,2.161308330763));
#4912 = CARTESIAN_POINT('',(5.18864510556,2.162030615676));
#4913 = CARTESIAN_POINT('',(5.236231668148,2.162652723477));
#4914 = CARTESIAN_POINT('',(5.283818522157,2.163173256255));
#4915 = CARTESIAN_POINT('',(5.331406364147,2.163591036963));
#4916 = CARTESIAN_POINT('',(5.378995539105,2.163905113299));
#4917 = CARTESIAN_POINT('',(5.426585872662,2.164114763399));
#4918 = CARTESIAN_POINT('',(5.474176481851,2.164219502773));
#4919 = CARTESIAN_POINT('',(5.521765583866,2.164219094748));
#4920 = CARTESIAN_POINT('',(5.569350208192,2.16411355619));
#4921 = CARTESIAN_POINT('',(5.616926144873,2.163903189457));
#4922 = CARTESIAN_POINT('',(5.664509719145,2.16358840203));
#4923 = CARTESIAN_POINT('',(5.712094685466,2.16316990917));
#4924 = CARTESIAN_POINT('',(5.759680376476,2.162648663987));
#4925 = CARTESIAN_POINT('',(5.807265778262,2.162025856217));
#4926 = CARTESIAN_POINT('',(5.854850852256,2.161302901202));
#4927 = CARTESIAN_POINT('',(5.902435941567,2.160481433693));
#4928 = CARTESIAN_POINT('',(5.950021710856,2.159563302501));
#4929 = CARTESIAN_POINT('',(5.997608956917,2.158550567024));
#4930 = CARTESIAN_POINT('',(6.045198462082,2.157445495106));
#4931 = CARTESIAN_POINT('',(6.092790833773,2.156250563129));
#4932 = CARTESIAN_POINT('',(6.140386353492,2.154968454951));
#4933 = CARTESIAN_POINT('',(6.1879847677,2.153602071969));
#4934 = CARTESIAN_POINT('',(6.235585237223,2.152154508331));
#4935 = CARTESIAN_POINT('',(6.267318823981,2.151137611152));
#4936 = CARTESIAN_POINT('',(6.28318530718,2.150616750801));
#4937 = ( GEOMETRIC_REPRESENTATION_CONTEXT(2) 
PARAMETRIC_REPRESENTATION_CONTEXT() REPRESENTATION_CONTEXT('2D SPACE',''
  ) );
#4938 = ADVANCED_FACE('',(#4939),#3690,.F.);
#4939 = FACE_BOUND('',#4940,.F.);
#4940 = EDGE_LOOP('',(#4941,#4942,#4965,#4992));
#4941 = ORIENTED_EDGE('',*,*,#3468,.F.);
#4942 = ORIENTED_EDGE('',*,*,#4943,.T.);
#4943 = EDGE_CURVE('',#2961,#4944,#4946,.T.);
#4944 = VERTEX_POINT('',#4945);
#4945 = CARTESIAN_POINT('',(19.14,-4.687947947136E-15,-102.1));
#4946 = SEAM_CURVE('',#4947,(#4951,#4958),.PCURVE_S1.);
#4947 = LINE('',#4948,#4949);
#4948 = CARTESIAN_POINT('',(19.14,-4.687947947136E-15,-105.));
#4949 = VECTOR('',#4950,1.);
#4950 = DIRECTION('',(0.,0.,1.));
#4951 = PCURVE('',#3690,#4952);
#4952 = DEFINITIONAL_REPRESENTATION('',(#4953),#4957);
#4953 = LINE('',#4954,#4955);
#4954 = CARTESIAN_POINT('',(0.,-0.));
#4955 = VECTOR('',#4956,1.);
#4956 = DIRECTION('',(0.,1.));
#4957 = ( GEOMETRIC_REPRESENTATION_CONTEXT(2) 
PARAMETRIC_REPRESENTATION_CONTEXT() REPRESENTATION_CONTEXT('2D SPACE',''
  ) );
#4958 = PCURVE('',#3690,#4959);
#4959 = DEFINITIONAL_REPRESENTATION('',(#4960),#4964);
#4960 = LINE('',#4961,#4962);
#4961 = CARTESIAN_POINT('',(6.28318530718,-0.));
#4962 = VECTOR('',#4963,1.);
#4963 = DIRECTION('',(0.,1.));
#4964 = ( GEOMETRIC_REPRESENTATION_CONTEXT(2) 
PARAMETRIC_REPRESENTATION_CONTEXT() REPRESENTATION_CONTEXT('2D SPACE',''
  ) );
#4965 = ORIENTED_EDGE('',*,*,#4966,.F.);
#4966 = EDGE_CURVE('',#4944,#4944,#4967,.T.);
#4967 = SURFACE_CURVE('',#4968,(#4973,#4980),.PCURVE_S1.);
#4968 = CIRCLE('',#4969,19.14);
#4969 = AXIS2_PLACEMENT_3D('',#4970,#4971,#4972);
#4970 = CARTESIAN_POINT('',(0.,0.,-102.1));
#4971 = DIRECTION('',(0.,0.,1.));
#4972 = DIRECTION('',(1.,0.,-0.));
#4973 = PCURVE('',#3690,#4974);
#4974 = DEFINITIONAL_REPRESENTATION('',(#4975),#4979);
#4975 = LINE('',#4976,#4977);
#4976 = CARTESIAN_POINT('',(0.,2.9));
#4977 = VECTOR('',#4978,1.);
#4978 = DIRECTION('',(1.,0.));
#4979 = ( GEOMETRIC_REPRESENTATION_CONTEXT(2) 
PARAMETRIC_REPRESENTATION_CONTEXT() REPRESENTATION_CONTEXT('2D SPACE',''
  ) );
#4980 = PCURVE('',#4981,#4986);
#4981 = PLANE('',#4982);
#4982 = AXIS2_PLACEMENT_3D('',#4983,#4984,#4985);
#4983 = CARTESIAN_POINT('',(0.,0.,-102.1));
#4984 = DIRECTION('',(0.,0.,1.));
#4985 = DIRECTION('',(1.,0.,-0.));
#4986 = DEFINITIONAL_REPRESENTATION('',(#4987),#4991);
#4987 = CIRCLE('',#4988,19.14);
#4988 = AXIS2_PLACEMENT_2D('',#4989,#4990);
#4989 = CARTESIAN_POINT('',(0.,0.));
#4990 = DIRECTION('',(1.,0.));
#4991 = ( GEOMETRIC_REPRESENTATION_CONTEXT(2) 
PARAMETRIC_REPRESENTATION_CONTEXT() REPRESENTATION_CONTEXT('2D SPACE',''
  ) );
#4992 = ORIENTED_EDGE('',*,*,#4943,.F.);
#4993 = ADVANCED_FACE('',(#4994,#4997,#5028,#5059,#5090,#5121),#4981,.F.
  );
#4994 = FACE_BOUND('',#4995,.F.);
#4995 = EDGE_LOOP('',(#4996));
#4996 = ORIENTED_EDGE('',*,*,#4966,.T.);
#4997 = FACE_BOUND('',#4998,.F.);
#4998 = EDGE_LOOP('',(#4999));
#4999 = ORIENTED_EDGE('',*,*,#5000,.F.);
#5000 = EDGE_CURVE('',#5001,#5001,#5003,.T.);
#5001 = VERTEX_POINT('',#5002);
#5002 = CARTESIAN_POINT('',(-6.3,-8.,-102.1));
#5003 = SURFACE_CURVE('',#5004,(#5009,#5016),.PCURVE_S1.);
#5004 = CIRCLE('',#5005,1.7);
#5005 = AXIS2_PLACEMENT_3D('',#5006,#5007,#5008);
#5006 = CARTESIAN_POINT('',(-8.,-8.,-102.1));
#5007 = DIRECTION('',(0.,0.,1.));
#5008 = DIRECTION('',(1.,0.,-0.));
#5009 = PCURVE('',#4981,#5010);
#5010 = DEFINITIONAL_REPRESENTATION('',(#5011),#5015);
#5011 = CIRCLE('',#5012,1.7);
#5012 = AXIS2_PLACEMENT_2D('',#5013,#5014);
#5013 = CARTESIAN_POINT('',(-8.,-8.));
#5014 = DIRECTION('',(1.,0.));
#5015 = ( GEOMETRIC_REPRESENTATION_CONTEXT(2) 
PARAMETRIC_REPRESENTATION_CONTEXT() REPRESENTATION_CONTEXT('2D SPACE',''
  ) );
#5016 = PCURVE('',#5017,#5022);
#5017 = CYLINDRICAL_SURFACE('',#5018,1.7);
#5018 = AXIS2_PLACEMENT_3D('',#5019,#5020,#5021);
#5019 = CARTESIAN_POINT('',(-8.,-8.,-105.1));
#5020 = DIRECTION('',(0.,0.,1.));
#5021 = DIRECTION('',(1.,0.,-0.));
#5022 = DEFINITIONAL_REPRESENTATION('',(#5023),#5027);
#5023 = LINE('',#5024,#5025);
#5024 = CARTESIAN_POINT('',(0.,3.));
#5025 = VECTOR('',#5026,1.);
#5026 = DIRECTION('',(1.,0.));
#5027 = ( GEOMETRIC_REPRESENTATION_CONTEXT(2) 
PARAMETRIC_REPRESENTATION_CONTEXT() REPRESENTATION_CONTEXT('2D SPACE',''
  ) );
#5028 = FACE_BOUND('',#5029,.F.);
#5029 = EDGE_LOOP('',(#5030));
#5030 = ORIENTED_EDGE('',*,*,#5031,.F.);
#5031 = EDGE_CURVE('',#5032,#5032,#5034,.T.);
#5032 = VERTEX_POINT('',#5033);
#5033 = CARTESIAN_POINT('',(9.7,-8.,-102.1));
#5034 = SURFACE_CURVE('',#5035,(#5040,#5047),.PCURVE_S1.);
#5035 = CIRCLE('',#5036,1.7);
#5036 = AXIS2_PLACEMENT_3D('',#5037,#5038,#5039);
#5037 = CARTESIAN_POINT('',(8.,-8.,-102.1));
#5038 = DIRECTION('',(0.,0.,1.));
#5039 = DIRECTION('',(1.,0.,-0.));
#5040 = PCURVE('',#4981,#5041);
#5041 = DEFINITIONAL_REPRESENTATION('',(#5042),#5046);
#5042 = CIRCLE('',#5043,1.7);
#5043 = AXIS2_PLACEMENT_2D('',#5044,#5045);
#5044 = CARTESIAN_POINT('',(8.,-8.));
#5045 = DIRECTION('',(1.,0.));
#5046 = ( GEOMETRIC_REPRESENTATION_CONTEXT(2) 
PARAMETRIC_REPRESENTATION_CONTEXT() REPRESENTATION_CONTEXT('2D SPACE',''
  ) );
#5047 = PCURVE('',#5048,#5053);
#5048 = CYLINDRICAL_SURFACE('',#5049,1.7);
#5049 = AXIS2_PLACEMENT_3D('',#5050,#5051,#5052);
#5050 = CARTESIAN_POINT('',(8.,-8.,-105.1));
#5051 = DIRECTION('',(0.,0.,1.));
#5052 = DIRECTION('',(1.,0.,-0.));
#5053 = DEFINITIONAL_REPRESENTATION('',(#5054),#5058);
#5054 = LINE('',#5055,#5056);
#5055 = CARTESIAN_POINT('',(0.,3.));
#5056 = VECTOR('',#5057,1.);
#5057 = DIRECTION('',(1.,0.));
#5058 = ( GEOMETRIC_REPRESENTATION_CONTEXT(2) 
PARAMETRIC_REPRESENTATION_CONTEXT() REPRESENTATION_CONTEXT('2D SPACE',''
  ) );
#5059 = FACE_BOUND('',#5060,.F.);
#5060 = EDGE_LOOP('',(#5061));
#5061 = ORIENTED_EDGE('',*,*,#5062,.F.);
#5062 = EDGE_CURVE('',#5063,#5063,#5065,.T.);
#5063 = VERTEX_POINT('',#5064);
#5064 = CARTESIAN_POINT('',(-6.3,8.,-102.1));
#5065 = SURFACE_CURVE('',#5066,(#5071,#5078),.PCURVE_S1.);
#5066 = CIRCLE('',#5067,1.7);
#5067 = AXIS2_PLACEMENT_3D('',#5068,#5069,#5070);
#5068 = CARTESIAN_POINT('',(-8.,8.,-102.1));
#5069 = DIRECTION('',(0.,0.,1.));
#5070 = DIRECTION('',(1.,0.,-0.));
#5071 = PCURVE('',#4981,#5072);
#5072 = DEFINITIONAL_REPRESENTATION('',(#5073),#5077);
#5073 = CIRCLE('',#5074,1.7);
#5074 = AXIS2_PLACEMENT_2D('',#5075,#5076);
#5075 = CARTESIAN_POINT('',(-8.,8.));
#5076 = DIRECTION('',(1.,0.));
#5077 = ( GEOMETRIC_REPRESENTATION_CONTEXT(2) 
PARAMETRIC_REPRESENTATION_CONTEXT() REPRESENTATION_CONTEXT('2D SPACE',''
  ) );
#5078 = PCURVE('',#5079,#5084);
#5079 = CYLINDRICAL_SURFACE('',#5080,1.7);
#5080 = AXIS2_PLACEMENT_3D('',#5081,#5082,#5083);
#5081 = CARTESIAN_POINT('',(-8.,8.,-105.1));
#5082 = DIRECTION('',(0.,0.,1.));
#5083 = DIRECTION('',(1.,0.,-0.));
#5084 = DEFINITIONAL_REPRESENTATION('',(#5085),#5089);
#5085 = LINE('',#5086,#5087);
#5086 = CARTESIAN_POINT('',(0.,3.));
#5087 = VECTOR('',#5088,1.);
#5088 = DIRECTION('',(1.,0.));
#5089 = ( GEOMETRIC_REPRESENTATION_CONTEXT(2) 
PARAMETRIC_REPRESENTATION_CONTEXT() REPRESENTATION_CONTEXT('2D SPACE',''
  ) );
#5090 = FACE_BOUND('',#5091,.F.);
#5091 = EDGE_LOOP('',(#5092));
#5092 = ORIENTED_EDGE('',*,*,#5093,.F.);
#5093 = EDGE_CURVE('',#5094,#5094,#5096,.T.);
#5094 = VERTEX_POINT('',#5095);
#5095 = CARTESIAN_POINT('',(4.5,-1.102182119233E-15,-102.1));
#5096 = SURFACE_CURVE('',#5097,(#5102,#5109),.PCURVE_S1.);
#5097 = CIRCLE('',#5098,4.5);
#5098 = AXIS2_PLACEMENT_3D('',#5099,#5100,#5101);
#5099 = CARTESIAN_POINT('',(0.,0.,-102.1));
#5100 = DIRECTION('',(0.,0.,1.));
#5101 = DIRECTION('',(1.,0.,-0.));
#5102 = PCURVE('',#4981,#5103);
#5103 = DEFINITIONAL_REPRESENTATION('',(#5104),#5108);
#5104 = CIRCLE('',#5105,4.5);
#5105 = AXIS2_PLACEMENT_2D('',#5106,#5107);
#5106 = CARTESIAN_POINT('',(0.,0.));
#5107 = DIRECTION('',(1.,0.));
#5108 = ( GEOMETRIC_REPRESENTATION_CONTEXT(2) 
PARAMETRIC_REPRESENTATION_CONTEXT() REPRESENTATION_CONTEXT('2D SPACE',''
  ) );
#5109 = PCURVE('',#5110,#5115);
#5110 = CYLINDRICAL_SURFACE('',#5111,4.5);
#5111 = AXIS2_PLACEMENT_3D('',#5112,#5113,#5114);
#5112 = CARTESIAN_POINT('',(0.,0.,-105.1));
#5113 = DIRECTION('',(0.,0.,1.));
#5114 = DIRECTION('',(1.,0.,-0.));
#5115 = DEFINITIONAL_REPRESENTATION('',(#5116),#5120);
#5116 = LINE('',#5117,#5118);
#5117 = CARTESIAN_POINT('',(0.,3.));
#5118 = VECTOR('',#5119,1.);
#5119 = DIRECTION('',(1.,0.));
#5120 = ( GEOMETRIC_REPRESENTATION_CONTEXT(2) 
PARAMETRIC_REPRESENTATION_CONTEXT() REPRESENTATION_CONTEXT('2D SPACE',''
  ) );
#5121 = FACE_BOUND('',#5122,.F.);
#5122 = EDGE_LOOP('',(#5123));
#5123 = ORIENTED_EDGE('',*,*,#5124,.F.);
#5124 = EDGE_CURVE('',#5125,#5125,#5127,.T.);
#5125 = VERTEX_POINT('',#5126);
#5126 = CARTESIAN_POINT('',(9.7,8.,-102.1));
#5127 = SURFACE_CURVE('',#5128,(#5133,#5140),.PCURVE_S1.);
#5128 = CIRCLE('',#5129,1.7);
#5129 = AXIS2_PLACEMENT_3D('',#5130,#5131,#5132);
#5130 = CARTESIAN_POINT('',(8.,8.,-102.1));
#5131 = DIRECTION('',(0.,0.,1.));
#5132 = DIRECTION('',(1.,0.,-0.));
#5133 = PCURVE('',#4981,#5134);
#5134 = DEFINITIONAL_REPRESENTATION('',(#5135),#5139);
#5135 = CIRCLE('',#5136,1.7);
#5136 = AXIS2_PLACEMENT_2D('',#5137,#5138);
#5137 = CARTESIAN_POINT('',(8.,8.));
#5138 = DIRECTION('',(1.,0.));
#5139 = ( GEOMETRIC_REPRESENTATION_CONTEXT(2) 
PARAMETRIC_REPRESENTATION_CONTEXT() REPRESENTATION_CONTEXT('2D SPACE',''
  ) );
#5140 = PCURVE('',#5141,#5146);
#5141 = CYLINDRICAL_SURFACE('',#5142,1.7);
#5142 = AXIS2_PLACEMENT_3D('',#5143,#5144,#5145);
#5143 = CARTESIAN_POINT('',(8.,8.,-105.1));
#5144 = DIRECTION('',(0.,0.,1.));
#5145 = DIRECTION('',(1.,0.,-0.));
#5146 = DEFINITIONAL_REPRESENTATION('',(#5147),#5151);
#5147 = LINE('',#5148,#5149);
#5148 = CARTESIAN_POINT('',(0.,3.));
#5149 = VECTOR('',#5150,1.);
#5150 = DIRECTION('',(1.,0.));
#5151 = ( GEOMETRIC_REPRESENTATION_CONTEXT(2) 
PARAMETRIC_REPRESENTATION_CONTEXT() REPRESENTATION_CONTEXT('2D SPACE',''
  ) );
#5152 = ADVANCED_FACE('',(#5153),#5141,.F.);
#5153 = FACE_BOUND('',#5154,.F.);
#5154 = EDGE_LOOP('',(#5155,#5184,#5205,#5206));
#5155 = ORIENTED_EDGE('',*,*,#5156,.F.);
#5156 = EDGE_CURVE('',#5157,#5157,#5159,.T.);
#5157 = VERTEX_POINT('',#5158);
#5158 = CARTESIAN_POINT('',(9.7,8.,-100.1));
#5159 = SURFACE_CURVE('',#5160,(#5165,#5172),.PCURVE_S1.);
#5160 = CIRCLE('',#5161,1.7);
#5161 = AXIS2_PLACEMENT_3D('',#5162,#5163,#5164);
#5162 = CARTESIAN_POINT('',(8.,8.,-100.1));
#5163 = DIRECTION('',(0.,0.,1.));
#5164 = DIRECTION('',(1.,0.,-0.));
#5165 = PCURVE('',#5141,#5166);
#5166 = DEFINITIONAL_REPRESENTATION('',(#5167),#5171);
#5167 = LINE('',#5168,#5169);
#5168 = CARTESIAN_POINT('',(0.,5.));
#5169 = VECTOR('',#5170,1.);
#5170 = DIRECTION('',(1.,0.));
#5171 = ( GEOMETRIC_REPRESENTATION_CONTEXT(2) 
PARAMETRIC_REPRESENTATION_CONTEXT() REPRESENTATION_CONTEXT('2D SPACE',''
  ) );
#5172 = PCURVE('',#5173,#5178);
#5173 = PLANE('',#5174);
#5174 = AXIS2_PLACEMENT_3D('',#5175,#5176,#5177);
#5175 = CARTESIAN_POINT('',(0.,0.,-100.1));
#5176 = DIRECTION('',(0.,0.,1.));
#5177 = DIRECTION('',(1.,0.,-0.));
#5178 = DEFINITIONAL_REPRESENTATION('',(#5179),#5183);
#5179 = CIRCLE('',#5180,1.7);
#5180 = AXIS2_PLACEMENT_2D('',#5181,#5182);
#5181 = CARTESIAN_POINT('',(8.,8.));
#5182 = DIRECTION('',(1.,0.));
#5183 = ( GEOMETRIC_REPRESENTATION_CONTEXT(2) 
PARAMETRIC_REPRESENTATION_CONTEXT() REPRESENTATION_CONTEXT('2D SPACE',''
  ) );
#5184 = ORIENTED_EDGE('',*,*,#5185,.F.);
#5185 = EDGE_CURVE('',#5125,#5157,#5186,.T.);
#5186 = SEAM_CURVE('',#5187,(#5191,#5198),.PCURVE_S1.);
#5187 = LINE('',#5188,#5189);
#5188 = CARTESIAN_POINT('',(9.7,8.,-105.1));
#5189 = VECTOR('',#5190,1.);
#5190 = DIRECTION('',(0.,0.,1.));
#5191 = PCURVE('',#5141,#5192);
#5192 = DEFINITIONAL_REPRESENTATION('',(#5193),#5197);
#5193 = LINE('',#5194,#5195);
#5194 = CARTESIAN_POINT('',(6.28318530718,-0.));
#5195 = VECTOR('',#5196,1.);
#5196 = DIRECTION('',(0.,1.));
#5197 = ( GEOMETRIC_REPRESENTATION_CONTEXT(2) 
PARAMETRIC_REPRESENTATION_CONTEXT() REPRESENTATION_CONTEXT('2D SPACE',''
  ) );
#5198 = PCURVE('',#5141,#5199);
#5199 = DEFINITIONAL_REPRESENTATION('',(#5200),#5204);
#5200 = LINE('',#5201,#5202);
#5201 = CARTESIAN_POINT('',(0.,-0.));
#5202 = VECTOR('',#5203,1.);
#5203 = DIRECTION('',(0.,1.));
#5204 = ( GEOMETRIC_REPRESENTATION_CONTEXT(2) 
PARAMETRIC_REPRESENTATION_CONTEXT() REPRESENTATION_CONTEXT('2D SPACE',''
  ) );
#5205 = ORIENTED_EDGE('',*,*,#5124,.T.);
#5206 = ORIENTED_EDGE('',*,*,#5185,.T.);
#5207 = ADVANCED_FACE('',(#5208,#5239,#5265,#5291,#5317,#5343),#5173,.T.
  );
#5208 = FACE_BOUND('',#5209,.T.);
#5209 = EDGE_LOOP('',(#5210));
#5210 = ORIENTED_EDGE('',*,*,#5211,.T.);
#5211 = EDGE_CURVE('',#5212,#5212,#5214,.T.);
#5212 = VERTEX_POINT('',#5213);
#5213 = CARTESIAN_POINT('',(20.,-4.898587196589E-15,-100.1));
#5214 = SURFACE_CURVE('',#5215,(#5220,#5227),.PCURVE_S1.);
#5215 = CIRCLE('',#5216,20.);
#5216 = AXIS2_PLACEMENT_3D('',#5217,#5218,#5219);
#5217 = CARTESIAN_POINT('',(0.,0.,-100.1));
#5218 = DIRECTION('',(0.,0.,1.));
#5219 = DIRECTION('',(1.,0.,-0.));
#5220 = PCURVE('',#5173,#5221);
#5221 = DEFINITIONAL_REPRESENTATION('',(#5222),#5226);
#5222 = CIRCLE('',#5223,20.);
#5223 = AXIS2_PLACEMENT_2D('',#5224,#5225);
#5224 = CARTESIAN_POINT('',(0.,0.));
#5225 = DIRECTION('',(1.,0.));
#5226 = ( GEOMETRIC_REPRESENTATION_CONTEXT(2) 
PARAMETRIC_REPRESENTATION_CONTEXT() REPRESENTATION_CONTEXT('2D SPACE',''
  ) );
#5227 = PCURVE('',#5228,#5233);
#5228 = CYLINDRICAL_SURFACE('',#5229,20.);
#5229 = AXIS2_PLACEMENT_3D('',#5230,#5231,#5232);
#5230 = CARTESIAN_POINT('',(0.,0.,-105.));
#5231 = DIRECTION('',(0.,0.,1.));
#5232 = DIRECTION('',(1.,0.,-0.));
#5233 = DEFINITIONAL_REPRESENTATION('',(#5234),#5238);
#5234 = LINE('',#5235,#5236);
#5235 = CARTESIAN_POINT('',(0.,4.9));
#5236 = VECTOR('',#5237,1.);
#5237 = DIRECTION('',(1.,0.));
#5238 = ( GEOMETRIC_REPRESENTATION_CONTEXT(2) 
PARAMETRIC_REPRESENTATION_CONTEXT() REPRESENTATION_CONTEXT('2D SPACE',''
  ) );
#5239 = FACE_BOUND('',#5240,.T.);
#5240 = EDGE_LOOP('',(#5241));
#5241 = ORIENTED_EDGE('',*,*,#5242,.F.);
#5242 = EDGE_CURVE('',#5243,#5243,#5245,.T.);
#5243 = VERTEX_POINT('',#5244);
#5244 = CARTESIAN_POINT('',(-6.3,-8.,-100.1));
#5245 = SURFACE_CURVE('',#5246,(#5251,#5258),.PCURVE_S1.);
#5246 = CIRCLE('',#5247,1.7);
#5247 = AXIS2_PLACEMENT_3D('',#5248,#5249,#5250);
#5248 = CARTESIAN_POINT('',(-8.,-8.,-100.1));
#5249 = DIRECTION('',(0.,0.,1.));
#5250 = DIRECTION('',(1.,0.,-0.));
#5251 = PCURVE('',#5173,#5252);
#5252 = DEFINITIONAL_REPRESENTATION('',(#5253),#5257);
#5253 = CIRCLE('',#5254,1.7);
#5254 = AXIS2_PLACEMENT_2D('',#5255,#5256);
#5255 = CARTESIAN_POINT('',(-8.,-8.));
#5256 = DIRECTION('',(1.,0.));
#5257 = ( GEOMETRIC_REPRESENTATION_CONTEXT(2) 
PARAMETRIC_REPRESENTATION_CONTEXT() REPRESENTATION_CONTEXT('2D SPACE',''
  ) );
#5258 = PCURVE('',#5017,#5259);
#5259 = DEFINITIONAL_REPRESENTATION('',(#5260),#5264);
#5260 = LINE('',#5261,#5262);
#5261 = CARTESIAN_POINT('',(0.,5.));
#5262 = VECTOR('',#5263,1.);
#5263 = DIRECTION('',(1.,0.));
#5264 = ( GEOMETRIC_REPRESENTATION_CONTEXT(2) 
PARAMETRIC_REPRESENTATION_CONTEXT() REPRESENTATION_CONTEXT('2D SPACE',''
  ) );
#5265 = FACE_BOUND('',#5266,.T.);
#5266 = EDGE_LOOP('',(#5267));
#5267 = ORIENTED_EDGE('',*,*,#5268,.F.);
#5268 = EDGE_CURVE('',#5269,#5269,#5271,.T.);
#5269 = VERTEX_POINT('',#5270);
#5270 = CARTESIAN_POINT('',(9.7,-8.,-100.1));
#5271 = SURFACE_CURVE('',#5272,(#5277,#5284),.PCURVE_S1.);
#5272 = CIRCLE('',#5273,1.7);
#5273 = AXIS2_PLACEMENT_3D('',#5274,#5275,#5276);
#5274 = CARTESIAN_POINT('',(8.,-8.,-100.1));
#5275 = DIRECTION('',(0.,0.,1.));
#5276 = DIRECTION('',(1.,0.,-0.));
#5277 = PCURVE('',#5173,#5278);
#5278 = DEFINITIONAL_REPRESENTATION('',(#5279),#5283);
#5279 = CIRCLE('',#5280,1.7);
#5280 = AXIS2_PLACEMENT_2D('',#5281,#5282);
#5281 = CARTESIAN_POINT('',(8.,-8.));
#5282 = DIRECTION('',(1.,0.));
#5283 = ( GEOMETRIC_REPRESENTATION_CONTEXT(2) 
PARAMETRIC_REPRESENTATION_CONTEXT() REPRESENTATION_CONTEXT('2D SPACE',''
  ) );
#5284 = PCURVE('',#5048,#5285);
#5285 = DEFINITIONAL_REPRESENTATION('',(#5286),#5290);
#5286 = LINE('',#5287,#5288);
#5287 = CARTESIAN_POINT('',(0.,5.));
#5288 = VECTOR('',#5289,1.);
#5289 = DIRECTION('',(1.,0.));
#5290 = ( GEOMETRIC_REPRESENTATION_CONTEXT(2) 
PARAMETRIC_REPRESENTATION_CONTEXT() REPRESENTATION_CONTEXT('2D SPACE',''
  ) );
#5291 = FACE_BOUND('',#5292,.T.);
#5292 = EDGE_LOOP('',(#5293));
#5293 = ORIENTED_EDGE('',*,*,#5294,.F.);
#5294 = EDGE_CURVE('',#5295,#5295,#5297,.T.);
#5295 = VERTEX_POINT('',#5296);
#5296 = CARTESIAN_POINT('',(-6.3,8.,-100.1));
#5297 = SURFACE_CURVE('',#5298,(#5303,#5310),.PCURVE_S1.);
#5298 = CIRCLE('',#5299,1.7);
#5299 = AXIS2_PLACEMENT_3D('',#5300,#5301,#5302);
#5300 = CARTESIAN_POINT('',(-8.,8.,-100.1));
#5301 = DIRECTION('',(0.,0.,1.));
#5302 = DIRECTION('',(1.,0.,-0.));
#5303 = PCURVE('',#5173,#5304);
#5304 = DEFINITIONAL_REPRESENTATION('',(#5305),#5309);
#5305 = CIRCLE('',#5306,1.7);
#5306 = AXIS2_PLACEMENT_2D('',#5307,#5308);
#5307 = CARTESIAN_POINT('',(-8.,8.));
#5308 = DIRECTION('',(1.,0.));
#5309 = ( GEOMETRIC_REPRESENTATION_CONTEXT(2) 
PARAMETRIC_REPRESENTATION_CONTEXT() REPRESENTATION_CONTEXT('2D SPACE',''
  ) );
#5310 = PCURVE('',#5079,#5311);
#5311 = DEFINITIONAL_REPRESENTATION('',(#5312),#5316);
#5312 = LINE('',#5313,#5314);
#5313 = CARTESIAN_POINT('',(0.,5.));
#5314 = VECTOR('',#5315,1.);
#5315 = DIRECTION('',(1.,0.));
#5316 = ( GEOMETRIC_REPRESENTATION_CONTEXT(2) 
PARAMETRIC_REPRESENTATION_CONTEXT() REPRESENTATION_CONTEXT('2D SPACE',''
  ) );
#5317 = FACE_BOUND('',#5318,.T.);
#5318 = EDGE_LOOP('',(#5319));
#5319 = ORIENTED_EDGE('',*,*,#5320,.F.);
#5320 = EDGE_CURVE('',#5321,#5321,#5323,.T.);
#5321 = VERTEX_POINT('',#5322);
#5322 = CARTESIAN_POINT('',(4.5,-1.102182119233E-15,-100.1));
#5323 = SURFACE_CURVE('',#5324,(#5329,#5336),.PCURVE_S1.);
#5324 = CIRCLE('',#5325,4.5);
#5325 = AXIS2_PLACEMENT_3D('',#5326,#5327,#5328);
#5326 = CARTESIAN_POINT('',(0.,0.,-100.1));
#5327 = DIRECTION('',(0.,0.,1.));
#5328 = DIRECTION('',(1.,0.,-0.));
#5329 = PCURVE('',#5173,#5330);
#5330 = DEFINITIONAL_REPRESENTATION('',(#5331),#5335);
#5331 = CIRCLE('',#5332,4.5);
#5332 = AXIS2_PLACEMENT_2D('',#5333,#5334);
#5333 = CARTESIAN_POINT('',(0.,0.));
#5334 = DIRECTION('',(1.,0.));
#5335 = ( GEOMETRIC_REPRESENTATION_CONTEXT(2) 
PARAMETRIC_REPRESENTATION_CONTEXT() REPRESENTATION_CONTEXT('2D SPACE',''
  ) );
#5336 = PCURVE('',#5110,#5337);
#5337 = DEFINITIONAL_REPRESENTATION('',(#5338),#5342);
#5338 = LINE('',#5339,#5340);
#5339 = CARTESIAN_POINT('',(0.,5.));
#5340 = VECTOR('',#5341,1.);
#5341 = DIRECTION('',(1.,0.));
#5342 = ( GEOMETRIC_REPRESENTATION_CONTEXT(2) 
PARAMETRIC_REPRESENTATION_CONTEXT() REPRESENTATION_CONTEXT('2D SPACE',''
  ) );
#5343 = FACE_BOUND('',#5344,.T.);
#5344 = EDGE_LOOP('',(#5345));
#5345 = ORIENTED_EDGE('',*,*,#5156,.F.);
#5346 = ADVANCED_FACE('',(#5347),#5228,.T.);
#5347 = FACE_BOUND('',#5348,.T.);
#5348 = EDGE_LOOP('',(#5349,#6071,#6092,#6093));
#5349 = ORIENTED_EDGE('',*,*,#5350,.F.);
#5350 = EDGE_CURVE('',#5351,#5351,#5353,.T.);
#5351 = VERTEX_POINT('',#5352);
#5352 = CARTESIAN_POINT('',(20.000000000004,-2.449293598295E-15,
    -102.657015491));
#5353 = SURFACE_CURVE('',#5354,(#5588,#5825),.PCURVE_S1.);
#5354 = B_SPLINE_CURVE_WITH_KNOTS('',8,(#5355,#5356,#5357,#5358,#5359,
    #5360,#5361,#5362,#5363,#5364,#5365,#5366,#5367,#5368,#5369,#5370,
    #5371,#5372,#5373,#5374,#5375,#5376,#5377,#5378,#5379,#5380,#5381,
    #5382,#5383,#5384,#5385,#5386,#5387,#5388,#5389,#5390,#5391,#5392,
    #5393,#5394,#5395,#5396,#5397,#5398,#5399,#5400,#5401,#5402,#5403,
    #5404,#5405,#5406,#5407,#5408,#5409,#5410,#5411,#5412,#5413,#5414,
    #5415,#5416,#5417,#5418,#5419,#5420,#5421,#5422,#5423,#5424,#5425,
    #5426,#5427,#5428,#5429,#5430,#5431,#5432,#5433,#5434,#5435,#5436,
    #5437,#5438,#5439,#5440,#5441,#5442,#5443,#5444,#5445,#5446,#5447,
    #5448,#5449,#5450,#5451,#5452,#5453,#5454,#5455,#5456,#5457,#5458,
    #5459,#5460,#5461,#5462,#5463,#5464,#5465,#5466,#5467,#5468,#5469,
    #5470,#5471,#5472,#5473,#5474,#5475,#5476,#5477,#5478,#5479,#5480,
    #5481,#5482,#5483,#5484,#5485,#5486,#5487,#5488,#5489,#5490,#5491,
    #5492,#5493,#5494,#5495,#5496,#5497,#5498,#5499,#5500,#5501,#5502,
    #5503,#5504,#5505,#5506,#5507,#5508,#5509,#5510,#5511,#5512,#5513,
    #5514,#5515,#5516,#5517,#5518,#5519,#5520,#5521,#5522,#5523,#5524,
    #5525,#5526,#5527,#5528,#5529,#5530,#5531,#5532,#5533,#5534,#5535,
    #5536,#5537,#5538,#5539,#5540,#5541,#5542,#5543,#5544,#5545,#5546,
    #5547,#5548,#5549,#5550,#5551,#5552,#5553,#5554,#5555,#5556,#5557,
    #5558,#5559,#5560,#5561,#5562,#5563,#5564,#5565,#5566,#5567,#5568,
    #5569,#5570,#5571,#5572,#5573,#5574,#5575,#5576,#5577,#5578,#5579,
    #5580,#5581,#5582,#5583,#5584,#5585,#5586,#5587),.UNSPECIFIED.,.T.,
  .F.,(9,7,7,7,7,7,7,7,7,7,7,7,7,7,7,7,7,7,7,7,7,7,7,7,7,7,7,7,7,7,7,7,7
    ,9),(0.,2.800034475504E-02,5.700069892199E-02,8.600105308894E-02,
    0.115001407256,0.144001761423,0.182002168894,0.205002460398,
    0.231002784953,0.26000313912,0.284003441953,0.31300379612,
    0.339004120676,0.368004474843,0.39700482901,0.426005183177,
    0.453005518045,0.476005809548,0.500006112381,0.529006466548,
    0.558006820715,0.587007174882,0.610007466386,0.639007820552,
    0.668008174719,0.696008519474,0.725008873641,0.753009218396,
    0.782009572563,0.809009907432,0.838010261599,0.867010615766,
    0.896010969933,1.),.UNSPECIFIED.);
#5355 = CARTESIAN_POINT('',(20.,-3.552713678801E-15,-102.657015491));
#5356 = CARTESIAN_POINT('',(20.,-0.43982267983,-102.657015491));
#5357 = CARTESIAN_POINT('',(19.988946024251,-0.879646111265,
    -102.657015491));
#5358 = CARTESIAN_POINT('',(19.966838113663,-1.319145089299,
    -102.657015491));
#5359 = CARTESIAN_POINT('',(19.933687676582,-1.757995411442,
    -102.657015491));
#5360 = CARTESIAN_POINT('',(19.889517488792,-2.195873877724,
    -102.657015491));
#5361 = CARTESIAN_POINT('',(19.834361693517,-2.632458290697,
    -102.657015491));
#5362 = CARTESIAN_POINT('',(19.768265801415,-3.067427455428,
    -102.657015491));
#5363 = CARTESIAN_POINT('',(19.61155833377,-3.948960348867,
    -102.657015491));
#5364 = CARTESIAN_POINT('',(19.520155202912,-4.395385038379,
    -102.657015491));
#5365 = CARTESIAN_POINT('',(19.417140600241,-4.839379439933,
    -102.657015491));
#5366 = CARTESIAN_POINT('',(19.302590494378,-5.280591210555,
    -102.657015491));
#5367 = CARTESIAN_POINT('',(19.176593520329,-5.718671472401,
    -102.657015491));
#5368 = CARTESIAN_POINT('',(19.039250979491,-6.15327481276,
    -102.657015491));
#5369 = CARTESIAN_POINT('',(18.890676839645,-6.58405928405,
    -102.657015491));
#5370 = CARTESIAN_POINT('',(18.571318630283,-7.437313523599,
    -102.657015491));
#5371 = CARTESIAN_POINT('',(18.400533932754,-7.859784969766,
    -102.657015491));
#5372 = CARTESIAN_POINT('',(18.218770371133,-8.277762295277,
    -102.657015491));
#5373 = CARTESIAN_POINT('',(18.026166502973,-8.690912756076,
    -102.657015491));
#5374 = CARTESIAN_POINT('',(17.822872714623,-9.098909311095,
    -102.657015491));
#5375 = CARTESIAN_POINT('',(17.609051221229,-9.501430622254,
    -102.657015491));
#5376 = CARTESIAN_POINT('',(17.384876066733,-9.898161054466,
    -102.657015491));
#5377 = CARTESIAN_POINT('',(16.916190181014,-10.67942029679,
    -102.657015491));
#5378 = CARTESIAN_POINT('',(16.671678528129,-11.06395064324,
    -102.657015491));
#5379 = CARTESIAN_POINT('',(16.417184124562,-11.44207183483,
    -102.657015491));
#5380 = CARTESIAN_POINT('',(16.152903529215,-11.81348174343,
    -102.657015491));
#5381 = CARTESIAN_POINT('',(15.879043900547,-12.17788599296,
    -102.657015491));
#5382 = CARTESIAN_POINT('',(15.595822996579,-12.53499795934,
    -102.657015491));
#5383 = CARTESIAN_POINT('',(15.303469174888,-12.88453877052,
    -102.657015491));
#5384 = CARTESIAN_POINT('',(14.700973610332,-13.56793584242,
    -102.657015491));
#5385 = CARTESIAN_POINT('',(14.390830682671,-13.90179344703,
    -102.657015491));
#5386 = CARTESIAN_POINT('',(14.072031642519,-14.22753906707,
    -102.657015491));
#5387 = CARTESIAN_POINT('',(13.744824542144,-14.54491119368,
    -102.657015491));
#5388 = CARTESIAN_POINT('',(13.409466453184,-14.85365786242,
    -102.657015491));
#5389 = CARTESIAN_POINT('',(13.066223466654,-15.15353665323,
    -102.657015491));
#5390 = CARTESIAN_POINT('',(12.715370692942,-15.44431469042,
    -102.657015491));
#5391 = CARTESIAN_POINT('',(11.887855706394,-16.09456982393,
    -102.657015491));
#5392 = CARTESIAN_POINT('',(11.405936991503,-16.44736454634,
    -102.657015491));
#5393 = CARTESIAN_POINT('',(10.912077240237,-16.78364934528,
    -102.657015491));
#5394 = CARTESIAN_POINT('',(10.4069377096,-17.10295384449,-102.657015491
    ));
#5395 = CARTESIAN_POINT('',(9.891199790494,-17.40484075614,
    -102.657015491));
#5396 = CARTESIAN_POINT('',(9.36556500772,-17.68890588082,-102.657015491
    ));
#5397 = CARTESIAN_POINT('',(8.830755019978,-17.95477810753,
    -102.657015491));
#5398 = CARTESIAN_POINT('',(7.958705762471,-18.35182628584,
    -102.657015491));
#5399 = CARTESIAN_POINT('',(7.626808984765,-18.49474515184,
    -102.657015491));
#5400 = CARTESIAN_POINT('',(7.291985157144,-18.63080141454,
    -102.657015491));
#5401 = CARTESIAN_POINT('',(6.954399955527,-18.75992534727,
    -102.657015491));
#5402 = CARTESIAN_POINT('',(6.614220861355,-18.88205209391,
    -102.657015491));
#5403 = CARTESIAN_POINT('',(6.271617161594,-18.99712166882,
    -102.657015491));
#5404 = CARTESIAN_POINT('',(5.926759948733,-19.1050789569,-102.657015491
    ));
#5405 = CARTESIAN_POINT('',(5.187631607641,-19.31981559056,
    -102.657015491));
#5406 = CARTESIAN_POINT('',(4.792781467848,-19.42460483232,
    -102.657015491));
#5407 = CARTESIAN_POINT('',(4.395521632433,-19.52016885446,
    -102.657015491));
#5408 = CARTESIAN_POINT('',(3.996103726634,-19.60644338508,
    -102.657015491));
#5409 = CARTESIAN_POINT('',(3.594781069906,-19.68337246478,
    -102.657015491));
#5410 = CARTESIAN_POINT('',(3.191808675916,-19.75090844662,
    -102.657015491));
#5411 = CARTESIAN_POINT('',(2.787443252548,-19.80901199615,
    -102.657015491));
#5412 = CARTESIAN_POINT('',(1.929654806102,-19.91190449065,
    -102.657015491));
#5413 = CARTESIAN_POINT('',(1.475953308692,-19.95438374422,
    -102.657015491));
#5414 = CARTESIAN_POINT('',(1.021197538811,-19.98504686108,
    -102.657015491));
#5415 = CARTESIAN_POINT('',(0.565746696848,-20.00386397678,
    -102.657015491));
#5416 = CARTESIAN_POINT('',(0.10996035443,-20.01081835342,-102.657015491
    ));
#5417 = CARTESIAN_POINT('',(-0.345801545567,-20.00590637967,
    -102.657015491));
#5418 = CARTESIAN_POINT('',(-0.801178689025,-19.98913757079,
    -102.657015491));
#5419 = CARTESIAN_POINT('',(-1.632057468533,-19.93686310885,
    -102.657015491));
#5420 = CARTESIAN_POINT('',(-2.007794953976,-19.90508637085,
    -102.657015491));
#5421 = CARTESIAN_POINT('',(-2.382818639276,-19.8652172185,
    -102.657015491));
#5422 = CARTESIAN_POINT('',(-2.756925165396,-19.81727461558,
    -102.657015491));
#5423 = CARTESIAN_POINT('',(-3.129912021903,-19.76128362584,
    -102.657015491));
#5424 = CARTESIAN_POINT('',(-3.501577546965,-19.69727541288,
    -102.657015491));
#5425 = CARTESIAN_POINT('',(-3.871720927353,-19.62528724025,
    -102.657015491));
#5426 = CARTESIAN_POINT('',(-4.685317720538,-19.4487867481,
    -102.657015491));
#5427 = CARTESIAN_POINT('',(-5.127980212395,-19.34062273358,
    -102.657015491));
#5428 = CARTESIAN_POINT('',(-5.567776504587,-19.2209470955,
    -102.657015491));
#5429 = CARTESIAN_POINT('',(-6.00435736776,-19.08984902839,
    -102.657015491));
#5430 = CARTESIAN_POINT('',(-6.437377512627,-18.94743025354,
    -102.657015491));
#5431 = CARTESIAN_POINT('',(-6.866495589969,-18.79380501905,
    -102.657015491));
#5432 = CARTESIAN_POINT('',(-7.291374190636,-18.62910009978,
    -102.657015491));
#5433 = CARTESIAN_POINT('',(-8.088505706959,-18.29597965615,
    -102.657015491));
#5434 = CARTESIAN_POINT('',(-8.461656957367,-18.12971010872,
    -102.657015491));
#5435 = CARTESIAN_POINT('',(-8.830893474311,-17.95474653046,
    -102.657015491));
#5436 = CARTESIAN_POINT('',(-9.195979034117,-17.77119683112,
    -102.657015491));
#5437 = CARTESIAN_POINT('',(-9.556681311903,-17.57917645484,
    -102.657015491));
#5438 = CARTESIAN_POINT('',(-9.912771881574,-17.37880838016,
    -102.657015491));
#5439 = CARTESIAN_POINT('',(-10.26402621582,-17.17022312,-102.657015491)
  );
#5440 = CARTESIAN_POINT('',(-10.99636691404,-16.71189465044,
    -102.657015491));
#5441 = CARTESIAN_POINT('',(-11.37622028644,-16.46017863741,
    -102.657015491));
#5442 = CARTESIAN_POINT('',(-11.74947748327,-16.19860244969,
    -102.657015491));
#5443 = CARTESIAN_POINT('',(-12.11584013492,-15.92736830589,
    -102.657015491));
#5444 = CARTESIAN_POINT('',(-12.4750178222,-15.6466888762,-102.657015491
    ));
#5445 = CARTESIAN_POINT('',(-12.82672807636,-15.35678728238,
    -102.657015491));
#5446 = CARTESIAN_POINT('',(-13.17069637906,-15.05789709774,
    -102.657015491));
#5447 = CARTESIAN_POINT('',(-13.84261594577,-14.44262759658,
    -102.657015491));
#5448 = CARTESIAN_POINT('',(-14.1705685311,-14.12624707014,
    -102.657015491));
#5449 = CARTESIAN_POINT('',(-14.49024741871,-13.80136486719,
    -102.657015491));
#5450 = CARTESIAN_POINT('',(-14.80139582162,-13.46823392498,
    -102.657015491));
#5451 = CARTESIAN_POINT('',(-15.10376666553,-13.12711601862,
    -102.657015491));
#5452 = CARTESIAN_POINT('',(-15.39712258884,-12.77828176108,
    -102.657015491));
#5453 = CARTESIAN_POINT('',(-15.68123594265,-12.42201060322,
    -102.657015491));
#5454 = CARTESIAN_POINT('',(-16.23054163888,-11.69517106434,
    -102.657015491));
#5455 = CARTESIAN_POINT('',(-16.4957350615,-11.324601254,-102.657015491)
  );
#5456 = CARTESIAN_POINT('',(-16.75125120299,-10.94716975238,
    -102.657015491));
#5457 = CARTESIAN_POINT('',(-16.9968833611,-10.56317184068,
    -102.657015491));
#5458 = CARTESIAN_POINT('',(-17.23243598696,-10.17290973165,
    -102.657015491));
#5459 = CARTESIAN_POINT('',(-17.45772468508,-9.776692569643,
    -102.657015491));
#5460 = CARTESIAN_POINT('',(-17.67257621334,-9.374836430536,
    -102.657015491));
#5461 = CARTESIAN_POINT('',(-18.06699442538,-8.588572976177,
    -102.657015491));
#5462 = CARTESIAN_POINT('',(-18.24797329682,-8.204872362159,
    -102.657015491));
#5463 = CARTESIAN_POINT('',(-18.41963441275,-7.816823069751,
    -102.657015491));
#5464 = CARTESIAN_POINT('',(-18.58185625048,-7.424689349733,
    -102.657015491));
#5465 = CARTESIAN_POINT('',(-18.73452644918,-7.028739113669,
    -102.657015491));
#5466 = CARTESIAN_POINT('',(-18.87754180992,-6.629243933905,
    -102.657015491));
#5467 = CARTESIAN_POINT('',(-19.01080829565,-6.226479043568,
    -102.657015491));
#5468 = CARTESIAN_POINT('',(-19.23938746406,-5.475079492305,
    -102.657015491));
#5469 = CARTESIAN_POINT('',(-19.33739823971,-5.127264654831,
    -102.657015491));
#5470 = CARTESIAN_POINT('',(-19.42822096888,-4.777451084444,
    -102.657015491));
#5471 = CARTESIAN_POINT('',(-19.51180832806,-4.425812190491,
    -102.657015491));
#5472 = CARTESIAN_POINT('',(-19.58811805946,-4.072522531358,
    -102.657015491));
#5473 = CARTESIAN_POINT('',(-19.657112971,-3.717757814478,-102.657015491
    ));
#5474 = CARTESIAN_POINT('',(-19.71876093631,-3.361694896325,
    -102.657015491));
#5475 = CARTESIAN_POINT('',(-19.82966858735,-2.631798988791,
    -102.657015491));
#5476 = CARTESIAN_POINT('',(-19.87827321262,-2.257865827053,
    -102.657015491));
#5477 = CARTESIAN_POINT('',(-19.91881804858,-1.88291459006,
    -102.657015491));
#5478 = CARTESIAN_POINT('',(-19.95127851439,-1.507148034579,
    -102.657015491));
#5479 = CARTESIAN_POINT('',(-19.9756361704,-1.130769381287,
    -102.657015491));
#5480 = CARTESIAN_POINT('',(-19.99187871805,-0.753982314774,
    -102.657015491));
#5481 = CARTESIAN_POINT('',(-20.,-0.376990983542,-102.657015491));
#5482 = CARTESIAN_POINT('',(-20.,0.455530587114,-102.657015491));
#5483 = CARTESIAN_POINT('',(-19.98814235205,0.911062070023,
    -102.657015491));
#5484 = CARTESIAN_POINT('',(-19.96442710665,1.366233053402,
    -102.657015491));
#5485 = CARTESIAN_POINT('',(-19.92886739165,1.820683336665,
    -102.657015491));
#5486 = CARTESIAN_POINT('',(-19.88148941225,2.27405391396,-102.657015491
    ));
#5487 = CARTESIAN_POINT('',(-19.822332451,2.725986974169,-102.657015491)
  );
#5488 = CARTESIAN_POINT('',(-19.7514488678,3.176125900912,-102.657015491
    ));
#5489 = CARTESIAN_POINT('',(-19.58635933201,4.072104644169,
    -102.657015491));
#5490 = CARTESIAN_POINT('',(-19.49215305478,4.517946222609,
    -102.657015491));
#5491 = CARTESIAN_POINT('',(-19.38635080478,4.961284604515,
    -102.657015491));
#5492 = CARTESIAN_POINT('',(-19.26903076296,5.401767931187,
    -102.657015491));
#5493 = CARTESIAN_POINT('',(-19.14028375463,5.839047888577,
    -102.657015491));
#5494 = CARTESIAN_POINT('',(-19.00021324946,6.272779707281,
    -102.657015491));
#5495 = CARTESIAN_POINT('',(-18.84893536149,6.702622162545,
    -102.657015491));
#5496 = CARTESIAN_POINT('',(-18.52422233676,7.55385298598,-102.657015491
    ));
#5497 = CARTESIAN_POINT('',(-18.35078656146,7.97524302808,-102.657015491
    ));
#5498 = CARTESIAN_POINT('',(-18.16640037599,8.392070056452,
    -102.657015491));
#5499 = CARTESIAN_POINT('',(-17.97120442584,8.804002204182,
    -102.657015491));
#5500 = CARTESIAN_POINT('',(-17.76535114924,9.210713381559,
    -102.657015491));
#5501 = CARTESIAN_POINT('',(-17.54900477715,9.611883276066,
    -102.657015491));
#5502 = CARTESIAN_POINT('',(-17.32234133326,10.007197352389,
    -102.657015491));
#5503 = CARTESIAN_POINT('',(-16.89774744101,10.704982805182,
    -102.657015491));
#5504 = CARTESIAN_POINT('',(-16.70357438246,11.00974188486,
    -102.657015491));
#5505 = CARTESIAN_POINT('',(-16.50312306255,11.310470284757,
    -102.657015491));
#5506 = CARTESIAN_POINT('',(-16.2964913164,11.607017211635,
    -102.657015491));
#5507 = CARTESIAN_POINT('',(-16.08378121011,11.899234885705,
    -102.657015491));
#5508 = CARTESIAN_POINT('',(-15.86509904072,12.186978540633,
    -102.657015491));
#5509 = CARTESIAN_POINT('',(-15.64055533621,12.470106423533,
    -102.657015491));
#5510 = CARTESIAN_POINT('',(-15.11989873122,13.099472144835,
    -102.657015491));
#5511 = CARTESIAN_POINT('',(-14.82039556116,13.442906835654,
    -102.657015491));
#5512 = CARTESIAN_POINT('',(-14.51198574628,13.778505439736,
    -102.657015491));
#5513 = CARTESIAN_POINT('',(-14.19490900226,14.105998785764,
    -102.657015491));
#5514 = CARTESIAN_POINT('',(-13.8694143595,14.425126958798,
    -102.657015491));
#5515 = CARTESIAN_POINT('',(-13.53576016312,14.735639300274,
    -102.657015491));
#5516 = CARTESIAN_POINT('',(-13.19421407294,15.037294408007,
    -102.657015491));
#5517 = CARTESIAN_POINT('',(-12.49589205412,15.622425864364,
    -102.657015491));
#5518 = CARTESIAN_POINT('',(-12.13911475223,15.905903363639,
    -102.657015491));
#5519 = CARTESIAN_POINT('',(-11.77499819729,16.180060565612,
    -102.657015491));
#5520 = CARTESIAN_POINT('',(-11.40382691192,16.444676192903,
    -102.657015491));
#5521 = CARTESIAN_POINT('',(-11.02589290196,16.699539759155,
    -102.657015491));
#5522 = CARTESIAN_POINT('',(-10.64149565645,16.944451569028,
    -102.657015491));
#5523 = CARTESIAN_POINT('',(-10.25094214763,17.179222718205,
    -102.657015491));
#5524 = CARTESIAN_POINT('',(-9.471820280045,17.620387753175,
    -102.657015491));
#5525 = CARTESIAN_POINT('',(-9.083646479002,17.827481793175,
    -102.657015491));
#5526 = CARTESIAN_POINT('',(-8.690308436113,18.024797011592,
    -102.657015491));
#5527 = CARTESIAN_POINT('',(-8.292093888318,18.21218359235,
    -102.657015491));
#5528 = CARTESIAN_POINT('',(-7.889295301234,18.389502105108,
    -102.657015491));
#5529 = CARTESIAN_POINT('',(-7.482209869146,18.556623505249,
    -102.657015491));
#5530 = CARTESIAN_POINT('',(-7.071139515013,18.713429133884,
    -102.657015491));
#5531 = CARTESIAN_POINT('',(-6.226829858001,19.011420200377,
    -102.657015491));
#5532 = CARTESIAN_POINT('',(-5.793321523828,19.151848331243,
    -102.657015491));
#5533 = CARTESIAN_POINT('',(-5.356206697117,19.280974878645,
    -102.657015491));
#5534 = CARTESIAN_POINT('',(-4.915829412817,19.398692340225,
    -102.657015491));
#5535 = CARTESIAN_POINT('',(-4.472536931651,19.504905943075,
    -102.657015491));
#5536 = CARTESIAN_POINT('',(-4.026679740117,19.599533643735,
    -102.657015491));
#5537 = CARTESIAN_POINT('',(-3.578611550487,19.682506128197,
    -102.657015491));
#5538 = CARTESIAN_POINT('',(-2.69428156801,19.822570237534,
    -102.657015491));
#5539 = CARTESIAN_POINT('',(-2.258143870078,19.880455897779,
    -102.657015491));
#5540 = CARTESIAN_POINT('',(-1.820597414604,19.92737295977,
    -102.657015491));
#5541 = CARTESIAN_POINT('',(-1.381964197267,19.963281974957,
    -102.657015491));
#5542 = CARTESIAN_POINT('',(-0.942567001824,19.988154879101,
    -102.657015491));
#5543 = CARTESIAN_POINT('',(-0.502729400118,20.001974992279,
    -102.657015491));
#5544 = CARTESIAN_POINT('',(-6.277575207231E-02,20.004737018882,
    -102.657015491));
#5545 = CARTESIAN_POINT('',(0.832418457498,19.987861006806,
    -102.657015491));
#5546 = CARTESIAN_POINT('',(1.287645518161,19.967419407648,
    -102.657015491));
#5547 = CARTESIAN_POINT('',(1.742288646126,19.935129112368,
    -102.657015491));
#5548 = CARTESIAN_POINT('',(2.195987952234,19.891010035699,
    -102.657015491));
#5549 = CARTESIAN_POINT('',(2.648384988336,19.835095144888,
    -102.657015491));
#5550 = CARTESIAN_POINT('',(3.099122747295,19.767430459687,
    -102.657015491));
#5551 = CARTESIAN_POINT('',(3.547845662984,19.688075052362,
    -102.657015491));
#5552 = CARTESIAN_POINT('',(4.409770605644,19.512401096215,
    -102.657015491));
#5553 = CARTESIAN_POINT('',(4.823289495334,19.417629576368,
    -102.657015491));
#5554 = CARTESIAN_POINT('',(5.234470635727,19.312844740407,
    -102.657015491));
#5555 = CARTESIAN_POINT('',(5.643031165522,19.198114306323,
    -102.657015491));
#5556 = CARTESIAN_POINT('',(6.048691005743,19.073515457839,
    -102.657015491));
#5557 = CARTESIAN_POINT('',(6.451172859739,18.939134844407,
    -102.657015491));
#5558 = CARTESIAN_POINT('',(6.850202213187,18.795068581211,
    -102.657015491));
#5559 = CARTESIAN_POINT('',(7.670094235181,18.476394738672,
    -102.657015491));
#5560 = CARTESIAN_POINT('',(8.090386237458,18.300314732543,
    -102.657015491));
#5561 = CARTESIAN_POINT('',(8.506046513072,18.113313202466,
    -102.657015491));
#5562 = CARTESIAN_POINT('',(8.916744085359,17.91553287633,-102.657015491
    ));
#5563 = CARTESIAN_POINT('',(9.322153828832,17.70712823822,-102.657015491
    ));
#5564 = CARTESIAN_POINT('',(9.721956469187,17.488265528422,
    -102.657015491));
#5565 = CARTESIAN_POINT('',(10.115838583299,17.25912274342,
    -102.657015491));
#5566 = CARTESIAN_POINT('',(10.891146615149,16.78065652837,
    -102.657015491));
#5567 = CARTESIAN_POINT('',(11.272574057515,16.531332157428,
    -102.657015491));
#5568 = CARTESIAN_POINT('',(11.647467407418,16.272106361695,
    -102.657015491));
#5569 = CARTESIAN_POINT('',(12.015527030559,16.003179481108,
    -102.657015491));
#5570 = CARTESIAN_POINT('',(12.376461177244,15.724762356912,
    -102.657015491));
#5571 = CARTESIAN_POINT('',(12.729985982387,15.437076331663,
    -102.657015491));
#5572 = CARTESIAN_POINT('',(13.075825465508,15.140353249227,
    -102.657015491));
#5573 = CARTESIAN_POINT('',(13.751597595957,14.529317660326,
    -102.657015491));
#5574 = CARTESIAN_POINT('',(14.081531572179,14.215003952272,
    -102.657015491));
#5575 = CARTESIAN_POINT('',(14.403245431258,13.892136750699,
    -102.657015491));
#5576 = CARTESIAN_POINT('',(14.716480802031,13.56096737442,
    -102.657015491));
#5577 = CARTESIAN_POINT('',(15.020988970311,13.221756040972,
    -102.657015491));
#5578 = CARTESIAN_POINT('',(15.316530878886,12.87477186662,
    -102.657015491));
#5579 = CARTESIAN_POINT('',(15.60287712752,12.520292866355,
    -102.657015491));
#5580 = CARTESIAN_POINT('',(16.87282239777,10.861674509596,
    -102.657015491));
#5581 = CARTESIAN_POINT('',(17.745092918696,9.47165030543,-102.657015491
    ));
#5582 = CARTESIAN_POINT('',(18.485920545584,8.002233069224,
    -102.657015491));
#5583 = CARTESIAN_POINT('',(19.087127569885,6.468063125791,
    -102.657015491));
#5584 = CARTESIAN_POINT('',(19.542443355322,4.884454955875,
    -102.657015491));
#5585 = CARTESIAN_POINT('',(19.847536590405,3.267380218759,
    -102.657015491));
#5586 = CARTESIAN_POINT('',(20.,1.633434669382,-102.657015491));
#5587 = CARTESIAN_POINT('',(20.,0.,-102.657015491));
#5588 = PCURVE('',#5228,#5589);
#5589 = DEFINITIONAL_REPRESENTATION('',(#5590),#5824);
#5590 = B_SPLINE_CURVE_WITH_KNOTS('',8,(#5591,#5592,#5593,#5594,#5595,
    #5596,#5597,#5598,#5599,#5600,#5601,#5602,#5603,#5604,#5605,#5606,
    #5607,#5608,#5609,#5610,#5611,#5612,#5613,#5614,#5615,#5616,#5617,
    #5618,#5619,#5620,#5621,#5622,#5623,#5624,#5625,#5626,#5627,#5628,
    #5629,#5630,#5631,#5632,#5633,#5634,#5635,#5636,#5637,#5638,#5639,
    #5640,#5641,#5642,#5643,#5644,#5645,#5646,#5647,#5648,#5649,#5650,
    #5651,#5652,#5653,#5654,#5655,#5656,#5657,#5658,#5659,#5660,#5661,
    #5662,#5663,#5664,#5665,#5666,#5667,#5668,#5669,#5670,#5671,#5672,
    #5673,#5674,#5675,#5676,#5677,#5678,#5679,#5680,#5681,#5682,#5683,
    #5684,#5685,#5686,#5687,#5688,#5689,#5690,#5691,#5692,#5693,#5694,
    #5695,#5696,#5697,#5698,#5699,#5700,#5701,#5702,#5703,#5704,#5705,
    #5706,#5707,#5708,#5709,#5710,#5711,#5712,#5713,#5714,#5715,#5716,
    #5717,#5718,#5719,#5720,#5721,#5722,#5723,#5724,#5725,#5726,#5727,
    #5728,#5729,#5730,#5731,#5732,#5733,#5734,#5735,#5736,#5737,#5738,
    #5739,#5740,#5741,#5742,#5743,#5744,#5745,#5746,#5747,#5748,#5749,
    #5750,#5751,#5752,#5753,#5754,#5755,#5756,#5757,#5758,#5759,#5760,
    #5761,#5762,#5763,#5764,#5765,#5766,#5767,#5768,#5769,#5770,#5771,
    #5772,#5773,#5774,#5775,#5776,#5777,#5778,#5779,#5780,#5781,#5782,
    #5783,#5784,#5785,#5786,#5787,#5788,#5789,#5790,#5791,#5792,#5793,
    #5794,#5795,#5796,#5797,#5798,#5799,#5800,#5801,#5802,#5803,#5804,
    #5805,#5806,#5807,#5808,#5809,#5810,#5811,#5812,#5813,#5814,#5815,
    #5816,#5817,#5818,#5819,#5820,#5821,#5822,#5823),.UNSPECIFIED.,.F.,
  .F.,(9,7,7,7,7,7,7,7,7,7,7,7,7,7,7,7,7,7,7,7,7,7,7,7,7,7,7,7,7,7,7,7,7
    ,9),(0.,2.800034475504E-02,5.700069892199E-02,8.600105308894E-02,
    0.115001407256,0.144001761423,0.182002168894,0.205002460398,
    0.231002784953,0.26000313912,0.284003441953,0.31300379612,
    0.339004120676,0.368004474843,0.39700482901,0.426005183177,
    0.453005518045,0.476005809548,0.500006112381,0.529006466548,
    0.558006820715,0.587007174882,0.610007466386,0.639007820552,
    0.668008174719,0.696008519474,0.725008873641,0.753009218396,
    0.782009572563,0.809009907432,0.838010261599,0.867010615766,
    0.896010969933,1.),.UNSPECIFIED.);
#5591 = CARTESIAN_POINT('',(6.28318530718,2.342984508955));
#5592 = CARTESIAN_POINT('',(6.261194173188,2.342984508955));
#5593 = CARTESIAN_POINT('',(6.239203026696,2.342984508955));
#5594 = CARTESIAN_POINT('',(6.217211871871,2.342984508955));
#5595 = CARTESIAN_POINT('',(6.195220712879,2.342984508955));
#5596 = CARTESIAN_POINT('',(6.173229553887,2.342984508955));
#5597 = CARTESIAN_POINT('',(6.151238399062,2.342984508955));
#5598 = CARTESIAN_POINT('',(6.12924725257,2.342984508955));
#5599 = CARTESIAN_POINT('',(6.084479589223,2.342984508955));
#5600 = CARTESIAN_POINT('',(6.061703044967,2.342984508955));
#5601 = CARTESIAN_POINT('',(6.038926490779,2.342984508955));
#5602 = CARTESIAN_POINT('',(6.016149931624,2.342984508955));
#5603 = CARTESIAN_POINT('',(5.99337337247,2.342984508955));
#5604 = CARTESIAN_POINT('',(5.970596818281,2.342984508955));
#5605 = CARTESIAN_POINT('',(5.947820274026,2.342984508955));
#5606 = CARTESIAN_POINT('',(5.902267215315,2.342984508955));
#5607 = CARTESIAN_POINT('',(5.879490671059,2.342984508955));
#5608 = CARTESIAN_POINT('',(5.856714116871,2.342984508955));
#5609 = CARTESIAN_POINT('',(5.833937557716,2.342984508955));
#5610 = CARTESIAN_POINT('',(5.811160998562,2.342984508955));
#5611 = CARTESIAN_POINT('',(5.788384444373,2.342984508955));
#5612 = CARTESIAN_POINT('',(5.765607900118,2.342984508955));
#5613 = CARTESIAN_POINT('',(5.720054841406,2.342984508955));
#5614 = CARTESIAN_POINT('',(5.697278297151,2.342984508955));
#5615 = CARTESIAN_POINT('',(5.674501742963,2.342984508955));
#5616 = CARTESIAN_POINT('',(5.651725183808,2.342984508955));
#5617 = CARTESIAN_POINT('',(5.628948624653,2.342984508955));
#5618 = CARTESIAN_POINT('',(5.606172070465,2.342984508955));
#5619 = CARTESIAN_POINT('',(5.58339552621,2.342984508955));
#5620 = CARTESIAN_POINT('',(5.537842467498,2.342984508955));
#5621 = CARTESIAN_POINT('',(5.515065923243,2.342984508955));
#5622 = CARTESIAN_POINT('',(5.492289369055,2.342984508955));
#5623 = CARTESIAN_POINT('',(5.4695128099,2.342984508955));
#5624 = CARTESIAN_POINT('',(5.446736250745,2.342984508955));
#5625 = CARTESIAN_POINT('',(5.423959696557,2.342984508955));
#5626 = CARTESIAN_POINT('',(5.401183152302,2.342984508955));
#5627 = CARTESIAN_POINT('',(5.348561559975,2.342984508955));
#5628 = CARTESIAN_POINT('',(5.318716439371,2.342984508955));
#5629 = CARTESIAN_POINT('',(5.288871280346,2.342984508955));
#5630 = CARTESIAN_POINT('',(5.259026102109,2.342984508955));
#5631 = CARTESIAN_POINT('',(5.229180923873,2.342984508955));
#5632 = CARTESIAN_POINT('',(5.199335764848,2.342984508955));
#5633 = CARTESIAN_POINT('',(5.169490644244,2.342984508955));
#5634 = CARTESIAN_POINT('',(5.121581428966,2.342984508955));
#5635 = CARTESIAN_POINT('',(5.103517271987,2.342984508955));
#5636 = CARTESIAN_POINT('',(5.085453111892,2.342984508955));
#5637 = CARTESIAN_POINT('',(5.06738895024,2.342984508955));
#5638 = CARTESIAN_POINT('',(5.049324788588,2.342984508955));
#5639 = CARTESIAN_POINT('',(5.031260628494,2.342984508955));
#5640 = CARTESIAN_POINT('',(5.013196471515,2.342984508955));
#5641 = CARTESIAN_POINT('',(4.974711977025,2.342984508955));
#5642 = CARTESIAN_POINT('',(4.954291626215,2.342984508955));
#5643 = CARTESIAN_POINT('',(4.933871269653,2.342984508955));
#5644 = CARTESIAN_POINT('',(4.913450910215,2.342984508955));
#5645 = CARTESIAN_POINT('',(4.893030550776,2.342984508955));
#5646 = CARTESIAN_POINT('',(4.872610194214,2.342984508955));
#5647 = CARTESIAN_POINT('',(4.852189843404,2.342984508955));
#5648 = CARTESIAN_POINT('',(4.808992971865,2.342984508955));
#5649 = CARTESIAN_POINT('',(4.78621642761,2.342984508955));
#5650 = CARTESIAN_POINT('',(4.763439873422,2.342984508955));
#5651 = CARTESIAN_POINT('',(4.740663314267,2.342984508955));
#5652 = CARTESIAN_POINT('',(4.717886755112,2.342984508955));
#5653 = CARTESIAN_POINT('',(4.695110200924,2.342984508955));
#5654 = CARTESIAN_POINT('',(4.672333656669,2.342984508955));
#5655 = CARTESIAN_POINT('',(4.630707578136,2.342984508955));
#5656 = CARTESIAN_POINT('',(4.611858023178,2.342984508955));
#5657 = CARTESIAN_POINT('',(4.593008464366,2.342984508955));
#5658 = CARTESIAN_POINT('',(4.574158903627,2.342984508955));
#5659 = CARTESIAN_POINT('',(4.555309342888,2.342984508955));
#5660 = CARTESIAN_POINT('',(4.536459784076,2.342984508955));
#5661 = CARTESIAN_POINT('',(4.517610229118,2.342984508955));
#5662 = CARTESIAN_POINT('',(4.475984150585,2.342984508955));
#5663 = CARTESIAN_POINT('',(4.45320760633,2.342984508955));
#5664 = CARTESIAN_POINT('',(4.430431052141,2.342984508955));
#5665 = CARTESIAN_POINT('',(4.407654492987,2.342984508955));
#5666 = CARTESIAN_POINT('',(4.384877933832,2.342984508955));
#5667 = CARTESIAN_POINT('',(4.362101379644,2.342984508955));
#5668 = CARTESIAN_POINT('',(4.339324835388,2.342984508955));
#5669 = CARTESIAN_POINT('',(4.29612796385,2.342984508955));
#5670 = CARTESIAN_POINT('',(4.27570761304,2.342984508955));
#5671 = CARTESIAN_POINT('',(4.255287256477,2.342984508955));
#5672 = CARTESIAN_POINT('',(4.234866897039,2.342984508955));
#5673 = CARTESIAN_POINT('',(4.214446537601,2.342984508955));
#5674 = CARTESIAN_POINT('',(4.194026181039,2.342984508955));
#5675 = CARTESIAN_POINT('',(4.173605830228,2.342984508955));
#5676 = CARTESIAN_POINT('',(4.13040895869,2.342984508955));
#5677 = CARTESIAN_POINT('',(4.107632414435,2.342984508955));
#5678 = CARTESIAN_POINT('',(4.084855860246,2.342984508955));
#5679 = CARTESIAN_POINT('',(4.062079301092,2.342984508955));
#5680 = CARTESIAN_POINT('',(4.039302741937,2.342984508955));
#5681 = CARTESIAN_POINT('',(4.016526187749,2.342984508955));
#5682 = CARTESIAN_POINT('',(3.993749643493,2.342984508955));
#5683 = CARTESIAN_POINT('',(3.948196584782,2.342984508955));
#5684 = CARTESIAN_POINT('',(3.925420040527,2.342984508955));
#5685 = CARTESIAN_POINT('',(3.902643486338,2.342984508955));
#5686 = CARTESIAN_POINT('',(3.879866927184,2.342984508955));
#5687 = CARTESIAN_POINT('',(3.857090368029,2.342984508955));
#5688 = CARTESIAN_POINT('',(3.834313813841,2.342984508955));
#5689 = CARTESIAN_POINT('',(3.811537269585,2.342984508955));
#5690 = CARTESIAN_POINT('',(3.765984210874,2.342984508955));
#5691 = CARTESIAN_POINT('',(3.743207666618,2.342984508955));
#5692 = CARTESIAN_POINT('',(3.72043111243,2.342984508955));
#5693 = CARTESIAN_POINT('',(3.697654553275,2.342984508955));
#5694 = CARTESIAN_POINT('',(3.674877994121,2.342984508955));
#5695 = CARTESIAN_POINT('',(3.652101439932,2.342984508955));
#5696 = CARTESIAN_POINT('',(3.629324895677,2.342984508955));
#5697 = CARTESIAN_POINT('',(3.585342628067,2.342984508955));
#5698 = CARTESIAN_POINT('',(3.564136879392,2.342984508955));
#5699 = CARTESIAN_POINT('',(3.54293112377,2.342984508955));
#5700 = CARTESIAN_POINT('',(3.521725364674,2.342984508955));
#5701 = CARTESIAN_POINT('',(3.500519605579,2.342984508955));
#5702 = CARTESIAN_POINT('',(3.479313849957,2.342984508955));
#5703 = CARTESIAN_POINT('',(3.458108101282,2.342984508955));
#5704 = CARTESIAN_POINT('',(3.418838210721,2.342984508955));
#5705 = CARTESIAN_POINT('',(3.400774053741,2.342984508955));
#5706 = CARTESIAN_POINT('',(3.382709893647,2.342984508955));
#5707 = CARTESIAN_POINT('',(3.364645731995,2.342984508955));
#5708 = CARTESIAN_POINT('',(3.346581570343,2.342984508955));
#5709 = CARTESIAN_POINT('',(3.328517410248,2.342984508955));
#5710 = CARTESIAN_POINT('',(3.310453253269,2.342984508955));
#5711 = CARTESIAN_POINT('',(3.273539551785,2.342984508955));
#5712 = CARTESIAN_POINT('',(3.254689996827,2.342984508955));
#5713 = CARTESIAN_POINT('',(3.235840438015,2.342984508955));
#5714 = CARTESIAN_POINT('',(3.216990877276,2.342984508955));
#5715 = CARTESIAN_POINT('',(3.198141316537,2.342984508955));
#5716 = CARTESIAN_POINT('',(3.179291757725,2.342984508955));
#5717 = CARTESIAN_POINT('',(3.160442202767,2.342984508955));
#5718 = CARTESIAN_POINT('',(3.118816124234,2.342984508955));
#5719 = CARTESIAN_POINT('',(3.096039579979,2.342984508955));
#5720 = CARTESIAN_POINT('',(3.073263025791,2.342984508955));
#5721 = CARTESIAN_POINT('',(3.050486466636,2.342984508955));
#5722 = CARTESIAN_POINT('',(3.027709907481,2.342984508955));
#5723 = CARTESIAN_POINT('',(3.004933353293,2.342984508955));
#5724 = CARTESIAN_POINT('',(2.982156809038,2.342984508955));
#5725 = CARTESIAN_POINT('',(2.936603750326,2.342984508955));
#5726 = CARTESIAN_POINT('',(2.913827206071,2.342984508955));
#5727 = CARTESIAN_POINT('',(2.891050651882,2.342984508955));
#5728 = CARTESIAN_POINT('',(2.868274092728,2.342984508955));
#5729 = CARTESIAN_POINT('',(2.845497533573,2.342984508955));
#5730 = CARTESIAN_POINT('',(2.822720979385,2.342984508955));
#5731 = CARTESIAN_POINT('',(2.799944435129,2.342984508955));
#5732 = CARTESIAN_POINT('',(2.754391376418,2.342984508955));
#5733 = CARTESIAN_POINT('',(2.731614832162,2.342984508955));
#5734 = CARTESIAN_POINT('',(2.708838277974,2.342984508955));
#5735 = CARTESIAN_POINT('',(2.686061718819,2.342984508955));
#5736 = CARTESIAN_POINT('',(2.663285159665,2.342984508955));
#5737 = CARTESIAN_POINT('',(2.640508605476,2.342984508955));
#5738 = CARTESIAN_POINT('',(2.617732061221,2.342984508955));
#5739 = CARTESIAN_POINT('',(2.576891379558,2.342984508955));
#5740 = CARTESIAN_POINT('',(2.558827222579,2.342984508955));
#5741 = CARTESIAN_POINT('',(2.540763062485,2.342984508955));
#5742 = CARTESIAN_POINT('',(2.522698900833,2.342984508955));
#5743 = CARTESIAN_POINT('',(2.504634739181,2.342984508955));
#5744 = CARTESIAN_POINT('',(2.486570579086,2.342984508955));
#5745 = CARTESIAN_POINT('',(2.468506422107,2.342984508955));
#5746 = CARTESIAN_POINT('',(2.427665740444,2.342984508955));
#5747 = CARTESIAN_POINT('',(2.404889196189,2.342984508955));
#5748 = CARTESIAN_POINT('',(2.382112642001,2.342984508955));
#5749 = CARTESIAN_POINT('',(2.359336082846,2.342984508955));
#5750 = CARTESIAN_POINT('',(2.336559523691,2.342984508955));
#5751 = CARTESIAN_POINT('',(2.313782969503,2.342984508955));
#5752 = CARTESIAN_POINT('',(2.291006425248,2.342984508955));
#5753 = CARTESIAN_POINT('',(2.245453366536,2.342984508955));
#5754 = CARTESIAN_POINT('',(2.222676822281,2.342984508955));
#5755 = CARTESIAN_POINT('',(2.199900268093,2.342984508955));
#5756 = CARTESIAN_POINT('',(2.177123708938,2.342984508955));
#5757 = CARTESIAN_POINT('',(2.154347149783,2.342984508955));
#5758 = CARTESIAN_POINT('',(2.131570595595,2.342984508955));
#5759 = CARTESIAN_POINT('',(2.10879405134,2.342984508955));
#5760 = CARTESIAN_POINT('',(2.064026387992,2.342984508955));
#5761 = CARTESIAN_POINT('',(2.0420352415,2.342984508955));
#5762 = CARTESIAN_POINT('',(2.020044086675,2.342984508955));
#5763 = CARTESIAN_POINT('',(1.998052927683,2.342984508955));
#5764 = CARTESIAN_POINT('',(1.976061768691,2.342984508955));
#5765 = CARTESIAN_POINT('',(1.954070613866,2.342984508955));
#5766 = CARTESIAN_POINT('',(1.932079467374,2.342984508955));
#5767 = CARTESIAN_POINT('',(1.887311804027,2.342984508955));
#5768 = CARTESIAN_POINT('',(1.864535259772,2.342984508955));
#5769 = CARTESIAN_POINT('',(1.841758705583,2.342984508955));
#5770 = CARTESIAN_POINT('',(1.818982146429,2.342984508955));
#5771 = CARTESIAN_POINT('',(1.796205587274,2.342984508955));
#5772 = CARTESIAN_POINT('',(1.773429033086,2.342984508955));
#5773 = CARTESIAN_POINT('',(1.75065248883,2.342984508955));
#5774 = CARTESIAN_POINT('',(1.705884825483,2.342984508955));
#5775 = CARTESIAN_POINT('',(1.683893678991,2.342984508955));
#5776 = CARTESIAN_POINT('',(1.661902524166,2.342984508955));
#5777 = CARTESIAN_POINT('',(1.639911365174,2.342984508955));
#5778 = CARTESIAN_POINT('',(1.617920206182,2.342984508955));
#5779 = CARTESIAN_POINT('',(1.595929051357,2.342984508955));
#5780 = CARTESIAN_POINT('',(1.573937904865,2.342984508955));
#5781 = CARTESIAN_POINT('',(1.529170241518,2.342984508955));
#5782 = CARTESIAN_POINT('',(1.506393697262,2.342984508955));
#5783 = CARTESIAN_POINT('',(1.483617143074,2.342984508955));
#5784 = CARTESIAN_POINT('',(1.460840583919,2.342984508955));
#5785 = CARTESIAN_POINT('',(1.438064024765,2.342984508955));
#5786 = CARTESIAN_POINT('',(1.415287470576,2.342984508955));
#5787 = CARTESIAN_POINT('',(1.392510926321,2.342984508955));
#5788 = CARTESIAN_POINT('',(1.348528658711,2.342984508955));
#5789 = CARTESIAN_POINT('',(1.327322910036,2.342984508955));
#5790 = CARTESIAN_POINT('',(1.306117154414,2.342984508955));
#5791 = CARTESIAN_POINT('',(1.284911395318,2.342984508955));
#5792 = CARTESIAN_POINT('',(1.263705636223,2.342984508955));
#5793 = CARTESIAN_POINT('',(1.242499880601,2.342984508955));
#5794 = CARTESIAN_POINT('',(1.221294131926,2.342984508955));
#5795 = CARTESIAN_POINT('',(1.177311864316,2.342984508955));
#5796 = CARTESIAN_POINT('',(1.15453532006,2.342984508955));
#5797 = CARTESIAN_POINT('',(1.131758765872,2.342984508955));
#5798 = CARTESIAN_POINT('',(1.108982206717,2.342984508955));
#5799 = CARTESIAN_POINT('',(1.086205647563,2.342984508955));
#5800 = CARTESIAN_POINT('',(1.063429093374,2.342984508955));
#5801 = CARTESIAN_POINT('',(1.040652549119,2.342984508955));
#5802 = CARTESIAN_POINT('',(0.995099490407,2.342984508955));
#5803 = CARTESIAN_POINT('',(0.972322946152,2.342984508955));
#5804 = CARTESIAN_POINT('',(0.949546391964,2.342984508955));
#5805 = CARTESIAN_POINT('',(0.926769832809,2.342984508955));
#5806 = CARTESIAN_POINT('',(0.903993273654,2.342984508955));
#5807 = CARTESIAN_POINT('',(0.881216719466,2.342984508955));
#5808 = CARTESIAN_POINT('',(0.858440175211,2.342984508955));
#5809 = CARTESIAN_POINT('',(0.812887116499,2.342984508955));
#5810 = CARTESIAN_POINT('',(0.790110572244,2.342984508955));
#5811 = CARTESIAN_POINT('',(0.767334018056,2.342984508955));
#5812 = CARTESIAN_POINT('',(0.744557458901,2.342984508955));
#5813 = CARTESIAN_POINT('',(0.721780899746,2.342984508955));
#5814 = CARTESIAN_POINT('',(0.699004345558,2.342984508955));
#5815 = CARTESIAN_POINT('',(0.676227801303,2.342984508955));
#5816 = CARTESIAN_POINT('',(0.571779538478,2.342984508955));
#5817 = CARTESIAN_POINT('',(0.49008227711,2.342984508955));
#5818 = CARTESIAN_POINT('',(0.408398313927,2.342984508955));
#5819 = CARTESIAN_POINT('',(0.326725635968,2.342984508955));
#5820 = CARTESIAN_POINT('',(0.245052958028,2.342984508955));
#5821 = CARTESIAN_POINT('',(0.163368994833,2.342984508955));
#5822 = CARTESIAN_POINT('',(8.167173346911E-02,2.342984508955));
#5823 = CARTESIAN_POINT('',(0.,2.342984508955));
#5824 = ( GEOMETRIC_REPRESENTATION_CONTEXT(2) 
PARAMETRIC_REPRESENTATION_CONTEXT() REPRESENTATION_CONTEXT('2D SPACE',''
  ) );
#5825 = PCURVE('',#5826,#5835);
#5826 = SURFACE_OF_REVOLUTION('',#5827,#5832);
#5827 = ELLIPSE('',#5828,206.905,103.14);
#5828 = AXIS2_PLACEMENT_3D('',#5829,#5830,#5831);
#5829 = CARTESIAN_POINT('',(0.,0.,0.));
#5830 = DIRECTION('',(0.,-1.,0.));
#5831 = DIRECTION('',(1.,0.,0.));
#5832 = AXIS1_PLACEMENT('',#5833,#5834);
#5833 = CARTESIAN_POINT('',(0.,0.,0.));
#5834 = DIRECTION('',(0.,0.,1.));
#5835 = DEFINITIONAL_REPRESENTATION('',(#5836),#6070);
#5836 = B_SPLINE_CURVE_WITH_KNOTS('',8,(#5837,#5838,#5839,#5840,#5841,
    #5842,#5843,#5844,#5845,#5846,#5847,#5848,#5849,#5850,#5851,#5852,
    #5853,#5854,#5855,#5856,#5857,#5858,#5859,#5860,#5861,#5862,#5863,
    #5864,#5865,#5866,#5867,#5868,#5869,#5870,#5871,#5872,#5873,#5874,
    #5875,#5876,#5877,#5878,#5879,#5880,#5881,#5882,#5883,#5884,#5885,
    #5886,#5887,#5888,#5889,#5890,#5891,#5892,#5893,#5894,#5895,#5896,
    #5897,#5898,#5899,#5900,#5901,#5902,#5903,#5904,#5905,#5906,#5907,
    #5908,#5909,#5910,#5911,#5912,#5913,#5914,#5915,#5916,#5917,#5918,
    #5919,#5920,#5921,#5922,#5923,#5924,#5925,#5926,#5927,#5928,#5929,
    #5930,#5931,#5932,#5933,#5934,#5935,#5936,#5937,#5938,#5939,#5940,
    #5941,#5942,#5943,#5944,#5945,#5946,#5947,#5948,#5949,#5950,#5951,
    #5952,#5953,#5954,#5955,#5956,#5957,#5958,#5959,#5960,#5961,#5962,
    #5963,#5964,#5965,#5966,#5967,#5968,#5969,#5970,#5971,#5972,#5973,
    #5974,#5975,#5976,#5977,#5978,#5979,#5980,#5981,#5982,#5983,#5984,
    #5985,#5986,#5987,#5988,#5989,#5990,#5991,#5992,#5993,#5994,#5995,
    #5996,#5997,#5998,#5999,#6000,#6001,#6002,#6003,#6004,#6005,#6006,
    #6007,#6008,#6009,#6010,#6011,#6012,#6013,#6014,#6015,#6016,#6017,
    #6018,#6019,#6020,#6021,#6022,#6023,#6024,#6025,#6026,#6027,#6028,
    #6029,#6030,#6031,#6032,#6033,#6034,#6035,#6036,#6037,#6038,#6039,
    #6040,#6041,#6042,#6043,#6044,#6045,#6046,#6047,#6048,#6049,#6050,
    #6051,#6052,#6053,#6054,#6055,#6056,#6057,#6058,#6059,#6060,#6061,
    #6062,#6063,#6064,#6065,#6066,#6067,#6068,#6069),.UNSPECIFIED.,.F.,
  .F.,(9,7,7,7,7,7,7,7,7,7,7,7,7,7,7,7,7,7,7,7,7,7,7,7,7,7,7,7,7,7,7,7,7
    ,9),(0.,2.800034475504E-02,5.700069892199E-02,8.600105308894E-02,
    0.115001407256,0.144001761423,0.182002168894,0.205002460398,
    0.231002784953,0.26000313912,0.284003441953,0.31300379612,
    0.339004120676,0.368004474843,0.39700482901,0.426005183177,
    0.453005518045,0.476005809548,0.500006112381,0.529006466548,
    0.558006820715,0.587007174882,0.610007466386,0.639007820552,
    0.668008174719,0.696008519474,0.725008873641,0.753009218396,
    0.782009572563,0.809009907432,0.838010261599,0.867010615766,
    0.896010969933,1.),.UNSPECIFIED.);
#5837 = CARTESIAN_POINT('',(6.28318530718,4.809202867406));
#5838 = CARTESIAN_POINT('',(6.261194173188,4.809202867406));
#5839 = CARTESIAN_POINT('',(6.239203026696,4.809202867406));
#5840 = CARTESIAN_POINT('',(6.217211871871,4.809202867406));
#5841 = CARTESIAN_POINT('',(6.195220712879,4.809202867406));
#5842 = CARTESIAN_POINT('',(6.173229553887,4.809202867406));
#5843 = CARTESIAN_POINT('',(6.151238399062,4.809202867406));
#5844 = CARTESIAN_POINT('',(6.12924725257,4.809202867406));
#5845 = CARTESIAN_POINT('',(6.084479589223,4.809202867406));
#5846 = CARTESIAN_POINT('',(6.061703044967,4.809202867406));
#5847 = CARTESIAN_POINT('',(6.038926490779,4.809202867406));
#5848 = CARTESIAN_POINT('',(6.016149931624,4.809202867406));
#5849 = CARTESIAN_POINT('',(5.99337337247,4.809202867406));
#5850 = CARTESIAN_POINT('',(5.970596818281,4.809202867406));
#5851 = CARTESIAN_POINT('',(5.947820274026,4.809202867406));
#5852 = CARTESIAN_POINT('',(5.902267215315,4.809202867406));
#5853 = CARTESIAN_POINT('',(5.879490671059,4.809202867406));
#5854 = CARTESIAN_POINT('',(5.856714116871,4.809202867406));
#5855 = CARTESIAN_POINT('',(5.833937557716,4.809202867406));
#5856 = CARTESIAN_POINT('',(5.811160998562,4.809202867406));
#5857 = CARTESIAN_POINT('',(5.788384444373,4.809202867406));
#5858 = CARTESIAN_POINT('',(5.765607900118,4.809202867406));
#5859 = CARTESIAN_POINT('',(5.720054841406,4.809202867406));
#5860 = CARTESIAN_POINT('',(5.697278297151,4.809202867406));
#5861 = CARTESIAN_POINT('',(5.674501742963,4.809202867406));
#5862 = CARTESIAN_POINT('',(5.651725183808,4.809202867406));
#5863 = CARTESIAN_POINT('',(5.628948624653,4.809202867406));
#5864 = CARTESIAN_POINT('',(5.606172070465,4.809202867406));
#5865 = CARTESIAN_POINT('',(5.58339552621,4.809202867406));
#5866 = CARTESIAN_POINT('',(5.537842467498,4.809202867406));
#5867 = CARTESIAN_POINT('',(5.515065923243,4.809202867406));
#5868 = CARTESIAN_POINT('',(5.492289369055,4.809202867406));
#5869 = CARTESIAN_POINT('',(5.4695128099,4.809202867406));
#5870 = CARTESIAN_POINT('',(5.446736250745,4.809202867406));
#5871 = CARTESIAN_POINT('',(5.423959696557,4.809202867406));
#5872 = CARTESIAN_POINT('',(5.401183152302,4.809202867406));
#5873 = CARTESIAN_POINT('',(5.348561559975,4.809202867406));
#5874 = CARTESIAN_POINT('',(5.318716439371,4.809202867406));
#5875 = CARTESIAN_POINT('',(5.288871280346,4.809202867406));
#5876 = CARTESIAN_POINT('',(5.259026102109,4.809202867406));
#5877 = CARTESIAN_POINT('',(5.229180923873,4.809202867406));
#5878 = CARTESIAN_POINT('',(5.199335764848,4.809202867406));
#5879 = CARTESIAN_POINT('',(5.169490644244,4.809202867406));
#5880 = CARTESIAN_POINT('',(5.121581428966,4.809202867406));
#5881 = CARTESIAN_POINT('',(5.103517271987,4.809202867406));
#5882 = CARTESIAN_POINT('',(5.085453111892,4.809202867406));
#5883 = CARTESIAN_POINT('',(5.06738895024,4.809202867406));
#5884 = CARTESIAN_POINT('',(5.049324788588,4.809202867406));
#5885 = CARTESIAN_POINT('',(5.031260628494,4.809202867406));
#5886 = CARTESIAN_POINT('',(5.013196471515,4.809202867406));
#5887 = CARTESIAN_POINT('',(4.974711977025,4.809202867406));
#5888 = CARTESIAN_POINT('',(4.954291626215,4.809202867406));
#5889 = CARTESIAN_POINT('',(4.933871269653,4.809202867406));
#5890 = CARTESIAN_POINT('',(4.913450910215,4.809202867406));
#5891 = CARTESIAN_POINT('',(4.893030550776,4.809202867406));
#5892 = CARTESIAN_POINT('',(4.872610194214,4.809202867406));
#5893 = CARTESIAN_POINT('',(4.852189843404,4.809202867406));
#5894 = CARTESIAN_POINT('',(4.808992971865,4.809202867406));
#5895 = CARTESIAN_POINT('',(4.78621642761,4.809202867406));
#5896 = CARTESIAN_POINT('',(4.763439873422,4.809202867406));
#5897 = CARTESIAN_POINT('',(4.740663314267,4.809202867406));
#5898 = CARTESIAN_POINT('',(4.717886755112,4.809202867406));
#5899 = CARTESIAN_POINT('',(4.695110200924,4.809202867406));
#5900 = CARTESIAN_POINT('',(4.672333656669,4.809202867406));
#5901 = CARTESIAN_POINT('',(4.630707578136,4.809202867406));
#5902 = CARTESIAN_POINT('',(4.611858023178,4.809202867406));
#5903 = CARTESIAN_POINT('',(4.593008464366,4.809202867406));
#5904 = CARTESIAN_POINT('',(4.574158903627,4.809202867406));
#5905 = CARTESIAN_POINT('',(4.555309342888,4.809202867406));
#5906 = CARTESIAN_POINT('',(4.536459784076,4.809202867406));
#5907 = CARTESIAN_POINT('',(4.517610229118,4.809202867406));
#5908 = CARTESIAN_POINT('',(4.475984150585,4.809202867406));
#5909 = CARTESIAN_POINT('',(4.45320760633,4.809202867406));
#5910 = CARTESIAN_POINT('',(4.430431052141,4.809202867406));
#5911 = CARTESIAN_POINT('',(4.407654492987,4.809202867406));
#5912 = CARTESIAN_POINT('',(4.384877933832,4.809202867406));
#5913 = CARTESIAN_POINT('',(4.362101379644,4.809202867406));
#5914 = CARTESIAN_POINT('',(4.339324835388,4.809202867406));
#5915 = CARTESIAN_POINT('',(4.29612796385,4.809202867406));
#5916 = CARTESIAN_POINT('',(4.27570761304,4.809202867406));
#5917 = CARTESIAN_POINT('',(4.255287256477,4.809202867406));
#5918 = CARTESIAN_POINT('',(4.234866897039,4.809202867406));
#5919 = CARTESIAN_POINT('',(4.214446537601,4.809202867406));
#5920 = CARTESIAN_POINT('',(4.194026181039,4.809202867406));
#5921 = CARTESIAN_POINT('',(4.173605830228,4.809202867406));
#5922 = CARTESIAN_POINT('',(4.13040895869,4.809202867406));
#5923 = CARTESIAN_POINT('',(4.107632414435,4.809202867406));
#5924 = CARTESIAN_POINT('',(4.084855860246,4.809202867406));
#5925 = CARTESIAN_POINT('',(4.062079301092,4.809202867406));
#5926 = CARTESIAN_POINT('',(4.039302741937,4.809202867406));
#5927 = CARTESIAN_POINT('',(4.016526187749,4.809202867406));
#5928 = CARTESIAN_POINT('',(3.993749643493,4.809202867406));
#5929 = CARTESIAN_POINT('',(3.948196584782,4.809202867406));
#5930 = CARTESIAN_POINT('',(3.925420040527,4.809202867406));
#5931 = CARTESIAN_POINT('',(3.902643486338,4.809202867406));
#5932 = CARTESIAN_POINT('',(3.879866927184,4.809202867406));
#5933 = CARTESIAN_POINT('',(3.857090368029,4.809202867406));
#5934 = CARTESIAN_POINT('',(3.834313813841,4.809202867406));
#5935 = CARTESIAN_POINT('',(3.811537269585,4.809202867406));
#5936 = CARTESIAN_POINT('',(3.765984210874,4.809202867406));
#5937 = CARTESIAN_POINT('',(3.743207666618,4.809202867406));
#5938 = CARTESIAN_POINT('',(3.72043111243,4.809202867406));
#5939 = CARTESIAN_POINT('',(3.697654553275,4.809202867406));
#5940 = CARTESIAN_POINT('',(3.674877994121,4.809202867406));
#5941 = CARTESIAN_POINT('',(3.652101439932,4.809202867406));
#5942 = CARTESIAN_POINT('',(3.629324895677,4.809202867406));
#5943 = CARTESIAN_POINT('',(3.585342628067,4.809202867406));
#5944 = CARTESIAN_POINT('',(3.564136879392,4.809202867406));
#5945 = CARTESIAN_POINT('',(3.54293112377,4.809202867406));
#5946 = CARTESIAN_POINT('',(3.521725364674,4.809202867406));
#5947 = CARTESIAN_POINT('',(3.500519605579,4.809202867406));
#5948 = CARTESIAN_POINT('',(3.479313849957,4.809202867406));
#5949 = CARTESIAN_POINT('',(3.458108101282,4.809202867406));
#5950 = CARTESIAN_POINT('',(3.418838210721,4.809202867406));
#5951 = CARTESIAN_POINT('',(3.400774053741,4.809202867406));
#5952 = CARTESIAN_POINT('',(3.382709893647,4.809202867406));
#5953 = CARTESIAN_POINT('',(3.364645731995,4.809202867406));
#5954 = CARTESIAN_POINT('',(3.346581570343,4.809202867406));
#5955 = CARTESIAN_POINT('',(3.328517410248,4.809202867406));
#5956 = CARTESIAN_POINT('',(3.310453253269,4.809202867406));
#5957 = CARTESIAN_POINT('',(3.273539551785,4.809202867406));
#5958 = CARTESIAN_POINT('',(3.254689996827,4.809202867406));
#5959 = CARTESIAN_POINT('',(3.235840438015,4.809202867406));
#5960 = CARTESIAN_POINT('',(3.216990877276,4.809202867406));
#5961 = CARTESIAN_POINT('',(3.198141316537,4.809202867406));
#5962 = CARTESIAN_POINT('',(3.179291757725,4.809202867406));
#5963 = CARTESIAN_POINT('',(3.160442202767,4.809202867406));
#5964 = CARTESIAN_POINT('',(3.118816124234,4.809202867406));
#5965 = CARTESIAN_POINT('',(3.096039579979,4.809202867406));
#5966 = CARTESIAN_POINT('',(3.073263025791,4.809202867406));
#5967 = CARTESIAN_POINT('',(3.050486466636,4.809202867406));
#5968 = CARTESIAN_POINT('',(3.027709907481,4.809202867406));
#5969 = CARTESIAN_POINT('',(3.004933353293,4.809202867406));
#5970 = CARTESIAN_POINT('',(2.982156809038,4.809202867406));
#5971 = CARTESIAN_POINT('',(2.936603750326,4.809202867406));
#5972 = CARTESIAN_POINT('',(2.913827206071,4.809202867406));
#5973 = CARTESIAN_POINT('',(2.891050651882,4.809202867406));
#5974 = CARTESIAN_POINT('',(2.868274092728,4.809202867406));
#5975 = CARTESIAN_POINT('',(2.845497533573,4.809202867406));
#5976 = CARTESIAN_POINT('',(2.822720979385,4.809202867406));
#5977 = CARTESIAN_POINT('',(2.799944435129,4.809202867406));
#5978 = CARTESIAN_POINT('',(2.754391376418,4.809202867406));
#5979 = CARTESIAN_POINT('',(2.731614832162,4.809202867406));
#5980 = CARTESIAN_POINT('',(2.708838277974,4.809202867406));
#5981 = CARTESIAN_POINT('',(2.686061718819,4.809202867406));
#5982 = CARTESIAN_POINT('',(2.663285159665,4.809202867406));
#5983 = CARTESIAN_POINT('',(2.640508605476,4.809202867406));
#5984 = CARTESIAN_POINT('',(2.617732061221,4.809202867406));
#5985 = CARTESIAN_POINT('',(2.576891379558,4.809202867406));
#5986 = CARTESIAN_POINT('',(2.558827222579,4.809202867406));
#5987 = CARTESIAN_POINT('',(2.540763062485,4.809202867406));
#5988 = CARTESIAN_POINT('',(2.522698900833,4.809202867406));
#5989 = CARTESIAN_POINT('',(2.504634739181,4.809202867406));
#5990 = CARTESIAN_POINT('',(2.486570579086,4.809202867406));
#5991 = CARTESIAN_POINT('',(2.468506422107,4.809202867406));
#5992 = CARTESIAN_POINT('',(2.427665740444,4.809202867406));
#5993 = CARTESIAN_POINT('',(2.404889196189,4.809202867406));
#5994 = CARTESIAN_POINT('',(2.382112642001,4.809202867406));
#5995 = CARTESIAN_POINT('',(2.359336082846,4.809202867406));
#5996 = CARTESIAN_POINT('',(2.336559523691,4.809202867406));
#5997 = CARTESIAN_POINT('',(2.313782969503,4.809202867406));
#5998 = CARTESIAN_POINT('',(2.291006425248,4.809202867406));
#5999 = CARTESIAN_POINT('',(2.245453366536,4.809202867406));
#6000 = CARTESIAN_POINT('',(2.222676822281,4.809202867406));
#6001 = CARTESIAN_POINT('',(2.199900268093,4.809202867406));
#6002 = CARTESIAN_POINT('',(2.177123708938,4.809202867406));
#6003 = CARTESIAN_POINT('',(2.154347149783,4.809202867406));
#6004 = CARTESIAN_POINT('',(2.131570595595,4.809202867406));
#6005 = CARTESIAN_POINT('',(2.10879405134,4.809202867406));
#6006 = CARTESIAN_POINT('',(2.064026387992,4.809202867406));
#6007 = CARTESIAN_POINT('',(2.0420352415,4.809202867406));
#6008 = CARTESIAN_POINT('',(2.020044086675,4.809202867406));
#6009 = CARTESIAN_POINT('',(1.998052927683,4.809202867406));
#6010 = CARTESIAN_POINT('',(1.976061768691,4.809202867406));
#6011 = CARTESIAN_POINT('',(1.954070613866,4.809202867406));
#6012 = CARTESIAN_POINT('',(1.932079467374,4.809202867406));
#6013 = CARTESIAN_POINT('',(1.887311804027,4.809202867406));
#6014 = CARTESIAN_POINT('',(1.864535259772,4.809202867406));
#6015 = CARTESIAN_POINT('',(1.841758705583,4.809202867406));
#6016 = CARTESIAN_POINT('',(1.818982146429,4.809202867406));
#6017 = CARTESIAN_POINT('',(1.796205587274,4.809202867406));
#6018 = CARTESIAN_POINT('',(1.773429033086,4.809202867406));
#6019 = CARTESIAN_POINT('',(1.75065248883,4.809202867406));
#6020 = CARTESIAN_POINT('',(1.705884825483,4.809202867406));
#6021 = CARTESIAN_POINT('',(1.683893678991,4.809202867406));
#6022 = CARTESIAN_POINT('',(1.661902524166,4.809202867406));
#6023 = CARTESIAN_POINT('',(1.639911365174,4.809202867406));
#6024 = CARTESIAN_POINT('',(1.617920206182,4.809202867406));
#6025 = CARTESIAN_POINT('',(1.595929051357,4.809202867406));
#6026 = CARTESIAN_POINT('',(1.573937904865,4.809202867406));
#6027 = CARTESIAN_POINT('',(1.529170241518,4.809202867406));
#6028 = CARTESIAN_POINT('',(1.506393697262,4.809202867406));
#6029 = CARTESIAN_POINT('',(1.483617143074,4.809202867406));
#6030 = CARTESIAN_POINT('',(1.460840583919,4.809202867406));
#6031 = CARTESIAN_POINT('',(1.438064024765,4.809202867406));
#6032 = CARTESIAN_POINT('',(1.415287470576,4.809202867406));
#6033 = CARTESIAN_POINT('',(1.392510926321,4.809202867406));
#6034 = CARTESIAN_POINT('',(1.348528658711,4.809202867406));
#6035 = CARTESIAN_POINT('',(1.327322910036,4.809202867406));
#6036 = CARTESIAN_POINT('',(1.306117154414,4.809202867406));
#6037 = CARTESIAN_POINT('',(1.284911395318,4.809202867406));
#6038 = CARTESIAN_POINT('',(1.263705636223,4.809202867406));
#6039 = CARTESIAN_POINT('',(1.242499880601,4.809202867406));
#6040 = CARTESIAN_POINT('',(1.221294131926,4.809202867406));
#6041 = CARTESIAN_POINT('',(1.177311864316,4.809202867406));
#6042 = CARTESIAN_POINT('',(1.15453532006,4.809202867406));
#6043 = CARTESIAN_POINT('',(1.131758765872,4.809202867406));
#6044 = CARTESIAN_POINT('',(1.108982206717,4.809202867406));
#6045 = CARTESIAN_POINT('',(1.086205647563,4.809202867406));
#6046 = CARTESIAN_POINT('',(1.063429093374,4.809202867406));
#6047 = CARTESIAN_POINT('',(1.040652549119,4.809202867406));
#6048 = CARTESIAN_POINT('',(0.995099490407,4.809202867406));
#6049 = CARTESIAN_POINT('',(0.972322946152,4.809202867406));
#6050 = CARTESIAN_POINT('',(0.949546391964,4.809202867406));
#6051 = CARTESIAN_POINT('',(0.926769832809,4.809202867406));
#6052 = CARTESIAN_POINT('',(0.903993273654,4.809202867406));
#6053 = CARTESIAN_POINT('',(0.881216719466,4.809202867406));
#6054 = CARTESIAN_POINT('',(0.858440175211,4.809202867406));
#6055 = CARTESIAN_POINT('',(0.812887116499,4.809202867406));
#6056 = CARTESIAN_POINT('',(0.790110572244,4.809202867406));
#6057 = CARTESIAN_POINT('',(0.767334018056,4.809202867406));
#6058 = CARTESIAN_POINT('',(0.744557458901,4.809202867406));
#6059 = CARTESIAN_POINT('',(0.721780899746,4.809202867406));
#6060 = CARTESIAN_POINT('',(0.699004345558,4.809202867406));
#6061 = CARTESIAN_POINT('',(0.676227801303,4.809202867406));
#6062 = CARTESIAN_POINT('',(0.571779538478,4.809202867406));
#6063 = CARTESIAN_POINT('',(0.49008227711,4.809202867406));
#6064 = CARTESIAN_POINT('',(0.408398313927,4.809202867406));
#6065 = CARTESIAN_POINT('',(0.326725635968,4.809202867406));
#6066 = CARTESIAN_POINT('',(0.245052958028,4.809202867406));
#6067 = CARTESIAN_POINT('',(0.163368994833,4.809202867406));
#6068 = CARTESIAN_POINT('',(8.167173346911E-02,4.809202867406));
#6069 = CARTESIAN_POINT('',(0.,4.809202867406));
#6070 = ( GEOMETRIC_REPRESENTATION_CONTEXT(2) 
PARAMETRIC_REPRESENTATION_CONTEXT() REPRESENTATION_CONTEXT('2D SPACE',''
  ) );
#6071 = ORIENTED_EDGE('',*,*,#6072,.T.);
#6072 = EDGE_CURVE('',#5351,#5212,#6073,.T.);
#6073 = SEAM_CURVE('',#6074,(#6078,#6085),.PCURVE_S1.);
#6074 = LINE('',#6075,#6076);
#6075 = CARTESIAN_POINT('',(20.,-4.898587196589E-15,-105.));
#6076 = VECTOR('',#6077,1.);
#6077 = DIRECTION('',(0.,0.,1.));
#6078 = PCURVE('',#5228,#6079);
#6079 = DEFINITIONAL_REPRESENTATION('',(#6080),#6084);
#6080 = LINE('',#6081,#6082);
#6081 = CARTESIAN_POINT('',(0.,-0.));
#6082 = VECTOR('',#6083,1.);
#6083 = DIRECTION('',(0.,1.));
#6084 = ( GEOMETRIC_REPRESENTATION_CONTEXT(2) 
PARAMETRIC_REPRESENTATION_CONTEXT() REPRESENTATION_CONTEXT('2D SPACE',''
  ) );
#6085 = PCURVE('',#5228,#6086);
#6086 = DEFINITIONAL_REPRESENTATION('',(#6087),#6091);
#6087 = LINE('',#6088,#6089);
#6088 = CARTESIAN_POINT('',(6.28318530718,-0.));
#6089 = VECTOR('',#6090,1.);
#6090 = DIRECTION('',(0.,1.));
#6091 = ( GEOMETRIC_REPRESENTATION_CONTEXT(2) 
PARAMETRIC_REPRESENTATION_CONTEXT() REPRESENTATION_CONTEXT('2D SPACE',''
  ) );
#6092 = ORIENTED_EDGE('',*,*,#5211,.F.);
#6093 = ORIENTED_EDGE('',*,*,#6072,.F.);
#6094 = ADVANCED_FACE('',(#6095),#5826,.F.);
#6095 = FACE_BOUND('',#6096,.F.);
#6096 = EDGE_LOOP('',(#6097,#6123,#6818,#6819,#7001,#7023,#7024,#7025));
#6097 = ORIENTED_EDGE('',*,*,#6098,.T.);
#6098 = EDGE_CURVE('',#6099,#6101,#6103,.T.);
#6099 = VERTEX_POINT('',#6100);
#6100 = CARTESIAN_POINT('',(28.000000000006,-3.673940397442E-16,
    -102.1912028008));
#6101 = VERTEX_POINT('',#6102);
#6102 = CARTESIAN_POINT('',(43.540000000002,-5.332112163488E-15,
    -100.8304795347));
#6103 = SEAM_CURVE('',#6104,(#6109,#6116),.PCURVE_S1.);
#6104 = ELLIPSE('',#6105,206.905,103.14);
#6105 = AXIS2_PLACEMENT_3D('',#6106,#6107,#6108);
#6106 = CARTESIAN_POINT('',(0.,0.,0.));
#6107 = DIRECTION('',(0.,-1.,0.));
#6108 = DIRECTION('',(1.,0.,0.));
#6109 = PCURVE('',#5826,#6110);
#6110 = DEFINITIONAL_REPRESENTATION('',(#6111),#6115);
#6111 = LINE('',#6112,#6113);
#6112 = CARTESIAN_POINT('',(6.28318530718,0.));
#6113 = VECTOR('',#6114,1.);
#6114 = DIRECTION('',(0.,1.));
#6115 = ( GEOMETRIC_REPRESENTATION_CONTEXT(2) 
PARAMETRIC_REPRESENTATION_CONTEXT() REPRESENTATION_CONTEXT('2D SPACE',''
  ) );
#6116 = PCURVE('',#5826,#6117);
#6117 = DEFINITIONAL_REPRESENTATION('',(#6118),#6122);
#6118 = LINE('',#6119,#6120);
#6119 = CARTESIAN_POINT('',(0.,0.));
#6120 = VECTOR('',#6121,1.);
#6121 = DIRECTION('',(0.,1.));
#6122 = ( GEOMETRIC_REPRESENTATION_CONTEXT(2) 
PARAMETRIC_REPRESENTATION_CONTEXT() REPRESENTATION_CONTEXT('2D SPACE',''
  ) );
#6123 = ORIENTED_EDGE('',*,*,#6124,.T.);
#6124 = EDGE_CURVE('',#6101,#6101,#6125,.T.);
#6125 = SURFACE_CURVE('',#6126,(#6353,#6583),.PCURVE_S1.);
#6126 = B_SPLINE_CURVE_WITH_KNOTS('',8,(#6127,#6128,#6129,#6130,#6131,
    #6132,#6133,#6134,#6135,#6136,#6137,#6138,#6139,#6140,#6141,#6142,
    #6143,#6144,#6145,#6146,#6147,#6148,#6149,#6150,#6151,#6152,#6153,
    #6154,#6155,#6156,#6157,#6158,#6159,#6160,#6161,#6162,#6163,#6164,
    #6165,#6166,#6167,#6168,#6169,#6170,#6171,#6172,#6173,#6174,#6175,
    #6176,#6177,#6178,#6179,#6180,#6181,#6182,#6183,#6184,#6185,#6186,
    #6187,#6188,#6189,#6190,#6191,#6192,#6193,#6194,#6195,#6196,#6197,
    #6198,#6199,#6200,#6201,#6202,#6203,#6204,#6205,#6206,#6207,#6208,
    #6209,#6210,#6211,#6212,#6213,#6214,#6215,#6216,#6217,#6218,#6219,
    #6220,#6221,#6222,#6223,#6224,#6225,#6226,#6227,#6228,#6229,#6230,
    #6231,#6232,#6233,#6234,#6235,#6236,#6237,#6238,#6239,#6240,#6241,
    #6242,#6243,#6244,#6245,#6246,#6247,#6248,#6249,#6250,#6251,#6252,
    #6253,#6254,#6255,#6256,#6257,#6258,#6259,#6260,#6261,#6262,#6263,
    #6264,#6265,#6266,#6267,#6268,#6269,#6270,#6271,#6272,#6273,#6274,
    #6275,#6276,#6277,#6278,#6279,#6280,#6281,#6282,#6283,#6284,#6285,
    #6286,#6287,#6288,#6289,#6290,#6291,#6292,#6293,#6294,#6295,#6296,
    #6297,#6298,#6299,#6300,#6301,#6302,#6303,#6304,#6305,#6306,#6307,
    #6308,#6309,#6310,#6311,#6312,#6313,#6314,#6315,#6316,#6317,#6318,
    #6319,#6320,#6321,#6322,#6323,#6324,#6325,#6326,#6327,#6328,#6329,
    #6330,#6331,#6332,#6333,#6334,#6335,#6336,#6337,#6338,#6339,#6340,
    #6341,#6342,#6343,#6344,#6345,#6346,#6347,#6348,#6349,#6350,#6351,
    #6352),.UNSPECIFIED.,.T.,.F.,(9,7,7,7,7,7,7,7,7,7,7,7,7,7,7,7,7,7,7,
    7,7,7,7,7,7,7,7,7,7,7,7,7,9),(0.,1.900032967984E-02,
    4.50007716211E-02,7.100121356236E-02,0.100001698628,0.128002169779,
    0.194002008736,0.228002554229,0.25600302538,0.271003286947,
    0.300003772013,0.329004257079,0.35300466828,0.375005047539,
    0.402005504299,0.431005989364,0.461006487815,0.49000697288,
    0.519007457946,0.548007943012,0.577008428077,0.605008899229,
    0.632009355988,0.661009841054,0.689010312205,0.718010797271,
    0.743011224012,0.772011709078,0.801012194143,0.825012605345,
    0.854013090411,0.891013663393,1.),.UNSPECIFIED.);
#6127 = CARTESIAN_POINT('',(43.54,-1.42108547152E-14,-100.8304795347));
#6128 = CARTESIAN_POINT('',(43.54,-0.649728393,-100.8304795347));
#6129 = CARTESIAN_POINT('',(43.52891929246,-1.299457021665,
    -100.8304795347));
#6130 = CARTESIAN_POINT('',(43.506757886053,-1.948965075638,
    -100.8304795347));
#6131 = CARTESIAN_POINT('',(43.47352104557,-2.598032058677,
    -100.8304795347));
#6132 = CARTESIAN_POINT('',(43.429219291925,-3.246437788648,
    -100.8304795347));
#6133 = CARTESIAN_POINT('',(43.373868402153,-3.893962397533,
    -100.8304795347));
#6134 = CARTESIAN_POINT('',(43.307489409409,-4.540386331426,
    -100.8304795347));
#6135 = CARTESIAN_POINT('',(43.124219115835,-6.068263959064,
    -100.8304795347));
#6136 = CARTESIAN_POINT('',(42.99772768864,-6.948567485511,
    -100.8304795347));
#6137 = CARTESIAN_POINT('',(42.850701856146,-7.82583838798,
    -100.8304795347));
#6138 = CARTESIAN_POINT('',(42.68322724945,-8.699517812902,
    -100.8304795347));
#6139 = CARTESIAN_POINT('',(42.495407595985,-9.569050595029,
    -100.8304795347));
#6140 = CARTESIAN_POINT('',(42.287364719522,-10.43388525743,
    -100.8304795347));
#6141 = CARTESIAN_POINT('',(42.05923854017,-11.2934740115,
    -100.8304795347));
#6142 = CARTESIAN_POINT('',(41.563135608578,-13.00107150239,
    -100.8304795347));
#6143 = CARTESIAN_POINT('',(41.29515822525,-13.84908241143,
    -100.8304795347));
#6144 = CARTESIAN_POINT('',(41.007413050207,-14.69076141555,
    -100.8304795347));
#6145 = CARTESIAN_POINT('',(40.70007546481,-15.52557102859,
    -100.8304795347));
#6146 = CARTESIAN_POINT('',(40.373338105961,-16.35298034674,
    -100.8304795347));
#6147 = CARTESIAN_POINT('',(40.027410866107,-17.17246504853,
    -100.8304795347));
#6148 = CARTESIAN_POINT('',(39.66252089324,-17.98350739485,
    -100.8304795347));
#6149 = CARTESIAN_POINT('',(38.851041908216,-19.68023353192,
    -100.8304795347));
#6150 = CARTESIAN_POINT('',(38.399882607335,-20.56373494728,
    -100.8304795347));
#6151 = CARTESIAN_POINT('',(37.925774238885,-21.43539076079,
    -100.8304795347));
#6152 = CARTESIAN_POINT('',(37.429080914642,-22.29450588794,
    -100.8304795347));
#6153 = CARTESIAN_POINT('',(36.910191307517,-23.14039987401,
    -100.8304795347));
#6154 = CARTESIAN_POINT('',(36.369518651565,-23.97240689403,
    -100.8304795347));
#6155 = CARTESIAN_POINT('',(35.807500741977,-24.78987575278,
    -100.8304795347));
#6156 = CARTESIAN_POINT('',(34.6617990995,-26.36679877974,
    -100.8304795347));
#6157 = CARTESIAN_POINT('',(34.07952870733,-27.12728423901,
    -100.8304795347));
#6158 = CARTESIAN_POINT('',(33.478204965973,-27.87305355342,
    -100.8304795347));
#6159 = CARTESIAN_POINT('',(32.85826282075,-28.6035503254,
    -100.8304795347));
#6160 = CARTESIAN_POINT('',(32.22015595491,-29.31823446896,
    -100.8304795347));
#6161 = CARTESIAN_POINT('',(31.56435678963,-30.01658220975,
    -100.8304795347));
#6162 = CARTESIAN_POINT('',(30.891356484013,-30.69808608501,
    -100.8304795347));
#6163 = CARTESIAN_POINT('',(28.57599474859,-32.92776566202,
    -100.8304795347));
#6164 = CARTESIAN_POINT('',(26.857498953359,-34.39705223406,
    -100.8304795347));
#6165 = CARTESIAN_POINT('',(25.052941707293,-35.76356828777,
    -100.8304795347));
#6166 = CARTESIAN_POINT('',(23.169537339477,-37.02147319973,
    -100.8304795347));
#6167 = CARTESIAN_POINT('',(21.21490531154,-38.165566909,-100.8304795347
    ));
#6168 = CARTESIAN_POINT('',(19.197053172402,-39.19126946041,
    -100.8304795347));
#6169 = CARTESIAN_POINT('',(17.124387506435,-40.09464527707,
    -100.8304795347));
#6170 = CARTESIAN_POINT('',(13.914314860814,-41.27317826719,
    -100.8304795347));
#6171 = CARTESIAN_POINT('',(12.810643841616,-41.64057682819,
    -100.8304795347));
#6172 = CARTESIAN_POINT('',(11.695931730517,-41.97423055451,
    -100.8304795347));
#6173 = CARTESIAN_POINT('',(10.571383547774,-42.27375456948,
    -100.8304795347));
#6174 = CARTESIAN_POINT('',(9.438217420814,-42.53881641049,
    -100.8304795347));
#6175 = CARTESIAN_POINT('',(8.29766458423,-42.76913602902,
    -100.8304795347));
#6176 = CARTESIAN_POINT('',(7.150969379786,-42.9644857906,
    -100.8304795347));
#6177 = CARTESIAN_POINT('',(5.051028412339,-43.25662384748,
    -100.8304795347));
#6178 = CARTESIAN_POINT('',(4.099350090325,-43.36472248193,
    -100.8304795347));
#6179 = CARTESIAN_POINT('',(3.145055521611,-43.44888891446,
    -100.8304795347));
#6180 = CARTESIAN_POINT('',(2.188847185659,-43.50905049312,
    -100.8304795347));
#6181 = CARTESIAN_POINT('',(1.231428810155,-43.54515937761,
    -100.8304795347));
#6182 = CARTESIAN_POINT('',(0.27350537101,-43.55719253934,
    -100.8304795347));
#6183 = CARTESIAN_POINT('',(-0.684216907642,-43.54515176146,
    -100.8304795347));
#6184 = CARTESIAN_POINT('',(-2.153609605447,-43.48973070409,
    -100.8304795347));
#6185 = CARTESIAN_POINT('',(-2.665928431602,-43.46349641712,
    -100.8304795347));
#6186 = CARTESIAN_POINT('',(-3.17787852155,-43.43036487266,
    -100.8304795347));
#6187 = CARTESIAN_POINT('',(-3.689351538208,-43.39034220335,
    -100.8304795347));
#6188 = CARTESIAN_POINT('',(-4.200239317767,-43.34343657975,
    -100.8304795347));
#6189 = CARTESIAN_POINT('',(-4.710433869692,-43.28965821028,
    -100.8304795347));
#6190 = CARTESIAN_POINT('',(-5.219827376722,-43.22901934122,
    -100.8304795347));
#6191 = CARTESIAN_POINT('',(-6.711382143931,-43.03106318629,
    -100.8304795347));
#6192 = CARTESIAN_POINT('',(-7.691057813312,-42.87500214521,
    -100.8304795347));
#6193 = CARTESIAN_POINT('',(-8.666559297738,-42.69345475158,
    -100.8304795347));
#6194 = CARTESIAN_POINT('',(-9.637113015848,-42.48655250337,
    -100.8304795347));
#6195 = CARTESIAN_POINT('',(-10.6019517102,-42.25445477841,
    -100.8304795347));
#6196 = CARTESIAN_POINT('',(-11.56031444727,-41.99734883441,
    -100.8304795347));
#6197 = CARTESIAN_POINT('',(-12.51144661746,-41.71544980895,
    -100.8304795347));
#6198 = CARTESIAN_POINT('',(-14.3977532527,-41.10255163003,
    -100.8304795347));
#6199 = CARTESIAN_POINT('',(-15.33293143208,-40.7715512697,
    -100.8304795347));
#6200 = CARTESIAN_POINT('',(-16.2593862553,-40.41624286456,
    -100.8304795347));
#6201 = CARTESIAN_POINT('',(-17.17638077569,-40.03689591303,
    -100.8304795347));
#6202 = CARTESIAN_POINT('',(-18.08318931775,-39.63380618594,
    -100.8304795347));
#6203 = CARTESIAN_POINT('',(-18.97909747726,-39.20729572653,
    -100.8304795347));
#6204 = CARTESIAN_POINT('',(-19.86340212117,-38.75771285044,
    -100.8304795347));
#6205 = CARTESIAN_POINT('',(-21.45707452266,-37.89457898959,
    -100.8304795347));
#6206 = CARTESIAN_POINT('',(-22.17031841802,-37.48817913316,
    -100.8304795347));
#6207 = CARTESIAN_POINT('',(-22.87475140651,-37.06644474365,
    -100.8304795347));
#6208 = CARTESIAN_POINT('',(-23.56998907593,-36.62959926325,
    -100.8304795347));
#6209 = CARTESIAN_POINT('',(-24.2556542691,-36.17787740901,
    -100.8304795347));
#6210 = CARTESIAN_POINT('',(-24.93137708391,-35.71152517292,
    -100.8304795347));
#6211 = CARTESIAN_POINT('',(-25.59679487327,-35.23079982182,
    -100.8304795347));
#6212 = CARTESIAN_POINT('',(-26.85174656607,-34.28237575231,
    -100.8304795347));
#6213 = CARTESIAN_POINT('',(-27.44298407693,-33.81692917111,
    -100.8304795347));
#6214 = CARTESIAN_POINT('',(-28.0249911717,-33.33983695662,
    -100.8304795347));
#6215 = CARTESIAN_POINT('',(-28.59750045949,-32.85131305117,
    -100.8304795347));
#6216 = CARTESIAN_POINT('',(-29.16025076456,-32.3515785367,
    -100.8304795347));
#6217 = CARTESIAN_POINT('',(-29.71298712628,-31.84086163477,
    -100.8304795347));
#6218 = CARTESIAN_POINT('',(-30.25546079916,-31.31939770656,
    -100.8304795347));
#6219 = CARTESIAN_POINT('',(-31.44029941762,-30.13455908809,
    -100.8304795347));
#6220 = CARTESIAN_POINT('',(-32.07734811395,-29.46586552312,
    -100.8304795347));
#6221 = CARTESIAN_POINT('',(-32.69812662984,-28.78179737094,
    -100.8304795347));
#6222 = CARTESIAN_POINT('',(-33.30220267322,-28.08281729096,
    -100.8304795347));
#6223 = CARTESIAN_POINT('',(-33.8891603719,-27.36940178905,
    -100.8304795347));
#6224 = CARTESIAN_POINT('',(-34.45860027357,-26.64204121752,
    -100.8304795347));
#6225 = CARTESIAN_POINT('',(-35.01013934585,-25.90123977511,
    -100.8304795347));
#6226 = CARTESIAN_POINT('',(-36.11618409965,-24.33795996596,
    -100.8304795347));
#6227 = CARTESIAN_POINT('',(-36.66788528838,-23.51349331164,
    -100.8304795347));
#6228 = CARTESIAN_POINT('',(-37.1980602217,-22.67475786925,
    -100.8304795347));
#6229 = CARTESIAN_POINT('',(-37.70627932192,-21.82241028391,
    -100.8304795347));
#6230 = CARTESIAN_POINT('',(-38.19213775439,-20.95712152076,
    -100.8304795347));
#6231 = CARTESIAN_POINT('',(-38.65525542752,-20.07957686487,
    -100.8304795347));
#6232 = CARTESIAN_POINT('',(-39.09527699274,-19.19047592129,
    -100.8304795347));
#6233 = CARTESIAN_POINT('',(-39.942831988,-17.35955688471,
    -100.8304795347));
#6234 = CARTESIAN_POINT('',(-40.34872376951,-16.41697415113,
    -100.8304795347));
#6235 = CARTESIAN_POINT('',(-40.72918133023,-15.46357507567,
    -100.8304795347));
#6236 = CARTESIAN_POINT('',(-41.08386968634,-14.50016121668,
    -100.8304795347));
#6237 = CARTESIAN_POINT('',(-41.41248472894,-13.52754502958,
    -100.8304795347));
#6238 = CARTESIAN_POINT('',(-41.7147532241,-12.54654986677,
    -100.8304795347));
#6239 = CARTESIAN_POINT('',(-41.99043281285,-11.5580099777,
    -100.8304795347));
#6240 = CARTESIAN_POINT('',(-42.47989526302,-9.600705581766,
    -100.8304795347));
#6241 = CARTESIAN_POINT('',(-42.69543604422,-8.632376279636,
    -100.8304795347));
#6242 = CARTESIAN_POINT('',(-42.88574359415,-7.658545884398,
    -100.8304795347));
#6243 = CARTESIAN_POINT('',(-43.05065540222,-6.679982061438,
    -100.8304795347));
#6244 = CARTESIAN_POINT('',(-43.1900372079,-5.697456859574,
    -100.8304795347));
#6245 = CARTESIAN_POINT('',(-43.30378300068,-4.711746711065,
    -100.8304795347));
#6246 = CARTESIAN_POINT('',(-43.3918150201,-3.723632431602,
    -100.8304795347));
#6247 = CARTESIAN_POINT('',(-43.51635249142,-1.744166009023,
    -100.8304795347));
#6248 = CARTESIAN_POINT('',(-43.55285818854,-0.752809968137,
    -100.8304795347));
#6249 = CARTESIAN_POINT('',(-43.56355155558,0.239383689448,
    -100.8304795347));
#6250 = CARTESIAN_POINT('',(-43.54841187768,1.231630559034,
    -100.8304795347));
#6251 = CARTESIAN_POINT('',(-43.50744701665,2.223147044127,
    -100.8304795347));
#6252 = CARTESIAN_POINT('',(-43.44069341097,3.213150356433,
    -100.8304795347));
#6253 = CARTESIAN_POINT('',(-43.3482160758,4.200858515863,
    -100.8304795347));
#6254 = CARTESIAN_POINT('',(-43.11200113013,6.170122185187,
    -100.8304795347));
#6255 = CARTESIAN_POINT('',(-42.9682630545,7.151681572763,
    -100.8304795347));
#6256 = CARTESIAN_POINT('',(-42.79898818566,8.129387367481,
    -100.8304795347));
#6257 = CARTESIAN_POINT('',(-42.60429829031,9.102464396652,
    -100.8304795347));
#6258 = CARTESIAN_POINT('',(-42.38434309233,10.070143460666,
    -100.8304795347));
#6259 = CARTESIAN_POINT('',(-42.13930027271,11.031661332992,
    -100.8304795347));
#6260 = CARTESIAN_POINT('',(-41.86937546959,11.986260760179,
    -100.8304795347));
#6261 = CARTESIAN_POINT('',(-41.28022908694,13.880120163538,
    -100.8304795347));
#6262 = CARTESIAN_POINT('',(-40.96100634732,14.81938386891,
    -100.8304795347));
#6263 = CARTESIAN_POINT('',(-40.61736786409,15.75023036275,
    -100.8304795347));
#6264 = CARTESIAN_POINT('',(-40.24957385391,16.671919370023,
    -100.8304795347));
#6265 = CARTESIAN_POINT('',(-39.8579109454,17.583721555888,
    -100.8304795347));
#6266 = CARTESIAN_POINT('',(-39.44269217913,18.484918525693,
    -100.8304795347));
#6267 = CARTESIAN_POINT('',(-39.00425700764,19.374802824981,
    -100.8304795347));
#6268 = CARTESIAN_POINT('',(-38.09759194233,21.100281583441,
    -100.8304795347));
#6269 = CARTESIAN_POINT('',(-37.63090917378,21.936693047313,
    -100.8304795347));
#6270 = CARTESIAN_POINT('',(-37.14325238236,22.761285653406,
    -100.8304795347));
#6271 = CARTESIAN_POINT('',(-36.63497185232,23.57344616714,
    -100.8304795347));
#6272 = CARTESIAN_POINT('',(-36.10643875956,24.372574797055,
    -100.8304795347));
#6273 = CARTESIAN_POINT('',(-35.55804517164,25.158085194807,
    -100.8304795347));
#6274 = CARTESIAN_POINT('',(-34.99020404778,25.929404455173,
    -100.8304795347));
#6275 = CARTESIAN_POINT('',(-33.83745347917,27.415521533411,
    -100.8304795347));
#6276 = CARTESIAN_POINT('',(-33.25387613573,28.131356437249,
    -100.8304795347));
#6277 = CARTESIAN_POINT('',(-32.65300624397,28.832976402621,
    -100.8304795347));
#6278 = CARTESIAN_POINT('',(-32.03524863454,29.519894559593,
    -100.8304795347));
#6279 = CARTESIAN_POINT('',(-31.40102393329,30.191638593227,
    -100.8304795347));
#6280 = CARTESIAN_POINT('',(-30.75076856132,30.84775074359,
    -100.8304795347));
#6281 = CARTESIAN_POINT('',(-30.08493473491,31.487787805749,
    -100.8304795347));
#6282 = CARTESIAN_POINT('',(-28.67260601944,32.781041979756,
    -100.8304795347));
#6283 = CARTESIAN_POINT('',(-27.9237870249,33.431725911582,
    -100.8304795347));
#6284 = CARTESIAN_POINT('',(-27.15811380073,34.062841682294,
    -100.8304795347));
#6285 = CARTESIAN_POINT('',(-26.37618397388,34.673880802098,
    -100.8304795347));
#6286 = CARTESIAN_POINT('',(-25.57861247947,35.264357534367,
    -100.8304795347));
#6287 = CARTESIAN_POINT('',(-24.76603156079,35.833808895637,
    -100.8304795347));
#6288 = CARTESIAN_POINT('',(-23.93909076932,36.381794655607,
    -100.8304795347));
#6289 = CARTESIAN_POINT('',(-22.28681045117,37.415858597911,
    -100.8304795347));
#6290 = CARTESIAN_POINT('',(-21.4623960597,37.903421777912,
    -100.8304795347));
#6291 = CARTESIAN_POINT('',(-20.62581396971,38.370211365364,
    -100.8304795347));
#6292 = CARTESIAN_POINT('',(-19.77767563913,38.815873983828,
    -100.8304795347));
#6293 = CARTESIAN_POINT('',(-18.91860380442,39.240078392215,
    -100.8304795347));
#6294 = CARTESIAN_POINT('',(-18.04923248054,39.642515484779,
    -100.8304795347));
#6295 = CARTESIAN_POINT('',(-17.17020696101,40.022898291121,
    -100.8304795347));
#6296 = CARTESIAN_POINT('',(-15.36244565475,40.751813612767,
    -100.8304795347));
#6297 = CARTESIAN_POINT('',(-14.43305226051,41.09872481823,
    -100.8304795347));
#6298 = CARTESIAN_POINT('',(-13.49473335148,41.421401478692,
    -100.8304795347));
#6299 = CARTESIAN_POINT('',(-12.54822687823,41.719576856851,
    -100.8304795347));
#6300 = CARTESIAN_POINT('',(-11.59427902553,41.993011591988,
    -100.8304795347));
#6301 = CARTESIAN_POINT('',(-10.63364421237,42.241493699965,
    -100.8304795347));
#6302 = CARTESIAN_POINT('',(-9.667085091929,42.464838573229,
    -100.8304795347));
#6303 = CARTESIAN_POINT('',(-7.857689039664,42.833622149393,
    -100.8304795347));
#6304 = CARTESIAN_POINT('',(-7.016173367777,42.985557901365,
    -100.8304795347));
#6305 = CARTESIAN_POINT('',(-6.171318979539,43.118595711035,
    -100.8304795347));
#6306 = CARTESIAN_POINT('',(-5.32362124787,43.232650720573,
    -100.8304795347));
#6307 = CARTESIAN_POINT('',(-4.473577475011,43.327653740008,
    -100.8304795347));
#6308 = CARTESIAN_POINT('',(-3.621686892527,43.403551247229,
    -100.8304795347));
#6309 = CARTESIAN_POINT('',(-2.768450661308,43.460305387985,
    -100.8304795347));
#6310 = CARTESIAN_POINT('',(-0.923640815514,43.541496722884,
    -100.8304795347));
#6311 = CARTESIAN_POINT('',(6.822718876293E-02,43.559310420278,
    -100.8304795347));
#6312 = CARTESIAN_POINT('',(1.06044613879,43.551300585327,
    -100.8304795347));
#6313 = CARTESIAN_POINT('',(2.052231378776,43.517461291651,
    -100.8304795347));
#6314 = CARTESIAN_POINT('',(3.042799599612,43.457815169235,
    -100.8304795347));
#6315 = CARTESIAN_POINT('',(4.031368838875,43.372413404426,
    -100.8304795347));
#6316 = CARTESIAN_POINT('',(5.017158480825,43.261335739934,
    -100.8304795347));
#6317 = CARTESIAN_POINT('',(6.981620031983,42.988045209732,
    -100.8304795347));
#6318 = CARTESIAN_POINT('',(7.960295809417,42.825831805886,
    -100.8304795347));
#6319 = CARTESIAN_POINT('',(8.934637349868,42.638158779585,
    -100.8304795347));
#6320 = CARTESIAN_POINT('',(9.903871913467,42.425162486713,
    -100.8304795347));
#6321 = CARTESIAN_POINT('',(10.867233259309,42.187007122745,
    -100.8304795347));
#6322 = CARTESIAN_POINT('',(11.82396164546,41.923884722746,
    -100.8304795347));
#6323 = CARTESIAN_POINT('',(12.773303828953,41.636015161375,
    -100.8304795347));
#6324 = CARTESIAN_POINT('',(14.493445165012,41.065133764774,
    -100.8304795347));
#6325 = CARTESIAN_POINT('',(15.266809012242,40.789841088931,
    -100.8304795347));
#6326 = CARTESIAN_POINT('',(16.034181851703,40.497908466871,
    -100.8304795347));
#6327 = CARTESIAN_POINT('',(16.795146097314,40.189488610782,
    -100.8304795347));
#6328 = CARTESIAN_POINT('',(17.549289332677,39.864746603516,
    -100.8304795347));
#6329 = CARTESIAN_POINT('',(18.296204311086,39.523859898592,
    -100.8304795347));
#6330 = CARTESIAN_POINT('',(19.035488955522,39.167018320191,
    -100.8304795347));
#6331 = CARTESIAN_POINT('',(20.65034869449,38.344206185823,
    -100.8304795347));
#6332 = CARTESIAN_POINT('',(21.522233414349,37.870986890993,
    -100.8304795347));
#6333 = CARTESIAN_POINT('',(22.381699561056,37.37512345726,
    -100.8304795347));
#6334 = CARTESIAN_POINT('',(23.2280614198,36.856997348948,
    -100.8304795347));
#6335 = CARTESIAN_POINT('',(24.060648518132,36.317014216118,
    -100.8304795347));
#6336 = CARTESIAN_POINT('',(24.878805625966,35.755603894562,
    -100.8304795347));
#6337 = CARTESIAN_POINT('',(25.681892755582,35.173220405811,
    -100.8304795347));
#6338 = CARTESIAN_POINT('',(27.473888019789,33.801153166344,
    -100.8304795347));
#6339 = CARTESIAN_POINT('',(28.452950506469,32.998596470756,
    -100.8304795347));
#6340 = CARTESIAN_POINT('',(29.405171870745,32.163666860476,
    -100.8304795347));
#6341 = CARTESIAN_POINT('',(30.329305509436,31.297415403014,
    -100.8304795347));
#6342 = CARTESIAN_POINT('',(31.224157263174,30.400947384323,
    -100.8304795347));
#6343 = CARTESIAN_POINT('',(32.088584881952,29.475421656647,
    -100.8304795347));
#6344 = CARTESIAN_POINT('',(32.921498660153,28.522051193209,
    -100.8304795347));
#6345 = CARTESIAN_POINT('',(36.079361965836,24.655642467032,
    -100.8304795347));
#6346 = CARTESIAN_POINT('',(38.155386141725,21.537468101019,
    -100.8304795347));
#6347 = CARTESIAN_POINT('',(39.921876416998,18.22117679922,
    -100.8304795347));
#6348 = CARTESIAN_POINT('',(41.357486049428,14.743007342694,
    -100.8304795347));
#6349 = CARTESIAN_POINT('',(42.44578821187,11.14103063794,
    -100.8304795347));
#6350 = CARTESIAN_POINT('',(43.175423013717,7.455123836185,
    -100.8304795347));
#6351 = CARTESIAN_POINT('',(43.54,3.726857298614,-100.8304795347));
#6352 = CARTESIAN_POINT('',(43.54,0.,-100.8304795347));
#6353 = PCURVE('',#5826,#6354);
#6354 = DEFINITIONAL_REPRESENTATION('',(#6355),#6582);
#6355 = B_SPLINE_CURVE_WITH_KNOTS('',8,(#6356,#6357,#6358,#6359,#6360,
    #6361,#6362,#6363,#6364,#6365,#6366,#6367,#6368,#6369,#6370,#6371,
    #6372,#6373,#6374,#6375,#6376,#6377,#6378,#6379,#6380,#6381,#6382,
    #6383,#6384,#6385,#6386,#6387,#6388,#6389,#6390,#6391,#6392,#6393,
    #6394,#6395,#6396,#6397,#6398,#6399,#6400,#6401,#6402,#6403,#6404,
    #6405,#6406,#6407,#6408,#6409,#6410,#6411,#6412,#6413,#6414,#6415,
    #6416,#6417,#6418,#6419,#6420,#6421,#6422,#6423,#6424,#6425,#6426,
    #6427,#6428,#6429,#6430,#6431,#6432,#6433,#6434,#6435,#6436,#6437,
    #6438,#6439,#6440,#6441,#6442,#6443,#6444,#6445,#6446,#6447,#6448,
    #6449,#6450,#6451,#6452,#6453,#6454,#6455,#6456,#6457,#6458,#6459,
    #6460,#6461,#6462,#6463,#6464,#6465,#6466,#6467,#6468,#6469,#6470,
    #6471,#6472,#6473,#6474,#6475,#6476,#6477,#6478,#6479,#6480,#6481,
    #6482,#6483,#6484,#6485,#6486,#6487,#6488,#6489,#6490,#6491,#6492,
    #6493,#6494,#6495,#6496,#6497,#6498,#6499,#6500,#6501,#6502,#6503,
    #6504,#6505,#6506,#6507,#6508,#6509,#6510,#6511,#6512,#6513,#6514,
    #6515,#6516,#6517,#6518,#6519,#6520,#6521,#6522,#6523,#6524,#6525,
    #6526,#6527,#6528,#6529,#6530,#6531,#6532,#6533,#6534,#6535,#6536,
    #6537,#6538,#6539,#6540,#6541,#6542,#6543,#6544,#6545,#6546,#6547,
    #6548,#6549,#6550,#6551,#6552,#6553,#6554,#6555,#6556,#6557,#6558,
    #6559,#6560,#6561,#6562,#6563,#6564,#6565,#6566,#6567,#6568,#6569,
    #6570,#6571,#6572,#6573,#6574,#6575,#6576,#6577,#6578,#6579,#6580,
    #6581),.UNSPECIFIED.,.F.,.F.,(9,7,7,7,7,7,7,7,7,7,7,7,7,7,7,7,7,7,7,
    7,7,7,7,7,7,7,7,7,7,7,7,7,9),(0.,1.900032967984E-02,
    4.50007716211E-02,7.100121356236E-02,0.100001698628,0.128002169779,
    0.194002008736,0.228002554229,0.25600302538,0.271003286947,
    0.300003772013,0.329004257079,0.35300466828,0.375005047539,
    0.402005504299,0.431005989364,0.461006487815,0.49000697288,
    0.519007457946,0.548007943012,0.577008428077,0.605008899229,
    0.632009355988,0.661009841054,0.689010312205,0.718010797271,
    0.743011224012,0.772011709078,0.801012194143,0.825012605345,
    0.854013090411,0.891013663393,1.),.UNSPECIFIED.);
#6356 = CARTESIAN_POINT('',(6.28318530718,4.924408617183));
#6357 = CARTESIAN_POINT('',(6.26826274418,4.924408617183));
#6358 = CARTESIAN_POINT('',(6.253340179376,4.924408617183));
#6359 = CARTESIAN_POINT('',(6.23841761337,4.924408617183));
#6360 = CARTESIAN_POINT('',(6.223495046761,4.924408617183));
#6361 = CARTESIAN_POINT('',(6.208572480153,4.924408617183));
#6362 = CARTESIAN_POINT('',(6.193649914147,4.924408617183));
#6363 = CARTESIAN_POINT('',(6.178727349343,4.924408617183));
#6364 = CARTESIAN_POINT('',(6.143384444201,4.924408617183));
#6365 = CARTESIAN_POINT('',(6.122964093396,4.924408617183));
#6366 = CARTESIAN_POINT('',(6.102543736817,4.924408617183));
#6367 = CARTESIAN_POINT('',(6.08212337735,4.924408617183));
#6368 = CARTESIAN_POINT('',(6.061703017883,4.924408617183));
#6369 = CARTESIAN_POINT('',(6.041282661304,4.924408617183));
#6370 = CARTESIAN_POINT('',(6.020862310499,4.924408617183));
#6371 = CARTESIAN_POINT('',(5.980021626214,4.924408617183));
#6372 = CARTESIAN_POINT('',(5.959601275409,4.924408617183));
#6373 = CARTESIAN_POINT('',(5.93918091883,4.924408617183));
#6374 = CARTESIAN_POINT('',(5.918760559363,4.924408617183));
#6375 = CARTESIAN_POINT('',(5.898340199896,4.924408617183));
#6376 = CARTESIAN_POINT('',(5.877919843317,4.924408617183));
#6377 = CARTESIAN_POINT('',(5.857499492512,4.924408617183));
#6378 = CARTESIAN_POINT('',(5.814302621083,4.924408617183));
#6379 = CARTESIAN_POINT('',(5.791526076838,4.924408617183));
#6380 = CARTESIAN_POINT('',(5.76874952262,4.924408617183));
#6381 = CARTESIAN_POINT('',(5.745972963416,4.924408617183));
#6382 = CARTESIAN_POINT('',(5.723196404212,4.924408617183));
#6383 = CARTESIAN_POINT('',(5.700419849994,4.924408617183));
#6384 = CARTESIAN_POINT('',(5.677643305748,4.924408617183));
#6385 = CARTESIAN_POINT('',(5.632875642528,4.924408617183));
#6386 = CARTESIAN_POINT('',(5.610884496045,4.924408617183));
#6387 = CARTESIAN_POINT('',(5.588893341195,4.924408617183));
#6388 = CARTESIAN_POINT('',(5.566902182161,4.924408617183));
#6389 = CARTESIAN_POINT('',(5.544911023128,4.924408617183));
#6390 = CARTESIAN_POINT('',(5.522919868278,4.924408617183));
#6391 = CARTESIAN_POINT('',(5.500928721794,4.924408617183));
#6392 = CARTESIAN_POINT('',(5.427102342295,4.924408617183));
#6393 = CARTESIAN_POINT('',(5.37526443886,4.924408617183));
#6394 = CARTESIAN_POINT('',(5.323427717268,4.924408617183));
#6395 = CARTESIAN_POINT('',(5.271592472724,4.924408617183));
#6396 = CARTESIAN_POINT('',(5.21975722818,4.924408617183));
#6397 = CARTESIAN_POINT('',(5.167920506588,4.924408617183));
#6398 = CARTESIAN_POINT('',(5.116082603153,4.924408617183));
#6399 = CARTESIAN_POINT('',(5.037543858717,4.924408617183));
#6400 = CARTESIAN_POINT('',(5.010840326688,4.924408617183));
#6401 = CARTESIAN_POINT('',(4.984136772553,4.924408617183));
#6402 = CARTESIAN_POINT('',(4.957433207365,4.924408617183));
#6403 = CARTESIAN_POINT('',(4.930729642177,4.924408617183));
#6404 = CARTESIAN_POINT('',(4.904026088042,4.924408617183));
#6405 = CARTESIAN_POINT('',(4.877322556013,4.924408617183));
#6406 = CARTESIAN_POINT('',(4.828627923209,4.924408617183));
#6407 = CARTESIAN_POINT('',(4.806636776726,4.924408617183));
#6408 = CARTESIAN_POINT('',(4.784645621876,4.924408617183));
#6409 = CARTESIAN_POINT('',(4.762654462842,4.924408617183));
#6410 = CARTESIAN_POINT('',(4.740663303809,4.924408617183));
#6411 = CARTESIAN_POINT('',(4.718672148959,4.924408617183));
#6412 = CARTESIAN_POINT('',(4.696681002475,4.924408617183));
#6413 = CARTESIAN_POINT('',(4.662908896736,4.924408617183));
#6414 = CARTESIAN_POINT('',(4.651127924378,4.924408617183));
#6415 = CARTESIAN_POINT('',(4.63934695165,4.924408617183));
#6416 = CARTESIAN_POINT('',(4.627565978738,4.924408617183));
#6417 = CARTESIAN_POINT('',(4.615785005826,4.924408617183));
#6418 = CARTESIAN_POINT('',(4.604004033098,4.924408617183));
#6419 = CARTESIAN_POINT('',(4.592223060739,4.924408617183));
#6420 = CARTESIAN_POINT('',(4.557665559647,4.924408617183));
#6421 = CARTESIAN_POINT('',(4.534889015402,4.924408617183));
#6422 = CARTESIAN_POINT('',(4.512112461184,4.924408617183));
#6423 = CARTESIAN_POINT('',(4.48933590198,4.924408617183));
#6424 = CARTESIAN_POINT('',(4.466559342776,4.924408617183));
#6425 = CARTESIAN_POINT('',(4.443782788558,4.924408617183));
#6426 = CARTESIAN_POINT('',(4.421006244313,4.924408617183));
#6427 = CARTESIAN_POINT('',(4.375453185739,4.924408617183));
#6428 = CARTESIAN_POINT('',(4.352676641494,4.924408617183));
#6429 = CARTESIAN_POINT('',(4.329900087276,4.924408617183));
#6430 = CARTESIAN_POINT('',(4.307123528072,4.924408617183));
#6431 = CARTESIAN_POINT('',(4.284346968868,4.924408617183));
#6432 = CARTESIAN_POINT('',(4.26157041465,4.924408617183));
#6433 = CARTESIAN_POINT('',(4.238793870404,4.924408617183));
#6434 = CARTESIAN_POINT('',(4.197167791967,4.924408617183));
#6435 = CARTESIAN_POINT('',(4.178318237013,4.924408617183));
#6436 = CARTESIAN_POINT('',(4.15946867819,4.924408617183));
#6437 = CARTESIAN_POINT('',(4.140619117431,4.924408617183));
#6438 = CARTESIAN_POINT('',(4.121769556673,4.924408617183));
#6439 = CARTESIAN_POINT('',(4.10291999785,4.924408617183));
#6440 = CARTESIAN_POINT('',(4.084070442896,4.924408617183));
#6441 = CARTESIAN_POINT('',(4.047942138532,4.924408617183));
#6442 = CARTESIAN_POINT('',(4.030663379564,4.924408617183));
#6443 = CARTESIAN_POINT('',(4.013384618091,4.924408617183));
#6444 = CARTESIAN_POINT('',(3.996105855366,4.924408617183));
#6445 = CARTESIAN_POINT('',(3.978827092642,4.924408617183));
#6446 = CARTESIAN_POINT('',(3.961548331169,4.924408617183));
#6447 = CARTESIAN_POINT('',(3.9442695722,4.924408617183));
#6448 = CARTESIAN_POINT('',(3.905785078781,4.924408617183));
#6449 = CARTESIAN_POINT('',(3.884579330113,4.924408617183));
#6450 = CARTESIAN_POINT('',(3.863373574471,4.924408617183));
#6451 = CARTESIAN_POINT('',(3.84216781534,4.924408617183));
#6452 = CARTESIAN_POINT('',(3.82096205621,4.924408617183));
#6453 = CARTESIAN_POINT('',(3.799756300567,4.924408617183));
#6454 = CARTESIAN_POINT('',(3.778550551899,4.924408617183));
#6455 = CARTESIAN_POINT('',(3.734568284407,4.924408617183));
#6456 = CARTESIAN_POINT('',(3.711791740161,4.924408617183));
#6457 = CARTESIAN_POINT('',(3.689015185944,4.924408617183));
#6458 = CARTESIAN_POINT('',(3.666238626739,4.924408617183));
#6459 = CARTESIAN_POINT('',(3.643462067535,4.924408617183));
#6460 = CARTESIAN_POINT('',(3.620685513317,4.924408617183));
#6461 = CARTESIAN_POINT('',(3.597908969072,4.924408617183));
#6462 = CARTESIAN_POINT('',(3.551570515562,4.924408617183));
#6463 = CARTESIAN_POINT('',(3.528008573614,4.924408617183));
#6464 = CARTESIAN_POINT('',(3.50444661985,4.924408617183));
#6465 = CARTESIAN_POINT('',(3.480884660178,4.924408617183));
#6466 = CARTESIAN_POINT('',(3.457322700506,4.924408617183));
#6467 = CARTESIAN_POINT('',(3.433760746742,4.924408617183));
#6468 = CARTESIAN_POINT('',(3.410198804794,4.924408617183));
#6469 = CARTESIAN_POINT('',(3.363860351283,4.924408617183));
#6470 = CARTESIAN_POINT('',(3.341083807038,4.924408617183));
#6471 = CARTESIAN_POINT('',(3.31830725282,4.924408617183));
#6472 = CARTESIAN_POINT('',(3.295530693616,4.924408617183));
#6473 = CARTESIAN_POINT('',(3.272754134412,4.924408617183));
#6474 = CARTESIAN_POINT('',(3.249977580194,4.924408617183));
#6475 = CARTESIAN_POINT('',(3.227201035948,4.924408617183));
#6476 = CARTESIAN_POINT('',(3.181647977375,4.924408617183));
#6477 = CARTESIAN_POINT('',(3.15887143313,4.924408617183));
#6478 = CARTESIAN_POINT('',(3.136094878912,4.924408617183));
#6479 = CARTESIAN_POINT('',(3.113318319708,4.924408617183));
#6480 = CARTESIAN_POINT('',(3.090541760503,4.924408617183));
#6481 = CARTESIAN_POINT('',(3.067765206286,4.924408617183));
#6482 = CARTESIAN_POINT('',(3.04498866204,4.924408617183));
#6483 = CARTESIAN_POINT('',(2.999435603467,4.924408617183));
#6484 = CARTESIAN_POINT('',(2.976659059221,4.924408617183));
#6485 = CARTESIAN_POINT('',(2.953882505004,4.924408617183));
#6486 = CARTESIAN_POINT('',(2.931105945799,4.924408617183));
#6487 = CARTESIAN_POINT('',(2.908329386595,4.924408617183));
#6488 = CARTESIAN_POINT('',(2.885552832377,4.924408617183));
#6489 = CARTESIAN_POINT('',(2.862776288132,4.924408617183));
#6490 = CARTESIAN_POINT('',(2.817223229559,4.924408617183));
#6491 = CARTESIAN_POINT('',(2.794446685313,4.924408617183));
#6492 = CARTESIAN_POINT('',(2.771670131095,4.924408617183));
#6493 = CARTESIAN_POINT('',(2.748893571891,4.924408617183));
#6494 = CARTESIAN_POINT('',(2.726117012687,4.924408617183));
#6495 = CARTESIAN_POINT('',(2.703340458469,4.924408617183));
#6496 = CARTESIAN_POINT('',(2.680563914224,4.924408617183));
#6497 = CARTESIAN_POINT('',(2.635796251004,4.924408617183));
#6498 = CARTESIAN_POINT('',(2.61380510452,4.924408617183));
#6499 = CARTESIAN_POINT('',(2.59181394967,4.924408617183));
#6500 = CARTESIAN_POINT('',(2.569822790637,4.924408617183));
#6501 = CARTESIAN_POINT('',(2.547831631603,4.924408617183));
#6502 = CARTESIAN_POINT('',(2.525840476753,4.924408617183));
#6503 = CARTESIAN_POINT('',(2.50384933027,4.924408617183));
#6504 = CARTESIAN_POINT('',(2.46065245813,4.924408617183));
#6505 = CARTESIAN_POINT('',(2.439446709462,4.924408617183));
#6506 = CARTESIAN_POINT('',(2.418240953819,4.924408617183));
#6507 = CARTESIAN_POINT('',(2.397035194689,4.924408617183));
#6508 = CARTESIAN_POINT('',(2.375829435559,4.924408617183));
#6509 = CARTESIAN_POINT('',(2.354623679916,4.924408617183));
#6510 = CARTESIAN_POINT('',(2.333417931248,4.924408617183));
#6511 = CARTESIAN_POINT('',(2.289435663756,4.924408617183));
#6512 = CARTESIAN_POINT('',(2.26665911951,4.924408617183));
#6513 = CARTESIAN_POINT('',(2.243882565292,4.924408617183));
#6514 = CARTESIAN_POINT('',(2.221106006088,4.924408617183));
#6515 = CARTESIAN_POINT('',(2.198329446884,4.924408617183));
#6516 = CARTESIAN_POINT('',(2.175552892666,4.924408617183));
#6517 = CARTESIAN_POINT('',(2.152776348421,4.924408617183));
#6518 = CARTESIAN_POINT('',(2.1080086852,4.924408617183));
#6519 = CARTESIAN_POINT('',(2.086017538717,4.924408617183));
#6520 = CARTESIAN_POINT('',(2.064026383867,4.924408617183));
#6521 = CARTESIAN_POINT('',(2.042035224833,4.924408617183));
#6522 = CARTESIAN_POINT('',(2.0200440658,4.924408617183));
#6523 = CARTESIAN_POINT('',(1.99805291095,4.924408617183));
#6524 = CARTESIAN_POINT('',(1.976061764466,4.924408617183));
#6525 = CARTESIAN_POINT('',(1.931294101246,4.924408617183));
#6526 = CARTESIAN_POINT('',(1.908517557001,4.924408617183));
#6527 = CARTESIAN_POINT('',(1.885741002783,4.924408617183));
#6528 = CARTESIAN_POINT('',(1.862964443579,4.924408617183));
#6529 = CARTESIAN_POINT('',(1.840187884375,4.924408617183));
#6530 = CARTESIAN_POINT('',(1.817411330157,4.924408617183));
#6531 = CARTESIAN_POINT('',(1.794634785911,4.924408617183));
#6532 = CARTESIAN_POINT('',(1.752223310845,4.924408617183));
#6533 = CARTESIAN_POINT('',(1.732588357947,4.924408617183));
#6534 = CARTESIAN_POINT('',(1.712953400302,4.924408617183));
#6535 = CARTESIAN_POINT('',(1.693318440285,4.924408617183));
#6536 = CARTESIAN_POINT('',(1.673683480268,4.924408617183));
#6537 = CARTESIAN_POINT('',(1.654048522623,4.924408617183));
#6538 = CARTESIAN_POINT('',(1.634413569725,4.924408617183));
#6539 = CARTESIAN_POINT('',(1.592002094659,4.924408617183));
#6540 = CARTESIAN_POINT('',(1.569225550413,4.924408617183));
#6541 = CARTESIAN_POINT('',(1.546448996195,4.924408617183));
#6542 = CARTESIAN_POINT('',(1.523672436991,4.924408617183));
#6543 = CARTESIAN_POINT('',(1.500895877787,4.924408617183));
#6544 = CARTESIAN_POINT('',(1.478119323569,4.924408617183));
#6545 = CARTESIAN_POINT('',(1.455342779324,4.924408617183));
#6546 = CARTESIAN_POINT('',(1.40978972075,4.924408617183));
#6547 = CARTESIAN_POINT('',(1.387013176505,4.924408617183));
#6548 = CARTESIAN_POINT('',(1.364236622287,4.924408617183));
#6549 = CARTESIAN_POINT('',(1.341460063083,4.924408617183));
#6550 = CARTESIAN_POINT('',(1.318683503879,4.924408617183));
#6551 = CARTESIAN_POINT('',(1.295906949661,4.924408617183));
#6552 = CARTESIAN_POINT('',(1.273130405416,4.924408617183));
#6553 = CARTESIAN_POINT('',(1.231504326979,4.924408617183));
#6554 = CARTESIAN_POINT('',(1.212654772024,4.924408617183));
#6555 = CARTESIAN_POINT('',(1.193805213201,4.924408617183));
#6556 = CARTESIAN_POINT('',(1.174955652443,4.924408617183));
#6557 = CARTESIAN_POINT('',(1.156106091685,4.924408617183));
#6558 = CARTESIAN_POINT('',(1.137256532861,4.924408617183));
#6559 = CARTESIAN_POINT('',(1.118406977907,4.924408617183));
#6560 = CARTESIAN_POINT('',(1.07678089947,4.924408617183));
#6561 = CARTESIAN_POINT('',(1.054004355224,4.924408617183));
#6562 = CARTESIAN_POINT('',(1.031227801007,4.924408617183));
#6563 = CARTESIAN_POINT('',(1.008451241802,4.924408617183));
#6564 = CARTESIAN_POINT('',(0.985674682598,4.924408617183));
#6565 = CARTESIAN_POINT('',(0.96289812838,4.924408617183));
#6566 = CARTESIAN_POINT('',(0.940121584135,4.924408617183));
#6567 = CARTESIAN_POINT('',(0.888285381114,4.924408617183));
#6568 = CARTESIAN_POINT('',(0.859225557423,4.924408617183));
#6569 = CARTESIAN_POINT('',(0.830165800387,4.924408617183));
#6570 = CARTESIAN_POINT('',(0.801106126665,4.924408617183));
#6571 = CARTESIAN_POINT('',(0.772046452944,4.924408617183));
#6572 = CARTESIAN_POINT('',(0.742986695908,4.924408617183));
#6573 = CARTESIAN_POINT('',(0.713926872217,4.924408617183));
#6574 = CARTESIAN_POINT('',(0.599271027179,4.924408617183));
#6575 = CARTESIAN_POINT('',(0.513642513847,4.924408617183));
#6576 = CARTESIAN_POINT('',(0.428031082869,4.924408617183));
#6577 = CARTESIAN_POINT('',(0.342433599237,4.924408617183));
#6578 = CARTESIAN_POINT('',(0.25683611562,4.924408617183));
#6579 = CARTESIAN_POINT('',(0.171224684632,4.924408617183));
#6580 = CARTESIAN_POINT('',(8.559617130486E-02,4.924408617183));
#6581 = CARTESIAN_POINT('',(0.,4.924408617183));
#6582 = ( GEOMETRIC_REPRESENTATION_CONTEXT(2) 
PARAMETRIC_REPRESENTATION_CONTEXT() REPRESENTATION_CONTEXT('2D SPACE',''
  ) );
#6583 = PCURVE('',#6584,#6589);
#6584 = CYLINDRICAL_SURFACE('',#6585,43.54);
#6585 = AXIS2_PLACEMENT_3D('',#6586,#6587,#6588);
#6586 = CARTESIAN_POINT('',(0.,0.,-105.));
#6587 = DIRECTION('',(0.,0.,1.));
#6588 = DIRECTION('',(1.,0.,-0.));
#6589 = DEFINITIONAL_REPRESENTATION('',(#6590),#6817);
#6590 = B_SPLINE_CURVE_WITH_KNOTS('',8,(#6591,#6592,#6593,#6594,#6595,
    #6596,#6597,#6598,#6599,#6600,#6601,#6602,#6603,#6604,#6605,#6606,
    #6607,#6608,#6609,#6610,#6611,#6612,#6613,#6614,#6615,#6616,#6617,
    #6618,#6619,#6620,#6621,#6622,#6623,#6624,#6625,#6626,#6627,#6628,
    #6629,#6630,#6631,#6632,#6633,#6634,#6635,#6636,#6637,#6638,#6639,
    #6640,#6641,#6642,#6643,#6644,#6645,#6646,#6647,#6648,#6649,#6650,
    #6651,#6652,#6653,#6654,#6655,#6656,#6657,#6658,#6659,#6660,#6661,
    #6662,#6663,#6664,#6665,#6666,#6667,#6668,#6669,#6670,#6671,#6672,
    #6673,#6674,#6675,#6676,#6677,#6678,#6679,#6680,#6681,#6682,#6683,
    #6684,#6685,#6686,#6687,#6688,#6689,#6690,#6691,#6692,#6693,#6694,
    #6695,#6696,#6697,#6698,#6699,#6700,#6701,#6702,#6703,#6704,#6705,
    #6706,#6707,#6708,#6709,#6710,#6711,#6712,#6713,#6714,#6715,#6716,
    #6717,#6718,#6719,#6720,#6721,#6722,#6723,#6724,#6725,#6726,#6727,
    #6728,#6729,#6730,#6731,#6732,#6733,#6734,#6735,#6736,#6737,#6738,
    #6739,#6740,#6741,#6742,#6743,#6744,#6745,#6746,#6747,#6748,#6749,
    #6750,#6751,#6752,#6753,#6754,#6755,#6756,#6757,#6758,#6759,#6760,
    #6761,#6762,#6763,#6764,#6765,#6766,#6767,#6768,#6769,#6770,#6771,
    #6772,#6773,#6774,#6775,#6776,#6777,#6778,#6779,#6780,#6781,#6782,
    #6783,#6784,#6785,#6786,#6787,#6788,#6789,#6790,#6791,#6792,#6793,
    #6794,#6795,#6796,#6797,#6798,#6799,#6800,#6801,#6802,#6803,#6804,
    #6805,#6806,#6807,#6808,#6809,#6810,#6811,#6812,#6813,#6814,#6815,
    #6816),.UNSPECIFIED.,.F.,.F.,(9,7,7,7,7,7,7,7,7,7,7,7,7,7,7,7,7,7,7,
    7,7,7,7,7,7,7,7,7,7,7,7,7,9),(0.,1.900032967984E-02,
    4.50007716211E-02,7.100121356236E-02,0.100001698628,0.128002169779,
    0.194002008736,0.228002554229,0.25600302538,0.271003286947,
    0.300003772013,0.329004257079,0.35300466828,0.375005047539,
    0.402005504299,0.431005989364,0.461006487815,0.49000697288,
    0.519007457946,0.548007943012,0.577008428077,0.605008899229,
    0.632009355988,0.661009841054,0.689010312205,0.718010797271,
    0.743011224012,0.772011709078,0.801012194143,0.825012605345,
    0.854013090411,0.891013663393,1.),.UNSPECIFIED.);
#6591 = CARTESIAN_POINT('',(6.28318530718,4.169520465294));
#6592 = CARTESIAN_POINT('',(6.26826274418,4.169520465294));
#6593 = CARTESIAN_POINT('',(6.253340179376,4.169520465294));
#6594 = CARTESIAN_POINT('',(6.23841761337,4.169520465294));
#6595 = CARTESIAN_POINT('',(6.223495046761,4.169520465294));
#6596 = CARTESIAN_POINT('',(6.208572480153,4.169520465294));
#6597 = CARTESIAN_POINT('',(6.193649914147,4.169520465294));
#6598 = CARTESIAN_POINT('',(6.178727349343,4.169520465294));
#6599 = CARTESIAN_POINT('',(6.143384444201,4.169520465294));
#6600 = CARTESIAN_POINT('',(6.122964093396,4.169520465294));
#6601 = CARTESIAN_POINT('',(6.102543736817,4.169520465294));
#6602 = CARTESIAN_POINT('',(6.08212337735,4.169520465294));
#6603 = CARTESIAN_POINT('',(6.061703017883,4.169520465294));
#6604 = CARTESIAN_POINT('',(6.041282661304,4.169520465294));
#6605 = CARTESIAN_POINT('',(6.020862310499,4.169520465294));
#6606 = CARTESIAN_POINT('',(5.980021626214,4.169520465294));
#6607 = CARTESIAN_POINT('',(5.959601275409,4.169520465294));
#6608 = CARTESIAN_POINT('',(5.93918091883,4.169520465294));
#6609 = CARTESIAN_POINT('',(5.918760559363,4.169520465294));
#6610 = CARTESIAN_POINT('',(5.898340199896,4.169520465294));
#6611 = CARTESIAN_POINT('',(5.877919843317,4.169520465294));
#6612 = CARTESIAN_POINT('',(5.857499492512,4.169520465294));
#6613 = CARTESIAN_POINT('',(5.814302621083,4.169520465294));
#6614 = CARTESIAN_POINT('',(5.791526076838,4.169520465294));
#6615 = CARTESIAN_POINT('',(5.76874952262,4.169520465294));
#6616 = CARTESIAN_POINT('',(5.745972963416,4.169520465294));
#6617 = CARTESIAN_POINT('',(5.723196404212,4.169520465294));
#6618 = CARTESIAN_POINT('',(5.700419849994,4.169520465294));
#6619 = CARTESIAN_POINT('',(5.677643305748,4.169520465294));
#6620 = CARTESIAN_POINT('',(5.632875642528,4.169520465294));
#6621 = CARTESIAN_POINT('',(5.610884496045,4.169520465294));
#6622 = CARTESIAN_POINT('',(5.588893341195,4.169520465294));
#6623 = CARTESIAN_POINT('',(5.566902182161,4.169520465294));
#6624 = CARTESIAN_POINT('',(5.544911023128,4.169520465294));
#6625 = CARTESIAN_POINT('',(5.522919868278,4.169520465294));
#6626 = CARTESIAN_POINT('',(5.500928721794,4.169520465294));
#6627 = CARTESIAN_POINT('',(5.427102342295,4.169520465294));
#6628 = CARTESIAN_POINT('',(5.37526443886,4.169520465294));
#6629 = CARTESIAN_POINT('',(5.323427717268,4.169520465294));
#6630 = CARTESIAN_POINT('',(5.271592472724,4.169520465294));
#6631 = CARTESIAN_POINT('',(5.21975722818,4.169520465294));
#6632 = CARTESIAN_POINT('',(5.167920506588,4.169520465294));
#6633 = CARTESIAN_POINT('',(5.116082603153,4.169520465294));
#6634 = CARTESIAN_POINT('',(5.037543858717,4.169520465294));
#6635 = CARTESIAN_POINT('',(5.010840326688,4.169520465294));
#6636 = CARTESIAN_POINT('',(4.984136772553,4.169520465294));
#6637 = CARTESIAN_POINT('',(4.957433207365,4.169520465294));
#6638 = CARTESIAN_POINT('',(4.930729642177,4.169520465294));
#6639 = CARTESIAN_POINT('',(4.904026088042,4.169520465294));
#6640 = CARTESIAN_POINT('',(4.877322556013,4.169520465294));
#6641 = CARTESIAN_POINT('',(4.828627923209,4.169520465294));
#6642 = CARTESIAN_POINT('',(4.806636776726,4.169520465294));
#6643 = CARTESIAN_POINT('',(4.784645621876,4.169520465294));
#6644 = CARTESIAN_POINT('',(4.762654462842,4.169520465294));
#6645 = CARTESIAN_POINT('',(4.740663303809,4.169520465294));
#6646 = CARTESIAN_POINT('',(4.718672148959,4.169520465294));
#6647 = CARTESIAN_POINT('',(4.696681002475,4.169520465294));
#6648 = CARTESIAN_POINT('',(4.662908896736,4.169520465294));
#6649 = CARTESIAN_POINT('',(4.651127924378,4.169520465294));
#6650 = CARTESIAN_POINT('',(4.63934695165,4.169520465294));
#6651 = CARTESIAN_POINT('',(4.627565978738,4.169520465294));
#6652 = CARTESIAN_POINT('',(4.615785005826,4.169520465294));
#6653 = CARTESIAN_POINT('',(4.604004033098,4.169520465294));
#6654 = CARTESIAN_POINT('',(4.592223060739,4.169520465294));
#6655 = CARTESIAN_POINT('',(4.557665559647,4.169520465294));
#6656 = CARTESIAN_POINT('',(4.534889015402,4.169520465294));
#6657 = CARTESIAN_POINT('',(4.512112461184,4.169520465294));
#6658 = CARTESIAN_POINT('',(4.48933590198,4.169520465294));
#6659 = CARTESIAN_POINT('',(4.466559342776,4.169520465294));
#6660 = CARTESIAN_POINT('',(4.443782788558,4.169520465294));
#6661 = CARTESIAN_POINT('',(4.421006244313,4.169520465294));
#6662 = CARTESIAN_POINT('',(4.375453185739,4.169520465294));
#6663 = CARTESIAN_POINT('',(4.352676641494,4.169520465294));
#6664 = CARTESIAN_POINT('',(4.329900087276,4.169520465294));
#6665 = CARTESIAN_POINT('',(4.307123528072,4.169520465294));
#6666 = CARTESIAN_POINT('',(4.284346968868,4.169520465294));
#6667 = CARTESIAN_POINT('',(4.26157041465,4.169520465294));
#6668 = CARTESIAN_POINT('',(4.238793870404,4.169520465294));
#6669 = CARTESIAN_POINT('',(4.197167791967,4.169520465294));
#6670 = CARTESIAN_POINT('',(4.178318237013,4.169520465294));
#6671 = CARTESIAN_POINT('',(4.15946867819,4.169520465294));
#6672 = CARTESIAN_POINT('',(4.140619117431,4.169520465294));
#6673 = CARTESIAN_POINT('',(4.121769556673,4.169520465294));
#6674 = CARTESIAN_POINT('',(4.10291999785,4.169520465294));
#6675 = CARTESIAN_POINT('',(4.084070442896,4.169520465294));
#6676 = CARTESIAN_POINT('',(4.047942138532,4.169520465294));
#6677 = CARTESIAN_POINT('',(4.030663379564,4.169520465294));
#6678 = CARTESIAN_POINT('',(4.013384618091,4.169520465294));
#6679 = CARTESIAN_POINT('',(3.996105855366,4.169520465294));
#6680 = CARTESIAN_POINT('',(3.978827092642,4.169520465294));
#6681 = CARTESIAN_POINT('',(3.961548331169,4.169520465294));
#6682 = CARTESIAN_POINT('',(3.9442695722,4.169520465294));
#6683 = CARTESIAN_POINT('',(3.905785078781,4.169520465294));
#6684 = CARTESIAN_POINT('',(3.884579330113,4.169520465294));
#6685 = CARTESIAN_POINT('',(3.863373574471,4.169520465294));
#6686 = CARTESIAN_POINT('',(3.84216781534,4.169520465294));
#6687 = CARTESIAN_POINT('',(3.82096205621,4.169520465294));
#6688 = CARTESIAN_POINT('',(3.799756300567,4.169520465294));
#6689 = CARTESIAN_POINT('',(3.778550551899,4.169520465294));
#6690 = CARTESIAN_POINT('',(3.734568284407,4.169520465294));
#6691 = CARTESIAN_POINT('',(3.711791740161,4.169520465294));
#6692 = CARTESIAN_POINT('',(3.689015185944,4.169520465294));
#6693 = CARTESIAN_POINT('',(3.666238626739,4.169520465294));
#6694 = CARTESIAN_POINT('',(3.643462067535,4.169520465294));
#6695 = CARTESIAN_POINT('',(3.620685513317,4.169520465294));
#6696 = CARTESIAN_POINT('',(3.597908969072,4.169520465294));
#6697 = CARTESIAN_POINT('',(3.551570515562,4.169520465294));
#6698 = CARTESIAN_POINT('',(3.528008573614,4.169520465294));
#6699 = CARTESIAN_POINT('',(3.50444661985,4.169520465294));
#6700 = CARTESIAN_POINT('',(3.480884660178,4.169520465294));
#6701 = CARTESIAN_POINT('',(3.457322700506,4.169520465294));
#6702 = CARTESIAN_POINT('',(3.433760746742,4.169520465294));
#6703 = CARTESIAN_POINT('',(3.410198804794,4.169520465294));
#6704 = CARTESIAN_POINT('',(3.363860351283,4.169520465294));
#6705 = CARTESIAN_POINT('',(3.341083807038,4.169520465294));
#6706 = CARTESIAN_POINT('',(3.31830725282,4.169520465294));
#6707 = CARTESIAN_POINT('',(3.295530693616,4.169520465294));
#6708 = CARTESIAN_POINT('',(3.272754134412,4.169520465294));
#6709 = CARTESIAN_POINT('',(3.249977580194,4.169520465294));
#6710 = CARTESIAN_POINT('',(3.227201035948,4.169520465294));
#6711 = CARTESIAN_POINT('',(3.181647977375,4.169520465294));
#6712 = CARTESIAN_POINT('',(3.15887143313,4.169520465294));
#6713 = CARTESIAN_POINT('',(3.136094878912,4.169520465294));
#6714 = CARTESIAN_POINT('',(3.113318319708,4.169520465294));
#6715 = CARTESIAN_POINT('',(3.090541760503,4.169520465294));
#6716 = CARTESIAN_POINT('',(3.067765206286,4.169520465294));
#6717 = CARTESIAN_POINT('',(3.04498866204,4.169520465294));
#6718 = CARTESIAN_POINT('',(2.999435603467,4.169520465294));
#6719 = CARTESIAN_POINT('',(2.976659059221,4.169520465294));
#6720 = CARTESIAN_POINT('',(2.953882505004,4.169520465294));
#6721 = CARTESIAN_POINT('',(2.931105945799,4.169520465294));
#6722 = CARTESIAN_POINT('',(2.908329386595,4.169520465294));
#6723 = CARTESIAN_POINT('',(2.885552832377,4.169520465294));
#6724 = CARTESIAN_POINT('',(2.862776288132,4.169520465294));
#6725 = CARTESIAN_POINT('',(2.817223229559,4.169520465294));
#6726 = CARTESIAN_POINT('',(2.794446685313,4.169520465294));
#6727 = CARTESIAN_POINT('',(2.771670131095,4.169520465294));
#6728 = CARTESIAN_POINT('',(2.748893571891,4.169520465294));
#6729 = CARTESIAN_POINT('',(2.726117012687,4.169520465294));
#6730 = CARTESIAN_POINT('',(2.703340458469,4.169520465294));
#6731 = CARTESIAN_POINT('',(2.680563914224,4.169520465294));
#6732 = CARTESIAN_POINT('',(2.635796251004,4.169520465294));
#6733 = CARTESIAN_POINT('',(2.61380510452,4.169520465294));
#6734 = CARTESIAN_POINT('',(2.59181394967,4.169520465294));
#6735 = CARTESIAN_POINT('',(2.569822790637,4.169520465294));
#6736 = CARTESIAN_POINT('',(2.547831631603,4.169520465294));
#6737 = CARTESIAN_POINT('',(2.525840476753,4.169520465294));
#6738 = CARTESIAN_POINT('',(2.50384933027,4.169520465294));
#6739 = CARTESIAN_POINT('',(2.46065245813,4.169520465294));
#6740 = CARTESIAN_POINT('',(2.439446709462,4.169520465294));
#6741 = CARTESIAN_POINT('',(2.418240953819,4.169520465294));
#6742 = CARTESIAN_POINT('',(2.397035194689,4.169520465294));
#6743 = CARTESIAN_POINT('',(2.375829435559,4.169520465294));
#6744 = CARTESIAN_POINT('',(2.354623679916,4.169520465294));
#6745 = CARTESIAN_POINT('',(2.333417931248,4.169520465294));
#6746 = CARTESIAN_POINT('',(2.289435663756,4.169520465294));
#6747 = CARTESIAN_POINT('',(2.26665911951,4.169520465294));
#6748 = CARTESIAN_POINT('',(2.243882565292,4.169520465294));
#6749 = CARTESIAN_POINT('',(2.221106006088,4.169520465294));
#6750 = CARTESIAN_POINT('',(2.198329446884,4.169520465294));
#6751 = CARTESIAN_POINT('',(2.175552892666,4.169520465294));
#6752 = CARTESIAN_POINT('',(2.152776348421,4.169520465294));
#6753 = CARTESIAN_POINT('',(2.1080086852,4.169520465294));
#6754 = CARTESIAN_POINT('',(2.086017538717,4.169520465294));
#6755 = CARTESIAN_POINT('',(2.064026383867,4.169520465294));
#6756 = CARTESIAN_POINT('',(2.042035224833,4.169520465294));
#6757 = CARTESIAN_POINT('',(2.0200440658,4.169520465294));
#6758 = CARTESIAN_POINT('',(1.99805291095,4.169520465294));
#6759 = CARTESIAN_POINT('',(1.976061764466,4.169520465294));
#6760 = CARTESIAN_POINT('',(1.931294101246,4.169520465294));
#6761 = CARTESIAN_POINT('',(1.908517557001,4.169520465294));
#6762 = CARTESIAN_POINT('',(1.885741002783,4.169520465294));
#6763 = CARTESIAN_POINT('',(1.862964443579,4.169520465294));
#6764 = CARTESIAN_POINT('',(1.840187884375,4.169520465294));
#6765 = CARTESIAN_POINT('',(1.817411330157,4.169520465294));
#6766 = CARTESIAN_POINT('',(1.794634785911,4.169520465294));
#6767 = CARTESIAN_POINT('',(1.752223310845,4.169520465294));
#6768 = CARTESIAN_POINT('',(1.732588357947,4.169520465294));
#6769 = CARTESIAN_POINT('',(1.712953400302,4.169520465294));
#6770 = CARTESIAN_POINT('',(1.693318440285,4.169520465294));
#6771 = CARTESIAN_POINT('',(1.673683480268,4.169520465294));
#6772 = CARTESIAN_POINT('',(1.654048522623,4.169520465294));
#6773 = CARTESIAN_POINT('',(1.634413569725,4.169520465294));
#6774 = CARTESIAN_POINT('',(1.592002094659,4.169520465294));
#6775 = CARTESIAN_POINT('',(1.569225550413,4.169520465294));
#6776 = CARTESIAN_POINT('',(1.546448996195,4.169520465294));
#6777 = CARTESIAN_POINT('',(1.523672436991,4.169520465294));
#6778 = CARTESIAN_POINT('',(1.500895877787,4.169520465294));
#6779 = CARTESIAN_POINT('',(1.478119323569,4.169520465294));
#6780 = CARTESIAN_POINT('',(1.455342779324,4.169520465294));
#6781 = CARTESIAN_POINT('',(1.40978972075,4.169520465294));
#6782 = CARTESIAN_POINT('',(1.387013176505,4.169520465294));
#6783 = CARTESIAN_POINT('',(1.364236622287,4.169520465294));
#6784 = CARTESIAN_POINT('',(1.341460063083,4.169520465294));
#6785 = CARTESIAN_POINT('',(1.318683503879,4.169520465294));
#6786 = CARTESIAN_POINT('',(1.295906949661,4.169520465294));
#6787 = CARTESIAN_POINT('',(1.273130405416,4.169520465294));
#6788 = CARTESIAN_POINT('',(1.231504326979,4.169520465294));
#6789 = CARTESIAN_POINT('',(1.212654772024,4.169520465294));
#6790 = CARTESIAN_POINT('',(1.193805213201,4.169520465294));
#6791 = CARTESIAN_POINT('',(1.174955652443,4.169520465294));
#6792 = CARTESIAN_POINT('',(1.156106091685,4.169520465294));
#6793 = CARTESIAN_POINT('',(1.137256532861,4.169520465294));
#6794 = CARTESIAN_POINT('',(1.118406977907,4.169520465294));
#6795 = CARTESIAN_POINT('',(1.07678089947,4.169520465294));
#6796 = CARTESIAN_POINT('',(1.054004355224,4.169520465294));
#6797 = CARTESIAN_POINT('',(1.031227801007,4.169520465294));
#6798 = CARTESIAN_POINT('',(1.008451241802,4.169520465294));
#6799 = CARTESIAN_POINT('',(0.985674682598,4.169520465294));
#6800 = CARTESIAN_POINT('',(0.96289812838,4.169520465294));
#6801 = CARTESIAN_POINT('',(0.940121584135,4.169520465294));
#6802 = CARTESIAN_POINT('',(0.888285381114,4.169520465294));
#6803 = CARTESIAN_POINT('',(0.859225557423,4.169520465294));
#6804 = CARTESIAN_POINT('',(0.830165800387,4.169520465294));
#6805 = CARTESIAN_POINT('',(0.801106126665,4.169520465294));
#6806 = CARTESIAN_POINT('',(0.772046452944,4.169520465294));
#6807 = CARTESIAN_POINT('',(0.742986695908,4.169520465294));
#6808 = CARTESIAN_POINT('',(0.713926872217,4.169520465294));
#6809 = CARTESIAN_POINT('',(0.599271027179,4.169520465294));
#6810 = CARTESIAN_POINT('',(0.513642513847,4.169520465294));
#6811 = CARTESIAN_POINT('',(0.428031082869,4.169520465294));
#6812 = CARTESIAN_POINT('',(0.342433599237,4.169520465294));
#6813 = CARTESIAN_POINT('',(0.25683611562,4.169520465294));
#6814 = CARTESIAN_POINT('',(0.171224684632,4.169520465294));
#6815 = CARTESIAN_POINT('',(8.559617130486E-02,4.169520465294));
#6816 = CARTESIAN_POINT('',(0.,4.169520465294));
#6817 = ( GEOMETRIC_REPRESENTATION_CONTEXT(2) 
PARAMETRIC_REPRESENTATION_CONTEXT() REPRESENTATION_CONTEXT('2D SPACE',''
  ) );
#6818 = ORIENTED_EDGE('',*,*,#6098,.F.);
#6819 = ORIENTED_EDGE('',*,*,#6820,.T.);
#6820 = EDGE_CURVE('',#6099,#6821,#6823,.T.);
#6821 = VERTEX_POINT('',#6822);
#6822 = CARTESIAN_POINT('',(22.,0.,-102.5552997544));
#6823 = SURFACE_CURVE('',#6824,(#6881,#6941),.PCURVE_S1.);
#6824 = B_SPLINE_CURVE_WITH_KNOTS('',7,(#6825,#6826,#6827,#6828,#6829,
    #6830,#6831,#6832,#6833,#6834,#6835,#6836,#6837,#6838,#6839,#6840,
    #6841,#6842,#6843,#6844,#6845,#6846,#6847,#6848,#6849,#6850,#6851,
    #6852,#6853,#6854,#6855,#6856,#6857,#6858,#6859,#6860,#6861,#6862,
    #6863,#6864,#6865,#6866,#6867,#6868,#6869,#6870,#6871,#6872,#6873,
    #6874,#6875,#6876,#6877,#6878,#6879,#6880),.UNSPECIFIED.,.F.,.F.,(8,
    6,6,6,6,6,6,6,6,8),(0.,0.232091100511,0.315410522078,0.401638362182,
    0.481644789172,0.593348854176,0.644648409023,0.732047790304,
    0.8239626117,1.),.UNSPECIFIED.);
#6825 = CARTESIAN_POINT('',(28.,0.,-102.1912028008));
#6826 = CARTESIAN_POINT('',(28.,0.312944082856,-102.1912028008));
#6827 = CARTESIAN_POINT('',(27.961913784709,0.626065407096,
    -102.1935180971));
#6828 = CARTESIAN_POINT('',(27.885669235924,0.933431935126,
    -102.1981530745));
#6829 = CARTESIAN_POINT('',(27.772454459528,1.229525220884,
    -102.205035174));
#6830 = CARTESIAN_POINT('',(27.624288873957,1.509186662986,
    -102.2140409757));
#6831 = CARTESIAN_POINT('',(27.444028065253,1.767596286118,
    -102.2249960483));
#6832 = CARTESIAN_POINT('',(27.160815114593,2.084098230911,
    -102.2422050034));
#6833 = CARTESIAN_POINT('',(27.082361761425,2.164432091733,
    -102.2469718527));
#6834 = CARTESIAN_POINT('',(27.000442827732,2.241301336557,
    -102.251949005));
#6835 = CARTESIAN_POINT('',(26.915242897592,2.314528121185,
    -102.2571252035));
#6836 = CARTESIAN_POINT('',(26.826957190885,2.383947537014,
    -102.2624885464));
#6837 = CARTESIAN_POINT('',(26.735791335577,2.449407647797,
    -102.2680265022));
#6838 = CARTESIAN_POINT('',(26.544855627859,2.574273354908,
    -102.2796242956));
#6839 = CARTESIAN_POINT('',(26.444894806447,2.633388954477,
    -102.2856957067));
#6840 = CARTESIAN_POINT('',(26.342318043003,2.687962467007,
    -102.2919255763));
#6841 = CARTESIAN_POINT('',(26.237372842091,2.737857245319,
    -102.2982988325));
#6842 = CARTESIAN_POINT('',(26.130314593884,2.782953859492,-102.30479993
    ));
#6843 = CARTESIAN_POINT('',(26.021406322461,2.823150103194,
    -102.3114128657));
#6844 = CARTESIAN_POINT('',(25.808402342284,2.891031400231,
    -102.3243455136));
#6845 = CARTESIAN_POINT('',(25.704524735794,2.919410404658,
    -102.3306520551));
#6846 = CARTESIAN_POINT('',(25.599501634773,2.943430335975,
    -102.3370276829));
#6847 = CARTESIAN_POINT('',(25.493551487705,2.963037197252,
    -102.3434591181));
#6848 = CARTESIAN_POINT('',(25.38689517141,2.978190671952,
    -102.3499329401));
#6849 = CARTESIAN_POINT('',(25.279755991046,2.988864123932,
    -102.3564355867));
#6850 = CARTESIAN_POINT('',(25.022414170113,3.003673704388,
    -102.3720533866));
#6851 = CARTESIAN_POINT('',(24.871962140828,3.003544519129,
    -102.3811832156));
#6852 = CARTESIAN_POINT('',(24.721620536907,2.994622256518,
    -102.3903053878));
#6853 = CARTESIAN_POINT('',(24.572002023807,2.976924658338,
    -102.3993827338));
#6854 = CARTESIAN_POINT('',(24.423713991413,2.950522042287,
    -102.4083784271));
#6855 = CARTESIAN_POINT('',(24.277357557662,2.915537350958,
    -102.4172560437));
#6856 = CARTESIAN_POINT('',(24.067472883532,2.852219023711,
    -102.4299858821));
#6857 = CARTESIAN_POINT('',(24.001951001252,2.830518695337,
    -102.4339597054));
#6858 = CARTESIAN_POINT('',(23.937018003743,2.80706213938,
    -102.4378976344));
#6859 = CARTESIAN_POINT('',(23.872730148099,2.781868503862,
    -102.4417962633));
#6860 = CARTESIAN_POINT('',(23.809142870103,2.754959161142,
    -102.4456522368));
#6861 = CARTESIAN_POINT('',(23.746310784218,2.726357707912,
    -102.4494622501));
#6862 = CARTESIAN_POINT('',(23.578618528452,2.64452261742,
    -102.4596303469));
#6863 = CARTESIAN_POINT('',(23.475296275705,2.588117989672,
    -102.4658948716));
#6864 = CARTESIAN_POINT('',(23.374587998097,2.527004491136,
    -102.4720004667));
#6865 = CARTESIAN_POINT('',(23.276750335852,2.461327614796,
    -102.4779316141));
#6866 = CARTESIAN_POINT('',(23.182029209671,2.391249901336,
    -102.4836734501));
#6867 = CARTESIAN_POINT('',(23.090659533715,2.316950903049,
    -102.4892117816));
#6868 = CARTESIAN_POINT('',(22.910534464353,2.156256839447,
    -102.5001293457));
#6869 = CARTESIAN_POINT('',(22.822155891497,2.069433234005,
    -102.5054857047));
#6870 = CARTESIAN_POINT('',(22.737989361354,1.978385332544,
    -102.5105864659));
#6871 = CARTESIAN_POINT('',(22.658276695068,1.883358885365,-102.51541703
    ));
#6872 = CARTESIAN_POINT('',(22.583241048903,1.784616215105,
    -102.519963929));
#6873 = CARTESIAN_POINT('',(22.513086579527,1.682436039886,
    -102.5242148453));
#6874 = CARTESIAN_POINT('',(22.323339168224,1.375396746336,
    -102.5357118576));
#6875 = CARTESIAN_POINT('',(22.217242063921,1.162120254806,
    -102.542139753));
#6876 = CARTESIAN_POINT('',(22.131037147326,0.939389807171,
    -102.5473620571));
#6877 = CARTESIAN_POINT('',(22.065696055539,0.709436972203,
    -102.551320209));
#6878 = CARTESIAN_POINT('',(22.021893764836,0.474591095213,
    -102.5539735373));
#6879 = CARTESIAN_POINT('',(22.,0.237271542903,-102.5552997544));
#6880 = CARTESIAN_POINT('',(22.,0.,-102.5552997544));
#6881 = PCURVE('',#5826,#6882);
#6882 = DEFINITIONAL_REPRESENTATION('',(#6883),#6940);
#6883 = B_SPLINE_CURVE_WITH_KNOTS('',7,(#6884,#6885,#6886,#6887,#6888,
    #6889,#6890,#6891,#6892,#6893,#6894,#6895,#6896,#6897,#6898,#6899,
    #6900,#6901,#6902,#6903,#6904,#6905,#6906,#6907,#6908,#6909,#6910,
    #6911,#6912,#6913,#6914,#6915,#6916,#6917,#6918,#6919,#6920,#6921,
    #6922,#6923,#6924,#6925,#6926,#6927,#6928,#6929,#6930,#6931,#6932,
    #6933,#6934,#6935,#6936,#6937,#6938,#6939),.UNSPECIFIED.,.F.,.F.,(8,
    6,6,6,6,6,6,6,6,8),(0.,0.232091100511,0.315410522078,0.401638362182,
    0.481644789172,0.593348854176,0.644648409023,0.732047790304,
    0.8239626117,1.),.UNSPECIFIED.);
#6884 = CARTESIAN_POINT('',(0.,4.848133286368));
#6885 = CARTESIAN_POINT('',(1.117657438771E-02,4.848133286368));
#6886 = CARTESIAN_POINT('',(2.235947398564E-02,4.847967406406));
#6887 = CARTESIAN_POINT('',(3.339616459268E-02,4.847635336525));
#6888 = CARTESIAN_POINT('',(4.414902128952E-02,4.847140990937));
#6889 = CARTESIAN_POINT('',(5.448255597658E-02,4.846490700049));
#6890 = CARTESIAN_POINT('',(6.425535454892E-02,4.845693545933));
#6891 = CARTESIAN_POINT('',(7.657356695916E-02,4.844429413508));
#6892 = CARTESIAN_POINT('',(7.973681114935E-02,4.844078274027));
#6893 = CARTESIAN_POINT('',(8.280273668292E-02,4.84371052792));
#6894 = CARTESIAN_POINT('',(8.576483854921E-02,4.843326817089));
#6895 = CARTESIAN_POINT('',(8.861665139664E-02,4.842927831451));
#6896 = CARTESIAN_POINT('',(9.135173292171E-02,4.842514312373));
#6897 = CARTESIAN_POINT('',(9.666673529578E-02,4.84164488566));
#6898 = CARTESIAN_POINT('',(9.923795405775E-02,4.841187994453));
#6899 = CARTESIAN_POINT('',(0.10167018365,4.84071726592));
#6900 = CARTESIAN_POINT('',(0.103956405612,4.840233630527));
#6901 = CARTESIAN_POINT('',(0.106089717799,4.839738070179));
#6902 = CARTESIAN_POINT('',(0.108063349271,4.839231622642));
#6903 = CARTESIAN_POINT('',(0.111547600953,4.838236396199));
#6904 = CARTESIAN_POINT('',(0.113081400256,4.837748973031));
#6905 = CARTESIAN_POINT('',(0.114466749174,4.837253989646));
#6906 = CARTESIAN_POINT('',(0.115698540383,4.836752354746));
#6907 = CARTESIAN_POINT('',(0.116771883149,4.836245012549));
#6908 = CARTESIAN_POINT('',(0.117682103329,4.835732942779));
#6909 = CARTESIAN_POINT('',(0.119461608952,4.834497031561));
#6910 = CARTESIAN_POINT('',(0.12017186344,4.833769644039));
#6911 = CARTESIAN_POINT('',(0.120543560948,4.833037781835));
#6912 = CARTESIAN_POINT('',(0.120565856611,4.832304320798));
#6913 = CARTESIAN_POINT('',(0.120229439326,4.831572230869));
#6914 = CARTESIAN_POINT('',(0.119526964503,4.83084457804));
#6915 = CARTESIAN_POINT('',(0.117960497356,4.829793846019));
#6916 = CARTESIAN_POINT('',(0.117389265231,4.829464764531));
#6917 = CARTESIAN_POINT('',(0.11673929981,4.829137586045));
#6918 = CARTESIAN_POINT('',(0.116010234268,4.828812616194));
#6919 = CARTESIAN_POINT('',(0.115201825601,4.828490162052));
#6920 = CARTESIAN_POINT('',(0.114313954617,4.828170532129));
#6921 = CARTESIAN_POINT('',(0.111698581865,4.827314820529));
#6922 = CARTESIAN_POINT('',(0.109819897695,4.826784695403));
#6923 = CARTESIAN_POINT('',(0.107710684187,4.826265197266));
#6924 = CARTESIAN_POINT('',(0.10537219541,4.825757855712));
#6925 = CARTESIAN_POINT('',(0.102806982023,4.825264185355));
#6926 = CARTESIAN_POINT('',(0.10001904455,4.824785677521));
#6927 = CARTESIAN_POINT('',(9.385367413335E-02,4.823838043293));
#6928 = CARTESIAN_POINT('',(9.045315733069E-02,4.82337066754));
#6929 = CARTESIAN_POINT('',(8.681893977749E-02,4.822923361378));
#6930 = CARTESIAN_POINT('',(8.295936447038E-02,4.822497758424));
#6931 = CARTESIAN_POINT('',(7.888468690416E-02,4.822095412796));
#6932 = CARTESIAN_POINT('',(7.460714810032E-02,4.821717782689));
#6933 = CARTESIAN_POINT('',(6.158746890094E-02,4.820692881389));
#6934 = CARTESIAN_POINT('',(5.234082973168E-02,4.820115033139));
#6935 = CARTESIAN_POINT('',(4.250267921859E-02,4.819642285622));
#6936 = CARTESIAN_POINT('',(3.21980119319E-02,4.819282231141));
#6937 = CARTESIAN_POINT('',(2.157230121828E-02,4.819040283936));
#6938 = CARTESIAN_POINT('',(1.078507013197E-02,4.818919354889));
#6939 = CARTESIAN_POINT('',(0.,4.818919354889));
#6940 = ( GEOMETRIC_REPRESENTATION_CONTEXT(2) 
PARAMETRIC_REPRESENTATION_CONTEXT() REPRESENTATION_CONTEXT('2D SPACE',''
  ) );
#6941 = PCURVE('',#556,#6942);
#6942 = DEFINITIONAL_REPRESENTATION('',(#6943),#7000);
#6943 = B_SPLINE_CURVE_WITH_KNOTS('',7,(#6944,#6945,#6946,#6947,#6948,
    #6949,#6950,#6951,#6952,#6953,#6954,#6955,#6956,#6957,#6958,#6959,
    #6960,#6961,#6962,#6963,#6964,#6965,#6966,#6967,#6968,#6969,#6970,
    #6971,#6972,#6973,#6974,#6975,#6976,#6977,#6978,#6979,#6980,#6981,
    #6982,#6983,#6984,#6985,#6986,#6987,#6988,#6989,#6990,#6991,#6992,
    #6993,#6994,#6995,#6996,#6997,#6998,#6999),.UNSPECIFIED.,.F.,.F.,(8,
    6,6,6,6,6,6,6,6,8),(0.,0.232091100511,0.315410522078,0.401638362182,
    0.481644789172,0.593348854176,0.644648409023,0.732047790304,
    0.8239626117,1.),.UNSPECIFIED.);
#6944 = CARTESIAN_POINT('',(0.,6.808797199191));
#6945 = CARTESIAN_POINT('',(0.104314694285,6.808797199191));
#6946 = CARTESIAN_POINT('',(0.208688485375,6.806481902879));
#6947 = CARTESIAN_POINT('',(0.312998023325,6.801846925409));
#6948 = CARTESIAN_POINT('',(0.417266644612,6.79496482591));
#6949 = CARTESIAN_POINT('',(0.521515515695,6.785959024239));
#6950 = CARTESIAN_POINT('',(0.625773133948,6.775003951694));
#6951 = CARTESIAN_POINT('',(0.767344889009,6.75779499653));
#6952 = CARTESIAN_POINT('',(0.804738434882,6.753028147253));
#6953 = CARTESIAN_POINT('',(0.842127108935,6.748050994921));
#6954 = CARTESIAN_POINT('',(0.879511038183,6.742874796439));
#6955 = CARTESIAN_POINT('',(0.916890622034,6.737511453531));
#6956 = CARTESIAN_POINT('',(0.954266114248,6.731973497748));
#6957 = CARTESIAN_POINT('',(1.030312802607,6.720375704337));
#6958 = CARTESIAN_POINT('',(1.068984370227,6.714304293202));
#6959 = CARTESIAN_POINT('',(1.107651550264,6.708074423653));
#6960 = CARTESIAN_POINT('',(1.146314756844,6.701701167401));
#6961 = CARTESIAN_POINT('',(1.18497469528,6.695200069955));
#6962 = CARTESIAN_POINT('',(1.223631881642,6.688587134276));
#6963 = CARTESIAN_POINT('',(1.298151503262,6.675654486398));
#6964 = CARTESIAN_POINT('',(1.334014722234,6.669347944855));
#6965 = CARTESIAN_POINT('',(1.369876164698,6.662972317034));
#6966 = CARTESIAN_POINT('',(1.405736186595,6.65654088183));
#6967 = CARTESIAN_POINT('',(1.44159515434,6.650067059811));
#6968 = CARTESIAN_POINT('',(1.477453444825,6.643564413221));
#6969 = CARTESIAN_POINT('',(1.563375978717,6.627946613354));
#6970 = CARTESIAN_POINT('',(1.613441353677,6.618816784342));
#6971 = CARTESIAN_POINT('',(1.663506525684,6.609694612146));
#6972 = CARTESIAN_POINT('',(1.713572913479,6.600617266198));
#6973 = CARTESIAN_POINT('',(1.763642712241,6.591621572887));
#6974 = CARTESIAN_POINT('',(1.813717206683,6.582743956277));
#6975 = CARTESIAN_POINT('',(1.886793108624,6.570014117826));
#6976 = CARTESIAN_POINT('',(1.909792108176,6.566040294572));
#6977 = CARTESIAN_POINT('',(1.932792155764,6.562102365553));
#6978 = CARTESIAN_POINT('',(1.955793317555,6.55820373666));
#6979 = CARTESIAN_POINT('',(1.978795652922,6.554347763186));
#6980 = CARTESIAN_POINT('',(2.001799214441,6.550537749828));
#6981 = CARTESIAN_POINT('',(2.063997530495,6.540369653012));
#6982 = CARTESIAN_POINT('',(2.103195128115,6.534105128325));
#6983 = CARTESIAN_POINT('',(2.142396391372,6.527999533228));
#6984 = CARTESIAN_POINT('',(2.181601598603,6.522068385858));
#6985 = CARTESIAN_POINT('',(2.220811227176,6.516326549856));
#6986 = CARTESIAN_POINT('',(2.26002542482,6.510788218324));
#6987 = CARTESIAN_POINT('',(2.340487715981,6.499870654215));
#6988 = CARTESIAN_POINT('',(2.381737179795,6.494514295297));
#6989 = CARTESIAN_POINT('',(2.422990931268,6.489413534028));
#6990 = CARTESIAN_POINT('',(2.464249009684,6.484582969994));
#6991 = CARTESIAN_POINT('',(2.505511737256,6.48003607099));
#6992 = CARTESIAN_POINT('',(2.546779021659,6.475785154623));
#6993 = CARTESIAN_POINT('',(2.667092135325,6.4642881424));
#6994 = CARTESIAN_POINT('',(2.746159602742,6.457860246933));
#6995 = CARTESIAN_POINT('',(2.825229623998,6.452637942829));
#6996 = CARTESIAN_POINT('',(2.904304925911,6.448679790959));
#6997 = CARTESIAN_POINT('',(2.983395917013,6.446026462686));
#6998 = CARTESIAN_POINT('',(3.062502139289,6.444700245528));
#6999 = CARTESIAN_POINT('',(3.14159265359,6.444700245528));
#7000 = ( GEOMETRIC_REPRESENTATION_CONTEXT(2) 
PARAMETRIC_REPRESENTATION_CONTEXT() REPRESENTATION_CONTEXT('2D SPACE',''
  ) );
#7001 = ORIENTED_EDGE('',*,*,#7002,.F.);
#7002 = EDGE_CURVE('',#5351,#6821,#7003,.T.);
#7003 = SEAM_CURVE('',#7004,(#7009,#7016),.PCURVE_S1.);
#7004 = ELLIPSE('',#7005,206.905,103.14);
#7005 = AXIS2_PLACEMENT_3D('',#7006,#7007,#7008);
#7006 = CARTESIAN_POINT('',(0.,0.,0.));
#7007 = DIRECTION('',(0.,-1.,0.));
#7008 = DIRECTION('',(1.,0.,0.));
#7009 = PCURVE('',#5826,#7010);
#7010 = DEFINITIONAL_REPRESENTATION('',(#7011),#7015);
#7011 = LINE('',#7012,#7013);
#7012 = CARTESIAN_POINT('',(6.28318530718,0.));
#7013 = VECTOR('',#7014,1.);
#7014 = DIRECTION('',(0.,1.));
#7015 = ( GEOMETRIC_REPRESENTATION_CONTEXT(2) 
PARAMETRIC_REPRESENTATION_CONTEXT() REPRESENTATION_CONTEXT('2D SPACE',''
  ) );
#7016 = PCURVE('',#5826,#7017);
#7017 = DEFINITIONAL_REPRESENTATION('',(#7018),#7022);
#7018 = LINE('',#7019,#7020);
#7019 = CARTESIAN_POINT('',(0.,0.));
#7020 = VECTOR('',#7021,1.);
#7021 = DIRECTION('',(0.,1.));
#7022 = ( GEOMETRIC_REPRESENTATION_CONTEXT(2) 
PARAMETRIC_REPRESENTATION_CONTEXT() REPRESENTATION_CONTEXT('2D SPACE',''
  ) );
#7023 = ORIENTED_EDGE('',*,*,#5350,.F.);
#7024 = ORIENTED_EDGE('',*,*,#7002,.T.);
#7025 = ORIENTED_EDGE('',*,*,#7026,.T.);
#7026 = EDGE_CURVE('',#6821,#6099,#7027,.T.);
#7027 = SURFACE_CURVE('',#7028,(#7085,#7145),.PCURVE_S1.);
#7028 = B_SPLINE_CURVE_WITH_KNOTS('',7,(#7029,#7030,#7031,#7032,#7033,
    #7034,#7035,#7036,#7037,#7038,#7039,#7040,#7041,#7042,#7043,#7044,
    #7045,#7046,#7047,#7048,#7049,#7050,#7051,#7052,#7053,#7054,#7055,
    #7056,#7057,#7058,#7059,#7060,#7061,#7062,#7063,#7064,#7065,#7066,
    #7067,#7068,#7069,#7070,#7071,#7072,#7073,#7074,#7075,#7076,#7077,
    #7078,#7079,#7080,#7081,#7082,#7083,#7084),.UNSPECIFIED.,.F.,.F.,(8,
    6,6,6,6,6,6,6,6,8),(0.,0.178182279757,0.271568965852,0.357698531026,
    0.407825535262,0.517823475912,0.601246473088,0.686266945057,
    0.772280017752,1.),.UNSPECIFIED.);
#7029 = CARTESIAN_POINT('',(22.,-5.329070518201E-15,-102.5552997544));
#7030 = CARTESIAN_POINT('',(22.,-0.240163149699,-102.5552997544));
#7031 = CARTESIAN_POINT('',(22.022430676217,-0.480379018266,
    -102.5539410138));
#7032 = CARTESIAN_POINT('',(22.067308375687,-0.718028857536,
    -102.5512225425));
#7033 = CARTESIAN_POINT('',(22.134244292734,-0.950603740346,
    -102.5471677786));
#7034 = CARTESIAN_POINT('',(22.222529718279,-1.175690353973,
    -102.5418194259));
#7035 = CARTESIAN_POINT('',(22.331145650638,-1.390979231149,
    -102.5352389007));
#7036 = CARTESIAN_POINT('',(22.525547277034,-1.700854976711,
    -102.5234598098));
#7037 = CARTESIAN_POINT('',(22.597605201246,-1.804135341788,
    -102.5190935236));
#7038 = CARTESIAN_POINT('',(22.674674559975,-1.903828460658,
    -102.5144233479));
#7039 = CARTESIAN_POINT('',(22.756538923638,-1.999643739113,
    -102.5094623412));
#7040 = CARTESIAN_POINT('',(22.842961780764,-2.091308231889,
    -102.5042247778));
#7041 = CARTESIAN_POINT('',(22.933686905237,-2.178566832565,
    -102.4987261278));
#7042 = CARTESIAN_POINT('',(23.115827335879,-2.33737799696,
    -102.4876862436));
#7043 = CARTESIAN_POINT('',(23.206643019022,-2.409625820554,
    -102.4821814099));
#7044 = CARTESIAN_POINT('',(23.300669718675,-2.477740363566,
    -102.4764815857));
#7045 = CARTESIAN_POINT('',(23.397680892342,-2.541552158613,
    -102.4706004591));
#7046 = CARTESIAN_POINT('',(23.497439774556,-2.600907871593,
    -102.4645523413));
#7047 = CARTESIAN_POINT('',(23.599699642115,-2.655670331644,
    -102.4583521515));
#7048 = CARTESIAN_POINT('',(23.765025173159,-2.734846396661,
    -102.448327444));
#7049 = CARTESIAN_POINT('',(23.826606944239,-2.762377645721,
    -102.4445932062));
#7050 = CARTESIAN_POINT('',(23.888899041476,-2.788288590467,
    -102.440815735));
#7051 = CARTESIAN_POINT('',(23.951850376104,-2.812557544379,
    -102.436998122));
#7052 = CARTESIAN_POINT('',(24.015409121674,-2.835164852239,
    -102.4331435039));
#7053 = CARTESIAN_POINT('',(24.079522714049,-2.856092890131,
    -102.4292550634));
#7054 = CARTESIAN_POINT('',(24.285928332461,-2.91753105472,
    -102.4167361565));
#7055 = CARTESIAN_POINT('',(24.430137618637,-2.951575519876,
    -102.4079887373));
#7056 = CARTESIAN_POINT('',(24.576198153769,-2.977293835657,
    -102.3991281414));
#7057 = CARTESIAN_POINT('',(24.723535674068,-2.994569949723,
    -102.3901891665));
#7058 = CARTESIAN_POINT('',(24.87157012238,-3.003337312363,
    -102.3812069818));
#7059 = CARTESIAN_POINT('',(25.019716562451,-3.003578806212,
    -102.3722170746));
#7060 = CARTESIAN_POINT('',(25.279379415732,-2.989068218467,
    -102.3564584603));
#7061 = CARTESIAN_POINT('',(25.391101247598,-2.977924367947,
    -102.3496776753));
#7062 = CARTESIAN_POINT('',(25.502295758021,-2.961909405572,
    -102.3429283707));
#7063 = CARTESIAN_POINT('',(25.612709754741,-2.941053783635,
    -102.3362259241));
#7064 = CARTESIAN_POINT('',(25.722092874672,-2.915404120061,
    -102.3295855484));
#7065 = CARTESIAN_POINT('',(25.830197774582,-2.885023192907,
    -102.3230222798));
#7066 = CARTESIAN_POINT('',(26.045403828113,-2.814285821661,
    -102.3099557313));
#7067 = CARTESIAN_POINT('',(26.15244791481,-2.773748901539,
    -102.303455898));
#7068 = CARTESIAN_POINT('',(26.257654129708,-2.728462933195,
    -102.2970671836));
#7069 = CARTESIAN_POINT('',(26.360771117674,-2.678527913528,
    -102.2908048818));
#7070 = CARTESIAN_POINT('',(26.46155485446,-2.624060072095,
    -102.284683847));
#7071 = CARTESIAN_POINT('',(26.559768880583,-2.565191865582,
    -102.278718479));
#7072 = CARTESIAN_POINT('',(26.751714152701,-2.438215164057,
    -102.2670592712));
#7073 = CARTESIAN_POINT('',(26.845381417562,-2.370005659401,
    -102.2613693088));
#7074 = CARTESIAN_POINT('',(26.935949596074,-2.297597626077,
    -102.2558672417));
#7075 = CARTESIAN_POINT('',(27.023193644989,-2.221159912062,
    -102.2505667855));
#7076 = CARTESIAN_POINT('',(27.106900481626,-2.140875997564,
    -102.2454809314));
#7077 = CARTESIAN_POINT('',(27.186869253939,-2.056943947034,
    -102.2406219293));
#7078 = CARTESIAN_POINT('',(27.464234079023,-1.738270299531,
    -102.2237680523));
#7079 = CARTESIAN_POINT('',(27.638127107525,-1.482778121314,
    -102.2131998578));
#7080 = CARTESIAN_POINT('',(27.780914035681,-1.207175421001,
    -102.2045209329));
#7081 = CARTESIAN_POINT('',(27.889941232263,-0.91603975688,
    -102.1978933759));
#7082 = CARTESIAN_POINT('',(27.9633343479,-0.614260594133,
    -102.1934317397));
#7083 = CARTESIAN_POINT('',(28.,-0.307052509673,-102.1912028008));
#7084 = CARTESIAN_POINT('',(28.,-6.661338147751E-15,-102.1912028008));
#7085 = PCURVE('',#5826,#7086);
#7086 = DEFINITIONAL_REPRESENTATION('',(#7087),#7144);
#7087 = B_SPLINE_CURVE_WITH_KNOTS('',7,(#7088,#7089,#7090,#7091,#7092,
    #7093,#7094,#7095,#7096,#7097,#7098,#7099,#7100,#7101,#7102,#7103,
    #7104,#7105,#7106,#7107,#7108,#7109,#7110,#7111,#7112,#7113,#7114,
    #7115,#7116,#7117,#7118,#7119,#7120,#7121,#7122,#7123,#7124,#7125,
    #7126,#7127,#7128,#7129,#7130,#7131,#7132,#7133,#7134,#7135,#7136,
    #7137,#7138,#7139,#7140,#7141,#7142,#7143),.UNSPECIFIED.,.F.,.F.,(8,
    6,6,6,6,6,6,6,6,8),(0.,0.178182279757,0.271568965852,0.357698531026,
    0.407825535262,0.517823475912,0.601246473088,0.686266945057,
    0.772280017752,1.),.UNSPECIFIED.);
#7088 = CARTESIAN_POINT('',(6.28318530718,4.818919354889));
#7089 = CARTESIAN_POINT('',(6.272268800375,4.818919354889));
#7090 = CARTESIAN_POINT('',(6.261349919041,4.819043249498));
#7091 = CARTESIAN_POINT('',(6.250598571344,4.819291137128));
#7092 = CARTESIAN_POINT('',(6.240180200053,4.819659957704));
#7093 = CARTESIAN_POINT('',(6.230245301691,4.820144027812));
#7094 = CARTESIAN_POINT('',(6.220922661464,4.820735391482));
#7095 = CARTESIAN_POINT('',(6.207805646654,4.821784884523));
#7096 = CARTESIAN_POINT('',(6.203491335425,4.822172523739));
#7097 = CARTESIAN_POINT('',(6.199388186065,4.822585480307));
#7098 = CARTESIAN_POINT('',(6.195508810792,4.823022212667));
#7099 = CARTESIAN_POINT('',(6.191863703593,4.823481079312));
#7100 = CARTESIAN_POINT('',(6.188461325555,4.82396035646));
#7101 = CARTESIAN_POINT('',(6.18240008637,4.824917463026));
#7102 = CARTESIAN_POINT('',(6.179703932686,4.825392520627));
#7103 = CARTESIAN_POINT('',(6.177224847546,4.825882025045));
#7104 = CARTESIAN_POINT('',(6.174966450182,4.826384544905));
#7105 = CARTESIAN_POINT('',(6.172931004551,4.826898628472));
#7106 = CARTESIAN_POINT('',(6.171119563219,4.827422811196));
#7107 = CARTESIAN_POINT('',(6.168608221653,4.828265717363));
#7108 = CARTESIAN_POINT('',(6.167760199827,4.828578736456));
#7109 = CARTESIAN_POINT('',(6.166988026957,4.82889439144));
#7110 = CARTESIAN_POINT('',(6.166291572296,4.82921239462));
#7111 = CARTESIAN_POINT('',(6.165670593185,4.829532459683));
#7112 = CARTESIAN_POINT('',(6.165124735047,4.829854301697));
#7113 = CARTESIAN_POINT('',(6.163619529219,4.830887159471));
#7114 = CARTESIAN_POINT('',(6.162945030013,4.83160389233));
#7115 = CARTESIAN_POINT('',(6.162625214921,4.83232481723));
#7116 = CARTESIAN_POINT('',(6.162653021878,4.833047008413));
#7117 = CARTESIAN_POINT('',(6.163019546615,4.833767630901));
#7118 = CARTESIAN_POINT('',(6.163714443665,4.834483938569));
#7119 = CARTESIAN_POINT('',(6.165493745116,4.835731234474));
#7120 = CARTESIAN_POINT('',(6.166443498492,4.836265198749));
#7121 = CARTESIAN_POINT('',(6.167570597767,4.836794009164));
#7122 = CARTESIAN_POINT('',(6.168869723872,4.837316556577));
#7123 = CARTESIAN_POINT('',(6.170335278973,4.837831775468));
#7124 = CARTESIAN_POINT('',(6.171961437042,4.838338640805));
#7125 = CARTESIAN_POINT('',(6.175557051699,4.83934321617));
#7126 = CARTESIAN_POINT('',(6.177532515727,4.839840573363));
#7127 = CARTESIAN_POINT('',(6.179662211867,4.840327190735));
#7128 = CARTESIAN_POINT('',(6.181939632502,4.840802079528));
#7129 = CARTESIAN_POINT('',(6.18435814986,4.841264303861));
#7130 = CARTESIAN_POINT('',(6.186911028817,4.841712976601));
#7131 = CARTESIAN_POINT('',(6.192303143982,4.84258660402));
#7132 = CARTESIAN_POINT('',(6.195145424048,4.843011228539));
#7133 = CARTESIAN_POINT('',(6.198111190719,4.843420256719));
#7134 = CARTESIAN_POINT('',(6.201193351544,4.84381287905));
#7135 = CARTESIAN_POINT('',(6.204384790464,4.844188344605));
#7136 = CARTESIAN_POINT('',(6.207678347461,4.844545957056));
#7137 = CARTESIAN_POINT('',(6.220037736218,4.845782875493));
#7138 = CARTESIAN_POINT('',(6.229677900201,4.846551426797));
#7139 = CARTESIAN_POINT('',(6.239847674725,4.847177927468));
#7140 = CARTESIAN_POINT('',(6.250413581118,4.847653942344));
#7141 = CARTESIAN_POINT('',(6.261247433025,4.847973593523));
#7142 = CARTESIAN_POINT('',(6.27221914612,4.848133286368));
#7143 = CARTESIAN_POINT('',(6.28318530718,4.848133286368));
#7144 = ( GEOMETRIC_REPRESENTATION_CONTEXT(2) 
PARAMETRIC_REPRESENTATION_CONTEXT() REPRESENTATION_CONTEXT('2D SPACE',''
  ) );
#7145 = PCURVE('',#556,#7146);
#7146 = DEFINITIONAL_REPRESENTATION('',(#7147),#7204);
#7147 = B_SPLINE_CURVE_WITH_KNOTS('',7,(#7148,#7149,#7150,#7151,#7152,
    #7153,#7154,#7155,#7156,#7157,#7158,#7159,#7160,#7161,#7162,#7163,
    #7164,#7165,#7166,#7167,#7168,#7169,#7170,#7171,#7172,#7173,#7174,
    #7175,#7176,#7177,#7178,#7179,#7180,#7181,#7182,#7183,#7184,#7185,
    #7186,#7187,#7188,#7189,#7190,#7191,#7192,#7193,#7194,#7195,#7196,
    #7197,#7198,#7199,#7200,#7201,#7202,#7203),.UNSPECIFIED.,.F.,.F.,(8,
    6,6,6,6,6,6,6,6,8),(0.,0.178182279757,0.271568965852,0.357698531026,
    0.407825535262,0.517823475912,0.601246473088,0.686266945057,
    0.772280017752,1.),.UNSPECIFIED.);
#7148 = CARTESIAN_POINT('',(3.14159265359,6.444700245528));
#7149 = CARTESIAN_POINT('',(3.221647036823,6.444700245528));
#7150 = CARTESIAN_POINT('',(3.301718687392,6.446058986153));
#7151 = CARTESIAN_POINT('',(3.381774302851,6.448777457412));
#7152 = CARTESIAN_POINT('',(3.461813395335,6.452832221385));
#7153 = CARTESIAN_POINT('',(3.54184698152,6.458180574003));
#7154 = CARTESIAN_POINT('',(3.621877872986,6.464761099264));
#7155 = CARTESIAN_POINT('',(3.743813634777,6.476540190167));
#7156 = CARTESIAN_POINT('',(3.785741230155,6.480906476357));
#7157 = CARTESIAN_POINT('',(3.827664066825,6.485576652049));
#7158 = CARTESIAN_POINT('',(3.869582059566,6.490537658755));
#7159 = CARTESIAN_POINT('',(3.911495570792,6.495775222121));
#7160 = CARTESIAN_POINT('',(3.953404657108,6.501273872129));
#7161 = CARTESIAN_POINT('',(4.033955622625,6.512313756301));
#7162 = CARTESIAN_POINT('',(4.072599161198,6.517818590051));
#7163 = CARTESIAN_POINT('',(4.11123828114,6.52351841426));
#7164 = CARTESIAN_POINT('',(4.149873130659,6.529399540821));
#7165 = CARTESIAN_POINT('',(4.188504165207,6.535447658634));
#7166 = CARTESIAN_POINT('',(4.227131656094,6.541647848429));
#7167 = CARTESIAN_POINT('',(4.288233920543,6.55167255597));
#7168 = CARTESIAN_POINT('',(4.31071143776,6.55540679376));
#7169 = CARTESIAN_POINT('',(4.333187794925,6.559184264931));
#7170 = CARTESIAN_POINT('',(4.355663042362,6.563001877998));
#7171 = CARTESIAN_POINT('',(4.378137236548,6.566856496011));
#7172 = CARTESIAN_POINT('',(4.400610440109,6.57074493656));
#7173 = CARTESIAN_POINT('',(4.472395557245,6.583263843425));
#7174 = CARTESIAN_POINT('',(4.521705129288,6.592011262691));
#7175 = CARTESIAN_POINT('',(4.571010217353,6.60087185853));
#7176 = CARTESIAN_POINT('',(4.62031202607,6.609810833492));
#7177 = CARTESIAN_POINT('',(4.669612620255,6.618793018111));
#7178 = CARTESIAN_POINT('',(4.718913359882,6.627782925302));
#7179 = CARTESIAN_POINT('',(4.805602686747,6.643541539671));
#7180 = CARTESIAN_POINT('',(4.842992544805,6.65032232465));
#7181 = CARTESIAN_POINT('',(4.88038286842,6.657071629251));
#7182 = CARTESIAN_POINT('',(4.917774204923,6.663774075828));
#7183 = CARTESIAN_POINT('',(4.955167288215,6.670414451509));
#7184 = CARTESIAN_POINT('',(4.992562637208,6.676977720187));
#7185 = CARTESIAN_POINT('',(5.068073799861,6.690044268625));
#7186 = CARTESIAN_POINT('',(5.106190330879,6.69654410195));
#7187 = CARTESIAN_POINT('',(5.144309610704,6.702932816399));
#7188 = CARTESIAN_POINT('',(5.182432126462,6.709195118163));
#7189 = CARTESIAN_POINT('',(5.220558540521,6.715316152903));
#7190 = CARTESIAN_POINT('',(5.258689241999,6.721281520947));
#7191 = CARTESIAN_POINT('',(5.335403770696,6.732940728762));
#7192 = CARTESIAN_POINT('',(5.37398839076,6.738630691178));
#7193 = CARTESIAN_POINT('',(5.412577373681,6.744132758209));
#7194 = CARTESIAN_POINT('',(5.451170996771,6.749433214484));
#7195 = CARTESIAN_POINT('',(5.489769709785,6.754519068558));
#7196 = CARTESIAN_POINT('',(5.528373645266,6.759378070686));
#7197 = CARTESIAN_POINT('',(5.669198256359,6.776231947692));
#7198 = CARTESIAN_POINT('',(5.771492940517,6.786800142115));
#7199 = CARTESIAN_POINT('',(5.873780942882,6.795479067064));
#7200 = CARTESIAN_POINT('',(5.976087458229,6.802106624087));
#7201 = CARTESIAN_POINT('',(6.078431754565,6.806568260227));
#7202 = CARTESIAN_POINT('',(6.180834470622,6.808797199191));
#7203 = CARTESIAN_POINT('',(6.28318530718,6.808797199191));
#7204 = ( GEOMETRIC_REPRESENTATION_CONTEXT(2) 
PARAMETRIC_REPRESENTATION_CONTEXT() REPRESENTATION_CONTEXT('2D SPACE',''
  ) );
#7205 = ADVANCED_FACE('',(#7206),#6584,.F.);
#7206 = FACE_BOUND('',#7207,.F.);
#7207 = EDGE_LOOP('',(#7208,#7209,#7232,#7259));
#7208 = ORIENTED_EDGE('',*,*,#6124,.F.);
#7209 = ORIENTED_EDGE('',*,*,#7210,.T.);
#7210 = EDGE_CURVE('',#6101,#7211,#7213,.T.);
#7211 = VERTEX_POINT('',#7212);
#7212 = CARTESIAN_POINT('',(43.54,-1.066422432698E-14,-95.3));
#7213 = SEAM_CURVE('',#7214,(#7218,#7225),.PCURVE_S1.);
#7214 = LINE('',#7215,#7216);
#7215 = CARTESIAN_POINT('',(43.54,-1.066422432698E-14,-105.));
#7216 = VECTOR('',#7217,1.);
#7217 = DIRECTION('',(0.,0.,1.));
#7218 = PCURVE('',#6584,#7219);
#7219 = DEFINITIONAL_REPRESENTATION('',(#7220),#7224);
#7220 = LINE('',#7221,#7222);
#7221 = CARTESIAN_POINT('',(0.,-0.));
#7222 = VECTOR('',#7223,1.);
#7223 = DIRECTION('',(0.,1.));
#7224 = ( GEOMETRIC_REPRESENTATION_CONTEXT(2) 
PARAMETRIC_REPRESENTATION_CONTEXT() REPRESENTATION_CONTEXT('2D SPACE',''
  ) );
#7225 = PCURVE('',#6584,#7226);
#7226 = DEFINITIONAL_REPRESENTATION('',(#7227),#7231);
#7227 = LINE('',#7228,#7229);
#7228 = CARTESIAN_POINT('',(6.28318530718,-0.));
#7229 = VECTOR('',#7230,1.);
#7230 = DIRECTION('',(0.,1.));
#7231 = ( GEOMETRIC_REPRESENTATION_CONTEXT(2) 
PARAMETRIC_REPRESENTATION_CONTEXT() REPRESENTATION_CONTEXT('2D SPACE',''
  ) );
#7232 = ORIENTED_EDGE('',*,*,#7233,.F.);
#7233 = EDGE_CURVE('',#7211,#7211,#7234,.T.);
#7234 = SURFACE_CURVE('',#7235,(#7240,#7247),.PCURVE_S1.);
#7235 = CIRCLE('',#7236,43.54);
#7236 = AXIS2_PLACEMENT_3D('',#7237,#7238,#7239);
#7237 = CARTESIAN_POINT('',(0.,0.,-95.3));
#7238 = DIRECTION('',(0.,0.,1.));
#7239 = DIRECTION('',(1.,0.,-0.));
#7240 = PCURVE('',#6584,#7241);
#7241 = DEFINITIONAL_REPRESENTATION('',(#7242),#7246);
#7242 = LINE('',#7243,#7244);
#7243 = CARTESIAN_POINT('',(0.,9.7));
#7244 = VECTOR('',#7245,1.);
#7245 = DIRECTION('',(1.,0.));
#7246 = ( GEOMETRIC_REPRESENTATION_CONTEXT(2) 
PARAMETRIC_REPRESENTATION_CONTEXT() REPRESENTATION_CONTEXT('2D SPACE',''
  ) );
#7247 = PCURVE('',#7248,#7253);
#7248 = PLANE('',#7249);
#7249 = AXIS2_PLACEMENT_3D('',#7250,#7251,#7252);
#7250 = CARTESIAN_POINT('',(0.,0.,-95.3));
#7251 = DIRECTION('',(0.,0.,1.));
#7252 = DIRECTION('',(1.,0.,-0.));
#7253 = DEFINITIONAL_REPRESENTATION('',(#7254),#7258);
#7254 = CIRCLE('',#7255,43.54);
#7255 = AXIS2_PLACEMENT_2D('',#7256,#7257);
#7256 = CARTESIAN_POINT('',(0.,0.));
#7257 = DIRECTION('',(1.,0.));
#7258 = ( GEOMETRIC_REPRESENTATION_CONTEXT(2) 
PARAMETRIC_REPRESENTATION_CONTEXT() REPRESENTATION_CONTEXT('2D SPACE',''
  ) );
#7259 = ORIENTED_EDGE('',*,*,#7210,.F.);
#7260 = ADVANCED_FACE('',(#7261,#8148),#7248,.T.);
#7261 = FACE_BOUND('',#7262,.T.);
#7262 = EDGE_LOOP('',(#7263,#7294,#7318,#7345,#7374,#7401,#7425,#7452,
    #7481,#7508,#7532,#7559,#7588,#7615,#7639,#7666,#7695,#7722,#7746,
    #7773,#7802,#7829,#7853,#7880,#7909,#7936,#7960,#7987,#8016,#8043,
    #8067,#8094,#8123));
#7263 = ORIENTED_EDGE('',*,*,#7264,.T.);
#7264 = EDGE_CURVE('',#7265,#7267,#7269,.T.);
#7265 = VERTEX_POINT('',#7266);
#7266 = CARTESIAN_POINT('',(43.912304333269,-6.562737854156,-95.3));
#7267 = VERTEX_POINT('',#7268);
#7268 = CARTESIAN_POINT('',(44.4,-1.087486357643E-14,-95.3));
#7269 = SURFACE_CURVE('',#7270,(#7275,#7282),.PCURVE_S1.);
#7270 = CIRCLE('',#7271,44.4);
#7271 = AXIS2_PLACEMENT_3D('',#7272,#7273,#7274);
#7272 = CARTESIAN_POINT('',(0.,0.,-95.3));
#7273 = DIRECTION('',(0.,0.,1.));
#7274 = DIRECTION('',(1.,0.,-0.));
#7275 = PCURVE('',#7248,#7276);
#7276 = DEFINITIONAL_REPRESENTATION('',(#7277),#7281);
#7277 = CIRCLE('',#7278,44.4);
#7278 = AXIS2_PLACEMENT_2D('',#7279,#7280);
#7279 = CARTESIAN_POINT('',(0.,0.));
#7280 = DIRECTION('',(1.,0.));
#7281 = ( GEOMETRIC_REPRESENTATION_CONTEXT(2) 
PARAMETRIC_REPRESENTATION_CONTEXT() REPRESENTATION_CONTEXT('2D SPACE',''
  ) );
#7282 = PCURVE('',#7283,#7288);
#7283 = CYLINDRICAL_SURFACE('',#7284,44.4);
#7284 = AXIS2_PLACEMENT_3D('',#7285,#7286,#7287);
#7285 = CARTESIAN_POINT('',(0.,0.,-105.));
#7286 = DIRECTION('',(0.,0.,1.));
#7287 = DIRECTION('',(1.,0.,-0.));
#7288 = DEFINITIONAL_REPRESENTATION('',(#7289),#7293);
#7289 = LINE('',#7290,#7291);
#7290 = CARTESIAN_POINT('',(0.,9.7));
#7291 = VECTOR('',#7292,1.);
#7292 = DIRECTION('',(1.,0.));
#7293 = ( GEOMETRIC_REPRESENTATION_CONTEXT(2) 
PARAMETRIC_REPRESENTATION_CONTEXT() REPRESENTATION_CONTEXT('2D SPACE',''
  ) );
#7294 = ORIENTED_EDGE('',*,*,#7295,.T.);
#7295 = EDGE_CURVE('',#7267,#7296,#7298,.T.);
#7296 = VERTEX_POINT('',#7297);
#7297 = CARTESIAN_POINT('',(43.912304333269,6.562737854156,-95.3));
#7298 = SURFACE_CURVE('',#7299,(#7304,#7311),.PCURVE_S1.);
#7299 = CIRCLE('',#7300,44.4);
#7300 = AXIS2_PLACEMENT_3D('',#7301,#7302,#7303);
#7301 = CARTESIAN_POINT('',(0.,0.,-95.3));
#7302 = DIRECTION('',(0.,0.,1.));
#7303 = DIRECTION('',(1.,0.,-0.));
#7304 = PCURVE('',#7248,#7305);
#7305 = DEFINITIONAL_REPRESENTATION('',(#7306),#7310);
#7306 = CIRCLE('',#7307,44.4);
#7307 = AXIS2_PLACEMENT_2D('',#7308,#7309);
#7308 = CARTESIAN_POINT('',(0.,0.));
#7309 = DIRECTION('',(1.,0.));
#7310 = ( GEOMETRIC_REPRESENTATION_CONTEXT(2) 
PARAMETRIC_REPRESENTATION_CONTEXT() REPRESENTATION_CONTEXT('2D SPACE',''
  ) );
#7311 = PCURVE('',#7283,#7312);
#7312 = DEFINITIONAL_REPRESENTATION('',(#7313),#7317);
#7313 = LINE('',#7314,#7315);
#7314 = CARTESIAN_POINT('',(0.,9.7));
#7315 = VECTOR('',#7316,1.);
#7316 = DIRECTION('',(1.,0.));
#7317 = ( GEOMETRIC_REPRESENTATION_CONTEXT(2) 
PARAMETRIC_REPRESENTATION_CONTEXT() REPRESENTATION_CONTEXT('2D SPACE',''
  ) );
#7318 = ORIENTED_EDGE('',*,*,#7319,.T.);
#7319 = EDGE_CURVE('',#7296,#7320,#7322,.T.);
#7320 = VERTEX_POINT('',#7321);
#7321 = CARTESIAN_POINT('',(46.088139232665,6.88791855864,-95.3));
#7322 = SURFACE_CURVE('',#7323,(#7327,#7334),.PCURVE_S1.);
#7323 = LINE('',#7324,#7325);
#7324 = CARTESIAN_POINT('',(14.835237950429,2.217141166944,-95.3));
#7325 = VECTOR('',#7326,1.);
#7326 = DIRECTION('',(0.989015863362,0.14780941113,-0.));
#7327 = PCURVE('',#7248,#7328);
#7328 = DEFINITIONAL_REPRESENTATION('',(#7329),#7333);
#7329 = LINE('',#7330,#7331);
#7330 = CARTESIAN_POINT('',(14.835237950429,2.217141166944));
#7331 = VECTOR('',#7332,1.);
#7332 = DIRECTION('',(0.989015863362,0.14780941113));
#7333 = ( GEOMETRIC_REPRESENTATION_CONTEXT(2) 
PARAMETRIC_REPRESENTATION_CONTEXT() REPRESENTATION_CONTEXT('2D SPACE',''
  ) );
#7334 = PCURVE('',#7335,#7340);
#7335 = PLANE('',#7336);
#7336 = AXIS2_PLACEMENT_3D('',#7337,#7338,#7339);
#7337 = CARTESIAN_POINT('',(29.670475900858,4.434282333888,-96.05));
#7338 = DIRECTION('',(0.14780941113,-0.989015863362,-0.));
#7339 = DIRECTION('',(0.,0.,-1.));
#7340 = DEFINITIONAL_REPRESENTATION('',(#7341),#7344);
#7341 = B_SPLINE_CURVE_WITH_KNOTS('',1,(#7342,#7343),.UNSPECIFIED.,.F.,
  .F.,(2,2),(-15.,32.117545558465),.PIECEWISE_BEZIER_KNOTS.);
#7342 = CARTESIAN_POINT('',(-0.75,-30.));
#7343 = CARTESIAN_POINT('',(-0.75,17.117545558465));
#7344 = ( GEOMETRIC_REPRESENTATION_CONTEXT(2) 
PARAMETRIC_REPRESENTATION_CONTEXT() REPRESENTATION_CONTEXT('2D SPACE',''
  ) );
#7345 = ORIENTED_EDGE('',*,*,#7346,.T.);
#7346 = EDGE_CURVE('',#7320,#7347,#7349,.T.);
#7347 = VERTEX_POINT('',#7348);
#7348 = CARTESIAN_POINT('',(37.459729704762,27.718741862613,-95.3));
#7349 = SURFACE_CURVE('',#7350,(#7355,#7362),.PCURVE_S1.);
#7350 = CIRCLE('',#7351,46.6);
#7351 = AXIS2_PLACEMENT_3D('',#7352,#7353,#7354);
#7352 = CARTESIAN_POINT('',(0.,0.,-95.3));
#7353 = DIRECTION('',(0.,0.,1.));
#7354 = DIRECTION('',(1.,0.,-0.));
#7355 = PCURVE('',#7248,#7356);
#7356 = DEFINITIONAL_REPRESENTATION('',(#7357),#7361);
#7357 = CIRCLE('',#7358,46.6);
#7358 = AXIS2_PLACEMENT_2D('',#7359,#7360);
#7359 = CARTESIAN_POINT('',(0.,0.));
#7360 = DIRECTION('',(1.,0.));
#7361 = ( GEOMETRIC_REPRESENTATION_CONTEXT(2) 
PARAMETRIC_REPRESENTATION_CONTEXT() REPRESENTATION_CONTEXT('2D SPACE',''
  ) );
#7362 = PCURVE('',#7363,#7368);
#7363 = CYLINDRICAL_SURFACE('',#7364,46.6);
#7364 = AXIS2_PLACEMENT_3D('',#7365,#7366,#7367);
#7365 = CARTESIAN_POINT('',(0.,0.,-96.8));
#7366 = DIRECTION('',(0.,0.,1.));
#7367 = DIRECTION('',(1.,0.,-0.));
#7368 = DEFINITIONAL_REPRESENTATION('',(#7369),#7373);
#7369 = LINE('',#7370,#7371);
#7370 = CARTESIAN_POINT('',(0.,1.5));
#7371 = VECTOR('',#7372,1.);
#7372 = DIRECTION('',(1.,0.));
#7373 = ( GEOMETRIC_REPRESENTATION_CONTEXT(2) 
PARAMETRIC_REPRESENTATION_CONTEXT() REPRESENTATION_CONTEXT('2D SPACE',''
  ) );
#7374 = ORIENTED_EDGE('',*,*,#7375,.F.);
#7375 = EDGE_CURVE('',#7376,#7347,#7378,.T.);
#7376 = VERTEX_POINT('',#7377);
#7377 = CARTESIAN_POINT('',(35.691244611405,26.410131731759,-95.3));
#7378 = SURFACE_CURVE('',#7379,(#7383,#7390),.PCURVE_S1.);
#7379 = LINE('',#7380,#7381);
#7380 = CARTESIAN_POINT('',(12.057852909258,8.92234180127,-95.3));
#7381 = VECTOR('',#7382,1.);
#7382 = DIRECTION('',(0.803856860617,0.594822786751,-0.));
#7383 = PCURVE('',#7248,#7384);
#7384 = DEFINITIONAL_REPRESENTATION('',(#7385),#7389);
#7385 = LINE('',#7386,#7387);
#7386 = CARTESIAN_POINT('',(12.057852909258,8.92234180127));
#7387 = VECTOR('',#7388,1.);
#7388 = DIRECTION('',(0.803856860617,0.594822786751));
#7389 = ( GEOMETRIC_REPRESENTATION_CONTEXT(2) 
PARAMETRIC_REPRESENTATION_CONTEXT() REPRESENTATION_CONTEXT('2D SPACE',''
  ) );
#7390 = PCURVE('',#7391,#7396);
#7391 = PLANE('',#7392);
#7392 = AXIS2_PLACEMENT_3D('',#7393,#7394,#7395);
#7393 = CARTESIAN_POINT('',(24.115705818517,17.84468360254,-96.05));
#7394 = DIRECTION('',(0.594822786751,-0.803856860617,0.));
#7395 = DIRECTION('',(0.,0.,-1.));
#7396 = DEFINITIONAL_REPRESENTATION('',(#7397),#7400);
#7397 = B_SPLINE_CURVE_WITH_KNOTS('',1,(#7398,#7399),.UNSPECIFIED.,.F.,
  .F.,(2,2),(-15.,42.970519731858),.PIECEWISE_BEZIER_KNOTS.);
#7398 = CARTESIAN_POINT('',(-0.75,-30.));
#7399 = CARTESIAN_POINT('',(-0.75,27.970519731858));
#7400 = ( GEOMETRIC_REPRESENTATION_CONTEXT(2) 
PARAMETRIC_REPRESENTATION_CONTEXT() REPRESENTATION_CONTEXT('2D SPACE',''
  ) );
#7401 = ORIENTED_EDGE('',*,*,#7402,.T.);
#7402 = EDGE_CURVE('',#7376,#7403,#7405,.T.);
#7403 = VERTEX_POINT('',#7404);
#7404 = CARTESIAN_POINT('',(26.410131731759,35.691244611405,-95.3));
#7405 = SURFACE_CURVE('',#7406,(#7411,#7418),.PCURVE_S1.);
#7406 = CIRCLE('',#7407,44.4);
#7407 = AXIS2_PLACEMENT_3D('',#7408,#7409,#7410);
#7408 = CARTESIAN_POINT('',(0.,0.,-95.3));
#7409 = DIRECTION('',(0.,0.,1.));
#7410 = DIRECTION('',(1.,0.,-0.));
#7411 = PCURVE('',#7248,#7412);
#7412 = DEFINITIONAL_REPRESENTATION('',(#7413),#7417);
#7413 = CIRCLE('',#7414,44.4);
#7414 = AXIS2_PLACEMENT_2D('',#7415,#7416);
#7415 = CARTESIAN_POINT('',(0.,0.));
#7416 = DIRECTION('',(1.,0.));
#7417 = ( GEOMETRIC_REPRESENTATION_CONTEXT(2) 
PARAMETRIC_REPRESENTATION_CONTEXT() REPRESENTATION_CONTEXT('2D SPACE',''
  ) );
#7418 = PCURVE('',#7283,#7419);
#7419 = DEFINITIONAL_REPRESENTATION('',(#7420),#7424);
#7420 = LINE('',#7421,#7422);
#7421 = CARTESIAN_POINT('',(0.,9.7));
#7422 = VECTOR('',#7423,1.);
#7423 = DIRECTION('',(1.,0.));
#7424 = ( GEOMETRIC_REPRESENTATION_CONTEXT(2) 
PARAMETRIC_REPRESENTATION_CONTEXT() REPRESENTATION_CONTEXT('2D SPACE',''
  ) );
#7425 = ORIENTED_EDGE('',*,*,#7426,.T.);
#7426 = EDGE_CURVE('',#7403,#7427,#7429,.T.);
#7427 = VERTEX_POINT('',#7428);
#7428 = CARTESIAN_POINT('',(27.718741862613,37.459729704762,-95.3));
#7429 = SURFACE_CURVE('',#7430,(#7434,#7441),.PCURVE_S1.);
#7430 = LINE('',#7431,#7432);
#7431 = CARTESIAN_POINT('',(8.92234180127,12.057852909258,-95.3));
#7432 = VECTOR('',#7433,1.);
#7433 = DIRECTION('',(0.594822786751,0.803856860617,-0.));
#7434 = PCURVE('',#7248,#7435);
#7435 = DEFINITIONAL_REPRESENTATION('',(#7436),#7440);
#7436 = LINE('',#7437,#7438);
#7437 = CARTESIAN_POINT('',(8.92234180127,12.057852909258));
#7438 = VECTOR('',#7439,1.);
#7439 = DIRECTION('',(0.594822786751,0.803856860617));
#7440 = ( GEOMETRIC_REPRESENTATION_CONTEXT(2) 
PARAMETRIC_REPRESENTATION_CONTEXT() REPRESENTATION_CONTEXT('2D SPACE',''
  ) );
#7441 = PCURVE('',#7442,#7447);
#7442 = PLANE('',#7443);
#7443 = AXIS2_PLACEMENT_3D('',#7444,#7445,#7446);
#7444 = CARTESIAN_POINT('',(17.84468360254,24.115705818517,-96.05));
#7445 = DIRECTION('',(0.803856860617,-0.594822786751,-0.));
#7446 = DIRECTION('',(0.,0.,-1.));
#7447 = DEFINITIONAL_REPRESENTATION('',(#7448),#7451);
#7448 = B_SPLINE_CURVE_WITH_KNOTS('',1,(#7449,#7450),.UNSPECIFIED.,.F.,
  .F.,(2,2),(-15.,42.970519731858),.PIECEWISE_BEZIER_KNOTS.);
#7449 = CARTESIAN_POINT('',(-0.75,-30.));
#7450 = CARTESIAN_POINT('',(-0.75,27.970519731858));
#7451 = ( GEOMETRIC_REPRESENTATION_CONTEXT(2) 
PARAMETRIC_REPRESENTATION_CONTEXT() REPRESENTATION_CONTEXT('2D SPACE',''
  ) );
#7452 = ORIENTED_EDGE('',*,*,#7453,.T.);
#7453 = EDGE_CURVE('',#7427,#7454,#7456,.T.);
#7454 = VERTEX_POINT('',#7455);
#7455 = CARTESIAN_POINT('',(6.88791855864,46.088139232665,-95.3));
#7456 = SURFACE_CURVE('',#7457,(#7462,#7469),.PCURVE_S1.);
#7457 = CIRCLE('',#7458,46.6);
#7458 = AXIS2_PLACEMENT_3D('',#7459,#7460,#7461);
#7459 = CARTESIAN_POINT('',(0.,0.,-95.3));
#7460 = DIRECTION('',(0.,0.,1.));
#7461 = DIRECTION('',(1.,0.,-0.));
#7462 = PCURVE('',#7248,#7463);
#7463 = DEFINITIONAL_REPRESENTATION('',(#7464),#7468);
#7464 = CIRCLE('',#7465,46.6);
#7465 = AXIS2_PLACEMENT_2D('',#7466,#7467);
#7466 = CARTESIAN_POINT('',(0.,0.));
#7467 = DIRECTION('',(1.,0.));
#7468 = ( GEOMETRIC_REPRESENTATION_CONTEXT(2) 
PARAMETRIC_REPRESENTATION_CONTEXT() REPRESENTATION_CONTEXT('2D SPACE',''
  ) );
#7469 = PCURVE('',#7470,#7475);
#7470 = CYLINDRICAL_SURFACE('',#7471,46.6);
#7471 = AXIS2_PLACEMENT_3D('',#7472,#7473,#7474);
#7472 = CARTESIAN_POINT('',(0.,0.,-96.8));
#7473 = DIRECTION('',(0.,0.,1.));
#7474 = DIRECTION('',(1.,0.,-0.));
#7475 = DEFINITIONAL_REPRESENTATION('',(#7476),#7480);
#7476 = LINE('',#7477,#7478);
#7477 = CARTESIAN_POINT('',(0.,1.5));
#7478 = VECTOR('',#7479,1.);
#7479 = DIRECTION('',(1.,0.));
#7480 = ( GEOMETRIC_REPRESENTATION_CONTEXT(2) 
PARAMETRIC_REPRESENTATION_CONTEXT() REPRESENTATION_CONTEXT('2D SPACE',''
  ) );
#7481 = ORIENTED_EDGE('',*,*,#7482,.F.);
#7482 = EDGE_CURVE('',#7483,#7454,#7485,.T.);
#7483 = VERTEX_POINT('',#7484);
#7484 = CARTESIAN_POINT('',(6.562737854156,43.912304333269,-95.3));
#7485 = SURFACE_CURVE('',#7486,(#7490,#7497),.PCURVE_S1.);
#7486 = LINE('',#7487,#7488);
#7487 = CARTESIAN_POINT('',(2.217141166944,14.835237950429,-95.3));
#7488 = VECTOR('',#7489,1.);
#7489 = DIRECTION('',(0.14780941113,0.989015863362,-0.));
#7490 = PCURVE('',#7248,#7491);
#7491 = DEFINITIONAL_REPRESENTATION('',(#7492),#7496);
#7492 = LINE('',#7493,#7494);
#7493 = CARTESIAN_POINT('',(2.217141166944,14.835237950429));
#7494 = VECTOR('',#7495,1.);
#7495 = DIRECTION('',(0.14780941113,0.989015863362));
#7496 = ( GEOMETRIC_REPRESENTATION_CONTEXT(2) 
PARAMETRIC_REPRESENTATION_CONTEXT() REPRESENTATION_CONTEXT('2D SPACE',''
  ) );
#7497 = PCURVE('',#7498,#7503);
#7498 = PLANE('',#7499);
#7499 = AXIS2_PLACEMENT_3D('',#7500,#7501,#7502);
#7500 = CARTESIAN_POINT('',(4.434282333888,29.670475900858,-96.05));
#7501 = DIRECTION('',(0.989015863362,-0.14780941113,0.));
#7502 = DIRECTION('',(0.,0.,-1.));
#7503 = DEFINITIONAL_REPRESENTATION('',(#7504),#7507);
#7504 = B_SPLINE_CURVE_WITH_KNOTS('',1,(#7505,#7506),.UNSPECIFIED.,.F.,
  .F.,(2,2),(-15.,32.117545558465),.PIECEWISE_BEZIER_KNOTS.);
#7505 = CARTESIAN_POINT('',(-0.75,-30.));
#7506 = CARTESIAN_POINT('',(-0.75,17.117545558465));
#7507 = ( GEOMETRIC_REPRESENTATION_CONTEXT(2) 
PARAMETRIC_REPRESENTATION_CONTEXT() REPRESENTATION_CONTEXT('2D SPACE',''
  ) );
#7508 = ORIENTED_EDGE('',*,*,#7509,.T.);
#7509 = EDGE_CURVE('',#7483,#7510,#7512,.T.);
#7510 = VERTEX_POINT('',#7511);
#7511 = CARTESIAN_POINT('',(-6.562737854156,43.912304333269,-95.3));
#7512 = SURFACE_CURVE('',#7513,(#7518,#7525),.PCURVE_S1.);
#7513 = CIRCLE('',#7514,44.4);
#7514 = AXIS2_PLACEMENT_3D('',#7515,#7516,#7517);
#7515 = CARTESIAN_POINT('',(0.,0.,-95.3));
#7516 = DIRECTION('',(0.,0.,1.));
#7517 = DIRECTION('',(1.,0.,-0.));
#7518 = PCURVE('',#7248,#7519);
#7519 = DEFINITIONAL_REPRESENTATION('',(#7520),#7524);
#7520 = CIRCLE('',#7521,44.4);
#7521 = AXIS2_PLACEMENT_2D('',#7522,#7523);
#7522 = CARTESIAN_POINT('',(0.,0.));
#7523 = DIRECTION('',(1.,0.));
#7524 = ( GEOMETRIC_REPRESENTATION_CONTEXT(2) 
PARAMETRIC_REPRESENTATION_CONTEXT() REPRESENTATION_CONTEXT('2D SPACE',''
  ) );
#7525 = PCURVE('',#7283,#7526);
#7526 = DEFINITIONAL_REPRESENTATION('',(#7527),#7531);
#7527 = LINE('',#7528,#7529);
#7528 = CARTESIAN_POINT('',(0.,9.7));
#7529 = VECTOR('',#7530,1.);
#7530 = DIRECTION('',(1.,0.));
#7531 = ( GEOMETRIC_REPRESENTATION_CONTEXT(2) 
PARAMETRIC_REPRESENTATION_CONTEXT() REPRESENTATION_CONTEXT('2D SPACE',''
  ) );
#7532 = ORIENTED_EDGE('',*,*,#7533,.T.);
#7533 = EDGE_CURVE('',#7510,#7534,#7536,.T.);
#7534 = VERTEX_POINT('',#7535);
#7535 = CARTESIAN_POINT('',(-6.88791855864,46.088139232665,-95.3));
#7536 = SURFACE_CURVE('',#7537,(#7541,#7548),.PCURVE_S1.);
#7537 = LINE('',#7538,#7539);
#7538 = CARTESIAN_POINT('',(-2.217141166944,14.835237950429,-95.3));
#7539 = VECTOR('',#7540,1.);
#7540 = DIRECTION('',(-0.14780941113,0.989015863362,0.));
#7541 = PCURVE('',#7248,#7542);
#7542 = DEFINITIONAL_REPRESENTATION('',(#7543),#7547);
#7543 = LINE('',#7544,#7545);
#7544 = CARTESIAN_POINT('',(-2.217141166944,14.835237950429));
#7545 = VECTOR('',#7546,1.);
#7546 = DIRECTION('',(-0.14780941113,0.989015863362));
#7547 = ( GEOMETRIC_REPRESENTATION_CONTEXT(2) 
PARAMETRIC_REPRESENTATION_CONTEXT() REPRESENTATION_CONTEXT('2D SPACE',''
  ) );
#7548 = PCURVE('',#7549,#7554);
#7549 = PLANE('',#7550);
#7550 = AXIS2_PLACEMENT_3D('',#7551,#7552,#7553);
#7551 = CARTESIAN_POINT('',(-4.434282333888,29.670475900858,-96.05));
#7552 = DIRECTION('',(0.989015863362,0.14780941113,-0.));
#7553 = DIRECTION('',(-0.,0.,-1.));
#7554 = DEFINITIONAL_REPRESENTATION('',(#7555),#7558);
#7555 = B_SPLINE_CURVE_WITH_KNOTS('',1,(#7556,#7557),.UNSPECIFIED.,.F.,
  .F.,(2,2),(-15.,32.117545558465),.PIECEWISE_BEZIER_KNOTS.);
#7556 = CARTESIAN_POINT('',(-0.75,-30.));
#7557 = CARTESIAN_POINT('',(-0.75,17.117545558465));
#7558 = ( GEOMETRIC_REPRESENTATION_CONTEXT(2) 
PARAMETRIC_REPRESENTATION_CONTEXT() REPRESENTATION_CONTEXT('2D SPACE',''
  ) );
#7559 = ORIENTED_EDGE('',*,*,#7560,.T.);
#7560 = EDGE_CURVE('',#7534,#7561,#7563,.T.);
#7561 = VERTEX_POINT('',#7562);
#7562 = CARTESIAN_POINT('',(-27.71874186261,37.459729704762,-95.3));
#7563 = SURFACE_CURVE('',#7564,(#7569,#7576),.PCURVE_S1.);
#7564 = CIRCLE('',#7565,46.6);
#7565 = AXIS2_PLACEMENT_3D('',#7566,#7567,#7568);
#7566 = CARTESIAN_POINT('',(0.,0.,-95.3));
#7567 = DIRECTION('',(0.,0.,1.));
#7568 = DIRECTION('',(1.,0.,-0.));
#7569 = PCURVE('',#7248,#7570);
#7570 = DEFINITIONAL_REPRESENTATION('',(#7571),#7575);
#7571 = CIRCLE('',#7572,46.6);
#7572 = AXIS2_PLACEMENT_2D('',#7573,#7574);
#7573 = CARTESIAN_POINT('',(0.,0.));
#7574 = DIRECTION('',(1.,0.));
#7575 = ( GEOMETRIC_REPRESENTATION_CONTEXT(2) 
PARAMETRIC_REPRESENTATION_CONTEXT() REPRESENTATION_CONTEXT('2D SPACE',''
  ) );
#7576 = PCURVE('',#7577,#7582);
#7577 = CYLINDRICAL_SURFACE('',#7578,46.6);
#7578 = AXIS2_PLACEMENT_3D('',#7579,#7580,#7581);
#7579 = CARTESIAN_POINT('',(0.,0.,-96.8));
#7580 = DIRECTION('',(0.,0.,1.));
#7581 = DIRECTION('',(1.,0.,-0.));
#7582 = DEFINITIONAL_REPRESENTATION('',(#7583),#7587);
#7583 = LINE('',#7584,#7585);
#7584 = CARTESIAN_POINT('',(0.,1.5));
#7585 = VECTOR('',#7586,1.);
#7586 = DIRECTION('',(1.,0.));
#7587 = ( GEOMETRIC_REPRESENTATION_CONTEXT(2) 
PARAMETRIC_REPRESENTATION_CONTEXT() REPRESENTATION_CONTEXT('2D SPACE',''
  ) );
#7588 = ORIENTED_EDGE('',*,*,#7589,.F.);
#7589 = EDGE_CURVE('',#7590,#7561,#7592,.T.);
#7590 = VERTEX_POINT('',#7591);
#7591 = CARTESIAN_POINT('',(-26.41013173175,35.691244611405,-95.3));
#7592 = SURFACE_CURVE('',#7593,(#7597,#7604),.PCURVE_S1.);
#7593 = LINE('',#7594,#7595);
#7594 = CARTESIAN_POINT('',(-8.92234180127,12.057852909258,-95.3));
#7595 = VECTOR('',#7596,1.);
#7596 = DIRECTION('',(-0.594822786751,0.803856860617,0.));
#7597 = PCURVE('',#7248,#7598);
#7598 = DEFINITIONAL_REPRESENTATION('',(#7599),#7603);
#7599 = LINE('',#7600,#7601);
#7600 = CARTESIAN_POINT('',(-8.92234180127,12.057852909258));
#7601 = VECTOR('',#7602,1.);
#7602 = DIRECTION('',(-0.594822786751,0.803856860617));
#7603 = ( GEOMETRIC_REPRESENTATION_CONTEXT(2) 
PARAMETRIC_REPRESENTATION_CONTEXT() REPRESENTATION_CONTEXT('2D SPACE',''
  ) );
#7604 = PCURVE('',#7605,#7610);
#7605 = PLANE('',#7606);
#7606 = AXIS2_PLACEMENT_3D('',#7607,#7608,#7609);
#7607 = CARTESIAN_POINT('',(-17.84468360254,24.115705818517,-96.05));
#7608 = DIRECTION('',(0.803856860617,0.594822786751,0.));
#7609 = DIRECTION('',(-0.,0.,-1.));
#7610 = DEFINITIONAL_REPRESENTATION('',(#7611),#7614);
#7611 = B_SPLINE_CURVE_WITH_KNOTS('',1,(#7612,#7613),.UNSPECIFIED.,.F.,
  .F.,(2,2),(-15.,42.970519731858),.PIECEWISE_BEZIER_KNOTS.);
#7612 = CARTESIAN_POINT('',(-0.75,-30.));
#7613 = CARTESIAN_POINT('',(-0.75,27.970519731858));
#7614 = ( GEOMETRIC_REPRESENTATION_CONTEXT(2) 
PARAMETRIC_REPRESENTATION_CONTEXT() REPRESENTATION_CONTEXT('2D SPACE',''
  ) );
#7615 = ORIENTED_EDGE('',*,*,#7616,.T.);
#7616 = EDGE_CURVE('',#7590,#7617,#7619,.T.);
#7617 = VERTEX_POINT('',#7618);
#7618 = CARTESIAN_POINT('',(-35.6912446114,26.410131731759,-95.3));
#7619 = SURFACE_CURVE('',#7620,(#7625,#7632),.PCURVE_S1.);
#7620 = CIRCLE('',#7621,44.4);
#7621 = AXIS2_PLACEMENT_3D('',#7622,#7623,#7624);
#7622 = CARTESIAN_POINT('',(0.,0.,-95.3));
#7623 = DIRECTION('',(0.,0.,1.));
#7624 = DIRECTION('',(1.,0.,-0.));
#7625 = PCURVE('',#7248,#7626);
#7626 = DEFINITIONAL_REPRESENTATION('',(#7627),#7631);
#7627 = CIRCLE('',#7628,44.4);
#7628 = AXIS2_PLACEMENT_2D('',#7629,#7630);
#7629 = CARTESIAN_POINT('',(0.,0.));
#7630 = DIRECTION('',(1.,0.));
#7631 = ( GEOMETRIC_REPRESENTATION_CONTEXT(2) 
PARAMETRIC_REPRESENTATION_CONTEXT() REPRESENTATION_CONTEXT('2D SPACE',''
  ) );
#7632 = PCURVE('',#7283,#7633);
#7633 = DEFINITIONAL_REPRESENTATION('',(#7634),#7638);
#7634 = LINE('',#7635,#7636);
#7635 = CARTESIAN_POINT('',(0.,9.7));
#7636 = VECTOR('',#7637,1.);
#7637 = DIRECTION('',(1.,0.));
#7638 = ( GEOMETRIC_REPRESENTATION_CONTEXT(2) 
PARAMETRIC_REPRESENTATION_CONTEXT() REPRESENTATION_CONTEXT('2D SPACE',''
  ) );
#7639 = ORIENTED_EDGE('',*,*,#7640,.T.);
#7640 = EDGE_CURVE('',#7617,#7641,#7643,.T.);
#7641 = VERTEX_POINT('',#7642);
#7642 = CARTESIAN_POINT('',(-37.45972970476,27.718741862613,-95.3));
#7643 = SURFACE_CURVE('',#7644,(#7648,#7655),.PCURVE_S1.);
#7644 = LINE('',#7645,#7646);
#7645 = CARTESIAN_POINT('',(-12.05785290925,8.92234180127,-95.3));
#7646 = VECTOR('',#7647,1.);
#7647 = DIRECTION('',(-0.803856860617,0.594822786751,0.));
#7648 = PCURVE('',#7248,#7649);
#7649 = DEFINITIONAL_REPRESENTATION('',(#7650),#7654);
#7650 = LINE('',#7651,#7652);
#7651 = CARTESIAN_POINT('',(-12.05785290925,8.92234180127));
#7652 = VECTOR('',#7653,1.);
#7653 = DIRECTION('',(-0.803856860617,0.594822786751));
#7654 = ( GEOMETRIC_REPRESENTATION_CONTEXT(2) 
PARAMETRIC_REPRESENTATION_CONTEXT() REPRESENTATION_CONTEXT('2D SPACE',''
  ) );
#7655 = PCURVE('',#7656,#7661);
#7656 = PLANE('',#7657);
#7657 = AXIS2_PLACEMENT_3D('',#7658,#7659,#7660);
#7658 = CARTESIAN_POINT('',(-24.11570581851,17.84468360254,-96.05));
#7659 = DIRECTION('',(0.594822786751,0.803856860617,-0.));
#7660 = DIRECTION('',(-0.,0.,-1.));
#7661 = DEFINITIONAL_REPRESENTATION('',(#7662),#7665);
#7662 = B_SPLINE_CURVE_WITH_KNOTS('',1,(#7663,#7664),.UNSPECIFIED.,.F.,
  .F.,(2,2),(-15.,42.970519731858),.PIECEWISE_BEZIER_KNOTS.);
#7663 = CARTESIAN_POINT('',(-0.75,-30.));
#7664 = CARTESIAN_POINT('',(-0.75,27.970519731858));
#7665 = ( GEOMETRIC_REPRESENTATION_CONTEXT(2) 
PARAMETRIC_REPRESENTATION_CONTEXT() REPRESENTATION_CONTEXT('2D SPACE',''
  ) );
#7666 = ORIENTED_EDGE('',*,*,#7667,.T.);
#7667 = EDGE_CURVE('',#7641,#7668,#7670,.T.);
#7668 = VERTEX_POINT('',#7669);
#7669 = CARTESIAN_POINT('',(-46.08813923266,6.88791855864,-95.3));
#7670 = SURFACE_CURVE('',#7671,(#7676,#7683),.PCURVE_S1.);
#7671 = CIRCLE('',#7672,46.6);
#7672 = AXIS2_PLACEMENT_3D('',#7673,#7674,#7675);
#7673 = CARTESIAN_POINT('',(0.,0.,-95.3));
#7674 = DIRECTION('',(0.,0.,1.));
#7675 = DIRECTION('',(1.,0.,-0.));
#7676 = PCURVE('',#7248,#7677);
#7677 = DEFINITIONAL_REPRESENTATION('',(#7678),#7682);
#7678 = CIRCLE('',#7679,46.6);
#7679 = AXIS2_PLACEMENT_2D('',#7680,#7681);
#7680 = CARTESIAN_POINT('',(0.,0.));
#7681 = DIRECTION('',(1.,0.));
#7682 = ( GEOMETRIC_REPRESENTATION_CONTEXT(2) 
PARAMETRIC_REPRESENTATION_CONTEXT() REPRESENTATION_CONTEXT('2D SPACE',''
  ) );
#7683 = PCURVE('',#7684,#7689);
#7684 = CYLINDRICAL_SURFACE('',#7685,46.6);
#7685 = AXIS2_PLACEMENT_3D('',#7686,#7687,#7688);
#7686 = CARTESIAN_POINT('',(0.,0.,-96.8));
#7687 = DIRECTION('',(0.,0.,1.));
#7688 = DIRECTION('',(1.,0.,-0.));
#7689 = DEFINITIONAL_REPRESENTATION('',(#7690),#7694);
#7690 = LINE('',#7691,#7692);
#7691 = CARTESIAN_POINT('',(0.,1.5));
#7692 = VECTOR('',#7693,1.);
#7693 = DIRECTION('',(1.,0.));
#7694 = ( GEOMETRIC_REPRESENTATION_CONTEXT(2) 
PARAMETRIC_REPRESENTATION_CONTEXT() REPRESENTATION_CONTEXT('2D SPACE',''
  ) );
#7695 = ORIENTED_EDGE('',*,*,#7696,.F.);
#7696 = EDGE_CURVE('',#7697,#7668,#7699,.T.);
#7697 = VERTEX_POINT('',#7698);
#7698 = CARTESIAN_POINT('',(-43.91230433326,6.562737854156,-95.3));
#7699 = SURFACE_CURVE('',#7700,(#7704,#7711),.PCURVE_S1.);
#7700 = LINE('',#7701,#7702);
#7701 = CARTESIAN_POINT('',(-14.83523795042,2.217141166944,-95.3));
#7702 = VECTOR('',#7703,1.);
#7703 = DIRECTION('',(-0.989015863362,0.14780941113,0.));
#7704 = PCURVE('',#7248,#7705);
#7705 = DEFINITIONAL_REPRESENTATION('',(#7706),#7710);
#7706 = LINE('',#7707,#7708);
#7707 = CARTESIAN_POINT('',(-14.83523795042,2.217141166944));
#7708 = VECTOR('',#7709,1.);
#7709 = DIRECTION('',(-0.989015863362,0.14780941113));
#7710 = ( GEOMETRIC_REPRESENTATION_CONTEXT(2) 
PARAMETRIC_REPRESENTATION_CONTEXT() REPRESENTATION_CONTEXT('2D SPACE',''
  ) );
#7711 = PCURVE('',#7712,#7717);
#7712 = PLANE('',#7713);
#7713 = AXIS2_PLACEMENT_3D('',#7714,#7715,#7716);
#7714 = CARTESIAN_POINT('',(-29.67047590085,4.434282333888,-96.05));
#7715 = DIRECTION('',(0.14780941113,0.989015863362,0.));
#7716 = DIRECTION('',(-0.,0.,-1.));
#7717 = DEFINITIONAL_REPRESENTATION('',(#7718),#7721);
#7718 = B_SPLINE_CURVE_WITH_KNOTS('',1,(#7719,#7720),.UNSPECIFIED.,.F.,
  .F.,(2,2),(-15.,32.117545558465),.PIECEWISE_BEZIER_KNOTS.);
#7719 = CARTESIAN_POINT('',(-0.75,-30.));
#7720 = CARTESIAN_POINT('',(-0.75,17.117545558465));
#7721 = ( GEOMETRIC_REPRESENTATION_CONTEXT(2) 
PARAMETRIC_REPRESENTATION_CONTEXT() REPRESENTATION_CONTEXT('2D SPACE',''
  ) );
#7722 = ORIENTED_EDGE('',*,*,#7723,.T.);
#7723 = EDGE_CURVE('',#7697,#7724,#7726,.T.);
#7724 = VERTEX_POINT('',#7725);
#7725 = CARTESIAN_POINT('',(-43.91230433326,-6.562737854156,-95.3));
#7726 = SURFACE_CURVE('',#7727,(#7732,#7739),.PCURVE_S1.);
#7727 = CIRCLE('',#7728,44.4);
#7728 = AXIS2_PLACEMENT_3D('',#7729,#7730,#7731);
#7729 = CARTESIAN_POINT('',(0.,0.,-95.3));
#7730 = DIRECTION('',(0.,0.,1.));
#7731 = DIRECTION('',(1.,0.,-0.));
#7732 = PCURVE('',#7248,#7733);
#7733 = DEFINITIONAL_REPRESENTATION('',(#7734),#7738);
#7734 = CIRCLE('',#7735,44.4);
#7735 = AXIS2_PLACEMENT_2D('',#7736,#7737);
#7736 = CARTESIAN_POINT('',(0.,0.));
#7737 = DIRECTION('',(1.,0.));
#7738 = ( GEOMETRIC_REPRESENTATION_CONTEXT(2) 
PARAMETRIC_REPRESENTATION_CONTEXT() REPRESENTATION_CONTEXT('2D SPACE',''
  ) );
#7739 = PCURVE('',#7283,#7740);
#7740 = DEFINITIONAL_REPRESENTATION('',(#7741),#7745);
#7741 = LINE('',#7742,#7743);
#7742 = CARTESIAN_POINT('',(0.,9.7));
#7743 = VECTOR('',#7744,1.);
#7744 = DIRECTION('',(1.,0.));
#7745 = ( GEOMETRIC_REPRESENTATION_CONTEXT(2) 
PARAMETRIC_REPRESENTATION_CONTEXT() REPRESENTATION_CONTEXT('2D SPACE',''
  ) );
#7746 = ORIENTED_EDGE('',*,*,#7747,.T.);
#7747 = EDGE_CURVE('',#7724,#7748,#7750,.T.);
#7748 = VERTEX_POINT('',#7749);
#7749 = CARTESIAN_POINT('',(-46.08813923266,-6.88791855864,-95.3));
#7750 = SURFACE_CURVE('',#7751,(#7755,#7762),.PCURVE_S1.);
#7751 = LINE('',#7752,#7753);
#7752 = CARTESIAN_POINT('',(-14.83523795042,-2.217141166944,-95.3));
#7753 = VECTOR('',#7754,1.);
#7754 = DIRECTION('',(-0.989015863362,-0.14780941113,0.));
#7755 = PCURVE('',#7248,#7756);
#7756 = DEFINITIONAL_REPRESENTATION('',(#7757),#7761);
#7757 = LINE('',#7758,#7759);
#7758 = CARTESIAN_POINT('',(-14.83523795042,-2.217141166944));
#7759 = VECTOR('',#7760,1.);
#7760 = DIRECTION('',(-0.989015863362,-0.14780941113));
#7761 = ( GEOMETRIC_REPRESENTATION_CONTEXT(2) 
PARAMETRIC_REPRESENTATION_CONTEXT() REPRESENTATION_CONTEXT('2D SPACE',''
  ) );
#7762 = PCURVE('',#7763,#7768);
#7763 = PLANE('',#7764);
#7764 = AXIS2_PLACEMENT_3D('',#7765,#7766,#7767);
#7765 = CARTESIAN_POINT('',(-29.67047590085,-4.434282333888,-96.05));
#7766 = DIRECTION('',(-0.14780941113,0.989015863362,-0.));
#7767 = DIRECTION('',(0.,-0.,-1.));
#7768 = DEFINITIONAL_REPRESENTATION('',(#7769),#7772);
#7769 = B_SPLINE_CURVE_WITH_KNOTS('',1,(#7770,#7771),.UNSPECIFIED.,.F.,
  .F.,(2,2),(-15.,32.117545558465),.PIECEWISE_BEZIER_KNOTS.);
#7770 = CARTESIAN_POINT('',(-0.75,-30.));
#7771 = CARTESIAN_POINT('',(-0.75,17.117545558465));
#7772 = ( GEOMETRIC_REPRESENTATION_CONTEXT(2) 
PARAMETRIC_REPRESENTATION_CONTEXT() REPRESENTATION_CONTEXT('2D SPACE',''
  ) );
#7773 = ORIENTED_EDGE('',*,*,#7774,.T.);
#7774 = EDGE_CURVE('',#7748,#7775,#7777,.T.);
#7775 = VERTEX_POINT('',#7776);
#7776 = CARTESIAN_POINT('',(-37.45972970476,-27.71874186261,-95.3));
#7777 = SURFACE_CURVE('',#7778,(#7783,#7790),.PCURVE_S1.);
#7778 = CIRCLE('',#7779,46.6);
#7779 = AXIS2_PLACEMENT_3D('',#7780,#7781,#7782);
#7780 = CARTESIAN_POINT('',(0.,0.,-95.3));
#7781 = DIRECTION('',(0.,0.,1.));
#7782 = DIRECTION('',(1.,0.,-0.));
#7783 = PCURVE('',#7248,#7784);
#7784 = DEFINITIONAL_REPRESENTATION('',(#7785),#7789);
#7785 = CIRCLE('',#7786,46.6);
#7786 = AXIS2_PLACEMENT_2D('',#7787,#7788);
#7787 = CARTESIAN_POINT('',(0.,0.));
#7788 = DIRECTION('',(1.,0.));
#7789 = ( GEOMETRIC_REPRESENTATION_CONTEXT(2) 
PARAMETRIC_REPRESENTATION_CONTEXT() REPRESENTATION_CONTEXT('2D SPACE',''
  ) );
#7790 = PCURVE('',#7791,#7796);
#7791 = CYLINDRICAL_SURFACE('',#7792,46.6);
#7792 = AXIS2_PLACEMENT_3D('',#7793,#7794,#7795);
#7793 = CARTESIAN_POINT('',(0.,0.,-96.8));
#7794 = DIRECTION('',(0.,0.,1.));
#7795 = DIRECTION('',(1.,0.,-0.));
#7796 = DEFINITIONAL_REPRESENTATION('',(#7797),#7801);
#7797 = LINE('',#7798,#7799);
#7798 = CARTESIAN_POINT('',(0.,1.5));
#7799 = VECTOR('',#7800,1.);
#7800 = DIRECTION('',(1.,0.));
#7801 = ( GEOMETRIC_REPRESENTATION_CONTEXT(2) 
PARAMETRIC_REPRESENTATION_CONTEXT() REPRESENTATION_CONTEXT('2D SPACE',''
  ) );
#7802 = ORIENTED_EDGE('',*,*,#7803,.F.);
#7803 = EDGE_CURVE('',#7804,#7775,#7806,.T.);
#7804 = VERTEX_POINT('',#7805);
#7805 = CARTESIAN_POINT('',(-35.6912446114,-26.41013173175,-95.3));
#7806 = SURFACE_CURVE('',#7807,(#7811,#7818),.PCURVE_S1.);
#7807 = LINE('',#7808,#7809);
#7808 = CARTESIAN_POINT('',(-12.05785290925,-8.92234180127,-95.3));
#7809 = VECTOR('',#7810,1.);
#7810 = DIRECTION('',(-0.803856860617,-0.594822786751,0.));
#7811 = PCURVE('',#7248,#7812);
#7812 = DEFINITIONAL_REPRESENTATION('',(#7813),#7817);
#7813 = LINE('',#7814,#7815);
#7814 = CARTESIAN_POINT('',(-12.05785290925,-8.92234180127));
#7815 = VECTOR('',#7816,1.);
#7816 = DIRECTION('',(-0.803856860617,-0.594822786751));
#7817 = ( GEOMETRIC_REPRESENTATION_CONTEXT(2) 
PARAMETRIC_REPRESENTATION_CONTEXT() REPRESENTATION_CONTEXT('2D SPACE',''
  ) );
#7818 = PCURVE('',#7819,#7824);
#7819 = PLANE('',#7820);
#7820 = AXIS2_PLACEMENT_3D('',#7821,#7822,#7823);
#7821 = CARTESIAN_POINT('',(-24.11570581851,-17.84468360254,-96.05));
#7822 = DIRECTION('',(-0.594822786751,0.803856860617,0.));
#7823 = DIRECTION('',(0.,-0.,-1.));
#7824 = DEFINITIONAL_REPRESENTATION('',(#7825),#7828);
#7825 = B_SPLINE_CURVE_WITH_KNOTS('',1,(#7826,#7827),.UNSPECIFIED.,.F.,
  .F.,(2,2),(-15.,42.970519731858),.PIECEWISE_BEZIER_KNOTS.);
#7826 = CARTESIAN_POINT('',(-0.75,-30.));
#7827 = CARTESIAN_POINT('',(-0.75,27.970519731858));
#7828 = ( GEOMETRIC_REPRESENTATION_CONTEXT(2) 
PARAMETRIC_REPRESENTATION_CONTEXT() REPRESENTATION_CONTEXT('2D SPACE',''
  ) );
#7829 = ORIENTED_EDGE('',*,*,#7830,.T.);
#7830 = EDGE_CURVE('',#7804,#7831,#7833,.T.);
#7831 = VERTEX_POINT('',#7832);
#7832 = CARTESIAN_POINT('',(-26.41013173175,-35.6912446114,-95.3));
#7833 = SURFACE_CURVE('',#7834,(#7839,#7846),.PCURVE_S1.);
#7834 = CIRCLE('',#7835,44.4);
#7835 = AXIS2_PLACEMENT_3D('',#7836,#7837,#7838);
#7836 = CARTESIAN_POINT('',(0.,0.,-95.3));
#7837 = DIRECTION('',(0.,0.,1.));
#7838 = DIRECTION('',(1.,0.,-0.));
#7839 = PCURVE('',#7248,#7840);
#7840 = DEFINITIONAL_REPRESENTATION('',(#7841),#7845);
#7841 = CIRCLE('',#7842,44.4);
#7842 = AXIS2_PLACEMENT_2D('',#7843,#7844);
#7843 = CARTESIAN_POINT('',(0.,0.));
#7844 = DIRECTION('',(1.,0.));
#7845 = ( GEOMETRIC_REPRESENTATION_CONTEXT(2) 
PARAMETRIC_REPRESENTATION_CONTEXT() REPRESENTATION_CONTEXT('2D SPACE',''
  ) );
#7846 = PCURVE('',#7283,#7847);
#7847 = DEFINITIONAL_REPRESENTATION('',(#7848),#7852);
#7848 = LINE('',#7849,#7850);
#7849 = CARTESIAN_POINT('',(0.,9.7));
#7850 = VECTOR('',#7851,1.);
#7851 = DIRECTION('',(1.,0.));
#7852 = ( GEOMETRIC_REPRESENTATION_CONTEXT(2) 
PARAMETRIC_REPRESENTATION_CONTEXT() REPRESENTATION_CONTEXT('2D SPACE',''
  ) );
#7853 = ORIENTED_EDGE('',*,*,#7854,.T.);
#7854 = EDGE_CURVE('',#7831,#7855,#7857,.T.);
#7855 = VERTEX_POINT('',#7856);
#7856 = CARTESIAN_POINT('',(-27.71874186261,-37.45972970476,-95.3));
#7857 = SURFACE_CURVE('',#7858,(#7862,#7869),.PCURVE_S1.);
#7858 = LINE('',#7859,#7860);
#7859 = CARTESIAN_POINT('',(-8.92234180127,-12.05785290925,-95.3));
#7860 = VECTOR('',#7861,1.);
#7861 = DIRECTION('',(-0.594822786751,-0.803856860617,0.));
#7862 = PCURVE('',#7248,#7863);
#7863 = DEFINITIONAL_REPRESENTATION('',(#7864),#7868);
#7864 = LINE('',#7865,#7866);
#7865 = CARTESIAN_POINT('',(-8.92234180127,-12.05785290925));
#7866 = VECTOR('',#7867,1.);
#7867 = DIRECTION('',(-0.594822786751,-0.803856860617));
#7868 = ( GEOMETRIC_REPRESENTATION_CONTEXT(2) 
PARAMETRIC_REPRESENTATION_CONTEXT() REPRESENTATION_CONTEXT('2D SPACE',''
  ) );
#7869 = PCURVE('',#7870,#7875);
#7870 = PLANE('',#7871);
#7871 = AXIS2_PLACEMENT_3D('',#7872,#7873,#7874);
#7872 = CARTESIAN_POINT('',(-17.84468360254,-24.11570581851,-96.05));
#7873 = DIRECTION('',(-0.803856860617,0.594822786751,-0.));
#7874 = DIRECTION('',(0.,-0.,-1.));
#7875 = DEFINITIONAL_REPRESENTATION('',(#7876),#7879);
#7876 = B_SPLINE_CURVE_WITH_KNOTS('',1,(#7877,#7878),.UNSPECIFIED.,.F.,
  .F.,(2,2),(-15.,42.970519731858),.PIECEWISE_BEZIER_KNOTS.);
#7877 = CARTESIAN_POINT('',(-0.75,-30.));
#7878 = CARTESIAN_POINT('',(-0.75,27.970519731858));
#7879 = ( GEOMETRIC_REPRESENTATION_CONTEXT(2) 
PARAMETRIC_REPRESENTATION_CONTEXT() REPRESENTATION_CONTEXT('2D SPACE',''
  ) );
#7880 = ORIENTED_EDGE('',*,*,#7881,.T.);
#7881 = EDGE_CURVE('',#7855,#7882,#7884,.T.);
#7882 = VERTEX_POINT('',#7883);
#7883 = CARTESIAN_POINT('',(-6.88791855864,-46.08813923266,-95.3));
#7884 = SURFACE_CURVE('',#7885,(#7890,#7897),.PCURVE_S1.);
#7885 = CIRCLE('',#7886,46.6);
#7886 = AXIS2_PLACEMENT_3D('',#7887,#7888,#7889);
#7887 = CARTESIAN_POINT('',(0.,0.,-95.3));
#7888 = DIRECTION('',(0.,0.,1.));
#7889 = DIRECTION('',(1.,0.,-0.));
#7890 = PCURVE('',#7248,#7891);
#7891 = DEFINITIONAL_REPRESENTATION('',(#7892),#7896);
#7892 = CIRCLE('',#7893,46.6);
#7893 = AXIS2_PLACEMENT_2D('',#7894,#7895);
#7894 = CARTESIAN_POINT('',(0.,0.));
#7895 = DIRECTION('',(1.,0.));
#7896 = ( GEOMETRIC_REPRESENTATION_CONTEXT(2) 
PARAMETRIC_REPRESENTATION_CONTEXT() REPRESENTATION_CONTEXT('2D SPACE',''
  ) );
#7897 = PCURVE('',#7898,#7903);
#7898 = CYLINDRICAL_SURFACE('',#7899,46.6);
#7899 = AXIS2_PLACEMENT_3D('',#7900,#7901,#7902);
#7900 = CARTESIAN_POINT('',(0.,0.,-96.8));
#7901 = DIRECTION('',(0.,0.,1.));
#7902 = DIRECTION('',(1.,0.,-0.));
#7903 = DEFINITIONAL_REPRESENTATION('',(#7904),#7908);
#7904 = LINE('',#7905,#7906);
#7905 = CARTESIAN_POINT('',(0.,1.5));
#7906 = VECTOR('',#7907,1.);
#7907 = DIRECTION('',(1.,0.));
#7908 = ( GEOMETRIC_REPRESENTATION_CONTEXT(2) 
PARAMETRIC_REPRESENTATION_CONTEXT() REPRESENTATION_CONTEXT('2D SPACE',''
  ) );
#7909 = ORIENTED_EDGE('',*,*,#7910,.F.);
#7910 = EDGE_CURVE('',#7911,#7882,#7913,.T.);
#7911 = VERTEX_POINT('',#7912);
#7912 = CARTESIAN_POINT('',(-6.562737854156,-43.91230433326,-95.3));
#7913 = SURFACE_CURVE('',#7914,(#7918,#7925),.PCURVE_S1.);
#7914 = LINE('',#7915,#7916);
#7915 = CARTESIAN_POINT('',(-2.217141166944,-14.83523795042,-95.3));
#7916 = VECTOR('',#7917,1.);
#7917 = DIRECTION('',(-0.14780941113,-0.989015863362,0.));
#7918 = PCURVE('',#7248,#7919);
#7919 = DEFINITIONAL_REPRESENTATION('',(#7920),#7924);
#7920 = LINE('',#7921,#7922);
#7921 = CARTESIAN_POINT('',(-2.217141166944,-14.83523795042));
#7922 = VECTOR('',#7923,1.);
#7923 = DIRECTION('',(-0.14780941113,-0.989015863362));
#7924 = ( GEOMETRIC_REPRESENTATION_CONTEXT(2) 
PARAMETRIC_REPRESENTATION_CONTEXT() REPRESENTATION_CONTEXT('2D SPACE',''
  ) );
#7925 = PCURVE('',#7926,#7931);
#7926 = PLANE('',#7927);
#7927 = AXIS2_PLACEMENT_3D('',#7928,#7929,#7930);
#7928 = CARTESIAN_POINT('',(-4.434282333888,-29.67047590085,-96.05));
#7929 = DIRECTION('',(-0.989015863362,0.14780941113,0.));
#7930 = DIRECTION('',(0.,-0.,-1.));
#7931 = DEFINITIONAL_REPRESENTATION('',(#7932),#7935);
#7932 = B_SPLINE_CURVE_WITH_KNOTS('',1,(#7933,#7934),.UNSPECIFIED.,.F.,
  .F.,(2,2),(-15.,32.117545558465),.PIECEWISE_BEZIER_KNOTS.);
#7933 = CARTESIAN_POINT('',(-0.75,-30.));
#7934 = CARTESIAN_POINT('',(-0.75,17.117545558465));
#7935 = ( GEOMETRIC_REPRESENTATION_CONTEXT(2) 
PARAMETRIC_REPRESENTATION_CONTEXT() REPRESENTATION_CONTEXT('2D SPACE',''
  ) );
#7936 = ORIENTED_EDGE('',*,*,#7937,.T.);
#7937 = EDGE_CURVE('',#7911,#7938,#7940,.T.);
#7938 = VERTEX_POINT('',#7939);
#7939 = CARTESIAN_POINT('',(6.562737854156,-43.91230433326,-95.3));
#7940 = SURFACE_CURVE('',#7941,(#7946,#7953),.PCURVE_S1.);
#7941 = CIRCLE('',#7942,44.4);
#7942 = AXIS2_PLACEMENT_3D('',#7943,#7944,#7945);
#7943 = CARTESIAN_POINT('',(0.,0.,-95.3));
#7944 = DIRECTION('',(0.,0.,1.));
#7945 = DIRECTION('',(1.,0.,-0.));
#7946 = PCURVE('',#7248,#7947);
#7947 = DEFINITIONAL_REPRESENTATION('',(#7948),#7952);
#7948 = CIRCLE('',#7949,44.4);
#7949 = AXIS2_PLACEMENT_2D('',#7950,#7951);
#7950 = CARTESIAN_POINT('',(0.,0.));
#7951 = DIRECTION('',(1.,0.));
#7952 = ( GEOMETRIC_REPRESENTATION_CONTEXT(2) 
PARAMETRIC_REPRESENTATION_CONTEXT() REPRESENTATION_CONTEXT('2D SPACE',''
  ) );
#7953 = PCURVE('',#7283,#7954);
#7954 = DEFINITIONAL_REPRESENTATION('',(#7955),#7959);
#7955 = LINE('',#7956,#7957);
#7956 = CARTESIAN_POINT('',(0.,9.7));
#7957 = VECTOR('',#7958,1.);
#7958 = DIRECTION('',(1.,0.));
#7959 = ( GEOMETRIC_REPRESENTATION_CONTEXT(2) 
PARAMETRIC_REPRESENTATION_CONTEXT() REPRESENTATION_CONTEXT('2D SPACE',''
  ) );
#7960 = ORIENTED_EDGE('',*,*,#7961,.T.);
#7961 = EDGE_CURVE('',#7938,#7962,#7964,.T.);
#7962 = VERTEX_POINT('',#7963);
#7963 = CARTESIAN_POINT('',(6.88791855864,-46.08813923266,-95.3));
#7964 = SURFACE_CURVE('',#7965,(#7969,#7976),.PCURVE_S1.);
#7965 = LINE('',#7966,#7967);
#7966 = CARTESIAN_POINT('',(2.217141166944,-14.83523795042,-95.3));
#7967 = VECTOR('',#7968,1.);
#7968 = DIRECTION('',(0.14780941113,-0.989015863362,0.));
#7969 = PCURVE('',#7248,#7970);
#7970 = DEFINITIONAL_REPRESENTATION('',(#7971),#7975);
#7971 = LINE('',#7972,#7973);
#7972 = CARTESIAN_POINT('',(2.217141166944,-14.83523795042));
#7973 = VECTOR('',#7974,1.);
#7974 = DIRECTION('',(0.14780941113,-0.989015863362));
#7975 = ( GEOMETRIC_REPRESENTATION_CONTEXT(2) 
PARAMETRIC_REPRESENTATION_CONTEXT() REPRESENTATION_CONTEXT('2D SPACE',''
  ) );
#7976 = PCURVE('',#7977,#7982);
#7977 = PLANE('',#7978);
#7978 = AXIS2_PLACEMENT_3D('',#7979,#7980,#7981);
#7979 = CARTESIAN_POINT('',(4.434282333888,-29.67047590085,-96.05));
#7980 = DIRECTION('',(-0.989015863362,-0.14780941113,-0.));
#7981 = DIRECTION('',(0.,0.,-1.));
#7982 = DEFINITIONAL_REPRESENTATION('',(#7983),#7986);
#7983 = B_SPLINE_CURVE_WITH_KNOTS('',1,(#7984,#7985),.UNSPECIFIED.,.F.,
  .F.,(2,2),(-15.,32.117545558465),.PIECEWISE_BEZIER_KNOTS.);
#7984 = CARTESIAN_POINT('',(-0.75,-30.));
#7985 = CARTESIAN_POINT('',(-0.75,17.117545558465));
#7986 = ( GEOMETRIC_REPRESENTATION_CONTEXT(2) 
PARAMETRIC_REPRESENTATION_CONTEXT() REPRESENTATION_CONTEXT('2D SPACE',''
  ) );
#7987 = ORIENTED_EDGE('',*,*,#7988,.T.);
#7988 = EDGE_CURVE('',#7962,#7989,#7991,.T.);
#7989 = VERTEX_POINT('',#7990);
#7990 = CARTESIAN_POINT('',(27.718741862613,-37.45972970476,-95.3));
#7991 = SURFACE_CURVE('',#7992,(#7997,#8004),.PCURVE_S1.);
#7992 = CIRCLE('',#7993,46.6);
#7993 = AXIS2_PLACEMENT_3D('',#7994,#7995,#7996);
#7994 = CARTESIAN_POINT('',(0.,0.,-95.3));
#7995 = DIRECTION('',(0.,0.,1.));
#7996 = DIRECTION('',(1.,0.,-0.));
#7997 = PCURVE('',#7248,#7998);
#7998 = DEFINITIONAL_REPRESENTATION('',(#7999),#8003);
#7999 = CIRCLE('',#8000,46.6);
#8000 = AXIS2_PLACEMENT_2D('',#8001,#8002);
#8001 = CARTESIAN_POINT('',(0.,0.));
#8002 = DIRECTION('',(1.,0.));
#8003 = ( GEOMETRIC_REPRESENTATION_CONTEXT(2) 
PARAMETRIC_REPRESENTATION_CONTEXT() REPRESENTATION_CONTEXT('2D SPACE',''
  ) );
#8004 = PCURVE('',#8005,#8010);
#8005 = CYLINDRICAL_SURFACE('',#8006,46.6);
#8006 = AXIS2_PLACEMENT_3D('',#8007,#8008,#8009);
#8007 = CARTESIAN_POINT('',(0.,0.,-96.8));
#8008 = DIRECTION('',(0.,0.,1.));
#8009 = DIRECTION('',(1.,0.,-0.));
#8010 = DEFINITIONAL_REPRESENTATION('',(#8011),#8015);
#8011 = LINE('',#8012,#8013);
#8012 = CARTESIAN_POINT('',(0.,1.5));
#8013 = VECTOR('',#8014,1.);
#8014 = DIRECTION('',(1.,0.));
#8015 = ( GEOMETRIC_REPRESENTATION_CONTEXT(2) 
PARAMETRIC_REPRESENTATION_CONTEXT() REPRESENTATION_CONTEXT('2D SPACE',''
  ) );
#8016 = ORIENTED_EDGE('',*,*,#8017,.F.);
#8017 = EDGE_CURVE('',#8018,#7989,#8020,.T.);
#8018 = VERTEX_POINT('',#8019);
#8019 = CARTESIAN_POINT('',(26.410131731759,-35.6912446114,-95.3));
#8020 = SURFACE_CURVE('',#8021,(#8025,#8032),.PCURVE_S1.);
#8021 = LINE('',#8022,#8023);
#8022 = CARTESIAN_POINT('',(8.92234180127,-12.05785290925,-95.3));
#8023 = VECTOR('',#8024,1.);
#8024 = DIRECTION('',(0.594822786751,-0.803856860617,0.));
#8025 = PCURVE('',#7248,#8026);
#8026 = DEFINITIONAL_REPRESENTATION('',(#8027),#8031);
#8027 = LINE('',#8028,#8029);
#8028 = CARTESIAN_POINT('',(8.92234180127,-12.05785290925));
#8029 = VECTOR('',#8030,1.);
#8030 = DIRECTION('',(0.594822786751,-0.803856860617));
#8031 = ( GEOMETRIC_REPRESENTATION_CONTEXT(2) 
PARAMETRIC_REPRESENTATION_CONTEXT() REPRESENTATION_CONTEXT('2D SPACE',''
  ) );
#8032 = PCURVE('',#8033,#8038);
#8033 = PLANE('',#8034);
#8034 = AXIS2_PLACEMENT_3D('',#8035,#8036,#8037);
#8035 = CARTESIAN_POINT('',(17.84468360254,-24.11570581851,-96.05));
#8036 = DIRECTION('',(-0.803856860617,-0.594822786751,0.));
#8037 = DIRECTION('',(0.,0.,-1.));
#8038 = DEFINITIONAL_REPRESENTATION('',(#8039),#8042);
#8039 = B_SPLINE_CURVE_WITH_KNOTS('',1,(#8040,#8041),.UNSPECIFIED.,.F.,
  .F.,(2,2),(-15.,42.970519731858),.PIECEWISE_BEZIER_KNOTS.);
#8040 = CARTESIAN_POINT('',(-0.75,-30.));
#8041 = CARTESIAN_POINT('',(-0.75,27.970519731858));
#8042 = ( GEOMETRIC_REPRESENTATION_CONTEXT(2) 
PARAMETRIC_REPRESENTATION_CONTEXT() REPRESENTATION_CONTEXT('2D SPACE',''
  ) );
#8043 = ORIENTED_EDGE('',*,*,#8044,.T.);
#8044 = EDGE_CURVE('',#8018,#8045,#8047,.T.);
#8045 = VERTEX_POINT('',#8046);
#8046 = CARTESIAN_POINT('',(35.691244611405,-26.41013173175,-95.3));
#8047 = SURFACE_CURVE('',#8048,(#8053,#8060),.PCURVE_S1.);
#8048 = CIRCLE('',#8049,44.4);
#8049 = AXIS2_PLACEMENT_3D('',#8050,#8051,#8052);
#8050 = CARTESIAN_POINT('',(0.,0.,-95.3));
#8051 = DIRECTION('',(0.,0.,1.));
#8052 = DIRECTION('',(1.,0.,-0.));
#8053 = PCURVE('',#7248,#8054);
#8054 = DEFINITIONAL_REPRESENTATION('',(#8055),#8059);
#8055 = CIRCLE('',#8056,44.4);
#8056 = AXIS2_PLACEMENT_2D('',#8057,#8058);
#8057 = CARTESIAN_POINT('',(0.,0.));
#8058 = DIRECTION('',(1.,0.));
#8059 = ( GEOMETRIC_REPRESENTATION_CONTEXT(2) 
PARAMETRIC_REPRESENTATION_CONTEXT() REPRESENTATION_CONTEXT('2D SPACE',''
  ) );
#8060 = PCURVE('',#7283,#8061);
#8061 = DEFINITIONAL_REPRESENTATION('',(#8062),#8066);
#8062 = LINE('',#8063,#8064);
#8063 = CARTESIAN_POINT('',(0.,9.7));
#8064 = VECTOR('',#8065,1.);
#8065 = DIRECTION('',(1.,0.));
#8066 = ( GEOMETRIC_REPRESENTATION_CONTEXT(2) 
PARAMETRIC_REPRESENTATION_CONTEXT() REPRESENTATION_CONTEXT('2D SPACE',''
  ) );
#8067 = ORIENTED_EDGE('',*,*,#8068,.T.);
#8068 = EDGE_CURVE('',#8045,#8069,#8071,.T.);
#8069 = VERTEX_POINT('',#8070);
#8070 = CARTESIAN_POINT('',(37.459729704762,-27.71874186261,-95.3));
#8071 = SURFACE_CURVE('',#8072,(#8076,#8083),.PCURVE_S1.);
#8072 = LINE('',#8073,#8074);
#8073 = CARTESIAN_POINT('',(12.057852909258,-8.92234180127,-95.3));
#8074 = VECTOR('',#8075,1.);
#8075 = DIRECTION('',(0.803856860617,-0.594822786751,0.));
#8076 = PCURVE('',#7248,#8077);
#8077 = DEFINITIONAL_REPRESENTATION('',(#8078),#8082);
#8078 = LINE('',#8079,#8080);
#8079 = CARTESIAN_POINT('',(12.057852909258,-8.92234180127));
#8080 = VECTOR('',#8081,1.);
#8081 = DIRECTION('',(0.803856860617,-0.594822786751));
#8082 = ( GEOMETRIC_REPRESENTATION_CONTEXT(2) 
PARAMETRIC_REPRESENTATION_CONTEXT() REPRESENTATION_CONTEXT('2D SPACE',''
  ) );
#8083 = PCURVE('',#8084,#8089);
#8084 = PLANE('',#8085);
#8085 = AXIS2_PLACEMENT_3D('',#8086,#8087,#8088);
#8086 = CARTESIAN_POINT('',(24.115705818517,-17.84468360254,-96.05));
#8087 = DIRECTION('',(-0.594822786751,-0.803856860617,-0.));
#8088 = DIRECTION('',(0.,0.,-1.));
#8089 = DEFINITIONAL_REPRESENTATION('',(#8090),#8093);
#8090 = B_SPLINE_CURVE_WITH_KNOTS('',1,(#8091,#8092),.UNSPECIFIED.,.F.,
  .F.,(2,2),(-15.,42.970519731858),.PIECEWISE_BEZIER_KNOTS.);
#8091 = CARTESIAN_POINT('',(-0.75,-30.));
#8092 = CARTESIAN_POINT('',(-0.75,27.970519731858));
#8093 = ( GEOMETRIC_REPRESENTATION_CONTEXT(2) 
PARAMETRIC_REPRESENTATION_CONTEXT() REPRESENTATION_CONTEXT('2D SPACE',''
  ) );
#8094 = ORIENTED_EDGE('',*,*,#8095,.T.);
#8095 = EDGE_CURVE('',#8069,#8096,#8098,.T.);
#8096 = VERTEX_POINT('',#8097);
#8097 = CARTESIAN_POINT('',(46.088139232665,-6.88791855864,-95.3));
#8098 = SURFACE_CURVE('',#8099,(#8104,#8111),.PCURVE_S1.);
#8099 = CIRCLE('',#8100,46.6);
#8100 = AXIS2_PLACEMENT_3D('',#8101,#8102,#8103);
#8101 = CARTESIAN_POINT('',(0.,0.,-95.3));
#8102 = DIRECTION('',(0.,0.,1.));
#8103 = DIRECTION('',(1.,0.,-0.));
#8104 = PCURVE('',#7248,#8105);
#8105 = DEFINITIONAL_REPRESENTATION('',(#8106),#8110);
#8106 = CIRCLE('',#8107,46.6);
#8107 = AXIS2_PLACEMENT_2D('',#8108,#8109);
#8108 = CARTESIAN_POINT('',(0.,0.));
#8109 = DIRECTION('',(1.,0.));
#8110 = ( GEOMETRIC_REPRESENTATION_CONTEXT(2) 
PARAMETRIC_REPRESENTATION_CONTEXT() REPRESENTATION_CONTEXT('2D SPACE',''
  ) );
#8111 = PCURVE('',#8112,#8117);
#8112 = CYLINDRICAL_SURFACE('',#8113,46.6);
#8113 = AXIS2_PLACEMENT_3D('',#8114,#8115,#8116);
#8114 = CARTESIAN_POINT('',(0.,0.,-96.8));
#8115 = DIRECTION('',(0.,0.,1.));
#8116 = DIRECTION('',(1.,0.,-0.));
#8117 = DEFINITIONAL_REPRESENTATION('',(#8118),#8122);
#8118 = LINE('',#8119,#8120);
#8119 = CARTESIAN_POINT('',(0.,1.5));
#8120 = VECTOR('',#8121,1.);
#8121 = DIRECTION('',(1.,0.));
#8122 = ( GEOMETRIC_REPRESENTATION_CONTEXT(2) 
PARAMETRIC_REPRESENTATION_CONTEXT() REPRESENTATION_CONTEXT('2D SPACE',''
  ) );
#8123 = ORIENTED_EDGE('',*,*,#8124,.F.);
#8124 = EDGE_CURVE('',#7265,#8096,#8125,.T.);
#8125 = SURFACE_CURVE('',#8126,(#8130,#8137),.PCURVE_S1.);
#8126 = LINE('',#8127,#8128);
#8127 = CARTESIAN_POINT('',(14.835237950429,-2.217141166944,-95.3));
#8128 = VECTOR('',#8129,1.);
#8129 = DIRECTION('',(0.989015863362,-0.14780941113,0.));
#8130 = PCURVE('',#7248,#8131);
#8131 = DEFINITIONAL_REPRESENTATION('',(#8132),#8136);
#8132 = LINE('',#8133,#8134);
#8133 = CARTESIAN_POINT('',(14.835237950429,-2.217141166944));
#8134 = VECTOR('',#8135,1.);
#8135 = DIRECTION('',(0.989015863362,-0.14780941113));
#8136 = ( GEOMETRIC_REPRESENTATION_CONTEXT(2) 
PARAMETRIC_REPRESENTATION_CONTEXT() REPRESENTATION_CONTEXT('2D SPACE',''
  ) );
#8137 = PCURVE('',#8138,#8143);
#8138 = PLANE('',#8139);
#8139 = AXIS2_PLACEMENT_3D('',#8140,#8141,#8142);
#8140 = CARTESIAN_POINT('',(29.670475900858,-4.434282333888,-96.05));
#8141 = DIRECTION('',(-0.14780941113,-0.989015863362,0.));
#8142 = DIRECTION('',(0.,0.,-1.));
#8143 = DEFINITIONAL_REPRESENTATION('',(#8144),#8147);
#8144 = B_SPLINE_CURVE_WITH_KNOTS('',1,(#8145,#8146),.UNSPECIFIED.,.F.,
  .F.,(2,2),(-15.,32.117545558465),.PIECEWISE_BEZIER_KNOTS.);
#8145 = CARTESIAN_POINT('',(-0.75,-30.));
#8146 = CARTESIAN_POINT('',(-0.75,17.117545558465));
#8147 = ( GEOMETRIC_REPRESENTATION_CONTEXT(2) 
PARAMETRIC_REPRESENTATION_CONTEXT() REPRESENTATION_CONTEXT('2D SPACE',''
  ) );
#8148 = FACE_BOUND('',#8149,.T.);
#8149 = EDGE_LOOP('',(#8150));
#8150 = ORIENTED_EDGE('',*,*,#7233,.F.);
#8151 = ADVANCED_FACE('',(#8152),#8138,.F.);
#8152 = FACE_BOUND('',#8153,.F.);
#8153 = EDGE_LOOP('',(#8154,#8175,#8201,#8220));
#8154 = ORIENTED_EDGE('',*,*,#8155,.F.);
#8155 = EDGE_CURVE('',#8156,#7265,#8158,.T.);
#8156 = VERTEX_POINT('',#8157);
#8157 = CARTESIAN_POINT('',(43.912304333269,-6.562737854155,-96.8));
#8158 = SURFACE_CURVE('',#8159,(#8163,#8169),.PCURVE_S1.);
#8159 = LINE('',#8160,#8161);
#8160 = CARTESIAN_POINT('',(43.912304333269,-6.562737854155,-105.));
#8161 = VECTOR('',#8162,1.);
#8162 = DIRECTION('',(0.,0.,1.));
#8163 = PCURVE('',#8138,#8164);
#8164 = DEFINITIONAL_REPRESENTATION('',(#8165),#8168);
#8165 = B_SPLINE_CURVE_WITH_KNOTS('',1,(#8166,#8167),.UNSPECIFIED.,.F.,
  .F.,(2,2),(8.05,9.7000006),.PIECEWISE_BEZIER_KNOTS.);
#8166 = CARTESIAN_POINT('',(0.9,14.4));
#8167 = CARTESIAN_POINT('',(-0.7500006,14.4));
#8168 = ( GEOMETRIC_REPRESENTATION_CONTEXT(2) 
PARAMETRIC_REPRESENTATION_CONTEXT() REPRESENTATION_CONTEXT('2D SPACE',''
  ) );
#8169 = PCURVE('',#7283,#8170);
#8170 = DEFINITIONAL_REPRESENTATION('',(#8171),#8174);
#8171 = B_SPLINE_CURVE_WITH_KNOTS('',1,(#8172,#8173),.UNSPECIFIED.,.F.,
  .F.,(2,2),(8.05,9.7000006),.PIECEWISE_BEZIER_KNOTS.);
#8172 = CARTESIAN_POINT('',(6.13483232076,8.05));
#8173 = CARTESIAN_POINT('',(6.13483232076,9.7000006));
#8174 = ( GEOMETRIC_REPRESENTATION_CONTEXT(2) 
PARAMETRIC_REPRESENTATION_CONTEXT() REPRESENTATION_CONTEXT('2D SPACE',''
  ) );
#8175 = ORIENTED_EDGE('',*,*,#8176,.T.);
#8176 = EDGE_CURVE('',#8156,#8177,#8179,.T.);
#8177 = VERTEX_POINT('',#8178);
#8178 = CARTESIAN_POINT('',(46.088139232665,-6.88791855864,-96.8));
#8179 = SURFACE_CURVE('',#8180,(#8184,#8190),.PCURVE_S1.);
#8180 = LINE('',#8181,#8182);
#8181 = CARTESIAN_POINT('',(14.835237950429,-2.217141166944,-96.8));
#8182 = VECTOR('',#8183,1.);
#8183 = DIRECTION('',(0.989015863362,-0.14780941113,0.));
#8184 = PCURVE('',#8138,#8185);
#8185 = DEFINITIONAL_REPRESENTATION('',(#8186),#8189);
#8186 = B_SPLINE_CURVE_WITH_KNOTS('',1,(#8187,#8188),.UNSPECIFIED.,.F.,
  .F.,(2,2),(-15.,32.117545558465),.PIECEWISE_BEZIER_KNOTS.);
#8187 = CARTESIAN_POINT('',(0.75,-30.));
#8188 = CARTESIAN_POINT('',(0.75,17.117545558465));
#8189 = ( GEOMETRIC_REPRESENTATION_CONTEXT(2) 
PARAMETRIC_REPRESENTATION_CONTEXT() REPRESENTATION_CONTEXT('2D SPACE',''
  ) );
#8190 = PCURVE('',#8191,#8196);
#8191 = PLANE('',#8192);
#8192 = AXIS2_PLACEMENT_3D('',#8193,#8194,#8195);
#8193 = CARTESIAN_POINT('',(0.,0.,-96.8));
#8194 = DIRECTION('',(0.,0.,1.));
#8195 = DIRECTION('',(1.,0.,-0.));
#8196 = DEFINITIONAL_REPRESENTATION('',(#8197),#8200);
#8197 = B_SPLINE_CURVE_WITH_KNOTS('',1,(#8198,#8199),.UNSPECIFIED.,.F.,
  .F.,(2,2),(-15.,32.117545558465),.PIECEWISE_BEZIER_KNOTS.);
#8198 = CARTESIAN_POINT('',(-1.7763568394E-15,8.881784197001E-16));
#8199 = CARTESIAN_POINT('',(46.6,-6.964416662869));
#8200 = ( GEOMETRIC_REPRESENTATION_CONTEXT(2) 
PARAMETRIC_REPRESENTATION_CONTEXT() REPRESENTATION_CONTEXT('2D SPACE',''
  ) );
#8201 = ORIENTED_EDGE('',*,*,#8202,.T.);
#8202 = EDGE_CURVE('',#8177,#8096,#8203,.T.);
#8203 = SURFACE_CURVE('',#8204,(#8208,#8214),.PCURVE_S1.);
#8204 = LINE('',#8205,#8206);
#8205 = CARTESIAN_POINT('',(46.088139232665,-6.88791855864,-96.8));
#8206 = VECTOR('',#8207,1.);
#8207 = DIRECTION('',(0.,0.,1.));
#8208 = PCURVE('',#8138,#8209);
#8209 = DEFINITIONAL_REPRESENTATION('',(#8210),#8213);
#8210 = B_SPLINE_CURVE_WITH_KNOTS('',1,(#8211,#8212),.UNSPECIFIED.,.F.,
  .F.,(2,2),(-6.000000070117E-07,1.5000006),.PIECEWISE_BEZIER_KNOTS.);
#8211 = CARTESIAN_POINT('',(0.7500006,16.6));
#8212 = CARTESIAN_POINT('',(-0.7500006,16.6));
#8213 = ( GEOMETRIC_REPRESENTATION_CONTEXT(2) 
PARAMETRIC_REPRESENTATION_CONTEXT() REPRESENTATION_CONTEXT('2D SPACE',''
  ) );
#8214 = PCURVE('',#8112,#8215);
#8215 = DEFINITIONAL_REPRESENTATION('',(#8216),#8219);
#8216 = B_SPLINE_CURVE_WITH_KNOTS('',1,(#8217,#8218),.UNSPECIFIED.,.F.,
  .F.,(2,2),(-6.000000070117E-07,1.5000006),.PIECEWISE_BEZIER_KNOTS.);
#8217 = CARTESIAN_POINT('',(6.13483232076,-6.000000070117E-07));
#8218 = CARTESIAN_POINT('',(6.13483232076,1.5000006));
#8219 = ( GEOMETRIC_REPRESENTATION_CONTEXT(2) 
PARAMETRIC_REPRESENTATION_CONTEXT() REPRESENTATION_CONTEXT('2D SPACE',''
  ) );
#8220 = ORIENTED_EDGE('',*,*,#8124,.F.);
#8221 = ADVANCED_FACE('',(#8222),#8191,.F.);
#8222 = FACE_BOUND('',#8223,.F.);
#8223 = EDGE_LOOP('',(#8224,#8248,#8269,#8291));
#8224 = ORIENTED_EDGE('',*,*,#8225,.F.);
#8225 = EDGE_CURVE('',#8226,#8156,#8228,.T.);
#8226 = VERTEX_POINT('',#8227);
#8227 = CARTESIAN_POINT('',(35.691244611404,-26.41013173176,-96.8));
#8228 = SURFACE_CURVE('',#8229,(#8234,#8241),.PCURVE_S1.);
#8229 = CIRCLE('',#8230,44.4);
#8230 = AXIS2_PLACEMENT_3D('',#8231,#8232,#8233);
#8231 = CARTESIAN_POINT('',(0.,0.,-96.8));
#8232 = DIRECTION('',(0.,0.,1.));
#8233 = DIRECTION('',(1.,0.,-0.));
#8234 = PCURVE('',#8191,#8235);
#8235 = DEFINITIONAL_REPRESENTATION('',(#8236),#8240);
#8236 = CIRCLE('',#8237,44.4);
#8237 = AXIS2_PLACEMENT_2D('',#8238,#8239);
#8238 = CARTESIAN_POINT('',(0.,0.));
#8239 = DIRECTION('',(1.,0.));
#8240 = ( GEOMETRIC_REPRESENTATION_CONTEXT(2) 
PARAMETRIC_REPRESENTATION_CONTEXT() REPRESENTATION_CONTEXT('2D SPACE',''
  ) );
#8241 = PCURVE('',#7283,#8242);
#8242 = DEFINITIONAL_REPRESENTATION('',(#8243),#8247);
#8243 = LINE('',#8244,#8245);
#8244 = CARTESIAN_POINT('',(0.,8.2));
#8245 = VECTOR('',#8246,1.);
#8246 = DIRECTION('',(1.,0.));
#8247 = ( GEOMETRIC_REPRESENTATION_CONTEXT(2) 
PARAMETRIC_REPRESENTATION_CONTEXT() REPRESENTATION_CONTEXT('2D SPACE',''
  ) );
#8248 = ORIENTED_EDGE('',*,*,#8249,.T.);
#8249 = EDGE_CURVE('',#8226,#8250,#8252,.T.);
#8250 = VERTEX_POINT('',#8251);
#8251 = CARTESIAN_POINT('',(37.459729704762,-27.71874186261,-96.8));
#8252 = SURFACE_CURVE('',#8253,(#8257,#8263),.PCURVE_S1.);
#8253 = LINE('',#8254,#8255);
#8254 = CARTESIAN_POINT('',(12.057852909258,-8.92234180127,-96.8));
#8255 = VECTOR('',#8256,1.);
#8256 = DIRECTION('',(0.803856860617,-0.594822786751,0.));
#8257 = PCURVE('',#8191,#8258);
#8258 = DEFINITIONAL_REPRESENTATION('',(#8259),#8262);
#8259 = B_SPLINE_CURVE_WITH_KNOTS('',1,(#8260,#8261),.UNSPECIFIED.,.F.,
  .F.,(2,2),(-15.,42.970519731858),.PIECEWISE_BEZIER_KNOTS.);
#8260 = CARTESIAN_POINT('',(-1.7763568394E-15,3.552713678801E-15));
#8261 = CARTESIAN_POINT('',(46.6,-34.48218609632));
#8262 = ( GEOMETRIC_REPRESENTATION_CONTEXT(2) 
PARAMETRIC_REPRESENTATION_CONTEXT() REPRESENTATION_CONTEXT('2D SPACE',''
  ) );
#8263 = PCURVE('',#8084,#8264);
#8264 = DEFINITIONAL_REPRESENTATION('',(#8265),#8268);
#8265 = B_SPLINE_CURVE_WITH_KNOTS('',1,(#8266,#8267),.UNSPECIFIED.,.F.,
  .F.,(2,2),(-15.,42.970519731858),.PIECEWISE_BEZIER_KNOTS.);
#8266 = CARTESIAN_POINT('',(0.75,-30.));
#8267 = CARTESIAN_POINT('',(0.75,27.970519731858));
#8268 = ( GEOMETRIC_REPRESENTATION_CONTEXT(2) 
PARAMETRIC_REPRESENTATION_CONTEXT() REPRESENTATION_CONTEXT('2D SPACE',''
  ) );
#8269 = ORIENTED_EDGE('',*,*,#8270,.T.);
#8270 = EDGE_CURVE('',#8250,#8177,#8271,.T.);
#8271 = SURFACE_CURVE('',#8272,(#8277,#8284),.PCURVE_S1.);
#8272 = CIRCLE('',#8273,46.6);
#8273 = AXIS2_PLACEMENT_3D('',#8274,#8275,#8276);
#8274 = CARTESIAN_POINT('',(0.,0.,-96.8));
#8275 = DIRECTION('',(0.,0.,1.));
#8276 = DIRECTION('',(1.,0.,-0.));
#8277 = PCURVE('',#8191,#8278);
#8278 = DEFINITIONAL_REPRESENTATION('',(#8279),#8283);
#8279 = CIRCLE('',#8280,46.6);
#8280 = AXIS2_PLACEMENT_2D('',#8281,#8282);
#8281 = CARTESIAN_POINT('',(0.,0.));
#8282 = DIRECTION('',(1.,0.));
#8283 = ( GEOMETRIC_REPRESENTATION_CONTEXT(2) 
PARAMETRIC_REPRESENTATION_CONTEXT() REPRESENTATION_CONTEXT('2D SPACE',''
  ) );
#8284 = PCURVE('',#8112,#8285);
#8285 = DEFINITIONAL_REPRESENTATION('',(#8286),#8290);
#8286 = LINE('',#8287,#8288);
#8287 = CARTESIAN_POINT('',(0.,0.));
#8288 = VECTOR('',#8289,1.);
#8289 = DIRECTION('',(1.,0.));
#8290 = ( GEOMETRIC_REPRESENTATION_CONTEXT(2) 
PARAMETRIC_REPRESENTATION_CONTEXT() REPRESENTATION_CONTEXT('2D SPACE',''
  ) );
#8291 = ORIENTED_EDGE('',*,*,#8176,.F.);
#8292 = ADVANCED_FACE('',(#8293),#8112,.T.);
#8293 = FACE_BOUND('',#8294,.T.);
#8294 = EDGE_LOOP('',(#8295,#8296,#8315,#8316));
#8295 = ORIENTED_EDGE('',*,*,#8095,.F.);
#8296 = ORIENTED_EDGE('',*,*,#8297,.F.);
#8297 = EDGE_CURVE('',#8250,#8069,#8298,.T.);
#8298 = SURFACE_CURVE('',#8299,(#8303,#8309),.PCURVE_S1.);
#8299 = LINE('',#8300,#8301);
#8300 = CARTESIAN_POINT('',(37.459729704762,-27.71874186261,-96.8));
#8301 = VECTOR('',#8302,1.);
#8302 = DIRECTION('',(0.,0.,1.));
#8303 = PCURVE('',#8112,#8304);
#8304 = DEFINITIONAL_REPRESENTATION('',(#8305),#8308);
#8305 = B_SPLINE_CURVE_WITH_KNOTS('',1,(#8306,#8307),.UNSPECIFIED.,.F.,
  .F.,(2,2),(-6.000000070117E-07,1.5000006),.PIECEWISE_BEZIER_KNOTS.);
#8306 = CARTESIAN_POINT('',(5.646140130202,-6.000000070117E-07));
#8307 = CARTESIAN_POINT('',(5.646140130202,1.5000006));
#8308 = ( GEOMETRIC_REPRESENTATION_CONTEXT(2) 
PARAMETRIC_REPRESENTATION_CONTEXT() REPRESENTATION_CONTEXT('2D SPACE',''
  ) );
#8309 = PCURVE('',#8084,#8310);
#8310 = DEFINITIONAL_REPRESENTATION('',(#8311),#8314);
#8311 = B_SPLINE_CURVE_WITH_KNOTS('',1,(#8312,#8313),.UNSPECIFIED.,.F.,
  .F.,(2,2),(-6.000000070117E-07,1.5000006),.PIECEWISE_BEZIER_KNOTS.);
#8312 = CARTESIAN_POINT('',(0.7500006,16.6));
#8313 = CARTESIAN_POINT('',(-0.7500006,16.6));
#8314 = ( GEOMETRIC_REPRESENTATION_CONTEXT(2) 
PARAMETRIC_REPRESENTATION_CONTEXT() REPRESENTATION_CONTEXT('2D SPACE',''
  ) );
#8315 = ORIENTED_EDGE('',*,*,#8270,.T.);
#8316 = ORIENTED_EDGE('',*,*,#8202,.T.);
#8317 = ADVANCED_FACE('',(#8318),#8084,.T.);
#8318 = FACE_BOUND('',#8319,.T.);
#8319 = EDGE_LOOP('',(#8320,#8339,#8340,#8341));
#8320 = ORIENTED_EDGE('',*,*,#8321,.F.);
#8321 = EDGE_CURVE('',#8226,#8045,#8322,.T.);
#8322 = SURFACE_CURVE('',#8323,(#8327,#8333),.PCURVE_S1.);
#8323 = LINE('',#8324,#8325);
#8324 = CARTESIAN_POINT('',(35.691244611404,-26.41013173176,-105.));
#8325 = VECTOR('',#8326,1.);
#8326 = DIRECTION('',(0.,0.,1.));
#8327 = PCURVE('',#8084,#8328);
#8328 = DEFINITIONAL_REPRESENTATION('',(#8329),#8332);
#8329 = B_SPLINE_CURVE_WITH_KNOTS('',1,(#8330,#8331),.UNSPECIFIED.,.F.,
  .F.,(2,2),(8.05,9.7000006),.PIECEWISE_BEZIER_KNOTS.);
#8330 = CARTESIAN_POINT('',(0.9,14.4));
#8331 = CARTESIAN_POINT('',(-0.7500006,14.4));
#8332 = ( GEOMETRIC_REPRESENTATION_CONTEXT(2) 
PARAMETRIC_REPRESENTATION_CONTEXT() REPRESENTATION_CONTEXT('2D SPACE',''
  ) );
#8333 = PCURVE('',#7283,#8334);
#8334 = DEFINITIONAL_REPRESENTATION('',(#8335),#8338);
#8335 = B_SPLINE_CURVE_WITH_KNOTS('',1,(#8336,#8337),.UNSPECIFIED.,.F.,
  .F.,(2,2),(8.05,9.7000006),.PIECEWISE_BEZIER_KNOTS.);
#8336 = CARTESIAN_POINT('',(5.646140130202,8.05));
#8337 = CARTESIAN_POINT('',(5.646140130202,9.7000006));
#8338 = ( GEOMETRIC_REPRESENTATION_CONTEXT(2) 
PARAMETRIC_REPRESENTATION_CONTEXT() REPRESENTATION_CONTEXT('2D SPACE',''
  ) );
#8339 = ORIENTED_EDGE('',*,*,#8249,.T.);
#8340 = ORIENTED_EDGE('',*,*,#8297,.T.);
#8341 = ORIENTED_EDGE('',*,*,#8068,.F.);
#8342 = ADVANCED_FACE('',(#8343),#8033,.F.);
#8343 = FACE_BOUND('',#8344,.F.);
#8344 = EDGE_LOOP('',(#8345,#8366,#8392,#8411));
#8345 = ORIENTED_EDGE('',*,*,#8346,.F.);
#8346 = EDGE_CURVE('',#8347,#8018,#8349,.T.);
#8347 = VERTEX_POINT('',#8348);
#8348 = CARTESIAN_POINT('',(26.41013173176,-35.6912446114,-96.8));
#8349 = SURFACE_CURVE('',#8350,(#8354,#8360),.PCURVE_S1.);
#8350 = LINE('',#8351,#8352);
#8351 = CARTESIAN_POINT('',(26.41013173176,-35.6912446114,-105.));
#8352 = VECTOR('',#8353,1.);
#8353 = DIRECTION('',(0.,0.,1.));
#8354 = PCURVE('',#8033,#8355);
#8355 = DEFINITIONAL_REPRESENTATION('',(#8356),#8359);
#8356 = B_SPLINE_CURVE_WITH_KNOTS('',1,(#8357,#8358),.UNSPECIFIED.,.F.,
  .F.,(2,2),(8.05,9.7000006),.PIECEWISE_BEZIER_KNOTS.);
#8357 = CARTESIAN_POINT('',(0.9,14.4));
#8358 = CARTESIAN_POINT('',(-0.7500006,14.4));
#8359 = ( GEOMETRIC_REPRESENTATION_CONTEXT(2) 
PARAMETRIC_REPRESENTATION_CONTEXT() REPRESENTATION_CONTEXT('2D SPACE',''
  ) );
#8360 = PCURVE('',#7283,#8361);
#8361 = DEFINITIONAL_REPRESENTATION('',(#8362),#8365);
#8362 = B_SPLINE_CURVE_WITH_KNOTS('',1,(#8363,#8364),.UNSPECIFIED.,.F.,
  .F.,(2,2),(8.05,9.7000006),.PIECEWISE_BEZIER_KNOTS.);
#8363 = CARTESIAN_POINT('',(5.349434157363,8.05));
#8364 = CARTESIAN_POINT('',(5.349434157363,9.7000006));
#8365 = ( GEOMETRIC_REPRESENTATION_CONTEXT(2) 
PARAMETRIC_REPRESENTATION_CONTEXT() REPRESENTATION_CONTEXT('2D SPACE',''
  ) );
#8366 = ORIENTED_EDGE('',*,*,#8367,.T.);
#8367 = EDGE_CURVE('',#8347,#8368,#8370,.T.);
#8368 = VERTEX_POINT('',#8369);
#8369 = CARTESIAN_POINT('',(27.718741862613,-37.45972970476,-96.8));
#8370 = SURFACE_CURVE('',#8371,(#8375,#8381),.PCURVE_S1.);
#8371 = LINE('',#8372,#8373);
#8372 = CARTESIAN_POINT('',(8.92234180127,-12.05785290925,-96.8));
#8373 = VECTOR('',#8374,1.);
#8374 = DIRECTION('',(0.594822786751,-0.803856860617,0.));
#8375 = PCURVE('',#8033,#8376);
#8376 = DEFINITIONAL_REPRESENTATION('',(#8377),#8380);
#8377 = B_SPLINE_CURVE_WITH_KNOTS('',1,(#8378,#8379),.UNSPECIFIED.,.F.,
  .F.,(2,2),(-15.,42.970519731858),.PIECEWISE_BEZIER_KNOTS.);
#8378 = CARTESIAN_POINT('',(0.75,-30.));
#8379 = CARTESIAN_POINT('',(0.75,27.970519731858));
#8380 = ( GEOMETRIC_REPRESENTATION_CONTEXT(2) 
PARAMETRIC_REPRESENTATION_CONTEXT() REPRESENTATION_CONTEXT('2D SPACE',''
  ) );
#8381 = PCURVE('',#8382,#8387);
#8382 = PLANE('',#8383);
#8383 = AXIS2_PLACEMENT_3D('',#8384,#8385,#8386);
#8384 = CARTESIAN_POINT('',(0.,0.,-96.8));
#8385 = DIRECTION('',(0.,0.,1.));
#8386 = DIRECTION('',(1.,0.,-0.));
#8387 = DEFINITIONAL_REPRESENTATION('',(#8388),#8391);
#8388 = B_SPLINE_CURVE_WITH_KNOTS('',1,(#8389,#8390),.UNSPECIFIED.,.F.,
  .F.,(2,2),(-15.,42.970519731858),.PIECEWISE_BEZIER_KNOTS.);
#8389 = CARTESIAN_POINT('',(-3.552713678801E-15,3.552713678801E-15));
#8390 = CARTESIAN_POINT('',(34.482186096328,-46.6));
#8391 = ( GEOMETRIC_REPRESENTATION_CONTEXT(2) 
PARAMETRIC_REPRESENTATION_CONTEXT() REPRESENTATION_CONTEXT('2D SPACE',''
  ) );
#8392 = ORIENTED_EDGE('',*,*,#8393,.T.);
#8393 = EDGE_CURVE('',#8368,#7989,#8394,.T.);
#8394 = SURFACE_CURVE('',#8395,(#8399,#8405),.PCURVE_S1.);
#8395 = LINE('',#8396,#8397);
#8396 = CARTESIAN_POINT('',(27.718741862613,-37.45972970476,-96.8));
#8397 = VECTOR('',#8398,1.);
#8398 = DIRECTION('',(0.,0.,1.));
#8399 = PCURVE('',#8033,#8400);
#8400 = DEFINITIONAL_REPRESENTATION('',(#8401),#8404);
#8401 = B_SPLINE_CURVE_WITH_KNOTS('',1,(#8402,#8403),.UNSPECIFIED.,.F.,
  .F.,(2,2),(-6.000000070117E-07,1.5000006),.PIECEWISE_BEZIER_KNOTS.);
#8402 = CARTESIAN_POINT('',(0.7500006,16.6));
#8403 = CARTESIAN_POINT('',(-0.7500006,16.6));
#8404 = ( GEOMETRIC_REPRESENTATION_CONTEXT(2) 
PARAMETRIC_REPRESENTATION_CONTEXT() REPRESENTATION_CONTEXT('2D SPACE',''
  ) );
#8405 = PCURVE('',#8005,#8406);
#8406 = DEFINITIONAL_REPRESENTATION('',(#8407),#8410);
#8407 = B_SPLINE_CURVE_WITH_KNOTS('',1,(#8408,#8409),.UNSPECIFIED.,.F.,
  .F.,(2,2),(-6.000000070117E-07,1.5000006),.PIECEWISE_BEZIER_KNOTS.);
#8408 = CARTESIAN_POINT('',(5.349434157363,-6.000000070117E-07));
#8409 = CARTESIAN_POINT('',(5.349434157363,1.5000006));
#8410 = ( GEOMETRIC_REPRESENTATION_CONTEXT(2) 
PARAMETRIC_REPRESENTATION_CONTEXT() REPRESENTATION_CONTEXT('2D SPACE',''
  ) );
#8411 = ORIENTED_EDGE('',*,*,#8017,.F.);
#8412 = ADVANCED_FACE('',(#8413),#8382,.F.);
#8413 = FACE_BOUND('',#8414,.F.);
#8414 = EDGE_LOOP('',(#8415,#8439,#8460,#8482));
#8415 = ORIENTED_EDGE('',*,*,#8416,.F.);
#8416 = EDGE_CURVE('',#8417,#8347,#8419,.T.);
#8417 = VERTEX_POINT('',#8418);
#8418 = CARTESIAN_POINT('',(6.562737854155,-43.91230433326,-96.8));
#8419 = SURFACE_CURVE('',#8420,(#8425,#8432),.PCURVE_S1.);
#8420 = CIRCLE('',#8421,44.4);
#8421 = AXIS2_PLACEMENT_3D('',#8422,#8423,#8424);
#8422 = CARTESIAN_POINT('',(0.,0.,-96.8));
#8423 = DIRECTION('',(0.,0.,1.));
#8424 = DIRECTION('',(1.,0.,-0.));
#8425 = PCURVE('',#8382,#8426);
#8426 = DEFINITIONAL_REPRESENTATION('',(#8427),#8431);
#8427 = CIRCLE('',#8428,44.4);
#8428 = AXIS2_PLACEMENT_2D('',#8429,#8430);
#8429 = CARTESIAN_POINT('',(0.,0.));
#8430 = DIRECTION('',(1.,0.));
#8431 = ( GEOMETRIC_REPRESENTATION_CONTEXT(2) 
PARAMETRIC_REPRESENTATION_CONTEXT() REPRESENTATION_CONTEXT('2D SPACE',''
  ) );
#8432 = PCURVE('',#7283,#8433);
#8433 = DEFINITIONAL_REPRESENTATION('',(#8434),#8438);
#8434 = LINE('',#8435,#8436);
#8435 = CARTESIAN_POINT('',(0.,8.2));
#8436 = VECTOR('',#8437,1.);
#8437 = DIRECTION('',(1.,0.));
#8438 = ( GEOMETRIC_REPRESENTATION_CONTEXT(2) 
PARAMETRIC_REPRESENTATION_CONTEXT() REPRESENTATION_CONTEXT('2D SPACE',''
  ) );
#8439 = ORIENTED_EDGE('',*,*,#8440,.T.);
#8440 = EDGE_CURVE('',#8417,#8441,#8443,.T.);
#8441 = VERTEX_POINT('',#8442);
#8442 = CARTESIAN_POINT('',(6.88791855864,-46.08813923266,-96.8));
#8443 = SURFACE_CURVE('',#8444,(#8448,#8454),.PCURVE_S1.);
#8444 = LINE('',#8445,#8446);
#8445 = CARTESIAN_POINT('',(2.217141166944,-14.83523795042,-96.8));
#8446 = VECTOR('',#8447,1.);
#8447 = DIRECTION('',(0.14780941113,-0.989015863362,0.));
#8448 = PCURVE('',#8382,#8449);
#8449 = DEFINITIONAL_REPRESENTATION('',(#8450),#8453);
#8450 = B_SPLINE_CURVE_WITH_KNOTS('',1,(#8451,#8452),.UNSPECIFIED.,.F.,
  .F.,(2,2),(-15.,32.117545558465),.PIECEWISE_BEZIER_KNOTS.);
#8451 = CARTESIAN_POINT('',(-8.881784197001E-16,0.));
#8452 = CARTESIAN_POINT('',(6.964416662869,-46.6));
#8453 = ( GEOMETRIC_REPRESENTATION_CONTEXT(2) 
PARAMETRIC_REPRESENTATION_CONTEXT() REPRESENTATION_CONTEXT('2D SPACE',''
  ) );
#8454 = PCURVE('',#7977,#8455);
#8455 = DEFINITIONAL_REPRESENTATION('',(#8456),#8459);
#8456 = B_SPLINE_CURVE_WITH_KNOTS('',1,(#8457,#8458),.UNSPECIFIED.,.F.,
  .F.,(2,2),(-15.,32.117545558465),.PIECEWISE_BEZIER_KNOTS.);
#8457 = CARTESIAN_POINT('',(0.75,-30.));
#8458 = CARTESIAN_POINT('',(0.75,17.117545558465));
#8459 = ( GEOMETRIC_REPRESENTATION_CONTEXT(2) 
PARAMETRIC_REPRESENTATION_CONTEXT() REPRESENTATION_CONTEXT('2D SPACE',''
  ) );
#8460 = ORIENTED_EDGE('',*,*,#8461,.T.);
#8461 = EDGE_CURVE('',#8441,#8368,#8462,.T.);
#8462 = SURFACE_CURVE('',#8463,(#8468,#8475),.PCURVE_S1.);
#8463 = CIRCLE('',#8464,46.6);
#8464 = AXIS2_PLACEMENT_3D('',#8465,#8466,#8467);
#8465 = CARTESIAN_POINT('',(0.,0.,-96.8));
#8466 = DIRECTION('',(0.,0.,1.));
#8467 = DIRECTION('',(1.,0.,-0.));
#8468 = PCURVE('',#8382,#8469);
#8469 = DEFINITIONAL_REPRESENTATION('',(#8470),#8474);
#8470 = CIRCLE('',#8471,46.6);
#8471 = AXIS2_PLACEMENT_2D('',#8472,#8473);
#8472 = CARTESIAN_POINT('',(0.,0.));
#8473 = DIRECTION('',(1.,0.));
#8474 = ( GEOMETRIC_REPRESENTATION_CONTEXT(2) 
PARAMETRIC_REPRESENTATION_CONTEXT() REPRESENTATION_CONTEXT('2D SPACE',''
  ) );
#8475 = PCURVE('',#8005,#8476);
#8476 = DEFINITIONAL_REPRESENTATION('',(#8477),#8481);
#8477 = LINE('',#8478,#8479);
#8478 = CARTESIAN_POINT('',(0.,0.));
#8479 = VECTOR('',#8480,1.);
#8480 = DIRECTION('',(1.,0.));
#8481 = ( GEOMETRIC_REPRESENTATION_CONTEXT(2) 
PARAMETRIC_REPRESENTATION_CONTEXT() REPRESENTATION_CONTEXT('2D SPACE',''
  ) );
#8482 = ORIENTED_EDGE('',*,*,#8367,.F.);
#8483 = ADVANCED_FACE('',(#8484),#8005,.T.);
#8484 = FACE_BOUND('',#8485,.T.);
#8485 = EDGE_LOOP('',(#8486,#8487,#8506,#8507));
#8486 = ORIENTED_EDGE('',*,*,#7988,.F.);
#8487 = ORIENTED_EDGE('',*,*,#8488,.F.);
#8488 = EDGE_CURVE('',#8441,#7962,#8489,.T.);
#8489 = SURFACE_CURVE('',#8490,(#8494,#8500),.PCURVE_S1.);
#8490 = LINE('',#8491,#8492);
#8491 = CARTESIAN_POINT('',(6.88791855864,-46.08813923266,-96.8));
#8492 = VECTOR('',#8493,1.);
#8493 = DIRECTION('',(0.,0.,1.));
#8494 = PCURVE('',#8005,#8495);
#8495 = DEFINITIONAL_REPRESENTATION('',(#8496),#8499);
#8496 = B_SPLINE_CURVE_WITH_KNOTS('',1,(#8497,#8498),.UNSPECIFIED.,.F.,
  .F.,(2,2),(-6.000000070117E-07,1.5000006),.PIECEWISE_BEZIER_KNOTS.);
#8497 = CARTESIAN_POINT('',(4.860741966804,-6.000000070117E-07));
#8498 = CARTESIAN_POINT('',(4.860741966804,1.5000006));
#8499 = ( GEOMETRIC_REPRESENTATION_CONTEXT(2) 
PARAMETRIC_REPRESENTATION_CONTEXT() REPRESENTATION_CONTEXT('2D SPACE',''
  ) );
#8500 = PCURVE('',#7977,#8501);
#8501 = DEFINITIONAL_REPRESENTATION('',(#8502),#8505);
#8502 = B_SPLINE_CURVE_WITH_KNOTS('',1,(#8503,#8504),.UNSPECIFIED.,.F.,
  .F.,(2,2),(-6.000000070117E-07,1.5000006),.PIECEWISE_BEZIER_KNOTS.);
#8503 = CARTESIAN_POINT('',(0.7500006,16.6));
#8504 = CARTESIAN_POINT('',(-0.7500006,16.6));
#8505 = ( GEOMETRIC_REPRESENTATION_CONTEXT(2) 
PARAMETRIC_REPRESENTATION_CONTEXT() REPRESENTATION_CONTEXT('2D SPACE',''
  ) );
#8506 = ORIENTED_EDGE('',*,*,#8461,.T.);
#8507 = ORIENTED_EDGE('',*,*,#8393,.T.);
#8508 = ADVANCED_FACE('',(#8509),#7977,.T.);
#8509 = FACE_BOUND('',#8510,.T.);
#8510 = EDGE_LOOP('',(#8511,#8530,#8531,#8532));
#8511 = ORIENTED_EDGE('',*,*,#8512,.F.);
#8512 = EDGE_CURVE('',#8417,#7938,#8513,.T.);
#8513 = SURFACE_CURVE('',#8514,(#8518,#8524),.PCURVE_S1.);
#8514 = LINE('',#8515,#8516);
#8515 = CARTESIAN_POINT('',(6.562737854155,-43.91230433326,-105.));
#8516 = VECTOR('',#8517,1.);
#8517 = DIRECTION('',(0.,0.,1.));
#8518 = PCURVE('',#7977,#8519);
#8519 = DEFINITIONAL_REPRESENTATION('',(#8520),#8523);
#8520 = B_SPLINE_CURVE_WITH_KNOTS('',1,(#8521,#8522),.UNSPECIFIED.,.F.,
  .F.,(2,2),(8.05,9.7000006),.PIECEWISE_BEZIER_KNOTS.);
#8521 = CARTESIAN_POINT('',(0.9,14.4));
#8522 = CARTESIAN_POINT('',(-0.7500006,14.4));
#8523 = ( GEOMETRIC_REPRESENTATION_CONTEXT(2) 
PARAMETRIC_REPRESENTATION_CONTEXT() REPRESENTATION_CONTEXT('2D SPACE',''
  ) );
#8524 = PCURVE('',#7283,#8525);
#8525 = DEFINITIONAL_REPRESENTATION('',(#8526),#8529);
#8526 = B_SPLINE_CURVE_WITH_KNOTS('',1,(#8527,#8528),.UNSPECIFIED.,.F.,
  .F.,(2,2),(8.05,9.7000006),.PIECEWISE_BEZIER_KNOTS.);
#8527 = CARTESIAN_POINT('',(4.860741966804,8.05));
#8528 = CARTESIAN_POINT('',(4.860741966804,9.7000006));
#8529 = ( GEOMETRIC_REPRESENTATION_CONTEXT(2) 
PARAMETRIC_REPRESENTATION_CONTEXT() REPRESENTATION_CONTEXT('2D SPACE',''
  ) );
#8530 = ORIENTED_EDGE('',*,*,#8440,.T.);
#8531 = ORIENTED_EDGE('',*,*,#8488,.T.);
#8532 = ORIENTED_EDGE('',*,*,#7961,.F.);
#8533 = ADVANCED_FACE('',(#8534),#7926,.F.);
#8534 = FACE_BOUND('',#8535,.F.);
#8535 = EDGE_LOOP('',(#8536,#8557,#8583,#8602));
#8536 = ORIENTED_EDGE('',*,*,#8537,.F.);
#8537 = EDGE_CURVE('',#8538,#7911,#8540,.T.);
#8538 = VERTEX_POINT('',#8539);
#8539 = CARTESIAN_POINT('',(-6.562737854155,-43.91230433326,-96.8));
#8540 = SURFACE_CURVE('',#8541,(#8545,#8551),.PCURVE_S1.);
#8541 = LINE('',#8542,#8543);
#8542 = CARTESIAN_POINT('',(-6.562737854155,-43.91230433326,-105.));
#8543 = VECTOR('',#8544,1.);
#8544 = DIRECTION('',(0.,0.,1.));
#8545 = PCURVE('',#7926,#8546);
#8546 = DEFINITIONAL_REPRESENTATION('',(#8547),#8550);
#8547 = B_SPLINE_CURVE_WITH_KNOTS('',1,(#8548,#8549),.UNSPECIFIED.,.F.,
  .F.,(2,2),(8.05,9.7000006),.PIECEWISE_BEZIER_KNOTS.);
#8548 = CARTESIAN_POINT('',(0.9,14.4));
#8549 = CARTESIAN_POINT('',(-0.7500006,14.4));
#8550 = ( GEOMETRIC_REPRESENTATION_CONTEXT(2) 
PARAMETRIC_REPRESENTATION_CONTEXT() REPRESENTATION_CONTEXT('2D SPACE',''
  ) );
#8551 = PCURVE('',#7283,#8552);
#8552 = DEFINITIONAL_REPRESENTATION('',(#8553),#8556);
#8553 = B_SPLINE_CURVE_WITH_KNOTS('',1,(#8554,#8555),.UNSPECIFIED.,.F.,
  .F.,(2,2),(8.05,9.7000006),.PIECEWISE_BEZIER_KNOTS.);
#8554 = CARTESIAN_POINT('',(4.564035993965,8.05));
#8555 = CARTESIAN_POINT('',(4.564035993965,9.7000006));
#8556 = ( GEOMETRIC_REPRESENTATION_CONTEXT(2) 
PARAMETRIC_REPRESENTATION_CONTEXT() REPRESENTATION_CONTEXT('2D SPACE',''
  ) );
#8557 = ORIENTED_EDGE('',*,*,#8558,.T.);
#8558 = EDGE_CURVE('',#8538,#8559,#8561,.T.);
#8559 = VERTEX_POINT('',#8560);
#8560 = CARTESIAN_POINT('',(-6.88791855864,-46.08813923266,-96.8));
#8561 = SURFACE_CURVE('',#8562,(#8566,#8572),.PCURVE_S1.);
#8562 = LINE('',#8563,#8564);
#8563 = CARTESIAN_POINT('',(-2.217141166944,-14.83523795042,-96.8));
#8564 = VECTOR('',#8565,1.);
#8565 = DIRECTION('',(-0.14780941113,-0.989015863362,0.));
#8566 = PCURVE('',#7926,#8567);
#8567 = DEFINITIONAL_REPRESENTATION('',(#8568),#8571);
#8568 = B_SPLINE_CURVE_WITH_KNOTS('',1,(#8569,#8570),.UNSPECIFIED.,.F.,
  .F.,(2,2),(-15.,32.117545558465),.PIECEWISE_BEZIER_KNOTS.);
#8569 = CARTESIAN_POINT('',(0.75,-30.));
#8570 = CARTESIAN_POINT('',(0.75,17.117545558465));
#8571 = ( GEOMETRIC_REPRESENTATION_CONTEXT(2) 
PARAMETRIC_REPRESENTATION_CONTEXT() REPRESENTATION_CONTEXT('2D SPACE',''
  ) );
#8572 = PCURVE('',#8573,#8578);
#8573 = PLANE('',#8574);
#8574 = AXIS2_PLACEMENT_3D('',#8575,#8576,#8577);
#8575 = CARTESIAN_POINT('',(0.,0.,-96.8));
#8576 = DIRECTION('',(0.,0.,1.));
#8577 = DIRECTION('',(1.,0.,-0.));
#8578 = DEFINITIONAL_REPRESENTATION('',(#8579),#8582);
#8579 = B_SPLINE_CURVE_WITH_KNOTS('',1,(#8580,#8581),.UNSPECIFIED.,.F.,
  .F.,(2,2),(-15.,32.117545558465),.PIECEWISE_BEZIER_KNOTS.);
#8580 = CARTESIAN_POINT('',(4.440892098501E-16,1.7763568394E-15));
#8581 = CARTESIAN_POINT('',(-6.964416662869,-46.6));
#8582 = ( GEOMETRIC_REPRESENTATION_CONTEXT(2) 
PARAMETRIC_REPRESENTATION_CONTEXT() REPRESENTATION_CONTEXT('2D SPACE',''
  ) );
#8583 = ORIENTED_EDGE('',*,*,#8584,.T.);
#8584 = EDGE_CURVE('',#8559,#7882,#8585,.T.);
#8585 = SURFACE_CURVE('',#8586,(#8590,#8596),.PCURVE_S1.);
#8586 = LINE('',#8587,#8588);
#8587 = CARTESIAN_POINT('',(-6.88791855864,-46.08813923266,-96.8));
#8588 = VECTOR('',#8589,1.);
#8589 = DIRECTION('',(0.,0.,1.));
#8590 = PCURVE('',#7926,#8591);
#8591 = DEFINITIONAL_REPRESENTATION('',(#8592),#8595);
#8592 = B_SPLINE_CURVE_WITH_KNOTS('',1,(#8593,#8594),.UNSPECIFIED.,.F.,
  .F.,(2,2),(-6.000000070117E-07,1.5000006),.PIECEWISE_BEZIER_KNOTS.);
#8593 = CARTESIAN_POINT('',(0.7500006,16.6));
#8594 = CARTESIAN_POINT('',(-0.7500006,16.6));
#8595 = ( GEOMETRIC_REPRESENTATION_CONTEXT(2) 
PARAMETRIC_REPRESENTATION_CONTEXT() REPRESENTATION_CONTEXT('2D SPACE',''
  ) );
#8596 = PCURVE('',#7898,#8597);
#8597 = DEFINITIONAL_REPRESENTATION('',(#8598),#8601);
#8598 = B_SPLINE_CURVE_WITH_KNOTS('',1,(#8599,#8600),.UNSPECIFIED.,.F.,
  .F.,(2,2),(-6.000000070117E-07,1.5000006),.PIECEWISE_BEZIER_KNOTS.);
#8599 = CARTESIAN_POINT('',(4.564035993965,-6.000000070117E-07));
#8600 = CARTESIAN_POINT('',(4.564035993965,1.5000006));
#8601 = ( GEOMETRIC_REPRESENTATION_CONTEXT(2) 
PARAMETRIC_REPRESENTATION_CONTEXT() REPRESENTATION_CONTEXT('2D SPACE',''
  ) );
#8602 = ORIENTED_EDGE('',*,*,#7910,.F.);
#8603 = ADVANCED_FACE('',(#8604),#8573,.F.);
#8604 = FACE_BOUND('',#8605,.F.);
#8605 = EDGE_LOOP('',(#8606,#8630,#8651,#8673));
#8606 = ORIENTED_EDGE('',*,*,#8607,.F.);
#8607 = EDGE_CURVE('',#8608,#8538,#8610,.T.);
#8608 = VERTEX_POINT('',#8609);
#8609 = CARTESIAN_POINT('',(-26.41013173176,-35.6912446114,-96.8));
#8610 = SURFACE_CURVE('',#8611,(#8616,#8623),.PCURVE_S1.);
#8611 = CIRCLE('',#8612,44.4);
#8612 = AXIS2_PLACEMENT_3D('',#8613,#8614,#8615);
#8613 = CARTESIAN_POINT('',(0.,0.,-96.8));
#8614 = DIRECTION('',(0.,0.,1.));
#8615 = DIRECTION('',(1.,0.,-0.));
#8616 = PCURVE('',#8573,#8617);
#8617 = DEFINITIONAL_REPRESENTATION('',(#8618),#8622);
#8618 = CIRCLE('',#8619,44.4);
#8619 = AXIS2_PLACEMENT_2D('',#8620,#8621);
#8620 = CARTESIAN_POINT('',(0.,0.));
#8621 = DIRECTION('',(1.,0.));
#8622 = ( GEOMETRIC_REPRESENTATION_CONTEXT(2) 
PARAMETRIC_REPRESENTATION_CONTEXT() REPRESENTATION_CONTEXT('2D SPACE',''
  ) );
#8623 = PCURVE('',#7283,#8624);
#8624 = DEFINITIONAL_REPRESENTATION('',(#8625),#8629);
#8625 = LINE('',#8626,#8627);
#8626 = CARTESIAN_POINT('',(0.,8.2));
#8627 = VECTOR('',#8628,1.);
#8628 = DIRECTION('',(1.,0.));
#8629 = ( GEOMETRIC_REPRESENTATION_CONTEXT(2) 
PARAMETRIC_REPRESENTATION_CONTEXT() REPRESENTATION_CONTEXT('2D SPACE',''
  ) );
#8630 = ORIENTED_EDGE('',*,*,#8631,.T.);
#8631 = EDGE_CURVE('',#8608,#8632,#8634,.T.);
#8632 = VERTEX_POINT('',#8633);
#8633 = CARTESIAN_POINT('',(-27.71874186261,-37.45972970476,-96.8));
#8634 = SURFACE_CURVE('',#8635,(#8639,#8645),.PCURVE_S1.);
#8635 = LINE('',#8636,#8637);
#8636 = CARTESIAN_POINT('',(-8.92234180127,-12.05785290925,-96.8));
#8637 = VECTOR('',#8638,1.);
#8638 = DIRECTION('',(-0.594822786751,-0.803856860617,0.));
#8639 = PCURVE('',#8573,#8640);
#8640 = DEFINITIONAL_REPRESENTATION('',(#8641),#8644);
#8641 = B_SPLINE_CURVE_WITH_KNOTS('',1,(#8642,#8643),.UNSPECIFIED.,.F.,
  .F.,(2,2),(-15.,42.970519731858),.PIECEWISE_BEZIER_KNOTS.);
#8642 = CARTESIAN_POINT('',(1.7763568394E-15,1.7763568394E-15));
#8643 = CARTESIAN_POINT('',(-34.48218609632,-46.6));
#8644 = ( GEOMETRIC_REPRESENTATION_CONTEXT(2) 
PARAMETRIC_REPRESENTATION_CONTEXT() REPRESENTATION_CONTEXT('2D SPACE',''
  ) );
#8645 = PCURVE('',#7870,#8646);
#8646 = DEFINITIONAL_REPRESENTATION('',(#8647),#8650);
#8647 = B_SPLINE_CURVE_WITH_KNOTS('',1,(#8648,#8649),.UNSPECIFIED.,.F.,
  .F.,(2,2),(-15.,42.970519731858),.PIECEWISE_BEZIER_KNOTS.);
#8648 = CARTESIAN_POINT('',(0.75,-30.));
#8649 = CARTESIAN_POINT('',(0.75,27.970519731858));
#8650 = ( GEOMETRIC_REPRESENTATION_CONTEXT(2) 
PARAMETRIC_REPRESENTATION_CONTEXT() REPRESENTATION_CONTEXT('2D SPACE',''
  ) );
#8651 = ORIENTED_EDGE('',*,*,#8652,.T.);
#8652 = EDGE_CURVE('',#8632,#8559,#8653,.T.);
#8653 = SURFACE_CURVE('',#8654,(#8659,#8666),.PCURVE_S1.);
#8654 = CIRCLE('',#8655,46.6);
#8655 = AXIS2_PLACEMENT_3D('',#8656,#8657,#8658);
#8656 = CARTESIAN_POINT('',(0.,0.,-96.8));
#8657 = DIRECTION('',(0.,0.,1.));
#8658 = DIRECTION('',(1.,0.,-0.));
#8659 = PCURVE('',#8573,#8660);
#8660 = DEFINITIONAL_REPRESENTATION('',(#8661),#8665);
#8661 = CIRCLE('',#8662,46.6);
#8662 = AXIS2_PLACEMENT_2D('',#8663,#8664);
#8663 = CARTESIAN_POINT('',(0.,0.));
#8664 = DIRECTION('',(1.,0.));
#8665 = ( GEOMETRIC_REPRESENTATION_CONTEXT(2) 
PARAMETRIC_REPRESENTATION_CONTEXT() REPRESENTATION_CONTEXT('2D SPACE',''
  ) );
#8666 = PCURVE('',#7898,#8667);
#8667 = DEFINITIONAL_REPRESENTATION('',(#8668),#8672);
#8668 = LINE('',#8669,#8670);
#8669 = CARTESIAN_POINT('',(0.,0.));
#8670 = VECTOR('',#8671,1.);
#8671 = DIRECTION('',(1.,0.));
#8672 = ( GEOMETRIC_REPRESENTATION_CONTEXT(2) 
PARAMETRIC_REPRESENTATION_CONTEXT() REPRESENTATION_CONTEXT('2D SPACE',''
  ) );
#8673 = ORIENTED_EDGE('',*,*,#8558,.F.);
#8674 = ADVANCED_FACE('',(#8675),#7898,.T.);
#8675 = FACE_BOUND('',#8676,.T.);
#8676 = EDGE_LOOP('',(#8677,#8678,#8697,#8698));
#8677 = ORIENTED_EDGE('',*,*,#7881,.F.);
#8678 = ORIENTED_EDGE('',*,*,#8679,.F.);
#8679 = EDGE_CURVE('',#8632,#7855,#8680,.T.);
#8680 = SURFACE_CURVE('',#8681,(#8685,#8691),.PCURVE_S1.);
#8681 = LINE('',#8682,#8683);
#8682 = CARTESIAN_POINT('',(-27.71874186261,-37.45972970476,-96.8));
#8683 = VECTOR('',#8684,1.);
#8684 = DIRECTION('',(0.,0.,1.));
#8685 = PCURVE('',#7898,#8686);
#8686 = DEFINITIONAL_REPRESENTATION('',(#8687),#8690);
#8687 = B_SPLINE_CURVE_WITH_KNOTS('',1,(#8688,#8689),.UNSPECIFIED.,.F.,
  .F.,(2,2),(-6.000000070117E-07,1.5000006),.PIECEWISE_BEZIER_KNOTS.);
#8688 = CARTESIAN_POINT('',(4.075343803407,-6.000000070117E-07));
#8689 = CARTESIAN_POINT('',(4.075343803407,1.5000006));
#8690 = ( GEOMETRIC_REPRESENTATION_CONTEXT(2) 
PARAMETRIC_REPRESENTATION_CONTEXT() REPRESENTATION_CONTEXT('2D SPACE',''
  ) );
#8691 = PCURVE('',#7870,#8692);
#8692 = DEFINITIONAL_REPRESENTATION('',(#8693),#8696);
#8693 = B_SPLINE_CURVE_WITH_KNOTS('',1,(#8694,#8695),.UNSPECIFIED.,.F.,
  .F.,(2,2),(-6.000000070117E-07,1.5000006),.PIECEWISE_BEZIER_KNOTS.);
#8694 = CARTESIAN_POINT('',(0.7500006,16.6));
#8695 = CARTESIAN_POINT('',(-0.7500006,16.6));
#8696 = ( GEOMETRIC_REPRESENTATION_CONTEXT(2) 
PARAMETRIC_REPRESENTATION_CONTEXT() REPRESENTATION_CONTEXT('2D SPACE',''
  ) );
#8697 = ORIENTED_EDGE('',*,*,#8652,.T.);
#8698 = ORIENTED_EDGE('',*,*,#8584,.T.);
#8699 = ADVANCED_FACE('',(#8700),#7870,.T.);
#8700 = FACE_BOUND('',#8701,.T.);
#8701 = EDGE_LOOP('',(#8702,#8721,#8722,#8723));
#8702 = ORIENTED_EDGE('',*,*,#8703,.F.);
#8703 = EDGE_CURVE('',#8608,#7831,#8704,.T.);
#8704 = SURFACE_CURVE('',#8705,(#8709,#8715),.PCURVE_S1.);
#8705 = LINE('',#8706,#8707);
#8706 = CARTESIAN_POINT('',(-26.41013173176,-35.6912446114,-105.));
#8707 = VECTOR('',#8708,1.);
#8708 = DIRECTION('',(0.,0.,1.));
#8709 = PCURVE('',#7870,#8710);
#8710 = DEFINITIONAL_REPRESENTATION('',(#8711),#8714);
#8711 = B_SPLINE_CURVE_WITH_KNOTS('',1,(#8712,#8713),.UNSPECIFIED.,.F.,
  .F.,(2,2),(8.05,9.7000006),.PIECEWISE_BEZIER_KNOTS.);
#8712 = CARTESIAN_POINT('',(0.9,14.4));
#8713 = CARTESIAN_POINT('',(-0.7500006,14.4));
#8714 = ( GEOMETRIC_REPRESENTATION_CONTEXT(2) 
PARAMETRIC_REPRESENTATION_CONTEXT() REPRESENTATION_CONTEXT('2D SPACE',''
  ) );
#8715 = PCURVE('',#7283,#8716);
#8716 = DEFINITIONAL_REPRESENTATION('',(#8717),#8720);
#8717 = B_SPLINE_CURVE_WITH_KNOTS('',1,(#8718,#8719),.UNSPECIFIED.,.F.,
  .F.,(2,2),(8.05,9.7000006),.PIECEWISE_BEZIER_KNOTS.);
#8718 = CARTESIAN_POINT('',(4.075343803407,8.05));
#8719 = CARTESIAN_POINT('',(4.075343803407,9.7000006));
#8720 = ( GEOMETRIC_REPRESENTATION_CONTEXT(2) 
PARAMETRIC_REPRESENTATION_CONTEXT() REPRESENTATION_CONTEXT('2D SPACE',''
  ) );
#8721 = ORIENTED_EDGE('',*,*,#8631,.T.);
#8722 = ORIENTED_EDGE('',*,*,#8679,.T.);
#8723 = ORIENTED_EDGE('',*,*,#7854,.F.);
#8724 = ADVANCED_FACE('',(#8725),#7819,.F.);
#8725 = FACE_BOUND('',#8726,.F.);
#8726 = EDGE_LOOP('',(#8727,#8748,#8774,#8793));
#8727 = ORIENTED_EDGE('',*,*,#8728,.F.);
#8728 = EDGE_CURVE('',#8729,#7804,#8731,.T.);
#8729 = VERTEX_POINT('',#8730);
#8730 = CARTESIAN_POINT('',(-35.6912446114,-26.41013173176,-96.8));
#8731 = SURFACE_CURVE('',#8732,(#8736,#8742),.PCURVE_S1.);
#8732 = LINE('',#8733,#8734);
#8733 = CARTESIAN_POINT('',(-35.6912446114,-26.41013173176,-105.));
#8734 = VECTOR('',#8735,1.);
#8735 = DIRECTION('',(0.,0.,1.));
#8736 = PCURVE('',#7819,#8737);
#8737 = DEFINITIONAL_REPRESENTATION('',(#8738),#8741);
#8738 = B_SPLINE_CURVE_WITH_KNOTS('',1,(#8739,#8740),.UNSPECIFIED.,.F.,
  .F.,(2,2),(8.05,9.7000006),.PIECEWISE_BEZIER_KNOTS.);
#8739 = CARTESIAN_POINT('',(0.9,14.4));
#8740 = CARTESIAN_POINT('',(-0.7500006,14.4));
#8741 = ( GEOMETRIC_REPRESENTATION_CONTEXT(2) 
PARAMETRIC_REPRESENTATION_CONTEXT() REPRESENTATION_CONTEXT('2D SPACE',''
  ) );
#8742 = PCURVE('',#7283,#8743);
#8743 = DEFINITIONAL_REPRESENTATION('',(#8744),#8747);
#8744 = B_SPLINE_CURVE_WITH_KNOTS('',1,(#8745,#8746),.UNSPECIFIED.,.F.,
  .F.,(2,2),(8.05,9.7000006),.PIECEWISE_BEZIER_KNOTS.);
#8745 = CARTESIAN_POINT('',(3.778637830568,8.05));
#8746 = CARTESIAN_POINT('',(3.778637830568,9.7000006));
#8747 = ( GEOMETRIC_REPRESENTATION_CONTEXT(2) 
PARAMETRIC_REPRESENTATION_CONTEXT() REPRESENTATION_CONTEXT('2D SPACE',''
  ) );
#8748 = ORIENTED_EDGE('',*,*,#8749,.T.);
#8749 = EDGE_CURVE('',#8729,#8750,#8752,.T.);
#8750 = VERTEX_POINT('',#8751);
#8751 = CARTESIAN_POINT('',(-37.45972970476,-27.71874186261,-96.8));
#8752 = SURFACE_CURVE('',#8753,(#8757,#8763),.PCURVE_S1.);
#8753 = LINE('',#8754,#8755);
#8754 = CARTESIAN_POINT('',(-12.05785290925,-8.92234180127,-96.8));
#8755 = VECTOR('',#8756,1.);
#8756 = DIRECTION('',(-0.803856860617,-0.594822786751,0.));
#8757 = PCURVE('',#7819,#8758);
#8758 = DEFINITIONAL_REPRESENTATION('',(#8759),#8762);
#8759 = B_SPLINE_CURVE_WITH_KNOTS('',1,(#8760,#8761),.UNSPECIFIED.,.F.,
  .F.,(2,2),(-15.,42.970519731858),.PIECEWISE_BEZIER_KNOTS.);
#8760 = CARTESIAN_POINT('',(0.75,-30.));
#8761 = CARTESIAN_POINT('',(0.75,27.970519731858));
#8762 = ( GEOMETRIC_REPRESENTATION_CONTEXT(2) 
PARAMETRIC_REPRESENTATION_CONTEXT() REPRESENTATION_CONTEXT('2D SPACE',''
  ) );
#8763 = PCURVE('',#8764,#8769);
#8764 = PLANE('',#8765);
#8765 = AXIS2_PLACEMENT_3D('',#8766,#8767,#8768);
#8766 = CARTESIAN_POINT('',(0.,0.,-96.8));
#8767 = DIRECTION('',(0.,0.,1.));
#8768 = DIRECTION('',(1.,0.,-0.));
#8769 = DEFINITIONAL_REPRESENTATION('',(#8770),#8773);
#8770 = B_SPLINE_CURVE_WITH_KNOTS('',1,(#8771,#8772),.UNSPECIFIED.,.F.,
  .F.,(2,2),(-15.,42.970519731858),.PIECEWISE_BEZIER_KNOTS.);
#8771 = CARTESIAN_POINT('',(0.,0.));
#8772 = CARTESIAN_POINT('',(-46.6,-34.48218609632));
#8773 = ( GEOMETRIC_REPRESENTATION_CONTEXT(2) 
PARAMETRIC_REPRESENTATION_CONTEXT() REPRESENTATION_CONTEXT('2D SPACE',''
  ) );
#8774 = ORIENTED_EDGE('',*,*,#8775,.T.);
#8775 = EDGE_CURVE('',#8750,#7775,#8776,.T.);
#8776 = SURFACE_CURVE('',#8777,(#8781,#8787),.PCURVE_S1.);
#8777 = LINE('',#8778,#8779);
#8778 = CARTESIAN_POINT('',(-37.45972970476,-27.71874186261,-96.8));
#8779 = VECTOR('',#8780,1.);
#8780 = DIRECTION('',(0.,0.,1.));
#8781 = PCURVE('',#7819,#8782);
#8782 = DEFINITIONAL_REPRESENTATION('',(#8783),#8786);
#8783 = B_SPLINE_CURVE_WITH_KNOTS('',1,(#8784,#8785),.UNSPECIFIED.,.F.,
  .F.,(2,2),(-6.000000070117E-07,1.5000006),.PIECEWISE_BEZIER_KNOTS.);
#8784 = CARTESIAN_POINT('',(0.7500006,16.6));
#8785 = CARTESIAN_POINT('',(-0.7500006,16.6));
#8786 = ( GEOMETRIC_REPRESENTATION_CONTEXT(2) 
PARAMETRIC_REPRESENTATION_CONTEXT() REPRESENTATION_CONTEXT('2D SPACE',''
  ) );
#8787 = PCURVE('',#7791,#8788);
#8788 = DEFINITIONAL_REPRESENTATION('',(#8789),#8792);
#8789 = B_SPLINE_CURVE_WITH_KNOTS('',1,(#8790,#8791),.UNSPECIFIED.,.F.,
  .F.,(2,2),(-6.000000070117E-07,1.5000006),.PIECEWISE_BEZIER_KNOTS.);
#8790 = CARTESIAN_POINT('',(3.778637830568,-6.000000070117E-07));
#8791 = CARTESIAN_POINT('',(3.778637830568,1.5000006));
#8792 = ( GEOMETRIC_REPRESENTATION_CONTEXT(2) 
PARAMETRIC_REPRESENTATION_CONTEXT() REPRESENTATION_CONTEXT('2D SPACE',''
  ) );
#8793 = ORIENTED_EDGE('',*,*,#7803,.F.);
#8794 = ADVANCED_FACE('',(#8795),#8764,.F.);
#8795 = FACE_BOUND('',#8796,.F.);
#8796 = EDGE_LOOP('',(#8797,#8821,#8842,#8864));
#8797 = ORIENTED_EDGE('',*,*,#8798,.F.);
#8798 = EDGE_CURVE('',#8799,#8729,#8801,.T.);
#8799 = VERTEX_POINT('',#8800);
#8800 = CARTESIAN_POINT('',(-43.91230433326,-6.562737854155,-96.8));
#8801 = SURFACE_CURVE('',#8802,(#8807,#8814),.PCURVE_S1.);
#8802 = CIRCLE('',#8803,44.4);
#8803 = AXIS2_PLACEMENT_3D('',#8804,#8805,#8806);
#8804 = CARTESIAN_POINT('',(0.,0.,-96.8));
#8805 = DIRECTION('',(0.,0.,1.));
#8806 = DIRECTION('',(1.,0.,-0.));
#8807 = PCURVE('',#8764,#8808);
#8808 = DEFINITIONAL_REPRESENTATION('',(#8809),#8813);
#8809 = CIRCLE('',#8810,44.4);
#8810 = AXIS2_PLACEMENT_2D('',#8811,#8812);
#8811 = CARTESIAN_POINT('',(0.,0.));
#8812 = DIRECTION('',(1.,0.));
#8813 = ( GEOMETRIC_REPRESENTATION_CONTEXT(2) 
PARAMETRIC_REPRESENTATION_CONTEXT() REPRESENTATION_CONTEXT('2D SPACE',''
  ) );
#8814 = PCURVE('',#7283,#8815);
#8815 = DEFINITIONAL_REPRESENTATION('',(#8816),#8820);
#8816 = LINE('',#8817,#8818);
#8817 = CARTESIAN_POINT('',(0.,8.2));
#8818 = VECTOR('',#8819,1.);
#8819 = DIRECTION('',(1.,0.));
#8820 = ( GEOMETRIC_REPRESENTATION_CONTEXT(2) 
PARAMETRIC_REPRESENTATION_CONTEXT() REPRESENTATION_CONTEXT('2D SPACE',''
  ) );
#8821 = ORIENTED_EDGE('',*,*,#8822,.T.);
#8822 = EDGE_CURVE('',#8799,#8823,#8825,.T.);
#8823 = VERTEX_POINT('',#8824);
#8824 = CARTESIAN_POINT('',(-46.08813923266,-6.88791855864,-96.8));
#8825 = SURFACE_CURVE('',#8826,(#8830,#8836),.PCURVE_S1.);
#8826 = LINE('',#8827,#8828);
#8827 = CARTESIAN_POINT('',(-14.83523795042,-2.217141166944,-96.8));
#8828 = VECTOR('',#8829,1.);
#8829 = DIRECTION('',(-0.989015863362,-0.14780941113,0.));
#8830 = PCURVE('',#8764,#8831);
#8831 = DEFINITIONAL_REPRESENTATION('',(#8832),#8835);
#8832 = B_SPLINE_CURVE_WITH_KNOTS('',1,(#8833,#8834),.UNSPECIFIED.,.F.,
  .F.,(2,2),(-15.,32.117545558465),.PIECEWISE_BEZIER_KNOTS.);
#8833 = CARTESIAN_POINT('',(-1.7763568394E-15,0.));
#8834 = CARTESIAN_POINT('',(-46.6,-6.964416662869));
#8835 = ( GEOMETRIC_REPRESENTATION_CONTEXT(2) 
PARAMETRIC_REPRESENTATION_CONTEXT() REPRESENTATION_CONTEXT('2D SPACE',''
  ) );
#8836 = PCURVE('',#7763,#8837);
#8837 = DEFINITIONAL_REPRESENTATION('',(#8838),#8841);
#8838 = B_SPLINE_CURVE_WITH_KNOTS('',1,(#8839,#8840),.UNSPECIFIED.,.F.,
  .F.,(2,2),(-15.,32.117545558465),.PIECEWISE_BEZIER_KNOTS.);
#8839 = CARTESIAN_POINT('',(0.75,-30.));
#8840 = CARTESIAN_POINT('',(0.75,17.117545558465));
#8841 = ( GEOMETRIC_REPRESENTATION_CONTEXT(2) 
PARAMETRIC_REPRESENTATION_CONTEXT() REPRESENTATION_CONTEXT('2D SPACE',''
  ) );
#8842 = ORIENTED_EDGE('',*,*,#8843,.T.);
#8843 = EDGE_CURVE('',#8823,#8750,#8844,.T.);
#8844 = SURFACE_CURVE('',#8845,(#8850,#8857),.PCURVE_S1.);
#8845 = CIRCLE('',#8846,46.6);
#8846 = AXIS2_PLACEMENT_3D('',#8847,#8848,#8849);
#8847 = CARTESIAN_POINT('',(0.,0.,-96.8));
#8848 = DIRECTION('',(0.,0.,1.));
#8849 = DIRECTION('',(1.,0.,-0.));
#8850 = PCURVE('',#8764,#8851);
#8851 = DEFINITIONAL_REPRESENTATION('',(#8852),#8856);
#8852 = CIRCLE('',#8853,46.6);
#8853 = AXIS2_PLACEMENT_2D('',#8854,#8855);
#8854 = CARTESIAN_POINT('',(0.,0.));
#8855 = DIRECTION('',(1.,0.));
#8856 = ( GEOMETRIC_REPRESENTATION_CONTEXT(2) 
PARAMETRIC_REPRESENTATION_CONTEXT() REPRESENTATION_CONTEXT('2D SPACE',''
  ) );
#8857 = PCURVE('',#7791,#8858);
#8858 = DEFINITIONAL_REPRESENTATION('',(#8859),#8863);
#8859 = LINE('',#8860,#8861);
#8860 = CARTESIAN_POINT('',(0.,0.));
#8861 = VECTOR('',#8862,1.);
#8862 = DIRECTION('',(1.,0.));
#8863 = ( GEOMETRIC_REPRESENTATION_CONTEXT(2) 
PARAMETRIC_REPRESENTATION_CONTEXT() REPRESENTATION_CONTEXT('2D SPACE',''
  ) );
#8864 = ORIENTED_EDGE('',*,*,#8749,.F.);
#8865 = ADVANCED_FACE('',(#8866),#7791,.T.);
#8866 = FACE_BOUND('',#8867,.T.);
#8867 = EDGE_LOOP('',(#8868,#8869,#8888,#8889));
#8868 = ORIENTED_EDGE('',*,*,#7774,.F.);
#8869 = ORIENTED_EDGE('',*,*,#8870,.F.);
#8870 = EDGE_CURVE('',#8823,#7748,#8871,.T.);
#8871 = SURFACE_CURVE('',#8872,(#8876,#8882),.PCURVE_S1.);
#8872 = LINE('',#8873,#8874);
#8873 = CARTESIAN_POINT('',(-46.08813923266,-6.88791855864,-96.8));
#8874 = VECTOR('',#8875,1.);
#8875 = DIRECTION('',(0.,0.,1.));
#8876 = PCURVE('',#7791,#8877);
#8877 = DEFINITIONAL_REPRESENTATION('',(#8878),#8881);
#8878 = B_SPLINE_CURVE_WITH_KNOTS('',1,(#8879,#8880),.UNSPECIFIED.,.F.,
  .F.,(2,2),(-6.000000070117E-07,1.5000006),.PIECEWISE_BEZIER_KNOTS.);
#8879 = CARTESIAN_POINT('',(3.289945640009,-6.000000070117E-07));
#8880 = CARTESIAN_POINT('',(3.289945640009,1.5000006));
#8881 = ( GEOMETRIC_REPRESENTATION_CONTEXT(2) 
PARAMETRIC_REPRESENTATION_CONTEXT() REPRESENTATION_CONTEXT('2D SPACE',''
  ) );
#8882 = PCURVE('',#7763,#8883);
#8883 = DEFINITIONAL_REPRESENTATION('',(#8884),#8887);
#8884 = B_SPLINE_CURVE_WITH_KNOTS('',1,(#8885,#8886),.UNSPECIFIED.,.F.,
  .F.,(2,2),(-6.000000070117E-07,1.5000006),.PIECEWISE_BEZIER_KNOTS.);
#8885 = CARTESIAN_POINT('',(0.7500006,16.6));
#8886 = CARTESIAN_POINT('',(-0.7500006,16.6));
#8887 = ( GEOMETRIC_REPRESENTATION_CONTEXT(2) 
PARAMETRIC_REPRESENTATION_CONTEXT() REPRESENTATION_CONTEXT('2D SPACE',''
  ) );
#8888 = ORIENTED_EDGE('',*,*,#8843,.T.);
#8889 = ORIENTED_EDGE('',*,*,#8775,.T.);
#8890 = ADVANCED_FACE('',(#8891),#7763,.T.);
#8891 = FACE_BOUND('',#8892,.T.);
#8892 = EDGE_LOOP('',(#8893,#8912,#8913,#8914));
#8893 = ORIENTED_EDGE('',*,*,#8894,.F.);
#8894 = EDGE_CURVE('',#8799,#7724,#8895,.T.);
#8895 = SURFACE_CURVE('',#8896,(#8900,#8906),.PCURVE_S1.);
#8896 = LINE('',#8897,#8898);
#8897 = CARTESIAN_POINT('',(-43.91230433326,-6.562737854155,-105.));
#8898 = VECTOR('',#8899,1.);
#8899 = DIRECTION('',(0.,0.,1.));
#8900 = PCURVE('',#7763,#8901);
#8901 = DEFINITIONAL_REPRESENTATION('',(#8902),#8905);
#8902 = B_SPLINE_CURVE_WITH_KNOTS('',1,(#8903,#8904),.UNSPECIFIED.,.F.,
  .F.,(2,2),(8.05,9.7000006),.PIECEWISE_BEZIER_KNOTS.);
#8903 = CARTESIAN_POINT('',(0.9,14.4));
#8904 = CARTESIAN_POINT('',(-0.7500006,14.4));
#8905 = ( GEOMETRIC_REPRESENTATION_CONTEXT(2) 
PARAMETRIC_REPRESENTATION_CONTEXT() REPRESENTATION_CONTEXT('2D SPACE',''
  ) );
#8906 = PCURVE('',#7283,#8907);
#8907 = DEFINITIONAL_REPRESENTATION('',(#8908),#8911);
#8908 = B_SPLINE_CURVE_WITH_KNOTS('',1,(#8909,#8910),.UNSPECIFIED.,.F.,
  .F.,(2,2),(8.05,9.7000006),.PIECEWISE_BEZIER_KNOTS.);
#8909 = CARTESIAN_POINT('',(3.289945640009,8.05));
#8910 = CARTESIAN_POINT('',(3.289945640009,9.7000006));
#8911 = ( GEOMETRIC_REPRESENTATION_CONTEXT(2) 
PARAMETRIC_REPRESENTATION_CONTEXT() REPRESENTATION_CONTEXT('2D SPACE',''
  ) );
#8912 = ORIENTED_EDGE('',*,*,#8822,.T.);
#8913 = ORIENTED_EDGE('',*,*,#8870,.T.);
#8914 = ORIENTED_EDGE('',*,*,#7747,.F.);
#8915 = ADVANCED_FACE('',(#8916),#7712,.F.);
#8916 = FACE_BOUND('',#8917,.F.);
#8917 = EDGE_LOOP('',(#8918,#8939,#8965,#8984));
#8918 = ORIENTED_EDGE('',*,*,#8919,.F.);
#8919 = EDGE_CURVE('',#8920,#7697,#8922,.T.);
#8920 = VERTEX_POINT('',#8921);
#8921 = CARTESIAN_POINT('',(-43.91230433326,6.562737854155,-96.8));
#8922 = SURFACE_CURVE('',#8923,(#8927,#8933),.PCURVE_S1.);
#8923 = LINE('',#8924,#8925);
#8924 = CARTESIAN_POINT('',(-43.91230433326,6.562737854155,-105.));
#8925 = VECTOR('',#8926,1.);
#8926 = DIRECTION('',(0.,0.,1.));
#8927 = PCURVE('',#7712,#8928);
#8928 = DEFINITIONAL_REPRESENTATION('',(#8929),#8932);
#8929 = B_SPLINE_CURVE_WITH_KNOTS('',1,(#8930,#8931),.UNSPECIFIED.,.F.,
  .F.,(2,2),(8.05,9.7000006),.PIECEWISE_BEZIER_KNOTS.);
#8930 = CARTESIAN_POINT('',(0.9,14.4));
#8931 = CARTESIAN_POINT('',(-0.7500006,14.4));
#8932 = ( GEOMETRIC_REPRESENTATION_CONTEXT(2) 
PARAMETRIC_REPRESENTATION_CONTEXT() REPRESENTATION_CONTEXT('2D SPACE',''
  ) );
#8933 = PCURVE('',#7283,#8934);
#8934 = DEFINITIONAL_REPRESENTATION('',(#8935),#8938);
#8935 = B_SPLINE_CURVE_WITH_KNOTS('',1,(#8936,#8937),.UNSPECIFIED.,.F.,
  .F.,(2,2),(8.05,9.7000006),.PIECEWISE_BEZIER_KNOTS.);
#8936 = CARTESIAN_POINT('',(2.99323966717,8.05));
#8937 = CARTESIAN_POINT('',(2.99323966717,9.7000006));
#8938 = ( GEOMETRIC_REPRESENTATION_CONTEXT(2) 
PARAMETRIC_REPRESENTATION_CONTEXT() REPRESENTATION_CONTEXT('2D SPACE',''
  ) );
#8939 = ORIENTED_EDGE('',*,*,#8940,.T.);
#8940 = EDGE_CURVE('',#8920,#8941,#8943,.T.);
#8941 = VERTEX_POINT('',#8942);
#8942 = CARTESIAN_POINT('',(-46.08813923266,6.88791855864,-96.8));
#8943 = SURFACE_CURVE('',#8944,(#8948,#8954),.PCURVE_S1.);
#8944 = LINE('',#8945,#8946);
#8945 = CARTESIAN_POINT('',(-14.83523795042,2.217141166944,-96.8));
#8946 = VECTOR('',#8947,1.);
#8947 = DIRECTION('',(-0.989015863362,0.14780941113,0.));
#8948 = PCURVE('',#7712,#8949);
#8949 = DEFINITIONAL_REPRESENTATION('',(#8950),#8953);
#8950 = B_SPLINE_CURVE_WITH_KNOTS('',1,(#8951,#8952),.UNSPECIFIED.,.F.,
  .F.,(2,2),(-15.,32.117545558465),.PIECEWISE_BEZIER_KNOTS.);
#8951 = CARTESIAN_POINT('',(0.75,-30.));
#8952 = CARTESIAN_POINT('',(0.75,17.117545558465));
#8953 = ( GEOMETRIC_REPRESENTATION_CONTEXT(2) 
PARAMETRIC_REPRESENTATION_CONTEXT() REPRESENTATION_CONTEXT('2D SPACE',''
  ) );
#8954 = PCURVE('',#8955,#8960);
#8955 = PLANE('',#8956);
#8956 = AXIS2_PLACEMENT_3D('',#8957,#8958,#8959);
#8957 = CARTESIAN_POINT('',(0.,0.,-96.8));
#8958 = DIRECTION('',(0.,0.,1.));
#8959 = DIRECTION('',(1.,0.,-0.));
#8960 = DEFINITIONAL_REPRESENTATION('',(#8961),#8964);
#8961 = B_SPLINE_CURVE_WITH_KNOTS('',1,(#8962,#8963),.UNSPECIFIED.,.F.,
  .F.,(2,2),(-15.,32.117545558465),.PIECEWISE_BEZIER_KNOTS.);
#8962 = CARTESIAN_POINT('',(0.,-1.7763568394E-15));
#8963 = CARTESIAN_POINT('',(-46.6,6.964416662869));
#8964 = ( GEOMETRIC_REPRESENTATION_CONTEXT(2) 
PARAMETRIC_REPRESENTATION_CONTEXT() REPRESENTATION_CONTEXT('2D SPACE',''
  ) );
#8965 = ORIENTED_EDGE('',*,*,#8966,.T.);
#8966 = EDGE_CURVE('',#8941,#7668,#8967,.T.);
#8967 = SURFACE_CURVE('',#8968,(#8972,#8978),.PCURVE_S1.);
#8968 = LINE('',#8969,#8970);
#8969 = CARTESIAN_POINT('',(-46.08813923266,6.88791855864,-96.8));
#8970 = VECTOR('',#8971,1.);
#8971 = DIRECTION('',(0.,0.,1.));
#8972 = PCURVE('',#7712,#8973);
#8973 = DEFINITIONAL_REPRESENTATION('',(#8974),#8977);
#8974 = B_SPLINE_CURVE_WITH_KNOTS('',1,(#8975,#8976),.UNSPECIFIED.,.F.,
  .F.,(2,2),(-6.000000070117E-07,1.5000006),.PIECEWISE_BEZIER_KNOTS.);
#8975 = CARTESIAN_POINT('',(0.7500006,16.6));
#8976 = CARTESIAN_POINT('',(-0.7500006,16.6));
#8977 = ( GEOMETRIC_REPRESENTATION_CONTEXT(2) 
PARAMETRIC_REPRESENTATION_CONTEXT() REPRESENTATION_CONTEXT('2D SPACE',''
  ) );
#8978 = PCURVE('',#7684,#8979);
#8979 = DEFINITIONAL_REPRESENTATION('',(#8980),#8983);
#8980 = B_SPLINE_CURVE_WITH_KNOTS('',1,(#8981,#8982),.UNSPECIFIED.,.F.,
  .F.,(2,2),(-6.000000070117E-07,1.5000006),.PIECEWISE_BEZIER_KNOTS.);
#8981 = CARTESIAN_POINT('',(2.99323966717,-6.000000070117E-07));
#8982 = CARTESIAN_POINT('',(2.99323966717,1.5000006));
#8983 = ( GEOMETRIC_REPRESENTATION_CONTEXT(2) 
PARAMETRIC_REPRESENTATION_CONTEXT() REPRESENTATION_CONTEXT('2D SPACE',''
  ) );
#8984 = ORIENTED_EDGE('',*,*,#7696,.F.);
#8985 = ADVANCED_FACE('',(#8986),#8955,.F.);
#8986 = FACE_BOUND('',#8987,.F.);
#8987 = EDGE_LOOP('',(#8988,#9012,#9033,#9055));
#8988 = ORIENTED_EDGE('',*,*,#8989,.F.);
#8989 = EDGE_CURVE('',#8990,#8920,#8992,.T.);
#8990 = VERTEX_POINT('',#8991);
#8991 = CARTESIAN_POINT('',(-35.6912446114,26.41013173176,-96.8));
#8992 = SURFACE_CURVE('',#8993,(#8998,#9005),.PCURVE_S1.);
#8993 = CIRCLE('',#8994,44.4);
#8994 = AXIS2_PLACEMENT_3D('',#8995,#8996,#8997);
#8995 = CARTESIAN_POINT('',(0.,0.,-96.8));
#8996 = DIRECTION('',(0.,0.,1.));
#8997 = DIRECTION('',(1.,0.,-0.));
#8998 = PCURVE('',#8955,#8999);
#8999 = DEFINITIONAL_REPRESENTATION('',(#9000),#9004);
#9000 = CIRCLE('',#9001,44.4);
#9001 = AXIS2_PLACEMENT_2D('',#9002,#9003);
#9002 = CARTESIAN_POINT('',(0.,0.));
#9003 = DIRECTION('',(1.,0.));
#9004 = ( GEOMETRIC_REPRESENTATION_CONTEXT(2) 
PARAMETRIC_REPRESENTATION_CONTEXT() REPRESENTATION_CONTEXT('2D SPACE',''
  ) );
#9005 = PCURVE('',#7283,#9006);
#9006 = DEFINITIONAL_REPRESENTATION('',(#9007),#9011);
#9007 = LINE('',#9008,#9009);
#9008 = CARTESIAN_POINT('',(0.,8.2));
#9009 = VECTOR('',#9010,1.);
#9010 = DIRECTION('',(1.,0.));
#9011 = ( GEOMETRIC_REPRESENTATION_CONTEXT(2) 
PARAMETRIC_REPRESENTATION_CONTEXT() REPRESENTATION_CONTEXT('2D SPACE',''
  ) );
#9012 = ORIENTED_EDGE('',*,*,#9013,.T.);
#9013 = EDGE_CURVE('',#8990,#9014,#9016,.T.);
#9014 = VERTEX_POINT('',#9015);
#9015 = CARTESIAN_POINT('',(-37.45972970476,27.718741862613,-96.8));
#9016 = SURFACE_CURVE('',#9017,(#9021,#9027),.PCURVE_S1.);
#9017 = LINE('',#9018,#9019);
#9018 = CARTESIAN_POINT('',(-12.05785290925,8.92234180127,-96.8));
#9019 = VECTOR('',#9020,1.);
#9020 = DIRECTION('',(-0.803856860617,0.594822786751,0.));
#9021 = PCURVE('',#8955,#9022);
#9022 = DEFINITIONAL_REPRESENTATION('',(#9023),#9026);
#9023 = B_SPLINE_CURVE_WITH_KNOTS('',1,(#9024,#9025),.UNSPECIFIED.,.F.,
  .F.,(2,2),(-15.,42.970519731858),.PIECEWISE_BEZIER_KNOTS.);
#9024 = CARTESIAN_POINT('',(1.7763568394E-15,-1.7763568394E-15));
#9025 = CARTESIAN_POINT('',(-46.6,34.482186096328));
#9026 = ( GEOMETRIC_REPRESENTATION_CONTEXT(2) 
PARAMETRIC_REPRESENTATION_CONTEXT() REPRESENTATION_CONTEXT('2D SPACE',''
  ) );
#9027 = PCURVE('',#7656,#9028);
#9028 = DEFINITIONAL_REPRESENTATION('',(#9029),#9032);
#9029 = B_SPLINE_CURVE_WITH_KNOTS('',1,(#9030,#9031),.UNSPECIFIED.,.F.,
  .F.,(2,2),(-15.,42.970519731858),.PIECEWISE_BEZIER_KNOTS.);
#9030 = CARTESIAN_POINT('',(0.75,-30.));
#9031 = CARTESIAN_POINT('',(0.75,27.970519731858));
#9032 = ( GEOMETRIC_REPRESENTATION_CONTEXT(2) 
PARAMETRIC_REPRESENTATION_CONTEXT() REPRESENTATION_CONTEXT('2D SPACE',''
  ) );
#9033 = ORIENTED_EDGE('',*,*,#9034,.T.);
#9034 = EDGE_CURVE('',#9014,#8941,#9035,.T.);
#9035 = SURFACE_CURVE('',#9036,(#9041,#9048),.PCURVE_S1.);
#9036 = CIRCLE('',#9037,46.6);
#9037 = AXIS2_PLACEMENT_3D('',#9038,#9039,#9040);
#9038 = CARTESIAN_POINT('',(0.,0.,-96.8));
#9039 = DIRECTION('',(0.,0.,1.));
#9040 = DIRECTION('',(1.,0.,-0.));
#9041 = PCURVE('',#8955,#9042);
#9042 = DEFINITIONAL_REPRESENTATION('',(#9043),#9047);
#9043 = CIRCLE('',#9044,46.6);
#9044 = AXIS2_PLACEMENT_2D('',#9045,#9046);
#9045 = CARTESIAN_POINT('',(0.,0.));
#9046 = DIRECTION('',(1.,0.));
#9047 = ( GEOMETRIC_REPRESENTATION_CONTEXT(2) 
PARAMETRIC_REPRESENTATION_CONTEXT() REPRESENTATION_CONTEXT('2D SPACE',''
  ) );
#9048 = PCURVE('',#7684,#9049);
#9049 = DEFINITIONAL_REPRESENTATION('',(#9050),#9054);
#9050 = LINE('',#9051,#9052);
#9051 = CARTESIAN_POINT('',(0.,0.));
#9052 = VECTOR('',#9053,1.);
#9053 = DIRECTION('',(1.,0.));
#9054 = ( GEOMETRIC_REPRESENTATION_CONTEXT(2) 
PARAMETRIC_REPRESENTATION_CONTEXT() REPRESENTATION_CONTEXT('2D SPACE',''
  ) );
#9055 = ORIENTED_EDGE('',*,*,#8940,.F.);
#9056 = ADVANCED_FACE('',(#9057),#7684,.T.);
#9057 = FACE_BOUND('',#9058,.T.);
#9058 = EDGE_LOOP('',(#9059,#9060,#9079,#9080));
#9059 = ORIENTED_EDGE('',*,*,#7667,.F.);
#9060 = ORIENTED_EDGE('',*,*,#9061,.F.);
#9061 = EDGE_CURVE('',#9014,#7641,#9062,.T.);
#9062 = SURFACE_CURVE('',#9063,(#9067,#9073),.PCURVE_S1.);
#9063 = LINE('',#9064,#9065);
#9064 = CARTESIAN_POINT('',(-37.45972970476,27.718741862613,-96.8));
#9065 = VECTOR('',#9066,1.);
#9066 = DIRECTION('',(0.,0.,1.));
#9067 = PCURVE('',#7684,#9068);
#9068 = DEFINITIONAL_REPRESENTATION('',(#9069),#9072);
#9069 = B_SPLINE_CURVE_WITH_KNOTS('',1,(#9070,#9071),.UNSPECIFIED.,.F.,
  .F.,(2,2),(-6.000000070117E-07,1.5000006),.PIECEWISE_BEZIER_KNOTS.);
#9070 = CARTESIAN_POINT('',(2.504547476612,-6.000000070117E-07));
#9071 = CARTESIAN_POINT('',(2.504547476612,1.5000006));
#9072 = ( GEOMETRIC_REPRESENTATION_CONTEXT(2) 
PARAMETRIC_REPRESENTATION_CONTEXT() REPRESENTATION_CONTEXT('2D SPACE',''
  ) );
#9073 = PCURVE('',#7656,#9074);
#9074 = DEFINITIONAL_REPRESENTATION('',(#9075),#9078);
#9075 = B_SPLINE_CURVE_WITH_KNOTS('',1,(#9076,#9077),.UNSPECIFIED.,.F.,
  .F.,(2,2),(-6.000000070117E-07,1.5000006),.PIECEWISE_BEZIER_KNOTS.);
#9076 = CARTESIAN_POINT('',(0.7500006,16.6));
#9077 = CARTESIAN_POINT('',(-0.7500006,16.6));
#9078 = ( GEOMETRIC_REPRESENTATION_CONTEXT(2) 
PARAMETRIC_REPRESENTATION_CONTEXT() REPRESENTATION_CONTEXT('2D SPACE',''
  ) );
#9079 = ORIENTED_EDGE('',*,*,#9034,.T.);
#9080 = ORIENTED_EDGE('',*,*,#8966,.T.);
#9081 = ADVANCED_FACE('',(#9082),#7656,.T.);
#9082 = FACE_BOUND('',#9083,.T.);
#9083 = EDGE_LOOP('',(#9084,#9103,#9104,#9105));
#9084 = ORIENTED_EDGE('',*,*,#9085,.F.);
#9085 = EDGE_CURVE('',#8990,#7617,#9086,.T.);
#9086 = SURFACE_CURVE('',#9087,(#9091,#9097),.PCURVE_S1.);
#9087 = LINE('',#9088,#9089);
#9088 = CARTESIAN_POINT('',(-35.6912446114,26.41013173176,-105.));
#9089 = VECTOR('',#9090,1.);
#9090 = DIRECTION('',(0.,0.,1.));
#9091 = PCURVE('',#7656,#9092);
#9092 = DEFINITIONAL_REPRESENTATION('',(#9093),#9096);
#9093 = B_SPLINE_CURVE_WITH_KNOTS('',1,(#9094,#9095),.UNSPECIFIED.,.F.,
  .F.,(2,2),(8.05,9.7000006),.PIECEWISE_BEZIER_KNOTS.);
#9094 = CARTESIAN_POINT('',(0.9,14.4));
#9095 = CARTESIAN_POINT('',(-0.7500006,14.4));
#9096 = ( GEOMETRIC_REPRESENTATION_CONTEXT(2) 
PARAMETRIC_REPRESENTATION_CONTEXT() REPRESENTATION_CONTEXT('2D SPACE',''
  ) );
#9097 = PCURVE('',#7283,#9098);
#9098 = DEFINITIONAL_REPRESENTATION('',(#9099),#9102);
#9099 = B_SPLINE_CURVE_WITH_KNOTS('',1,(#9100,#9101),.UNSPECIFIED.,.F.,
  .F.,(2,2),(8.05,9.7000006),.PIECEWISE_BEZIER_KNOTS.);
#9100 = CARTESIAN_POINT('',(2.504547476612,8.05));
#9101 = CARTESIAN_POINT('',(2.504547476612,9.7000006));
#9102 = ( GEOMETRIC_REPRESENTATION_CONTEXT(2) 
PARAMETRIC_REPRESENTATION_CONTEXT() REPRESENTATION_CONTEXT('2D SPACE',''
  ) );
#9103 = ORIENTED_EDGE('',*,*,#9013,.T.);
#9104 = ORIENTED_EDGE('',*,*,#9061,.T.);
#9105 = ORIENTED_EDGE('',*,*,#7640,.F.);
#9106 = ADVANCED_FACE('',(#9107),#7605,.F.);
#9107 = FACE_BOUND('',#9108,.F.);
#9108 = EDGE_LOOP('',(#9109,#9130,#9156,#9175));
#9109 = ORIENTED_EDGE('',*,*,#9110,.F.);
#9110 = EDGE_CURVE('',#9111,#7590,#9113,.T.);
#9111 = VERTEX_POINT('',#9112);
#9112 = CARTESIAN_POINT('',(-26.41013173176,35.691244611404,-96.8));
#9113 = SURFACE_CURVE('',#9114,(#9118,#9124),.PCURVE_S1.);
#9114 = LINE('',#9115,#9116);
#9115 = CARTESIAN_POINT('',(-26.41013173176,35.691244611404,-105.));
#9116 = VECTOR('',#9117,1.);
#9117 = DIRECTION('',(0.,0.,1.));
#9118 = PCURVE('',#7605,#9119);
#9119 = DEFINITIONAL_REPRESENTATION('',(#9120),#9123);
#9120 = B_SPLINE_CURVE_WITH_KNOTS('',1,(#9121,#9122),.UNSPECIFIED.,.F.,
  .F.,(2,2),(8.05,9.7000006),.PIECEWISE_BEZIER_KNOTS.);
#9121 = CARTESIAN_POINT('',(0.9,14.4));
#9122 = CARTESIAN_POINT('',(-0.7500006,14.4));
#9123 = ( GEOMETRIC_REPRESENTATION_CONTEXT(2) 
PARAMETRIC_REPRESENTATION_CONTEXT() REPRESENTATION_CONTEXT('2D SPACE',''
  ) );
#9124 = PCURVE('',#7283,#9125);
#9125 = DEFINITIONAL_REPRESENTATION('',(#9126),#9129);
#9126 = B_SPLINE_CURVE_WITH_KNOTS('',1,(#9127,#9128),.UNSPECIFIED.,.F.,
  .F.,(2,2),(8.05,9.7000006),.PIECEWISE_BEZIER_KNOTS.);
#9127 = CARTESIAN_POINT('',(2.207841503773,8.05));
#9128 = CARTESIAN_POINT('',(2.207841503773,9.7000006));
#9129 = ( GEOMETRIC_REPRESENTATION_CONTEXT(2) 
PARAMETRIC_REPRESENTATION_CONTEXT() REPRESENTATION_CONTEXT('2D SPACE',''
  ) );
#9130 = ORIENTED_EDGE('',*,*,#9131,.T.);
#9131 = EDGE_CURVE('',#9111,#9132,#9134,.T.);
#9132 = VERTEX_POINT('',#9133);
#9133 = CARTESIAN_POINT('',(-27.71874186261,37.459729704762,-96.8));
#9134 = SURFACE_CURVE('',#9135,(#9139,#9145),.PCURVE_S1.);
#9135 = LINE('',#9136,#9137);
#9136 = CARTESIAN_POINT('',(-8.92234180127,12.057852909258,-96.8));
#9137 = VECTOR('',#9138,1.);
#9138 = DIRECTION('',(-0.594822786751,0.803856860617,0.));
#9139 = PCURVE('',#7605,#9140);
#9140 = DEFINITIONAL_REPRESENTATION('',(#9141),#9144);
#9141 = B_SPLINE_CURVE_WITH_KNOTS('',1,(#9142,#9143),.UNSPECIFIED.,.F.,
  .F.,(2,2),(-15.,42.970519731858),.PIECEWISE_BEZIER_KNOTS.);
#9142 = CARTESIAN_POINT('',(0.75,-30.));
#9143 = CARTESIAN_POINT('',(0.75,27.970519731858));
#9144 = ( GEOMETRIC_REPRESENTATION_CONTEXT(2) 
PARAMETRIC_REPRESENTATION_CONTEXT() REPRESENTATION_CONTEXT('2D SPACE',''
  ) );
#9145 = PCURVE('',#9146,#9151);
#9146 = PLANE('',#9147);
#9147 = AXIS2_PLACEMENT_3D('',#9148,#9149,#9150);
#9148 = CARTESIAN_POINT('',(0.,0.,-96.8));
#9149 = DIRECTION('',(0.,0.,1.));
#9150 = DIRECTION('',(1.,0.,-0.));
#9151 = DEFINITIONAL_REPRESENTATION('',(#9152),#9155);
#9152 = B_SPLINE_CURVE_WITH_KNOTS('',1,(#9153,#9154),.UNSPECIFIED.,.F.,
  .F.,(2,2),(-15.,42.970519731858),.PIECEWISE_BEZIER_KNOTS.);
#9153 = CARTESIAN_POINT('',(0.,1.7763568394E-15));
#9154 = CARTESIAN_POINT('',(-34.48218609632,46.6));
#9155 = ( GEOMETRIC_REPRESENTATION_CONTEXT(2) 
PARAMETRIC_REPRESENTATION_CONTEXT() REPRESENTATION_CONTEXT('2D SPACE',''
  ) );
#9156 = ORIENTED_EDGE('',*,*,#9157,.T.);
#9157 = EDGE_CURVE('',#9132,#7561,#9158,.T.);
#9158 = SURFACE_CURVE('',#9159,(#9163,#9169),.PCURVE_S1.);
#9159 = LINE('',#9160,#9161);
#9160 = CARTESIAN_POINT('',(-27.71874186261,37.459729704762,-96.8));
#9161 = VECTOR('',#9162,1.);
#9162 = DIRECTION('',(0.,0.,1.));
#9163 = PCURVE('',#7605,#9164);
#9164 = DEFINITIONAL_REPRESENTATION('',(#9165),#9168);
#9165 = B_SPLINE_CURVE_WITH_KNOTS('',1,(#9166,#9167),.UNSPECIFIED.,.F.,
  .F.,(2,2),(-6.000000070117E-07,1.5000006),.PIECEWISE_BEZIER_KNOTS.);
#9166 = CARTESIAN_POINT('',(0.7500006,16.6));
#9167 = CARTESIAN_POINT('',(-0.7500006,16.6));
#9168 = ( GEOMETRIC_REPRESENTATION_CONTEXT(2) 
PARAMETRIC_REPRESENTATION_CONTEXT() REPRESENTATION_CONTEXT('2D SPACE',''
  ) );
#9169 = PCURVE('',#7577,#9170);
#9170 = DEFINITIONAL_REPRESENTATION('',(#9171),#9174);
#9171 = B_SPLINE_CURVE_WITH_KNOTS('',1,(#9172,#9173),.UNSPECIFIED.,.F.,
  .F.,(2,2),(-6.000000070117E-07,1.5000006),.PIECEWISE_BEZIER_KNOTS.);
#9172 = CARTESIAN_POINT('',(2.207841503773,-6.000000070117E-07));
#9173 = CARTESIAN_POINT('',(2.207841503773,1.5000006));
#9174 = ( GEOMETRIC_REPRESENTATION_CONTEXT(2) 
PARAMETRIC_REPRESENTATION_CONTEXT() REPRESENTATION_CONTEXT('2D SPACE',''
  ) );
#9175 = ORIENTED_EDGE('',*,*,#7589,.F.);
#9176 = ADVANCED_FACE('',(#9177),#9146,.F.);
#9177 = FACE_BOUND('',#9178,.F.);
#9178 = EDGE_LOOP('',(#9179,#9203,#9224,#9246));
#9179 = ORIENTED_EDGE('',*,*,#9180,.F.);
#9180 = EDGE_CURVE('',#9181,#9111,#9183,.T.);
#9181 = VERTEX_POINT('',#9182);
#9182 = CARTESIAN_POINT('',(-6.562737854155,43.912304333269,-96.8));
#9183 = SURFACE_CURVE('',#9184,(#9189,#9196),.PCURVE_S1.);
#9184 = CIRCLE('',#9185,44.4);
#9185 = AXIS2_PLACEMENT_3D('',#9186,#9187,#9188);
#9186 = CARTESIAN_POINT('',(0.,0.,-96.8));
#9187 = DIRECTION('',(0.,0.,1.));
#9188 = DIRECTION('',(1.,0.,-0.));
#9189 = PCURVE('',#9146,#9190);
#9190 = DEFINITIONAL_REPRESENTATION('',(#9191),#9195);
#9191 = CIRCLE('',#9192,44.4);
#9192 = AXIS2_PLACEMENT_2D('',#9193,#9194);
#9193 = CARTESIAN_POINT('',(0.,0.));
#9194 = DIRECTION('',(1.,0.));
#9195 = ( GEOMETRIC_REPRESENTATION_CONTEXT(2) 
PARAMETRIC_REPRESENTATION_CONTEXT() REPRESENTATION_CONTEXT('2D SPACE',''
  ) );
#9196 = PCURVE('',#7283,#9197);
#9197 = DEFINITIONAL_REPRESENTATION('',(#9198),#9202);
#9198 = LINE('',#9199,#9200);
#9199 = CARTESIAN_POINT('',(0.,8.2));
#9200 = VECTOR('',#9201,1.);
#9201 = DIRECTION('',(1.,0.));
#9202 = ( GEOMETRIC_REPRESENTATION_CONTEXT(2) 
PARAMETRIC_REPRESENTATION_CONTEXT() REPRESENTATION_CONTEXT('2D SPACE',''
  ) );
#9203 = ORIENTED_EDGE('',*,*,#9204,.T.);
#9204 = EDGE_CURVE('',#9181,#9205,#9207,.T.);
#9205 = VERTEX_POINT('',#9206);
#9206 = CARTESIAN_POINT('',(-6.88791855864,46.088139232665,-96.8));
#9207 = SURFACE_CURVE('',#9208,(#9212,#9218),.PCURVE_S1.);
#9208 = LINE('',#9209,#9210);
#9209 = CARTESIAN_POINT('',(-2.217141166944,14.835237950429,-96.8));
#9210 = VECTOR('',#9211,1.);
#9211 = DIRECTION('',(-0.14780941113,0.989015863362,0.));
#9212 = PCURVE('',#9146,#9213);
#9213 = DEFINITIONAL_REPRESENTATION('',(#9214),#9217);
#9214 = B_SPLINE_CURVE_WITH_KNOTS('',1,(#9215,#9216),.UNSPECIFIED.,.F.,
  .F.,(2,2),(-15.,32.117545558465),.PIECEWISE_BEZIER_KNOTS.);
#9215 = CARTESIAN_POINT('',(4.440892098501E-16,-5.329070518201E-15));
#9216 = CARTESIAN_POINT('',(-6.964416662869,46.6));
#9217 = ( GEOMETRIC_REPRESENTATION_CONTEXT(2) 
PARAMETRIC_REPRESENTATION_CONTEXT() REPRESENTATION_CONTEXT('2D SPACE',''
  ) );
#9218 = PCURVE('',#7549,#9219);
#9219 = DEFINITIONAL_REPRESENTATION('',(#9220),#9223);
#9220 = B_SPLINE_CURVE_WITH_KNOTS('',1,(#9221,#9222),.UNSPECIFIED.,.F.,
  .F.,(2,2),(-15.,32.117545558465),.PIECEWISE_BEZIER_KNOTS.);
#9221 = CARTESIAN_POINT('',(0.75,-30.));
#9222 = CARTESIAN_POINT('',(0.75,17.117545558465));
#9223 = ( GEOMETRIC_REPRESENTATION_CONTEXT(2) 
PARAMETRIC_REPRESENTATION_CONTEXT() REPRESENTATION_CONTEXT('2D SPACE',''
  ) );
#9224 = ORIENTED_EDGE('',*,*,#9225,.T.);
#9225 = EDGE_CURVE('',#9205,#9132,#9226,.T.);
#9226 = SURFACE_CURVE('',#9227,(#9232,#9239),.PCURVE_S1.);
#9227 = CIRCLE('',#9228,46.6);
#9228 = AXIS2_PLACEMENT_3D('',#9229,#9230,#9231);
#9229 = CARTESIAN_POINT('',(0.,0.,-96.8));
#9230 = DIRECTION('',(0.,0.,1.));
#9231 = DIRECTION('',(1.,0.,-0.));
#9232 = PCURVE('',#9146,#9233);
#9233 = DEFINITIONAL_REPRESENTATION('',(#9234),#9238);
#9234 = CIRCLE('',#9235,46.6);
#9235 = AXIS2_PLACEMENT_2D('',#9236,#9237);
#9236 = CARTESIAN_POINT('',(0.,0.));
#9237 = DIRECTION('',(1.,0.));
#9238 = ( GEOMETRIC_REPRESENTATION_CONTEXT(2) 
PARAMETRIC_REPRESENTATION_CONTEXT() REPRESENTATION_CONTEXT('2D SPACE',''
  ) );
#9239 = PCURVE('',#7577,#9240);
#9240 = DEFINITIONAL_REPRESENTATION('',(#9241),#9245);
#9241 = LINE('',#9242,#9243);
#9242 = CARTESIAN_POINT('',(0.,0.));
#9243 = VECTOR('',#9244,1.);
#9244 = DIRECTION('',(1.,0.));
#9245 = ( GEOMETRIC_REPRESENTATION_CONTEXT(2) 
PARAMETRIC_REPRESENTATION_CONTEXT() REPRESENTATION_CONTEXT('2D SPACE',''
  ) );
#9246 = ORIENTED_EDGE('',*,*,#9131,.F.);
#9247 = ADVANCED_FACE('',(#9248),#7577,.T.);
#9248 = FACE_BOUND('',#9249,.T.);
#9249 = EDGE_LOOP('',(#9250,#9251,#9270,#9271));
#9250 = ORIENTED_EDGE('',*,*,#7560,.F.);
#9251 = ORIENTED_EDGE('',*,*,#9252,.F.);
#9252 = EDGE_CURVE('',#9205,#7534,#9253,.T.);
#9253 = SURFACE_CURVE('',#9254,(#9258,#9264),.PCURVE_S1.);
#9254 = LINE('',#9255,#9256);
#9255 = CARTESIAN_POINT('',(-6.88791855864,46.088139232665,-96.8));
#9256 = VECTOR('',#9257,1.);
#9257 = DIRECTION('',(0.,0.,1.));
#9258 = PCURVE('',#7577,#9259);
#9259 = DEFINITIONAL_REPRESENTATION('',(#9260),#9263);
#9260 = B_SPLINE_CURVE_WITH_KNOTS('',1,(#9261,#9262),.UNSPECIFIED.,.F.,
  .F.,(2,2),(-6.000000070117E-07,1.5000006),.PIECEWISE_BEZIER_KNOTS.);
#9261 = CARTESIAN_POINT('',(1.719149313214,-6.000000070117E-07));
#9262 = CARTESIAN_POINT('',(1.719149313214,1.5000006));
#9263 = ( GEOMETRIC_REPRESENTATION_CONTEXT(2) 
PARAMETRIC_REPRESENTATION_CONTEXT() REPRESENTATION_CONTEXT('2D SPACE',''
  ) );
#9264 = PCURVE('',#7549,#9265);
#9265 = DEFINITIONAL_REPRESENTATION('',(#9266),#9269);
#9266 = B_SPLINE_CURVE_WITH_KNOTS('',1,(#9267,#9268),.UNSPECIFIED.,.F.,
  .F.,(2,2),(-6.000000070117E-07,1.5000006),.PIECEWISE_BEZIER_KNOTS.);
#9267 = CARTESIAN_POINT('',(0.7500006,16.6));
#9268 = CARTESIAN_POINT('',(-0.7500006,16.6));
#9269 = ( GEOMETRIC_REPRESENTATION_CONTEXT(2) 
PARAMETRIC_REPRESENTATION_CONTEXT() REPRESENTATION_CONTEXT('2D SPACE',''
  ) );
#9270 = ORIENTED_EDGE('',*,*,#9225,.T.);
#9271 = ORIENTED_EDGE('',*,*,#9157,.T.);
#9272 = ADVANCED_FACE('',(#9273),#7549,.T.);
#9273 = FACE_BOUND('',#9274,.T.);
#9274 = EDGE_LOOP('',(#9275,#9294,#9295,#9296));
#9275 = ORIENTED_EDGE('',*,*,#9276,.F.);
#9276 = EDGE_CURVE('',#9181,#7510,#9277,.T.);
#9277 = SURFACE_CURVE('',#9278,(#9282,#9288),.PCURVE_S1.);
#9278 = LINE('',#9279,#9280);
#9279 = CARTESIAN_POINT('',(-6.562737854155,43.912304333269,-105.));
#9280 = VECTOR('',#9281,1.);
#9281 = DIRECTION('',(0.,0.,1.));
#9282 = PCURVE('',#7549,#9283);
#9283 = DEFINITIONAL_REPRESENTATION('',(#9284),#9287);
#9284 = B_SPLINE_CURVE_WITH_KNOTS('',1,(#9285,#9286),.UNSPECIFIED.,.F.,
  .F.,(2,2),(8.05,9.7000006),.PIECEWISE_BEZIER_KNOTS.);
#9285 = CARTESIAN_POINT('',(0.9,14.4));
#9286 = CARTESIAN_POINT('',(-0.7500006,14.4));
#9287 = ( GEOMETRIC_REPRESENTATION_CONTEXT(2) 
PARAMETRIC_REPRESENTATION_CONTEXT() REPRESENTATION_CONTEXT('2D SPACE',''
  ) );
#9288 = PCURVE('',#7283,#9289);
#9289 = DEFINITIONAL_REPRESENTATION('',(#9290),#9293);
#9290 = B_SPLINE_CURVE_WITH_KNOTS('',1,(#9291,#9292),.UNSPECIFIED.,.F.,
  .F.,(2,2),(8.05,9.7000006),.PIECEWISE_BEZIER_KNOTS.);
#9291 = CARTESIAN_POINT('',(1.719149313214,8.05));
#9292 = CARTESIAN_POINT('',(1.719149313214,9.7000006));
#9293 = ( GEOMETRIC_REPRESENTATION_CONTEXT(2) 
PARAMETRIC_REPRESENTATION_CONTEXT() REPRESENTATION_CONTEXT('2D SPACE',''
  ) );
#9294 = ORIENTED_EDGE('',*,*,#9204,.T.);
#9295 = ORIENTED_EDGE('',*,*,#9252,.T.);
#9296 = ORIENTED_EDGE('',*,*,#7533,.F.);
#9297 = ADVANCED_FACE('',(#9298),#7498,.F.);
#9298 = FACE_BOUND('',#9299,.F.);
#9299 = EDGE_LOOP('',(#9300,#9321,#9347,#9366));
#9300 = ORIENTED_EDGE('',*,*,#9301,.F.);
#9301 = EDGE_CURVE('',#9302,#7483,#9304,.T.);
#9302 = VERTEX_POINT('',#9303);
#9303 = CARTESIAN_POINT('',(6.562737854155,43.912304333269,-96.8));
#9304 = SURFACE_CURVE('',#9305,(#9309,#9315),.PCURVE_S1.);
#9305 = LINE('',#9306,#9307);
#9306 = CARTESIAN_POINT('',(6.562737854155,43.912304333269,-105.));
#9307 = VECTOR('',#9308,1.);
#9308 = DIRECTION('',(0.,0.,1.));
#9309 = PCURVE('',#7498,#9310);
#9310 = DEFINITIONAL_REPRESENTATION('',(#9311),#9314);
#9311 = B_SPLINE_CURVE_WITH_KNOTS('',1,(#9312,#9313),.UNSPECIFIED.,.F.,
  .F.,(2,2),(8.05,9.7000006),.PIECEWISE_BEZIER_KNOTS.);
#9312 = CARTESIAN_POINT('',(0.9,14.4));
#9313 = CARTESIAN_POINT('',(-0.7500006,14.4));
#9314 = ( GEOMETRIC_REPRESENTATION_CONTEXT(2) 
PARAMETRIC_REPRESENTATION_CONTEXT() REPRESENTATION_CONTEXT('2D SPACE',''
  ) );
#9315 = PCURVE('',#7283,#9316);
#9316 = DEFINITIONAL_REPRESENTATION('',(#9317),#9320);
#9317 = B_SPLINE_CURVE_WITH_KNOTS('',1,(#9318,#9319),.UNSPECIFIED.,.F.,
  .F.,(2,2),(8.05,9.7000006),.PIECEWISE_BEZIER_KNOTS.);
#9318 = CARTESIAN_POINT('',(1.422443340375,8.05));
#9319 = CARTESIAN_POINT('',(1.422443340375,9.7000006));
#9320 = ( GEOMETRIC_REPRESENTATION_CONTEXT(2) 
PARAMETRIC_REPRESENTATION_CONTEXT() REPRESENTATION_CONTEXT('2D SPACE',''
  ) );
#9321 = ORIENTED_EDGE('',*,*,#9322,.T.);
#9322 = EDGE_CURVE('',#9302,#9323,#9325,.T.);
#9323 = VERTEX_POINT('',#9324);
#9324 = CARTESIAN_POINT('',(6.88791855864,46.088139232665,-96.8));
#9325 = SURFACE_CURVE('',#9326,(#9330,#9336),.PCURVE_S1.);
#9326 = LINE('',#9327,#9328);
#9327 = CARTESIAN_POINT('',(2.217141166944,14.835237950429,-96.8));
#9328 = VECTOR('',#9329,1.);
#9329 = DIRECTION('',(0.14780941113,0.989015863362,-0.));
#9330 = PCURVE('',#7498,#9331);
#9331 = DEFINITIONAL_REPRESENTATION('',(#9332),#9335);
#9332 = B_SPLINE_CURVE_WITH_KNOTS('',1,(#9333,#9334),.UNSPECIFIED.,.F.,
  .F.,(2,2),(-15.,32.117545558465),.PIECEWISE_BEZIER_KNOTS.);
#9333 = CARTESIAN_POINT('',(0.75,-30.));
#9334 = CARTESIAN_POINT('',(0.75,17.117545558465));
#9335 = ( GEOMETRIC_REPRESENTATION_CONTEXT(2) 
PARAMETRIC_REPRESENTATION_CONTEXT() REPRESENTATION_CONTEXT('2D SPACE',''
  ) );
#9336 = PCURVE('',#9337,#9342);
#9337 = PLANE('',#9338);
#9338 = AXIS2_PLACEMENT_3D('',#9339,#9340,#9341);
#9339 = CARTESIAN_POINT('',(0.,0.,-96.8));
#9340 = DIRECTION('',(0.,0.,1.));
#9341 = DIRECTION('',(1.,0.,-0.));
#9342 = DEFINITIONAL_REPRESENTATION('',(#9343),#9346);
#9343 = B_SPLINE_CURVE_WITH_KNOTS('',1,(#9344,#9345),.UNSPECIFIED.,.F.,
  .F.,(2,2),(-15.,32.117545558465),.PIECEWISE_BEZIER_KNOTS.);
#9344 = CARTESIAN_POINT('',(0.,0.));
#9345 = CARTESIAN_POINT('',(6.964416662869,46.6));
#9346 = ( GEOMETRIC_REPRESENTATION_CONTEXT(2) 
PARAMETRIC_REPRESENTATION_CONTEXT() REPRESENTATION_CONTEXT('2D SPACE',''
  ) );
#9347 = ORIENTED_EDGE('',*,*,#9348,.T.);
#9348 = EDGE_CURVE('',#9323,#7454,#9349,.T.);
#9349 = SURFACE_CURVE('',#9350,(#9354,#9360),.PCURVE_S1.);
#9350 = LINE('',#9351,#9352);
#9351 = CARTESIAN_POINT('',(6.88791855864,46.088139232665,-96.8));
#9352 = VECTOR('',#9353,1.);
#9353 = DIRECTION('',(0.,0.,1.));
#9354 = PCURVE('',#7498,#9355);
#9355 = DEFINITIONAL_REPRESENTATION('',(#9356),#9359);
#9356 = B_SPLINE_CURVE_WITH_KNOTS('',1,(#9357,#9358),.UNSPECIFIED.,.F.,
  .F.,(2,2),(-6.000000070117E-07,1.5000006),.PIECEWISE_BEZIER_KNOTS.);
#9357 = CARTESIAN_POINT('',(0.7500006,16.6));
#9358 = CARTESIAN_POINT('',(-0.7500006,16.6));
#9359 = ( GEOMETRIC_REPRESENTATION_CONTEXT(2) 
PARAMETRIC_REPRESENTATION_CONTEXT() REPRESENTATION_CONTEXT('2D SPACE',''
  ) );
#9360 = PCURVE('',#7470,#9361);
#9361 = DEFINITIONAL_REPRESENTATION('',(#9362),#9365);
#9362 = B_SPLINE_CURVE_WITH_KNOTS('',1,(#9363,#9364),.UNSPECIFIED.,.F.,
  .F.,(2,2),(-6.000000070117E-07,1.5000006),.PIECEWISE_BEZIER_KNOTS.);
#9363 = CARTESIAN_POINT('',(1.422443340375,-6.000000070117E-07));
#9364 = CARTESIAN_POINT('',(1.422443340375,1.5000006));
#9365 = ( GEOMETRIC_REPRESENTATION_CONTEXT(2) 
PARAMETRIC_REPRESENTATION_CONTEXT() REPRESENTATION_CONTEXT('2D SPACE',''
  ) );
#9366 = ORIENTED_EDGE('',*,*,#7482,.F.);
#9367 = ADVANCED_FACE('',(#9368),#9337,.F.);
#9368 = FACE_BOUND('',#9369,.F.);
#9369 = EDGE_LOOP('',(#9370,#9394,#9415,#9437));
#9370 = ORIENTED_EDGE('',*,*,#9371,.F.);
#9371 = EDGE_CURVE('',#9372,#9302,#9374,.T.);
#9372 = VERTEX_POINT('',#9373);
#9373 = CARTESIAN_POINT('',(26.41013173176,35.691244611404,-96.8));
#9374 = SURFACE_CURVE('',#9375,(#9380,#9387),.PCURVE_S1.);
#9375 = CIRCLE('',#9376,44.4);
#9376 = AXIS2_PLACEMENT_3D('',#9377,#9378,#9379);
#9377 = CARTESIAN_POINT('',(0.,0.,-96.8));
#9378 = DIRECTION('',(0.,0.,1.));
#9379 = DIRECTION('',(1.,0.,-0.));
#9380 = PCURVE('',#9337,#9381);
#9381 = DEFINITIONAL_REPRESENTATION('',(#9382),#9386);
#9382 = CIRCLE('',#9383,44.4);
#9383 = AXIS2_PLACEMENT_2D('',#9384,#9385);
#9384 = CARTESIAN_POINT('',(0.,0.));
#9385 = DIRECTION('',(1.,0.));
#9386 = ( GEOMETRIC_REPRESENTATION_CONTEXT(2) 
PARAMETRIC_REPRESENTATION_CONTEXT() REPRESENTATION_CONTEXT('2D SPACE',''
  ) );
#9387 = PCURVE('',#7283,#9388);
#9388 = DEFINITIONAL_REPRESENTATION('',(#9389),#9393);
#9389 = LINE('',#9390,#9391);
#9390 = CARTESIAN_POINT('',(0.,8.2));
#9391 = VECTOR('',#9392,1.);
#9392 = DIRECTION('',(1.,0.));
#9393 = ( GEOMETRIC_REPRESENTATION_CONTEXT(2) 
PARAMETRIC_REPRESENTATION_CONTEXT() REPRESENTATION_CONTEXT('2D SPACE',''
  ) );
#9394 = ORIENTED_EDGE('',*,*,#9395,.T.);
#9395 = EDGE_CURVE('',#9372,#9396,#9398,.T.);
#9396 = VERTEX_POINT('',#9397);
#9397 = CARTESIAN_POINT('',(27.718741862613,37.459729704762,-96.8));
#9398 = SURFACE_CURVE('',#9399,(#9403,#9409),.PCURVE_S1.);
#9399 = LINE('',#9400,#9401);
#9400 = CARTESIAN_POINT('',(8.92234180127,12.057852909258,-96.8));
#9401 = VECTOR('',#9402,1.);
#9402 = DIRECTION('',(0.594822786751,0.803856860617,-0.));
#9403 = PCURVE('',#9337,#9404);
#9404 = DEFINITIONAL_REPRESENTATION('',(#9405),#9408);
#9405 = B_SPLINE_CURVE_WITH_KNOTS('',1,(#9406,#9407),.UNSPECIFIED.,.F.,
  .F.,(2,2),(-15.,42.970519731858),.PIECEWISE_BEZIER_KNOTS.);
#9406 = CARTESIAN_POINT('',(-1.7763568394E-15,-3.552713678801E-15));
#9407 = CARTESIAN_POINT('',(34.482186096328,46.6));
#9408 = ( GEOMETRIC_REPRESENTATION_CONTEXT(2) 
PARAMETRIC_REPRESENTATION_CONTEXT() REPRESENTATION_CONTEXT('2D SPACE',''
  ) );
#9409 = PCURVE('',#7442,#9410);
#9410 = DEFINITIONAL_REPRESENTATION('',(#9411),#9414);
#9411 = B_SPLINE_CURVE_WITH_KNOTS('',1,(#9412,#9413),.UNSPECIFIED.,.F.,
  .F.,(2,2),(-15.,42.970519731858),.PIECEWISE_BEZIER_KNOTS.);
#9412 = CARTESIAN_POINT('',(0.75,-30.));
#9413 = CARTESIAN_POINT('',(0.75,27.970519731858));
#9414 = ( GEOMETRIC_REPRESENTATION_CONTEXT(2) 
PARAMETRIC_REPRESENTATION_CONTEXT() REPRESENTATION_CONTEXT('2D SPACE',''
  ) );
#9415 = ORIENTED_EDGE('',*,*,#9416,.T.);
#9416 = EDGE_CURVE('',#9396,#9323,#9417,.T.);
#9417 = SURFACE_CURVE('',#9418,(#9423,#9430),.PCURVE_S1.);
#9418 = CIRCLE('',#9419,46.6);
#9419 = AXIS2_PLACEMENT_3D('',#9420,#9421,#9422);
#9420 = CARTESIAN_POINT('',(0.,0.,-96.8));
#9421 = DIRECTION('',(0.,0.,1.));
#9422 = DIRECTION('',(1.,0.,-0.));
#9423 = PCURVE('',#9337,#9424);
#9424 = DEFINITIONAL_REPRESENTATION('',(#9425),#9429);
#9425 = CIRCLE('',#9426,46.6);
#9426 = AXIS2_PLACEMENT_2D('',#9427,#9428);
#9427 = CARTESIAN_POINT('',(0.,0.));
#9428 = DIRECTION('',(1.,0.));
#9429 = ( GEOMETRIC_REPRESENTATION_CONTEXT(2) 
PARAMETRIC_REPRESENTATION_CONTEXT() REPRESENTATION_CONTEXT('2D SPACE',''
  ) );
#9430 = PCURVE('',#7470,#9431);
#9431 = DEFINITIONAL_REPRESENTATION('',(#9432),#9436);
#9432 = LINE('',#9433,#9434);
#9433 = CARTESIAN_POINT('',(0.,0.));
#9434 = VECTOR('',#9435,1.);
#9435 = DIRECTION('',(1.,0.));
#9436 = ( GEOMETRIC_REPRESENTATION_CONTEXT(2) 
PARAMETRIC_REPRESENTATION_CONTEXT() REPRESENTATION_CONTEXT('2D SPACE',''
  ) );
#9437 = ORIENTED_EDGE('',*,*,#9322,.F.);
#9438 = ADVANCED_FACE('',(#9439),#7470,.T.);
#9439 = FACE_BOUND('',#9440,.T.);
#9440 = EDGE_LOOP('',(#9441,#9442,#9461,#9462));
#9441 = ORIENTED_EDGE('',*,*,#7453,.F.);
#9442 = ORIENTED_EDGE('',*,*,#9443,.F.);
#9443 = EDGE_CURVE('',#9396,#7427,#9444,.T.);
#9444 = SURFACE_CURVE('',#9445,(#9449,#9455),.PCURVE_S1.);
#9445 = LINE('',#9446,#9447);
#9446 = CARTESIAN_POINT('',(27.718741862613,37.459729704762,-96.8));
#9447 = VECTOR('',#9448,1.);
#9448 = DIRECTION('',(0.,0.,1.));
#9449 = PCURVE('',#7470,#9450);
#9450 = DEFINITIONAL_REPRESENTATION('',(#9451),#9454);
#9451 = B_SPLINE_CURVE_WITH_KNOTS('',1,(#9452,#9453),.UNSPECIFIED.,.F.,
  .F.,(2,2),(-6.000000070117E-07,1.5000006),.PIECEWISE_BEZIER_KNOTS.);
#9452 = CARTESIAN_POINT('',(0.933751149817,-6.000000070117E-07));
#9453 = CARTESIAN_POINT('',(0.933751149817,1.5000006));
#9454 = ( GEOMETRIC_REPRESENTATION_CONTEXT(2) 
PARAMETRIC_REPRESENTATION_CONTEXT() REPRESENTATION_CONTEXT('2D SPACE',''
  ) );
#9455 = PCURVE('',#7442,#9456);
#9456 = DEFINITIONAL_REPRESENTATION('',(#9457),#9460);
#9457 = B_SPLINE_CURVE_WITH_KNOTS('',1,(#9458,#9459),.UNSPECIFIED.,.F.,
  .F.,(2,2),(-6.000000070117E-07,1.5000006),.PIECEWISE_BEZIER_KNOTS.);
#9458 = CARTESIAN_POINT('',(0.7500006,16.6));
#9459 = CARTESIAN_POINT('',(-0.7500006,16.6));
#9460 = ( GEOMETRIC_REPRESENTATION_CONTEXT(2) 
PARAMETRIC_REPRESENTATION_CONTEXT() REPRESENTATION_CONTEXT('2D SPACE',''
  ) );
#9461 = ORIENTED_EDGE('',*,*,#9416,.T.);
#9462 = ORIENTED_EDGE('',*,*,#9348,.T.);
#9463 = ADVANCED_FACE('',(#9464),#7442,.T.);
#9464 = FACE_BOUND('',#9465,.T.);
#9465 = EDGE_LOOP('',(#9466,#9485,#9486,#9487));
#9466 = ORIENTED_EDGE('',*,*,#9467,.F.);
#9467 = EDGE_CURVE('',#9372,#7403,#9468,.T.);
#9468 = SURFACE_CURVE('',#9469,(#9473,#9479),.PCURVE_S1.);
#9469 = LINE('',#9470,#9471);
#9470 = CARTESIAN_POINT('',(26.41013173176,35.691244611404,-105.));
#9471 = VECTOR('',#9472,1.);
#9472 = DIRECTION('',(0.,0.,1.));
#9473 = PCURVE('',#7442,#9474);
#9474 = DEFINITIONAL_REPRESENTATION('',(#9475),#9478);
#9475 = B_SPLINE_CURVE_WITH_KNOTS('',1,(#9476,#9477),.UNSPECIFIED.,.F.,
  .F.,(2,2),(8.05,9.7000006),.PIECEWISE_BEZIER_KNOTS.);
#9476 = CARTESIAN_POINT('',(0.9,14.4));
#9477 = CARTESIAN_POINT('',(-0.7500006,14.4));
#9478 = ( GEOMETRIC_REPRESENTATION_CONTEXT(2) 
PARAMETRIC_REPRESENTATION_CONTEXT() REPRESENTATION_CONTEXT('2D SPACE',''
  ) );
#9479 = PCURVE('',#7283,#9480);
#9480 = DEFINITIONAL_REPRESENTATION('',(#9481),#9484);
#9481 = B_SPLINE_CURVE_WITH_KNOTS('',1,(#9482,#9483),.UNSPECIFIED.,.F.,
  .F.,(2,2),(8.05,9.7000006),.PIECEWISE_BEZIER_KNOTS.);
#9482 = CARTESIAN_POINT('',(0.933751149817,8.05));
#9483 = CARTESIAN_POINT('',(0.933751149817,9.7000006));
#9484 = ( GEOMETRIC_REPRESENTATION_CONTEXT(2) 
PARAMETRIC_REPRESENTATION_CONTEXT() REPRESENTATION_CONTEXT('2D SPACE',''
  ) );
#9485 = ORIENTED_EDGE('',*,*,#9395,.T.);
#9486 = ORIENTED_EDGE('',*,*,#9443,.T.);
#9487 = ORIENTED_EDGE('',*,*,#7426,.F.);
#9488 = ADVANCED_FACE('',(#9489),#7391,.F.);
#9489 = FACE_BOUND('',#9490,.F.);
#9490 = EDGE_LOOP('',(#9491,#9512,#9538,#9557));
#9491 = ORIENTED_EDGE('',*,*,#9492,.F.);
#9492 = EDGE_CURVE('',#9493,#7376,#9495,.T.);
#9493 = VERTEX_POINT('',#9494);
#9494 = CARTESIAN_POINT('',(35.691244611404,26.41013173176,-96.8));
#9495 = SURFACE_CURVE('',#9496,(#9500,#9506),.PCURVE_S1.);
#9496 = LINE('',#9497,#9498);
#9497 = CARTESIAN_POINT('',(35.691244611404,26.41013173176,-105.));
#9498 = VECTOR('',#9499,1.);
#9499 = DIRECTION('',(0.,0.,1.));
#9500 = PCURVE('',#7391,#9501);
#9501 = DEFINITIONAL_REPRESENTATION('',(#9502),#9505);
#9502 = B_SPLINE_CURVE_WITH_KNOTS('',1,(#9503,#9504),.UNSPECIFIED.,.F.,
  .F.,(2,2),(8.05,9.7000006),.PIECEWISE_BEZIER_KNOTS.);
#9503 = CARTESIAN_POINT('',(0.9,14.4));
#9504 = CARTESIAN_POINT('',(-0.7500006,14.4));
#9505 = ( GEOMETRIC_REPRESENTATION_CONTEXT(2) 
PARAMETRIC_REPRESENTATION_CONTEXT() REPRESENTATION_CONTEXT('2D SPACE',''
  ) );
#9506 = PCURVE('',#7283,#9507);
#9507 = DEFINITIONAL_REPRESENTATION('',(#9508),#9511);
#9508 = B_SPLINE_CURVE_WITH_KNOTS('',1,(#9509,#9510),.UNSPECIFIED.,.F.,
  .F.,(2,2),(8.05,9.7000006),.PIECEWISE_BEZIER_KNOTS.);
#9509 = CARTESIAN_POINT('',(0.637045176978,8.05));
#9510 = CARTESIAN_POINT('',(0.637045176978,9.7000006));
#9511 = ( GEOMETRIC_REPRESENTATION_CONTEXT(2) 
PARAMETRIC_REPRESENTATION_CONTEXT() REPRESENTATION_CONTEXT('2D SPACE',''
  ) );
#9512 = ORIENTED_EDGE('',*,*,#9513,.T.);
#9513 = EDGE_CURVE('',#9493,#9514,#9516,.T.);
#9514 = VERTEX_POINT('',#9515);
#9515 = CARTESIAN_POINT('',(37.459729704762,27.718741862613,-96.8));
#9516 = SURFACE_CURVE('',#9517,(#9521,#9527),.PCURVE_S1.);
#9517 = LINE('',#9518,#9519);
#9518 = CARTESIAN_POINT('',(12.057852909258,8.92234180127,-96.8));
#9519 = VECTOR('',#9520,1.);
#9520 = DIRECTION('',(0.803856860617,0.594822786751,-0.));
#9521 = PCURVE('',#7391,#9522);
#9522 = DEFINITIONAL_REPRESENTATION('',(#9523),#9526);
#9523 = B_SPLINE_CURVE_WITH_KNOTS('',1,(#9524,#9525),.UNSPECIFIED.,.F.,
  .F.,(2,2),(-15.,42.970519731858),.PIECEWISE_BEZIER_KNOTS.);
#9524 = CARTESIAN_POINT('',(0.75,-30.));
#9525 = CARTESIAN_POINT('',(0.75,27.970519731858));
#9526 = ( GEOMETRIC_REPRESENTATION_CONTEXT(2) 
PARAMETRIC_REPRESENTATION_CONTEXT() REPRESENTATION_CONTEXT('2D SPACE',''
  ) );
#9527 = PCURVE('',#9528,#9533);
#9528 = PLANE('',#9529);
#9529 = AXIS2_PLACEMENT_3D('',#9530,#9531,#9532);
#9530 = CARTESIAN_POINT('',(0.,0.,-96.8));
#9531 = DIRECTION('',(0.,0.,1.));
#9532 = DIRECTION('',(1.,0.,-0.));
#9533 = DEFINITIONAL_REPRESENTATION('',(#9534),#9537);
#9534 = B_SPLINE_CURVE_WITH_KNOTS('',1,(#9535,#9536),.UNSPECIFIED.,.F.,
  .F.,(2,2),(-15.,42.970519731858),.PIECEWISE_BEZIER_KNOTS.);
#9535 = CARTESIAN_POINT('',(-1.7763568394E-15,-3.552713678801E-15));
#9536 = CARTESIAN_POINT('',(46.6,34.482186096328));
#9537 = ( GEOMETRIC_REPRESENTATION_CONTEXT(2) 
PARAMETRIC_REPRESENTATION_CONTEXT() REPRESENTATION_CONTEXT('2D SPACE',''
  ) );
#9538 = ORIENTED_EDGE('',*,*,#9539,.T.);
#9539 = EDGE_CURVE('',#9514,#7347,#9540,.T.);
#9540 = SURFACE_CURVE('',#9541,(#9545,#9551),.PCURVE_S1.);
#9541 = LINE('',#9542,#9543);
#9542 = CARTESIAN_POINT('',(37.459729704762,27.718741862613,-96.8));
#9543 = VECTOR('',#9544,1.);
#9544 = DIRECTION('',(0.,0.,1.));
#9545 = PCURVE('',#7391,#9546);
#9546 = DEFINITIONAL_REPRESENTATION('',(#9547),#9550);
#9547 = B_SPLINE_CURVE_WITH_KNOTS('',1,(#9548,#9549),.UNSPECIFIED.,.F.,
  .F.,(2,2),(-6.000000070117E-07,1.5000006),.PIECEWISE_BEZIER_KNOTS.);
#9548 = CARTESIAN_POINT('',(0.7500006,16.6));
#9549 = CARTESIAN_POINT('',(-0.7500006,16.6));
#9550 = ( GEOMETRIC_REPRESENTATION_CONTEXT(2) 
PARAMETRIC_REPRESENTATION_CONTEXT() REPRESENTATION_CONTEXT('2D SPACE',''
  ) );
#9551 = PCURVE('',#7363,#9552);
#9552 = DEFINITIONAL_REPRESENTATION('',(#9553),#9556);
#9553 = B_SPLINE_CURVE_WITH_KNOTS('',1,(#9554,#9555),.UNSPECIFIED.,.F.,
  .F.,(2,2),(-6.000000070117E-07,1.5000006),.PIECEWISE_BEZIER_KNOTS.);
#9554 = CARTESIAN_POINT('',(0.637045176978,-6.000000070117E-07));
#9555 = CARTESIAN_POINT('',(0.637045176978,1.5000006));
#9556 = ( GEOMETRIC_REPRESENTATION_CONTEXT(2) 
PARAMETRIC_REPRESENTATION_CONTEXT() REPRESENTATION_CONTEXT('2D SPACE',''
  ) );
#9557 = ORIENTED_EDGE('',*,*,#7375,.F.);
#9558 = ADVANCED_FACE('',(#9559),#9528,.F.);
#9559 = FACE_BOUND('',#9560,.F.);
#9560 = EDGE_LOOP('',(#9561,#9585,#9606,#9628));
#9561 = ORIENTED_EDGE('',*,*,#9562,.F.);
#9562 = EDGE_CURVE('',#9563,#9493,#9565,.T.);
#9563 = VERTEX_POINT('',#9564);
#9564 = CARTESIAN_POINT('',(43.912304333269,6.562737854155,-96.8));
#9565 = SURFACE_CURVE('',#9566,(#9571,#9578),.PCURVE_S1.);
#9566 = CIRCLE('',#9567,44.4);
#9567 = AXIS2_PLACEMENT_3D('',#9568,#9569,#9570);
#9568 = CARTESIAN_POINT('',(0.,0.,-96.8));
#9569 = DIRECTION('',(0.,0.,1.));
#9570 = DIRECTION('',(1.,0.,-0.));
#9571 = PCURVE('',#9528,#9572);
#9572 = DEFINITIONAL_REPRESENTATION('',(#9573),#9577);
#9573 = CIRCLE('',#9574,44.4);
#9574 = AXIS2_PLACEMENT_2D('',#9575,#9576);
#9575 = CARTESIAN_POINT('',(0.,0.));
#9576 = DIRECTION('',(1.,0.));
#9577 = ( GEOMETRIC_REPRESENTATION_CONTEXT(2) 
PARAMETRIC_REPRESENTATION_CONTEXT() REPRESENTATION_CONTEXT('2D SPACE',''
  ) );
#9578 = PCURVE('',#7283,#9579);
#9579 = DEFINITIONAL_REPRESENTATION('',(#9580),#9584);
#9580 = LINE('',#9581,#9582);
#9581 = CARTESIAN_POINT('',(0.,8.2));
#9582 = VECTOR('',#9583,1.);
#9583 = DIRECTION('',(1.,0.));
#9584 = ( GEOMETRIC_REPRESENTATION_CONTEXT(2) 
PARAMETRIC_REPRESENTATION_CONTEXT() REPRESENTATION_CONTEXT('2D SPACE',''
  ) );
#9585 = ORIENTED_EDGE('',*,*,#9586,.T.);
#9586 = EDGE_CURVE('',#9563,#9587,#9589,.T.);
#9587 = VERTEX_POINT('',#9588);
#9588 = CARTESIAN_POINT('',(46.088139232665,6.88791855864,-96.8));
#9589 = SURFACE_CURVE('',#9590,(#9594,#9600),.PCURVE_S1.);
#9590 = LINE('',#9591,#9592);
#9591 = CARTESIAN_POINT('',(14.835237950429,2.217141166944,-96.8));
#9592 = VECTOR('',#9593,1.);
#9593 = DIRECTION('',(0.989015863362,0.14780941113,-0.));
#9594 = PCURVE('',#9528,#9595);
#9595 = DEFINITIONAL_REPRESENTATION('',(#9596),#9599);
#9596 = B_SPLINE_CURVE_WITH_KNOTS('',1,(#9597,#9598),.UNSPECIFIED.,.F.,
  .F.,(2,2),(-15.,32.117545558465),.PIECEWISE_BEZIER_KNOTS.);
#9597 = CARTESIAN_POINT('',(1.7763568394E-15,0.));
#9598 = CARTESIAN_POINT('',(46.6,6.964416662869));
#9599 = ( GEOMETRIC_REPRESENTATION_CONTEXT(2) 
PARAMETRIC_REPRESENTATION_CONTEXT() REPRESENTATION_CONTEXT('2D SPACE',''
  ) );
#9600 = PCURVE('',#7335,#9601);
#9601 = DEFINITIONAL_REPRESENTATION('',(#9602),#9605);
#9602 = B_SPLINE_CURVE_WITH_KNOTS('',1,(#9603,#9604),.UNSPECIFIED.,.F.,
  .F.,(2,2),(-15.,32.117545558465),.PIECEWISE_BEZIER_KNOTS.);
#9603 = CARTESIAN_POINT('',(0.75,-30.));
#9604 = CARTESIAN_POINT('',(0.75,17.117545558465));
#9605 = ( GEOMETRIC_REPRESENTATION_CONTEXT(2) 
PARAMETRIC_REPRESENTATION_CONTEXT() REPRESENTATION_CONTEXT('2D SPACE',''
  ) );
#9606 = ORIENTED_EDGE('',*,*,#9607,.T.);
#9607 = EDGE_CURVE('',#9587,#9514,#9608,.T.);
#9608 = SURFACE_CURVE('',#9609,(#9614,#9621),.PCURVE_S1.);
#9609 = CIRCLE('',#9610,46.6);
#9610 = AXIS2_PLACEMENT_3D('',#9611,#9612,#9613);
#9611 = CARTESIAN_POINT('',(0.,0.,-96.8));
#9612 = DIRECTION('',(0.,0.,1.));
#9613 = DIRECTION('',(1.,0.,-0.));
#9614 = PCURVE('',#9528,#9615);
#9615 = DEFINITIONAL_REPRESENTATION('',(#9616),#9620);
#9616 = CIRCLE('',#9617,46.6);
#9617 = AXIS2_PLACEMENT_2D('',#9618,#9619);
#9618 = CARTESIAN_POINT('',(0.,0.));
#9619 = DIRECTION('',(1.,0.));
#9620 = ( GEOMETRIC_REPRESENTATION_CONTEXT(2) 
PARAMETRIC_REPRESENTATION_CONTEXT() REPRESENTATION_CONTEXT('2D SPACE',''
  ) );
#9621 = PCURVE('',#7363,#9622);
#9622 = DEFINITIONAL_REPRESENTATION('',(#9623),#9627);
#9623 = LINE('',#9624,#9625);
#9624 = CARTESIAN_POINT('',(0.,0.));
#9625 = VECTOR('',#9626,1.);
#9626 = DIRECTION('',(1.,0.));
#9627 = ( GEOMETRIC_REPRESENTATION_CONTEXT(2) 
PARAMETRIC_REPRESENTATION_CONTEXT() REPRESENTATION_CONTEXT('2D SPACE',''
  ) );
#9628 = ORIENTED_EDGE('',*,*,#9513,.F.);
#9629 = ADVANCED_FACE('',(#9630),#7363,.T.);
#9630 = FACE_BOUND('',#9631,.T.);
#9631 = EDGE_LOOP('',(#9632,#9633,#9652,#9653));
#9632 = ORIENTED_EDGE('',*,*,#7346,.F.);
#9633 = ORIENTED_EDGE('',*,*,#9634,.F.);
#9634 = EDGE_CURVE('',#9587,#7320,#9635,.T.);
#9635 = SURFACE_CURVE('',#9636,(#9640,#9646),.PCURVE_S1.);
#9636 = LINE('',#9637,#9638);
#9637 = CARTESIAN_POINT('',(46.088139232665,6.88791855864,-96.8));
#9638 = VECTOR('',#9639,1.);
#9639 = DIRECTION('',(0.,0.,1.));
#9640 = PCURVE('',#7363,#9641);
#9641 = DEFINITIONAL_REPRESENTATION('',(#9642),#9645);
#9642 = B_SPLINE_CURVE_WITH_KNOTS('',1,(#9643,#9644),.UNSPECIFIED.,.F.,
  .F.,(2,2),(-6.000000070117E-07,1.5000006),.PIECEWISE_BEZIER_KNOTS.);
#9643 = CARTESIAN_POINT('',(0.14835298642,-6.000000070117E-07));
#9644 = CARTESIAN_POINT('',(0.14835298642,1.5000006));
#9645 = ( GEOMETRIC_REPRESENTATION_CONTEXT(2) 
PARAMETRIC_REPRESENTATION_CONTEXT() REPRESENTATION_CONTEXT('2D SPACE',''
  ) );
#9646 = PCURVE('',#7335,#9647);
#9647 = DEFINITIONAL_REPRESENTATION('',(#9648),#9651);
#9648 = B_SPLINE_CURVE_WITH_KNOTS('',1,(#9649,#9650),.UNSPECIFIED.,.F.,
  .F.,(2,2),(-6.000000070117E-07,1.5000006),.PIECEWISE_BEZIER_KNOTS.);
#9649 = CARTESIAN_POINT('',(0.7500006,16.6));
#9650 = CARTESIAN_POINT('',(-0.7500006,16.6));
#9651 = ( GEOMETRIC_REPRESENTATION_CONTEXT(2) 
PARAMETRIC_REPRESENTATION_CONTEXT() REPRESENTATION_CONTEXT('2D SPACE',''
  ) );
#9652 = ORIENTED_EDGE('',*,*,#9607,.T.);
#9653 = ORIENTED_EDGE('',*,*,#9539,.T.);
#9654 = ADVANCED_FACE('',(#9655),#7335,.T.);
#9655 = FACE_BOUND('',#9656,.T.);
#9656 = EDGE_LOOP('',(#9657,#9676,#9677,#9678));
#9657 = ORIENTED_EDGE('',*,*,#9658,.F.);
#9658 = EDGE_CURVE('',#9563,#7296,#9659,.T.);
#9659 = SURFACE_CURVE('',#9660,(#9664,#9670),.PCURVE_S1.);
#9660 = LINE('',#9661,#9662);
#9661 = CARTESIAN_POINT('',(43.912304333269,6.562737854155,-105.));
#9662 = VECTOR('',#9663,1.);
#9663 = DIRECTION('',(0.,0.,1.));
#9664 = PCURVE('',#7335,#9665);
#9665 = DEFINITIONAL_REPRESENTATION('',(#9666),#9669);
#9666 = B_SPLINE_CURVE_WITH_KNOTS('',1,(#9667,#9668),.UNSPECIFIED.,.F.,
  .F.,(2,2),(8.05,9.7000006),.PIECEWISE_BEZIER_KNOTS.);
#9667 = CARTESIAN_POINT('',(0.9,14.4));
#9668 = CARTESIAN_POINT('',(-0.7500006,14.4));
#9669 = ( GEOMETRIC_REPRESENTATION_CONTEXT(2) 
PARAMETRIC_REPRESENTATION_CONTEXT() REPRESENTATION_CONTEXT('2D SPACE',''
  ) );
#9670 = PCURVE('',#7283,#9671);
#9671 = DEFINITIONAL_REPRESENTATION('',(#9672),#9675);
#9672 = B_SPLINE_CURVE_WITH_KNOTS('',1,(#9673,#9674),.UNSPECIFIED.,.F.,
  .F.,(2,2),(8.05,9.7000006),.PIECEWISE_BEZIER_KNOTS.);
#9673 = CARTESIAN_POINT('',(0.14835298642,8.05));
#9674 = CARTESIAN_POINT('',(0.14835298642,9.7000006));
#9675 = ( GEOMETRIC_REPRESENTATION_CONTEXT(2) 
PARAMETRIC_REPRESENTATION_CONTEXT() REPRESENTATION_CONTEXT('2D SPACE',''
  ) );
#9676 = ORIENTED_EDGE('',*,*,#9586,.T.);
#9677 = ORIENTED_EDGE('',*,*,#9634,.T.);
#9678 = ORIENTED_EDGE('',*,*,#7319,.F.);
#9679 = ADVANCED_FACE('',(#9680),#7283,.T.);
#9680 = FACE_BOUND('',#9681,.T.);
#9681 = EDGE_LOOP('',(#9682,#10383,#10404,#10405,#10406,#10407,#10408,
    #10409,#10410,#10411,#10412,#10413,#10414,#10415,#10416,#10417,
    #10418,#10419,#10420,#10421,#10422,#10423,#10424,#10425,#10426,
    #10427,#10428,#10429,#10430,#10431,#10432,#10433,#10434,#10435,
    #10436,#10437));
#9682 = ORIENTED_EDGE('',*,*,#9683,.F.);
#9683 = EDGE_CURVE('',#9684,#9684,#9686,.T.);
#9684 = VERTEX_POINT('',#9685);
#9685 = CARTESIAN_POINT('',(44.399999999999,-5.437431788214E-15,
    -100.7372451301));
#9686 = SURFACE_CURVE('',#9687,(#9914,#10144),.PCURVE_S1.);
#9687 = B_SPLINE_CURVE_WITH_KNOTS('',8,(#9688,#9689,#9690,#9691,#9692,
    #9693,#9694,#9695,#9696,#9697,#9698,#9699,#9700,#9701,#9702,#9703,
    #9704,#9705,#9706,#9707,#9708,#9709,#9710,#9711,#9712,#9713,#9714,
    #9715,#9716,#9717,#9718,#9719,#9720,#9721,#9722,#9723,#9724,#9725,
    #9726,#9727,#9728,#9729,#9730,#9731,#9732,#9733,#9734,#9735,#9736,
    #9737,#9738,#9739,#9740,#9741,#9742,#9743,#9744,#9745,#9746,#9747,
    #9748,#9749,#9750,#9751,#9752,#9753,#9754,#9755,#9756,#9757,#9758,
    #9759,#9760,#9761,#9762,#9763,#9764,#9765,#9766,#9767,#9768,#9769,
    #9770,#9771,#9772,#9773,#9774,#9775,#9776,#9777,#9778,#9779,#9780,
    #9781,#9782,#9783,#9784,#9785,#9786,#9787,#9788,#9789,#9790,#9791,
    #9792,#9793,#9794,#9795,#9796,#9797,#9798,#9799,#9800,#9801,#9802,
    #9803,#9804,#9805,#9806,#9807,#9808,#9809,#9810,#9811,#9812,#9813,
    #9814,#9815,#9816,#9817,#9818,#9819,#9820,#9821,#9822,#9823,#9824,
    #9825,#9826,#9827,#9828,#9829,#9830,#9831,#9832,#9833,#9834,#9835,
    #9836,#9837,#9838,#9839,#9840,#9841,#9842,#9843,#9844,#9845,#9846,
    #9847,#9848,#9849,#9850,#9851,#9852,#9853,#9854,#9855,#9856,#9857,
    #9858,#9859,#9860,#9861,#9862,#9863,#9864,#9865,#9866,#9867,#9868,
    #9869,#9870,#9871,#9872,#9873,#9874,#9875,#9876,#9877,#9878,#9879,
    #9880,#9881,#9882,#9883,#9884,#9885,#9886,#9887,#9888,#9889,#9890,
    #9891,#9892,#9893,#9894,#9895,#9896,#9897,#9898,#9899,#9900,#9901,
    #9902,#9903,#9904,#9905,#9906,#9907,#9908,#9909,#9910,#9911,#9912,
    #9913),.UNSPECIFIED.,.T.,.F.,(9,7,7,7,7,7,7,7,7,7,7,7,7,7,7,7,7,7,7,
    7,7,7,7,7,7,7,7,7,7,7,7,7,9),(0.,2.900058367573E-02,
    5.800116735146E-02,8.700175102719E-02,0.116002334703,0.140002827513,
    0.169003411189,0.198003994865,0.22700457854,0.256005162216,
    0.282005692567,0.311006276243,0.340006859918,0.369007443594,
    0.39800802727,0.426008593631,0.455009177307,0.483009743668,
    0.510010292237,0.539010875913,0.568011459589,0.597012043264,
    0.625012609625,0.654013193301,0.682013759662,0.711014343338,
    0.740014927013,0.769015510689,0.798016094365,0.827016678041,
    0.856017261716,0.885017845392,1.),.UNSPECIFIED.);
#9688 = CARTESIAN_POINT('',(44.4,-1.42108547152E-14,-100.7372451301));
#9689 = CARTESIAN_POINT('',(44.4,-1.011277900297,-100.7372451301));
#9690 = CARTESIAN_POINT('',(44.373676021762,-2.022557791931,
    -100.7372451301));
#9691 = CARTESIAN_POINT('',(44.321028177104,-3.033037376374,
    -100.7372451301));
#9692 = CARTESIAN_POINT('',(44.24208560971,-4.041917007424,
    -100.7372451301));
#9693 = CARTESIAN_POINT('',(44.136906495131,-5.048399691205,
    -100.7372451301));
#9694 = CARTESIAN_POINT('',(44.005578040785,-6.051691086166,
    -100.7372451301));
#9695 = CARTESIAN_POINT('',(43.848216485955,-7.050999503079,
    -100.7372451301));
#9696 = CARTESIAN_POINT('',(43.48171771763,-9.04007230701,
    -100.7372451301));
#9697 = CARTESIAN_POINT('',(43.272579782451,-10.02984061076,
    -100.7372451301));
#9698 = CARTESIAN_POINT('',(43.03769878734,-11.01405181993,
    -100.7372451301));
#9699 = CARTESIAN_POINT('',(42.777248294015,-11.9919248073,
    -100.7372451301));
#9700 = CARTESIAN_POINT('',(42.491429934824,-12.9626863148,
    -100.7372451301));
#9701 = CARTESIAN_POINT('',(42.180473412754,-13.92557095353,
    -100.7372451301));
#9702 = CARTESIAN_POINT('',(41.84463650142,-14.87982120375,
    -100.7372451301));
#9703 = CARTESIAN_POINT('',(41.123773588728,-16.76955362598,
    -100.7372451301));
#9704 = CARTESIAN_POINT('',(40.738746167898,-17.70503951912,
    -100.7372451301));
#9705 = CARTESIAN_POINT('',(40.329408835783,-18.6303955234,
    -100.7372451301));
#9706 = CARTESIAN_POINT('',(39.896073825577,-19.54488489339,
    -100.7372451301));
#9707 = CARTESIAN_POINT('',(39.439079550465,-20.4477837091,
    -100.7372451301));
#9708 = CARTESIAN_POINT('',(38.958790603627,-21.33838087598,
    -100.7372451301));
#9709 = CARTESIAN_POINT('',(38.455597758233,-22.21597812495,
    -100.7372451301));
#9710 = CARTESIAN_POINT('',(37.404238176666,-23.94380189975,
    -100.7372451301));
#9711 = CARTESIAN_POINT('',(36.85606937023,-24.79403182789,
    -100.7372451301));
#9712 = CARTESIAN_POINT('',(36.285828692354,-25.62989446937,
    -100.7372451301));
#9713 = CARTESIAN_POINT('',(35.693956709792,-26.45072185388,
    -100.7372451301));
#9714 = CARTESIAN_POINT('',(35.080917411844,-27.25586336819,
    -100.7372451301));
#9715 = CARTESIAN_POINT('',(34.447198210354,-28.04468575617,
    -100.7372451301));
#9716 = CARTESIAN_POINT('',(33.793309939707,-28.81657311879,
    -100.7372451301));
#9717 = CARTESIAN_POINT('',(32.562388216559,-30.19521996427,
    -100.7372451301));
#9718 = CARTESIAN_POINT('',(31.991540305219,-30.80750589932,
    -100.7372451301));
#9719 = CARTESIAN_POINT('',(31.407545678781,-31.40744590691,
    -100.7372451301));
#9720 = CARTESIAN_POINT('',(30.810716377007,-31.99471102298,
    -100.7372451301));
#9721 = CARTESIAN_POINT('',(30.201373923463,-32.5689821317,
    -100.7372451301));
#9722 = CARTESIAN_POINT('',(29.579849325511,-33.12994996551,
    -100.7372451301));
#9723 = CARTESIAN_POINT('',(28.946483074317,-33.67731510505,
    -100.7372451301));
#9724 = CARTESIAN_POINT('',(27.522422130538,-34.85540077319,
    -100.7372451301));
#9725 = CARTESIAN_POINT('',(26.726438046647,-35.47973186263,
    -100.7372451301));
#9726 = CARTESIAN_POINT('',(25.914291146086,-36.0832699294,
    -100.7372451301));
#9727 = CARTESIAN_POINT('',(25.086616143726,-36.6655277154,
    -100.7372451301));
#9728 = CARTESIAN_POINT('',(24.244064216395,-37.22604202266,
    -100.7372451301));
#9729 = CARTESIAN_POINT('',(23.387303002878,-37.76437371329,
    -100.7372451301));
#9730 = CARTESIAN_POINT('',(22.517016603916,-38.28010770949,
    -100.7372451301));
#9731 = CARTESIAN_POINT('',(20.750794560499,-39.26559827762,
    -100.7372451301));
#9732 = CARTESIAN_POINT('',(19.854855438125,-39.7353567901,
    -100.7372451301));
#9733 = CARTESIAN_POINT('',(18.94678888675,-40.1817377086,
    -100.7372451301));
#9734 = CARTESIAN_POINT('',(18.027307407644,-40.60437685548,
    -100.7372451301));
#9735 = CARTESIAN_POINT('',(17.097135331679,-41.0029366979,
    -100.7372451301));
#9736 = CARTESIAN_POINT('',(16.157008819335,-41.37710634781,
    -100.7372451301));
#9737 = CARTESIAN_POINT('',(15.207675860694,-41.72660156192,
    -100.7372451301));
#9738 = CARTESIAN_POINT('',(13.292116690193,-42.3757279216,
    -100.7372451301));
#9739 = CARTESIAN_POINT('',(12.325886706352,-42.67536034538,
    -100.7372451301));
#9740 = CARTESIAN_POINT('',(11.351966215381,-42.94980462641,
    -100.7372451301));
#9741 = CARTESIAN_POINT('',(10.371121914323,-43.19883172529,
    -100.7372451301));
#9742 = CARTESIAN_POINT('',(9.384127305798,-43.42224094989,
    -100.7372451301));
#9743 = CARTESIAN_POINT('',(8.391762698006,-43.61985995537,
    -100.7372451301));
#9744 = CARTESIAN_POINT('',(7.394815204729,-43.79154474415,
    -100.7372451301));
#9745 = CARTESIAN_POINT('',(5.393342285919,-44.08281458775,
    -100.7372451301));
#9746 = CARTESIAN_POINT('',(4.38881291923,-44.20240021612,
    -100.7372451301));
#9747 = CARTESIAN_POINT('',(3.381284596821,-44.29582112205,
    -100.7372451301));
#9748 = CARTESIAN_POINT('',(2.371552826481,-44.36299098779,
    -100.7372451301));
#9749 = CARTESIAN_POINT('',(1.360414672226,-44.40385260674,
    -100.7372451301));
#9750 = CARTESIAN_POINT('',(0.348668754291,-44.41837788354,
    -100.7372451301));
#9751 = CARTESIAN_POINT('',(-0.66288475086,-44.40656783403,
    -100.7372451301));
#9752 = CARTESIAN_POINT('',(-2.57946309265,-44.33428028394,
    -100.7372451301));
#9753 = CARTESIAN_POINT('',(-3.484685728279,-44.27896364291,
    -100.7372451301));
#9754 = CARTESIAN_POINT('',(-4.388534657793,-44.2025244965,
    -100.7372451301));
#9755 = CARTESIAN_POINT('',(-5.290434764535,-44.10500337823,
    -100.7372451301));
#9756 = CARTESIAN_POINT('',(-6.189813174824,-43.98645952071,
    -100.7372451301));
#9757 = CARTESIAN_POINT('',(-7.086099257959,-43.84697085571,
    -100.7372451301));
#9758 = CARTESIAN_POINT('',(-7.978724626212,-43.68663401409,
    -100.7372451301));
#9759 = CARTESIAN_POINT('',(-9.858028894806,-43.30360203609,
    -100.7372451301));
#9760 = CARTESIAN_POINT('',(-10.84367944481,-43.07584566557,
    -100.7372451301));
#9761 = CARTESIAN_POINT('',(-11.82328867093,-42.82245555086,
    -100.7372451301));
#9762 = CARTESIAN_POINT('',(-12.79607885606,-42.54361994589,
    -100.7372451301));
#9763 = CARTESIAN_POINT('',(-13.76128067998,-42.2395550219,
    -100.7372451301));
#9764 = CARTESIAN_POINT('',(-14.71813321929,-41.91050486745,
    -100.7372451301));
#9765 = CARTESIAN_POINT('',(-15.66588394744,-41.55674148843,
    -100.7372451301));
#9766 = CARTESIAN_POINT('',(-17.54169352205,-40.80038812768,
    -100.7372451301));
#9767 = CARTESIAN_POINT('',(-18.46975606222,-40.39779665659,
    -100.7372451301));
#9768 = CARTESIAN_POINT('',(-19.38723230918,-39.97109052542,
    -100.7372451301));
#9769 = CARTESIAN_POINT('',(-20.2933915335,-39.52059579839,
    -100.7372451301));
#9770 = CARTESIAN_POINT('',(-21.18751632234,-39.04666447332,
    -100.7372451301));
#9771 = CARTESIAN_POINT('',(-22.0689025795,-38.54967448166,
    -100.7372451301));
#9772 = CARTESIAN_POINT('',(-22.93685952539,-38.03002968844,
    -100.7372451301));
#9773 = CARTESIAN_POINT('',(-24.64455986872,-36.94629009614,
    -100.7372451301));
#9774 = CARTESIAN_POINT('',(-25.48430662884,-36.38219316304,
    -100.7372451301));
#9775 = CARTESIAN_POINT('',(-26.30927263427,-35.79629908046,
    -100.7372451301));
#9776 = CARTESIAN_POINT('',(-27.11879833736,-35.18906092707,
    -100.7372451301));
#9777 = CARTESIAN_POINT('',(-27.91224198595,-34.5609548728,
    -100.7372451301));
#9778 = CARTESIAN_POINT('',(-28.68897962334,-33.91248017879,
    -100.7372451301));
#9779 = CARTESIAN_POINT('',(-29.44840508836,-33.24415919742,
    -100.7372451301));
#9780 = CARTESIAN_POINT('',(-30.93145494218,-31.86891554715,
    -100.7372451301));
#9781 = CARTESIAN_POINT('',(-31.6550822513,-31.16199017022,
    -100.7372451301));
#9782 = CARTESIAN_POINT('',(-32.36022372898,-30.43630684909,
    -100.7372451301));
#9783 = CARTESIAN_POINT('',(-33.04631284672,-29.69243067564,
    -100.7372451301));
#9784 = CARTESIAN_POINT('',(-33.71280476116,-28.9309462261,
    -100.7372451301));
#9785 = CARTESIAN_POINT('',(-34.35917631408,-28.152457561,
    -100.7372451301));
#9786 = CARTESIAN_POINT('',(-34.98492603241,-27.35758822516,
    -100.7372451301));
#9787 = CARTESIAN_POINT('',(-36.17337234839,-25.76432615648,
    -100.7372451301));
#9788 = CARTESIAN_POINT('',(-36.73750125318,-24.9669972417,
    -100.7372451301));
#9789 = CARTESIAN_POINT('',(-37.28152925421,-24.15557325357,
    -100.7372451301));
#9790 = CARTESIAN_POINT('',(-37.80504632198,-23.33064624691,
    -100.7372451301));
#9791 = CARTESIAN_POINT('',(-38.30766398591,-22.49282158119,
    -100.7372451301));
#9792 = CARTESIAN_POINT('',(-38.78901533431,-21.64271792056,
    -100.7372451301));
#9793 = CARTESIAN_POINT('',(-39.2487550144,-20.78096723381,
    -100.7372451301));
#9794 = CARTESIAN_POINT('',(-40.13999926961,-19.00429271578,
    -100.7372451301));
#9795 = CARTESIAN_POINT('',(-40.56991073759,-18.08856562721,
    -100.7372451301));
#9796 = CARTESIAN_POINT('',(-40.975933999,-17.16175070647,
    -100.7372451301));
#9797 = CARTESIAN_POINT('',(-41.35773655576,-16.224575778,
    -100.7372451301));
#9798 = CARTESIAN_POINT('',(-41.71501304888,-15.27777931288,
    -100.7372451301));
#9799 = CARTESIAN_POINT('',(-42.04748525857,-14.32211042885,
    -100.7372451301));
#9800 = CARTESIAN_POINT('',(-42.35490210413,-13.35832889026,
    -100.7372451301));
#9801 = CARTESIAN_POINT('',(-42.90944833064,-11.44956825883,
    -100.7372451301));
#9802 = CARTESIAN_POINT('',(-43.15829204341,-10.50508341185,
    -100.7372451301));
#9803 = CARTESIAN_POINT('',(-43.3833694501,-9.554443882157,
    -100.7372451301));
#9804 = CARTESIAN_POINT('',(-43.58450407315,-8.59834788803,
    -100.7372451301));
#9805 = CARTESIAN_POINT('',(-43.76154428974,-7.637498551099,
    -100.7372451301));
#9806 = CARTESIAN_POINT('',(-43.9143633318,-6.672603896328,
    -100.7372451301));
#9807 = CARTESIAN_POINT('',(-44.04285928597,-5.704376852022,
    -100.7372451301));
#9808 = CARTESIAN_POINT('',(-44.24733320292,-3.797366477546,
    -100.7372451301));
#9809 = CARTESIAN_POINT('',(-44.32502323002,-2.858763637414,
    -100.7372451301));
#9810 = CARTESIAN_POINT('',(-44.37995625057,-1.918370230266,
    -100.7372451301));
#9811 = CARTESIAN_POINT('',(-44.41208523793,-0.976830238573,
    -100.7372451301));
#9812 = CARTESIAN_POINT('',(-44.42138506315,-3.478812643699E-02,
    -100.7372451301));
#9813 = CARTESIAN_POINT('',(-44.40785249501,0.907111160405,
    -100.7372451301));
#9814 = CARTESIAN_POINT('',(-44.37150619997,1.848222194584,
    -100.7372451301));
#9815 = CARTESIAN_POINT('',(-44.24888807746,3.797181441461,
    -100.7372451301));
#9816 = CARTESIAN_POINT('',(-44.1591172538,4.804812906964,
    -100.7372451301));
#9817 = CARTESIAN_POINT('',(-44.04312475955,5.809992755251,
    -100.7372451301));
#9818 = CARTESIAN_POINT('',(-43.90098989111,6.811924747986,
    -100.7372451301));
#9819 = CARTESIAN_POINT('',(-43.73282075287,7.809817116852,
    -100.7372451301));
#9820 = CARTESIAN_POINT('',(-43.53875425731,8.802882563548,
    -100.7372451301));
#9821 = CARTESIAN_POINT('',(-43.31895612489,9.790338259789,
    -100.7372451301));
#9822 = CARTESIAN_POINT('',(-42.82828564343,11.752473434832,
    -100.7372451301));
#9823 = CARTESIAN_POINT('',(-42.55741232818,12.727156777329,
    -100.7372451301));
#9824 = CARTESIAN_POINT('',(-42.26119568391,13.69467757079,
    -100.7372451301));
#9825 = CARTESIAN_POINT('',(-41.93985797723,14.654267127403,
    -100.7372451301));
#9826 = CARTESIAN_POINT('',(-41.59364899589,15.605166375553,
    -100.7372451301));
#9827 = CARTESIAN_POINT('',(-41.22284604877,16.546625859828,
    -100.7372451301));
#9828 = CARTESIAN_POINT('',(-40.82775396589,17.477905741014,
    -100.7372451301));
#9829 = CARTESIAN_POINT('',(-39.98965623093,19.318645851179,
    -100.7372451301));
#9830 = CARTESIAN_POINT('',(-39.54664892852,20.228109704812,
    -100.7372451301));
#9831 = CARTESIAN_POINT('',(-39.08001574587,21.125937226651,
    -100.7372451301));
#9832 = CARTESIAN_POINT('',(-38.59011456067,22.011412730343,
    -100.7372451301));
#9833 = CARTESIAN_POINT('',(-38.07732857365,22.883834973532,
    -100.7372451301));
#9834 = CARTESIAN_POINT('',(-37.54206630854,23.742517157852,
    -100.7372451301));
#9835 = CARTESIAN_POINT('',(-36.98476161208,24.586786928932,
    -100.7372451301));
#9836 = CARTESIAN_POINT('',(-35.84694729361,26.216592819867,
    -100.7372451301));
#9837 = CARTESIAN_POINT('',(-35.26789849465,27.003153248564,
    -100.7372451301));
#9838 = CARTESIAN_POINT('',(-34.66914060221,27.775075745095,
    -100.7372451301));
#9839 = CARTESIAN_POINT('',(-34.05110637944,28.531784662756,
    -100.7372451301));
#9840 = CARTESIAN_POINT('',(-33.41424800771,29.27272062553,
    -100.7372451301));
#9841 = CARTESIAN_POINT('',(-32.75903708653,29.997340528088,
    -100.7372451301));
#9842 = CARTESIAN_POINT('',(-32.08596463357,30.705117535789,
    -100.7372451301));
#9843 = CARTESIAN_POINT('',(-30.68045962372,32.110622545643,
    -100.7372451301));
#9844 = CARTESIAN_POINT('',(-29.94676289115,32.807091551175,
    -100.7372451301));
#9845 = CARTESIAN_POINT('',(-29.19501827676,33.484380869613,
    -100.7372451301));
#9846 = CARTESIAN_POINT('',(-28.42581182352,34.141945673401,
    -100.7372451301));
#9847 = CARTESIAN_POINT('',(-27.63974822751,34.779263539092,
    -100.7372451301));
#9848 = CARTESIAN_POINT('',(-26.837450838,35.395834447344,
    -100.7372451301));
#9849 = CARTESIAN_POINT('',(-26.01956165738,35.991180782922,
    -100.7372451301));
#9850 = CARTESIAN_POINT('',(-24.38263888625,37.118732336868,
    -100.7372451301));
#9851 = CARTESIAN_POINT('',(-23.56461437401,37.652408940186,
    -100.7372451301));
#9852 = CARTESIAN_POINT('',(-22.73326241008,38.165467676102,
    -100.7372451301));
#9853 = CARTESIAN_POINT('',(-21.88919008271,38.657521121107,
    -100.7372451301));
#9854 = CARTESIAN_POINT('',(-21.03301696278,39.128203896739,
    -100.7372451301));
#9855 = CARTESIAN_POINT('',(-20.16537510381,39.577172669576,
    -100.7372451301));
#9856 = CARTESIAN_POINT('',(-19.28690904198,40.004106151244,
    -100.7372451301));
#9857 = CARTESIAN_POINT('',(-17.47790574102,40.827753965893,
    -100.7372451301));
#9858 = CARTESIAN_POINT('',(-16.54662585983,41.222846048769,
    -100.7372451301));
#9859 = CARTESIAN_POINT('',(-15.60516637556,41.593648995888,
    -100.7372451301));
#9860 = CARTESIAN_POINT('',(-14.65426712741,41.93985797723,
    -100.7372451301));
#9861 = CARTESIAN_POINT('',(-13.6946775708,42.261195683912,
    -100.7372451301));
#9862 = CARTESIAN_POINT('',(-12.72715677734,42.557412328183,
    -100.7372451301));
#9863 = CARTESIAN_POINT('',(-11.75247343484,42.828285643427,
    -100.7372451301));
#9864 = CARTESIAN_POINT('',(-9.7903382598,43.318956124892,
    -100.7372451301));
#9865 = CARTESIAN_POINT('',(-8.802882563559,43.538754257307,
    -100.7372451301));
#9866 = CARTESIAN_POINT('',(-7.809817116864,43.732820752877,
    -100.7372451301));
#9867 = CARTESIAN_POINT('',(-6.811924747998,43.900989891111,
    -100.7372451301));
#9868 = CARTESIAN_POINT('',(-5.809992755262,44.043124759557,
    -100.7372451301));
#9869 = CARTESIAN_POINT('',(-4.804812906975,44.159117253801,
    -100.7372451301));
#9870 = CARTESIAN_POINT('',(-3.797181441472,44.248888077467,
    -100.7372451301));
#9871 = CARTESIAN_POINT('',(-1.778616692741,44.375885406963,
    -100.7372451301));
#9872 = CARTESIAN_POINT('',(-0.767679434699,44.413112162869,
    -100.7372451301));
#9873 = CARTESIAN_POINT('',(0.244111984624,44.424016744787,
    -100.7372451301));
#9874 = CARTESIAN_POINT('',(1.255957666999,44.408578028693,
    -100.7372451301));
#9875 = CARTESIAN_POINT('',(2.267058538361,44.366804031683,
    -100.7372451301));
#9876 = CARTESIAN_POINT('',(3.276616348811,44.298731911971,
    -100.7372451301));
#9877 = CARTESIAN_POINT('',(4.283833672616,44.204427968892,
    -100.7372451301));
#9878 = CARTESIAN_POINT('',(6.291994143798,43.963547316908,
    -100.7372451301));
#9879 = CARTESIAN_POINT('',(7.292941245502,43.816970133678,
    -100.7372451301));
#9880 = CARTESIAN_POINT('',(8.289958638384,43.644351755708,
    -100.7372451301));
#9881 = CARTESIAN_POINT('',(9.282255838572,43.445816354847,
    -100.7372451301));
#9882 = CARTESIAN_POINT('',(10.269048453251,43.221516612295,
    -100.7372451301));
#9883 = CARTESIAN_POINT('',(11.24955818067,42.971633718602,
    -100.7372451301));
#9884 = CARTESIAN_POINT('',(12.223012810136,42.696377373671,
    -100.7372451301));
#9885 = CARTESIAN_POINT('',(14.154279633895,42.095594199834,
    -100.7372451301));
#9886 = CARTESIAN_POINT('',(15.112095631102,41.770066187911,
    -100.7372451301));
#9887 = CARTESIAN_POINT('',(16.061328160433,41.419640173775,
    -100.7372451301));
#9888 = CARTESIAN_POINT('',(17.001222324968,41.044581513871,
    -100.7372451301));
#9889 = CARTESIAN_POINT('',(17.931034384069,40.645182498292,
    -100.7372451301));
#9890 = CARTESIAN_POINT('',(18.850031753381,40.221762350779,
    -100.7372451301));
#9891 = CARTESIAN_POINT('',(19.757493004833,39.774667228723,
    -100.7372451301));
#9892 = CARTESIAN_POINT('',(21.547922728436,38.833873217604,
    -100.7372451301));
#9893 = CARTESIAN_POINT('',(22.430894726175,38.340172475998,
    -100.7372451301));
#9894 = CARTESIAN_POINT('',(23.300913692085,37.823541287354,
    -100.7372451301));
#9895 = CARTESIAN_POINT('',(24.157285310527,37.284377406866,
    -100.7372451301));
#9896 = CARTESIAN_POINT('',(24.999331117986,36.723103055916,
    -100.7372451301));
#9897 = CARTESIAN_POINT('',(25.826388503075,36.140164922068,
    -100.7372451301));
#9898 = CARTESIAN_POINT('',(26.637810706528,35.536034159074,
    -100.7372451301));
#9899 = CARTESIAN_POINT('',(28.228122935886,34.286378614665,
    -100.7372451301));
#9900 = CARTESIAN_POINT('',(29.007016093321,33.640851372518,
    -100.7372451301));
#9901 = CARTESIAN_POINT('',(29.769015524548,32.975120456207,
    -100.7372451301));
#9902 = CARTESIAN_POINT('',(30.513510483715,32.289702850166,
    -100.7372451301));
#9903 = CARTESIAN_POINT('',(31.239910248079,31.585136727487,
    -100.7372451301));
#9904 = CARTESIAN_POINT('',(31.947644118009,30.861981449917,
    -100.7372451301));
#9905 = CARTESIAN_POINT('',(32.636161416983,30.12081756786,
    -100.7372451301));
#9906 = CARTESIAN_POINT('',(35.956485852546,26.354648768421,
    -100.7372451301));
#9907 = CARTESIAN_POINT('',(38.29887896994,23.071988930434,
    -100.7372451301));
#9908 = CARTESIAN_POINT('',(40.296742062128,19.553365569326,
    -100.7372451301));
#9909 = CARTESIAN_POINT('',(41.923313771882,15.841500183872,
    -100.7372451301));
#9910 = CARTESIAN_POINT('',(43.157904948915,11.981517697248,
    -100.7372451301));
#9911 = CARTESIAN_POINT('',(43.986193106084,8.020948796421,
    -100.7372451301));
#9912 = CARTESIAN_POINT('',(44.4,4.009536952198,-100.7372451301));
#9913 = CARTESIAN_POINT('',(44.4,0.,-100.7372451301));
#9914 = PCURVE('',#7283,#9915);
#9915 = DEFINITIONAL_REPRESENTATION('',(#9916),#10143);
#9916 = B_SPLINE_CURVE_WITH_KNOTS('',8,(#9917,#9918,#9919,#9920,#9921,
    #9922,#9923,#9924,#9925,#9926,#9927,#9928,#9929,#9930,#9931,#9932,
    #9933,#9934,#9935,#9936,#9937,#9938,#9939,#9940,#9941,#9942,#9943,
    #9944,#9945,#9946,#9947,#9948,#9949,#9950,#9951,#9952,#9953,#9954,
    #9955,#9956,#9957,#9958,#9959,#9960,#9961,#9962,#9963,#9964,#9965,
    #9966,#9967,#9968,#9969,#9970,#9971,#9972,#9973,#9974,#9975,#9976,
    #9977,#9978,#9979,#9980,#9981,#9982,#9983,#9984,#9985,#9986,#9987,
    #9988,#9989,#9990,#9991,#9992,#9993,#9994,#9995,#9996,#9997,#9998,
    #9999,#10000,#10001,#10002,#10003,#10004,#10005,#10006,#10007,#10008
    ,#10009,#10010,#10011,#10012,#10013,#10014,#10015,#10016,#10017,
    #10018,#10019,#10020,#10021,#10022,#10023,#10024,#10025,#10026,
    #10027,#10028,#10029,#10030,#10031,#10032,#10033,#10034,#10035,
    #10036,#10037,#10038,#10039,#10040,#10041,#10042,#10043,#10044,
    #10045,#10046,#10047,#10048,#10049,#10050,#10051,#10052,#10053,
    #10054,#10055,#10056,#10057,#10058,#10059,#10060,#10061,#10062,
    #10063,#10064,#10065,#10066,#10067,#10068,#10069,#10070,#10071,
    #10072,#10073,#10074,#10075,#10076,#10077,#10078,#10079,#10080,
    #10081,#10082,#10083,#10084,#10085,#10086,#10087,#10088,#10089,
    #10090,#10091,#10092,#10093,#10094,#10095,#10096,#10097,#10098,
    #10099,#10100,#10101,#10102,#10103,#10104,#10105,#10106,#10107,
    #10108,#10109,#10110,#10111,#10112,#10113,#10114,#10115,#10116,
    #10117,#10118,#10119,#10120,#10121,#10122,#10123,#10124,#10125,
    #10126,#10127,#10128,#10129,#10130,#10131,#10132,#10133,#10134,
    #10135,#10136,#10137,#10138,#10139,#10140,#10141,#10142),
  .UNSPECIFIED.,.F.,.F.,(9,7,7,7,7,7,7,7,7,7,7,7,7,7,7,7,7,7,7,7,7,7,7,7
    ,7,7,7,7,7,7,7,7,9),(0.,2.900058367573E-02,5.800116735146E-02,
    8.700175102719E-02,0.116002334703,0.140002827513,0.169003411189,
    0.198003994865,0.22700457854,0.256005162216,0.282005692567,
    0.311006276243,0.340006859918,0.369007443594,0.39800802727,
    0.426008593631,0.455009177307,0.483009743668,0.510010292237,
    0.539010875913,0.568011459589,0.597012043264,0.625012609625,
    0.654013193301,0.682013759662,0.711014343338,0.740014927013,
    0.769015510689,0.798016094365,0.827016678041,0.856017261716,
    0.885017845392,1.),.UNSPECIFIED.);
#9917 = CARTESIAN_POINT('',(6.28318530718,4.262754869864));
#9918 = CARTESIAN_POINT('',(6.260408777894,4.262754869864));
#9919 = CARTESIAN_POINT('',(6.237632233648,4.262754869864));
#9920 = CARTESIAN_POINT('',(6.21485567943,4.262754869864));
#9921 = CARTESIAN_POINT('',(6.192079120225,4.262754869864));
#9922 = CARTESIAN_POINT('',(6.169302561021,4.262754869864));
#9923 = CARTESIAN_POINT('',(6.146526006803,4.262754869864));
#9924 = CARTESIAN_POINT('',(6.123749462557,4.262754869864));
#9925 = CARTESIAN_POINT('',(6.078196403985,4.262754869864));
#9926 = CARTESIAN_POINT('',(6.05541985974,4.262754869864));
#9927 = CARTESIAN_POINT('',(6.032643305522,4.262754869864));
#9928 = CARTESIAN_POINT('',(6.009866746317,4.262754869864));
#9929 = CARTESIAN_POINT('',(5.987090187113,4.262754869864));
#9930 = CARTESIAN_POINT('',(5.964313632894,4.262754869864));
#9931 = CARTESIAN_POINT('',(5.941537088649,4.262754869864));
#9932 = CARTESIAN_POINT('',(5.895984030077,4.262754869864));
#9933 = CARTESIAN_POINT('',(5.873207485832,4.262754869864));
#9934 = CARTESIAN_POINT('',(5.850430931614,4.262754869864));
#9935 = CARTESIAN_POINT('',(5.827654372409,4.262754869864));
#9936 = CARTESIAN_POINT('',(5.804877813204,4.262754869864));
#9937 = CARTESIAN_POINT('',(5.782101258986,4.262754869864));
#9938 = CARTESIAN_POINT('',(5.759324714741,4.262754869864));
#9939 = CARTESIAN_POINT('',(5.713771656169,4.262754869864));
#9940 = CARTESIAN_POINT('',(5.690995111924,4.262754869864));
#9941 = CARTESIAN_POINT('',(5.668218557706,4.262754869864));
#9942 = CARTESIAN_POINT('',(5.645441998501,4.262754869864));
#9943 = CARTESIAN_POINT('',(5.622665439296,4.262754869864));
#9944 = CARTESIAN_POINT('',(5.599888885078,4.262754869864));
#9945 = CARTESIAN_POINT('',(5.577112340833,4.262754869864));
#9946 = CARTESIAN_POINT('',(5.535486262397,4.262754869864));
#9947 = CARTESIAN_POINT('',(5.516636707443,4.262754869864));
#9948 = CARTESIAN_POINT('',(5.497787148619,4.262754869864));
#9949 = CARTESIAN_POINT('',(5.478937587861,4.262754869864));
#9950 = CARTESIAN_POINT('',(5.460088027102,4.262754869864));
#9951 = CARTESIAN_POINT('',(5.441238468279,4.262754869864));
#9952 = CARTESIAN_POINT('',(5.422388913324,4.262754869864));
#9953 = CARTESIAN_POINT('',(5.380762834889,4.262754869864));
#9954 = CARTESIAN_POINT('',(5.357986290643,4.262754869864));
#9955 = CARTESIAN_POINT('',(5.335209736425,4.262754869864));
#9956 = CARTESIAN_POINT('',(5.31243317722,4.262754869864));
#9957 = CARTESIAN_POINT('',(5.289656618016,4.262754869864));
#9958 = CARTESIAN_POINT('',(5.266880063798,4.262754869864));
#9959 = CARTESIAN_POINT('',(5.244103519552,4.262754869864));
#9960 = CARTESIAN_POINT('',(5.19855046098,4.262754869864));
#9961 = CARTESIAN_POINT('',(5.175773916735,4.262754869864));
#9962 = CARTESIAN_POINT('',(5.152997362517,4.262754869864));
#9963 = CARTESIAN_POINT('',(5.130220803312,4.262754869864));
#9964 = CARTESIAN_POINT('',(5.107444244108,4.262754869864));
#9965 = CARTESIAN_POINT('',(5.084667689889,4.262754869864));
#9966 = CARTESIAN_POINT('',(5.061891145644,4.262754869864));
#9967 = CARTESIAN_POINT('',(5.016338087072,4.262754869864));
#9968 = CARTESIAN_POINT('',(4.993561542827,4.262754869864));
#9969 = CARTESIAN_POINT('',(4.970784988609,4.262754869864));
#9970 = CARTESIAN_POINT('',(4.948008429404,4.262754869864));
#9971 = CARTESIAN_POINT('',(4.925231870199,4.262754869864));
#9972 = CARTESIAN_POINT('',(4.902455315981,4.262754869864));
#9973 = CARTESIAN_POINT('',(4.879678771736,4.262754869864));
#9974 = CARTESIAN_POINT('',(4.834125713164,4.262754869864));
#9975 = CARTESIAN_POINT('',(4.811349168919,4.262754869864));
#9976 = CARTESIAN_POINT('',(4.7885726147,4.262754869864));
#9977 = CARTESIAN_POINT('',(4.765796055496,4.262754869864));
#9978 = CARTESIAN_POINT('',(4.743019496291,4.262754869864));
#9979 = CARTESIAN_POINT('',(4.720242942073,4.262754869864));
#9980 = CARTESIAN_POINT('',(4.697466397828,4.262754869864));
#9981 = CARTESIAN_POINT('',(4.6542695264,4.262754869864));
#9982 = CARTESIAN_POINT('',(4.633849175595,4.262754869864));
#9983 = CARTESIAN_POINT('',(4.613428819015,4.262754869864));
#9984 = CARTESIAN_POINT('',(4.593008459548,4.262754869864));
#9985 = CARTESIAN_POINT('',(4.572588100081,4.262754869864));
#9986 = CARTESIAN_POINT('',(4.552167743502,4.262754869864));
#9987 = CARTESIAN_POINT('',(4.531747392697,4.262754869864));
#9988 = CARTESIAN_POINT('',(4.488550521269,4.262754869864));
#9989 = CARTESIAN_POINT('',(4.465773977024,4.262754869864));
#9990 = CARTESIAN_POINT('',(4.442997422806,4.262754869864));
#9991 = CARTESIAN_POINT('',(4.420220863601,4.262754869864));
#9992 = CARTESIAN_POINT('',(4.397444304396,4.262754869864));
#9993 = CARTESIAN_POINT('',(4.374667750178,4.262754869864));
#9994 = CARTESIAN_POINT('',(4.351891205933,4.262754869864));
#9995 = CARTESIAN_POINT('',(4.306338147361,4.262754869864));
#9996 = CARTESIAN_POINT('',(4.283561603116,4.262754869864));
#9997 = CARTESIAN_POINT('',(4.260785048897,4.262754869864));
#9998 = CARTESIAN_POINT('',(4.238008489693,4.262754869864));
#9999 = CARTESIAN_POINT('',(4.215231930488,4.262754869864));
#10000 = CARTESIAN_POINT('',(4.19245537627,4.262754869864));
#10001 = CARTESIAN_POINT('',(4.169678832025,4.262754869864));
#10002 = CARTESIAN_POINT('',(4.124125773453,4.262754869864));
#10003 = CARTESIAN_POINT('',(4.101349229207,4.262754869864));
#10004 = CARTESIAN_POINT('',(4.078572674989,4.262754869864));
#10005 = CARTESIAN_POINT('',(4.055796115785,4.262754869864));
#10006 = CARTESIAN_POINT('',(4.03301955658,4.262754869864));
#10007 = CARTESIAN_POINT('',(4.010243002362,4.262754869864));
#10008 = CARTESIAN_POINT('',(3.987466458116,4.262754869864));
#10009 = CARTESIAN_POINT('',(3.941913399544,4.262754869864));
#10010 = CARTESIAN_POINT('',(3.919136855299,4.262754869864));
#10011 = CARTESIAN_POINT('',(3.896360301081,4.262754869864));
#10012 = CARTESIAN_POINT('',(3.873583741876,4.262754869864));
#10013 = CARTESIAN_POINT('',(3.850807182672,4.262754869864));
#10014 = CARTESIAN_POINT('',(3.828030628454,4.262754869864));
#10015 = CARTESIAN_POINT('',(3.805254084208,4.262754869864));
#10016 = CARTESIAN_POINT('',(3.760486420989,4.262754869864));
#10017 = CARTESIAN_POINT('',(3.738495274506,4.262754869864));
#10018 = CARTESIAN_POINT('',(3.716504119656,4.262754869864));
#10019 = CARTESIAN_POINT('',(3.694512960622,4.262754869864));
#10020 = CARTESIAN_POINT('',(3.672521801588,4.262754869864));
#10021 = CARTESIAN_POINT('',(3.650530646738,4.262754869864));
#10022 = CARTESIAN_POINT('',(3.628539500254,4.262754869864));
#10023 = CARTESIAN_POINT('',(3.583771837035,4.262754869864));
#10024 = CARTESIAN_POINT('',(3.56099529279,4.262754869864));
#10025 = CARTESIAN_POINT('',(3.538218738572,4.262754869864));
#10026 = CARTESIAN_POINT('',(3.515442179367,4.262754869864));
#10027 = CARTESIAN_POINT('',(3.492665620162,4.262754869864));
#10028 = CARTESIAN_POINT('',(3.469889065944,4.262754869864));
#10029 = CARTESIAN_POINT('',(3.447112521699,4.262754869864));
#10030 = CARTESIAN_POINT('',(3.40234485848,4.262754869864));
#10031 = CARTESIAN_POINT('',(3.380353711997,4.262754869864));
#10032 = CARTESIAN_POINT('',(3.358362557146,4.262754869864));
#10033 = CARTESIAN_POINT('',(3.336371398112,4.262754869864));
#10034 = CARTESIAN_POINT('',(3.314380239079,4.262754869864));
#10035 = CARTESIAN_POINT('',(3.292389084228,4.262754869864));
#10036 = CARTESIAN_POINT('',(3.270397937745,4.262754869864));
#10037 = CARTESIAN_POINT('',(3.227201065607,4.262754869864));
#10038 = CARTESIAN_POINT('',(3.205995316939,4.262754869864));
#10039 = CARTESIAN_POINT('',(3.184789561296,4.262754869864));
#10040 = CARTESIAN_POINT('',(3.163583802165,4.262754869864));
#10041 = CARTESIAN_POINT('',(3.142378043035,4.262754869864));
#10042 = CARTESIAN_POINT('',(3.121172287392,4.262754869864));
#10043 = CARTESIAN_POINT('',(3.099966538724,4.262754869864));
#10044 = CARTESIAN_POINT('',(3.055984271232,4.262754869864));
#10045 = CARTESIAN_POINT('',(3.033207726987,4.262754869864));
#10046 = CARTESIAN_POINT('',(3.010431172769,4.262754869864));
#10047 = CARTESIAN_POINT('',(2.987654613564,4.262754869864));
#10048 = CARTESIAN_POINT('',(2.964878054359,4.262754869864));
#10049 = CARTESIAN_POINT('',(2.942101500141,4.262754869864));
#10050 = CARTESIAN_POINT('',(2.919324955896,4.262754869864));
#10051 = CARTESIAN_POINT('',(2.873771897324,4.262754869864));
#10052 = CARTESIAN_POINT('',(2.850995353079,4.262754869864));
#10053 = CARTESIAN_POINT('',(2.82821879886,4.262754869864));
#10054 = CARTESIAN_POINT('',(2.805442239656,4.262754869864));
#10055 = CARTESIAN_POINT('',(2.782665680451,4.262754869864));
#10056 = CARTESIAN_POINT('',(2.759889126233,4.262754869864));
#10057 = CARTESIAN_POINT('',(2.737112581988,4.262754869864));
#10058 = CARTESIAN_POINT('',(2.691559523416,4.262754869864));
#10059 = CARTESIAN_POINT('',(2.66878297917,4.262754869864));
#10060 = CARTESIAN_POINT('',(2.646006424952,4.262754869864));
#10061 = CARTESIAN_POINT('',(2.623229865748,4.262754869864));
#10062 = CARTESIAN_POINT('',(2.600453306543,4.262754869864));
#10063 = CARTESIAN_POINT('',(2.577676752325,4.262754869864));
#10064 = CARTESIAN_POINT('',(2.554900208079,4.262754869864));
#10065 = CARTESIAN_POINT('',(2.510132544861,4.262754869864));
#10066 = CARTESIAN_POINT('',(2.488141398377,4.262754869864));
#10067 = CARTESIAN_POINT('',(2.466150243527,4.262754869864));
#10068 = CARTESIAN_POINT('',(2.444159084493,4.262754869864));
#10069 = CARTESIAN_POINT('',(2.422167925459,4.262754869864));
#10070 = CARTESIAN_POINT('',(2.400176770609,4.262754869864));
#10071 = CARTESIAN_POINT('',(2.378185624125,4.262754869864));
#10072 = CARTESIAN_POINT('',(2.333417960906,4.262754869864));
#10073 = CARTESIAN_POINT('',(2.310641416661,4.262754869864));
#10074 = CARTESIAN_POINT('',(2.287864862443,4.262754869864));
#10075 = CARTESIAN_POINT('',(2.265088303238,4.262754869864));
#10076 = CARTESIAN_POINT('',(2.242311744034,4.262754869864));
#10077 = CARTESIAN_POINT('',(2.219535189816,4.262754869864));
#10078 = CARTESIAN_POINT('',(2.19675864557,4.262754869864));
#10079 = CARTESIAN_POINT('',(2.151990982351,4.262754869864));
#10080 = CARTESIAN_POINT('',(2.129999835868,4.262754869864));
#10081 = CARTESIAN_POINT('',(2.108008681018,4.262754869864));
#10082 = CARTESIAN_POINT('',(2.086017521984,4.262754869864));
#10083 = CARTESIAN_POINT('',(2.06402636295,4.262754869864));
#10084 = CARTESIAN_POINT('',(2.0420352081,4.262754869864));
#10085 = CARTESIAN_POINT('',(2.020044061616,4.262754869864));
#10086 = CARTESIAN_POINT('',(1.975276398397,4.262754869864));
#10087 = CARTESIAN_POINT('',(1.952499854152,4.262754869864));
#10088 = CARTESIAN_POINT('',(1.929723299934,4.262754869864));
#10089 = CARTESIAN_POINT('',(1.906946740729,4.262754869864));
#10090 = CARTESIAN_POINT('',(1.884170181524,4.262754869864));
#10091 = CARTESIAN_POINT('',(1.861393627306,4.262754869864));
#10092 = CARTESIAN_POINT('',(1.838617083061,4.262754869864));
#10093 = CARTESIAN_POINT('',(1.793064024489,4.262754869864));
#10094 = CARTESIAN_POINT('',(1.770287480244,4.262754869864));
#10095 = CARTESIAN_POINT('',(1.747510926026,4.262754869864));
#10096 = CARTESIAN_POINT('',(1.724734366821,4.262754869864));
#10097 = CARTESIAN_POINT('',(1.701957807616,4.262754869864));
#10098 = CARTESIAN_POINT('',(1.679181253398,4.262754869864));
#10099 = CARTESIAN_POINT('',(1.656404709153,4.262754869864));
#10100 = CARTESIAN_POINT('',(1.610851650581,4.262754869864));
#10101 = CARTESIAN_POINT('',(1.588075106336,4.262754869864));
#10102 = CARTESIAN_POINT('',(1.565298552117,4.262754869864));
#10103 = CARTESIAN_POINT('',(1.542521992913,4.262754869864));
#10104 = CARTESIAN_POINT('',(1.519745433708,4.262754869864));
#10105 = CARTESIAN_POINT('',(1.49696887949,4.262754869864));
#10106 = CARTESIAN_POINT('',(1.474192335245,4.262754869864));
#10107 = CARTESIAN_POINT('',(1.428639276673,4.262754869864));
#10108 = CARTESIAN_POINT('',(1.405862732427,4.262754869864));
#10109 = CARTESIAN_POINT('',(1.383086178209,4.262754869864));
#10110 = CARTESIAN_POINT('',(1.360309619004,4.262754869864));
#10111 = CARTESIAN_POINT('',(1.3375330598,4.262754869864));
#10112 = CARTESIAN_POINT('',(1.314756505582,4.262754869864));
#10113 = CARTESIAN_POINT('',(1.291979961336,4.262754869864));
#10114 = CARTESIAN_POINT('',(1.246426902764,4.262754869864));
#10115 = CARTESIAN_POINT('',(1.223650358519,4.262754869864));
#10116 = CARTESIAN_POINT('',(1.200873804301,4.262754869864));
#10117 = CARTESIAN_POINT('',(1.178097245096,4.262754869864));
#10118 = CARTESIAN_POINT('',(1.155320685892,4.262754869864));
#10119 = CARTESIAN_POINT('',(1.132544131673,4.262754869864));
#10120 = CARTESIAN_POINT('',(1.109767587428,4.262754869864));
#10121 = CARTESIAN_POINT('',(1.064214528856,4.262754869864));
#10122 = CARTESIAN_POINT('',(1.041437984611,4.262754869864));
#10123 = CARTESIAN_POINT('',(1.018661430393,4.262754869864));
#10124 = CARTESIAN_POINT('',(0.995884871188,4.262754869864));
#10125 = CARTESIAN_POINT('',(0.973108311983,4.262754869864));
#10126 = CARTESIAN_POINT('',(0.950331757765,4.262754869864));
#10127 = CARTESIAN_POINT('',(0.92755521352,4.262754869864));
#10128 = CARTESIAN_POINT('',(0.882002154948,4.262754869864));
#10129 = CARTESIAN_POINT('',(0.859225610703,4.262754869864));
#10130 = CARTESIAN_POINT('',(0.836449056485,4.262754869864));
#10131 = CARTESIAN_POINT('',(0.81367249728,4.262754869864));
#10132 = CARTESIAN_POINT('',(0.790895938075,4.262754869864));
#10133 = CARTESIAN_POINT('',(0.768119383857,4.262754869864));
#10134 = CARTESIAN_POINT('',(0.745342839612,4.262754869864));
#10135 = CARTESIAN_POINT('',(0.632261424015,4.262754869864));
#10136 = CARTESIAN_POINT('',(0.541914349591,4.262754869864));
#10137 = CARTESIAN_POINT('',(0.451589927556,4.262754869864));
#10138 = CARTESIAN_POINT('',(0.361283155166,4.262754869864));
#10139 = CARTESIAN_POINT('',(0.270976382765,4.262754869864));
#10140 = CARTESIAN_POINT('',(0.180651960737,4.262754869864));
#10141 = CARTESIAN_POINT('',(9.030488631076E-02,4.262754869864));
#10142 = CARTESIAN_POINT('',(0.,4.262754869864));
#10143 = ( GEOMETRIC_REPRESENTATION_CONTEXT(2) 
PARAMETRIC_REPRESENTATION_CONTEXT() REPRESENTATION_CONTEXT('2D SPACE',''
  ) );
#10144 = PCURVE('',#10145,#10154);
#10145 = SURFACE_OF_REVOLUTION('',#10146,#10151);
#10146 = ELLIPSE('',#10147,206.905,103.14);
#10147 = AXIS2_PLACEMENT_3D('',#10148,#10149,#10150);
#10148 = CARTESIAN_POINT('',(0.,0.,0.));
#10149 = DIRECTION('',(0.,-1.,0.));
#10150 = DIRECTION('',(1.,0.,0.));
#10151 = AXIS1_PLACEMENT('',#10152,#10153);
#10152 = CARTESIAN_POINT('',(0.,0.,0.));
#10153 = DIRECTION('',(0.,0.,1.));
#10154 = DEFINITIONAL_REPRESENTATION('',(#10155),#10382);
#10155 = B_SPLINE_CURVE_WITH_KNOTS('',8,(#10156,#10157,#10158,#10159,
    #10160,#10161,#10162,#10163,#10164,#10165,#10166,#10167,#10168,
    #10169,#10170,#10171,#10172,#10173,#10174,#10175,#10176,#10177,
    #10178,#10179,#10180,#10181,#10182,#10183,#10184,#10185,#10186,
    #10187,#10188,#10189,#10190,#10191,#10192,#10193,#10194,#10195,
    #10196,#10197,#10198,#10199,#10200,#10201,#10202,#10203,#10204,
    #10205,#10206,#10207,#10208,#10209,#10210,#10211,#10212,#10213,
    #10214,#10215,#10216,#10217,#10218,#10219,#10220,#10221,#10222,
    #10223,#10224,#10225,#10226,#10227,#10228,#10229,#10230,#10231,
    #10232,#10233,#10234,#10235,#10236,#10237,#10238,#10239,#10240,
    #10241,#10242,#10243,#10244,#10245,#10246,#10247,#10248,#10249,
    #10250,#10251,#10252,#10253,#10254,#10255,#10256,#10257,#10258,
    #10259,#10260,#10261,#10262,#10263,#10264,#10265,#10266,#10267,
    #10268,#10269,#10270,#10271,#10272,#10273,#10274,#10275,#10276,
    #10277,#10278,#10279,#10280,#10281,#10282,#10283,#10284,#10285,
    #10286,#10287,#10288,#10289,#10290,#10291,#10292,#10293,#10294,
    #10295,#10296,#10297,#10298,#10299,#10300,#10301,#10302,#10303,
    #10304,#10305,#10306,#10307,#10308,#10309,#10310,#10311,#10312,
    #10313,#10314,#10315,#10316,#10317,#10318,#10319,#10320,#10321,
    #10322,#10323,#10324,#10325,#10326,#10327,#10328,#10329,#10330,
    #10331,#10332,#10333,#10334,#10335,#10336,#10337,#10338,#10339,
    #10340,#10341,#10342,#10343,#10344,#10345,#10346,#10347,#10348,
    #10349,#10350,#10351,#10352,#10353,#10354,#10355,#10356,#10357,
    #10358,#10359,#10360,#10361,#10362,#10363,#10364,#10365,#10366,
    #10367,#10368,#10369,#10370,#10371,#10372,#10373,#10374,#10375,
    #10376,#10377,#10378,#10379,#10380,#10381),.UNSPECIFIED.,.F.,.F.,(9,
    7,7,7,7,7,7,7,7,7,7,7,7,7,7,7,7,7,7,7,7,7,7,7,7,7,7,7,7,7,7,7,9),(0.
    ,2.900058367573E-02,5.800116735146E-02,8.700175102719E-02,
    0.116002334703,0.140002827513,0.169003411189,0.198003994865,
    0.22700457854,0.256005162216,0.282005692567,0.311006276243,
    0.340006859918,0.369007443594,0.39800802727,0.426008593631,
    0.455009177307,0.483009743668,0.510010292237,0.539010875913,
    0.568011459589,0.597012043264,0.625012609625,0.654013193301,
    0.682013759662,0.711014343338,0.740014927013,0.769015510689,
    0.798016094365,0.827016678041,0.856017261716,0.885017845392,1.),
  .UNSPECIFIED.);
#10156 = CARTESIAN_POINT('',(6.28318530718,4.928662278815));
#10157 = CARTESIAN_POINT('',(6.260408777894,4.928662278815));
#10158 = CARTESIAN_POINT('',(6.237632233648,4.928662278815));
#10159 = CARTESIAN_POINT('',(6.21485567943,4.928662278815));
#10160 = CARTESIAN_POINT('',(6.192079120225,4.928662278815));
#10161 = CARTESIAN_POINT('',(6.169302561021,4.928662278815));
#10162 = CARTESIAN_POINT('',(6.146526006803,4.928662278815));
#10163 = CARTESIAN_POINT('',(6.123749462557,4.928662278815));
#10164 = CARTESIAN_POINT('',(6.078196403985,4.928662278815));
#10165 = CARTESIAN_POINT('',(6.05541985974,4.928662278815));
#10166 = CARTESIAN_POINT('',(6.032643305522,4.928662278815));
#10167 = CARTESIAN_POINT('',(6.009866746317,4.928662278815));
#10168 = CARTESIAN_POINT('',(5.987090187113,4.928662278815));
#10169 = CARTESIAN_POINT('',(5.964313632894,4.928662278815));
#10170 = CARTESIAN_POINT('',(5.941537088649,4.928662278815));
#10171 = CARTESIAN_POINT('',(5.895984030077,4.928662278815));
#10172 = CARTESIAN_POINT('',(5.873207485832,4.928662278815));
#10173 = CARTESIAN_POINT('',(5.850430931614,4.928662278815));
#10174 = CARTESIAN_POINT('',(5.827654372409,4.928662278815));
#10175 = CARTESIAN_POINT('',(5.804877813204,4.928662278815));
#10176 = CARTESIAN_POINT('',(5.782101258986,4.928662278815));
#10177 = CARTESIAN_POINT('',(5.759324714741,4.928662278815));
#10178 = CARTESIAN_POINT('',(5.713771656169,4.928662278815));
#10179 = CARTESIAN_POINT('',(5.690995111924,4.928662278815));
#10180 = CARTESIAN_POINT('',(5.668218557706,4.928662278815));
#10181 = CARTESIAN_POINT('',(5.645441998501,4.928662278815));
#10182 = CARTESIAN_POINT('',(5.622665439296,4.928662278815));
#10183 = CARTESIAN_POINT('',(5.599888885078,4.928662278815));
#10184 = CARTESIAN_POINT('',(5.577112340833,4.928662278815));
#10185 = CARTESIAN_POINT('',(5.535486262397,4.928662278815));
#10186 = CARTESIAN_POINT('',(5.516636707443,4.928662278815));
#10187 = CARTESIAN_POINT('',(5.497787148619,4.928662278815));
#10188 = CARTESIAN_POINT('',(5.478937587861,4.928662278815));
#10189 = CARTESIAN_POINT('',(5.460088027102,4.928662278815));
#10190 = CARTESIAN_POINT('',(5.441238468279,4.928662278815));
#10191 = CARTESIAN_POINT('',(5.422388913324,4.928662278815));
#10192 = CARTESIAN_POINT('',(5.380762834889,4.928662278815));
#10193 = CARTESIAN_POINT('',(5.357986290643,4.928662278815));
#10194 = CARTESIAN_POINT('',(5.335209736425,4.928662278815));
#10195 = CARTESIAN_POINT('',(5.31243317722,4.928662278815));
#10196 = CARTESIAN_POINT('',(5.289656618016,4.928662278815));
#10197 = CARTESIAN_POINT('',(5.266880063798,4.928662278815));
#10198 = CARTESIAN_POINT('',(5.244103519552,4.928662278815));
#10199 = CARTESIAN_POINT('',(5.19855046098,4.928662278815));
#10200 = CARTESIAN_POINT('',(5.175773916735,4.928662278815));
#10201 = CARTESIAN_POINT('',(5.152997362517,4.928662278815));
#10202 = CARTESIAN_POINT('',(5.130220803312,4.928662278815));
#10203 = CARTESIAN_POINT('',(5.107444244108,4.928662278815));
#10204 = CARTESIAN_POINT('',(5.084667689889,4.928662278815));
#10205 = CARTESIAN_POINT('',(5.061891145644,4.928662278815));
#10206 = CARTESIAN_POINT('',(5.016338087072,4.928662278815));
#10207 = CARTESIAN_POINT('',(4.993561542827,4.928662278815));
#10208 = CARTESIAN_POINT('',(4.970784988609,4.928662278815));
#10209 = CARTESIAN_POINT('',(4.948008429404,4.928662278815));
#10210 = CARTESIAN_POINT('',(4.925231870199,4.928662278815));
#10211 = CARTESIAN_POINT('',(4.902455315981,4.928662278815));
#10212 = CARTESIAN_POINT('',(4.879678771736,4.928662278815));
#10213 = CARTESIAN_POINT('',(4.834125713164,4.928662278815));
#10214 = CARTESIAN_POINT('',(4.811349168919,4.928662278815));
#10215 = CARTESIAN_POINT('',(4.7885726147,4.928662278815));
#10216 = CARTESIAN_POINT('',(4.765796055496,4.928662278815));
#10217 = CARTESIAN_POINT('',(4.743019496291,4.928662278815));
#10218 = CARTESIAN_POINT('',(4.720242942073,4.928662278815));
#10219 = CARTESIAN_POINT('',(4.697466397828,4.928662278815));
#10220 = CARTESIAN_POINT('',(4.6542695264,4.928662278815));
#10221 = CARTESIAN_POINT('',(4.633849175595,4.928662278815));
#10222 = CARTESIAN_POINT('',(4.613428819015,4.928662278815));
#10223 = CARTESIAN_POINT('',(4.593008459548,4.928662278815));
#10224 = CARTESIAN_POINT('',(4.572588100081,4.928662278815));
#10225 = CARTESIAN_POINT('',(4.552167743502,4.928662278815));
#10226 = CARTESIAN_POINT('',(4.531747392697,4.928662278815));
#10227 = CARTESIAN_POINT('',(4.488550521269,4.928662278815));
#10228 = CARTESIAN_POINT('',(4.465773977024,4.928662278815));
#10229 = CARTESIAN_POINT('',(4.442997422806,4.928662278815));
#10230 = CARTESIAN_POINT('',(4.420220863601,4.928662278815));
#10231 = CARTESIAN_POINT('',(4.397444304396,4.928662278815));
#10232 = CARTESIAN_POINT('',(4.374667750178,4.928662278815));
#10233 = CARTESIAN_POINT('',(4.351891205933,4.928662278815));
#10234 = CARTESIAN_POINT('',(4.306338147361,4.928662278815));
#10235 = CARTESIAN_POINT('',(4.283561603116,4.928662278815));
#10236 = CARTESIAN_POINT('',(4.260785048897,4.928662278815));
#10237 = CARTESIAN_POINT('',(4.238008489693,4.928662278815));
#10238 = CARTESIAN_POINT('',(4.215231930488,4.928662278815));
#10239 = CARTESIAN_POINT('',(4.19245537627,4.928662278815));
#10240 = CARTESIAN_POINT('',(4.169678832025,4.928662278815));
#10241 = CARTESIAN_POINT('',(4.124125773453,4.928662278815));
#10242 = CARTESIAN_POINT('',(4.101349229207,4.928662278815));
#10243 = CARTESIAN_POINT('',(4.078572674989,4.928662278815));
#10244 = CARTESIAN_POINT('',(4.055796115785,4.928662278815));
#10245 = CARTESIAN_POINT('',(4.03301955658,4.928662278815));
#10246 = CARTESIAN_POINT('',(4.010243002362,4.928662278815));
#10247 = CARTESIAN_POINT('',(3.987466458116,4.928662278815));
#10248 = CARTESIAN_POINT('',(3.941913399544,4.928662278815));
#10249 = CARTESIAN_POINT('',(3.919136855299,4.928662278815));
#10250 = CARTESIAN_POINT('',(3.896360301081,4.928662278815));
#10251 = CARTESIAN_POINT('',(3.873583741876,4.928662278815));
#10252 = CARTESIAN_POINT('',(3.850807182672,4.928662278815));
#10253 = CARTESIAN_POINT('',(3.828030628454,4.928662278815));
#10254 = CARTESIAN_POINT('',(3.805254084208,4.928662278815));
#10255 = CARTESIAN_POINT('',(3.760486420989,4.928662278815));
#10256 = CARTESIAN_POINT('',(3.738495274506,4.928662278815));
#10257 = CARTESIAN_POINT('',(3.716504119656,4.928662278815));
#10258 = CARTESIAN_POINT('',(3.694512960622,4.928662278815));
#10259 = CARTESIAN_POINT('',(3.672521801588,4.928662278815));
#10260 = CARTESIAN_POINT('',(3.650530646738,4.928662278815));
#10261 = CARTESIAN_POINT('',(3.628539500254,4.928662278815));
#10262 = CARTESIAN_POINT('',(3.583771837035,4.928662278815));
#10263 = CARTESIAN_POINT('',(3.56099529279,4.928662278815));
#10264 = CARTESIAN_POINT('',(3.538218738572,4.928662278815));
#10265 = CARTESIAN_POINT('',(3.515442179367,4.928662278815));
#10266 = CARTESIAN_POINT('',(3.492665620162,4.928662278815));
#10267 = CARTESIAN_POINT('',(3.469889065944,4.928662278815));
#10268 = CARTESIAN_POINT('',(3.447112521699,4.928662278815));
#10269 = CARTESIAN_POINT('',(3.40234485848,4.928662278815));
#10270 = CARTESIAN_POINT('',(3.380353711997,4.928662278815));
#10271 = CARTESIAN_POINT('',(3.358362557146,4.928662278815));
#10272 = CARTESIAN_POINT('',(3.336371398112,4.928662278815));
#10273 = CARTESIAN_POINT('',(3.314380239079,4.928662278815));
#10274 = CARTESIAN_POINT('',(3.292389084228,4.928662278815));
#10275 = CARTESIAN_POINT('',(3.270397937745,4.928662278815));
#10276 = CARTESIAN_POINT('',(3.227201065607,4.928662278815));
#10277 = CARTESIAN_POINT('',(3.205995316939,4.928662278815));
#10278 = CARTESIAN_POINT('',(3.184789561296,4.928662278815));
#10279 = CARTESIAN_POINT('',(3.163583802165,4.928662278815));
#10280 = CARTESIAN_POINT('',(3.142378043035,4.928662278815));
#10281 = CARTESIAN_POINT('',(3.121172287392,4.928662278815));
#10282 = CARTESIAN_POINT('',(3.099966538724,4.928662278815));
#10283 = CARTESIAN_POINT('',(3.055984271232,4.928662278815));
#10284 = CARTESIAN_POINT('',(3.033207726987,4.928662278815));
#10285 = CARTESIAN_POINT('',(3.010431172769,4.928662278815));
#10286 = CARTESIAN_POINT('',(2.987654613564,4.928662278815));
#10287 = CARTESIAN_POINT('',(2.964878054359,4.928662278815));
#10288 = CARTESIAN_POINT('',(2.942101500141,4.928662278815));
#10289 = CARTESIAN_POINT('',(2.919324955896,4.928662278815));
#10290 = CARTESIAN_POINT('',(2.873771897324,4.928662278815));
#10291 = CARTESIAN_POINT('',(2.850995353079,4.928662278815));
#10292 = CARTESIAN_POINT('',(2.82821879886,4.928662278815));
#10293 = CARTESIAN_POINT('',(2.805442239656,4.928662278815));
#10294 = CARTESIAN_POINT('',(2.782665680451,4.928662278815));
#10295 = CARTESIAN_POINT('',(2.759889126233,4.928662278815));
#10296 = CARTESIAN_POINT('',(2.737112581988,4.928662278815));
#10297 = CARTESIAN_POINT('',(2.691559523416,4.928662278815));
#10298 = CARTESIAN_POINT('',(2.66878297917,4.928662278815));
#10299 = CARTESIAN_POINT('',(2.646006424952,4.928662278815));
#10300 = CARTESIAN_POINT('',(2.623229865748,4.928662278815));
#10301 = CARTESIAN_POINT('',(2.600453306543,4.928662278815));
#10302 = CARTESIAN_POINT('',(2.577676752325,4.928662278815));
#10303 = CARTESIAN_POINT('',(2.554900208079,4.928662278815));
#10304 = CARTESIAN_POINT('',(2.510132544861,4.928662278815));
#10305 = CARTESIAN_POINT('',(2.488141398377,4.928662278815));
#10306 = CARTESIAN_POINT('',(2.466150243527,4.928662278815));
#10307 = CARTESIAN_POINT('',(2.444159084493,4.928662278815));
#10308 = CARTESIAN_POINT('',(2.422167925459,4.928662278815));
#10309 = CARTESIAN_POINT('',(2.400176770609,4.928662278815));
#10310 = CARTESIAN_POINT('',(2.378185624125,4.928662278815));
#10311 = CARTESIAN_POINT('',(2.333417960906,4.928662278815));
#10312 = CARTESIAN_POINT('',(2.310641416661,4.928662278815));
#10313 = CARTESIAN_POINT('',(2.287864862443,4.928662278815));
#10314 = CARTESIAN_POINT('',(2.265088303238,4.928662278815));
#10315 = CARTESIAN_POINT('',(2.242311744034,4.928662278815));
#10316 = CARTESIAN_POINT('',(2.219535189816,4.928662278815));
#10317 = CARTESIAN_POINT('',(2.19675864557,4.928662278815));
#10318 = CARTESIAN_POINT('',(2.151990982351,4.928662278815));
#10319 = CARTESIAN_POINT('',(2.129999835868,4.928662278815));
#10320 = CARTESIAN_POINT('',(2.108008681018,4.928662278815));
#10321 = CARTESIAN_POINT('',(2.086017521984,4.928662278815));
#10322 = CARTESIAN_POINT('',(2.06402636295,4.928662278815));
#10323 = CARTESIAN_POINT('',(2.0420352081,4.928662278815));
#10324 = CARTESIAN_POINT('',(2.020044061616,4.928662278815));
#10325 = CARTESIAN_POINT('',(1.975276398397,4.928662278815));
#10326 = CARTESIAN_POINT('',(1.952499854152,4.928662278815));
#10327 = CARTESIAN_POINT('',(1.929723299934,4.928662278815));
#10328 = CARTESIAN_POINT('',(1.906946740729,4.928662278815));
#10329 = CARTESIAN_POINT('',(1.884170181524,4.928662278815));
#10330 = CARTESIAN_POINT('',(1.861393627306,4.928662278815));
#10331 = CARTESIAN_POINT('',(1.838617083061,4.928662278815));
#10332 = CARTESIAN_POINT('',(1.793064024489,4.928662278815));
#10333 = CARTESIAN_POINT('',(1.770287480244,4.928662278815));
#10334 = CARTESIAN_POINT('',(1.747510926026,4.928662278815));
#10335 = CARTESIAN_POINT('',(1.724734366821,4.928662278815));
#10336 = CARTESIAN_POINT('',(1.701957807616,4.928662278815));
#10337 = CARTESIAN_POINT('',(1.679181253398,4.928662278815));
#10338 = CARTESIAN_POINT('',(1.656404709153,4.928662278815));
#10339 = CARTESIAN_POINT('',(1.610851650581,4.928662278815));
#10340 = CARTESIAN_POINT('',(1.588075106336,4.928662278815));
#10341 = CARTESIAN_POINT('',(1.565298552117,4.928662278815));
#10342 = CARTESIAN_POINT('',(1.542521992913,4.928662278815));
#10343 = CARTESIAN_POINT('',(1.519745433708,4.928662278815));
#10344 = CARTESIAN_POINT('',(1.49696887949,4.928662278815));
#10345 = CARTESIAN_POINT('',(1.474192335245,4.928662278815));
#10346 = CARTESIAN_POINT('',(1.428639276673,4.928662278815));
#10347 = CARTESIAN_POINT('',(1.405862732427,4.928662278815));
#10348 = CARTESIAN_POINT('',(1.383086178209,4.928662278815));
#10349 = CARTESIAN_POINT('',(1.360309619004,4.928662278815));
#10350 = CARTESIAN_POINT('',(1.3375330598,4.928662278815));
#10351 = CARTESIAN_POINT('',(1.314756505582,4.928662278815));
#10352 = CARTESIAN_POINT('',(1.291979961336,4.928662278815));
#10353 = CARTESIAN_POINT('',(1.246426902764,4.928662278815));
#10354 = CARTESIAN_POINT('',(1.223650358519,4.928662278815));
#10355 = CARTESIAN_POINT('',(1.200873804301,4.928662278815));
#10356 = CARTESIAN_POINT('',(1.178097245096,4.928662278815));
#10357 = CARTESIAN_POINT('',(1.155320685892,4.928662278815));
#10358 = CARTESIAN_POINT('',(1.132544131673,4.928662278815));
#10359 = CARTESIAN_POINT('',(1.109767587428,4.928662278815));
#10360 = CARTESIAN_POINT('',(1.064214528856,4.928662278815));
#10361 = CARTESIAN_POINT('',(1.041437984611,4.928662278815));
#10362 = CARTESIAN_POINT('',(1.018661430393,4.928662278815));
#10363 = CARTESIAN_POINT('',(0.995884871188,4.928662278815));
#10364 = CARTESIAN_POINT('',(0.973108311983,4.928662278815));
#10365 = CARTESIAN_POINT('',(0.950331757765,4.928662278815));
#10366 = CARTESIAN_POINT('',(0.92755521352,4.928662278815));
#10367 = CARTESIAN_POINT('',(0.882002154948,4.928662278815));
#10368 = CARTESIAN_POINT('',(0.859225610703,4.928662278815));
#10369 = CARTESIAN_POINT('',(0.836449056485,4.928662278815));
#10370 = CARTESIAN_POINT('',(0.81367249728,4.928662278815));
#10371 = CARTESIAN_POINT('',(0.790895938075,4.928662278815));
#10372 = CARTESIAN_POINT('',(0.768119383857,4.928662278815));
#10373 = CARTESIAN_POINT('',(0.745342839612,4.928662278815));
#10374 = CARTESIAN_POINT('',(0.632261424015,4.928662278815));
#10375 = CARTESIAN_POINT('',(0.541914349591,4.928662278815));
#10376 = CARTESIAN_POINT('',(0.451589927556,4.928662278815));
#10377 = CARTESIAN_POINT('',(0.361283155166,4.928662278815));
#10378 = CARTESIAN_POINT('',(0.270976382765,4.928662278815));
#10379 = CARTESIAN_POINT('',(0.180651960737,4.928662278815));
#10380 = CARTESIAN_POINT('',(9.030488631076E-02,4.928662278815));
#10381 = CARTESIAN_POINT('',(0.,4.928662278815));
#10382 = ( GEOMETRIC_REPRESENTATION_CONTEXT(2) 
PARAMETRIC_REPRESENTATION_CONTEXT() REPRESENTATION_CONTEXT('2D SPACE',''
  ) );
#10383 = ORIENTED_EDGE('',*,*,#10384,.T.);
#10384 = EDGE_CURVE('',#9684,#7267,#10385,.T.);
#10385 = SEAM_CURVE('',#10386,(#10390,#10397),.PCURVE_S1.);
#10386 = LINE('',#10387,#10388);
#10387 = CARTESIAN_POINT('',(44.4,-1.087486357643E-14,-105.));
#10388 = VECTOR('',#10389,1.);
#10389 = DIRECTION('',(0.,0.,1.));
#10390 = PCURVE('',#7283,#10391);
#10391 = DEFINITIONAL_REPRESENTATION('',(#10392),#10396);
#10392 = LINE('',#10393,#10394);
#10393 = CARTESIAN_POINT('',(0.,-0.));
#10394 = VECTOR('',#10395,1.);
#10395 = DIRECTION('',(0.,1.));
#10396 = ( GEOMETRIC_REPRESENTATION_CONTEXT(2) 
PARAMETRIC_REPRESENTATION_CONTEXT() REPRESENTATION_CONTEXT('2D SPACE',''
  ) );
#10397 = PCURVE('',#7283,#10398);
#10398 = DEFINITIONAL_REPRESENTATION('',(#10399),#10403);
#10399 = LINE('',#10400,#10401);
#10400 = CARTESIAN_POINT('',(6.28318530718,-0.));
#10401 = VECTOR('',#10402,1.);
#10402 = DIRECTION('',(0.,1.));
#10403 = ( GEOMETRIC_REPRESENTATION_CONTEXT(2) 
PARAMETRIC_REPRESENTATION_CONTEXT() REPRESENTATION_CONTEXT('2D SPACE',''
  ) );
#10404 = ORIENTED_EDGE('',*,*,#7264,.F.);
#10405 = ORIENTED_EDGE('',*,*,#8155,.F.);
#10406 = ORIENTED_EDGE('',*,*,#8225,.F.);
#10407 = ORIENTED_EDGE('',*,*,#8321,.T.);
#10408 = ORIENTED_EDGE('',*,*,#8044,.F.);
#10409 = ORIENTED_EDGE('',*,*,#8346,.F.);
#10410 = ORIENTED_EDGE('',*,*,#8416,.F.);
#10411 = ORIENTED_EDGE('',*,*,#8512,.T.);
#10412 = ORIENTED_EDGE('',*,*,#7937,.F.);
#10413 = ORIENTED_EDGE('',*,*,#8537,.F.);
#10414 = ORIENTED_EDGE('',*,*,#8607,.F.);
#10415 = ORIENTED_EDGE('',*,*,#8703,.T.);
#10416 = ORIENTED_EDGE('',*,*,#7830,.F.);
#10417 = ORIENTED_EDGE('',*,*,#8728,.F.);
#10418 = ORIENTED_EDGE('',*,*,#8798,.F.);
#10419 = ORIENTED_EDGE('',*,*,#8894,.T.);
#10420 = ORIENTED_EDGE('',*,*,#7723,.F.);
#10421 = ORIENTED_EDGE('',*,*,#8919,.F.);
#10422 = ORIENTED_EDGE('',*,*,#8989,.F.);
#10423 = ORIENTED_EDGE('',*,*,#9085,.T.);
#10424 = ORIENTED_EDGE('',*,*,#7616,.F.);
#10425 = ORIENTED_EDGE('',*,*,#9110,.F.);
#10426 = ORIENTED_EDGE('',*,*,#9180,.F.);
#10427 = ORIENTED_EDGE('',*,*,#9276,.T.);
#10428 = ORIENTED_EDGE('',*,*,#7509,.F.);
#10429 = ORIENTED_EDGE('',*,*,#9301,.F.);
#10430 = ORIENTED_EDGE('',*,*,#9371,.F.);
#10431 = ORIENTED_EDGE('',*,*,#9467,.T.);
#10432 = ORIENTED_EDGE('',*,*,#7402,.F.);
#10433 = ORIENTED_EDGE('',*,*,#9492,.F.);
#10434 = ORIENTED_EDGE('',*,*,#9562,.F.);
#10435 = ORIENTED_EDGE('',*,*,#9658,.T.);
#10436 = ORIENTED_EDGE('',*,*,#7295,.F.);
#10437 = ORIENTED_EDGE('',*,*,#10384,.F.);
#10438 = ADVANCED_FACE('',(#10439),#10145,.F.);
#10439 = FACE_BOUND('',#10440,.F.);
#10440 = EDGE_LOOP('',(#10441,#10442,#10466,#11156));
#10441 = ORIENTED_EDGE('',*,*,#9683,.F.);
#10442 = ORIENTED_EDGE('',*,*,#10443,.T.);
#10443 = EDGE_CURVE('',#9684,#10444,#10446,.T.);
#10444 = VERTEX_POINT('',#10445);
#10445 = CARTESIAN_POINT('',(46.799999999999,-5.73134702001E-15,
    -100.4669231319));
#10446 = SEAM_CURVE('',#10447,(#10452,#10459),.PCURVE_S1.);
#10447 = ELLIPSE('',#10448,206.905,103.14);
#10448 = AXIS2_PLACEMENT_3D('',#10449,#10450,#10451);
#10449 = CARTESIAN_POINT('',(0.,0.,0.));
#10450 = DIRECTION('',(0.,-1.,0.));
#10451 = DIRECTION('',(1.,0.,0.));
#10452 = PCURVE('',#10145,#10453);
#10453 = DEFINITIONAL_REPRESENTATION('',(#10454),#10458);
#10454 = LINE('',#10455,#10456);
#10455 = CARTESIAN_POINT('',(0.,0.));
#10456 = VECTOR('',#10457,1.);
#10457 = DIRECTION('',(0.,1.));
#10458 = ( GEOMETRIC_REPRESENTATION_CONTEXT(2) 
PARAMETRIC_REPRESENTATION_CONTEXT() REPRESENTATION_CONTEXT('2D SPACE',''
  ) );
#10459 = PCURVE('',#10145,#10460);
#10460 = DEFINITIONAL_REPRESENTATION('',(#10461),#10465);
#10461 = LINE('',#10462,#10463);
#10462 = CARTESIAN_POINT('',(6.28318530718,0.));
#10463 = VECTOR('',#10464,1.);
#10464 = DIRECTION('',(0.,1.));
#10465 = ( GEOMETRIC_REPRESENTATION_CONTEXT(2) 
PARAMETRIC_REPRESENTATION_CONTEXT() REPRESENTATION_CONTEXT('2D SPACE',''
  ) );
#10466 = ORIENTED_EDGE('',*,*,#10467,.T.);
#10467 = EDGE_CURVE('',#10444,#10444,#10468,.T.);
#10468 = SURFACE_CURVE('',#10469,(#10696,#10926),.PCURVE_S1.);
#10469 = B_SPLINE_CURVE_WITH_KNOTS('',8,(#10470,#10471,#10472,#10473,
    #10474,#10475,#10476,#10477,#10478,#10479,#10480,#10481,#10482,
    #10483,#10484,#10485,#10486,#10487,#10488,#10489,#10490,#10491,
    #10492,#10493,#10494,#10495,#10496,#10497,#10498,#10499,#10500,
    #10501,#10502,#10503,#10504,#10505,#10506,#10507,#10508,#10509,
    #10510,#10511,#10512,#10513,#10514,#10515,#10516,#10517,#10518,
    #10519,#10520,#10521,#10522,#10523,#10524,#10525,#10526,#10527,
    #10528,#10529,#10530,#10531,#10532,#10533,#10534,#10535,#10536,
    #10537,#10538,#10539,#10540,#10541,#10542,#10543,#10544,#10545,
    #10546,#10547,#10548,#10549,#10550,#10551,#10552,#10553,#10554,
    #10555,#10556,#10557,#10558,#10559,#10560,#10561,#10562,#10563,
    #10564,#10565,#10566,#10567,#10568,#10569,#10570,#10571,#10572,
    #10573,#10574,#10575,#10576,#10577,#10578,#10579,#10580,#10581,
    #10582,#10583,#10584,#10585,#10586,#10587,#10588,#10589,#10590,
    #10591,#10592,#10593,#10594,#10595,#10596,#10597,#10598,#10599,
    #10600,#10601,#10602,#10603,#10604,#10605,#10606,#10607,#10608,
    #10609,#10610,#10611,#10612,#10613,#10614,#10615,#10616,#10617,
    #10618,#10619,#10620,#10621,#10622,#10623,#10624,#10625,#10626,
    #10627,#10628,#10629,#10630,#10631,#10632,#10633,#10634,#10635,
    #10636,#10637,#10638,#10639,#10640,#10641,#10642,#10643,#10644,
    #10645,#10646,#10647,#10648,#10649,#10650,#10651,#10652,#10653,
    #10654,#10655,#10656,#10657,#10658,#10659,#10660,#10661,#10662,
    #10663,#10664,#10665,#10666,#10667,#10668,#10669,#10670,#10671,
    #10672,#10673,#10674,#10675,#10676,#10677,#10678,#10679,#10680,
    #10681,#10682,#10683,#10684,#10685,#10686,#10687,#10688,#10689,
    #10690,#10691,#10692,#10693,#10694,#10695),.UNSPECIFIED.,.T.,.F.,(9,
    7,7,7,7,7,7,7,7,7,7,7,7,7,7,7,7,7,7,7,7,7,7,7,7,7,7,7,7,7,7,7,9),(0.
    ,2.900033961573E-02,5.800067923147E-02,8.70010188472E-02,
    0.116001358463,0.145001698079,0.174002037694,0.20300237731,
    0.231002708027,0.260003047643,0.289003387259,0.318003726875,
    0.34700406649,0.376004406106,0.404004736823,0.433005076439,
    0.462005416055,0.49100575567,0.520006095286,0.549006434902,
    0.578006774518,0.607007114133,0.636007453749,0.665007793365,
    0.69400813298,0.723008472596,0.752008812212,0.781009151828,
    0.810009491443,0.839009831059,0.868010170675,0.89701051029,1.),
  .UNSPECIFIED.);
#10470 = CARTESIAN_POINT('',(46.8,-1.42108547152E-14,-100.4669231319));
#10471 = CARTESIAN_POINT('',(46.8,-1.0659415705,-100.4669231319));
#10472 = CARTESIAN_POINT('',(46.772253104025,-2.131885240048,
    -100.4669231319));
#10473 = CARTESIAN_POINT('',(46.716759429929,-3.196985342605,
    -100.4669231319));
#10474 = CARTESIAN_POINT('',(46.633549696728,-4.260399007826,
    -100.4669231319));
#10475 = CARTESIAN_POINT('',(46.522685224596,-5.32128616106,
    -100.4669231319));
#10476 = CARTESIAN_POINT('',(46.38425793487,-6.37880952335,
    -100.4669231319));
#10477 = CARTESIAN_POINT('',(46.218390350046,-7.432134611436,
    -100.4669231319));
#10478 = CARTESIAN_POINT('',(45.832080837517,-9.528724864063,
    -100.4669231319));
#10479 = CARTESIAN_POINT('',(45.611638149093,-10.5719941572,
    -100.4669231319));
#10480 = CARTESIAN_POINT('',(45.364060883973,-11.60940597231,
    -100.4669231319));
#10481 = CARTESIAN_POINT('',(45.089531985589,-12.64013695905,
    -100.4669231319));
#10482 = CARTESIAN_POINT('',(44.788263985343,-13.6633720616,
    -100.4669231319));
#10483 = CARTESIAN_POINT('',(44.460499002604,-14.67830451868,
    -100.4669231319));
#10484 = CARTESIAN_POINT('',(44.10650874471,-15.68413586349,
    -100.4669231319));
#10485 = CARTESIAN_POINT('',(43.346680269229,-17.67601598406,
    -100.4669231319));
#10486 = CARTESIAN_POINT('',(42.94084055539,-18.66206868222,
    -100.4669231319));
#10487 = CARTESIAN_POINT('',(42.50937688099,-19.63744393002,
    -100.4669231319));
#10488 = CARTESIAN_POINT('',(42.052618356695,-20.6013651579,
    -100.4669231319));
#10489 = CARTESIAN_POINT('',(41.570921688305,-21.55306931505,
    -100.4669231319));
#10490 = CARTESIAN_POINT('',(41.064671176751,-22.49180686937,
    -100.4669231319));
#10491 = CARTESIAN_POINT('',(40.534278718094,-23.41684180746,
    -100.4669231319));
#10492 = CARTESIAN_POINT('',(39.426088888962,-25.23806146183,
    -100.4669231319));
#10493 = CARTESIAN_POINT('',(38.848289336243,-26.13424976446,
    -100.4669231319));
#10494 = CARTESIAN_POINT('',(38.247224837924,-27.01529417037,
    -100.4669231319));
#10495 = CARTESIAN_POINT('',(37.623359775191,-27.88049060274,
    -100.4669231319));
#10496 = CARTESIAN_POINT('',(36.977183217857,-28.72915328003,
    -100.4669231319));
#10497 = CARTESIAN_POINT('',(36.309208924368,-29.56061471604,
    -100.4669231319));
#10498 = CARTESIAN_POINT('',(35.619975341798,-30.37422571986,
    -100.4669231319));
#10499 = CARTESIAN_POINT('',(34.200115869909,-31.96448507197,
    -100.4669231319));
#10500 = CARTESIAN_POINT('',(33.469487184608,-32.74113655179,
    -100.4669231319));
#10501 = CARTESIAN_POINT('',(32.71872286148,-33.49867909677,
    -100.4669231319));
#10502 = CARTESIAN_POINT('',(31.948407176757,-34.23650443446,
    -100.4669231319));
#10503 = CARTESIAN_POINT('',(31.159145371366,-34.95402675859,
    -100.4669231319));
#10504 = CARTESIAN_POINT('',(30.351563650935,-35.65068272904,
    -100.4669231319));
#10505 = CARTESIAN_POINT('',(29.526309185792,-36.32593147183,
    -100.4669231319));
#10506 = CARTESIAN_POINT('',(27.841791036131,-37.63257768652,
    -100.4669231319));
#10507 = CARTESIAN_POINT('',(26.982524034467,-38.26397773145,
    -100.4669231319));
#10508 = CARTESIAN_POINT('',(26.106917385464,-38.87293649241,
    -100.4669231319));
#10509 = CARTESIAN_POINT('',(25.215655915249,-39.45896164101,
    -100.4669231319));
#10510 = CARTESIAN_POINT('',(24.309440996588,-40.021586742,
    -100.4669231319));
#10511 = CARTESIAN_POINT('',(23.388990548878,-40.56037125333,
    -100.4669231319));
#10512 = CARTESIAN_POINT('',(22.455039038155,-41.07490052607,
    -100.4669231319));
#10513 = CARTESIAN_POINT('',(20.561635916022,-42.05467108287,
    -100.4669231319));
#10514 = CARTESIAN_POINT('',(19.602180576129,-42.51991429629,
    -100.4669231319));
#10515 = CARTESIAN_POINT('',(18.630722578407,-42.96012689833,
    -100.4669231319));
#10516 = CARTESIAN_POINT('',(17.648024624571,-43.37494880542,
    -100.4669231319));
#10517 = CARTESIAN_POINT('',(16.654860997056,-43.76404839686,
    -100.4669231319));
#10518 = CARTESIAN_POINT('',(15.652017559015,-44.12712251479,
    -100.4669231319));
#10519 = CARTESIAN_POINT('',(14.640291754322,-44.46389646421,
    -100.4669231319));
#10520 = CARTESIAN_POINT('',(12.635858849735,-45.07365409009,
    -100.4669231319));
#10521 = CARTESIAN_POINT('',(11.643695377263,-45.34843807593,
    -100.4669231319));
#10522 = CARTESIAN_POINT('',(10.644730257195,-45.59825458893,
    -100.4669231319));
#10523 = CARTESIAN_POINT('',(9.639697053759,-45.82290837882,
    -100.4669231319));
#10524 = CARTESIAN_POINT('',(8.629334828373,-46.0222303265,
    -100.4669231319));
#10525 = CARTESIAN_POINT('',(7.614388139636,-46.19607744413,
    -100.4669231319));
#10526 = CARTESIAN_POINT('',(6.595607043335,-46.34433287505,
    -100.4669231319));
#10527 = CARTESIAN_POINT('',(4.515392249607,-46.59385650774,
    -100.4669231319));
#10528 = CARTESIAN_POINT('',(3.453730746149,-46.69325796126,
    -100.4669231319));
#10529 = CARTESIAN_POINT('',(2.389602243207,-46.76500965501,
    -100.4669231319));
#10530 = CARTESIAN_POINT('',(1.323847270631,-46.80904170592,
    -100.4669231319));
#10531 = CARTESIAN_POINT('',(0.257307226987,-46.82531494721,
    -100.4669231319));
#10532 = CARTESIAN_POINT('',(-0.809175620444,-46.81382092842,
    -100.4669231319));
#10533 = CARTESIAN_POINT('',(-1.874758135665,-46.77458191544,
    -100.4669231319));
#10534 = CARTESIAN_POINT('',(-4.002434492269,-46.64071986544,
    -100.4669231319));
#10535 = CARTESIAN_POINT('',(-5.064532523463,-46.54609656483,
    -100.4669231319));
#10536 = CARTESIAN_POINT('',(-6.12404641764,-46.42383420603,
    -100.4669231319));
#10537 = CARTESIAN_POINT('',(-7.180136896528,-46.27401637172,
    -100.4669231319));
#10538 = CARTESIAN_POINT('',(-8.231969393499,-46.09675700978,
    -100.4669231319));
#10539 = CARTESIAN_POINT('',(-9.278714053564,-45.89220043336,
    -100.4669231319));
#10540 = CARTESIAN_POINT('',(-10.31954573337,-45.66052132081,
    -100.4669231319));
#10541 = CARTESIAN_POINT('',(-12.38774226906,-45.14332811066,
    -100.4669231319));
#10542 = CARTESIAN_POINT('',(-13.41511119763,-44.8578129946,
    -100.4669231319));
#10543 = CARTESIAN_POINT('',(-14.4349304124,-44.54558463982,
    -100.4669231319));
#10544 = CARTESIAN_POINT('',(-15.44638967483,-44.20687732736,
    -100.4669231319));
#10545 = CARTESIAN_POINT('',(-16.44868888239,-43.841954347,
    -100.4669231319));
#10546 = CARTESIAN_POINT('',(-17.44103806855,-43.45110799732,
    -100.4669231319));
#10547 = CARTESIAN_POINT('',(-18.42265740276,-43.03465958564,
    -100.4669231319));
#10548 = CARTESIAN_POINT('',(-20.36289697819,-42.15125927048,
    -100.4669231319));
#10549 = CARTESIAN_POINT('',(-21.32152104012,-41.68430562741,
    -100.4669231319));
#10550 = CARTESIAN_POINT('',(-22.26787977939,-41.19244902946,
    -100.4669231319));
#10551 = CARTESIAN_POINT('',(-23.20121882387,-40.67606669909,
    -100.4669231319));
#10552 = CARTESIAN_POINT('',(-24.1207990262,-40.13556255058,
    -100.4669231319));
#10553 = CARTESIAN_POINT('',(-25.02589646376,-39.57136719003,
    -100.4669231319));
#10554 = CARTESIAN_POINT('',(-25.91580243867,-38.98393791539,
    -100.4669231319));
#10555 = CARTESIAN_POINT('',(-27.66384451697,-37.76357951747,
    -100.4669231319));
#10556 = CARTESIAN_POINT('',(-28.52198406259,-37.13064799106,
    -100.4669231319));
#10557 = CARTESIAN_POINT('',(-29.36354877651,-36.47544832026,
    -100.4669231319));
#10558 = CARTESIAN_POINT('',(-30.18786512994,-35.79848817923,
    -100.4669231319));
#10559 = CARTESIAN_POINT('',(-30.99427940356,-35.10029873332,
    -100.4669231319));
#10560 = CARTESIAN_POINT('',(-31.78215768743,-34.38143463898,
    -100.4669231319));
#10561 = CARTESIAN_POINT('',(-32.55088588107,-33.64247404382,
    -100.4669231319));
#10562 = CARTESIAN_POINT('',(-34.02302655033,-32.15171669226,
    -100.4669231319));
#10563 = CARTESIAN_POINT('',(-34.72777984729,-31.40123858772,
    -100.4669231319));
#10564 = CARTESIAN_POINT('',(-35.41359494925,-30.63312580485,
    -100.4669231319));
#10565 = CARTESIAN_POINT('',(-36.07995779635,-29.8479368968,
    -100.4669231319));
#10566 = CARTESIAN_POINT('',(-36.72637490386,-29.04624743795,
    -100.4669231319));
#10567 = CARTESIAN_POINT('',(-37.35237336222,-28.22865002393,
    -100.4669231319));
#10568 = CARTESIAN_POINT('',(-37.95750083703,-27.39575427162,
    -100.4669231319));
#10569 = CARTESIAN_POINT('',(-39.14600112353,-25.67034918866,
    -100.4669231319));
#10570 = CARTESIAN_POINT('',(-39.72782739547,-24.77676987703,
    -100.4669231319));
#10571 = CARTESIAN_POINT('',(-40.28632476178,-23.86814538465,
    -100.4669231319));
#10572 = CARTESIAN_POINT('',(-40.8210403864,-22.94518726867,
    -100.4669231319));
#10573 = CARTESIAN_POINT('',(-41.33154822024,-22.00862214297,
    -100.4669231319));
#10574 = CARTESIAN_POINT('',(-41.81744900115,-21.0591916782,
    -100.4669231319));
#10575 = CARTESIAN_POINT('',(-42.27837025397,-20.09765260172,
    -100.4669231319));
#10576 = CARTESIAN_POINT('',(-43.14956232698,-18.1519007936,
    -100.4669231319));
#10577 = CARTESIAN_POINT('',(-43.55983486273,-17.16768423039,
    -100.4669231319));
#10578 = CARTESIAN_POINT('',(-43.94443842464,-16.17289888847,
    -100.4669231319));
#10579 = CARTESIAN_POINT('',(-44.30305661152,-15.16832660182,
    -100.4669231319));
#10580 = CARTESIAN_POINT('',(-44.63540209403,-14.15475915792,
    -100.4669231319));
#10581 = CARTESIAN_POINT('',(-44.94121661474,-13.13299829781,
    -100.4669231319));
#10582 = CARTESIAN_POINT('',(-45.22027098809,-12.10385571604,
    -100.4669231319));
#10583 = CARTESIAN_POINT('',(-45.72445921271,-10.03245040538,
    -100.4669231319));
#10584 = CARTESIAN_POINT('',(-45.94959405682,-8.990183597485,
    -100.4669231319));
#10585 = CARTESIAN_POINT('',(-46.14756974808,-7.942174340845,
    -100.4669231319));
#10586 = CARTESIAN_POINT('',(-46.31821679606,-6.889248860056,
    -100.4669231319));
#10587 = CARTESIAN_POINT('',(-46.46139610458,-5.832237900468,
    -100.4669231319));
#10588 = CARTESIAN_POINT('',(-46.57699897169,-4.771976728187,
    -100.4669231319));
#10589 = CARTESIAN_POINT('',(-46.66494708969,-3.709305130078,
    -100.4669231319));
#10590 = CARTESIAN_POINT('',(-46.7854380005,-1.580829697452,
    -100.4669231319));
#10591 = CARTESIAN_POINT('',(-46.81798103059,-0.515021671549,
    -100.4669231319));
#10592 = CARTESIAN_POINT('',(-46.82277395723,0.551512342998,
    -100.4669231319));
#10593 = CARTESIAN_POINT('',(-46.79979981252,1.617929086936,
    -100.4669231319));
#10594 = CARTESIAN_POINT('',(-46.74907233885,2.683386362707,
    -100.4669231319));
#10595 = CARTESIAN_POINT('',(-46.67063598882,3.747043034442,
    -100.4669231319));
#10596 = CARTESIAN_POINT('',(-46.56456592534,4.808059027968,
    -100.4669231319));
#10597 = CARTESIAN_POINT('',(-46.29737011769,6.923131633639,
    -100.4669231319));
#10598 = CARTESIAN_POINT('',(-46.13624384738,7.977192410777,
    -100.4669231319));
#10599 = CARTESIAN_POINT('',(-45.94769531755,9.026938679278,
    -100.4669231319));
#10600 = CARTESIAN_POINT('',(-45.73186064467,10.071538065196,
    -100.4669231319));
#10601 = CARTESIAN_POINT('',(-45.48890595466,11.110164803576,
    -100.4669231319));
#10602 = CARTESIAN_POINT('',(-45.21902738289,12.141999738453,
    -100.4669231319));
#10603 = CARTESIAN_POINT('',(-44.92245107423,13.166230322857,
    -100.4669231319));
#10604 = CARTESIAN_POINT('',(-44.27641529177,15.197870914759,
    -100.4669231319));
#10605 = CARTESIAN_POINT('',(-43.9269545458,16.205284922956,
    -100.4669231319));
#10606 = CARTESIAN_POINT('',(-43.55130732404,17.203486776849,
    -100.4669231319));
#10607 = CARTESIAN_POINT('',(-43.14975832052,18.191682547354,
    -100.4669231319));
#10608 = CARTESIAN_POINT('',(-42.72262054434,19.169090242862,
    -100.4669231319));
#10609 = CARTESIAN_POINT('',(-42.27023531969,20.13493980923,
    -100.4669231319));
#10610 = CARTESIAN_POINT('',(-41.79297228585,21.088473129788,
    -100.4669231319));
#10611 = CARTESIAN_POINT('',(-40.78948650846,22.969414920877,
    -100.4669231319));
#10612 = CARTESIAN_POINT('',(-40.26326178886,23.896827095352,
    -100.4669231319));
#10613 = CARTESIAN_POINT('',(-39.71295340066,24.810434480506,
    -100.4669231319));
#10614 = CARTESIAN_POINT('',(-39.13898518936,25.709507878789,
    -100.4669231319));
#10615 = CARTESIAN_POINT('',(-38.54180668367,26.593334963355,
    -100.4669231319));
#10616 = CARTESIAN_POINT('',(-37.92189309546,27.461220278061,
    -100.4669231319));
#10617 = CARTESIAN_POINT('',(-37.27974531981,28.312485237468,
    -100.4669231319));
#10618 = CARTESIAN_POINT('',(-35.95203455016,29.98045101621,
    -100.4669231319));
#10619 = CARTESIAN_POINT('',(-35.26646894165,30.797155120097,
    -100.4669231319));
#10620 = CARTESIAN_POINT('',(-34.55971987212,31.595918870561,
    -100.4669231319));
#10621 = CARTESIAN_POINT('',(-33.83233630521,32.376101945016,
    -100.4669231319));
#10622 = CARTESIAN_POINT('',(-33.08488940548,33.137085266231,
    -100.4669231319));
#10623 = CARTESIAN_POINT('',(-32.31797253845,33.878271002329,
    -100.4669231319));
#10624 = CARTESIAN_POINT('',(-31.53220127057,34.59908256679,
    -100.4669231319));
#10625 = CARTESIAN_POINT('',(-29.9242254679,35.998846670101,
    -100.4669231319));
#10626 = CARTESIAN_POINT('',(-29.1020177667,36.677801965361,
    -100.4669231319));
#10627 = CARTESIAN_POINT('',(-28.26222818778,37.335275340843,
    -100.4669231319));
#10628 = CARTESIAN_POINT('',(-27.40551263693,37.970736549742,
    -100.4669231319));
#10629 = CARTESIAN_POINT('',(-26.53254500358,38.583680261836,
    -100.4669231319));
#10630 = CARTESIAN_POINT('',(-25.64401716077,39.173626063485,
    -100.4669231319));
#10631 = CARTESIAN_POINT('',(-24.74063896518,39.740118457627,
    -100.4669231319));
#10632 = CARTESIAN_POINT('',(-22.90563754906,40.825335269936,
    -100.4669231319));
#10633 = CARTESIAN_POINT('',(-21.97401071505,41.344061825109,
    -100.4669231319));
#10634 = CARTESIAN_POINT('',(-21.02898571539,41.838476151703,
    -100.4669231319));
#10635 = CARTESIAN_POINT('',(-20.07130368125,42.308175634953,
    -100.4669231319));
#10636 = CARTESIAN_POINT('',(-19.1017189147,42.752785422921,
    -100.4669231319));
#10637 = CARTESIAN_POINT('',(-18.1209988887,43.1719584265,
    -100.4669231319));
#10638 = CARTESIAN_POINT('',(-17.12992424708,43.565375319409,
    -100.4669231319));
#10639 = CARTESIAN_POINT('',(-15.12865336206,44.30011375699,
    -100.4669231319));
#10640 = CARTESIAN_POINT('',(-14.11845317776,44.641436748506,
    -100.4669231319));
#10641 = CARTESIAN_POINT('',(-13.09948214765,44.956422170565,
    -100.4669231319));
#10642 = CARTESIAN_POINT('',(-12.07254208972,45.244808370848,
    -100.4669231319));
#10643 = CARTESIAN_POINT('',(-11.03844274408,45.506363386896,
    -100.4669231319));
#10644 = CARTESIAN_POINT('',(-9.998001772866,45.740884946112,
    -100.4669231319));
#10645 = CARTESIAN_POINT('',(-8.95204476027,45.948200465762,
    -100.4669231319));
#10646 = CARTESIAN_POINT('',(-6.850765664854,46.308133640182,
    -100.4669231319));
#10647 = CARTESIAN_POINT('',(-5.795439444202,46.460752003732,
    -100.4669231319));
#10648 = CARTESIAN_POINT('',(-4.736260096667,46.585879483073,
    -100.4669231319));
#10649 = CARTESIAN_POINT('',(-3.674063579245,46.683404051533,
    -100.4669231319));
#10650 = CARTESIAN_POINT('',(-2.609688259871,46.753244316315,
    -100.4669231319));
#10651 = CARTESIAN_POINT('',(-1.543974917418,46.795349518495,
    -100.4669231319));
#10652 = CARTESIAN_POINT('',(-0.4777667417,46.809699533027,
    -100.4669231319));
#10653 = CARTESIAN_POINT('',(1.65394807477,46.782910204451,
    -100.4669231319));
#10654 = CARTESIAN_POINT('',(2.719458913286,46.741770808589,
    -100.4669231319));
#10655 = CARTESIAN_POINT('',(3.783777584294,46.672897425672,
    -100.4669231319));
#10656 = CARTESIAN_POINT('',(4.846061670016,46.576331363832,
    -100.4669231319));
#10657 = CARTESIAN_POINT('',(5.905471932682,46.452144494813,
    -100.4669231319));
#10658 = CARTESIAN_POINT('',(6.96117231453,46.300439253976,
    -100.4669231319));
#10659 = CARTESIAN_POINT('',(8.012329937808,46.121348640293,
    -100.4669231319));
#10660 = CARTESIAN_POINT('',(10.103900271741,45.708723792406,
    -100.4669231319));
#10661 = CARTESIAN_POINT('',(11.144317101108,45.475188745663,
    -100.4669231319));
#10662 = CARTESIAN_POINT('',(12.178535940753,45.214594869959,
    -100.4669231319));
#10663 = CARTESIAN_POINT('',(13.205735804223,44.927135440534,
    -100.4669231319));
#10664 = CARTESIAN_POINT('',(14.225104370731,44.613033214034,
    -100.4669231319));
#10665 = CARTESIAN_POINT('',(15.235837985159,44.272540428506,
    -100.4669231319));
#10666 = CARTESIAN_POINT('',(16.237141658056,43.9059388034,
    -100.4669231319));
#10667 = CARTESIAN_POINT('',(18.21931647322,43.121140275744,
    -100.4669231319));
#10668 = CARTESIAN_POINT('',(19.200191518778,42.702941827771,
    -100.4669231319));
#10669 = CARTESIAN_POINT('',(20.170067965299,42.259255615663,
    -100.4669231319));
#10670 = CARTESIAN_POINT('',(21.12817344018,41.790420482507,
    -100.4669231319));
#10671 = CARTESIAN_POINT('',(22.073749435226,41.296802694465,
    -100.4669231319));
#10672 = CARTESIAN_POINT('',(23.006051306651,40.778795940776,
    -100.4669231319));
#10673 = CARTESIAN_POINT('',(23.924348275082,40.236821333753,
    -100.4669231319));
#10674 = CARTESIAN_POINT('',(25.731498576019,39.105833483817,
    -100.4669231319));
#10675 = CARTESIAN_POINT('',(26.620355467161,38.516818013768,
    -100.4669231319));
#10676 = CARTESIAN_POINT('',(27.493777309054,37.904729733832,
    -100.4669231319));
#10677 = CARTESIAN_POINT('',(28.351065915887,37.270041835985,
    -100.4669231319));
#10678 = CARTESIAN_POINT('',(29.191541705951,36.613251968986,
    -100.4669231319));
#10679 = CARTESIAN_POINT('',(30.014543701646,35.934882238372,
    -100.4669231319));
#10680 = CARTESIAN_POINT('',(30.819429529479,35.235479206465,
    -100.4669231319));
#10681 = CARTESIAN_POINT('',(32.391721310641,33.795748578268,
    -100.4669231319));
#10682 = CARTESIAN_POINT('',(33.159130360123,33.055418146865,
    -100.4669231319));
#10683 = CARTESIAN_POINT('',(33.907178958298,32.295193791099,
    -100.4669231319));
#10684 = CARTESIAN_POINT('',(34.63526622279,31.515667384644,
    -100.4669231319));
#10685 = CARTESIAN_POINT('',(35.342813999052,30.717451481905,
    -100.4669231319));
#10686 = CARTESIAN_POINT('',(36.029266860362,29.901179318022,
    -100.4669231319));
#10687 = CARTESIAN_POINT('',(36.694092107833,29.067504808869,
    -100.4669231319));
#10688 = CARTESIAN_POINT('',(39.619169400582,25.197051898504,
    -100.4669231319));
#10689 = CARTESIAN_POINT('',(41.623069204203,21.965099830815,
    -100.4669231319));
#10690 = CARTESIAN_POINT('',(43.324378764835,18.552523742923,
    -100.4669231319));
#10691 = CARTESIAN_POINT('',(44.704668134973,14.992684634819,
    -100.4669231319));
#10692 = CARTESIAN_POINT('',(45.749813112593,11.320447550945,
    -100.4669231319));
#10693 = CARTESIAN_POINT('',(46.450060741774,7.572143530134,
    -100.4669231319));
#10694 = CARTESIAN_POINT('',(46.8,3.785499751391,-100.4669231319));
#10695 = CARTESIAN_POINT('',(46.8,0.,-100.4669231319));
#10696 = PCURVE('',#10145,#10697);
#10697 = DEFINITIONAL_REPRESENTATION('',(#10698),#10925);
#10698 = B_SPLINE_CURVE_WITH_KNOTS('',8,(#10699,#10700,#10701,#10702,
    #10703,#10704,#10705,#10706,#10707,#10708,#10709,#10710,#10711,
    #10712,#10713,#10714,#10715,#10716,#10717,#10718,#10719,#10720,
    #10721,#10722,#10723,#10724,#10725,#10726,#10727,#10728,#10729,
    #10730,#10731,#10732,#10733,#10734,#10735,#10736,#10737,#10738,
    #10739,#10740,#10741,#10742,#10743,#10744,#10745,#10746,#10747,
    #10748,#10749,#10750,#10751,#10752,#10753,#10754,#10755,#10756,
    #10757,#10758,#10759,#10760,#10761,#10762,#10763,#10764,#10765,
    #10766,#10767,#10768,#10769,#10770,#10771,#10772,#10773,#10774,
    #10775,#10776,#10777,#10778,#10779,#10780,#10781,#10782,#10783,
    #10784,#10785,#10786,#10787,#10788,#10789,#10790,#10791,#10792,
    #10793,#10794,#10795,#10796,#10797,#10798,#10799,#10800,#10801,
    #10802,#10803,#10804,#10805,#10806,#10807,#10808,#10809,#10810,
    #10811,#10812,#10813,#10814,#10815,#10816,#10817,#10818,#10819,
    #10820,#10821,#10822,#10823,#10824,#10825,#10826,#10827,#10828,
    #10829,#10830,#10831,#10832,#10833,#10834,#10835,#10836,#10837,
    #10838,#10839,#10840,#10841,#10842,#10843,#10844,#10845,#10846,
    #10847,#10848,#10849,#10850,#10851,#10852,#10853,#10854,#10855,
    #10856,#10857,#10858,#10859,#10860,#10861,#10862,#10863,#10864,
    #10865,#10866,#10867,#10868,#10869,#10870,#10871,#10872,#10873,
    #10874,#10875,#10876,#10877,#10878,#10879,#10880,#10881,#10882,
    #10883,#10884,#10885,#10886,#10887,#10888,#10889,#10890,#10891,
    #10892,#10893,#10894,#10895,#10896,#10897,#10898,#10899,#10900,
    #10901,#10902,#10903,#10904,#10905,#10906,#10907,#10908,#10909,
    #10910,#10911,#10912,#10913,#10914,#10915,#10916,#10917,#10918,
    #10919,#10920,#10921,#10922,#10923,#10924),.UNSPECIFIED.,.F.,.F.,(9,
    7,7,7,7,7,7,7,7,7,7,7,7,7,7,7,7,7,7,7,7,7,7,7,7,7,7,7,7,7,7,7,9),(0.
    ,2.900033961573E-02,5.800067923147E-02,8.70010188472E-02,
    0.116001358463,0.145001698079,0.174002037694,0.20300237731,
    0.231002708027,0.260003047643,0.289003387259,0.318003726875,
    0.34700406649,0.376004406106,0.404004736823,0.433005076439,
    0.462005416055,0.49100575567,0.520006095286,0.549006434902,
    0.578006774518,0.607007114133,0.636007453749,0.665007793365,
    0.69400813298,0.723008472596,0.752008812212,0.781009151828,
    0.810009491443,0.839009831059,0.868010170675,0.89701051029,1.),
  .UNSPECIFIED.);
#10699 = CARTESIAN_POINT('',(6.28318530718,4.940554289393));
#10700 = CARTESIAN_POINT('',(6.260408777895,4.940554289393));
#10701 = CARTESIAN_POINT('',(6.23763223365,4.940554289393));
#10702 = CARTESIAN_POINT('',(6.214855679431,4.940554289393));
#10703 = CARTESIAN_POINT('',(6.192079120225,4.940554289393));
#10704 = CARTESIAN_POINT('',(6.16930256102,4.940554289393));
#10705 = CARTESIAN_POINT('',(6.146526006801,4.940554289393));
#10706 = CARTESIAN_POINT('',(6.123749462556,4.940554289393));
#10707 = CARTESIAN_POINT('',(6.078196403987,4.940554289393));
#10708 = CARTESIAN_POINT('',(6.055419859742,4.940554289393));
#10709 = CARTESIAN_POINT('',(6.032643305523,4.940554289393));
#10710 = CARTESIAN_POINT('',(6.009866746317,4.940554289393));
#10711 = CARTESIAN_POINT('',(5.987090187111,4.940554289393));
#10712 = CARTESIAN_POINT('',(5.964313632892,4.940554289393));
#10713 = CARTESIAN_POINT('',(5.941537088647,4.940554289393));
#10714 = CARTESIAN_POINT('',(5.895984030079,4.940554289393));
#10715 = CARTESIAN_POINT('',(5.873207485834,4.940554289393));
#10716 = CARTESIAN_POINT('',(5.850430931615,4.940554289393));
#10717 = CARTESIAN_POINT('',(5.827654372409,4.940554289393));
#10718 = CARTESIAN_POINT('',(5.804877813203,4.940554289393));
#10719 = CARTESIAN_POINT('',(5.782101258984,4.940554289393));
#10720 = CARTESIAN_POINT('',(5.759324714739,4.940554289393));
#10721 = CARTESIAN_POINT('',(5.713771656171,4.940554289393));
#10722 = CARTESIAN_POINT('',(5.690995111926,4.940554289393));
#10723 = CARTESIAN_POINT('',(5.668218557707,4.940554289393));
#10724 = CARTESIAN_POINT('',(5.645441998501,4.940554289393));
#10725 = CARTESIAN_POINT('',(5.622665439295,4.940554289393));
#10726 = CARTESIAN_POINT('',(5.599888885076,4.940554289393));
#10727 = CARTESIAN_POINT('',(5.577112340831,4.940554289393));
#10728 = CARTESIAN_POINT('',(5.531559282263,4.940554289393));
#10729 = CARTESIAN_POINT('',(5.508782738018,4.940554289393));
#10730 = CARTESIAN_POINT('',(5.486006183799,4.940554289393));
#10731 = CARTESIAN_POINT('',(5.463229624593,4.940554289393));
#10732 = CARTESIAN_POINT('',(5.440453065387,4.940554289393));
#10733 = CARTESIAN_POINT('',(5.417676511168,4.940554289393));
#10734 = CARTESIAN_POINT('',(5.394899966923,4.940554289393));
#10735 = CARTESIAN_POINT('',(5.349346908354,4.940554289393));
#10736 = CARTESIAN_POINT('',(5.326570364109,4.940554289393));
#10737 = CARTESIAN_POINT('',(5.30379380989,4.940554289393));
#10738 = CARTESIAN_POINT('',(5.281017250685,4.940554289393));
#10739 = CARTESIAN_POINT('',(5.258240691479,4.940554289393));
#10740 = CARTESIAN_POINT('',(5.23546413726,4.940554289393));
#10741 = CARTESIAN_POINT('',(5.212687593015,4.940554289393));
#10742 = CARTESIAN_POINT('',(5.167134534446,4.940554289393));
#10743 = CARTESIAN_POINT('',(5.144357990201,4.940554289393));
#10744 = CARTESIAN_POINT('',(5.121581435982,4.940554289393));
#10745 = CARTESIAN_POINT('',(5.098804876776,4.940554289393));
#10746 = CARTESIAN_POINT('',(5.07602831757,4.940554289393));
#10747 = CARTESIAN_POINT('',(5.053251763351,4.940554289393));
#10748 = CARTESIAN_POINT('',(5.030475219106,4.940554289393));
#10749 = CARTESIAN_POINT('',(4.985707555891,4.940554289393));
#10750 = CARTESIAN_POINT('',(4.963716409408,4.940554289393));
#10751 = CARTESIAN_POINT('',(4.941725254557,4.940554289393));
#10752 = CARTESIAN_POINT('',(4.919734095522,4.940554289393));
#10753 = CARTESIAN_POINT('',(4.897742936487,4.940554289393));
#10754 = CARTESIAN_POINT('',(4.875751781636,4.940554289393));
#10755 = CARTESIAN_POINT('',(4.853760635153,4.940554289393));
#10756 = CARTESIAN_POINT('',(4.808992971937,4.940554289393));
#10757 = CARTESIAN_POINT('',(4.786216427692,4.940554289393));
#10758 = CARTESIAN_POINT('',(4.763439873473,4.940554289393));
#10759 = CARTESIAN_POINT('',(4.740663314267,4.940554289393));
#10760 = CARTESIAN_POINT('',(4.717886755061,4.940554289393));
#10761 = CARTESIAN_POINT('',(4.695110200842,4.940554289393));
#10762 = CARTESIAN_POINT('',(4.672333656597,4.940554289393));
#10763 = CARTESIAN_POINT('',(4.626780598029,4.940554289393));
#10764 = CARTESIAN_POINT('',(4.604004053784,4.940554289393));
#10765 = CARTESIAN_POINT('',(4.581227499565,4.940554289393));
#10766 = CARTESIAN_POINT('',(4.558450940359,4.940554289393));
#10767 = CARTESIAN_POINT('',(4.535674381153,4.940554289393));
#10768 = CARTESIAN_POINT('',(4.512897826934,4.940554289393));
#10769 = CARTESIAN_POINT('',(4.490121282689,4.940554289393));
#10770 = CARTESIAN_POINT('',(4.444568224121,4.940554289393));
#10771 = CARTESIAN_POINT('',(4.421791679876,4.940554289393));
#10772 = CARTESIAN_POINT('',(4.399015125657,4.940554289393));
#10773 = CARTESIAN_POINT('',(4.376238566451,4.940554289393));
#10774 = CARTESIAN_POINT('',(4.353462007245,4.940554289393));
#10775 = CARTESIAN_POINT('',(4.330685453026,4.940554289393));
#10776 = CARTESIAN_POINT('',(4.307908908781,4.940554289393));
#10777 = CARTESIAN_POINT('',(4.262355850212,4.940554289393));
#10778 = CARTESIAN_POINT('',(4.239579305967,4.940554289393));
#10779 = CARTESIAN_POINT('',(4.216802751748,4.940554289393));
#10780 = CARTESIAN_POINT('',(4.194026192543,4.940554289393));
#10781 = CARTESIAN_POINT('',(4.171249633337,4.940554289393));
#10782 = CARTESIAN_POINT('',(4.148473079118,4.940554289393));
#10783 = CARTESIAN_POINT('',(4.125696534873,4.940554289393));
#10784 = CARTESIAN_POINT('',(4.080143476304,4.940554289393));
#10785 = CARTESIAN_POINT('',(4.057366932059,4.940554289393));
#10786 = CARTESIAN_POINT('',(4.03459037784,4.940554289393));
#10787 = CARTESIAN_POINT('',(4.011813818634,4.940554289393));
#10788 = CARTESIAN_POINT('',(3.989037259428,4.940554289393));
#10789 = CARTESIAN_POINT('',(3.966260705209,4.940554289393));
#10790 = CARTESIAN_POINT('',(3.943484160964,4.940554289393));
#10791 = CARTESIAN_POINT('',(3.898716497749,4.940554289393));
#10792 = CARTESIAN_POINT('',(3.876725351266,4.940554289393));
#10793 = CARTESIAN_POINT('',(3.854734196415,4.940554289393));
#10794 = CARTESIAN_POINT('',(3.83274303738,4.940554289393));
#10795 = CARTESIAN_POINT('',(3.810751878345,4.940554289393));
#10796 = CARTESIAN_POINT('',(3.788760723494,4.940554289393));
#10797 = CARTESIAN_POINT('',(3.766769577011,4.940554289393));
#10798 = CARTESIAN_POINT('',(3.722001913795,4.940554289393));
#10799 = CARTESIAN_POINT('',(3.69922536955,4.940554289393));
#10800 = CARTESIAN_POINT('',(3.676448815331,4.940554289393));
#10801 = CARTESIAN_POINT('',(3.653672256125,4.940554289393));
#10802 = CARTESIAN_POINT('',(3.630895696919,4.940554289393));
#10803 = CARTESIAN_POINT('',(3.6081191427,4.940554289393));
#10804 = CARTESIAN_POINT('',(3.585342598455,4.940554289393));
#10805 = CARTESIAN_POINT('',(3.539789539887,4.940554289393));
#10806 = CARTESIAN_POINT('',(3.517012995642,4.940554289393));
#10807 = CARTESIAN_POINT('',(3.494236441423,4.940554289393));
#10808 = CARTESIAN_POINT('',(3.471459882217,4.940554289393));
#10809 = CARTESIAN_POINT('',(3.448683323011,4.940554289393));
#10810 = CARTESIAN_POINT('',(3.425906768792,4.940554289393));
#10811 = CARTESIAN_POINT('',(3.403130224547,4.940554289393));
#10812 = CARTESIAN_POINT('',(3.357577165979,4.940554289393));
#10813 = CARTESIAN_POINT('',(3.334800621734,4.940554289393));
#10814 = CARTESIAN_POINT('',(3.312024067515,4.940554289393));
#10815 = CARTESIAN_POINT('',(3.289247508309,4.940554289393));
#10816 = CARTESIAN_POINT('',(3.266470949103,4.940554289393));
#10817 = CARTESIAN_POINT('',(3.243694394884,4.940554289393));
#10818 = CARTESIAN_POINT('',(3.220917850639,4.940554289393));
#10819 = CARTESIAN_POINT('',(3.17536479207,4.940554289393));
#10820 = CARTESIAN_POINT('',(3.152588247825,4.940554289393));
#10821 = CARTESIAN_POINT('',(3.129811693606,4.940554289393));
#10822 = CARTESIAN_POINT('',(3.1070351344,4.940554289393));
#10823 = CARTESIAN_POINT('',(3.084258575195,4.940554289393));
#10824 = CARTESIAN_POINT('',(3.061482020976,4.940554289393));
#10825 = CARTESIAN_POINT('',(3.038705476731,4.940554289393));
#10826 = CARTESIAN_POINT('',(2.993152418162,4.940554289393));
#10827 = CARTESIAN_POINT('',(2.970375873917,4.940554289393));
#10828 = CARTESIAN_POINT('',(2.947599319698,4.940554289393));
#10829 = CARTESIAN_POINT('',(2.924822760492,4.940554289393));
#10830 = CARTESIAN_POINT('',(2.902046201286,4.940554289393));
#10831 = CARTESIAN_POINT('',(2.879269647067,4.940554289393));
#10832 = CARTESIAN_POINT('',(2.856493102822,4.940554289393));
#10833 = CARTESIAN_POINT('',(2.810940044254,4.940554289393));
#10834 = CARTESIAN_POINT('',(2.788163500009,4.940554289393));
#10835 = CARTESIAN_POINT('',(2.76538694579,4.940554289393));
#10836 = CARTESIAN_POINT('',(2.742610386584,4.940554289393));
#10837 = CARTESIAN_POINT('',(2.719833827378,4.940554289393));
#10838 = CARTESIAN_POINT('',(2.697057273159,4.940554289393));
#10839 = CARTESIAN_POINT('',(2.674280728914,4.940554289393));
#10840 = CARTESIAN_POINT('',(2.628727670346,4.940554289393));
#10841 = CARTESIAN_POINT('',(2.605951126101,4.940554289393));
#10842 = CARTESIAN_POINT('',(2.583174571882,4.940554289393));
#10843 = CARTESIAN_POINT('',(2.560398012676,4.940554289393));
#10844 = CARTESIAN_POINT('',(2.53762145347,4.940554289393));
#10845 = CARTESIAN_POINT('',(2.514844899251,4.940554289393));
#10846 = CARTESIAN_POINT('',(2.492068355006,4.940554289393));
#10847 = CARTESIAN_POINT('',(2.446515296438,4.940554289393));
#10848 = CARTESIAN_POINT('',(2.423738752192,4.940554289393));
#10849 = CARTESIAN_POINT('',(2.400962197974,4.940554289393));
#10850 = CARTESIAN_POINT('',(2.378185638768,4.940554289393));
#10851 = CARTESIAN_POINT('',(2.355409079562,4.940554289393));
#10852 = CARTESIAN_POINT('',(2.332632525343,4.940554289393));
#10853 = CARTESIAN_POINT('',(2.309855981098,4.940554289393));
#10854 = CARTESIAN_POINT('',(2.264302922529,4.940554289393));
#10855 = CARTESIAN_POINT('',(2.241526378284,4.940554289393));
#10856 = CARTESIAN_POINT('',(2.218749824065,4.940554289393));
#10857 = CARTESIAN_POINT('',(2.195973264859,4.940554289393));
#10858 = CARTESIAN_POINT('',(2.173196705653,4.940554289393));
#10859 = CARTESIAN_POINT('',(2.150420151435,4.940554289393));
#10860 = CARTESIAN_POINT('',(2.127643607189,4.940554289393));
#10861 = CARTESIAN_POINT('',(2.082090548621,4.940554289393));
#10862 = CARTESIAN_POINT('',(2.059314004376,4.940554289393));
#10863 = CARTESIAN_POINT('',(2.036537450157,4.940554289393));
#10864 = CARTESIAN_POINT('',(2.013760890951,4.940554289393));
#10865 = CARTESIAN_POINT('',(1.990984331745,4.940554289393));
#10866 = CARTESIAN_POINT('',(1.968207777526,4.940554289393));
#10867 = CARTESIAN_POINT('',(1.945431233281,4.940554289393));
#10868 = CARTESIAN_POINT('',(1.899878174713,4.940554289393));
#10869 = CARTESIAN_POINT('',(1.877101630468,4.940554289393));
#10870 = CARTESIAN_POINT('',(1.854325076249,4.940554289393));
#10871 = CARTESIAN_POINT('',(1.831548517043,4.940554289393));
#10872 = CARTESIAN_POINT('',(1.808771957837,4.940554289393));
#10873 = CARTESIAN_POINT('',(1.785995403618,4.940554289393));
#10874 = CARTESIAN_POINT('',(1.763218859373,4.940554289393));
#10875 = CARTESIAN_POINT('',(1.717665800805,4.940554289393));
#10876 = CARTESIAN_POINT('',(1.69488925656,4.940554289393));
#10877 = CARTESIAN_POINT('',(1.672112702341,4.940554289393));
#10878 = CARTESIAN_POINT('',(1.649336143135,4.940554289393));
#10879 = CARTESIAN_POINT('',(1.626559583929,4.940554289393));
#10880 = CARTESIAN_POINT('',(1.60378302971,4.940554289393));
#10881 = CARTESIAN_POINT('',(1.581006485465,4.940554289393));
#10882 = CARTESIAN_POINT('',(1.535453426896,4.940554289393));
#10883 = CARTESIAN_POINT('',(1.512676882651,4.940554289393));
#10884 = CARTESIAN_POINT('',(1.489900328432,4.940554289393));
#10885 = CARTESIAN_POINT('',(1.467123769227,4.940554289393));
#10886 = CARTESIAN_POINT('',(1.444347210021,4.940554289393));
#10887 = CARTESIAN_POINT('',(1.421570655802,4.940554289393));
#10888 = CARTESIAN_POINT('',(1.398794111557,4.940554289393));
#10889 = CARTESIAN_POINT('',(1.353241052988,4.940554289393));
#10890 = CARTESIAN_POINT('',(1.330464508743,4.940554289393));
#10891 = CARTESIAN_POINT('',(1.307687954524,4.940554289393));
#10892 = CARTESIAN_POINT('',(1.284911395318,4.940554289393));
#10893 = CARTESIAN_POINT('',(1.262134836112,4.940554289393));
#10894 = CARTESIAN_POINT('',(1.239358281893,4.940554289393));
#10895 = CARTESIAN_POINT('',(1.216581737648,4.940554289393));
#10896 = CARTESIAN_POINT('',(1.17102867908,4.940554289393));
#10897 = CARTESIAN_POINT('',(1.148252134835,4.940554289393));
#10898 = CARTESIAN_POINT('',(1.125475580616,4.940554289393));
#10899 = CARTESIAN_POINT('',(1.10269902141,4.940554289393));
#10900 = CARTESIAN_POINT('',(1.079922462204,4.940554289393));
#10901 = CARTESIAN_POINT('',(1.057145907985,4.940554289393));
#10902 = CARTESIAN_POINT('',(1.03436936374,4.940554289393));
#10903 = CARTESIAN_POINT('',(0.988816305172,4.940554289393));
#10904 = CARTESIAN_POINT('',(0.966039760927,4.940554289393));
#10905 = CARTESIAN_POINT('',(0.943263206708,4.940554289393));
#10906 = CARTESIAN_POINT('',(0.920486647502,4.940554289393));
#10907 = CARTESIAN_POINT('',(0.897710088296,4.940554289393));
#10908 = CARTESIAN_POINT('',(0.874933534077,4.940554289393));
#10909 = CARTESIAN_POINT('',(0.852156989832,4.940554289393));
#10910 = CARTESIAN_POINT('',(0.806603931264,4.940554289393));
#10911 = CARTESIAN_POINT('',(0.783827387019,4.940554289393));
#10912 = CARTESIAN_POINT('',(0.7610508328,4.940554289393));
#10913 = CARTESIAN_POINT('',(0.738274273594,4.940554289393));
#10914 = CARTESIAN_POINT('',(0.715497714388,4.940554289393));
#10915 = CARTESIAN_POINT('',(0.692721160169,4.940554289393));
#10916 = CARTESIAN_POINT('',(0.669944615924,4.940554289393));
#10917 = CARTESIAN_POINT('',(0.566281339815,4.940554289393));
#10918 = CARTESIAN_POINT('',(0.48537016289,4.940554289393));
#10919 = CARTESIAN_POINT('',(0.404471684365,4.940554289393));
#10920 = CARTESIAN_POINT('',(0.323584043323,4.940554289393));
#10921 = CARTESIAN_POINT('',(0.24269640227,4.940554289393));
#10922 = CARTESIAN_POINT('',(0.161797923751,4.940554289393));
#10923 = CARTESIAN_POINT('',(8.088674682459E-02,4.940554289393));
#10924 = CARTESIAN_POINT('',(0.,4.940554289393));
#10925 = ( GEOMETRIC_REPRESENTATION_CONTEXT(2) 
PARAMETRIC_REPRESENTATION_CONTEXT() REPRESENTATION_CONTEXT('2D SPACE',''
  ) );
#10926 = PCURVE('',#1107,#10927);
#10927 = DEFINITIONAL_REPRESENTATION('',(#10928),#11155);
#10928 = B_SPLINE_CURVE_WITH_KNOTS('',8,(#10929,#10930,#10931,#10932,
    #10933,#10934,#10935,#10936,#10937,#10938,#10939,#10940,#10941,
    #10942,#10943,#10944,#10945,#10946,#10947,#10948,#10949,#10950,
    #10951,#10952,#10953,#10954,#10955,#10956,#10957,#10958,#10959,
    #10960,#10961,#10962,#10963,#10964,#10965,#10966,#10967,#10968,
    #10969,#10970,#10971,#10972,#10973,#10974,#10975,#10976,#10977,
    #10978,#10979,#10980,#10981,#10982,#10983,#10984,#10985,#10986,
    #10987,#10988,#10989,#10990,#10991,#10992,#10993,#10994,#10995,
    #10996,#10997,#10998,#10999,#11000,#11001,#11002,#11003,#11004,
    #11005,#11006,#11007,#11008,#11009,#11010,#11011,#11012,#11013,
    #11014,#11015,#11016,#11017,#11018,#11019,#11020,#11021,#11022,
    #11023,#11024,#11025,#11026,#11027,#11028,#11029,#11030,#11031,
    #11032,#11033,#11034,#11035,#11036,#11037,#11038,#11039,#11040,
    #11041,#11042,#11043,#11044,#11045,#11046,#11047,#11048,#11049,
    #11050,#11051,#11052,#11053,#11054,#11055,#11056,#11057,#11058,
    #11059,#11060,#11061,#11062,#11063,#11064,#11065,#11066,#11067,
    #11068,#11069,#11070,#11071,#11072,#11073,#11074,#11075,#11076,
    #11077,#11078,#11079,#11080,#11081,#11082,#11083,#11084,#11085,
    #11086,#11087,#11088,#11089,#11090,#11091,#11092,#11093,#11094,
    #11095,#11096,#11097,#11098,#11099,#11100,#11101,#11102,#11103,
    #11104,#11105,#11106,#11107,#11108,#11109,#11110,#11111,#11112,
    #11113,#11114,#11115,#11116,#11117,#11118,#11119,#11120,#11121,
    #11122,#11123,#11124,#11125,#11126,#11127,#11128,#11129,#11130,
    #11131,#11132,#11133,#11134,#11135,#11136,#11137,#11138,#11139,
    #11140,#11141,#11142,#11143,#11144,#11145,#11146,#11147,#11148,
    #11149,#11150,#11151,#11152,#11153,#11154),.UNSPECIFIED.,.F.,.F.,(9,
    7,7,7,7,7,7,7,7,7,7,7,7,7,7,7,7,7,7,7,7,7,7,7,7,7,7,7,7,7,7,7,9),(0.
    ,2.900033961573E-02,5.800067923147E-02,8.70010188472E-02,
    0.116001358463,0.145001698079,0.174002037694,0.20300237731,
    0.231002708027,0.260003047643,0.289003387259,0.318003726875,
    0.34700406649,0.376004406106,0.404004736823,0.433005076439,
    0.462005416055,0.49100575567,0.520006095286,0.549006434902,
    0.578006774518,0.607007114133,0.636007453749,0.665007793365,
    0.69400813298,0.723008472596,0.752008812212,0.781009151828,
    0.810009491443,0.839009831059,0.868010170675,0.89701051029,1.),
  .UNSPECIFIED.);
#10929 = CARTESIAN_POINT('',(6.28318530718,8.53307686802));
#10930 = CARTESIAN_POINT('',(6.260408777895,8.53307686802));
#10931 = CARTESIAN_POINT('',(6.23763223365,8.53307686802));
#10932 = CARTESIAN_POINT('',(6.214855679431,8.53307686802));
#10933 = CARTESIAN_POINT('',(6.192079120225,8.53307686802));
#10934 = CARTESIAN_POINT('',(6.16930256102,8.53307686802));
#10935 = CARTESIAN_POINT('',(6.146526006801,8.53307686802));
#10936 = CARTESIAN_POINT('',(6.123749462556,8.53307686802));
#10937 = CARTESIAN_POINT('',(6.078196403987,8.53307686802));
#10938 = CARTESIAN_POINT('',(6.055419859742,8.53307686802));
#10939 = CARTESIAN_POINT('',(6.032643305523,8.53307686802));
#10940 = CARTESIAN_POINT('',(6.009866746317,8.53307686802));
#10941 = CARTESIAN_POINT('',(5.987090187111,8.53307686802));
#10942 = CARTESIAN_POINT('',(5.964313632892,8.53307686802));
#10943 = CARTESIAN_POINT('',(5.941537088647,8.53307686802));
#10944 = CARTESIAN_POINT('',(5.895984030079,8.53307686802));
#10945 = CARTESIAN_POINT('',(5.873207485834,8.53307686802));
#10946 = CARTESIAN_POINT('',(5.850430931615,8.53307686802));
#10947 = CARTESIAN_POINT('',(5.827654372409,8.53307686802));
#10948 = CARTESIAN_POINT('',(5.804877813203,8.53307686802));
#10949 = CARTESIAN_POINT('',(5.782101258984,8.53307686802));
#10950 = CARTESIAN_POINT('',(5.759324714739,8.53307686802));
#10951 = CARTESIAN_POINT('',(5.713771656171,8.53307686802));
#10952 = CARTESIAN_POINT('',(5.690995111926,8.53307686802));
#10953 = CARTESIAN_POINT('',(5.668218557707,8.53307686802));
#10954 = CARTESIAN_POINT('',(5.645441998501,8.53307686802));
#10955 = CARTESIAN_POINT('',(5.622665439295,8.53307686802));
#10956 = CARTESIAN_POINT('',(5.599888885076,8.53307686802));
#10957 = CARTESIAN_POINT('',(5.577112340831,8.53307686802));
#10958 = CARTESIAN_POINT('',(5.531559282263,8.53307686802));
#10959 = CARTESIAN_POINT('',(5.508782738018,8.53307686802));
#10960 = CARTESIAN_POINT('',(5.486006183799,8.53307686802));
#10961 = CARTESIAN_POINT('',(5.463229624593,8.53307686802));
#10962 = CARTESIAN_POINT('',(5.440453065387,8.53307686802));
#10963 = CARTESIAN_POINT('',(5.417676511168,8.53307686802));
#10964 = CARTESIAN_POINT('',(5.394899966923,8.53307686802));
#10965 = CARTESIAN_POINT('',(5.349346908354,8.53307686802));
#10966 = CARTESIAN_POINT('',(5.326570364109,8.53307686802));
#10967 = CARTESIAN_POINT('',(5.30379380989,8.53307686802));
#10968 = CARTESIAN_POINT('',(5.281017250685,8.53307686802));
#10969 = CARTESIAN_POINT('',(5.258240691479,8.53307686802));
#10970 = CARTESIAN_POINT('',(5.23546413726,8.53307686802));
#10971 = CARTESIAN_POINT('',(5.212687593015,8.53307686802));
#10972 = CARTESIAN_POINT('',(5.167134534446,8.53307686802));
#10973 = CARTESIAN_POINT('',(5.144357990201,8.53307686802));
#10974 = CARTESIAN_POINT('',(5.121581435982,8.53307686802));
#10975 = CARTESIAN_POINT('',(5.098804876776,8.53307686802));
#10976 = CARTESIAN_POINT('',(5.07602831757,8.53307686802));
#10977 = CARTESIAN_POINT('',(5.053251763351,8.53307686802));
#10978 = CARTESIAN_POINT('',(5.030475219106,8.53307686802));
#10979 = CARTESIAN_POINT('',(4.985707555891,8.53307686802));
#10980 = CARTESIAN_POINT('',(4.963716409408,8.53307686802));
#10981 = CARTESIAN_POINT('',(4.941725254557,8.53307686802));
#10982 = CARTESIAN_POINT('',(4.919734095522,8.53307686802));
#10983 = CARTESIAN_POINT('',(4.897742936487,8.53307686802));
#10984 = CARTESIAN_POINT('',(4.875751781636,8.53307686802));
#10985 = CARTESIAN_POINT('',(4.853760635153,8.53307686802));
#10986 = CARTESIAN_POINT('',(4.808992971937,8.53307686802));
#10987 = CARTESIAN_POINT('',(4.786216427692,8.53307686802));
#10988 = CARTESIAN_POINT('',(4.763439873473,8.53307686802));
#10989 = CARTESIAN_POINT('',(4.740663314267,8.53307686802));
#10990 = CARTESIAN_POINT('',(4.717886755061,8.53307686802));
#10991 = CARTESIAN_POINT('',(4.695110200842,8.53307686802));
#10992 = CARTESIAN_POINT('',(4.672333656597,8.53307686802));
#10993 = CARTESIAN_POINT('',(4.626780598029,8.53307686802));
#10994 = CARTESIAN_POINT('',(4.604004053784,8.53307686802));
#10995 = CARTESIAN_POINT('',(4.581227499565,8.53307686802));
#10996 = CARTESIAN_POINT('',(4.558450940359,8.53307686802));
#10997 = CARTESIAN_POINT('',(4.535674381153,8.53307686802));
#10998 = CARTESIAN_POINT('',(4.512897826934,8.53307686802));
#10999 = CARTESIAN_POINT('',(4.490121282689,8.53307686802));
#11000 = CARTESIAN_POINT('',(4.444568224121,8.53307686802));
#11001 = CARTESIAN_POINT('',(4.421791679876,8.53307686802));
#11002 = CARTESIAN_POINT('',(4.399015125657,8.53307686802));
#11003 = CARTESIAN_POINT('',(4.376238566451,8.53307686802));
#11004 = CARTESIAN_POINT('',(4.353462007245,8.53307686802));
#11005 = CARTESIAN_POINT('',(4.330685453026,8.53307686802));
#11006 = CARTESIAN_POINT('',(4.307908908781,8.53307686802));
#11007 = CARTESIAN_POINT('',(4.262355850212,8.53307686802));
#11008 = CARTESIAN_POINT('',(4.239579305967,8.53307686802));
#11009 = CARTESIAN_POINT('',(4.216802751748,8.53307686802));
#11010 = CARTESIAN_POINT('',(4.194026192543,8.53307686802));
#11011 = CARTESIAN_POINT('',(4.171249633337,8.53307686802));
#11012 = CARTESIAN_POINT('',(4.148473079118,8.53307686802));
#11013 = CARTESIAN_POINT('',(4.125696534873,8.53307686802));
#11014 = CARTESIAN_POINT('',(4.080143476304,8.53307686802));
#11015 = CARTESIAN_POINT('',(4.057366932059,8.53307686802));
#11016 = CARTESIAN_POINT('',(4.03459037784,8.53307686802));
#11017 = CARTESIAN_POINT('',(4.011813818634,8.53307686802));
#11018 = CARTESIAN_POINT('',(3.989037259428,8.53307686802));
#11019 = CARTESIAN_POINT('',(3.966260705209,8.53307686802));
#11020 = CARTESIAN_POINT('',(3.943484160964,8.53307686802));
#11021 = CARTESIAN_POINT('',(3.898716497749,8.53307686802));
#11022 = CARTESIAN_POINT('',(3.876725351266,8.53307686802));
#11023 = CARTESIAN_POINT('',(3.854734196415,8.53307686802));
#11024 = CARTESIAN_POINT('',(3.83274303738,8.53307686802));
#11025 = CARTESIAN_POINT('',(3.810751878345,8.53307686802));
#11026 = CARTESIAN_POINT('',(3.788760723494,8.53307686802));
#11027 = CARTESIAN_POINT('',(3.766769577011,8.53307686802));
#11028 = CARTESIAN_POINT('',(3.722001913795,8.53307686802));
#11029 = CARTESIAN_POINT('',(3.69922536955,8.53307686802));
#11030 = CARTESIAN_POINT('',(3.676448815331,8.53307686802));
#11031 = CARTESIAN_POINT('',(3.653672256125,8.53307686802));
#11032 = CARTESIAN_POINT('',(3.630895696919,8.53307686802));
#11033 = CARTESIAN_POINT('',(3.6081191427,8.53307686802));
#11034 = CARTESIAN_POINT('',(3.585342598455,8.53307686802));
#11035 = CARTESIAN_POINT('',(3.539789539887,8.53307686802));
#11036 = CARTESIAN_POINT('',(3.517012995642,8.53307686802));
#11037 = CARTESIAN_POINT('',(3.494236441423,8.53307686802));
#11038 = CARTESIAN_POINT('',(3.471459882217,8.53307686802));
#11039 = CARTESIAN_POINT('',(3.448683323011,8.53307686802));
#11040 = CARTESIAN_POINT('',(3.425906768792,8.53307686802));
#11041 = CARTESIAN_POINT('',(3.403130224547,8.53307686802));
#11042 = CARTESIAN_POINT('',(3.357577165979,8.53307686802));
#11043 = CARTESIAN_POINT('',(3.334800621734,8.53307686802));
#11044 = CARTESIAN_POINT('',(3.312024067515,8.53307686802));
#11045 = CARTESIAN_POINT('',(3.289247508309,8.53307686802));
#11046 = CARTESIAN_POINT('',(3.266470949103,8.53307686802));
#11047 = CARTESIAN_POINT('',(3.243694394884,8.53307686802));
#11048 = CARTESIAN_POINT('',(3.220917850639,8.53307686802));
#11049 = CARTESIAN_POINT('',(3.17536479207,8.53307686802));
#11050 = CARTESIAN_POINT('',(3.152588247825,8.53307686802));
#11051 = CARTESIAN_POINT('',(3.129811693606,8.53307686802));
#11052 = CARTESIAN_POINT('',(3.1070351344,8.53307686802));
#11053 = CARTESIAN_POINT('',(3.084258575195,8.53307686802));
#11054 = CARTESIAN_POINT('',(3.061482020976,8.53307686802));
#11055 = CARTESIAN_POINT('',(3.038705476731,8.53307686802));
#11056 = CARTESIAN_POINT('',(2.993152418162,8.53307686802));
#11057 = CARTESIAN_POINT('',(2.970375873917,8.53307686802));
#11058 = CARTESIAN_POINT('',(2.947599319698,8.53307686802));
#11059 = CARTESIAN_POINT('',(2.924822760492,8.53307686802));
#11060 = CARTESIAN_POINT('',(2.902046201286,8.53307686802));
#11061 = CARTESIAN_POINT('',(2.879269647067,8.53307686802));
#11062 = CARTESIAN_POINT('',(2.856493102822,8.53307686802));
#11063 = CARTESIAN_POINT('',(2.810940044254,8.53307686802));
#11064 = CARTESIAN_POINT('',(2.788163500009,8.53307686802));
#11065 = CARTESIAN_POINT('',(2.76538694579,8.53307686802));
#11066 = CARTESIAN_POINT('',(2.742610386584,8.53307686802));
#11067 = CARTESIAN_POINT('',(2.719833827378,8.53307686802));
#11068 = CARTESIAN_POINT('',(2.697057273159,8.53307686802));
#11069 = CARTESIAN_POINT('',(2.674280728914,8.53307686802));
#11070 = CARTESIAN_POINT('',(2.628727670346,8.53307686802));
#11071 = CARTESIAN_POINT('',(2.605951126101,8.53307686802));
#11072 = CARTESIAN_POINT('',(2.583174571882,8.53307686802));
#11073 = CARTESIAN_POINT('',(2.560398012676,8.53307686802));
#11074 = CARTESIAN_POINT('',(2.53762145347,8.53307686802));
#11075 = CARTESIAN_POINT('',(2.514844899251,8.53307686802));
#11076 = CARTESIAN_POINT('',(2.492068355006,8.53307686802));
#11077 = CARTESIAN_POINT('',(2.446515296438,8.53307686802));
#11078 = CARTESIAN_POINT('',(2.423738752192,8.53307686802));
#11079 = CARTESIAN_POINT('',(2.400962197974,8.53307686802));
#11080 = CARTESIAN_POINT('',(2.378185638768,8.53307686802));
#11081 = CARTESIAN_POINT('',(2.355409079562,8.53307686802));
#11082 = CARTESIAN_POINT('',(2.332632525343,8.53307686802));
#11083 = CARTESIAN_POINT('',(2.309855981098,8.53307686802));
#11084 = CARTESIAN_POINT('',(2.264302922529,8.53307686802));
#11085 = CARTESIAN_POINT('',(2.241526378284,8.53307686802));
#11086 = CARTESIAN_POINT('',(2.218749824065,8.53307686802));
#11087 = CARTESIAN_POINT('',(2.195973264859,8.53307686802));
#11088 = CARTESIAN_POINT('',(2.173196705653,8.53307686802));
#11089 = CARTESIAN_POINT('',(2.150420151435,8.53307686802));
#11090 = CARTESIAN_POINT('',(2.127643607189,8.53307686802));
#11091 = CARTESIAN_POINT('',(2.082090548621,8.53307686802));
#11092 = CARTESIAN_POINT('',(2.059314004376,8.53307686802));
#11093 = CARTESIAN_POINT('',(2.036537450157,8.53307686802));
#11094 = CARTESIAN_POINT('',(2.013760890951,8.53307686802));
#11095 = CARTESIAN_POINT('',(1.990984331745,8.53307686802));
#11096 = CARTESIAN_POINT('',(1.968207777526,8.53307686802));
#11097 = CARTESIAN_POINT('',(1.945431233281,8.53307686802));
#11098 = CARTESIAN_POINT('',(1.899878174713,8.53307686802));
#11099 = CARTESIAN_POINT('',(1.877101630468,8.53307686802));
#11100 = CARTESIAN_POINT('',(1.854325076249,8.53307686802));
#11101 = CARTESIAN_POINT('',(1.831548517043,8.53307686802));
#11102 = CARTESIAN_POINT('',(1.808771957837,8.53307686802));
#11103 = CARTESIAN_POINT('',(1.785995403618,8.53307686802));
#11104 = CARTESIAN_POINT('',(1.763218859373,8.53307686802));
#11105 = CARTESIAN_POINT('',(1.717665800805,8.53307686802));
#11106 = CARTESIAN_POINT('',(1.69488925656,8.53307686802));
#11107 = CARTESIAN_POINT('',(1.672112702341,8.53307686802));
#11108 = CARTESIAN_POINT('',(1.649336143135,8.53307686802));
#11109 = CARTESIAN_POINT('',(1.626559583929,8.53307686802));
#11110 = CARTESIAN_POINT('',(1.60378302971,8.53307686802));
#11111 = CARTESIAN_POINT('',(1.581006485465,8.53307686802));
#11112 = CARTESIAN_POINT('',(1.535453426896,8.53307686802));
#11113 = CARTESIAN_POINT('',(1.512676882651,8.53307686802));
#11114 = CARTESIAN_POINT('',(1.489900328432,8.53307686802));
#11115 = CARTESIAN_POINT('',(1.467123769227,8.53307686802));
#11116 = CARTESIAN_POINT('',(1.444347210021,8.53307686802));
#11117 = CARTESIAN_POINT('',(1.421570655802,8.53307686802));
#11118 = CARTESIAN_POINT('',(1.398794111557,8.53307686802));
#11119 = CARTESIAN_POINT('',(1.353241052988,8.53307686802));
#11120 = CARTESIAN_POINT('',(1.330464508743,8.53307686802));
#11121 = CARTESIAN_POINT('',(1.307687954524,8.53307686802));
#11122 = CARTESIAN_POINT('',(1.284911395318,8.53307686802));
#11123 = CARTESIAN_POINT('',(1.262134836112,8.53307686802));
#11124 = CARTESIAN_POINT('',(1.239358281893,8.53307686802));
#11125 = CARTESIAN_POINT('',(1.216581737648,8.53307686802));
#11126 = CARTESIAN_POINT('',(1.17102867908,8.53307686802));
#11127 = CARTESIAN_POINT('',(1.148252134835,8.53307686802));
#11128 = CARTESIAN_POINT('',(1.125475580616,8.53307686802));
#11129 = CARTESIAN_POINT('',(1.10269902141,8.53307686802));
#11130 = CARTESIAN_POINT('',(1.079922462204,8.53307686802));
#11131 = CARTESIAN_POINT('',(1.057145907985,8.53307686802));
#11132 = CARTESIAN_POINT('',(1.03436936374,8.53307686802));
#11133 = CARTESIAN_POINT('',(0.988816305172,8.53307686802));
#11134 = CARTESIAN_POINT('',(0.966039760927,8.53307686802));
#11135 = CARTESIAN_POINT('',(0.943263206708,8.53307686802));
#11136 = CARTESIAN_POINT('',(0.920486647502,8.53307686802));
#11137 = CARTESIAN_POINT('',(0.897710088296,8.53307686802));
#11138 = CARTESIAN_POINT('',(0.874933534077,8.53307686802));
#11139 = CARTESIAN_POINT('',(0.852156989832,8.53307686802));
#11140 = CARTESIAN_POINT('',(0.806603931264,8.53307686802));
#11141 = CARTESIAN_POINT('',(0.783827387019,8.53307686802));
#11142 = CARTESIAN_POINT('',(0.7610508328,8.53307686802));
#11143 = CARTESIAN_POINT('',(0.738274273594,8.53307686802));
#11144 = CARTESIAN_POINT('',(0.715497714388,8.53307686802));
#11145 = CARTESIAN_POINT('',(0.692721160169,8.53307686802));
#11146 = CARTESIAN_POINT('',(0.669944615924,8.53307686802));
#11147 = CARTESIAN_POINT('',(0.566281339815,8.53307686802));
#11148 = CARTESIAN_POINT('',(0.48537016289,8.53307686802));
#11149 = CARTESIAN_POINT('',(0.404471684365,8.53307686802));
#11150 = CARTESIAN_POINT('',(0.323584043323,8.53307686802));
#11151 = CARTESIAN_POINT('',(0.242696402269,8.53307686802));
#11152 = CARTESIAN_POINT('',(0.161797923751,8.53307686802));
#11153 = CARTESIAN_POINT('',(8.088674682459E-02,8.53307686802));
#11154 = CARTESIAN_POINT('',(0.,8.53307686802));
#11155 = ( GEOMETRIC_REPRESENTATION_CONTEXT(2) 
PARAMETRIC_REPRESENTATION_CONTEXT() REPRESENTATION_CONTEXT('2D SPACE',''
  ) );
#11156 = ORIENTED_EDGE('',*,*,#10443,.F.);
#11157 = ADVANCED_FACE('',(#11158),#5110,.F.);
#11158 = FACE_BOUND('',#11159,.F.);
#11159 = EDGE_LOOP('',(#11160,#11161,#11182,#11183));
#11160 = ORIENTED_EDGE('',*,*,#5320,.F.);
#11161 = ORIENTED_EDGE('',*,*,#11162,.F.);
#11162 = EDGE_CURVE('',#5094,#5321,#11163,.T.);
#11163 = SEAM_CURVE('',#11164,(#11168,#11175),.PCURVE_S1.);
#11164 = LINE('',#11165,#11166);
#11165 = CARTESIAN_POINT('',(4.5,-1.102182119233E-15,-105.1));
#11166 = VECTOR('',#11167,1.);
#11167 = DIRECTION('',(0.,0.,1.));
#11168 = PCURVE('',#5110,#11169);
#11169 = DEFINITIONAL_REPRESENTATION('',(#11170),#11174);
#11170 = LINE('',#11171,#11172);
#11171 = CARTESIAN_POINT('',(6.28318530718,-0.));
#11172 = VECTOR('',#11173,1.);
#11173 = DIRECTION('',(0.,1.));
#11174 = ( GEOMETRIC_REPRESENTATION_CONTEXT(2) 
PARAMETRIC_REPRESENTATION_CONTEXT() REPRESENTATION_CONTEXT('2D SPACE',''
  ) );
#11175 = PCURVE('',#5110,#11176);
#11176 = DEFINITIONAL_REPRESENTATION('',(#11177),#11181);
#11177 = LINE('',#11178,#11179);
#11178 = CARTESIAN_POINT('',(0.,-0.));
#11179 = VECTOR('',#11180,1.);
#11180 = DIRECTION('',(0.,1.));
#11181 = ( GEOMETRIC_REPRESENTATION_CONTEXT(2) 
PARAMETRIC_REPRESENTATION_CONTEXT() REPRESENTATION_CONTEXT('2D SPACE',''
  ) );
#11182 = ORIENTED_EDGE('',*,*,#5093,.T.);
#11183 = ORIENTED_EDGE('',*,*,#11162,.T.);
#11184 = ADVANCED_FACE('',(#11185),#5079,.F.);
#11185 = FACE_BOUND('',#11186,.F.);
#11186 = EDGE_LOOP('',(#11187,#11188,#11209,#11210));
#11187 = ORIENTED_EDGE('',*,*,#5294,.F.);
#11188 = ORIENTED_EDGE('',*,*,#11189,.F.);
#11189 = EDGE_CURVE('',#5063,#5295,#11190,.T.);
#11190 = SEAM_CURVE('',#11191,(#11195,#11202),.PCURVE_S1.);
#11191 = LINE('',#11192,#11193);
#11192 = CARTESIAN_POINT('',(-6.3,8.,-105.1));
#11193 = VECTOR('',#11194,1.);
#11194 = DIRECTION('',(0.,0.,1.));
#11195 = PCURVE('',#5079,#11196);
#11196 = DEFINITIONAL_REPRESENTATION('',(#11197),#11201);
#11197 = LINE('',#11198,#11199);
#11198 = CARTESIAN_POINT('',(6.28318530718,-0.));
#11199 = VECTOR('',#11200,1.);
#11200 = DIRECTION('',(0.,1.));
#11201 = ( GEOMETRIC_REPRESENTATION_CONTEXT(2) 
PARAMETRIC_REPRESENTATION_CONTEXT() REPRESENTATION_CONTEXT('2D SPACE',''
  ) );
#11202 = PCURVE('',#5079,#11203);
#11203 = DEFINITIONAL_REPRESENTATION('',(#11204),#11208);
#11204 = LINE('',#11205,#11206);
#11205 = CARTESIAN_POINT('',(0.,-0.));
#11206 = VECTOR('',#11207,1.);
#11207 = DIRECTION('',(0.,1.));
#11208 = ( GEOMETRIC_REPRESENTATION_CONTEXT(2) 
PARAMETRIC_REPRESENTATION_CONTEXT() REPRESENTATION_CONTEXT('2D SPACE',''
  ) );
#11209 = ORIENTED_EDGE('',*,*,#5062,.T.);
#11210 = ORIENTED_EDGE('',*,*,#11189,.T.);
#11211 = ADVANCED_FACE('',(#11212),#5048,.F.);
#11212 = FACE_BOUND('',#11213,.F.);
#11213 = EDGE_LOOP('',(#11214,#11215,#11236,#11237));
#11214 = ORIENTED_EDGE('',*,*,#5268,.F.);
#11215 = ORIENTED_EDGE('',*,*,#11216,.F.);
#11216 = EDGE_CURVE('',#5032,#5269,#11217,.T.);
#11217 = SEAM_CURVE('',#11218,(#11222,#11229),.PCURVE_S1.);
#11218 = LINE('',#11219,#11220);
#11219 = CARTESIAN_POINT('',(9.7,-8.,-105.1));
#11220 = VECTOR('',#11221,1.);
#11221 = DIRECTION('',(0.,0.,1.));
#11222 = PCURVE('',#5048,#11223);
#11223 = DEFINITIONAL_REPRESENTATION('',(#11224),#11228);
#11224 = LINE('',#11225,#11226);
#11225 = CARTESIAN_POINT('',(6.28318530718,-0.));
#11226 = VECTOR('',#11227,1.);
#11227 = DIRECTION('',(0.,1.));
#11228 = ( GEOMETRIC_REPRESENTATION_CONTEXT(2) 
PARAMETRIC_REPRESENTATION_CONTEXT() REPRESENTATION_CONTEXT('2D SPACE',''
  ) );
#11229 = PCURVE('',#5048,#11230);
#11230 = DEFINITIONAL_REPRESENTATION('',(#11231),#11235);
#11231 = LINE('',#11232,#11233);
#11232 = CARTESIAN_POINT('',(0.,-0.));
#11233 = VECTOR('',#11234,1.);
#11234 = DIRECTION('',(0.,1.));
#11235 = ( GEOMETRIC_REPRESENTATION_CONTEXT(2) 
PARAMETRIC_REPRESENTATION_CONTEXT() REPRESENTATION_CONTEXT('2D SPACE',''
  ) );
#11236 = ORIENTED_EDGE('',*,*,#5031,.T.);
#11237 = ORIENTED_EDGE('',*,*,#11216,.T.);
#11238 = ADVANCED_FACE('',(#11239),#5017,.F.);
#11239 = FACE_BOUND('',#11240,.F.);
#11240 = EDGE_LOOP('',(#11241,#11242,#11263,#11264));
#11241 = ORIENTED_EDGE('',*,*,#5242,.F.);
#11242 = ORIENTED_EDGE('',*,*,#11243,.F.);
#11243 = EDGE_CURVE('',#5001,#5243,#11244,.T.);
#11244 = SEAM_CURVE('',#11245,(#11249,#11256),.PCURVE_S1.);
#11245 = LINE('',#11246,#11247);
#11246 = CARTESIAN_POINT('',(-6.3,-8.,-105.1));
#11247 = VECTOR('',#11248,1.);
#11248 = DIRECTION('',(0.,0.,1.));
#11249 = PCURVE('',#5017,#11250);
#11250 = DEFINITIONAL_REPRESENTATION('',(#11251),#11255);
#11251 = LINE('',#11252,#11253);
#11252 = CARTESIAN_POINT('',(6.28318530718,-0.));
#11253 = VECTOR('',#11254,1.);
#11254 = DIRECTION('',(0.,1.));
#11255 = ( GEOMETRIC_REPRESENTATION_CONTEXT(2) 
PARAMETRIC_REPRESENTATION_CONTEXT() REPRESENTATION_CONTEXT('2D SPACE',''
  ) );
#11256 = PCURVE('',#5017,#11257);
#11257 = DEFINITIONAL_REPRESENTATION('',(#11258),#11262);
#11258 = LINE('',#11259,#11260);
#11259 = CARTESIAN_POINT('',(0.,-0.));
#11260 = VECTOR('',#11261,1.);
#11261 = DIRECTION('',(0.,1.));
#11262 = ( GEOMETRIC_REPRESENTATION_CONTEXT(2) 
PARAMETRIC_REPRESENTATION_CONTEXT() REPRESENTATION_CONTEXT('2D SPACE',''
  ) );
#11263 = ORIENTED_EDGE('',*,*,#5000,.T.);
#11264 = ORIENTED_EDGE('',*,*,#11243,.T.);
#11265 = ADVANCED_FACE('',(#11266),#2177,.F.);
#11266 = FACE_BOUND('',#11267,.F.);
#11267 = EDGE_LOOP('',(#11268,#11269,#11290,#11291));
#11268 = ORIENTED_EDGE('',*,*,#3811,.F.);
#11269 = ORIENTED_EDGE('',*,*,#11270,.F.);
#11270 = EDGE_CURVE('',#2019,#3812,#11271,.T.);
#11271 = SEAM_CURVE('',#11272,(#11276,#11283),.PCURVE_S1.);
#11272 = LINE('',#11273,#11274);
#11273 = CARTESIAN_POINT('',(9.7,8.,-105.1));
#11274 = VECTOR('',#11275,1.);
#11275 = DIRECTION('',(0.,0.,1.));
#11276 = PCURVE('',#2177,#11277);
#11277 = DEFINITIONAL_REPRESENTATION('',(#11278),#11282);
#11278 = LINE('',#11279,#11280);
#11279 = CARTESIAN_POINT('',(0.,-0.));
#11280 = VECTOR('',#11281,1.);
#11281 = DIRECTION('',(0.,1.));
#11282 = ( GEOMETRIC_REPRESENTATION_CONTEXT(2) 
PARAMETRIC_REPRESENTATION_CONTEXT() REPRESENTATION_CONTEXT('2D SPACE',''
  ) );
#11283 = PCURVE('',#2177,#11284);
#11284 = DEFINITIONAL_REPRESENTATION('',(#11285),#11289);
#11285 = LINE('',#11286,#11287);
#11286 = CARTESIAN_POINT('',(6.28318530718,-0.));
#11287 = VECTOR('',#11288,1.);
#11288 = DIRECTION('',(0.,1.));
#11289 = ( GEOMETRIC_REPRESENTATION_CONTEXT(2) 
PARAMETRIC_REPRESENTATION_CONTEXT() REPRESENTATION_CONTEXT('2D SPACE',''
  ) );
#11290 = ORIENTED_EDGE('',*,*,#2018,.T.);
#11291 = ORIENTED_EDGE('',*,*,#11270,.T.);
#11292 = ADVANCED_FACE('',(#11293),#1916,.F.);
#11293 = FACE_BOUND('',#11294,.F.);
#11294 = EDGE_LOOP('',(#11295,#11296,#11317,#11318));
#11295 = ORIENTED_EDGE('',*,*,#4563,.F.);
#11296 = ORIENTED_EDGE('',*,*,#11297,.F.);
#11297 = EDGE_CURVE('',#1758,#4564,#11298,.T.);
#11298 = SEAM_CURVE('',#11299,(#11303,#11310),.PCURVE_S1.);
#11299 = LINE('',#11300,#11301);
#11300 = CARTESIAN_POINT('',(9.7,-8.,-105.1));
#11301 = VECTOR('',#11302,1.);
#11302 = DIRECTION('',(0.,0.,1.));
#11303 = PCURVE('',#1916,#11304);
#11304 = DEFINITIONAL_REPRESENTATION('',(#11305),#11309);
#11305 = LINE('',#11306,#11307);
#11306 = CARTESIAN_POINT('',(0.,-0.));
#11307 = VECTOR('',#11308,1.);
#11308 = DIRECTION('',(0.,1.));
#11309 = ( GEOMETRIC_REPRESENTATION_CONTEXT(2) 
PARAMETRIC_REPRESENTATION_CONTEXT() REPRESENTATION_CONTEXT('2D SPACE',''
  ) );
#11310 = PCURVE('',#1916,#11311);
#11311 = DEFINITIONAL_REPRESENTATION('',(#11312),#11316);
#11312 = LINE('',#11313,#11314);
#11313 = CARTESIAN_POINT('',(6.28318530718,-0.));
#11314 = VECTOR('',#11315,1.);
#11315 = DIRECTION('',(0.,1.));
#11316 = ( GEOMETRIC_REPRESENTATION_CONTEXT(2) 
PARAMETRIC_REPRESENTATION_CONTEXT() REPRESENTATION_CONTEXT('2D SPACE',''
  ) );
#11317 = ORIENTED_EDGE('',*,*,#1757,.T.);
#11318 = ORIENTED_EDGE('',*,*,#11297,.T.);
#11319 = ADVANCED_FACE('',(#11320),#1655,.F.);
#11320 = FACE_BOUND('',#11321,.F.);
#11321 = EDGE_LOOP('',(#11322,#11323,#11344,#11345));
#11322 = ORIENTED_EDGE('',*,*,#4179,.F.);
#11323 = ORIENTED_EDGE('',*,*,#11324,.F.);
#11324 = EDGE_CURVE('',#1497,#4180,#11325,.T.);
#11325 = SEAM_CURVE('',#11326,(#11330,#11337),.PCURVE_S1.);
#11326 = LINE('',#11327,#11328);
#11327 = CARTESIAN_POINT('',(-6.3,-8.,-105.1));
#11328 = VECTOR('',#11329,1.);
#11329 = DIRECTION('',(0.,0.,1.));
#11330 = PCURVE('',#1655,#11331);
#11331 = DEFINITIONAL_REPRESENTATION('',(#11332),#11336);
#11332 = LINE('',#11333,#11334);
#11333 = CARTESIAN_POINT('',(0.,-0.));
#11334 = VECTOR('',#11335,1.);
#11335 = DIRECTION('',(0.,1.));
#11336 = ( GEOMETRIC_REPRESENTATION_CONTEXT(2) 
PARAMETRIC_REPRESENTATION_CONTEXT() REPRESENTATION_CONTEXT('2D SPACE',''
  ) );
#11337 = PCURVE('',#1655,#11338);
#11338 = DEFINITIONAL_REPRESENTATION('',(#11339),#11343);
#11339 = LINE('',#11340,#11341);
#11340 = CARTESIAN_POINT('',(6.28318530718,-0.));
#11341 = VECTOR('',#11342,1.);
#11342 = DIRECTION('',(0.,1.));
#11343 = ( GEOMETRIC_REPRESENTATION_CONTEXT(2) 
PARAMETRIC_REPRESENTATION_CONTEXT() REPRESENTATION_CONTEXT('2D SPACE',''
  ) );
#11344 = ORIENTED_EDGE('',*,*,#1496,.T.);
#11345 = ORIENTED_EDGE('',*,*,#11324,.T.);
#11346 = ADVANCED_FACE('',(#11347),#1107,.T.);
#11347 = FACE_BOUND('',#11348,.T.);
#11348 = EDGE_LOOP('',(#11349,#11350,#11371,#11372));
#11349 = ORIENTED_EDGE('',*,*,#10467,.T.);
#11350 = ORIENTED_EDGE('',*,*,#11351,.F.);
#11351 = EDGE_CURVE('',#610,#10444,#11352,.T.);
#11352 = SEAM_CURVE('',#11353,(#11357,#11364),.PCURVE_S1.);
#11353 = LINE('',#11354,#11355);
#11354 = CARTESIAN_POINT('',(46.8,-1.146269404002E-14,-109.));
#11355 = VECTOR('',#11356,1.);
#11356 = DIRECTION('',(0.,0.,1.));
#11357 = PCURVE('',#1107,#11358);
#11358 = DEFINITIONAL_REPRESENTATION('',(#11359),#11363);
#11359 = LINE('',#11360,#11361);
#11360 = CARTESIAN_POINT('',(6.28318530718,-0.));
#11361 = VECTOR('',#11362,1.);
#11362 = DIRECTION('',(0.,1.));
#11363 = ( GEOMETRIC_REPRESENTATION_CONTEXT(2) 
PARAMETRIC_REPRESENTATION_CONTEXT() REPRESENTATION_CONTEXT('2D SPACE',''
  ) );
#11364 = PCURVE('',#1107,#11365);
#11365 = DEFINITIONAL_REPRESENTATION('',(#11366),#11370);
#11366 = LINE('',#11367,#11368);
#11367 = CARTESIAN_POINT('',(0.,-0.));
#11368 = VECTOR('',#11369,1.);
#11369 = DIRECTION('',(0.,1.));
#11370 = ( GEOMETRIC_REPRESENTATION_CONTEXT(2) 
PARAMETRIC_REPRESENTATION_CONTEXT() REPRESENTATION_CONTEXT('2D SPACE',''
  ) );
#11371 = ORIENTED_EDGE('',*,*,#633,.F.);
#11372 = ORIENTED_EDGE('',*,*,#11351,.T.);
#11373 = ADVANCED_FACE('',(#11374),#556,.F.);
#11374 = FACE_BOUND('',#11375,.F.);
#11375 = EDGE_LOOP('',(#11376,#11377,#11398,#11399,#11400,#11401));
#11376 = ORIENTED_EDGE('',*,*,#6820,.F.);
#11377 = ORIENTED_EDGE('',*,*,#11378,.F.);
#11378 = EDGE_CURVE('',#459,#6099,#11379,.T.);
#11379 = SEAM_CURVE('',#11380,(#11384,#11391),.PCURVE_S1.);
#11380 = LINE('',#11381,#11382);
#11381 = CARTESIAN_POINT('',(28.,-7.347880794884E-16,-109.));
#11382 = VECTOR('',#11383,1.);
#11383 = DIRECTION('',(0.,0.,1.));
#11384 = PCURVE('',#556,#11385);
#11385 = DEFINITIONAL_REPRESENTATION('',(#11386),#11390);
#11386 = LINE('',#11387,#11388);
#11387 = CARTESIAN_POINT('',(6.28318530718,-0.));
#11388 = VECTOR('',#11389,1.);
#11389 = DIRECTION('',(0.,1.));
#11390 = ( GEOMETRIC_REPRESENTATION_CONTEXT(2) 
PARAMETRIC_REPRESENTATION_CONTEXT() REPRESENTATION_CONTEXT('2D SPACE',''
  ) );
#11391 = PCURVE('',#556,#11392);
#11392 = DEFINITIONAL_REPRESENTATION('',(#11393),#11397);
#11393 = LINE('',#11394,#11395);
#11394 = CARTESIAN_POINT('',(0.,-0.));
#11395 = VECTOR('',#11396,1.);
#11396 = DIRECTION('',(0.,1.));
#11397 = ( GEOMETRIC_REPRESENTATION_CONTEXT(2) 
PARAMETRIC_REPRESENTATION_CONTEXT() REPRESENTATION_CONTEXT('2D SPACE',''
  ) );
#11398 = ORIENTED_EDGE('',*,*,#1350,.T.);
#11399 = ORIENTED_EDGE('',*,*,#458,.T.);
#11400 = ORIENTED_EDGE('',*,*,#11378,.T.);
#11401 = ORIENTED_EDGE('',*,*,#7026,.F.);
#11402 = ADVANCED_FACE('',(#11403),#320,.F.);
#11403 = FACE_BOUND('',#11404,.F.);
#11404 = EDGE_LOOP('',(#11405,#11406,#11427,#11428));
#11405 = ORIENTED_EDGE('',*,*,#2984,.T.);
#11406 = ORIENTED_EDGE('',*,*,#11407,.F.);
#11407 = EDGE_CURVE('',#22,#2959,#11408,.T.);
#11408 = SEAM_CURVE('',#11409,(#11413,#11420),.PCURVE_S1.);
#11409 = LINE('',#11410,#11411);
#11410 = CARTESIAN_POINT('',(4.5,-1.102182119233E-15,-105.1));
#11411 = VECTOR('',#11412,1.);
#11412 = DIRECTION('',(0.,0.,1.));
#11413 = PCURVE('',#320,#11414);
#11414 = DEFINITIONAL_REPRESENTATION('',(#11415),#11419);
#11415 = LINE('',#11416,#11417);
#11416 = CARTESIAN_POINT('',(6.28318530718,-0.));
#11417 = VECTOR('',#11418,1.);
#11418 = DIRECTION('',(0.,1.));
#11419 = ( GEOMETRIC_REPRESENTATION_CONTEXT(2) 
PARAMETRIC_REPRESENTATION_CONTEXT() REPRESENTATION_CONTEXT('2D SPACE',''
  ) );
#11420 = PCURVE('',#320,#11421);
#11421 = DEFINITIONAL_REPRESENTATION('',(#11422),#11426);
#11422 = LINE('',#11423,#11424);
#11423 = CARTESIAN_POINT('',(0.,-0.));
#11424 = VECTOR('',#11425,1.);
#11425 = DIRECTION('',(0.,1.));
#11426 = ( GEOMETRIC_REPRESENTATION_CONTEXT(2) 
PARAMETRIC_REPRESENTATION_CONTEXT() REPRESENTATION_CONTEXT('2D SPACE',''
  ) );
#11427 = ORIENTED_EDGE('',*,*,#56,.F.);
#11428 = ORIENTED_EDGE('',*,*,#11407,.T.);
#11429 = ( GEOMETRIC_REPRESENTATION_CONTEXT(3) 
GLOBAL_UNCERTAINTY_ASSIGNED_CONTEXT((#11433)) 
GLOBAL_UNIT_ASSIGNED_CONTEXT((#11430,#11431,#11432)) 
REPRESENTATION_CONTEXT('Context #1',
  '3D Context with UNIT and UNCERTAINTY') );
#11430 = ( LENGTH_UNIT() NAMED_UNIT(*) SI_UNIT(.MILLI.,.METRE.) );
#11431 = ( NAMED_UNIT(*) PLANE_ANGLE_UNIT() SI_UNIT($,.RADIAN.) );
#11432 = ( NAMED_UNIT(*) SI_UNIT($,.STERADIAN.) SOLID_ANGLE_UNIT() );
#11433 = UNCERTAINTY_MEASURE_WITH_UNIT(LENGTH_MEASURE(1.E-06),#11430,
  'distance_accuracy_value','confusion accuracy');
#11434 = PRODUCT_RELATED_PRODUCT_CATEGORY('part',$,(#7));
ENDSEC;
END-ISO-10303-21;
