ISO-10303-21;
HEADER;
FILE_DESCRIPTION(('Open CASCADE Model'),'2;1');
FILE_NAME('Open CASCADE Shape Model','2026-09-26T22:55:52',('Author'),(
    'Open CASCADE'),'Open CASCADE STEP processor 7.9','Open CASCADE 7.9'
  ,'Unknown');
FILE_SCHEMA(('AUTOMOTIVE_DESIGN { 1 0 10303 214 1 1 1 1 }'));
ENDSEC;
DATA;
#1 = APPLICATION_PROTOCOL_DEFINITION('international standard',
  'automotive_design',2000,#2);
#2 = APPLICATION_CONTEXT(
  'core data for automotive mechanical design processes');
#3 = SHAPE_DEFINITION_REPRESENTATION(#4,#10);
#4 = PRODUCT_DEFINITION_SHAPE('','',#5);
#5 = PRODUCT_DEFINITION('design','',#6,#9);
#6 = PRODUCT_DEFINITION_FORMATION('','',#7);
#7 = PRODUCT('Open CASCADE STEP translator 7.9 5',
  'Open CASCADE STEP translator 7.9 5','',(#8));
#8 = PRODUCT_CONTEXT('',#2,'mechanical');
#9 = PRODUCT_DEFINITION_CONTEXT('part definition',#2,'design');
#10 = ADVANCED_BREP_SHAPE_REPRESENTATION('',(#11,#15),#4355);
#11 = AXIS2_PLACEMENT_3D('',#12,#13,#14);
#12 = CARTESIAN_POINT('',(0.,0.,0.));
#13 = DIRECTION('',(0.,0.,1.));
#14 = DIRECTION('',(1.,0.,-0.));
#15 = MANIFOLD_SOLID_BREP('',#16);
#16 = CLOSED_SHELL('',(#17,#1291,#1367,#1469,#1524,#1559,#1614,#1833,
    #2000,#2598,#2625,#2783,#3138,#3193,#3447,#3474,#3521,#3548,#3575,
    #3582,#3629,#3656,#3683,#3710,#3717,#3766,#3813,#3840,#3868,#3899,
    #3906,#4067,#4114,#4141,#4168,#4231,#4291,#4321,#4348));
#17 = ADVANCED_FACE('',(#18),#35,.F.);
#18 = FACE_BOUND('',#19,.F.);
#19 = EDGE_LOOP('',(#20,#87,#202,#236,#498,#532,#665,#721,#854,#883,
    #1149,#1178));
#20 = ORIENTED_EDGE('',*,*,#21,.F.);
#21 = EDGE_CURVE('',#22,#24,#26,.T.);
#22 = VERTEX_POINT('',#23);
#23 = CARTESIAN_POINT('',(204.81931137446,14.8,15.8));
#24 = VERTEX_POINT('',#25);
#25 = CARTESIAN_POINT('',(204.81931137446,-14.8,15.8));
#26 = SURFACE_CURVE('',#27,(#34,#72),.PCURVE_S1.);
#27 = B_SPLINE_CURVE_WITH_KNOTS('',4,(#28,#29,#30,#31,#32,#33),
  .UNSPECIFIED.,.F.,.F.,(5,1,5),(0.,1.,2.),.UNSPECIFIED.);
#28 = CARTESIAN_POINT('',(204.81931137446,14.8,15.8));
#29 = CARTESIAN_POINT('',(205.08620495054,11.106421725568,15.8));
#30 = CARTESIAN_POINT('',(205.44237245549,3.706419305708,15.8));
#31 = CARTESIAN_POINT('',(205.44237212396,-3.706419305708,15.8));
#32 = CARTESIAN_POINT('',(205.08620495054,-11.10642172556,15.8));
#33 = CARTESIAN_POINT('',(204.81931137446,-14.8,15.8));
#34 = PCURVE('',#35,#44);
#35 = SURFACE_OF_REVOLUTION('',#36,#41);
#36 = ELLIPSE('',#37,207.765,104.);
#37 = AXIS2_PLACEMENT_3D('',#38,#39,#40);
#38 = CARTESIAN_POINT('',(0.,0.,0.));
#39 = DIRECTION('',(0.,-1.,0.));
#40 = DIRECTION('',(1.,0.,0.));
#41 = AXIS1_PLACEMENT('',#42,#43);
#42 = CARTESIAN_POINT('',(0.,0.,0.));
#43 = DIRECTION('',(0.,0.,1.));
#44 = DEFINITIONAL_REPRESENTATION('',(#45),#71);
#45 = B_SPLINE_CURVE_WITH_KNOTS('',3,(#46,#47,#48,#49,#50,#51,#52,#53,
    #54,#55,#56,#57,#58,#59,#60,#61,#62,#63,#64,#65,#66,#67,#68,#69,#70)
  ,.UNSPECIFIED.,.F.,.F.,(4,1,1,1,1,1,1,1,1,1,1,1,1,1,1,1,1,1,1,1,1,1,4)
  ,(0.,9.090909090909E-02,0.181818181818,0.272727272727,0.363636363636,
    0.454545454545,0.545454545455,0.636363636364,0.727272727273,
    0.818181818182,0.909090909091,1.,1.090909090909,1.181818181818,
    1.272727272727,1.363636363636,1.454545454545,1.545454545455,
    1.636363636364,1.727272727273,1.818181818182,1.909090909091,2.),
  .QUASI_UNIFORM_KNOTS.);
#46 = CARTESIAN_POINT('',(6.355318748639,6.435698951872));
#47 = CARTESIAN_POINT('',(6.353132888052,6.435698951873));
#48 = CARTESIAN_POINT('',(6.348761166022,6.435698951881));
#49 = CARTESIAN_POINT('',(6.342203581101,6.435698951898));
#50 = CARTESIAN_POINT('',(6.335645995055,6.435698951901));
#51 = CARTESIAN_POINT('',(6.329088408429,6.435698951885));
#52 = CARTESIAN_POINT('',(6.322530821648,6.435698951853));
#53 = CARTESIAN_POINT('',(6.315973235007,6.435698951812));
#54 = CARTESIAN_POINT('',(6.309415648693,6.435698951769));
#55 = CARTESIAN_POINT('',(6.302858062792,6.435698951736));
#56 = CARTESIAN_POINT('',(6.296300477301,6.435698951719));
#57 = CARTESIAN_POINT('',(6.289742892143,6.435698951725));
#58 = CARTESIAN_POINT('',(6.28318530718,6.435698951756));
#59 = CARTESIAN_POINT('',(6.276627722215,6.435698951807));
#60 = CARTESIAN_POINT('',(6.270070137055,6.435698951872));
#61 = CARTESIAN_POINT('',(6.26351255156,6.435698951941));
#62 = CARTESIAN_POINT('',(6.256954965655,6.435698952004));
#63 = CARTESIAN_POINT('',(6.250397379338,6.435698952049));
#64 = CARTESIAN_POINT('',(6.243839792696,6.43569895207));
#65 = CARTESIAN_POINT('',(6.237282205916,6.43569895206));
#66 = CARTESIAN_POINT('',(6.230724619293,6.435698952021));
#67 = CARTESIAN_POINT('',(6.224167033252,6.435698951961));
#68 = CARTESIAN_POINT('',(6.217609448336,6.435698951896));
#69 = CARTESIAN_POINT('',(6.213237726307,6.435698951873));
#70 = CARTESIAN_POINT('',(6.211051865721,6.435698951872));
#71 = ( GEOMETRIC_REPRESENTATION_CONTEXT(2) 
PARAMETRIC_REPRESENTATION_CONTEXT() REPRESENTATION_CONTEXT('2D SPACE',''
  ) );
#72 = PCURVE('',#73,#78);
#73 = PLANE('',#74);
#74 = AXIS2_PLACEMENT_3D('',#75,#76,#77);
#75 = CARTESIAN_POINT('',(150.,-14.8,15.8));
#76 = DIRECTION('',(0.,0.,1.));
#77 = DIRECTION('',(1.,0.,-0.));
#78 = DEFINITIONAL_REPRESENTATION('',(#79),#86);
#79 = B_SPLINE_CURVE_WITH_KNOTS('',4,(#80,#81,#82,#83,#84,#85),
  .UNSPECIFIED.,.F.,.F.,(5,1,5),(0.,1.,2.),.UNSPECIFIED.);
#80 = CARTESIAN_POINT('',(54.819311374468,29.6));
#81 = CARTESIAN_POINT('',(55.086204950541,25.906421725568));
#82 = CARTESIAN_POINT('',(55.44237245549,18.506419305708));
#83 = CARTESIAN_POINT('',(55.44237212396,11.093580694292));
#84 = CARTESIAN_POINT('',(55.086204950541,3.693578274432));
#85 = CARTESIAN_POINT('',(54.819311374468,0.));
#86 = ( GEOMETRIC_REPRESENTATION_CONTEXT(2) 
PARAMETRIC_REPRESENTATION_CONTEXT() REPRESENTATION_CONTEXT('2D SPACE',''
  ) );
#87 = ORIENTED_EDGE('',*,*,#88,.T.);
#88 = EDGE_CURVE('',#22,#89,#91,.T.);
#89 = VERTEX_POINT('',#90);
#90 = CARTESIAN_POINT('',(188.77617139687,14.8,-42.8));
#91 = SURFACE_CURVE('',#92,(#125,#161),.PCURVE_S1.);
#92 = B_SPLINE_CURVE_WITH_KNOTS('',7,(#93,#94,#95,#96,#97,#98,#99,#100,
    #101,#102,#103,#104,#105,#106,#107,#108,#109,#110,#111,#112,#113,
    #114,#115,#116,#117,#118,#119,#120,#121,#122,#123,#124),
  .UNSPECIFIED.,.F.,.F.,(8,6,6,6,6,8),(0.,0.249885205927,0.44054205654,
    0.530281037085,0.677606730744,1.),.UNSPECIFIED.);
#93 = CARTESIAN_POINT('',(204.81931137446,14.8,15.8));
#94 = CARTESIAN_POINT('',(205.48886561786,14.8,13.625189187884));
#95 = CARTESIAN_POINT('',(206.05798113857,14.8,11.419077184294));
#96 = CARTESIAN_POINT('',(206.52095018829,14.8,9.186584903763));
#97 = CARTESIAN_POINT('',(206.87303384567,14.8,6.933261266777));
#98 = CARTESIAN_POINT('',(207.11072392223,14.8,4.665322561196));
#99 = CARTESIAN_POINT('',(207.23206979962,14.8,2.389701127492));
#100 = CARTESIAN_POINT('',(207.24088539086,14.8,-1.622127076512));
#101 = CARTESIAN_POINT('',(207.17697239808,14.8,-3.358591758756));
#102 = CARTESIAN_POINT('',(207.04529626835,14.8,-5.09195818357));
#103 = CARTESIAN_POINT('',(206.84646294394,14.8,-6.819094296366));
#104 = CARTESIAN_POINT('',(206.58164116879,14.8,-8.537060245135));
#105 = CARTESIAN_POINT('',(206.25249352556,14.8,-10.24310108481));
#106 = CARTESIAN_POINT('',(205.6769020509,14.8,-12.73081960886));
#107 = CARTESIAN_POINT('',(205.47889576282,14.8,-13.52380886823));
#108 = CARTESIAN_POINT('',(205.26731163634,14.8,-14.31335385921));
#109 = CARTESIAN_POINT('',(205.04238084466,14.8,-15.09921876613));
#110 = CARTESIAN_POINT('',(204.80434911417,14.8,-15.88118553068));
#111 = CARTESIAN_POINT('',(204.55347400313,14.8,-16.6590530819));
#112 = CARTESIAN_POINT('',(203.85750977276,14.8,-18.70263899665));
#113 = CARTESIAN_POINT('',(203.39109960448,14.8,-19.96109714523));
#114 = CARTESIAN_POINT('',(202.89197011839,14.8,-21.20719820915));
#115 = CARTESIAN_POINT('',(202.36135958859,14.8,-22.44026634726));
#116 = CARTESIAN_POINT('',(201.80053387776,14.8,-23.65974897864));
#117 = CARTESIAN_POINT('',(201.21075979002,14.8,-24.865205434));
#118 = CARTESIAN_POINT('',(199.24205988844,14.8,-28.66276940301));
#119 = CARTESIAN_POINT('',(197.7583501814,14.8,-31.20013092845));
#120 = CARTESIAN_POINT('',(196.15500358283,14.8,-33.66540543053));
#121 = CARTESIAN_POINT('',(194.44447531988,14.8,-36.05739864053));
#122 = CARTESIAN_POINT('',(192.6381402747,14.8,-38.37622507931));
#123 = CARTESIAN_POINT('',(190.745955853,14.8,-40.62307226343));
#124 = CARTESIAN_POINT('',(188.77617139687,14.8,-42.8));
#125 = PCURVE('',#35,#126);
#126 = DEFINITIONAL_REPRESENTATION('',(#127),#160);
#127 = B_SPLINE_CURVE_WITH_KNOTS('',7,(#128,#129,#130,#131,#132,#133,
    #134,#135,#136,#137,#138,#139,#140,#141,#142,#143,#144,#145,#146,
    #147,#148,#149,#150,#151,#152,#153,#154,#155,#156,#157,#158,#159),
  .UNSPECIFIED.,.F.,.F.,(8,6,6,6,6,8),(0.,0.249885205927,0.44054205654,
    0.530281037085,0.677606730744,1.),.UNSPECIFIED.);
#128 = CARTESIAN_POINT('',(6.355318748639,6.435698951872));
#129 = CARTESIAN_POINT('',(6.355083761561,6.414541723112));
#130 = CARTESIAN_POINT('',(6.354885807395,6.393160258395));
#131 = CARTESIAN_POINT('',(6.354725903199,6.371590020416));
#132 = CARTESIAN_POINT('',(6.354604881244,6.349870271201));
#133 = CARTESIAN_POINT('',(6.354523379259,6.328044816708));
#134 = CARTESIAN_POINT('',(6.354481774235,6.306163216026));
#135 = CARTESIAN_POINT('',(6.354478751717,6.267587921616));
#136 = CARTESIAN_POINT('',(6.354500665041,6.250891492571));
#137 = CARTESIAN_POINT('',(6.354545808025,6.23421761144));
#138 = CARTESIAN_POINT('',(6.354614064853,6.217588784024));
#139 = CARTESIAN_POINT('',(6.354705221287,6.201025942855));
#140 = CARTESIAN_POINT('',(6.354818978771,6.184548740902));
#141 = CARTESIAN_POINT('',(6.355018959661,6.1604692942));
#142 = CARTESIAN_POINT('',(6.355087887017,6.152785686016));
#143 = CARTESIAN_POINT('',(6.355161701072,6.145126749664));
#144 = CARTESIAN_POINT('',(6.355240361277,6.137494137989));
#145 = CARTESIAN_POINT('',(6.355323825098,6.129889366008));
#146 = CARTESIAN_POINT('',(6.355412048595,6.122313819781));
#147 = CARTESIAN_POINT('',(6.355657565229,6.102381947615));
#148 = CARTESIAN_POINT('',(6.355822851443,6.090077289989));
#149 = CARTESIAN_POINT('',(6.356000648078,6.077860342274));
#150 = CARTESIAN_POINT('',(6.356190753906,6.065735590607));
#151 = CARTESIAN_POINT('',(6.356392970927,6.053706589157));
#152 = CARTESIAN_POINT('',(6.356607110286,6.041776055846));
#153 = CARTESIAN_POINT('',(6.357327306311,6.004058035568));
#154 = CARTESIAN_POINT('',(6.357877808994,5.978654203195));
#155 = CARTESIAN_POINT('',(6.358482749591,5.953749285634));
#156 = CARTESIAN_POINT('',(6.359140677991,5.929345849231));
#157 = CARTESIAN_POINT('',(6.359850571212,5.905437740973));
#158 = CARTESIAN_POINT('',(6.360611929751,5.8820109059));
#159 = CARTESIAN_POINT('',(6.361424993963,5.859043852828));
#160 = ( GEOMETRIC_REPRESENTATION_CONTEXT(2) 
PARAMETRIC_REPRESENTATION_CONTEXT() REPRESENTATION_CONTEXT('2D SPACE',''
  ) );
#161 = PCURVE('',#162,#167);
#162 = PLANE('',#163);
#163 = AXIS2_PLACEMENT_3D('',#164,#165,#166);
#164 = CARTESIAN_POINT('',(150.,14.8,-42.8));
#165 = DIRECTION('',(-0.,1.,0.));
#166 = DIRECTION('',(0.,0.,1.));
#167 = DEFINITIONAL_REPRESENTATION('',(#168),#201);
#168 = B_SPLINE_CURVE_WITH_KNOTS('',7,(#169,#170,#171,#172,#173,#174,
    #175,#176,#177,#178,#179,#180,#181,#182,#183,#184,#185,#186,#187,
    #188,#189,#190,#191,#192,#193,#194,#195,#196,#197,#198,#199,#200),
  .UNSPECIFIED.,.F.,.F.,(8,6,6,6,6,8),(0.,0.249885205927,0.44054205654,
    0.530281037085,0.677606730744,1.),.UNSPECIFIED.);
#169 = CARTESIAN_POINT('',(58.6,54.819311374468));
#170 = CARTESIAN_POINT('',(56.425189187884,55.488865617863));
#171 = CARTESIAN_POINT('',(54.219077184294,56.057981138575));
#172 = CARTESIAN_POINT('',(51.986584903763,56.520950188299));
#173 = CARTESIAN_POINT('',(49.733261266777,56.873033845677));
#174 = CARTESIAN_POINT('',(47.465322561196,57.110723922238));
#175 = CARTESIAN_POINT('',(45.189701127492,57.232069799626));
#176 = CARTESIAN_POINT('',(41.177872923488,57.240885390863));
#177 = CARTESIAN_POINT('',(39.441408241244,57.176972398086));
#178 = CARTESIAN_POINT('',(37.70804181643,57.045296268353));
#179 = CARTESIAN_POINT('',(35.980905703634,56.846462943945));
#180 = CARTESIAN_POINT('',(34.262939754865,56.581641168791));
#181 = CARTESIAN_POINT('',(32.556898915181,56.252493525564));
#182 = CARTESIAN_POINT('',(30.069180391133,55.676902050908));
#183 = CARTESIAN_POINT('',(29.276191131765,55.478895762824));
#184 = CARTESIAN_POINT('',(28.486646140786,55.267311636348));
#185 = CARTESIAN_POINT('',(27.700781233869,55.042380844668));
#186 = CARTESIAN_POINT('',(26.918814469312,54.804349114175));
#187 = CARTESIAN_POINT('',(26.140946918092,54.553474003138));
#188 = CARTESIAN_POINT('',(24.097361003347,53.857509772767));
#189 = CARTESIAN_POINT('',(22.838902854763,53.391099604489));
#190 = CARTESIAN_POINT('',(21.592801790844,52.891970118396));
#191 = CARTESIAN_POINT('',(20.359733652738,52.361359588595));
#192 = CARTESIAN_POINT('',(19.14025102136,51.800533877764));
#193 = CARTESIAN_POINT('',(17.934794565996,51.210759790025));
#194 = CARTESIAN_POINT('',(14.137230596984,49.242059888441));
#195 = CARTESIAN_POINT('',(11.599869071544,47.758350181401));
#196 = CARTESIAN_POINT('',(9.134594569464,46.155003582832));
#197 = CARTESIAN_POINT('',(6.742601359461,44.444475319881));
#198 = CARTESIAN_POINT('',(4.423774920688,42.638140274706));
#199 = CARTESIAN_POINT('',(2.176927736568,40.745955853001));
#200 = CARTESIAN_POINT('',(0.,38.776171396877));
#201 = ( GEOMETRIC_REPRESENTATION_CONTEXT(2) 
PARAMETRIC_REPRESENTATION_CONTEXT() REPRESENTATION_CONTEXT('2D SPACE',''
  ) );
#202 = ORIENTED_EDGE('',*,*,#203,.T.);
#203 = EDGE_CURVE('',#89,#204,#206,.T.);
#204 = VERTEX_POINT('',#205);
#205 = CARTESIAN_POINT('',(189.3267666907,3.295194175482,-42.79999999846
    ));
#206 = SURFACE_CURVE('',#207,(#213,#222),.PCURVE_S1.);
#207 = B_SPLINE_CURVE_WITH_KNOTS('',4,(#208,#209,#210,#211,#212),
  .UNSPECIFIED.,.F.,.F.,(5,5),(0.,1.),.PIECEWISE_BEZIER_KNOTS.);
#208 = CARTESIAN_POINT('',(188.77617139687,14.8,-42.8));
#209 = CARTESIAN_POINT('',(189.06565808263,11.107554850837,-42.8));
#210 = CARTESIAN_POINT('',(189.25884653399,7.40755469497,-42.8));
#211 = CARTESIAN_POINT('',(189.35544060645,3.703778133543,-42.8));
#212 = CARTESIAN_POINT('',(189.35544060645,0.,-42.8));
#213 = PCURVE('',#35,#214);
#214 = DEFINITIONAL_REPRESENTATION('',(#215),#221);
#215 = B_SPLINE_CURVE_WITH_KNOTS('',4,(#216,#217,#218,#219,#220),
  .UNSPECIFIED.,.F.,.F.,(5,5),(0.,0.777567614587),
  .PIECEWISE_BEZIER_KNOTS.);
#216 = CARTESIAN_POINT('',(6.361424993963,5.859043852828));
#217 = CARTESIAN_POINT('',(6.34621584047,5.859043852828));
#218 = CARTESIAN_POINT('',(6.331006671488,5.859043852828));
#219 = CARTESIAN_POINT('',(6.315797509692,5.859043852828));
#220 = CARTESIAN_POINT('',(6.300588348072,5.859043852828));
#221 = ( GEOMETRIC_REPRESENTATION_CONTEXT(2) 
PARAMETRIC_REPRESENTATION_CONTEXT() REPRESENTATION_CONTEXT('2D SPACE',''
  ) );
#222 = PCURVE('',#223,#228);
#223 = PLANE('',#224);
#224 = AXIS2_PLACEMENT_3D('',#225,#226,#227);
#225 = CARTESIAN_POINT('',(150.,-14.8,-42.8));
#226 = DIRECTION('',(0.,0.,1.));
#227 = DIRECTION('',(1.,0.,-0.));
#228 = DEFINITIONAL_REPRESENTATION('',(#229),#235);
#229 = B_SPLINE_CURVE_WITH_KNOTS('',4,(#230,#231,#232,#233,#234),
  .UNSPECIFIED.,.F.,.F.,(5,5),(0.,1.),.PIECEWISE_BEZIER_KNOTS.);
#230 = CARTESIAN_POINT('',(38.776171396877,29.6));
#231 = CARTESIAN_POINT('',(39.065658082634,25.907554850837));
#232 = CARTESIAN_POINT('',(39.258846533995,22.20755469497));
#233 = CARTESIAN_POINT('',(39.35544060645,18.503778133543));
#234 = CARTESIAN_POINT('',(39.35544060645,14.8));
#235 = ( GEOMETRIC_REPRESENTATION_CONTEXT(2) 
PARAMETRIC_REPRESENTATION_CONTEXT() REPRESENTATION_CONTEXT('2D SPACE',''
  ) );
#236 = ORIENTED_EDGE('',*,*,#237,.F.);
#237 = EDGE_CURVE('',#238,#204,#240,.T.);
#238 = VERTEX_POINT('',#239);
#239 = CARTESIAN_POINT('',(183.22754075234,3.413593844615,
    -49.00000000069));
#240 = SURFACE_CURVE('',#241,(#250,#279),.PCURVE_S1.);
#241 = B_SPLINE_CURVE_WITH_KNOTS('',7,(#242,#243,#244,#245,#246,#247,
    #248,#249),.UNSPECIFIED.,.F.,.F.,(8,8),(0.254839497344,
    0.314426377932),.PIECEWISE_BEZIER_KNOTS.);
#242 = CARTESIAN_POINT('',(183.22754075299,3.413593844627,
    -49.00000000138));
#243 = CARTESIAN_POINT('',(184.13461972902,3.398143918399,
    -48.15038173029));
#244 = CARTESIAN_POINT('',(185.03067536471,3.382220270997,
    -47.28900303029));
#245 = CARTESIAN_POINT('',(185.91520544158,3.365812204941,
    -46.41569279374));
#246 = CARTESIAN_POINT('',(186.78767142963,3.348910562993,
    -45.53028774464));
#247 = CARTESIAN_POINT('',(187.64749904927,3.331508607318,
    -44.63263298915));
#248 = CARTESIAN_POINT('',(188.49407883333,3.313602898648,
    -43.72258256601));
#249 = CARTESIAN_POINT('',(189.326766689,3.295194175452,-42.79999999692)
  );
#250 = PCURVE('',#35,#251);
#251 = DEFINITIONAL_REPRESENTATION('',(#252),#278);
#252 = B_SPLINE_CURVE_WITH_KNOTS('',3,(#253,#254,#255,#256,#257,#258,
    #259,#260,#261,#262,#263,#264,#265,#266,#267,#268,#269,#270,#271,
    #272,#273,#274,#275,#276,#277),.UNSPECIFIED.,.F.,.F.,(4,1,1,1,1,1,1,
    1,1,1,1,1,1,1,1,1,1,1,1,1,1,1,4),(0.254839497344,0.257547991917,
    0.260256486489,0.262964981061,0.265673475633,0.268381970205,
    0.271090464777,0.27379895935,0.276507453922,0.279215948494,
    0.281924443066,0.284632937638,0.287341432211,0.290049926783,
    0.292758421355,0.295466915927,0.298175410499,0.300883905072,
    0.303592399644,0.306300894216,0.309009388788,0.31171788336,
    0.314426377932),.QUASI_UNIFORM_KNOTS.);
#253 = CARTESIAN_POINT('',(6.301813505601,5.792586845639));
#254 = CARTESIAN_POINT('',(6.301794786924,5.793569160875));
#255 = CARTESIAN_POINT('',(6.30175736614,5.795535953445));
#256 = CARTESIAN_POINT('',(6.301701283478,5.798492660041));
#257 = CARTESIAN_POINT('',(6.301645248121,5.801455915895));
#258 = CARTESIAN_POINT('',(6.301589258923,5.804425752263));
#259 = CARTESIAN_POINT('',(6.301533314775,5.807402200232));
#260 = CARTESIAN_POINT('',(6.301477414621,5.810385290703));
#261 = CARTESIAN_POINT('',(6.301421557451,5.813375054394));
#262 = CARTESIAN_POINT('',(6.301365742308,5.816371521845));
#263 = CARTESIAN_POINT('',(6.301309968286,5.819374723419));
#264 = CARTESIAN_POINT('',(6.301254234537,5.822384689309));
#265 = CARTESIAN_POINT('',(6.301198540263,5.825401449535));
#266 = CARTESIAN_POINT('',(6.30114288473,5.82842503395));
#267 = CARTESIAN_POINT('',(6.301087267259,5.831455472245));
#268 = CARTESIAN_POINT('',(6.301031687233,5.834492793947));
#269 = CARTESIAN_POINT('',(6.300976144099,5.837537028424));
#270 = CARTESIAN_POINT('',(6.300920637367,5.84058820489));
#271 = CARTESIAN_POINT('',(6.300865166612,5.843646352405));
#272 = CARTESIAN_POINT('',(6.300809731478,5.846711499878));
#273 = CARTESIAN_POINT('',(6.300754331676,5.849783676075));
#274 = CARTESIAN_POINT('',(6.300698966992,5.85286290961));
#275 = CARTESIAN_POINT('',(6.300643637273,5.855949228973));
#276 = CARTESIAN_POINT('',(6.300606774071,5.858011517967));
#277 = CARTESIAN_POINT('',(6.300588348277,5.859043852878));
#278 = ( GEOMETRIC_REPRESENTATION_CONTEXT(2) 
PARAMETRIC_REPRESENTATION_CONTEXT() REPRESENTATION_CONTEXT('2D SPACE',''
  ) );
#279 = PCURVE('',#280,#470);
#280 = ( BOUNDED_SURFACE() B_SPLINE_SURFACE(6,10,(
    (#281,#282,#283,#284,#285,#286,#287,#288,#289,#290,#291,#292,#293
      ,#294,#295,#296,#297,#298,#299,#300,#301,#302,#303,#304,#305,#306
      ,#307)
    ,(#308,#309,#310,#311,#312,#313,#314,#315,#316,#317,#318,#319,#320
      ,#321,#322,#323,#324,#325,#326,#327,#328,#329,#330,#331,#332,#333
      ,#334)
    ,(#335,#336,#337,#338,#339,#340,#341,#342,#343,#344,#345,#346,#347
      ,#348,#349,#350,#351,#352,#353,#354,#355,#356,#357,#358,#359,#360
      ,#361)
    ,(#362,#363,#364,#365,#366,#367,#368,#369,#370,#371,#372,#373,#374
      ,#375,#376,#377,#378,#379,#380,#381,#382,#383,#384,#385,#386,#387
      ,#388)
    ,(#389,#390,#391,#392,#393,#394,#395,#396,#397,#398,#399,#400,#401
      ,#402,#403,#404,#405,#406,#407,#408,#409,#410,#411,#412,#413,#414
      ,#415)
    ,(#416,#417,#418,#419,#420,#421,#422,#423,#424,#425,#426,#427,#428
      ,#429,#430,#431,#432,#433,#434,#435,#436,#437,#438,#439,#440,#441
      ,#442)
    ,(#443,#444,#445,#446,#447,#448,#449,#450,#451,#452,#453,#454,#455
      ,#456,#457,#458,#459,#460,#461,#462,#463,#464,#465,#466,#467,#468
,#469
    )),.UNSPECIFIED.,.F.,.F.,.F.) B_SPLINE_SURFACE_WITH_KNOTS((7,7),(11,
    8,8,11),(0.,3.14159265359),(5.175468771511,5.671013112826,
    5.918785283484,6.166557454141),.UNSPECIFIED.) 
GEOMETRIC_REPRESENTATION_ITEM() RATIONAL_B_SPLINE_SURFACE((
    (1.132556574715,1.132556574715,1.132556574715,1.132556574714
      ,1.132556574716,1.132556574714,1.132556574716,1.132556574715
      ,1.132556574715,1.132556574715,1.132556574715,1.132556574715
      ,1.132556574715,1.132556574715,1.132556574715,1.132556574715
      ,1.132556574715,1.132556574715,1.132556574715,1.132556574715
      ,1.132556574715,1.132556574715,1.132556574715,1.132556574715
      ,1.132556574715,1.132556574715,1.132556574715)
    ,(1.036346631341,1.036346631341,1.036346631341,1.036346631341
      ,1.036346631342,1.03634663134,1.036346631342,1.036346631341
      ,1.036346631341,1.036346631341,1.036346631341,1.036346631341
      ,1.036346631342,1.036346631341,1.036346631342,1.036346631341
      ,1.036346631341,1.036346631341,1.036346631341,1.036346631341
      ,1.036346631341,1.036346631342,1.036346631341,1.036346631342
      ,1.036346631341,1.036346631341,1.036346631341)
    ,(0.992316309354,0.992316309354,0.992316309354,0.992316309353
      ,0.992316309354,0.992316309353,0.992316309354,0.992316309353
      ,0.992316309354,0.992316309354,0.992316309354,0.992316309353
      ,0.992316309354,0.992316309353,0.992316309354,0.992316309354
      ,0.992316309354,0.992316309354,0.992316309354,0.992316309354
      ,0.992316309353,0.992316309354,0.992316309353,0.992316309354
      ,0.992316309353,0.992316309354,0.992316309354)
    ,(0.976461899693,0.976461899693,0.976461899694,0.976461899693
      ,0.976461899694,0.976461899693,0.976461899694,0.976461899693
      ,0.976461899693,0.976461899693,0.976461899693,0.976461899693
      ,0.976461899694,0.976461899693,0.976461899693,0.976461899693
      ,0.976461899693,0.976461899693,0.976461899693,0.976461899694
      ,0.976461899693,0.976461899694,0.976461899693,0.976461899694
      ,0.976461899693,0.976461899693,0.976461899693)
    ,(0.992316309354,0.992316309354,0.992316309354,0.992316309353
      ,0.992316309354,0.992316309353,0.992316309354,0.992316309353
      ,0.992316309354,0.992316309354,0.992316309354,0.992316309353
      ,0.992316309354,0.992316309353,0.992316309354,0.992316309354
      ,0.992316309354,0.992316309354,0.992316309354,0.992316309354
      ,0.992316309353,0.992316309354,0.992316309353,0.992316309354
      ,0.992316309354,0.992316309354,0.992316309354)
    ,(1.036346631341,1.036346631341,1.036346631341,1.036346631341
      ,1.036346631342,1.036346631341,1.036346631342,1.036346631341
      ,1.036346631341,1.036346631341,1.036346631341,1.036346631341
      ,1.036346631342,1.036346631341,1.036346631342,1.036346631341
      ,1.036346631341,1.036346631341,1.036346631341,1.036346631341
      ,1.036346631341,1.036346631342,1.036346631341,1.036346631342
      ,1.036346631341,1.036346631341,1.036346631341)
    ,(1.132556574715,1.132556574715,1.132556574715,1.132556574714
      ,1.132556574716,1.132556574714,1.132556574716,1.132556574715
      ,1.132556574715,1.132556574715,1.132556574715,1.132556574715
      ,1.132556574715,1.132556574715,1.132556574715,1.132556574715
      ,1.132556574715,1.132556574715,1.132556574715,1.132556574715
      ,1.132556574715,1.132556574715,1.132556574715,1.132556574715
      ,1.132556574715,1.132556574715,1.132556574715
))) REPRESENTATION_ITEM('') SURFACE() );
#281 = CARTESIAN_POINT('',(92.949708428514,2.13162820728E-14,
    -93.59805710749));
#282 = CARTESIAN_POINT('',(102.14570576481,2.060573933704E-13,
    -91.29530093824));
#283 = CARTESIAN_POINT('',(111.09082511424,-6.963318810449E-13,
    -88.73877247358));
#284 = CARTESIAN_POINT('',(119.75397701461,1.286082351726E-12,
    -85.93597625472));
#285 = CARTESIAN_POINT('',(128.1051712327,-1.186606368719E-12,
    -82.89545794345));
#286 = CARTESIAN_POINT('',(136.11569305978,5.755396159657E-13,
    -79.62674377958));
#287 = CARTESIAN_POINT('',(143.75826762315,-8.526512829121E-14,
    -76.14026698204));
#288 = CARTESIAN_POINT('',(151.00719754375,9.237055564881E-14,
    -72.44727852668));
#289 = CARTESIAN_POINT('',(157.83847988525,-6.394884621841E-14,
    -68.55974977565));
#290 = CARTESIAN_POINT('',(167.42553970838,6.394884621841E-14,
    -62.45551397066));
#291 = CARTESIAN_POINT('',(175.97658767959,6.394884621841E-14,
    -55.97147871081));
#292 = CARTESIAN_POINT('',(178.70925699826,-3.765876499529E-13,
    -53.76957895425));
#293 = CARTESIAN_POINT('',(181.32178634205,6.821210263297E-13,
    -51.52880617897));
#294 = CARTESIAN_POINT('',(183.8118226203,-7.389644451905E-13,
    -49.25087794339));
#295 = CARTESIAN_POINT('',(186.17711820771,6.536993168993E-13,
    -46.93754804545));
#296 = CARTESIAN_POINT('',(188.41552842362,-3.268496584496E-13,
    -44.59060938828));
#297 = CARTESIAN_POINT('',(190.52500880448,5.684341886081E-14,
    -42.21190044849));
#298 = CARTESIAN_POINT('',(194.48221997868,4.263256414561E-14,
    -37.39473106842));
#299 = CARTESIAN_POINT('',(197.90856954715,-9.947598300641E-14,
    -32.46591804207));
#300 = CARTESIAN_POINT('',(199.48718833554,4.973799150321E-13,
    -29.97556545115));
#301 = CARTESIAN_POINT('',(200.92951483656,-8.526512829121E-13,
    -27.4613016919));
#302 = CARTESIAN_POINT('',(202.23392219854,1.06581410364E-12,
    -24.92524608195));
#303 = CARTESIAN_POINT('',(203.3989030285,-8.952838470577E-13,
    -22.36961792545));
#304 = CARTESIAN_POINT('',(204.42308909358,5.968558980385E-13,
    -19.79675514082));
#305 = CARTESIAN_POINT('',(205.30528364962,-2.700062395888E-13,
    -17.20912472977));
#306 = CARTESIAN_POINT('',(206.04450169381,5.684341886081E-14,
    -14.60931352976));
#307 = CARTESIAN_POINT('',(206.64,1.42108547152E-14,-11.99999999998));
#308 = CARTESIAN_POINT('',(92.949708428514,7.436626587944,
    -93.59805710749));
#309 = CARTESIAN_POINT('',(102.14570576481,7.436626587944,
    -91.29530093824));
#310 = CARTESIAN_POINT('',(111.09082511424,7.436626587943,
    -88.73877247358));
#311 = CARTESIAN_POINT('',(119.75397701461,7.436626587946,
    -85.93597625472));
#312 = CARTESIAN_POINT('',(128.10517123269,7.436626587942,
    -82.89545794345));
#313 = CARTESIAN_POINT('',(136.11569305979,7.436626587946,
    -79.62674377958));
#314 = CARTESIAN_POINT('',(143.75826762314,7.436626587943,
    -76.14026698204));
#315 = CARTESIAN_POINT('',(151.00719754375,7.436626587945,
    -72.44727852668));
#316 = CARTESIAN_POINT('',(157.83847988525,7.436626587944,
    -68.55974977565));
#317 = CARTESIAN_POINT('',(167.42553970838,7.436626587944,
    -62.45551397066));
#318 = CARTESIAN_POINT('',(175.97658767959,7.436626587944,
    -55.97147871081));
#319 = CARTESIAN_POINT('',(178.70925699826,7.436626587945,
    -53.76957895425));
#320 = CARTESIAN_POINT('',(181.32178634205,7.436626587944,
    -51.52880617897));
#321 = CARTESIAN_POINT('',(183.81182262031,7.436626587945,
    -49.25087794339));
#322 = CARTESIAN_POINT('',(186.17711820771,7.436626587944,
    -46.93754804545));
#323 = CARTESIAN_POINT('',(188.41552842362,7.436626587944,
    -44.59060938828));
#324 = CARTESIAN_POINT('',(190.52500880448,7.436626587944,
    -42.21190044849));
#325 = CARTESIAN_POINT('',(194.48221997868,7.436626587944,
    -37.39473106842));
#326 = CARTESIAN_POINT('',(197.90856954715,7.436626587944,
    -32.46591804206));
#327 = CARTESIAN_POINT('',(199.48718833554,7.436626587944,
    -29.97556545115));
#328 = CARTESIAN_POINT('',(200.92951483657,7.436626587944,-27.4613016919
    ));
#329 = CARTESIAN_POINT('',(202.23392219854,7.436626587945,
    -24.92524608195));
#330 = CARTESIAN_POINT('',(203.3989030285,7.436626587944,-22.36961792545
    ));
#331 = CARTESIAN_POINT('',(204.42308909358,7.436626587944,
    -19.79675514082));
#332 = CARTESIAN_POINT('',(205.30528364962,7.436626587944,
    -17.20912472977));
#333 = CARTESIAN_POINT('',(206.04450169381,7.436626587944,
    -14.60931352976));
#334 = CARTESIAN_POINT('',(206.64,7.436626587944,-11.99999999998));
#335 = CARTESIAN_POINT('',(90.719460709924,13.958928367648,
    -89.25914598819));
#336 = CARTESIAN_POINT('',(99.789189291102,13.958928367648,
    -87.02129333858));
#337 = CARTESIAN_POINT('',(108.60523164642,13.958928367649,
    -84.5362734883));
#338 = CARTESIAN_POINT('',(117.13603608639,13.958928367646,
    -81.8125055721));
#339 = CARTESIAN_POINT('',(125.35116535897,13.958928367651,
    -78.85965404287));
#340 = CARTESIAN_POINT('',(133.2214934613,13.958928367644,
    -75.68861698338));
#341 = CARTESIAN_POINT('',(140.71940005633,13.958928367652,
    -72.31151443676));
#342 = CARTESIAN_POINT('',(147.81898824305,13.958928367646,
    -68.74168435617));
#343 = CARTESIAN_POINT('',(154.49630559815,13.958928367649,
    -64.99367175648));
#344 = CARTESIAN_POINT('',(163.84635779624,13.958928367648,
    -59.12801122191));
#345 = CARTESIAN_POINT('',(172.15482622859,13.958928367648,
    -52.93456783555));
#346 = CARTESIAN_POINT('',(174.8062120733,13.958928367648,
    -50.83575966505));
#347 = CARTESIAN_POINT('',(177.33729091925,13.958928367648,
    -48.70477990936));
#348 = CARTESIAN_POINT('',(179.74604169804,13.958928367648,
    -46.54383879894));
#349 = CARTESIAN_POINT('',(182.03063990236,13.958928367648,
    -44.35519181836));
#350 = CARTESIAN_POINT('',(184.1894734649,13.958928367648,
    -42.14112421144));
#351 = CARTESIAN_POINT('',(186.22115819261,13.958928367648,
    -39.90392713091));
#352 = CARTESIAN_POINT('',(190.02793725663,13.958928367648,
    -35.38780193727));
#353 = CARTESIAN_POINT('',(193.31788733236,13.958928367648,
    -30.79699462883));
#354 = CARTESIAN_POINT('',(194.8327430419,13.958928367648,
    -28.48511544439));
#355 = CARTESIAN_POINT('',(196.2168017599,13.958928367649,
    -26.15888727808));
#356 = CARTESIAN_POINT('',(197.46961606373,13.958928367647,
    -23.82032626876));
#357 = CARTESIAN_POINT('',(198.59095263774,13.958928367649,
    -21.47129319762));
#358 = CARTESIAN_POINT('',(199.58075334783,13.958928367647,
    -19.1134415188));
#359 = CARTESIAN_POINT('',(200.43906687431,13.958928367648,
    -16.74818364322));
#360 = CARTESIAN_POINT('',(201.16596148311,13.958928367648,
    -14.37670154048));
#361 = CARTESIAN_POINT('',(201.7614597893,13.958928367648,
    -11.99999999998));
#362 = CARTESIAN_POINT('',(87.006696976426,16.588806830904,
    -82.03602377073));
#363 = CARTESIAN_POINT('',(95.866221977625,16.588806830905,
    -79.90621805774));
#364 = CARTESIAN_POINT('',(104.46738578895,16.588806830903,
    -77.54024085365));
#365 = CARTESIAN_POINT('',(112.77786723648,16.588806830908,
    -74.94803384595));
#366 = CARTESIAN_POINT('',(120.76648490192,16.5888068309,-72.14112397434
    ));
#367 = CARTESIAN_POINT('',(128.40342808802,16.588806830908,
    -69.13269307192));
#368 = CARTESIAN_POINT('',(135.66050135242,16.588806830902,
    -65.93766929112));
#369 = CARTESIAN_POINT('',(142.51147564354,16.588806830905,
    -62.57286484223));
#370 = CARTESIAN_POINT('',(148.93248262872,16.588806830904,
    -59.05710918092));
#371 = CARTESIAN_POINT('',(157.88798075667,16.588806830905,
    -53.58861242521));
#372 = CARTESIAN_POINT('',(165.79261937817,16.588806830905,
    -47.8789264978));
#373 = CARTESIAN_POINT('',(168.30869005958,16.588806830904,
    -45.95173814277));
#374 = CARTESIAN_POINT('',(170.7041756923,16.588806830906,
    -44.00353429037));
#375 = CARTESIAN_POINT('',(172.97760793586,16.588806830903,
    -42.03734533774));
#376 = CARTESIAN_POINT('',(175.12786666084,16.588806830906,
    -40.05626194299));
#377 = CARTESIAN_POINT('',(177.15422645816,16.588806830903,
    -38.06338896504));
#378 = CARTESIAN_POINT('',(179.0564023079,16.588806830905,
    -36.06177114079));
#379 = CARTESIAN_POINT('',(182.61275229249,16.588806830904,
    -32.04680370119));
#380 = CARTESIAN_POINT('',(185.67563382974,16.588806830905,
    -28.01868517422));
#381 = CARTESIAN_POINT('',(187.08434113042,16.588806830904,
    -26.00391629976));
#382 = CARTESIAN_POINT('',(188.37139963188,16.588806830906,
    -23.99071691685));
#383 = CARTESIAN_POINT('',(189.53832534423,16.588806830903,
    -21.98093139948));
#384 = CARTESIAN_POINT('',(190.58700594855,16.588806830906,
    -19.97582368423));
#385 = CARTESIAN_POINT('',(191.51956427345,16.588806830903,
    -17.97590777613));
#386 = CARTESIAN_POINT('',(192.33812229666,16.588806830905,
    -15.98084047538));
#387 = CARTESIAN_POINT('',(193.04450169381,16.588806830904,
    -13.98946502384));
#388 = CARTESIAN_POINT('',(193.64,16.588806830905,-11.99999999998));
#389 = CARTESIAN_POINT('',(83.293933242928,13.958928367648,
    -74.81290155326));
#390 = CARTESIAN_POINT('',(91.943254664148,13.958928367648,
    -72.79114277689));
#391 = CARTESIAN_POINT('',(100.32953993147,13.958928367648,
    -70.54420821899));
#392 = CARTESIAN_POINT('',(108.41969838657,13.958928367649,
    -68.0835621198));
#393 = CARTESIAN_POINT('',(116.18180444487,13.958928367645,
    -65.42259390581));
#394 = CARTESIAN_POINT('',(123.58536271474,13.958928367652,
    -62.57676916044));
#395 = CARTESIAN_POINT('',(130.60160264852,13.958928367645,
    -59.56382414548));
#396 = CARTESIAN_POINT('',(137.20396304402,13.95892836765,-56.4040453283
    ));
#397 = CARTESIAN_POINT('',(143.36865965929,13.958928367647,
    -53.12054660536));
#398 = CARTESIAN_POINT('',(151.92960371709,13.958928367649,
    -48.04921362852));
#399 = CARTESIAN_POINT('',(159.43041252774,13.958928367648,
    -42.82328516005));
#400 = CARTESIAN_POINT('',(161.81116804586,13.958928367649,
    -41.0677166205));
#401 = CARTESIAN_POINT('',(164.07106046535,13.958928367647,
    -39.30228867139));
#402 = CARTESIAN_POINT('',(166.20917417367,13.958928367649,
    -37.53085187653));
#403 = CARTESIAN_POINT('',(168.22509341931,13.958928367647,
    -35.75733206763));
#404 = CARTESIAN_POINT('',(170.11897945143,13.958928367648,
    -33.98565371863));
#405 = CARTESIAN_POINT('',(171.89164642318,13.958928367648,
    -32.21961515068));
#406 = CARTESIAN_POINT('',(175.19756732835,13.958928367648,
    -28.7058054651));
#407 = CARTESIAN_POINT('',(178.03338032713,13.958928367648,
    -25.24037571962));
#408 = CARTESIAN_POINT('',(179.33593921894,13.958928367648,
    -23.52271715512));
#409 = CARTESIAN_POINT('',(180.52599750386,13.958928367649,
    -21.82254655563));
#410 = CARTESIAN_POINT('',(181.60703462474,13.958928367647,
    -20.14153653019));
#411 = CARTESIAN_POINT('',(182.58305925937,13.958928367649,
    -18.48035417086));
#412 = CARTESIAN_POINT('',(183.45837519907,13.958928367648,
    -16.83837403345));
#413 = CARTESIAN_POINT('',(184.237177719,13.958928367648,-15.21349730754
    ));
#414 = CARTESIAN_POINT('',(184.92304190451,13.958928367648,
    -13.60222850721));
#415 = CARTESIAN_POINT('',(185.5185402107,13.958928367648,
    -11.99999999998));
#416 = CARTESIAN_POINT('',(81.063685524338,7.436626587944,
    -70.47399043397));
#417 = CARTESIAN_POINT('',(89.586738190439,7.436626587944,
    -68.51713517723));
#418 = CARTESIAN_POINT('',(97.843946463659,7.436626587943,
    -66.34170923371));
#419 = CARTESIAN_POINT('',(105.80175745835,7.436626587946,
    -63.96009143718));
#420 = CARTESIAN_POINT('',(113.42779857114,7.436626587942,
    -61.38679000522));
#421 = CARTESIAN_POINT('',(120.69116311626,7.436626587947,
    -58.63864236425));
#422 = CARTESIAN_POINT('',(127.5627350817,7.436626587943,-55.73507160019
    ));
#423 = CARTESIAN_POINT('',(134.01575374332,7.436626587945,
    -52.69845115778));
#424 = CARTESIAN_POINT('',(140.02648537218,7.436626587944,
    -49.55446858619));
#425 = CARTESIAN_POINT('',(148.35042180495,7.436626587944,
    -44.72171087976));
#426 = CARTESIAN_POINT('',(155.60865107674,7.436626587944,
    -39.78637428479));
#427 = CARTESIAN_POINT('',(157.9081231209,7.436626587944,-38.13389733129
    ));
#428 = CARTESIAN_POINT('',(160.08656504255,7.436626587945,
    -36.47826240178));
#429 = CARTESIAN_POINT('',(162.14339325141,7.436626587943,
    -34.82381273208));
#430 = CARTESIAN_POINT('',(164.07861511396,7.436626587946,
    -33.17497584054));
#431 = CARTESIAN_POINT('',(165.89292449271,7.436626587943,
    -31.53616854179));
#432 = CARTESIAN_POINT('',(167.58779581132,7.436626587944,-29.9116418331
    ));
#433 = CARTESIAN_POINT('',(170.7432846063,7.436626587944,-26.69887633396
    ));
#434 = CARTESIAN_POINT('',(173.44269811233,7.436626587944,
    -23.57145230638));
#435 = CARTESIAN_POINT('',(174.6814939253,7.436626587944,-22.03226714837
    ));
#436 = CARTESIAN_POINT('',(175.8132844272,7.436626587945,-20.5201321418)
  );
#437 = CARTESIAN_POINT('',(176.84272848992,7.436626587944,
    -19.03661671701));
#438 = CARTESIAN_POINT('',(177.77510886861,7.436626587944,
    -17.58202944301));
#439 = CARTESIAN_POINT('',(178.61603945331,7.436626587944,
    -16.15506041143));
#440 = CARTESIAN_POINT('',(179.37096094369,7.436626587944,
    -14.75255622098));
#441 = CARTESIAN_POINT('',(180.04450169381,7.436626587944,
    -13.36961651793));
#442 = CARTESIAN_POINT('',(180.64,7.436626587944,-11.99999999998));
#443 = CARTESIAN_POINT('',(81.063685524338,0.,-70.47399043397));
#444 = CARTESIAN_POINT('',(89.586738190438,1.918465386552E-13,
    -68.51713517723));
#445 = CARTESIAN_POINT('',(97.843946463661,-7.531752999057E-13,
    -66.34170923371));
#446 = CARTESIAN_POINT('',(105.80175745835,1.733724275255E-12,
    -63.96009143718));
#447 = CARTESIAN_POINT('',(113.42779857114,-2.565059276094E-12,
    -61.38679000522));
#448 = CARTESIAN_POINT('',(120.69116311626,2.614797267597E-12,
    -58.63864236425));
#449 = CARTESIAN_POINT('',(127.5627350817,-1.904254531837E-12,
    -55.73507160019));
#450 = CARTESIAN_POINT('',(134.01575374332,1.115552095143E-12,
    -52.69845115778));
#451 = CARTESIAN_POINT('',(140.02648537218,-4.050093593833E-13,
    -49.55446858619));
#452 = CARTESIAN_POINT('',(148.35042180495,2.913225216616E-13,
    -44.72171087976));
#453 = CARTESIAN_POINT('',(155.60865107674,-1.278976924368E-13,
    -39.78637428479));
#454 = CARTESIAN_POINT('',(157.9081231209,3.268496584496E-13,
    -38.13389733129));
#455 = CARTESIAN_POINT('',(160.08656504255,-4.902744876745E-13,
    -36.47826240178));
#456 = CARTESIAN_POINT('',(162.14339325141,6.252776074689E-13,
    -34.82381273208));
#457 = CARTESIAN_POINT('',(164.07861511396,-4.618527782441E-13,
    -33.17497584054));
#458 = CARTESIAN_POINT('',(165.89292449271,2.13162820728E-13,
    -31.53616854179));
#459 = CARTESIAN_POINT('',(167.58779581131,-4.263256414561E-14,
    -29.9116418331));
#460 = CARTESIAN_POINT('',(170.7432846063,4.973799150321E-14,
    -26.69887633396));
#461 = CARTESIAN_POINT('',(173.44269811233,6.394884621841E-14,
    -23.57145230638));
#462 = CARTESIAN_POINT('',(174.6814939253,-2.273736754432E-13,
    -22.03226714837));
#463 = CARTESIAN_POINT('',(175.8132844272,4.405364961713E-13,
    -20.5201321418));
#464 = CARTESIAN_POINT('',(176.84272848992,-4.973799150321E-13,
    -19.03661671701));
#465 = CARTESIAN_POINT('',(177.77510886861,4.618527782441E-13,
    -17.58202944301));
#466 = CARTESIAN_POINT('',(178.61603945331,-2.913225216616E-13,
    -16.15506041143));
#467 = CARTESIAN_POINT('',(179.37096094369,1.989519660128E-13,
    -14.75255622098));
#468 = CARTESIAN_POINT('',(180.04450169381,-7.815970093361E-14,
    -13.36961651793));
#469 = CARTESIAN_POINT('',(180.64,0.,-11.99999999998));
#470 = DEFINITIONAL_REPRESENTATION('',(#471),#497);
#471 = B_SPLINE_CURVE_WITH_KNOTS('',3,(#472,#473,#474,#475,#476,#477,
    #478,#479,#480,#481,#482,#483,#484,#485,#486,#487,#488,#489,#490,
    #491,#492,#493,#494,#495,#496),.UNSPECIFIED.,.F.,.F.,(4,1,1,1,1,1,1,
    1,1,1,1,1,1,1,1,1,1,1,1,1,1,1,4),(0.254839497344,0.257547991917,
    0.260256486489,0.262964981061,0.265673475633,0.268381970205,
    0.271090464777,0.27379895935,0.276507453922,0.279215948494,
    0.281924443066,0.284632937638,0.287341432211,0.290049926783,
    0.292758421355,0.295466915927,0.298175410499,0.300883905072,
    0.303592399644,0.306300894216,0.309009388788,0.31171788336,
    0.314426377932),.QUASI_UNIFORM_KNOTS.);
#472 = CARTESIAN_POINT('',(0.265726969603,5.79440435136));
#473 = CARTESIAN_POINT('',(0.265596338409,5.795385476053));
#474 = CARTESIAN_POINT('',(0.265333997396,5.79734981509));
#475 = CARTESIAN_POINT('',(0.264937234924,5.800302620173));
#476 = CARTESIAN_POINT('',(0.264537206229,5.803261749459));
#477 = CARTESIAN_POINT('',(0.264133896743,5.806227230288));
#478 = CARTESIAN_POINT('',(0.263727292404,5.809199089783));
#479 = CARTESIAN_POINT('',(0.263317379752,5.812177354822));
#480 = CARTESIAN_POINT('',(0.262904145944,5.815162052047));
#481 = CARTESIAN_POINT('',(0.262487578794,5.818153207867));
#482 = CARTESIAN_POINT('',(0.262067666807,5.821150848463));
#483 = CARTESIAN_POINT('',(0.26164439921,5.824154999786));
#484 = CARTESIAN_POINT('',(0.261217765989,5.827165687564));
#485 = CARTESIAN_POINT('',(0.260787757919,5.830182937302));
#486 = CARTESIAN_POINT('',(0.260354366601,5.833206774287));
#487 = CARTESIAN_POINT('',(0.259917584496,5.836237223593));
#488 = CARTESIAN_POINT('',(0.259477404958,5.839274310079));
#489 = CARTESIAN_POINT('',(0.259033822264,5.842318058398));
#490 = CARTESIAN_POINT('',(0.258586831656,5.845368492995));
#491 = CARTESIAN_POINT('',(0.258136429368,5.848425638115));
#492 = CARTESIAN_POINT('',(0.257682612659,5.851489517806));
#493 = CARTESIAN_POINT('',(0.257225379877,5.854560155913));
#494 = CARTESIAN_POINT('',(0.256764730351,5.857637576113));
#495 = CARTESIAN_POINT('',(0.256455353433,5.859693726586));
#496 = CARTESIAN_POINT('',(0.25630009574,5.86072293999));
#497 = ( GEOMETRIC_REPRESENTATION_CONTEXT(2) 
PARAMETRIC_REPRESENTATION_CONTEXT() REPRESENTATION_CONTEXT('2D SPACE',''
  ) );
#498 = ORIENTED_EDGE('',*,*,#499,.F.);
#499 = EDGE_CURVE('',#500,#238,#502,.T.);
#500 = VERTEX_POINT('',#501);
#501 = CARTESIAN_POINT('',(182.05214723254,21.,-49.));
#502 = SURFACE_CURVE('',#503,(#509,#518),.PCURVE_S1.);
#503 = B_SPLINE_CURVE_WITH_KNOTS('',4,(#504,#505,#506,#507,#508),
  .UNSPECIFIED.,.F.,.F.,(5,5),(0.,1.),.PIECEWISE_BEZIER_KNOTS.);
#504 = CARTESIAN_POINT('',(182.05214723254,21.,-49.));
#505 = CARTESIAN_POINT('',(182.65507795348,15.77310322001,-49.));
#506 = CARTESIAN_POINT('',(183.05791677716,10.523118543848,-49.));
#507 = CARTESIAN_POINT('',(183.2593362205,5.261558067547,-49.));
#508 = CARTESIAN_POINT('',(183.2593362205,0.,-49.));
#509 = PCURVE('',#35,#510);
#510 = DEFINITIONAL_REPRESENTATION('',(#511),#517);
#511 = B_SPLINE_CURVE_WITH_KNOTS('',4,(#512,#513,#514,#515,#516),
  .UNSPECIFIED.,.F.,.F.,(5,5),(0.,0.837795619603),
  .PIECEWISE_BEZIER_KNOTS.);
#512 = CARTESIAN_POINT('',(6.398029295813,5.792586845626));
#513 = CARTESIAN_POINT('',(6.373975356912,5.792586845626));
#514 = CARTESIAN_POINT('',(6.349921401175,5.792586845626));
#515 = CARTESIAN_POINT('',(6.325867451801,5.792586845626));
#516 = CARTESIAN_POINT('',(6.30181350456,5.792586845626));
#517 = ( GEOMETRIC_REPRESENTATION_CONTEXT(2) 
PARAMETRIC_REPRESENTATION_CONTEXT() REPRESENTATION_CONTEXT('2D SPACE',''
  ) );
#518 = PCURVE('',#519,#524);
#519 = PLANE('',#520);
#520 = AXIS2_PLACEMENT_3D('',#521,#522,#523);
#521 = CARTESIAN_POINT('',(150.,-21.,-49.));
#522 = DIRECTION('',(0.,0.,1.));
#523 = DIRECTION('',(1.,0.,-0.));
#524 = DEFINITIONAL_REPRESENTATION('',(#525),#531);
#525 = B_SPLINE_CURVE_WITH_KNOTS('',4,(#526,#527,#528,#529,#530),
  .UNSPECIFIED.,.F.,.F.,(5,5),(0.,1.),.PIECEWISE_BEZIER_KNOTS.);
#526 = CARTESIAN_POINT('',(32.052147232544,42.));
#527 = CARTESIAN_POINT('',(32.655077953485,36.77310322001));
#528 = CARTESIAN_POINT('',(33.057916777169,31.523118543848));
#529 = CARTESIAN_POINT('',(33.259336220505,26.261558067547));
#530 = CARTESIAN_POINT('',(33.259336220505,21.));
#531 = ( GEOMETRIC_REPRESENTATION_CONTEXT(2) 
PARAMETRIC_REPRESENTATION_CONTEXT() REPRESENTATION_CONTEXT('2D SPACE',''
  ) );
#532 = ORIENTED_EDGE('',*,*,#533,.F.);
#533 = EDGE_CURVE('',#534,#500,#536,.T.);
#534 = VERTEX_POINT('',#535);
#535 = CARTESIAN_POINT('',(201.97442256173,21.,22.));
#536 = SURFACE_CURVE('',#537,(#576,#618),.PCURVE_S1.);
#537 = B_SPLINE_CURVE_WITH_KNOTS('',7,(#538,#539,#540,#541,#542,#543,
    #544,#545,#546,#547,#548,#549,#550,#551,#552,#553,#554,#555,#556,
    #557,#558,#559,#560,#561,#562,#563,#564,#565,#566,#567,#568,#569,
    #570,#571,#572,#573,#574,#575),.UNSPECIFIED.,.F.,.F.,(8,6,6,6,6,6,8)
  ,(0.,9.710511377225E-02,0.284833130653,0.453096651987,0.53006482031,
    0.668001596302,1.),.UNSPECIFIED.);
#538 = CARTESIAN_POINT('',(201.97442256173,21.,22.));
#539 = CARTESIAN_POINT('',(202.41197485919,21.,20.993472685874));
#540 = CARTESIAN_POINT('',(202.8289550545,21.,19.977999451936));
#541 = CARTESIAN_POINT('',(203.22467161673,21.,18.953883979368));
#542 = CARTESIAN_POINT('',(203.59843911556,21.,17.921481082795));
#543 = CARTESIAN_POINT('',(203.94958953049,21.,16.881200731601));
#544 = CARTESIAN_POINT('',(204.27748356011,21.,15.833512071263));
#545 = CARTESIAN_POINT('',(205.16930272142,21.,12.740215205625));
#546 = CARTESIAN_POINT('',(205.66799953045,21.,10.675526319962));
#547 = CARTESIAN_POINT('',(206.07314108633,21.,8.58907792298));
#548 = CARTESIAN_POINT('',(206.38105472562,21.,6.485531703197));
#549 = CARTESIAN_POINT('',(206.5890502672,21.,4.370039848267));
#550 = CARTESIAN_POINT('',(206.69564443063,21.,2.248276502875));
#551 = CARTESIAN_POINT('',(206.70546993981,21.,-1.775328957809));
#552 = CARTESIAN_POINT('',(206.62864168196,21.,-3.677460997013));
#553 = CARTESIAN_POINT('',(206.47028730788,21.,-5.575482225313));
#554 = CARTESIAN_POINT('',(206.23129238515,21.,-7.465269018005));
#555 = CARTESIAN_POINT('',(205.9133469161,21.,-9.342997790353));
#556 = CARTESIAN_POINT('',(205.51882796186,21.,-11.20513145675));
#557 = CARTESIAN_POINT('',(204.83656555776,21.,-13.89157102436));
#558 = CARTESIAN_POINT('',(204.60702098286,21.,-14.73082173585));
#559 = CARTESIAN_POINT('',(204.36234229887,21.,-15.56586832608));
#560 = CARTESIAN_POINT('',(204.10282560129,21.,-16.39644367872));
#561 = CARTESIAN_POINT('',(203.8287830648,21.,-17.22230405544));
#562 = CARTESIAN_POINT('',(203.54053920958,21.,-18.0432279438));
#563 = CARTESIAN_POINT('',(202.69700384993,21.,-20.32100920475));
#564 = CARTESIAN_POINT('',(202.11104069277,21.,-21.76650284845));
#565 = CARTESIAN_POINT('',(201.48245107594,21.,-23.19435674587));
#566 = CARTESIAN_POINT('',(200.81322771632,21.,-24.60367257859));
#567 = CARTESIAN_POINT('',(200.10537958415,21.,-25.99376333559));
#568 = CARTESIAN_POINT('',(199.36088158781,21.,-27.36412973257));
#569 = CARTESIAN_POINT('',(196.70608246011,21.,-31.96449446922));
#570 = CARTESIAN_POINT('',(194.62983871088,21.,-35.09732978218));
#571 = CARTESIAN_POINT('',(192.37871477204,21.,-38.11016002975));
#572 = CARTESIAN_POINT('',(189.97661079387,21.,-41.0034056333));
#573 = CARTESIAN_POINT('',(187.44422119654,21.,-43.77967044216));
#574 = CARTESIAN_POINT('',(184.798503173,21.,-46.44330777537));
#575 = CARTESIAN_POINT('',(182.05214723254,21.,-49.));
#576 = PCURVE('',#35,#577);
#577 = DEFINITIONAL_REPRESENTATION('',(#578),#617);
#578 = B_SPLINE_CURVE_WITH_KNOTS('',7,(#579,#580,#581,#582,#583,#584,
    #585,#586,#587,#588,#589,#590,#591,#592,#593,#594,#595,#596,#597,
    #598,#599,#600,#601,#602,#603,#604,#605,#606,#607,#608,#609,#610,
    #611,#612,#613,#614,#615,#616),.UNSPECIFIED.,.F.,.F.,(8,6,6,6,6,6,8)
  ,(0.,9.710511377225E-02,0.284833130653,0.453096651987,0.53006482031,
    0.668001596302,1.),.UNSPECIFIED.);
#579 = CARTESIAN_POINT('',(6.386786611281,6.496334083105));
#580 = CARTESIAN_POINT('',(6.386563774555,6.486431844975));
#581 = CARTESIAN_POINT('',(6.386352529136,6.476466355938));
#582 = CARTESIAN_POINT('',(6.386153028688,6.466439588466));
#583 = CARTESIAN_POINT('',(6.385965430662,6.456353893828));
#584 = CARTESIAN_POINT('',(6.385789892818,6.446212040443));
#585 = CARTESIAN_POINT('',(6.385626569756,6.436017252236));
#586 = CARTESIAN_POINT('',(6.385183766117,6.40596907072));
#587 = CARTESIAN_POINT('',(6.384938090432,6.385978443001));
#588 = CARTESIAN_POINT('',(6.384739724009,6.365831672524));
#589 = CARTESIAN_POINT('',(6.384589592486,6.345561877444));
#590 = CARTESIAN_POINT('',(6.384488394547,6.325205541785));
#591 = CARTESIAN_POINT('',(6.38443653707,6.304803365863));
#592 = CARTESIAN_POINT('',(6.384431757045,6.266114823209));
#593 = CARTESIAN_POINT('',(6.384469133528,6.247825553093));
#594 = CARTESIAN_POINT('',(6.384546164111,6.229566296357));
#595 = CARTESIAN_POINT('',(6.384662606484,6.211366698385));
#596 = CARTESIAN_POINT('',(6.384818020003,6.193253958768));
#597 = CARTESIAN_POINT('',(6.385011799696,6.17525330321));
#598 = CARTESIAN_POINT('',(6.385349022411,6.149216409684));
#599 = CARTESIAN_POINT('',(6.385462734925,6.141072563608));
#600 = CARTESIAN_POINT('',(6.385584250249,6.132958841021));
#601 = CARTESIAN_POINT('',(6.385713495141,6.124877105237));
#602 = CARTESIAN_POINT('',(6.385850393575,6.116829038503));
#603 = CARTESIAN_POINT('',(6.385994867878,6.108816154307));
#604 = CARTESIAN_POINT('',(6.386419193044,6.086545182611));
#605 = CARTESIAN_POINT('',(6.386715626246,6.072367932487));
#606 = CARTESIAN_POINT('',(6.387035691465,6.058315724787));
#607 = CARTESIAN_POINT('',(6.387378940714,6.044394372798));
#608 = CARTESIAN_POINT('',(6.387744944662,6.030608107428));
#609 = CARTESIAN_POINT('',(6.388133308912,6.016959763113));
#610 = CARTESIAN_POINT('',(6.389531424266,5.970936507483));
#611 = CARTESIAN_POINT('',(6.390646377573,5.939240492036));
#612 = CARTESIAN_POINT('',(6.391884090644,5.908366685321));
#613 = CARTESIAN_POINT('',(6.39324152481,5.878299533594));
#614 = CARTESIAN_POINT('',(6.394717296455,5.849010441606));
#615 = CARTESIAN_POINT('',(6.396312004791,5.820457771133));
#616 = CARTESIAN_POINT('',(6.398029295813,5.792586845626));
#617 = ( GEOMETRIC_REPRESENTATION_CONTEXT(2) 
PARAMETRIC_REPRESENTATION_CONTEXT() REPRESENTATION_CONTEXT('2D SPACE',''
  ) );
#618 = PCURVE('',#619,#624);
#619 = PLANE('',#620);
#620 = AXIS2_PLACEMENT_3D('',#621,#622,#623);
#621 = CARTESIAN_POINT('',(150.,21.,-49.));
#622 = DIRECTION('',(-0.,1.,0.));
#623 = DIRECTION('',(0.,0.,1.));
#624 = DEFINITIONAL_REPRESENTATION('',(#625),#664);
#625 = B_SPLINE_CURVE_WITH_KNOTS('',7,(#626,#627,#628,#629,#630,#631,
    #632,#633,#634,#635,#636,#637,#638,#639,#640,#641,#642,#643,#644,
    #645,#646,#647,#648,#649,#650,#651,#652,#653,#654,#655,#656,#657,
    #658,#659,#660,#661,#662,#663),.UNSPECIFIED.,.F.,.F.,(8,6,6,6,6,6,8)
  ,(0.,9.710511377225E-02,0.284833130653,0.453096651987,0.53006482031,
    0.668001596302,1.),.UNSPECIFIED.);
#626 = CARTESIAN_POINT('',(71.,51.974422561738));
#627 = CARTESIAN_POINT('',(69.993472685874,52.411974859198));
#628 = CARTESIAN_POINT('',(68.977999451936,52.828955054501));
#629 = CARTESIAN_POINT('',(67.953883979368,53.224671616736));
#630 = CARTESIAN_POINT('',(66.921481082795,53.598439115569));
#631 = CARTESIAN_POINT('',(65.881200731601,53.949589530497));
#632 = CARTESIAN_POINT('',(64.833512071263,54.277483560114));
#633 = CARTESIAN_POINT('',(61.740215205625,55.169302721425));
#634 = CARTESIAN_POINT('',(59.675526319962,55.667999530453));
#635 = CARTESIAN_POINT('',(57.58907792298,56.073141086337));
#636 = CARTESIAN_POINT('',(55.485531703197,56.381054725625));
#637 = CARTESIAN_POINT('',(53.370039848267,56.589050267203));
#638 = CARTESIAN_POINT('',(51.248276502875,56.695644430638));
#639 = CARTESIAN_POINT('',(47.224671042191,56.705469939819));
#640 = CARTESIAN_POINT('',(45.322539002987,56.628641681961));
#641 = CARTESIAN_POINT('',(43.424517774687,56.470287307889));
#642 = CARTESIAN_POINT('',(41.534730981995,56.231292385157));
#643 = CARTESIAN_POINT('',(39.657002209647,55.9133469161));
#644 = CARTESIAN_POINT('',(37.794868543247,55.518827961864));
#645 = CARTESIAN_POINT('',(35.108428975638,54.836565557762));
#646 = CARTESIAN_POINT('',(34.269178264148,54.607020982862));
#647 = CARTESIAN_POINT('',(33.434131673914,54.362342298877));
#648 = CARTESIAN_POINT('',(32.603556321273,54.102825601298));
#649 = CARTESIAN_POINT('',(31.777695944553,53.828783064805));
#650 = CARTESIAN_POINT('',(30.956772056194,53.540539209589));
#651 = CARTESIAN_POINT('',(28.678990795248,52.697003849935));
#652 = CARTESIAN_POINT('',(27.233497151546,52.111040692773));
#653 = CARTESIAN_POINT('',(25.805643254128,51.482451075943));
#654 = CARTESIAN_POINT('',(24.396327421403,50.813227716326));
#655 = CARTESIAN_POINT('',(23.006236664401,50.105379584151));
#656 = CARTESIAN_POINT('',(21.635870267421,49.360881587816));
#657 = CARTESIAN_POINT('',(17.035505530772,46.706082460113));
#658 = CARTESIAN_POINT('',(13.902670217818,44.629838710885));
#659 = CARTESIAN_POINT('',(10.889839970246,42.378714772046));
#660 = CARTESIAN_POINT('',(7.996594366699,39.976610793876));
#661 = CARTESIAN_POINT('',(5.220329557836,37.444221196549));
#662 = CARTESIAN_POINT('',(2.556692224621,34.798503173001));
#663 = CARTESIAN_POINT('',(0.,32.052147232544));
#664 = ( GEOMETRIC_REPRESENTATION_CONTEXT(2) 
PARAMETRIC_REPRESENTATION_CONTEXT() REPRESENTATION_CONTEXT('2D SPACE',''
  ) );
#665 = ORIENTED_EDGE('',*,*,#666,.F.);
#666 = EDGE_CURVE('',#667,#534,#669,.T.);
#667 = VERTEX_POINT('',#668);
#668 = CARTESIAN_POINT('',(201.97442256173,-21.,22.));
#669 = SURFACE_CURVE('',#670,(#677,#706),.PCURVE_S1.);
#670 = B_SPLINE_CURVE_WITH_KNOTS('',4,(#671,#672,#673,#674,#675,#676),
  .UNSPECIFIED.,.F.,.F.,(5,1,5),(0.,1.,2.),.UNSPECIFIED.);
#671 = CARTESIAN_POINT('',(201.97442256173,-21.,22.));
#672 = CARTESIAN_POINT('',(202.51832915102,-15.76879908099,22.));
#673 = CARTESIAN_POINT('',(203.24483749494,-5.268815843182,22.));
#674 = CARTESIAN_POINT('',(203.24483723665,5.268815843182,22.));
#675 = CARTESIAN_POINT('',(202.51832915102,15.768799080998,22.));
#676 = CARTESIAN_POINT('',(201.97442256173,21.,22.));
#677 = PCURVE('',#35,#678);
#678 = DEFINITIONAL_REPRESENTATION('',(#679),#705);
#679 = B_SPLINE_CURVE_WITH_KNOTS('',3,(#680,#681,#682,#683,#684,#685,
    #686,#687,#688,#689,#690,#691,#692,#693,#694,#695,#696,#697,#698,
    #699,#700,#701,#702,#703,#704),.UNSPECIFIED.,.F.,.F.,(4,1,1,1,1,1,1,
    1,1,1,1,1,1,1,1,1,1,1,1,1,1,1,4),(0.,9.090909090909E-02,
    0.181818181818,0.272727272727,0.363636363636,0.454545454545,
    0.545454545455,0.636363636364,0.727272727273,0.818181818182,
    0.909090909091,1.,1.090909090909,1.181818181818,1.272727272727,
    1.363636363636,1.454545454545,1.545454545455,1.636363636364,
    1.727272727273,1.818181818182,1.909090909091,2.),
  .QUASI_UNIFORM_KNOTS.);
#680 = CARTESIAN_POINT('',(6.179584003078,6.496334083105));
#681 = CARTESIAN_POINT('',(6.182723435089,6.496334083108));
#682 = CARTESIAN_POINT('',(6.189002300199,6.496334083127));
#683 = CARTESIAN_POINT('',(6.198420600056,6.49633408316));
#684 = CARTESIAN_POINT('',(6.207838900868,6.496334083157));
#685 = CARTESIAN_POINT('',(6.217257201964,6.496334083119));
#686 = CARTESIAN_POINT('',(6.226675502951,6.496334083058));
#687 = CARTESIAN_POINT('',(6.236093803696,6.496334082993));
#688 = CARTESIAN_POINT('',(6.24551210424,6.496334082943));
#689 = CARTESIAN_POINT('',(6.254930404723,6.496334082918));
#690 = CARTESIAN_POINT('',(6.264348705315,6.496334082921));
#691 = CARTESIAN_POINT('',(6.273767006132,6.496334082948));
#692 = CARTESIAN_POINT('',(6.283185307179,6.496334082989));
#693 = CARTESIAN_POINT('',(6.292603608228,6.496334083032));
#694 = CARTESIAN_POINT('',(6.302021909048,6.496334083078));
#695 = CARTESIAN_POINT('',(6.311440209644,6.496334083128));
#696 = CARTESIAN_POINT('',(6.320858510132,6.496334083183));
#697 = CARTESIAN_POINT('',(6.330276810679,6.496334083236));
#698 = CARTESIAN_POINT('',(6.339695111426,6.496334083279));
#699 = CARTESIAN_POINT('',(6.349113412412,6.496334083297));
#700 = CARTESIAN_POINT('',(6.358531713504,6.49633408328));
#701 = CARTESIAN_POINT('',(6.367950014311,6.496334083224));
#702 = CARTESIAN_POINT('',(6.377368314162,6.496334083142));
#703 = CARTESIAN_POINT('',(6.38364717927,6.496334083108));
#704 = CARTESIAN_POINT('',(6.386786611281,6.496334083105));
#705 = ( GEOMETRIC_REPRESENTATION_CONTEXT(2) 
PARAMETRIC_REPRESENTATION_CONTEXT() REPRESENTATION_CONTEXT('2D SPACE',''
  ) );
#706 = PCURVE('',#707,#712);
#707 = PLANE('',#708);
#708 = AXIS2_PLACEMENT_3D('',#709,#710,#711);
#709 = CARTESIAN_POINT('',(150.,-21.,22.));
#710 = DIRECTION('',(0.,0.,1.));
#711 = DIRECTION('',(1.,0.,-0.));
#712 = DEFINITIONAL_REPRESENTATION('',(#713),#720);
#713 = B_SPLINE_CURVE_WITH_KNOTS('',4,(#714,#715,#716,#717,#718,#719),
  .UNSPECIFIED.,.F.,.F.,(5,1,5),(0.,1.,2.),.UNSPECIFIED.);
#714 = CARTESIAN_POINT('',(51.974422561738,0.));
#715 = CARTESIAN_POINT('',(52.518329151027,5.231200919002));
#716 = CARTESIAN_POINT('',(53.244837494947,15.731184156818));
#717 = CARTESIAN_POINT('',(53.244837236659,26.268815843182));
#718 = CARTESIAN_POINT('',(52.518329151027,36.768799080998));
#719 = CARTESIAN_POINT('',(51.974422561738,42.));
#720 = ( GEOMETRIC_REPRESENTATION_CONTEXT(2) 
PARAMETRIC_REPRESENTATION_CONTEXT() REPRESENTATION_CONTEXT('2D SPACE',''
  ) );
#721 = ORIENTED_EDGE('',*,*,#722,.T.);
#722 = EDGE_CURVE('',#667,#723,#725,.T.);
#723 = VERTEX_POINT('',#724);
#724 = CARTESIAN_POINT('',(182.05214723254,-21.,-49.));
#725 = SURFACE_CURVE('',#726,(#765,#807),.PCURVE_S1.);
#726 = B_SPLINE_CURVE_WITH_KNOTS('',7,(#727,#728,#729,#730,#731,#732,
    #733,#734,#735,#736,#737,#738,#739,#740,#741,#742,#743,#744,#745,
    #746,#747,#748,#749,#750,#751,#752,#753,#754,#755,#756,#757,#758,
    #759,#760,#761,#762,#763,#764),.UNSPECIFIED.,.F.,.F.,(8,6,6,6,6,6,8)
  ,(0.,9.90138633906E-02,0.286686432224,0.452034255079,0.52897630022,
    0.666849608074,1.),.UNSPECIFIED.);
#727 = CARTESIAN_POINT('',(201.97442256173,-21.,22.));
#728 = CARTESIAN_POINT('',(202.42057578265,-21.,20.973687475192));
#729 = CARTESIAN_POINT('',(202.8453401971,-21.,19.938073818477));
#730 = CARTESIAN_POINT('',(203.2479826797,-21.,18.893481062659));
#731 = CARTESIAN_POINT('',(203.62777668004,-21.,17.84028646785));
#732 = CARTESIAN_POINT('',(203.98401472002,-21.,16.778926944387));
#733 = CARTESIAN_POINT('',(204.31602089112,-21.,15.709903475741));
#734 = CARTESIAN_POINT('',(205.20532642063,-21.,12.594093217715));
#735 = CARTESIAN_POINT('',(205.69823889742,-21.,10.528653140905));
#736 = CARTESIAN_POINT('',(206.09745768613,-21.,8.441694724689));
#737 = CARTESIAN_POINT('',(206.39934995864,-21.,6.337904833319));
#738 = CARTESIAN_POINT('',(206.60127439582,-21.,4.222452836433));
#739 = CARTESIAN_POINT('',(206.70180197429,-21.,2.101020933271));
#740 = CARTESIAN_POINT('',(206.70024884245,-21.,-1.889014574388));
#741 = CARTESIAN_POINT('',(206.62084696649,-21.,-3.757959126971));
#742 = CARTESIAN_POINT('',(206.46275754372,-21.,-5.622787176992));
#743 = CARTESIAN_POINT('',(206.22684102551,-21.,-7.479589695483));
#744 = CARTESIAN_POINT('',(205.91470663633,-21.,-9.324740222221));
#745 = CARTESIAN_POINT('',(205.52860388804,-21.,-11.15488166726));
#746 = CARTESIAN_POINT('',(204.85854529401,-21.,-13.81011668461));
#747 = CARTESIAN_POINT('',(204.63034120826,-21.,-14.64942852687));
#748 = CARTESIAN_POINT('',(204.38699302156,-21.,-15.48455799557));
#749 = CARTESIAN_POINT('',(204.12879556356,-21.,-16.31523698452));
#750 = CARTESIAN_POINT('',(203.85605989833,-21.,-17.14122071823));
#751 = CARTESIAN_POINT('',(203.56910959408,-21.,-17.96228660685));
#752 = CARTESIAN_POINT('',(202.72921170362,-21.,-20.24033671421));
#753 = CARTESIAN_POINT('',(202.14557194857,-21.,-21.68600014835));
#754 = CARTESIAN_POINT('',(201.51926592778,-21.,-23.11407816422));
#755 = CARTESIAN_POINT('',(200.85228262345,-21.,-24.52366651027));
#756 = CARTESIAN_POINT('',(200.14662856457,-21.,-25.91407249233));
#757 = CARTESIAN_POINT('',(199.40427737364,-21.,-27.28479141241));
#758 = CARTESIAN_POINT('',(196.74927583755,-21.,-31.89924889415));
#759 = CARTESIAN_POINT('',(194.66887664542,-21.,-35.04504468877));
#760 = CARTESIAN_POINT('',(192.41204252092,-21.,-38.06999908375));
#761 = CARTESIAN_POINT('',(190.00296275049,-21.,-40.97450753629));
#762 = CARTESIAN_POINT('',(187.46257703723,-21.,-43.76118736966));
#763 = CARTESIAN_POINT('',(184.8080334688,-21.,-46.4344356431));
#764 = CARTESIAN_POINT('',(182.05214723254,-21.,-49.));
#765 = PCURVE('',#35,#766);
#766 = DEFINITIONAL_REPRESENTATION('',(#767),#806);
#767 = B_SPLINE_CURVE_WITH_KNOTS('',7,(#768,#769,#770,#771,#772,#773,
    #774,#775,#776,#777,#778,#779,#780,#781,#782,#783,#784,#785,#786,
    #787,#788,#789,#790,#791,#792,#793,#794,#795,#796,#797,#798,#799,
    #800,#801,#802,#803,#804,#805),.UNSPECIFIED.,.F.,.F.,(8,6,6,6,6,6,8)
  ,(0.,9.90138633906E-02,0.286686432224,0.452034255079,0.52897630022,
    0.666849608074,1.),.UNSPECIFIED.);
#768 = CARTESIAN_POINT('',(6.179584003078,6.496334083105));
#769 = CARTESIAN_POINT('',(6.179811220084,6.486237197632));
#770 = CARTESIAN_POINT('',(6.180026385614,6.476074549581));
#771 = CARTESIAN_POINT('',(6.180229336753,6.465848231022));
#772 = CARTESIAN_POINT('',(6.180419906493,6.455560742875));
#773 = CARTESIAN_POINT('',(6.180597927572,6.445215037223));
#774 = CARTESIAN_POINT('',(6.180763236307,6.434814559618));
#775 = CARTESIAN_POINT('',(6.181204614059,6.404553778963));
#776 = CARTESIAN_POINT('',(6.181447357133,6.384559271356));
#777 = CARTESIAN_POINT('',(6.181642769487,6.364410333421));
#778 = CARTESIAN_POINT('',(6.181789934898,6.344140277738));
#779 = CARTESIAN_POINT('',(6.18188816696,6.323785721575));
#780 = CARTESIAN_POINT('',(6.18193707288,6.30338743192));
#781 = CARTESIAN_POINT('',(6.181936317296,6.265021705164));
#782 = CARTESIAN_POINT('',(6.181897688948,6.247051011206));
#783 = CARTESIAN_POINT('',(6.181820779047,6.229110347828));
#784 = CARTESIAN_POINT('',(6.18170582242,6.211227821848));
#785 = CARTESIAN_POINT('',(6.181553238662,6.193429237318));
#786 = CARTESIAN_POINT('',(6.181363600606,6.175738534875));
#787 = CARTESIAN_POINT('',(6.181032475827,6.150006637016));
#788 = CARTESIAN_POINT('',(6.180919451616,6.141863071895));
#789 = CARTESIAN_POINT('',(6.18079862485,6.133749477692));
#790 = CARTESIAN_POINT('',(6.180670068515,6.125667725527));
#791 = CARTESIAN_POINT('',(6.180533858436,6.117619505785));
#792 = CARTESIAN_POINT('',(6.180390072141,6.109606340396));
#793 = CARTESIAN_POINT('',(6.179967699505,6.087335976379));
#794 = CARTESIAN_POINT('',(6.179672535638,6.073159320744));
#795 = CARTESIAN_POINT('',(6.179353743489,6.059107342789));
#796 = CARTESIAN_POINT('',(6.179011770905,6.045185902184));
#797 = CARTESIAN_POINT('',(6.17864704752,6.031399273838));
#798 = CARTESIAN_POINT('',(6.178259968453,6.017750334129));
#799 = CARTESIAN_POINT('',(6.176862379868,5.97159654789));
#800 = CARTESIAN_POINT('',(6.175745696186,5.939776230569));
#801 = CARTESIAN_POINT('',(6.174505354219,5.908784015403));
#802 = CARTESIAN_POINT('',(6.173144444536,5.878604387284));
#803 = CARTESIAN_POINT('',(6.171664381044,5.84920856314));
#804 = CARTESIAN_POINT('',(6.170064568843,5.820554487717));
#805 = CARTESIAN_POINT('',(6.168341318546,5.792586845626));
#806 = ( GEOMETRIC_REPRESENTATION_CONTEXT(2) 
PARAMETRIC_REPRESENTATION_CONTEXT() REPRESENTATION_CONTEXT('2D SPACE',''
  ) );
#807 = PCURVE('',#808,#813);
#808 = PLANE('',#809);
#809 = AXIS2_PLACEMENT_3D('',#810,#811,#812);
#810 = CARTESIAN_POINT('',(150.,-21.,-49.));
#811 = DIRECTION('',(-0.,1.,0.));
#812 = DIRECTION('',(0.,0.,1.));
#813 = DEFINITIONAL_REPRESENTATION('',(#814),#853);
#814 = B_SPLINE_CURVE_WITH_KNOTS('',7,(#815,#816,#817,#818,#819,#820,
    #821,#822,#823,#824,#825,#826,#827,#828,#829,#830,#831,#832,#833,
    #834,#835,#836,#837,#838,#839,#840,#841,#842,#843,#844,#845,#846,
    #847,#848,#849,#850,#851,#852),.UNSPECIFIED.,.F.,.F.,(8,6,6,6,6,6,8)
  ,(0.,9.90138633906E-02,0.286686432224,0.452034255079,0.52897630022,
    0.666849608074,1.),.UNSPECIFIED.);
#815 = CARTESIAN_POINT('',(71.,51.974422561738));
#816 = CARTESIAN_POINT('',(69.973687475192,52.420575782659));
#817 = CARTESIAN_POINT('',(68.938073818477,52.845340197109));
#818 = CARTESIAN_POINT('',(67.893481062659,53.247982679704));
#819 = CARTESIAN_POINT('',(66.84028646785,53.627776680047));
#820 = CARTESIAN_POINT('',(65.778926944387,53.984014720027));
#821 = CARTESIAN_POINT('',(64.709903475741,54.316020891127));
#822 = CARTESIAN_POINT('',(61.594093217715,55.205326420636));
#823 = CARTESIAN_POINT('',(59.528653140905,55.698238897428));
#824 = CARTESIAN_POINT('',(57.441694724689,56.097457686133));
#825 = CARTESIAN_POINT('',(55.337904833319,56.399349958645));
#826 = CARTESIAN_POINT('',(53.222452836433,56.601274395824));
#827 = CARTESIAN_POINT('',(51.101020933271,56.701801974293));
#828 = CARTESIAN_POINT('',(47.110985425612,56.700248842452));
#829 = CARTESIAN_POINT('',(45.242040873029,56.620846966492));
#830 = CARTESIAN_POINT('',(43.377212823008,56.462757543726));
#831 = CARTESIAN_POINT('',(41.520410304517,56.226841025511));
#832 = CARTESIAN_POINT('',(39.675259777779,55.914706636337));
#833 = CARTESIAN_POINT('',(37.845118332737,55.528603888048));
#834 = CARTESIAN_POINT('',(35.189883315381,54.858545294012));
#835 = CARTESIAN_POINT('',(34.350571473126,54.630341208261));
#836 = CARTESIAN_POINT('',(33.515442004429,54.38699302156));
#837 = CARTESIAN_POINT('',(32.684763015478,54.128795563563));
#838 = CARTESIAN_POINT('',(31.858779281768,53.856059898331));
#839 = CARTESIAN_POINT('',(31.037713393146,53.569109594087));
#840 = CARTESIAN_POINT('',(28.759663285789,52.729211703627));
#841 = CARTESIAN_POINT('',(27.313999851644,52.14557194857));
#842 = CARTESIAN_POINT('',(25.885921835774,51.51926592778));
#843 = CARTESIAN_POINT('',(24.476333489724,50.852282623457));
#844 = CARTESIAN_POINT('',(23.085927507666,50.146628564578));
#845 = CARTESIAN_POINT('',(21.715208587582,49.404277373644));
#846 = CARTESIAN_POINT('',(17.100751105845,46.749275837554));
#847 = CARTESIAN_POINT('',(13.95495531123,44.668876645425));
#848 = CARTESIAN_POINT('',(10.930000916245,42.412042520922));
#849 = CARTESIAN_POINT('',(8.025492463704,40.002962750493));
#850 = CARTESIAN_POINT('',(5.238812630336,37.462577037232));
#851 = CARTESIAN_POINT('',(2.565564356898,34.808033468805));
#852 = CARTESIAN_POINT('',(0.,32.052147232544));
#853 = ( GEOMETRIC_REPRESENTATION_CONTEXT(2) 
PARAMETRIC_REPRESENTATION_CONTEXT() REPRESENTATION_CONTEXT('2D SPACE',''
  ) );
#854 = ORIENTED_EDGE('',*,*,#855,.F.);
#855 = EDGE_CURVE('',#856,#723,#858,.T.);
#856 = VERTEX_POINT('',#857);
#857 = CARTESIAN_POINT('',(183.22754076511,-3.413593850788,
    -49.00000001445));
#858 = SURFACE_CURVE('',#859,(#865,#874),.PCURVE_S1.);
#859 = B_SPLINE_CURVE_WITH_KNOTS('',4,(#860,#861,#862,#863,#864),
  .UNSPECIFIED.,.F.,.F.,(5,5),(0.,1.),.PIECEWISE_BEZIER_KNOTS.);
#860 = CARTESIAN_POINT('',(183.2593362205,-4.618527782441E-14,-49.));
#861 = CARTESIAN_POINT('',(183.2593362205,-5.261558067547,-49.));
#862 = CARTESIAN_POINT('',(183.05791677716,-10.52311854384,-49.));
#863 = CARTESIAN_POINT('',(182.65507795348,-15.77310322001,-49.));
#864 = CARTESIAN_POINT('',(182.05214723254,-21.,-49.));
#865 = PCURVE('',#35,#866);
#866 = DEFINITIONAL_REPRESENTATION('',(#867),#873);
#867 = B_SPLINE_CURVE_WITH_KNOTS('',4,(#868,#869,#870,#871,#872),
  .UNSPECIFIED.,.F.,.F.,(5,5),(0.162204380679,1.),
  .PIECEWISE_BEZIER_KNOTS.);
#868 = CARTESIAN_POINT('',(6.264557109767,5.792586845626));
#869 = CARTESIAN_POINT('',(6.240503162534,5.792586845626));
#870 = CARTESIAN_POINT('',(6.216449213168,5.792586845626));
#871 = CARTESIAN_POINT('',(6.192395257439,5.792586845626));
#872 = CARTESIAN_POINT('',(6.168341318546,5.792586845626));
#873 = ( GEOMETRIC_REPRESENTATION_CONTEXT(2) 
PARAMETRIC_REPRESENTATION_CONTEXT() REPRESENTATION_CONTEXT('2D SPACE',''
  ) );
#874 = PCURVE('',#519,#875);
#875 = DEFINITIONAL_REPRESENTATION('',(#876),#882);
#876 = B_SPLINE_CURVE_WITH_KNOTS('',4,(#877,#878,#879,#880,#881),
  .UNSPECIFIED.,.F.,.F.,(5,5),(0.,1.),.PIECEWISE_BEZIER_KNOTS.);
#877 = CARTESIAN_POINT('',(33.259336220505,21.));
#878 = CARTESIAN_POINT('',(33.259336220505,15.738441932453));
#879 = CARTESIAN_POINT('',(33.057916777169,10.476881456152));
#880 = CARTESIAN_POINT('',(32.655077953485,5.22689677999));
#881 = CARTESIAN_POINT('',(32.052147232544,0.));
#882 = ( GEOMETRIC_REPRESENTATION_CONTEXT(2) 
PARAMETRIC_REPRESENTATION_CONTEXT() REPRESENTATION_CONTEXT('2D SPACE',''
  ) );
#883 = ORIENTED_EDGE('',*,*,#884,.F.);
#884 = EDGE_CURVE('',#885,#856,#887,.T.);
#885 = VERTEX_POINT('',#886);
#886 = CARTESIAN_POINT('',(189.32676668944,-3.295194200903,
    -42.79999999772));
#887 = SURFACE_CURVE('',#888,(#901,#930),.PCURVE_S1.);
#888 = B_SPLINE_CURVE_WITH_KNOTS('',6,(#889,#890,#891,#892,#893,#894,
    #895,#896,#897,#898,#899,#900),.UNSPECIFIED.,.F.,.F.,(7,5,7),(
    5.380747105723E-02,0.113783177061,0.128353721286),.UNSPECIFIED.);
#889 = CARTESIAN_POINT('',(189.32676668691,-3.295194200859,
    -42.79999999543));
#890 = CARTESIAN_POINT('',(188.54517662318,-3.312473306295,
    -43.66596838756));
#891 = CARTESIAN_POINT('',(187.75099469161,-3.329296623871,
    -44.52058324501));
#892 = CARTESIAN_POINT('',(186.94481395337,-3.345663234494,
    -45.36396189933));
#893 = CARTESIAN_POINT('',(186.12718929145,-3.361576732237,
    -46.19623707195));
#894 = CARTESIAN_POINT('',(185.29863563641,-3.3770436326,-47.01755529993
    ));
#895 = CARTESIAN_POINT('',(184.25579700169,-3.395723663816,
    -48.02498407525));
#896 = CARTESIAN_POINT('',(184.05135124453,-3.399348924846,
    -48.22125440824));
#897 = CARTESIAN_POINT('',(183.84629607068,-3.402948440552,
    -48.41688890313));
#898 = CARTESIAN_POINT('',(183.64063820198,-3.406522342083,
    -48.61188982604));
#899 = CARTESIAN_POINT('',(183.4343842625,-3.410070765429,
    -48.80625944476));
#900 = CARTESIAN_POINT('',(183.22754077865,-3.41359385104,-49.0000000289
    ));
#901 = PCURVE('',#35,#902);
#902 = DEFINITIONAL_REPRESENTATION('',(#903),#929);
#903 = B_SPLINE_CURVE_WITH_KNOTS('',3,(#904,#905,#906,#907,#908,#909,
    #910,#911,#912,#913,#914,#915,#916,#917,#918,#919,#920,#921,#922,
    #923,#924,#925,#926,#927,#928),.UNSPECIFIED.,.F.,.F.,(4,1,1,1,1,1,1,
    1,1,1,1,1,1,1,1,1,1,1,1,1,1,1,4),(5.380747105723E-02,
    5.71959369767E-02,6.058440289617E-02,6.397286881564E-02,
    6.736133473512E-02,7.074980065459E-02,7.413826657406E-02,
    7.752673249353E-02,8.091519841301E-02,8.430366433248E-02,
    8.769213025195E-02,9.108059617142E-02,9.446906209089E-02,
    9.785752801037E-02,0.10124599393,0.104634459849,0.108022925769,
    0.111411391688,0.114799857608,0.118188323527,0.121576789447,
    0.124965255366,0.128353721286),.QUASI_UNIFORM_KNOTS.);
#904 = CARTESIAN_POINT('',(6.265782265948,5.859043852878));
#905 = CARTESIAN_POINT('',(6.265763840115,5.8580115169));
#906 = CARTESIAN_POINT('',(6.265726976823,5.85594922477));
#907 = CARTESIAN_POINT('',(6.265671646952,5.852862898935));
#908 = CARTESIAN_POINT('',(6.265616282129,5.849783658484));
#909 = CARTESIAN_POINT('',(6.265560882221,5.846711475944));
#910 = CARTESIAN_POINT('',(6.265505447026,5.843646323515));
#911 = CARTESIAN_POINT('',(6.265449976261,5.840588173028));
#912 = CARTESIAN_POINT('',(6.265394469574,5.837536995949));
#913 = CARTESIAN_POINT('',(6.265338926536,5.834492763383));
#914 = CARTESIAN_POINT('',(6.265283346653,5.831455446067));
#915 = CARTESIAN_POINT('',(6.265227729359,5.828425014374));
#916 = CARTESIAN_POINT('',(6.265172074027,5.825401438311));
#917 = CARTESIAN_POINT('',(6.265116379961,5.822384687515));
#918 = CARTESIAN_POINT('',(6.265060646408,5.819374731261));
#919 = CARTESIAN_POINT('',(6.26500487255,5.816371538434));
#920 = CARTESIAN_POINT('',(6.264949057515,5.813375077624));
#921 = CARTESIAN_POINT('',(6.264893200365,5.810385316763));
#922 = CARTESIAN_POINT('',(6.264837300133,5.807402224488));
#923 = CARTESIAN_POINT('',(6.264781355706,5.804425765034));
#924 = CARTESIAN_POINT('',(6.264725366332,5.801455921162));
#925 = CARTESIAN_POINT('',(6.26466933089,5.798492661653));
#926 = CARTESIAN_POINT('',(6.264613248191,5.795535953553));
#927 = CARTESIAN_POINT('',(6.264575827403,5.793569160879));
#928 = CARTESIAN_POINT('',(6.264557108726,5.792586845639));
#929 = ( GEOMETRIC_REPRESENTATION_CONTEXT(2) 
PARAMETRIC_REPRESENTATION_CONTEXT() REPRESENTATION_CONTEXT('2D SPACE',''
  ) );
#930 = PCURVE('',#931,#1121);
#931 = ( BOUNDED_SURFACE() B_SPLINE_SURFACE(6,10,(
    (#932,#933,#934,#935,#936,#937,#938,#939,#940,#941,#942,#943,#944
      ,#945,#946,#947,#948,#949,#950,#951,#952,#953,#954,#955,#956,#957
      ,#958)
    ,(#959,#960,#961,#962,#963,#964,#965,#966,#967,#968,#969,#970,#971
      ,#972,#973,#974,#975,#976,#977,#978,#979,#980,#981,#982,#983,#984
      ,#985)
    ,(#986,#987,#988,#989,#990,#991,#992,#993,#994,#995,#996,#997,#998
      ,#999,#1000,#1001,#1002,#1003,#1004,#1005,#1006,#1007,#1008,#1009
      ,#1010,#1011,#1012)
    ,(#1013,#1014,#1015,#1016,#1017,#1018,#1019,#1020,#1021,#1022,#1023
      ,#1024,#1025,#1026,#1027,#1028,#1029,#1030,#1031,#1032,#1033,#1034
      ,#1035,#1036,#1037,#1038,#1039)
    ,(#1040,#1041,#1042,#1043,#1044,#1045,#1046,#1047,#1048,#1049,#1050
      ,#1051,#1052,#1053,#1054,#1055,#1056,#1057,#1058,#1059,#1060,#1061
      ,#1062,#1063,#1064,#1065,#1066)
    ,(#1067,#1068,#1069,#1070,#1071,#1072,#1073,#1074,#1075,#1076,#1077
      ,#1078,#1079,#1080,#1081,#1082,#1083,#1084,#1085,#1086,#1087,#1088
      ,#1089,#1090,#1091,#1092,#1093)
    ,(#1094,#1095,#1096,#1097,#1098,#1099,#1100,#1101,#1102,#1103,#1104
      ,#1105,#1106,#1107,#1108,#1109,#1110,#1111,#1112,#1113,#1114,#1115
      ,#1116,#1117,#1118,#1119,#1120
)),.UNSPECIFIED.,.F.,.F.,.F.) B_SPLINE_SURFACE_WITH_KNOTS((7,7),(11,8,8,
    11),(0.,3.14159265359),(5.175468771511,5.671013112826,5.918785283484
,6.166557454141),.UNSPECIFIED.) GEOMETRIC_REPRESENTATION_ITEM() 
RATIONAL_B_SPLINE_SURFACE((
    (1.132556574715,1.132556574715,1.132556574715,1.132556574714
      ,1.132556574716,1.132556574714,1.132556574716,1.132556574715
      ,1.132556574715,1.132556574715,1.132556574715,1.132556574715
      ,1.132556574715,1.132556574715,1.132556574715,1.132556574715
      ,1.132556574715,1.132556574715,1.132556574715,1.132556574715
      ,1.132556574715,1.132556574715,1.132556574715,1.132556574715
      ,1.132556574715,1.132556574715,1.132556574715)
    ,(1.036346631341,1.036346631341,1.036346631341,1.036346631341
      ,1.036346631342,1.03634663134,1.036346631342,1.036346631341
      ,1.036346631341,1.036346631341,1.036346631341,1.036346631341
      ,1.036346631342,1.036346631341,1.036346631342,1.036346631341
      ,1.036346631341,1.036346631341,1.036346631341,1.036346631341
      ,1.036346631341,1.036346631342,1.036346631341,1.036346631342
      ,1.036346631341,1.036346631341,1.036346631341)
    ,(0.992316309354,0.992316309354,0.992316309354,0.992316309353
      ,0.992316309354,0.992316309353,0.992316309354,0.992316309353
      ,0.992316309354,0.992316309354,0.992316309354,0.992316309353
      ,0.992316309354,0.992316309353,0.992316309354,0.992316309354
      ,0.992316309354,0.992316309354,0.992316309354,0.992316309354
      ,0.992316309353,0.992316309354,0.992316309353,0.992316309354
      ,0.992316309353,0.992316309354,0.992316309354)
    ,(0.976461899693,0.976461899693,0.976461899694,0.976461899693
      ,0.976461899694,0.976461899693,0.976461899694,0.976461899693
      ,0.976461899693,0.976461899693,0.976461899693,0.976461899693
      ,0.976461899694,0.976461899693,0.976461899693,0.976461899693
      ,0.976461899693,0.976461899693,0.976461899693,0.976461899694
      ,0.976461899693,0.976461899694,0.976461899693,0.976461899694
      ,0.976461899693,0.976461899693,0.976461899693)
    ,(0.992316309354,0.992316309354,0.992316309354,0.992316309353
      ,0.992316309354,0.992316309353,0.992316309354,0.992316309353
      ,0.992316309354,0.992316309354,0.992316309354,0.992316309353
      ,0.992316309354,0.992316309353,0.992316309354,0.992316309354
      ,0.992316309354,0.992316309354,0.992316309354,0.992316309354
      ,0.992316309353,0.992316309354,0.992316309353,0.992316309354
      ,0.992316309354,0.992316309354,0.992316309354)
    ,(1.036346631341,1.036346631341,1.036346631341,1.036346631341
      ,1.036346631342,1.036346631341,1.036346631342,1.036346631341
      ,1.036346631341,1.036346631341,1.036346631341,1.036346631341
      ,1.036346631342,1.036346631341,1.036346631342,1.036346631341
      ,1.036346631341,1.036346631341,1.036346631341,1.036346631341
      ,1.036346631341,1.036346631342,1.036346631341,1.036346631342
      ,1.036346631341,1.036346631341,1.036346631341)
    ,(1.132556574715,1.132556574715,1.132556574715,1.132556574714
      ,1.132556574716,1.132556574714,1.132556574716,1.132556574715
      ,1.132556574715,1.132556574715,1.132556574715,1.132556574715
      ,1.132556574715,1.132556574715,1.132556574715,1.132556574715
      ,1.132556574715,1.132556574715,1.132556574715,1.132556574715
      ,1.132556574715,1.132556574715,1.132556574715,1.132556574715
      ,1.132556574715,1.132556574715,1.132556574715
))) REPRESENTATION_ITEM('') SURFACE() );
#932 = CARTESIAN_POINT('',(92.949708428514,1.42108547152E-14,
    -93.59805710749));
#933 = CARTESIAN_POINT('',(102.14570576481,-1.847411112976E-13,
    -91.29530093824));
#934 = CARTESIAN_POINT('',(111.09082511424,7.176481631177E-13,
    -88.73877247358));
#935 = CARTESIAN_POINT('',(119.75397701461,-1.264766069653E-12,
    -85.93597625472));
#936 = CARTESIAN_POINT('',(128.1051712327,1.200817223435E-12,
    -82.89545794345));
#937 = CARTESIAN_POINT('',(136.11569305978,-5.613287612505E-13,
    -79.62674377958));
#938 = CARTESIAN_POINT('',(143.75826762315,9.947598300641E-14,
    -76.14026698204));
#939 = CARTESIAN_POINT('',(151.00719754375,-7.815970093361E-14,
    -72.44727852668));
#940 = CARTESIAN_POINT('',(157.83847988525,7.105427357601E-14,
    -68.55974977565));
#941 = CARTESIAN_POINT('',(167.42553970838,-4.973799150321E-14,
    -62.45551397066));
#942 = CARTESIAN_POINT('',(175.97658767959,-4.973799150321E-14,
    -55.97147871081));
#943 = CARTESIAN_POINT('',(178.70925699826,3.623767952377E-13,
    -53.76957895425));
#944 = CARTESIAN_POINT('',(181.32178634205,-6.679101716145E-13,
    -51.52880617897));
#945 = CARTESIAN_POINT('',(183.8118226203,7.247535904753E-13,
    -49.25087794339));
#946 = CARTESIAN_POINT('',(186.17711820771,-6.536993168993E-13,
    -46.93754804545));
#947 = CARTESIAN_POINT('',(188.41552842362,3.268496584496E-13,
    -44.59060938828));
#948 = CARTESIAN_POINT('',(190.52500880448,-7.105427357601E-14,
    -42.21190044849));
#949 = CARTESIAN_POINT('',(194.48221997868,-5.684341886081E-14,
    -37.39473106842));
#950 = CARTESIAN_POINT('',(197.90856954715,7.105427357601E-14,
    -32.46591804207));
#951 = CARTESIAN_POINT('',(199.48718833554,-4.831690603169E-13,
    -29.97556545115));
#952 = CARTESIAN_POINT('',(200.92951483656,8.526512829121E-13,
    -27.4613016919));
#953 = CARTESIAN_POINT('',(202.23392219854,-1.080024958355E-12,
    -24.92524608195));
#954 = CARTESIAN_POINT('',(203.3989030285,8.810729923425E-13,
    -22.36961792545));
#955 = CARTESIAN_POINT('',(204.42308909358,-6.252776074689E-13,
    -19.79675514082));
#956 = CARTESIAN_POINT('',(205.30528364962,2.700062395888E-13,
    -17.20912472977));
#957 = CARTESIAN_POINT('',(206.04450169381,-9.947598300641E-14,
    -14.60931352976));
#958 = CARTESIAN_POINT('',(206.64,-4.263256414561E-14,-11.99999999998));
#959 = CARTESIAN_POINT('',(92.949708428514,-7.436626587944,
    -93.59805710749));
#960 = CARTESIAN_POINT('',(102.14570576481,-7.436626587944,
    -91.29530093824));
#961 = CARTESIAN_POINT('',(111.09082511424,-7.436626587943,
    -88.73877247358));
#962 = CARTESIAN_POINT('',(119.75397701461,-7.436626587946,
    -85.93597625472));
#963 = CARTESIAN_POINT('',(128.10517123269,-7.436626587942,
    -82.89545794345));
#964 = CARTESIAN_POINT('',(136.11569305979,-7.436626587946,
    -79.62674377958));
#965 = CARTESIAN_POINT('',(143.75826762314,-7.436626587943,
    -76.14026698204));
#966 = CARTESIAN_POINT('',(151.00719754375,-7.436626587945,
    -72.44727852668));
#967 = CARTESIAN_POINT('',(157.83847988525,-7.436626587944,
    -68.55974977565));
#968 = CARTESIAN_POINT('',(167.42553970838,-7.436626587944,
    -62.45551397066));
#969 = CARTESIAN_POINT('',(175.97658767959,-7.436626587944,
    -55.97147871081));
#970 = CARTESIAN_POINT('',(178.70925699826,-7.436626587945,
    -53.76957895425));
#971 = CARTESIAN_POINT('',(181.32178634205,-7.436626587944,
    -51.52880617897));
#972 = CARTESIAN_POINT('',(183.81182262031,-7.436626587945,
    -49.25087794339));
#973 = CARTESIAN_POINT('',(186.17711820771,-7.436626587944,
    -46.93754804545));
#974 = CARTESIAN_POINT('',(188.41552842362,-7.436626587945,
    -44.59060938828));
#975 = CARTESIAN_POINT('',(190.52500880448,-7.436626587944,
    -42.21190044849));
#976 = CARTESIAN_POINT('',(194.48221997868,-7.436626587944,
    -37.39473106842));
#977 = CARTESIAN_POINT('',(197.90856954715,-7.436626587944,
    -32.46591804206));
#978 = CARTESIAN_POINT('',(199.48718833554,-7.436626587944,
    -29.97556545115));
#979 = CARTESIAN_POINT('',(200.92951483657,-7.436626587944,
    -27.4613016919));
#980 = CARTESIAN_POINT('',(202.23392219854,-7.436626587945,
    -24.92524608195));
#981 = CARTESIAN_POINT('',(203.3989030285,-7.436626587944,
    -22.36961792545));
#982 = CARTESIAN_POINT('',(204.42308909358,-7.436626587944,
    -19.79675514082));
#983 = CARTESIAN_POINT('',(205.30528364962,-7.436626587944,
    -17.20912472977));
#984 = CARTESIAN_POINT('',(206.04450169381,-7.436626587944,
    -14.60931352976));
#985 = CARTESIAN_POINT('',(206.64,-7.436626587944,-11.99999999998));
#986 = CARTESIAN_POINT('',(90.719460709924,-13.95892836764,
    -89.25914598819));
#987 = CARTESIAN_POINT('',(99.789189291102,-13.95892836764,
    -87.02129333858));
#988 = CARTESIAN_POINT('',(108.60523164642,-13.95892836764,
    -84.5362734883));
#989 = CARTESIAN_POINT('',(117.13603608639,-13.95892836764,
    -81.8125055721));
#990 = CARTESIAN_POINT('',(125.35116535897,-13.95892836765,
    -78.85965404287));
#991 = CARTESIAN_POINT('',(133.2214934613,-13.95892836764,
    -75.68861698338));
#992 = CARTESIAN_POINT('',(140.71940005633,-13.95892836765,
    -72.31151443676));
#993 = CARTESIAN_POINT('',(147.81898824305,-13.95892836764,
    -68.74168435617));
#994 = CARTESIAN_POINT('',(154.49630559815,-13.95892836764,
    -64.99367175648));
#995 = CARTESIAN_POINT('',(163.84635779624,-13.95892836764,
    -59.12801122191));
#996 = CARTESIAN_POINT('',(172.15482622859,-13.95892836764,
    -52.93456783555));
#997 = CARTESIAN_POINT('',(174.8062120733,-13.95892836764,
    -50.83575966505));
#998 = CARTESIAN_POINT('',(177.33729091925,-13.95892836764,
    -48.70477990936));
#999 = CARTESIAN_POINT('',(179.74604169804,-13.95892836764,
    -46.54383879894));
#1000 = CARTESIAN_POINT('',(182.03063990236,-13.95892836764,
    -44.35519181836));
#1001 = CARTESIAN_POINT('',(184.1894734649,-13.95892836764,
    -42.14112421144));
#1002 = CARTESIAN_POINT('',(186.22115819261,-13.95892836764,
    -39.90392713091));
#1003 = CARTESIAN_POINT('',(190.02793725663,-13.95892836764,
    -35.38780193727));
#1004 = CARTESIAN_POINT('',(193.31788733236,-13.95892836764,
    -30.79699462883));
#1005 = CARTESIAN_POINT('',(194.8327430419,-13.95892836764,
    -28.48511544439));
#1006 = CARTESIAN_POINT('',(196.2168017599,-13.95892836764,
    -26.15888727808));
#1007 = CARTESIAN_POINT('',(197.46961606373,-13.95892836764,
    -23.82032626875));
#1008 = CARTESIAN_POINT('',(198.59095263774,-13.95892836764,
    -21.47129319762));
#1009 = CARTESIAN_POINT('',(199.58075334783,-13.95892836764,
    -19.1134415188));
#1010 = CARTESIAN_POINT('',(200.43906687431,-13.95892836764,
    -16.74818364322));
#1011 = CARTESIAN_POINT('',(201.16596148311,-13.95892836764,
    -14.37670154048));
#1012 = CARTESIAN_POINT('',(201.7614597893,-13.95892836764,
    -11.99999999998));
#1013 = CARTESIAN_POINT('',(87.006696976426,-16.5888068309,
    -82.03602377073));
#1014 = CARTESIAN_POINT('',(95.866221977625,-16.5888068309,
    -79.90621805774));
#1015 = CARTESIAN_POINT('',(104.46738578895,-16.5888068309,
    -77.54024085365));
#1016 = CARTESIAN_POINT('',(112.77786723648,-16.5888068309,
    -74.94803384595));
#1017 = CARTESIAN_POINT('',(120.76648490192,-16.5888068309,
    -72.14112397434));
#1018 = CARTESIAN_POINT('',(128.40342808802,-16.5888068309,
    -69.13269307192));
#1019 = CARTESIAN_POINT('',(135.66050135242,-16.5888068309,
    -65.93766929112));
#1020 = CARTESIAN_POINT('',(142.51147564354,-16.5888068309,
    -62.57286484223));
#1021 = CARTESIAN_POINT('',(148.93248262872,-16.5888068309,
    -59.05710918092));
#1022 = CARTESIAN_POINT('',(157.88798075667,-16.5888068309,
    -53.58861242521));
#1023 = CARTESIAN_POINT('',(165.79261937817,-16.5888068309,
    -47.8789264978));
#1024 = CARTESIAN_POINT('',(168.30869005958,-16.5888068309,
    -45.95173814277));
#1025 = CARTESIAN_POINT('',(170.7041756923,-16.5888068309,
    -44.00353429037));
#1026 = CARTESIAN_POINT('',(172.97760793586,-16.5888068309,
    -42.03734533774));
#1027 = CARTESIAN_POINT('',(175.12786666084,-16.5888068309,
    -40.05626194299));
#1028 = CARTESIAN_POINT('',(177.15422645817,-16.5888068309,
    -38.06338896504));
#1029 = CARTESIAN_POINT('',(179.0564023079,-16.5888068309,
    -36.06177114079));
#1030 = CARTESIAN_POINT('',(182.61275229249,-16.5888068309,
    -32.04680370119));
#1031 = CARTESIAN_POINT('',(185.67563382974,-16.5888068309,
    -28.01868517422));
#1032 = CARTESIAN_POINT('',(187.08434113042,-16.5888068309,
    -26.00391629976));
#1033 = CARTESIAN_POINT('',(188.37139963188,-16.5888068309,
    -23.99071691685));
#1034 = CARTESIAN_POINT('',(189.53832534423,-16.5888068309,
    -21.98093139948));
#1035 = CARTESIAN_POINT('',(190.58700594855,-16.5888068309,
    -19.97582368423));
#1036 = CARTESIAN_POINT('',(191.51956427345,-16.5888068309,
    -17.97590777613));
#1037 = CARTESIAN_POINT('',(192.33812229666,-16.5888068309,
    -15.98084047538));
#1038 = CARTESIAN_POINT('',(193.04450169381,-16.5888068309,
    -13.98946502384));
#1039 = CARTESIAN_POINT('',(193.64,-16.5888068309,-11.99999999998));
#1040 = CARTESIAN_POINT('',(83.293933242928,-13.95892836764,
    -74.81290155326));
#1041 = CARTESIAN_POINT('',(91.943254664148,-13.95892836764,
    -72.79114277689));
#1042 = CARTESIAN_POINT('',(100.32953993147,-13.95892836764,
    -70.54420821899));
#1043 = CARTESIAN_POINT('',(108.41969838657,-13.95892836764,
    -68.0835621198));
#1044 = CARTESIAN_POINT('',(116.18180444487,-13.95892836764,
    -65.42259390581));
#1045 = CARTESIAN_POINT('',(123.58536271474,-13.95892836765,
    -62.57676916044));
#1046 = CARTESIAN_POINT('',(130.60160264852,-13.95892836764,
    -59.56382414548));
#1047 = CARTESIAN_POINT('',(137.20396304402,-13.95892836765,
    -56.4040453283));
#1048 = CARTESIAN_POINT('',(143.36865965929,-13.95892836764,
    -53.12054660536));
#1049 = CARTESIAN_POINT('',(151.92960371709,-13.95892836764,
    -48.04921362852));
#1050 = CARTESIAN_POINT('',(159.43041252774,-13.95892836764,
    -42.82328516005));
#1051 = CARTESIAN_POINT('',(161.81116804586,-13.95892836764,
    -41.0677166205));
#1052 = CARTESIAN_POINT('',(164.07106046535,-13.95892836764,
    -39.30228867139));
#1053 = CARTESIAN_POINT('',(166.20917417367,-13.95892836764,
    -37.53085187653));
#1054 = CARTESIAN_POINT('',(168.22509341931,-13.95892836764,
    -35.75733206763));
#1055 = CARTESIAN_POINT('',(170.11897945143,-13.95892836764,
    -33.98565371863));
#1056 = CARTESIAN_POINT('',(171.89164642318,-13.95892836764,
    -32.21961515068));
#1057 = CARTESIAN_POINT('',(175.19756732835,-13.95892836764,
    -28.7058054651));
#1058 = CARTESIAN_POINT('',(178.03338032713,-13.95892836764,
    -25.24037571962));
#1059 = CARTESIAN_POINT('',(179.33593921894,-13.95892836764,
    -23.52271715512));
#1060 = CARTESIAN_POINT('',(180.52599750386,-13.95892836764,
    -21.82254655563));
#1061 = CARTESIAN_POINT('',(181.60703462474,-13.95892836764,
    -20.14153653019));
#1062 = CARTESIAN_POINT('',(182.58305925937,-13.95892836764,
    -18.48035417086));
#1063 = CARTESIAN_POINT('',(183.45837519907,-13.95892836764,
    -16.83837403345));
#1064 = CARTESIAN_POINT('',(184.237177719,-13.95892836764,
    -15.21349730754));
#1065 = CARTESIAN_POINT('',(184.92304190451,-13.95892836764,
    -13.60222850721));
#1066 = CARTESIAN_POINT('',(185.5185402107,-13.95892836764,
    -11.99999999998));
#1067 = CARTESIAN_POINT('',(81.063685524338,-7.436626587944,
    -70.47399043397));
#1068 = CARTESIAN_POINT('',(89.586738190439,-7.436626587944,
    -68.51713517723));
#1069 = CARTESIAN_POINT('',(97.843946463659,-7.436626587943,
    -66.34170923371));
#1070 = CARTESIAN_POINT('',(105.80175745835,-7.436626587946,
    -63.96009143718));
#1071 = CARTESIAN_POINT('',(113.42779857114,-7.436626587942,
    -61.38679000522));
#1072 = CARTESIAN_POINT('',(120.69116311626,-7.436626587947,
    -58.63864236425));
#1073 = CARTESIAN_POINT('',(127.5627350817,-7.436626587943,
    -55.73507160019));
#1074 = CARTESIAN_POINT('',(134.01575374332,-7.436626587945,
    -52.69845115778));
#1075 = CARTESIAN_POINT('',(140.02648537218,-7.436626587944,
    -49.55446858619));
#1076 = CARTESIAN_POINT('',(148.35042180495,-7.436626587944,
    -44.72171087976));
#1077 = CARTESIAN_POINT('',(155.60865107674,-7.436626587944,
    -39.78637428479));
#1078 = CARTESIAN_POINT('',(157.9081231209,-7.436626587944,
    -38.13389733129));
#1079 = CARTESIAN_POINT('',(160.08656504255,-7.436626587945,
    -36.47826240178));
#1080 = CARTESIAN_POINT('',(162.14339325141,-7.436626587943,
    -34.82381273208));
#1081 = CARTESIAN_POINT('',(164.07861511396,-7.436626587946,
    -33.17497584054));
#1082 = CARTESIAN_POINT('',(165.89292449271,-7.436626587943,
    -31.53616854179));
#1083 = CARTESIAN_POINT('',(167.58779581132,-7.436626587944,
    -29.9116418331));
#1084 = CARTESIAN_POINT('',(170.7432846063,-7.436626587944,
    -26.69887633396));
#1085 = CARTESIAN_POINT('',(173.44269811233,-7.436626587944,
    -23.57145230638));
#1086 = CARTESIAN_POINT('',(174.6814939253,-7.436626587944,
    -22.03226714837));
#1087 = CARTESIAN_POINT('',(175.8132844272,-7.436626587945,
    -20.5201321418));
#1088 = CARTESIAN_POINT('',(176.84272848992,-7.436626587944,
    -19.03661671701));
#1089 = CARTESIAN_POINT('',(177.77510886861,-7.436626587944,
    -17.58202944301));
#1090 = CARTESIAN_POINT('',(178.61603945331,-7.436626587944,
    -16.15506041143));
#1091 = CARTESIAN_POINT('',(179.37096094369,-7.436626587944,
    -14.75255622098));
#1092 = CARTESIAN_POINT('',(180.04450169381,-7.436626587944,
    -13.36961651793));
#1093 = CARTESIAN_POINT('',(180.64,-7.436626587944,-11.99999999998));
#1094 = CARTESIAN_POINT('',(81.063685524338,2.48689957516E-14,
    -70.47399043397));
#1095 = CARTESIAN_POINT('',(89.586738190438,-1.705302565824E-13,
    -68.51713517723));
#1096 = CARTESIAN_POINT('',(97.843946463661,7.673861546209E-13,
    -66.34170923371));
#1097 = CARTESIAN_POINT('',(105.80175745835,-1.712407993182E-12,
    -63.96009143718));
#1098 = CARTESIAN_POINT('',(113.42779857114,2.579270130809E-12,
    -61.38679000522));
#1099 = CARTESIAN_POINT('',(120.69116311626,-2.600586412882E-12,
    -58.63864236425));
#1100 = CARTESIAN_POINT('',(127.5627350817,1.918465386552E-12,
    -55.73507160019));
#1101 = CARTESIAN_POINT('',(134.01575374332,-1.115552095143E-12,
    -52.69845115778));
#1102 = CARTESIAN_POINT('',(140.02648537218,4.050093593833E-13,
    -49.55446858619));
#1103 = CARTESIAN_POINT('',(148.35042180495,-2.84217094304E-13,
    -44.72171087976));
#1104 = CARTESIAN_POINT('',(155.60865107674,1.207922650792E-13,
    -39.78637428479));
#1105 = CARTESIAN_POINT('',(157.9081231209,-3.339550858072E-13,
    -38.13389733129));
#1106 = CARTESIAN_POINT('',(160.08656504255,4.973799150321E-13,
    -36.47826240178));
#1107 = CARTESIAN_POINT('',(162.14339325141,-6.181721801113E-13,
    -34.82381273208));
#1108 = CARTESIAN_POINT('',(164.07861511396,4.547473508865E-13,
    -33.17497584054));
#1109 = CARTESIAN_POINT('',(165.89292449271,-2.273736754432E-13,
    -31.53616854179));
#1110 = CARTESIAN_POINT('',(167.58779581131,3.552713678801E-14,
    -29.9116418331));
#1111 = CARTESIAN_POINT('',(170.7432846063,-4.973799150321E-14,
    -26.69887633396));
#1112 = CARTESIAN_POINT('',(173.44269811233,-4.973799150321E-14,
    -23.57145230638));
#1113 = CARTESIAN_POINT('',(174.6814939253,2.202682480856E-13,
    -22.03226714837));
#1114 = CARTESIAN_POINT('',(175.8132844272,-4.547473508865E-13,
    -20.5201321418));
#1115 = CARTESIAN_POINT('',(176.84272848992,4.973799150321E-13,
    -19.03661671701));
#1116 = CARTESIAN_POINT('',(177.77510886861,-4.547473508865E-13,
    -17.58202944301));
#1117 = CARTESIAN_POINT('',(178.61603945331,2.84217094304E-13,
    -16.15506041143));
#1118 = CARTESIAN_POINT('',(179.37096094369,-2.13162820728E-13,
    -14.75255622098));
#1119 = CARTESIAN_POINT('',(180.04450169381,4.263256414561E-14,
    -13.36961651793));
#1120 = CARTESIAN_POINT('',(180.64,-2.84217094304E-14,-11.99999999998));
#1121 = DEFINITIONAL_REPRESENTATION('',(#1122),#1148);
#1122 = B_SPLINE_CURVE_WITH_KNOTS('',3,(#1123,#1124,#1125,#1126,#1127,
    #1128,#1129,#1130,#1131,#1132,#1133,#1134,#1135,#1136,#1137,#1138,
    #1139,#1140,#1141,#1142,#1143,#1144,#1145,#1146,#1147),
  .UNSPECIFIED.,.F.,.F.,(4,1,1,1,1,1,1,1,1,1,1,1,1,1,1,1,1,1,1,1,1,1,4),
  (5.380747105723E-02,5.71959369767E-02,6.058440289617E-02,
    6.397286881564E-02,6.736133473512E-02,7.074980065459E-02,
    7.413826657406E-02,7.752673249353E-02,8.091519841301E-02,
    8.430366433248E-02,8.769213025195E-02,9.108059617142E-02,
    9.446906209089E-02,9.785752801037E-02,0.10124599393,0.104634459849,
    0.108022925769,0.111411391688,0.114799857608,0.118188323527,
    0.121576789447,0.124965255366,0.128353721286),
  .QUASI_UNIFORM_KNOTS.);
#1123 = CARTESIAN_POINT('',(0.256300097685,5.860722939999));
#1124 = CARTESIAN_POINT('',(0.256455355819,5.859693725533));
#1125 = CARTESIAN_POINT('',(0.256764733708,5.857637571935));
#1126 = CARTESIAN_POINT('',(0.257225384707,5.854560145284));
#1127 = CARTESIAN_POINT('',(0.257682618699,5.85148950028));
#1128 = CARTESIAN_POINT('',(0.258136436198,5.84842561426));
#1129 = CARTESIAN_POINT('',(0.258586838764,5.845368464193));
#1130 = CARTESIAN_POINT('',(0.259033829114,5.842318026625));
#1131 = CARTESIAN_POINT('',(0.259477411037,5.839274277688));
#1132 = CARTESIAN_POINT('',(0.259917589358,5.836237193101));
#1133 = CARTESIAN_POINT('',(0.260354369894,5.833206748164));
#1134 = CARTESIAN_POINT('',(0.260787759415,5.830182917761));
#1135 = CARTESIAN_POINT('',(0.261217765597,5.827165676354));
#1136 = CARTESIAN_POINT('',(0.261644396992,5.824154997985));
#1137 = CARTESIAN_POINT('',(0.262067662985,5.821150856278));
#1138 = CARTESIAN_POINT('',(0.26248757376,5.818153224414));
#1139 = CARTESIAN_POINT('',(0.262904140253,5.815162075225));
#1140 = CARTESIAN_POINT('',(0.263317374182,5.81217738083));
#1141 = CARTESIAN_POINT('',(0.26372728776,5.809199113994));
#1142 = CARTESIAN_POINT('',(0.264133894615,5.806227243039));
#1143 = CARTESIAN_POINT('',(0.264537205481,5.803261754718));
#1144 = CARTESIAN_POINT('',(0.264937234696,5.800302621782));
#1145 = CARTESIAN_POINT('',(0.265333997262,5.797349815196));
#1146 = CARTESIAN_POINT('',(0.265596338184,5.795385476055));
#1147 = CARTESIAN_POINT('',(0.265726969338,5.794404351356));
#1148 = ( GEOMETRIC_REPRESENTATION_CONTEXT(2) 
PARAMETRIC_REPRESENTATION_CONTEXT() REPRESENTATION_CONTEXT('2D SPACE',''
  ) );
#1149 = ORIENTED_EDGE('',*,*,#1150,.T.);
#1150 = EDGE_CURVE('',#885,#1151,#1153,.T.);
#1151 = VERTEX_POINT('',#1152);
#1152 = CARTESIAN_POINT('',(188.77617139687,-14.8,-42.8));
#1153 = SURFACE_CURVE('',#1154,(#1160,#1169),.PCURVE_S1.);
#1154 = B_SPLINE_CURVE_WITH_KNOTS('',4,(#1155,#1156,#1157,#1158,#1159),
  .UNSPECIFIED.,.F.,.F.,(5,5),(0.,1.),.PIECEWISE_BEZIER_KNOTS.);
#1155 = CARTESIAN_POINT('',(189.35544060645,-4.618527782441E-14,-42.8));
#1156 = CARTESIAN_POINT('',(189.35544060645,-3.703778133543,-42.8));
#1157 = CARTESIAN_POINT('',(189.25884653399,-7.40755469497,-42.8));
#1158 = CARTESIAN_POINT('',(189.06565808263,-11.10755485083,-42.8));
#1159 = CARTESIAN_POINT('',(188.77617139687,-14.8,-42.8));
#1160 = PCURVE('',#35,#1161);
#1161 = DEFINITIONAL_REPRESENTATION('',(#1162),#1168);
#1162 = B_SPLINE_CURVE_WITH_KNOTS('',4,(#1163,#1164,#1165,#1166,#1167),
  .UNSPECIFIED.,.F.,.F.,(5,5),(0.22243238713,1.),
  .PIECEWISE_BEZIER_KNOTS.);
#1163 = CARTESIAN_POINT('',(6.265782266152,5.859043852828));
#1164 = CARTESIAN_POINT('',(6.250573104567,5.859043852828));
#1165 = CARTESIAN_POINT('',(6.235363942804,5.859043852828));
#1166 = CARTESIAN_POINT('',(6.220154773856,5.859043852828));
#1167 = CARTESIAN_POINT('',(6.204945620396,5.859043852828));
#1168 = ( GEOMETRIC_REPRESENTATION_CONTEXT(2) 
PARAMETRIC_REPRESENTATION_CONTEXT() REPRESENTATION_CONTEXT('2D SPACE',''
  ) );
#1169 = PCURVE('',#223,#1170);
#1170 = DEFINITIONAL_REPRESENTATION('',(#1171),#1177);
#1171 = B_SPLINE_CURVE_WITH_KNOTS('',4,(#1172,#1173,#1174,#1175,#1176),
  .UNSPECIFIED.,.F.,.F.,(5,5),(0.,1.),.PIECEWISE_BEZIER_KNOTS.);
#1172 = CARTESIAN_POINT('',(39.35544060645,14.8));
#1173 = CARTESIAN_POINT('',(39.35544060645,11.096221866457));
#1174 = CARTESIAN_POINT('',(39.258846533995,7.39244530503));
#1175 = CARTESIAN_POINT('',(39.065658082634,3.692445149163));
#1176 = CARTESIAN_POINT('',(38.776171396877,0.));
#1177 = ( GEOMETRIC_REPRESENTATION_CONTEXT(2) 
PARAMETRIC_REPRESENTATION_CONTEXT() REPRESENTATION_CONTEXT('2D SPACE',''
  ) );
#1178 = ORIENTED_EDGE('',*,*,#1179,.F.);
#1179 = EDGE_CURVE('',#24,#1151,#1180,.T.);
#1180 = SURFACE_CURVE('',#1181,(#1214,#1250),.PCURVE_S1.);
#1181 = B_SPLINE_CURVE_WITH_KNOTS('',7,(#1182,#1183,#1184,#1185,#1186,
    #1187,#1188,#1189,#1190,#1191,#1192,#1193,#1194,#1195,#1196,#1197,
    #1198,#1199,#1200,#1201,#1202,#1203,#1204,#1205,#1206,#1207,#1208,
    #1209,#1210,#1211,#1212,#1213),.UNSPECIFIED.,.F.,.F.,(8,6,6,6,6,8),(
    0.,0.251811170867,0.44103425311,0.53078378675,0.678133170432,1.),
  .UNSPECIFIED.);
#1182 = CARTESIAN_POINT('',(204.81931137446,-14.8,15.8));
#1183 = CARTESIAN_POINT('',(205.49402494539,-14.8,13.608430932066));
#1184 = CARTESIAN_POINT('',(206.06674884891,-14.8,11.385067002878));
#1185 = CARTESIAN_POINT('',(206.53163768158,-14.8,9.134953343098));
#1186 = CARTESIAN_POINT('',(206.88384943326,-14.8,6.863778060952));
#1187 = CARTESIAN_POINT('',(207.11981552032,-14.8,4.577912499443));
#1188 = CARTESIAN_POINT('',(207.23757812461,-14.8,2.284461081579));
#1189 = CARTESIAN_POINT('',(207.23690681808,-14.8,-1.73185571941));
#1190 = CARTESIAN_POINT('',(207.16990482378,-14.8,-3.455104226069));
#1191 = CARTESIAN_POINT('',(207.03617900075,-14.8,-5.175168192786));
#1192 = CARTESIAN_POINT('',(206.83634055292,-14.8,-6.888988970504));
#1193 = CARTESIAN_POINT('',(206.57154532633,-14.8,-8.593697323638));
#1194 = CARTESIAN_POINT('',(206.24342646372,-14.8,-10.28660590335));
#1195 = CARTESIAN_POINT('',(205.66934618398,-14.8,-12.76137028223));
#1196 = CARTESIAN_POINT('',(205.47086712192,-14.8,-13.55434024693));
#1197 = CARTESIAN_POINT('',(205.25881330807,-14.8,-14.34385853989));
#1198 = CARTESIAN_POINT('',(205.03341633831,-14.8,-15.12968963929));
#1199 = CARTESIAN_POINT('',(204.79492231709,-14.8,-15.91161579862));
#1200 = CARTESIAN_POINT('',(204.54358913451,-14.8,-16.68943627456));
#1201 = CARTESIAN_POINT('',(203.84640799026,-14.8,-18.73293649704));
#1202 = CARTESIAN_POINT('',(203.37924369891,-14.8,-19.99134459766));
#1203 = CARTESIAN_POINT('',(202.87937071154,-14.8,-21.23737949324));
#1204 = CARTESIAN_POINT('',(202.34802839402,-14.8,-22.47036677192));
#1205 = CARTESIAN_POINT('',(201.78648341145,-14.8,-23.68975526042));
#1206 = CARTESIAN_POINT('',(201.19600310015,-14.8,-24.89510566711));
#1207 = CARTESIAN_POINT('',(199.22752007898,-14.8,-28.68762379269));
#1208 = CARTESIAN_POINT('',(197.74525789612,-14.8,-31.22025496465));
#1209 = CARTESIAN_POINT('',(196.14383085407,-14.8,-33.68102588214));
#1210 = CARTESIAN_POINT('',(194.43562735282,-14.8,-36.06875544543));
#1211 = CARTESIAN_POINT('',(192.63196164264,-14.8,-38.38356141504));
#1212 = CARTESIAN_POINT('',(190.74273970939,-14.8,-40.62662661792));
#1213 = CARTESIAN_POINT('',(188.77617139687,-14.8,-42.8));
#1214 = PCURVE('',#35,#1215);
#1215 = DEFINITIONAL_REPRESENTATION('',(#1216),#1249);
#1216 = B_SPLINE_CURVE_WITH_KNOTS('',7,(#1217,#1218,#1219,#1220,#1221,
    #1222,#1223,#1224,#1225,#1226,#1227,#1228,#1229,#1230,#1231,#1232,
    #1233,#1234,#1235,#1236,#1237,#1238,#1239,#1240,#1241,#1242,#1243,
    #1244,#1245,#1246,#1247,#1248),.UNSPECIFIED.,.F.,.F.,(8,6,6,6,6,8),(
    0.,0.251811170867,0.44103425311,0.53078378675,0.678133170432,1.),
  .UNSPECIFIED.);
#1217 = CARTESIAN_POINT('',(6.211051865721,6.435698951872));
#1218 = CARTESIAN_POINT('',(6.211288663519,6.414378693643));
#1219 = CARTESIAN_POINT('',(6.211487856508,6.392830638752));
#1220 = CARTESIAN_POINT('',(6.211648402238,6.37109117043));
#1221 = CARTESIAN_POINT('',(6.211769450483,6.349200542204));
#1222 = CARTESIAN_POINT('',(6.211850352383,6.327203648754));
#1223 = CARTESIAN_POINT('',(6.211890728711,6.305151279195));
#1224 = CARTESIAN_POINT('',(6.211890498547,6.266532848281));
#1225 = CARTESIAN_POINT('',(6.21186752621,6.249963124364));
#1226 = CARTESIAN_POINT('',(6.211821676791,6.233416564494));
#1227 = CARTESIAN_POINT('',(6.211753066911,6.216915147137));
#1228 = CARTESIAN_POINT('',(6.21166190841,6.200479301539));
#1229 = CARTESIAN_POINT('',(6.211548494544,6.184128194355));
#1230 = CARTESIAN_POINT('',(6.211349025046,6.160173315412));
#1231 = CARTESIAN_POINT('',(6.211279928012,6.152489610258));
#1232 = CARTESIAN_POINT('',(6.211205944233,6.144830629035));
#1233 = CARTESIAN_POINT('',(6.211127114324,6.137198022269));
#1234 = CARTESIAN_POINT('',(6.211043480869,6.129593302531));
#1235 = CARTESIAN_POINT('',(6.210955087851,6.122017853311));
#1236 = CARTESIAN_POINT('',(6.210709117159,6.102085813507));
#1237 = CARTESIAN_POINT('',(6.210543545554,6.089780970098));
#1238 = CARTESIAN_POINT('',(6.210365462968,6.077563946066));
#1239 = CARTESIAN_POINT('',(6.210175070703,6.065439216347));
#1240 = CARTESIAN_POINT('',(6.209972566766,6.053410324172));
#1241 = CARTESIAN_POINT('',(6.209758139951,6.041479976758));
#1242 = CARTESIAN_POINT('',(6.209037912928,6.00380918694));
#1243 = CARTESIAN_POINT('',(6.20848786533,5.978450897966));
#1244 = CARTESIAN_POINT('',(6.2078835671,5.953589919512));
#1245 = CARTESIAN_POINT('',(6.207226458953,5.929228753499));
#1246 = CARTESIAN_POINT('',(6.206517557,5.905361247741));
#1247 = CARTESIAN_POINT('',(6.205757357087,5.8819734067));
#1248 = CARTESIAN_POINT('',(6.204945620396,5.859043852828));
#1249 = ( GEOMETRIC_REPRESENTATION_CONTEXT(2) 
PARAMETRIC_REPRESENTATION_CONTEXT() REPRESENTATION_CONTEXT('2D SPACE',''
  ) );
#1250 = PCURVE('',#1251,#1256);
#1251 = PLANE('',#1252);
#1252 = AXIS2_PLACEMENT_3D('',#1253,#1254,#1255);
#1253 = CARTESIAN_POINT('',(150.,-14.8,-42.8));
#1254 = DIRECTION('',(-0.,1.,0.));
#1255 = DIRECTION('',(0.,0.,1.));
#1256 = DEFINITIONAL_REPRESENTATION('',(#1257),#1290);
#1257 = B_SPLINE_CURVE_WITH_KNOTS('',7,(#1258,#1259,#1260,#1261,#1262,
    #1263,#1264,#1265,#1266,#1267,#1268,#1269,#1270,#1271,#1272,#1273,
    #1274,#1275,#1276,#1277,#1278,#1279,#1280,#1281,#1282,#1283,#1284,
    #1285,#1286,#1287,#1288,#1289),.UNSPECIFIED.,.F.,.F.,(8,6,6,6,6,8),(
    0.,0.251811170867,0.44103425311,0.53078378675,0.678133170432,1.),
  .UNSPECIFIED.);
#1258 = CARTESIAN_POINT('',(58.6,54.819311374468));
#1259 = CARTESIAN_POINT('',(56.408430932066,55.494024945393));
#1260 = CARTESIAN_POINT('',(54.185067002878,56.066748848919));
#1261 = CARTESIAN_POINT('',(51.934953343098,56.531637681587));
#1262 = CARTESIAN_POINT('',(49.663778060952,56.88384943326));
#1263 = CARTESIAN_POINT('',(47.377912499443,57.119815520321));
#1264 = CARTESIAN_POINT('',(45.084461081579,57.237578124614));
#1265 = CARTESIAN_POINT('',(41.06814428059,57.236906818083));
#1266 = CARTESIAN_POINT('',(39.344895773931,57.169904823786));
#1267 = CARTESIAN_POINT('',(37.624831807214,57.036179000751));
#1268 = CARTESIAN_POINT('',(35.911011029496,56.83634055292));
#1269 = CARTESIAN_POINT('',(34.206302676362,56.571545326333));
#1270 = CARTESIAN_POINT('',(32.51339409665,56.243426463728));
#1271 = CARTESIAN_POINT('',(30.038629717768,55.669346183983));
#1272 = CARTESIAN_POINT('',(29.24565975307,55.470867121924));
#1273 = CARTESIAN_POINT('',(28.456141460106,55.258813308078));
#1274 = CARTESIAN_POINT('',(27.670310360709,55.03341633831));
#1275 = CARTESIAN_POINT('',(26.888384201377,54.794922317099));
#1276 = CARTESIAN_POINT('',(26.110563725432,54.543589134516));
#1277 = CARTESIAN_POINT('',(24.067063502955,53.846407990269));
#1278 = CARTESIAN_POINT('',(22.808655402333,53.379243698918));
#1279 = CARTESIAN_POINT('',(21.562620506754,52.879370711548));
#1280 = CARTESIAN_POINT('',(20.329633228075,52.34802839402));
#1281 = CARTESIAN_POINT('',(19.110244739573,51.786483411458));
#1282 = CARTESIAN_POINT('',(17.904894332888,51.196003100151));
#1283 = CARTESIAN_POINT('',(14.112376207307,49.227520078982));
#1284 = CARTESIAN_POINT('',(11.579745035341,47.745257896129));
#1285 = CARTESIAN_POINT('',(9.118974117857,46.143830854079));
#1286 = CARTESIAN_POINT('',(6.731244554569,44.435627352824));
#1287 = CARTESIAN_POINT('',(4.416438584951,42.631961642641));
#1288 = CARTESIAN_POINT('',(2.173373382078,40.742739709393));
#1289 = CARTESIAN_POINT('',(0.,38.776171396877));
#1290 = ( GEOMETRIC_REPRESENTATION_CONTEXT(2) 
PARAMETRIC_REPRESENTATION_CONTEXT() REPRESENTATION_CONTEXT('2D SPACE',''
  ) );
#1291 = ADVANCED_FACE('',(#1292),#1251,.T.);
#1292 = FACE_BOUND('',#1293,.T.);
#1293 = EDGE_LOOP('',(#1294,#1317,#1318,#1341));
#1294 = ORIENTED_EDGE('',*,*,#1295,.F.);
#1295 = EDGE_CURVE('',#1151,#1296,#1298,.T.);
#1296 = VERTEX_POINT('',#1297);
#1297 = CARTESIAN_POINT('',(217.8,-14.8,-42.8));
#1298 = SURFACE_CURVE('',#1299,(#1303,#1310),.PCURVE_S1.);
#1299 = LINE('',#1300,#1301);
#1300 = CARTESIAN_POINT('',(150.,-14.8,-42.8));
#1301 = VECTOR('',#1302,1.);
#1302 = DIRECTION('',(1.,0.,-0.));
#1303 = PCURVE('',#1251,#1304);
#1304 = DEFINITIONAL_REPRESENTATION('',(#1305),#1309);
#1305 = LINE('',#1306,#1307);
#1306 = CARTESIAN_POINT('',(0.,0.));
#1307 = VECTOR('',#1308,1.);
#1308 = DIRECTION('',(0.,1.));
#1309 = ( GEOMETRIC_REPRESENTATION_CONTEXT(2) 
PARAMETRIC_REPRESENTATION_CONTEXT() REPRESENTATION_CONTEXT('2D SPACE',''
  ) );
#1310 = PCURVE('',#223,#1311);
#1311 = DEFINITIONAL_REPRESENTATION('',(#1312),#1316);
#1312 = LINE('',#1313,#1314);
#1313 = CARTESIAN_POINT('',(0.,0.));
#1314 = VECTOR('',#1315,1.);
#1315 = DIRECTION('',(1.,0.));
#1316 = ( GEOMETRIC_REPRESENTATION_CONTEXT(2) 
PARAMETRIC_REPRESENTATION_CONTEXT() REPRESENTATION_CONTEXT('2D SPACE',''
  ) );
#1317 = ORIENTED_EDGE('',*,*,#1179,.F.);
#1318 = ORIENTED_EDGE('',*,*,#1319,.T.);
#1319 = EDGE_CURVE('',#24,#1320,#1322,.T.);
#1320 = VERTEX_POINT('',#1321);
#1321 = CARTESIAN_POINT('',(217.8,-14.8,15.8));
#1322 = SURFACE_CURVE('',#1323,(#1327,#1334),.PCURVE_S1.);
#1323 = LINE('',#1324,#1325);
#1324 = CARTESIAN_POINT('',(150.,-14.8,15.8));
#1325 = VECTOR('',#1326,1.);
#1326 = DIRECTION('',(1.,0.,-0.));
#1327 = PCURVE('',#1251,#1328);
#1328 = DEFINITIONAL_REPRESENTATION('',(#1329),#1333);
#1329 = LINE('',#1330,#1331);
#1330 = CARTESIAN_POINT('',(58.6,0.));
#1331 = VECTOR('',#1332,1.);
#1332 = DIRECTION('',(0.,1.));
#1333 = ( GEOMETRIC_REPRESENTATION_CONTEXT(2) 
PARAMETRIC_REPRESENTATION_CONTEXT() REPRESENTATION_CONTEXT('2D SPACE',''
  ) );
#1334 = PCURVE('',#73,#1335);
#1335 = DEFINITIONAL_REPRESENTATION('',(#1336),#1340);
#1336 = LINE('',#1337,#1338);
#1337 = CARTESIAN_POINT('',(0.,0.));
#1338 = VECTOR('',#1339,1.);
#1339 = DIRECTION('',(1.,0.));
#1340 = ( GEOMETRIC_REPRESENTATION_CONTEXT(2) 
PARAMETRIC_REPRESENTATION_CONTEXT() REPRESENTATION_CONTEXT('2D SPACE',''
  ) );
#1341 = ORIENTED_EDGE('',*,*,#1342,.F.);
#1342 = EDGE_CURVE('',#1296,#1320,#1343,.T.);
#1343 = SURFACE_CURVE('',#1344,(#1348,#1355),.PCURVE_S1.);
#1344 = LINE('',#1345,#1346);
#1345 = CARTESIAN_POINT('',(217.8,-14.8,-42.8));
#1346 = VECTOR('',#1347,1.);
#1347 = DIRECTION('',(0.,0.,1.));
#1348 = PCURVE('',#1251,#1349);
#1349 = DEFINITIONAL_REPRESENTATION('',(#1350),#1354);
#1350 = LINE('',#1351,#1352);
#1351 = CARTESIAN_POINT('',(0.,67.8));
#1352 = VECTOR('',#1353,1.);
#1353 = DIRECTION('',(1.,0.));
#1354 = ( GEOMETRIC_REPRESENTATION_CONTEXT(2) 
PARAMETRIC_REPRESENTATION_CONTEXT() REPRESENTATION_CONTEXT('2D SPACE',''
  ) );
#1355 = PCURVE('',#1356,#1361);
#1356 = PLANE('',#1357);
#1357 = AXIS2_PLACEMENT_3D('',#1358,#1359,#1360);
#1358 = CARTESIAN_POINT('',(217.8,-14.8,-42.8));
#1359 = DIRECTION('',(1.,0.,-0.));
#1360 = DIRECTION('',(0.,0.,1.));
#1361 = DEFINITIONAL_REPRESENTATION('',(#1362),#1366);
#1362 = LINE('',#1363,#1364);
#1363 = CARTESIAN_POINT('',(0.,0.));
#1364 = VECTOR('',#1365,1.);
#1365 = DIRECTION('',(1.,0.));
#1366 = ( GEOMETRIC_REPRESENTATION_CONTEXT(2) 
PARAMETRIC_REPRESENTATION_CONTEXT() REPRESENTATION_CONTEXT('2D SPACE',''
  ) );
#1367 = ADVANCED_FACE('',(#1368,#1438),#1356,.F.);
#1368 = FACE_BOUND('',#1369,.F.);
#1369 = EDGE_LOOP('',(#1370,#1371,#1394,#1417));
#1370 = ORIENTED_EDGE('',*,*,#1342,.F.);
#1371 = ORIENTED_EDGE('',*,*,#1372,.T.);
#1372 = EDGE_CURVE('',#1296,#1373,#1375,.T.);
#1373 = VERTEX_POINT('',#1374);
#1374 = CARTESIAN_POINT('',(217.8,14.8,-42.8));
#1375 = SURFACE_CURVE('',#1376,(#1380,#1387),.PCURVE_S1.);
#1376 = LINE('',#1377,#1378);
#1377 = CARTESIAN_POINT('',(217.8,-14.8,-42.8));
#1378 = VECTOR('',#1379,1.);
#1379 = DIRECTION('',(-0.,1.,0.));
#1380 = PCURVE('',#1356,#1381);
#1381 = DEFINITIONAL_REPRESENTATION('',(#1382),#1386);
#1382 = LINE('',#1383,#1384);
#1383 = CARTESIAN_POINT('',(0.,0.));
#1384 = VECTOR('',#1385,1.);
#1385 = DIRECTION('',(0.,-1.));
#1386 = ( GEOMETRIC_REPRESENTATION_CONTEXT(2) 
PARAMETRIC_REPRESENTATION_CONTEXT() REPRESENTATION_CONTEXT('2D SPACE',''
  ) );
#1387 = PCURVE('',#223,#1388);
#1388 = DEFINITIONAL_REPRESENTATION('',(#1389),#1393);
#1389 = LINE('',#1390,#1391);
#1390 = CARTESIAN_POINT('',(67.8,0.));
#1391 = VECTOR('',#1392,1.);
#1392 = DIRECTION('',(0.,1.));
#1393 = ( GEOMETRIC_REPRESENTATION_CONTEXT(2) 
PARAMETRIC_REPRESENTATION_CONTEXT() REPRESENTATION_CONTEXT('2D SPACE',''
  ) );
#1394 = ORIENTED_EDGE('',*,*,#1395,.T.);
#1395 = EDGE_CURVE('',#1373,#1396,#1398,.T.);
#1396 = VERTEX_POINT('',#1397);
#1397 = CARTESIAN_POINT('',(217.8,14.8,15.8));
#1398 = SURFACE_CURVE('',#1399,(#1403,#1410),.PCURVE_S1.);
#1399 = LINE('',#1400,#1401);
#1400 = CARTESIAN_POINT('',(217.8,14.8,-42.8));
#1401 = VECTOR('',#1402,1.);
#1402 = DIRECTION('',(0.,0.,1.));
#1403 = PCURVE('',#1356,#1404);
#1404 = DEFINITIONAL_REPRESENTATION('',(#1405),#1409);
#1405 = LINE('',#1406,#1407);
#1406 = CARTESIAN_POINT('',(0.,-29.6));
#1407 = VECTOR('',#1408,1.);
#1408 = DIRECTION('',(1.,0.));
#1409 = ( GEOMETRIC_REPRESENTATION_CONTEXT(2) 
PARAMETRIC_REPRESENTATION_CONTEXT() REPRESENTATION_CONTEXT('2D SPACE',''
  ) );
#1410 = PCURVE('',#162,#1411);
#1411 = DEFINITIONAL_REPRESENTATION('',(#1412),#1416);
#1412 = LINE('',#1413,#1414);
#1413 = CARTESIAN_POINT('',(0.,67.8));
#1414 = VECTOR('',#1415,1.);
#1415 = DIRECTION('',(1.,0.));
#1416 = ( GEOMETRIC_REPRESENTATION_CONTEXT(2) 
PARAMETRIC_REPRESENTATION_CONTEXT() REPRESENTATION_CONTEXT('2D SPACE',''
  ) );
#1417 = ORIENTED_EDGE('',*,*,#1418,.F.);
#1418 = EDGE_CURVE('',#1320,#1396,#1419,.T.);
#1419 = SURFACE_CURVE('',#1420,(#1424,#1431),.PCURVE_S1.);
#1420 = LINE('',#1421,#1422);
#1421 = CARTESIAN_POINT('',(217.8,-14.8,15.8));
#1422 = VECTOR('',#1423,1.);
#1423 = DIRECTION('',(-0.,1.,0.));
#1424 = PCURVE('',#1356,#1425);
#1425 = DEFINITIONAL_REPRESENTATION('',(#1426),#1430);
#1426 = LINE('',#1427,#1428);
#1427 = CARTESIAN_POINT('',(58.6,0.));
#1428 = VECTOR('',#1429,1.);
#1429 = DIRECTION('',(0.,-1.));
#1430 = ( GEOMETRIC_REPRESENTATION_CONTEXT(2) 
PARAMETRIC_REPRESENTATION_CONTEXT() REPRESENTATION_CONTEXT('2D SPACE',''
  ) );
#1431 = PCURVE('',#73,#1432);
#1432 = DEFINITIONAL_REPRESENTATION('',(#1433),#1437);
#1433 = LINE('',#1434,#1435);
#1434 = CARTESIAN_POINT('',(67.8,0.));
#1435 = VECTOR('',#1436,1.);
#1436 = DIRECTION('',(0.,1.));
#1437 = ( GEOMETRIC_REPRESENTATION_CONTEXT(2) 
PARAMETRIC_REPRESENTATION_CONTEXT() REPRESENTATION_CONTEXT('2D SPACE',''
  ) );
#1438 = FACE_BOUND('',#1439,.F.);
#1439 = EDGE_LOOP('',(#1440));
#1440 = ORIENTED_EDGE('',*,*,#1441,.F.);
#1441 = EDGE_CURVE('',#1442,#1442,#1444,.T.);
#1442 = VERTEX_POINT('',#1443);
#1443 = CARTESIAN_POINT('',(217.8,2.008420750602E-15,-4.8));
#1444 = SURFACE_CURVE('',#1445,(#1450,#1457),.PCURVE_S1.);
#1445 = CIRCLE('',#1446,8.2);
#1446 = AXIS2_PLACEMENT_3D('',#1447,#1448,#1449);
#1447 = CARTESIAN_POINT('',(217.8,0.,-13.));
#1448 = DIRECTION('',(1.,0.,0.));
#1449 = DIRECTION('',(-0.,0.,1.));
#1450 = PCURVE('',#1356,#1451);
#1451 = DEFINITIONAL_REPRESENTATION('',(#1452),#1456);
#1452 = CIRCLE('',#1453,8.2);
#1453 = AXIS2_PLACEMENT_2D('',#1454,#1455);
#1454 = CARTESIAN_POINT('',(29.8,-14.8));
#1455 = DIRECTION('',(1.,0.));
#1456 = ( GEOMETRIC_REPRESENTATION_CONTEXT(2) 
PARAMETRIC_REPRESENTATION_CONTEXT() REPRESENTATION_CONTEXT('2D SPACE',''
  ) );
#1457 = PCURVE('',#1458,#1463);
#1458 = CYLINDRICAL_SURFACE('',#1459,8.2);
#1459 = AXIS2_PLACEMENT_3D('',#1460,#1461,#1462);
#1460 = CARTESIAN_POINT('',(216.,0.,-13.));
#1461 = DIRECTION('',(1.,0.,0.));
#1462 = DIRECTION('',(-0.,0.,1.));
#1463 = DEFINITIONAL_REPRESENTATION('',(#1464),#1468);
#1464 = LINE('',#1465,#1466);
#1465 = CARTESIAN_POINT('',(0.,1.8));
#1466 = VECTOR('',#1467,1.);
#1467 = DIRECTION('',(1.,0.));
#1468 = ( GEOMETRIC_REPRESENTATION_CONTEXT(2) 
PARAMETRIC_REPRESENTATION_CONTEXT() REPRESENTATION_CONTEXT('2D SPACE',''
  ) );
#1469 = ADVANCED_FACE('',(#1470),#1458,.F.);
#1470 = FACE_BOUND('',#1471,.F.);
#1471 = EDGE_LOOP('',(#1472,#1501,#1522,#1523));
#1472 = ORIENTED_EDGE('',*,*,#1473,.F.);
#1473 = EDGE_CURVE('',#1474,#1474,#1476,.T.);
#1474 = VERTEX_POINT('',#1475);
#1475 = CARTESIAN_POINT('',(230.5,2.008420750602E-15,-4.8));
#1476 = SURFACE_CURVE('',#1477,(#1482,#1489),.PCURVE_S1.);
#1477 = CIRCLE('',#1478,8.2);
#1478 = AXIS2_PLACEMENT_3D('',#1479,#1480,#1481);
#1479 = CARTESIAN_POINT('',(230.5,0.,-13.));
#1480 = DIRECTION('',(1.,0.,0.));
#1481 = DIRECTION('',(-0.,0.,1.));
#1482 = PCURVE('',#1458,#1483);
#1483 = DEFINITIONAL_REPRESENTATION('',(#1484),#1488);
#1484 = LINE('',#1485,#1486);
#1485 = CARTESIAN_POINT('',(0.,14.5));
#1486 = VECTOR('',#1487,1.);
#1487 = DIRECTION('',(1.,0.));
#1488 = ( GEOMETRIC_REPRESENTATION_CONTEXT(2) 
PARAMETRIC_REPRESENTATION_CONTEXT() REPRESENTATION_CONTEXT('2D SPACE',''
  ) );
#1489 = PCURVE('',#1490,#1495);
#1490 = PLANE('',#1491);
#1491 = AXIS2_PLACEMENT_3D('',#1492,#1493,#1494);
#1492 = CARTESIAN_POINT('',(230.5,0.,-13.));
#1493 = DIRECTION('',(1.,0.,0.));
#1494 = DIRECTION('',(-0.,0.,1.));
#1495 = DEFINITIONAL_REPRESENTATION('',(#1496),#1500);
#1496 = CIRCLE('',#1497,8.2);
#1497 = AXIS2_PLACEMENT_2D('',#1498,#1499);
#1498 = CARTESIAN_POINT('',(0.,0.));
#1499 = DIRECTION('',(1.,0.));
#1500 = ( GEOMETRIC_REPRESENTATION_CONTEXT(2) 
PARAMETRIC_REPRESENTATION_CONTEXT() REPRESENTATION_CONTEXT('2D SPACE',''
  ) );
#1501 = ORIENTED_EDGE('',*,*,#1502,.F.);
#1502 = EDGE_CURVE('',#1442,#1474,#1503,.T.);
#1503 = SEAM_CURVE('',#1504,(#1508,#1515),.PCURVE_S1.);
#1504 = LINE('',#1505,#1506);
#1505 = CARTESIAN_POINT('',(216.,2.008420750602E-15,-4.8));
#1506 = VECTOR('',#1507,1.);
#1507 = DIRECTION('',(1.,0.,0.));
#1508 = PCURVE('',#1458,#1509);
#1509 = DEFINITIONAL_REPRESENTATION('',(#1510),#1514);
#1510 = LINE('',#1511,#1512);
#1511 = CARTESIAN_POINT('',(6.28318530718,-0.));
#1512 = VECTOR('',#1513,1.);
#1513 = DIRECTION('',(0.,1.));
#1514 = ( GEOMETRIC_REPRESENTATION_CONTEXT(2) 
PARAMETRIC_REPRESENTATION_CONTEXT() REPRESENTATION_CONTEXT('2D SPACE',''
  ) );
#1515 = PCURVE('',#1458,#1516);
#1516 = DEFINITIONAL_REPRESENTATION('',(#1517),#1521);
#1517 = LINE('',#1518,#1519);
#1518 = CARTESIAN_POINT('',(0.,-0.));
#1519 = VECTOR('',#1520,1.);
#1520 = DIRECTION('',(0.,1.));
#1521 = ( GEOMETRIC_REPRESENTATION_CONTEXT(2) 
PARAMETRIC_REPRESENTATION_CONTEXT() REPRESENTATION_CONTEXT('2D SPACE',''
  ) );
#1522 = ORIENTED_EDGE('',*,*,#1441,.T.);
#1523 = ORIENTED_EDGE('',*,*,#1502,.T.);
#1524 = ADVANCED_FACE('',(#1525,#1556),#1490,.T.);
#1525 = FACE_BOUND('',#1526,.T.);
#1526 = EDGE_LOOP('',(#1527));
#1527 = ORIENTED_EDGE('',*,*,#1528,.T.);
#1528 = EDGE_CURVE('',#1529,#1529,#1531,.T.);
#1529 = VERTEX_POINT('',#1530);
#1530 = CARTESIAN_POINT('',(230.5,2.449293598295E-15,-3.));
#1531 = SURFACE_CURVE('',#1532,(#1537,#1544),.PCURVE_S1.);
#1532 = CIRCLE('',#1533,10.);
#1533 = AXIS2_PLACEMENT_3D('',#1534,#1535,#1536);
#1534 = CARTESIAN_POINT('',(230.5,0.,-13.));
#1535 = DIRECTION('',(1.,0.,0.));
#1536 = DIRECTION('',(-0.,0.,1.));
#1537 = PCURVE('',#1490,#1538);
#1538 = DEFINITIONAL_REPRESENTATION('',(#1539),#1543);
#1539 = CIRCLE('',#1540,10.);
#1540 = AXIS2_PLACEMENT_2D('',#1541,#1542);
#1541 = CARTESIAN_POINT('',(0.,0.));
#1542 = DIRECTION('',(1.,0.));
#1543 = ( GEOMETRIC_REPRESENTATION_CONTEXT(2) 
PARAMETRIC_REPRESENTATION_CONTEXT() REPRESENTATION_CONTEXT('2D SPACE',''
  ) );
#1544 = PCURVE('',#1545,#1550);
#1545 = CYLINDRICAL_SURFACE('',#1546,10.);
#1546 = AXIS2_PLACEMENT_3D('',#1547,#1548,#1549);
#1547 = CARTESIAN_POINT('',(218.5,0.,-13.));
#1548 = DIRECTION('',(1.,0.,0.));
#1549 = DIRECTION('',(-0.,0.,1.));
#1550 = DEFINITIONAL_REPRESENTATION('',(#1551),#1555);
#1551 = LINE('',#1552,#1553);
#1552 = CARTESIAN_POINT('',(0.,12.));
#1553 = VECTOR('',#1554,1.);
#1554 = DIRECTION('',(1.,0.));
#1555 = ( GEOMETRIC_REPRESENTATION_CONTEXT(2) 
PARAMETRIC_REPRESENTATION_CONTEXT() REPRESENTATION_CONTEXT('2D SPACE',''
  ) );
#1556 = FACE_BOUND('',#1557,.T.);
#1557 = EDGE_LOOP('',(#1558));
#1558 = ORIENTED_EDGE('',*,*,#1473,.F.);
#1559 = ADVANCED_FACE('',(#1560),#1545,.T.);
#1560 = FACE_BOUND('',#1561,.T.);
#1561 = EDGE_LOOP('',(#1562,#1585,#1586,#1587));
#1562 = ORIENTED_EDGE('',*,*,#1563,.T.);
#1563 = EDGE_CURVE('',#1564,#1529,#1566,.T.);
#1564 = VERTEX_POINT('',#1565);
#1565 = CARTESIAN_POINT('',(219.,2.449293598295E-15,-3.));
#1566 = SEAM_CURVE('',#1567,(#1571,#1578),.PCURVE_S1.);
#1567 = LINE('',#1568,#1569);
#1568 = CARTESIAN_POINT('',(218.5,2.449293598295E-15,-3.));
#1569 = VECTOR('',#1570,1.);
#1570 = DIRECTION('',(1.,0.,0.));
#1571 = PCURVE('',#1545,#1572);
#1572 = DEFINITIONAL_REPRESENTATION('',(#1573),#1577);
#1573 = LINE('',#1574,#1575);
#1574 = CARTESIAN_POINT('',(6.28318530718,-0.));
#1575 = VECTOR('',#1576,1.);
#1576 = DIRECTION('',(0.,1.));
#1577 = ( GEOMETRIC_REPRESENTATION_CONTEXT(2) 
PARAMETRIC_REPRESENTATION_CONTEXT() REPRESENTATION_CONTEXT('2D SPACE',''
  ) );
#1578 = PCURVE('',#1545,#1579);
#1579 = DEFINITIONAL_REPRESENTATION('',(#1580),#1584);
#1580 = LINE('',#1581,#1582);
#1581 = CARTESIAN_POINT('',(0.,-0.));
#1582 = VECTOR('',#1583,1.);
#1583 = DIRECTION('',(0.,1.));
#1584 = ( GEOMETRIC_REPRESENTATION_CONTEXT(2) 
PARAMETRIC_REPRESENTATION_CONTEXT() REPRESENTATION_CONTEXT('2D SPACE',''
  ) );
#1585 = ORIENTED_EDGE('',*,*,#1528,.F.);
#1586 = ORIENTED_EDGE('',*,*,#1563,.F.);
#1587 = ORIENTED_EDGE('',*,*,#1588,.T.);
#1588 = EDGE_CURVE('',#1564,#1564,#1589,.T.);
#1589 = SURFACE_CURVE('',#1590,(#1595,#1602),.PCURVE_S1.);
#1590 = CIRCLE('',#1591,10.);
#1591 = AXIS2_PLACEMENT_3D('',#1592,#1593,#1594);
#1592 = CARTESIAN_POINT('',(219.,0.,-13.));
#1593 = DIRECTION('',(1.,0.,0.));
#1594 = DIRECTION('',(-0.,0.,1.));
#1595 = PCURVE('',#1545,#1596);
#1596 = DEFINITIONAL_REPRESENTATION('',(#1597),#1601);
#1597 = LINE('',#1598,#1599);
#1598 = CARTESIAN_POINT('',(0.,0.5));
#1599 = VECTOR('',#1600,1.);
#1600 = DIRECTION('',(1.,0.));
#1601 = ( GEOMETRIC_REPRESENTATION_CONTEXT(2) 
PARAMETRIC_REPRESENTATION_CONTEXT() REPRESENTATION_CONTEXT('2D SPACE',''
  ) );
#1602 = PCURVE('',#1603,#1608);
#1603 = PLANE('',#1604);
#1604 = AXIS2_PLACEMENT_3D('',#1605,#1606,#1607);
#1605 = CARTESIAN_POINT('',(219.,-16.,-44.));
#1606 = DIRECTION('',(1.,0.,-0.));
#1607 = DIRECTION('',(0.,0.,1.));
#1608 = DEFINITIONAL_REPRESENTATION('',(#1609),#1613);
#1609 = CIRCLE('',#1610,10.);
#1610 = AXIS2_PLACEMENT_2D('',#1611,#1612);
#1611 = CARTESIAN_POINT('',(31.,-16.));
#1612 = DIRECTION('',(1.,0.));
#1613 = ( GEOMETRIC_REPRESENTATION_CONTEXT(2) 
PARAMETRIC_REPRESENTATION_CONTEXT() REPRESENTATION_CONTEXT('2D SPACE',''
  ) );
#1614 = ADVANCED_FACE('',(#1615,#1830),#1603,.T.);
#1615 = FACE_BOUND('',#1616,.T.);
#1616 = EDGE_LOOP('',(#1617,#1647,#1675,#1703,#1731,#1757,#1783,#1809));
#1617 = ORIENTED_EDGE('',*,*,#1618,.F.);
#1618 = EDGE_CURVE('',#1619,#1621,#1623,.T.);
#1619 = VERTEX_POINT('',#1620);
#1620 = CARTESIAN_POINT('',(219.,-16.,17.));
#1621 = VERTEX_POINT('',#1622);
#1622 = CARTESIAN_POINT('',(219.,16.,17.));
#1623 = SURFACE_CURVE('',#1624,(#1628,#1635),.PCURVE_S1.);
#1624 = LINE('',#1625,#1626);
#1625 = CARTESIAN_POINT('',(219.,-16.,17.));
#1626 = VECTOR('',#1627,1.);
#1627 = DIRECTION('',(-0.,1.,0.));
#1628 = PCURVE('',#1603,#1629);
#1629 = DEFINITIONAL_REPRESENTATION('',(#1630),#1634);
#1630 = LINE('',#1631,#1632);
#1631 = CARTESIAN_POINT('',(61.,0.));
#1632 = VECTOR('',#1633,1.);
#1633 = DIRECTION('',(0.,-1.));
#1634 = ( GEOMETRIC_REPRESENTATION_CONTEXT(2) 
PARAMETRIC_REPRESENTATION_CONTEXT() REPRESENTATION_CONTEXT('2D SPACE',''
  ) );
#1635 = PCURVE('',#1636,#1641);
#1636 = PLANE('',#1637);
#1637 = AXIS2_PLACEMENT_3D('',#1638,#1639,#1640);
#1638 = CARTESIAN_POINT('',(150.,-16.,17.));
#1639 = DIRECTION('',(0.,0.,1.));
#1640 = DIRECTION('',(1.,0.,-0.));
#1641 = DEFINITIONAL_REPRESENTATION('',(#1642),#1646);
#1642 = LINE('',#1643,#1644);
#1643 = CARTESIAN_POINT('',(69.,0.));
#1644 = VECTOR('',#1645,1.);
#1645 = DIRECTION('',(0.,1.));
#1646 = ( GEOMETRIC_REPRESENTATION_CONTEXT(2) 
PARAMETRIC_REPRESENTATION_CONTEXT() REPRESENTATION_CONTEXT('2D SPACE',''
  ) );
#1647 = ORIENTED_EDGE('',*,*,#1648,.F.);
#1648 = EDGE_CURVE('',#1649,#1619,#1651,.T.);
#1649 = VERTEX_POINT('',#1650);
#1650 = CARTESIAN_POINT('',(219.,-16.,-44.));
#1651 = SURFACE_CURVE('',#1652,(#1656,#1663),.PCURVE_S1.);
#1652 = LINE('',#1653,#1654);
#1653 = CARTESIAN_POINT('',(219.,-16.,-44.));
#1654 = VECTOR('',#1655,1.);
#1655 = DIRECTION('',(0.,0.,1.));
#1656 = PCURVE('',#1603,#1657);
#1657 = DEFINITIONAL_REPRESENTATION('',(#1658),#1662);
#1658 = LINE('',#1659,#1660);
#1659 = CARTESIAN_POINT('',(0.,0.));
#1660 = VECTOR('',#1661,1.);
#1661 = DIRECTION('',(1.,0.));
#1662 = ( GEOMETRIC_REPRESENTATION_CONTEXT(2) 
PARAMETRIC_REPRESENTATION_CONTEXT() REPRESENTATION_CONTEXT('2D SPACE',''
  ) );
#1663 = PCURVE('',#1664,#1669);
#1664 = PLANE('',#1665);
#1665 = AXIS2_PLACEMENT_3D('',#1666,#1667,#1668);
#1666 = CARTESIAN_POINT('',(150.,-16.,-44.));
#1667 = DIRECTION('',(-0.,1.,0.));
#1668 = DIRECTION('',(0.,0.,1.));
#1669 = DEFINITIONAL_REPRESENTATION('',(#1670),#1674);
#1670 = LINE('',#1671,#1672);
#1671 = CARTESIAN_POINT('',(0.,69.));
#1672 = VECTOR('',#1673,1.);
#1673 = DIRECTION('',(1.,0.));
#1674 = ( GEOMETRIC_REPRESENTATION_CONTEXT(2) 
PARAMETRIC_REPRESENTATION_CONTEXT() REPRESENTATION_CONTEXT('2D SPACE',''
  ) );
#1675 = ORIENTED_EDGE('',*,*,#1676,.T.);
#1676 = EDGE_CURVE('',#1649,#1677,#1679,.T.);
#1677 = VERTEX_POINT('',#1678);
#1678 = CARTESIAN_POINT('',(219.,16.,-44.));
#1679 = SURFACE_CURVE('',#1680,(#1684,#1691),.PCURVE_S1.);
#1680 = LINE('',#1681,#1682);
#1681 = CARTESIAN_POINT('',(219.,-16.,-44.));
#1682 = VECTOR('',#1683,1.);
#1683 = DIRECTION('',(-0.,1.,0.));
#1684 = PCURVE('',#1603,#1685);
#1685 = DEFINITIONAL_REPRESENTATION('',(#1686),#1690);
#1686 = LINE('',#1687,#1688);
#1687 = CARTESIAN_POINT('',(0.,0.));
#1688 = VECTOR('',#1689,1.);
#1689 = DIRECTION('',(0.,-1.));
#1690 = ( GEOMETRIC_REPRESENTATION_CONTEXT(2) 
PARAMETRIC_REPRESENTATION_CONTEXT() REPRESENTATION_CONTEXT('2D SPACE',''
  ) );
#1691 = PCURVE('',#1692,#1697);
#1692 = PLANE('',#1693);
#1693 = AXIS2_PLACEMENT_3D('',#1694,#1695,#1696);
#1694 = CARTESIAN_POINT('',(150.,-16.,-44.));
#1695 = DIRECTION('',(0.,0.,1.));
#1696 = DIRECTION('',(1.,0.,-0.));
#1697 = DEFINITIONAL_REPRESENTATION('',(#1698),#1702);
#1698 = LINE('',#1699,#1700);
#1699 = CARTESIAN_POINT('',(69.,0.));
#1700 = VECTOR('',#1701,1.);
#1701 = DIRECTION('',(0.,1.));
#1702 = ( GEOMETRIC_REPRESENTATION_CONTEXT(2) 
PARAMETRIC_REPRESENTATION_CONTEXT() REPRESENTATION_CONTEXT('2D SPACE',''
  ) );
#1703 = ORIENTED_EDGE('',*,*,#1704,.T.);
#1704 = EDGE_CURVE('',#1677,#1705,#1707,.T.);
#1705 = VERTEX_POINT('',#1706);
#1706 = CARTESIAN_POINT('',(219.,16.,-20.));
#1707 = SURFACE_CURVE('',#1708,(#1712,#1719),.PCURVE_S1.);
#1708 = LINE('',#1709,#1710);
#1709 = CARTESIAN_POINT('',(219.,16.,-44.));
#1710 = VECTOR('',#1711,1.);
#1711 = DIRECTION('',(0.,0.,1.));
#1712 = PCURVE('',#1603,#1713);
#1713 = DEFINITIONAL_REPRESENTATION('',(#1714),#1718);
#1714 = LINE('',#1715,#1716);
#1715 = CARTESIAN_POINT('',(0.,-32.));
#1716 = VECTOR('',#1717,1.);
#1717 = DIRECTION('',(1.,0.));
#1718 = ( GEOMETRIC_REPRESENTATION_CONTEXT(2) 
PARAMETRIC_REPRESENTATION_CONTEXT() REPRESENTATION_CONTEXT('2D SPACE',''
  ) );
#1719 = PCURVE('',#1720,#1725);
#1720 = PLANE('',#1721);
#1721 = AXIS2_PLACEMENT_3D('',#1722,#1723,#1724);
#1722 = CARTESIAN_POINT('',(150.,16.,-44.));
#1723 = DIRECTION('',(-0.,1.,0.));
#1724 = DIRECTION('',(0.,0.,1.));
#1725 = DEFINITIONAL_REPRESENTATION('',(#1726),#1730);
#1726 = LINE('',#1727,#1728);
#1727 = CARTESIAN_POINT('',(0.,69.));
#1728 = VECTOR('',#1729,1.);
#1729 = DIRECTION('',(1.,0.));
#1730 = ( GEOMETRIC_REPRESENTATION_CONTEXT(2) 
PARAMETRIC_REPRESENTATION_CONTEXT() REPRESENTATION_CONTEXT('2D SPACE',''
  ) );
#1731 = ORIENTED_EDGE('',*,*,#1732,.T.);
#1732 = EDGE_CURVE('',#1705,#1733,#1735,.T.);
#1733 = VERTEX_POINT('',#1734);
#1734 = CARTESIAN_POINT('',(219.,14.8,-20.));
#1735 = SURFACE_CURVE('',#1736,(#1740,#1746),.PCURVE_S1.);
#1736 = LINE('',#1737,#1738);
#1737 = CARTESIAN_POINT('',(219.,-0.6,-20.));
#1738 = VECTOR('',#1739,1.);
#1739 = DIRECTION('',(0.,-1.,0.));
#1740 = PCURVE('',#1603,#1741);
#1741 = DEFINITIONAL_REPRESENTATION('',(#1742),#1745);
#1742 = B_SPLINE_CURVE_WITH_KNOTS('',1,(#1743,#1744),.UNSPECIFIED.,.F.,
  .F.,(2,2),(-16.6,-15.4),.PIECEWISE_BEZIER_KNOTS.);
#1743 = CARTESIAN_POINT('',(24.,-32.));
#1744 = CARTESIAN_POINT('',(24.,-30.8));
#1745 = ( GEOMETRIC_REPRESENTATION_CONTEXT(2) 
PARAMETRIC_REPRESENTATION_CONTEXT() REPRESENTATION_CONTEXT('2D SPACE',''
  ) );
#1746 = PCURVE('',#1747,#1752);
#1747 = PLANE('',#1748);
#1748 = AXIS2_PLACEMENT_3D('',#1749,#1750,#1751);
#1749 = CARTESIAN_POINT('',(213.,14.8,-20.));
#1750 = DIRECTION('',(0.,0.,1.));
#1751 = DIRECTION('',(1.,0.,-0.));
#1752 = DEFINITIONAL_REPRESENTATION('',(#1753),#1756);
#1753 = B_SPLINE_CURVE_WITH_KNOTS('',1,(#1754,#1755),.UNSPECIFIED.,.F.,
  .F.,(2,2),(-16.6,-15.4),.PIECEWISE_BEZIER_KNOTS.);
#1754 = CARTESIAN_POINT('',(6.,1.2));
#1755 = CARTESIAN_POINT('',(6.,0.));
#1756 = ( GEOMETRIC_REPRESENTATION_CONTEXT(2) 
PARAMETRIC_REPRESENTATION_CONTEXT() REPRESENTATION_CONTEXT('2D SPACE',''
  ) );
#1757 = ORIENTED_EDGE('',*,*,#1758,.T.);
#1758 = EDGE_CURVE('',#1733,#1759,#1761,.T.);
#1759 = VERTEX_POINT('',#1760);
#1760 = CARTESIAN_POINT('',(219.,14.8,-6.));
#1761 = SURFACE_CURVE('',#1762,(#1766,#1772),.PCURVE_S1.);
#1762 = LINE('',#1763,#1764);
#1763 = CARTESIAN_POINT('',(219.,14.8,-32.));
#1764 = VECTOR('',#1765,1.);
#1765 = DIRECTION('',(0.,0.,1.));
#1766 = PCURVE('',#1603,#1767);
#1767 = DEFINITIONAL_REPRESENTATION('',(#1768),#1771);
#1768 = B_SPLINE_CURVE_WITH_KNOTS('',1,(#1769,#1770),.UNSPECIFIED.,.F.,
  .F.,(2,2),(12.,26.),.PIECEWISE_BEZIER_KNOTS.);
#1769 = CARTESIAN_POINT('',(24.,-30.8));
#1770 = CARTESIAN_POINT('',(38.,-30.8));
#1771 = ( GEOMETRIC_REPRESENTATION_CONTEXT(2) 
PARAMETRIC_REPRESENTATION_CONTEXT() REPRESENTATION_CONTEXT('2D SPACE',''
  ) );
#1772 = PCURVE('',#1773,#1778);
#1773 = PLANE('',#1774);
#1774 = AXIS2_PLACEMENT_3D('',#1775,#1776,#1777);
#1775 = CARTESIAN_POINT('',(213.,14.8,-20.));
#1776 = DIRECTION('',(-0.,1.,0.));
#1777 = DIRECTION('',(0.,0.,1.));
#1778 = DEFINITIONAL_REPRESENTATION('',(#1779),#1782);
#1779 = B_SPLINE_CURVE_WITH_KNOTS('',1,(#1780,#1781),.UNSPECIFIED.,.F.,
  .F.,(2,2),(12.,26.),.PIECEWISE_BEZIER_KNOTS.);
#1780 = CARTESIAN_POINT('',(0.,6.));
#1781 = CARTESIAN_POINT('',(14.,6.));
#1782 = ( GEOMETRIC_REPRESENTATION_CONTEXT(2) 
PARAMETRIC_REPRESENTATION_CONTEXT() REPRESENTATION_CONTEXT('2D SPACE',''
  ) );
#1783 = ORIENTED_EDGE('',*,*,#1784,.F.);
#1784 = EDGE_CURVE('',#1785,#1759,#1787,.T.);
#1785 = VERTEX_POINT('',#1786);
#1786 = CARTESIAN_POINT('',(219.,16.,-6.));
#1787 = SURFACE_CURVE('',#1788,(#1792,#1798),.PCURVE_S1.);
#1788 = LINE('',#1789,#1790);
#1789 = CARTESIAN_POINT('',(219.,-0.6,-6.));
#1790 = VECTOR('',#1791,1.);
#1791 = DIRECTION('',(0.,-1.,0.));
#1792 = PCURVE('',#1603,#1793);
#1793 = DEFINITIONAL_REPRESENTATION('',(#1794),#1797);
#1794 = B_SPLINE_CURVE_WITH_KNOTS('',1,(#1795,#1796),.UNSPECIFIED.,.F.,
  .F.,(2,2),(-16.6,-15.4),.PIECEWISE_BEZIER_KNOTS.);
#1795 = CARTESIAN_POINT('',(38.,-32.));
#1796 = CARTESIAN_POINT('',(38.,-30.8));
#1797 = ( GEOMETRIC_REPRESENTATION_CONTEXT(2) 
PARAMETRIC_REPRESENTATION_CONTEXT() REPRESENTATION_CONTEXT('2D SPACE',''
  ) );
#1798 = PCURVE('',#1799,#1804);
#1799 = PLANE('',#1800);
#1800 = AXIS2_PLACEMENT_3D('',#1801,#1802,#1803);
#1801 = CARTESIAN_POINT('',(213.,14.8,-6.));
#1802 = DIRECTION('',(0.,0.,1.));
#1803 = DIRECTION('',(1.,0.,-0.));
#1804 = DEFINITIONAL_REPRESENTATION('',(#1805),#1808);
#1805 = B_SPLINE_CURVE_WITH_KNOTS('',1,(#1806,#1807),.UNSPECIFIED.,.F.,
  .F.,(2,2),(-16.6,-15.4),.PIECEWISE_BEZIER_KNOTS.);
#1806 = CARTESIAN_POINT('',(6.,1.2));
#1807 = CARTESIAN_POINT('',(6.,0.));
#1808 = ( GEOMETRIC_REPRESENTATION_CONTEXT(2) 
PARAMETRIC_REPRESENTATION_CONTEXT() REPRESENTATION_CONTEXT('2D SPACE',''
  ) );
#1809 = ORIENTED_EDGE('',*,*,#1810,.T.);
#1810 = EDGE_CURVE('',#1785,#1621,#1811,.T.);
#1811 = SURFACE_CURVE('',#1812,(#1816,#1823),.PCURVE_S1.);
#1812 = LINE('',#1813,#1814);
#1813 = CARTESIAN_POINT('',(219.,16.,-44.));
#1814 = VECTOR('',#1815,1.);
#1815 = DIRECTION('',(0.,0.,1.));
#1816 = PCURVE('',#1603,#1817);
#1817 = DEFINITIONAL_REPRESENTATION('',(#1818),#1822);
#1818 = LINE('',#1819,#1820);
#1819 = CARTESIAN_POINT('',(0.,-32.));
#1820 = VECTOR('',#1821,1.);
#1821 = DIRECTION('',(1.,0.));
#1822 = ( GEOMETRIC_REPRESENTATION_CONTEXT(2) 
PARAMETRIC_REPRESENTATION_CONTEXT() REPRESENTATION_CONTEXT('2D SPACE',''
  ) );
#1823 = PCURVE('',#1720,#1824);
#1824 = DEFINITIONAL_REPRESENTATION('',(#1825),#1829);
#1825 = LINE('',#1826,#1827);
#1826 = CARTESIAN_POINT('',(0.,69.));
#1827 = VECTOR('',#1828,1.);
#1828 = DIRECTION('',(1.,0.));
#1829 = ( GEOMETRIC_REPRESENTATION_CONTEXT(2) 
PARAMETRIC_REPRESENTATION_CONTEXT() REPRESENTATION_CONTEXT('2D SPACE',''
  ) );
#1830 = FACE_BOUND('',#1831,.T.);
#1831 = EDGE_LOOP('',(#1832));
#1832 = ORIENTED_EDGE('',*,*,#1588,.F.);
#1833 = ADVANCED_FACE('',(#1834),#1664,.F.);
#1834 = FACE_BOUND('',#1835,.F.);
#1835 = EDGE_LOOP('',(#1836,#1859,#1978,#1999));
#1836 = ORIENTED_EDGE('',*,*,#1837,.F.);
#1837 = EDGE_CURVE('',#1838,#1649,#1840,.T.);
#1838 = VERTEX_POINT('',#1839);
#1839 = CARTESIAN_POINT('',(189.13393258985,-16.,-44.));
#1840 = SURFACE_CURVE('',#1841,(#1845,#1852),.PCURVE_S1.);
#1841 = LINE('',#1842,#1843);
#1842 = CARTESIAN_POINT('',(150.,-16.,-44.));
#1843 = VECTOR('',#1844,1.);
#1844 = DIRECTION('',(1.,0.,-0.));
#1845 = PCURVE('',#1664,#1846);
#1846 = DEFINITIONAL_REPRESENTATION('',(#1847),#1851);
#1847 = LINE('',#1848,#1849);
#1848 = CARTESIAN_POINT('',(0.,0.));
#1849 = VECTOR('',#1850,1.);
#1850 = DIRECTION('',(0.,1.));
#1851 = ( GEOMETRIC_REPRESENTATION_CONTEXT(2) 
PARAMETRIC_REPRESENTATION_CONTEXT() REPRESENTATION_CONTEXT('2D SPACE',''
  ) );
#1852 = PCURVE('',#1692,#1853);
#1853 = DEFINITIONAL_REPRESENTATION('',(#1854),#1858);
#1854 = LINE('',#1855,#1856);
#1855 = CARTESIAN_POINT('',(0.,0.));
#1856 = VECTOR('',#1857,1.);
#1857 = DIRECTION('',(1.,0.));
#1858 = ( GEOMETRIC_REPRESENTATION_CONTEXT(2) 
PARAMETRIC_REPRESENTATION_CONTEXT() REPRESENTATION_CONTEXT('2D SPACE',''
  ) );
#1859 = ORIENTED_EDGE('',*,*,#1860,.T.);
#1860 = EDGE_CURVE('',#1838,#1861,#1863,.T.);
#1861 = VERTEX_POINT('',#1862);
#1862 = CARTESIAN_POINT('',(205.59690192813,-16.,17.));
#1863 = SURFACE_CURVE('',#1864,(#1897,#1933),.PCURVE_S1.);
#1864 = B_SPLINE_CURVE_WITH_KNOTS('',7,(#1865,#1866,#1867,#1868,#1869,
    #1870,#1871,#1872,#1873,#1874,#1875,#1876,#1877,#1878,#1879,#1880,
    #1881,#1882,#1883,#1884,#1885,#1886,#1887,#1888,#1889,#1890,#1891,
    #1892,#1893,#1894,#1895,#1896),.UNSPECIFIED.,.F.,.F.,(8,6,6,6,6,8),(
    0.,0.318627183086,0.465251017331,0.552579911215,0.739827777041,1.),
  .UNSPECIFIED.);
#1865 = CARTESIAN_POINT('',(189.13393258985,-16.,-44.));
#1866 = CARTESIAN_POINT('',(191.1793231639,-16.,-41.77168079358));
#1867 = CARTESIAN_POINT('',(193.14495631686,-16.,-39.47047883554));
#1868 = CARTESIAN_POINT('',(195.02227591205,-16.,-37.0941611734));
#1869 = CARTESIAN_POINT('',(196.80090583593,-16.,-34.64139362195));
#1870 = CARTESIAN_POINT('',(198.46895113498,-16.,-32.11195166428));
#1871 = CARTESIAN_POINT('',(200.01334459107,-16.,-29.50696634236));
#1872 = CARTESIAN_POINT('',(202.06812008747,-16.,-25.59728610876));
#1873 = CARTESIAN_POINT('',(202.68659419335,-16.,-24.34985974543));
#1874 = CARTESIAN_POINT('',(203.27463877396,-16.,-23.08749233552));
#1875 = CARTESIAN_POINT('',(203.83088805722,-16.,-21.81064567202));
#1876 = CARTESIAN_POINT('',(204.35397487309,-16.,-20.51990355732));
#1877 = CARTESIAN_POINT('',(204.84256012205,-16.,-19.21598450483));
#1878 = CARTESIAN_POINT('',(205.56506048367,-16.,-17.11581446224));
#1879 = CARTESIAN_POINT('',(205.82206124995,-16.,-16.32750488464));
#1880 = CARTESIAN_POINT('',(206.06610109566,-16.,-15.53501312998));
#1881 = CARTESIAN_POINT('',(206.29691913914,-16.,-14.73854026315));
#1882 = CARTESIAN_POINT('',(206.51426611927,-16.,-13.93830446547));
#1883 = CARTESIAN_POINT('',(206.71790711778,-16.,-13.13454181483));
#1884 = CARTESIAN_POINT('',(207.31440985365,-16.,-10.59708855634));
#1885 = CARTESIAN_POINT('',(207.65720624421,-16.,-8.851520551324));
#1886 = CARTESIAN_POINT('',(207.93381827108,-16.,-7.093456999497));
#1887 = CARTESIAN_POINT('',(208.14249739626,-16.,-5.325741507703));
#1888 = CARTESIAN_POINT('',(208.28200518865,-16.,-3.55141459933));
#1889 = CARTESIAN_POINT('',(208.35168711615,-16.,-1.773722129756));
#1890 = CARTESIAN_POINT('',(208.35137541502,-16.,2.47376408472));
#1891 = CARTESIAN_POINT('',(208.21641549142,-16.,4.944017804561));
#1892 = CARTESIAN_POINT('',(207.94660637605,-16.,7.405032491129));
#1893 = CARTESIAN_POINT('',(207.54446973205,-16.,9.848265136683));
#1894 = CARTESIAN_POINT('',(207.01454744657,-16.,12.2661449569));
#1895 = CARTESIAN_POINT('',(206.36293239486,-16.,14.652000150939));
#1896 = CARTESIAN_POINT('',(205.59690192813,-16.,17.));
#1897 = PCURVE('',#1664,#1898);
#1898 = DEFINITIONAL_REPRESENTATION('',(#1899),#1932);
#1899 = B_SPLINE_CURVE_WITH_KNOTS('',7,(#1900,#1901,#1902,#1903,#1904,
    #1905,#1906,#1907,#1908,#1909,#1910,#1911,#1912,#1913,#1914,#1915,
    #1916,#1917,#1918,#1919,#1920,#1921,#1922,#1923,#1924,#1925,#1926,
    #1927,#1928,#1929,#1930,#1931),.UNSPECIFIED.,.F.,.F.,(8,6,6,6,6,8),(
    0.,0.318627183086,0.465251017331,0.552579911215,0.739827777041,1.),
  .UNSPECIFIED.);
#1900 = CARTESIAN_POINT('',(0.,39.133932589853));
#1901 = CARTESIAN_POINT('',(2.228319206414,41.179323163903));
#1902 = CARTESIAN_POINT('',(4.529521164455,43.144956316862));
#1903 = CARTESIAN_POINT('',(6.905838826599,45.022275912056));
#1904 = CARTESIAN_POINT('',(9.358606378045,46.800905835934));
#1905 = CARTESIAN_POINT('',(11.888048335718,48.468951134984));
#1906 = CARTESIAN_POINT('',(14.493033657635,50.013344591077));
#1907 = CARTESIAN_POINT('',(18.402713891231,52.068120087473));
#1908 = CARTESIAN_POINT('',(19.650140254567,52.68659419335));
#1909 = CARTESIAN_POINT('',(20.912507664478,53.274638773962));
#1910 = CARTESIAN_POINT('',(22.189354327978,53.83088805722));
#1911 = CARTESIAN_POINT('',(23.48009644268,54.353974873099));
#1912 = CARTESIAN_POINT('',(24.784015495169,54.842560122057));
#1913 = CARTESIAN_POINT('',(26.884185537753,55.565060483673));
#1914 = CARTESIAN_POINT('',(27.672495115352,55.822061249954));
#1915 = CARTESIAN_POINT('',(28.464986870016,56.066101095663));
#1916 = CARTESIAN_POINT('',(29.261459736847,56.296919139149));
#1917 = CARTESIAN_POINT('',(30.061695534528,56.514266119273));
#1918 = CARTESIAN_POINT('',(30.865458185168,56.717907117783));
#1919 = CARTESIAN_POINT('',(33.402911443651,57.314409853652));
#1920 = CARTESIAN_POINT('',(35.148479448676,57.657206244218));
#1921 = CARTESIAN_POINT('',(36.906543000503,57.93381827108));
#1922 = CARTESIAN_POINT('',(38.674258492297,58.142497396262));
#1923 = CARTESIAN_POINT('',(40.44858540067,58.282005188652));
#1924 = CARTESIAN_POINT('',(42.226277870244,58.351687116157));
#1925 = CARTESIAN_POINT('',(46.47376408472,58.351375415024));
#1926 = CARTESIAN_POINT('',(48.944017804561,58.21641549142));
#1927 = CARTESIAN_POINT('',(51.405032491129,57.946606376054));
#1928 = CARTESIAN_POINT('',(53.848265136683,57.544469732059));
#1929 = CARTESIAN_POINT('',(56.2661449569,57.014547446579));
#1930 = CARTESIAN_POINT('',(58.652000150939,56.362932394862));
#1931 = CARTESIAN_POINT('',(61.,55.596901928138));
#1932 = ( GEOMETRIC_REPRESENTATION_CONTEXT(2) 
PARAMETRIC_REPRESENTATION_CONTEXT() REPRESENTATION_CONTEXT('2D SPACE',''
  ) );
#1933 = PCURVE('',#1934,#1943);
#1934 = SURFACE_OF_REVOLUTION('',#1935,#1940);
#1935 = ELLIPSE('',#1936,208.965,105.2);
#1936 = AXIS2_PLACEMENT_3D('',#1937,#1938,#1939);
#1937 = CARTESIAN_POINT('',(0.,0.,0.));
#1938 = DIRECTION('',(0.,-1.,0.));
#1939 = DIRECTION('',(1.,0.,0.));
#1940 = AXIS1_PLACEMENT('',#1941,#1942);
#1941 = CARTESIAN_POINT('',(0.,0.,0.));
#1942 = DIRECTION('',(0.,0.,1.));
#1943 = DEFINITIONAL_REPRESENTATION('',(#1944),#1977);
#1944 = B_SPLINE_CURVE_WITH_KNOTS('',7,(#1945,#1946,#1947,#1948,#1949,
    #1950,#1951,#1952,#1953,#1954,#1955,#1956,#1957,#1958,#1959,#1960,
    #1961,#1962,#1963,#1964,#1965,#1966,#1967,#1968,#1969,#1970,#1971,
    #1972,#1973,#1974,#1975,#1976),.UNSPECIFIED.,.F.,.F.,(8,6,6,6,6,8),(
    0.,0.318627183086,0.465251017331,0.552579911215,0.739827777041,1.),
  .UNSPECIFIED.);
#1945 = CARTESIAN_POINT('',(6.198790112703,5.851666405564));
#1946 = CARTESIAN_POINT('',(6.199698477646,5.874985800676));
#1947 = CARTESIAN_POINT('',(6.200548663394,5.898775786564));
#1948 = CARTESIAN_POINT('',(6.201341088681,5.92305921961));
#1949 = CARTESIAN_POINT('',(6.202075313336,5.947851345129));
#1950 = CARTESIAN_POINT('',(6.202750291427,5.973159355827));
#1951 = CARTESIAN_POINT('',(6.203364480536,5.998981605544));
#1952 = CARTESIAN_POINT('',(6.204169756924,6.037416823863));
#1953 = CARTESIAN_POINT('',(6.204410248058,6.049634853726));
#1954 = CARTESIAN_POINT('',(6.20463725312,6.061956109417));
#1955 = CARTESIAN_POINT('',(6.204850560256,6.074377810421));
#1956 = CARTESIAN_POINT('',(6.205049946014,6.086896278312));
#1957 = CARTESIAN_POINT('',(6.205235182329,6.099506831774));
#1958 = CARTESIAN_POINT('',(6.205507809904,6.119765837877));
#1959 = CARTESIAN_POINT('',(6.205604476268,6.127358639582));
#1960 = CARTESIAN_POINT('',(6.20569599614,6.134980802364));
#1961 = CARTESIAN_POINT('',(6.205782322723,6.142630963206));
#1962 = CARTESIAN_POINT('',(6.205863410621,6.150307631));
#1963 = CARTESIAN_POINT('',(6.205939216447,6.158009177737));
#1964 = CARTESIAN_POINT('',(6.206160826865,6.182296785316));
#1965 = CARTESIAN_POINT('',(6.206287492141,6.198966981942));
#1966 = CARTESIAN_POINT('',(6.206389275474,6.215725558443));
#1967 = CARTESIAN_POINT('',(6.206465845709,6.232552544512));
#1968 = CARTESIAN_POINT('',(6.206516963164,6.249426625576));
#1969 = CARTESIAN_POINT('',(6.206542495678,6.26632483065));
#1970 = CARTESIAN_POINT('',(6.206542381466,6.306700174921));
#1971 = CARTESIAN_POINT('',(6.206492929784,6.330181696746));
#1972 = CARTESIAN_POINT('',(6.206394068786,6.353596561584));
#1973 = CARTESIAN_POINT('',(6.206246316644,6.376884713496));
#1974 = CARTESIAN_POINT('',(6.206050543322,6.399993771255));
#1975 = CARTESIAN_POINT('',(6.205807870096,6.42287732891));
#1976 = CARTESIAN_POINT('',(6.205519659056,6.445493973281));
#1977 = ( GEOMETRIC_REPRESENTATION_CONTEXT(2) 
PARAMETRIC_REPRESENTATION_CONTEXT() REPRESENTATION_CONTEXT('2D SPACE',''
  ) );
#1978 = ORIENTED_EDGE('',*,*,#1979,.T.);
#1979 = EDGE_CURVE('',#1861,#1619,#1980,.T.);
#1980 = SURFACE_CURVE('',#1981,(#1985,#1992),.PCURVE_S1.);
#1981 = LINE('',#1982,#1983);
#1982 = CARTESIAN_POINT('',(150.,-16.,17.));
#1983 = VECTOR('',#1984,1.);
#1984 = DIRECTION('',(1.,0.,-0.));
#1985 = PCURVE('',#1664,#1986);
#1986 = DEFINITIONAL_REPRESENTATION('',(#1987),#1991);
#1987 = LINE('',#1988,#1989);
#1988 = CARTESIAN_POINT('',(61.,0.));
#1989 = VECTOR('',#1990,1.);
#1990 = DIRECTION('',(0.,1.));
#1991 = ( GEOMETRIC_REPRESENTATION_CONTEXT(2) 
PARAMETRIC_REPRESENTATION_CONTEXT() REPRESENTATION_CONTEXT('2D SPACE',''
  ) );
#1992 = PCURVE('',#1636,#1993);
#1993 = DEFINITIONAL_REPRESENTATION('',(#1994),#1998);
#1994 = LINE('',#1995,#1996);
#1995 = CARTESIAN_POINT('',(0.,0.));
#1996 = VECTOR('',#1997,1.);
#1997 = DIRECTION('',(1.,0.));
#1998 = ( GEOMETRIC_REPRESENTATION_CONTEXT(2) 
PARAMETRIC_REPRESENTATION_CONTEXT() REPRESENTATION_CONTEXT('2D SPACE',''
  ) );
#1999 = ORIENTED_EDGE('',*,*,#1648,.F.);
#2000 = ADVANCED_FACE('',(#2001,#2365),#1934,.T.);
#2001 = FACE_BOUND('',#2002,.T.);
#2002 = EDGE_LOOP('',(#2003,#2056,#2184,#2239));
#2003 = ORIENTED_EDGE('',*,*,#2004,.F.);
#2004 = EDGE_CURVE('',#2005,#2007,#2009,.T.);
#2005 = VERTEX_POINT('',#2006);
#2006 = CARTESIAN_POINT('',(203.26261223593,-21.,22.));
#2007 = VERTEX_POINT('',#2008);
#2008 = CARTESIAN_POINT('',(203.26261223593,21.,22.));
#2009 = SURFACE_CURVE('',#2010,(#2017,#2046),.PCURVE_S1.);
#2010 = B_SPLINE_CURVE_WITH_KNOTS('',4,(#2011,#2012,#2013,#2014,#2015,
    #2016),.UNSPECIFIED.,.F.,.F.,(5,1,5),(0.,1.,2.),.UNSPECIFIED.);
#2011 = CARTESIAN_POINT('',(203.26261223593,-21.,22.));
#2012 = CARTESIAN_POINT('',(203.80309618845,-15.76856285428,22.));
#2013 = CARTESIAN_POINT('',(204.52501653198,-5.268579709007,22.));
#2014 = CARTESIAN_POINT('',(204.52501632451,5.268579709007,22.));
#2015 = CARTESIAN_POINT('',(203.80309618845,15.768562854287,22.));
#2016 = CARTESIAN_POINT('',(203.26261223593,21.,22.));
#2017 = PCURVE('',#1934,#2018);
#2018 = DEFINITIONAL_REPRESENTATION('',(#2019),#2045);
#2019 = B_SPLINE_CURVE_WITH_KNOTS('',3,(#2020,#2021,#2022,#2023,#2024,
    #2025,#2026,#2027,#2028,#2029,#2030,#2031,#2032,#2033,#2034,#2035,
    #2036,#2037,#2038,#2039,#2040,#2041,#2042,#2043,#2044),
  .UNSPECIFIED.,.F.,.F.,(4,1,1,1,1,1,1,1,1,1,1,1,1,1,1,1,1,1,1,1,1,1,4),
  (0.,9.090909090909E-02,0.181818181818,0.272727272727,0.363636363636,
    0.454545454545,0.545454545455,0.636363636364,0.727272727273,
    0.818181818182,0.909090909091,1.,1.090909090909,1.181818181818,
    1.272727272727,1.363636363636,1.454545454545,1.545454545455,
    1.636363636364,1.727272727273,1.818181818182,1.909090909091,2.),
  .QUASI_UNIFORM_KNOTS.);
#2020 = CARTESIAN_POINT('',(6.180235938925,6.493865882566));
#2021 = CARTESIAN_POINT('',(6.183355615454,6.493865882569));
#2022 = CARTESIAN_POINT('',(6.189594969501,6.493865882585));
#2023 = CARTESIAN_POINT('',(6.198954002541,6.493865882614));
#2024 = CARTESIAN_POINT('',(6.208313036409,6.493865882611));
#2025 = CARTESIAN_POINT('',(6.217672070497,6.493865882577));
#2026 = CARTESIAN_POINT('',(6.227031104461,6.493865882524));
#2027 = CARTESIAN_POINT('',(6.2363901382,6.49386588247));
#2028 = CARTESIAN_POINT('',(6.245749171772,6.493865882429));
#2029 = CARTESIAN_POINT('',(6.255108205325,6.493865882411));
#2030 = CARTESIAN_POINT('',(6.264467239025,6.493865882418));
#2031 = CARTESIAN_POINT('',(6.27382627298,6.493865882443));
#2032 = CARTESIAN_POINT('',(6.283185307179,6.493865882476));
#2033 = CARTESIAN_POINT('',(6.29254434138,6.493865882508));
#2034 = CARTESIAN_POINT('',(6.301903375337,6.493865882541));
#2035 = CARTESIAN_POINT('',(6.31126240904,6.493865882576));
#2036 = CARTESIAN_POINT('',(6.320621442597,6.493865882617));
#2037 = CARTESIAN_POINT('',(6.329980476172,6.49386588266));
#2038 = CARTESIAN_POINT('',(6.339339509912,6.493865882698));
#2039 = CARTESIAN_POINT('',(6.348698543875,6.493865882718));
#2040 = CARTESIAN_POINT('',(6.358057577961,6.493865882708));
#2041 = CARTESIAN_POINT('',(6.367416611824,6.493865882665));
#2042 = CARTESIAN_POINT('',(6.37677564486,6.493865882597));
#2043 = CARTESIAN_POINT('',(6.383014998905,6.493865882569));
#2044 = CARTESIAN_POINT('',(6.386134675434,6.493865882566));
#2045 = ( GEOMETRIC_REPRESENTATION_CONTEXT(2) 
PARAMETRIC_REPRESENTATION_CONTEXT() REPRESENTATION_CONTEXT('2D SPACE',''
  ) );
#2046 = PCURVE('',#707,#2047);
#2047 = DEFINITIONAL_REPRESENTATION('',(#2048),#2055);
#2048 = B_SPLINE_CURVE_WITH_KNOTS('',4,(#2049,#2050,#2051,#2052,#2053,
    #2054),.UNSPECIFIED.,.F.,.F.,(5,1,5),(0.,1.,2.),.UNSPECIFIED.);
#2049 = CARTESIAN_POINT('',(53.262612235934,0.));
#2050 = CARTESIAN_POINT('',(53.80309618845,5.231437145713));
#2051 = CARTESIAN_POINT('',(54.52501653198,15.731420290993));
#2052 = CARTESIAN_POINT('',(54.525016324513,26.268579709007));
#2053 = CARTESIAN_POINT('',(53.80309618845,36.768562854287));
#2054 = CARTESIAN_POINT('',(53.262612235934,42.));
#2055 = ( GEOMETRIC_REPRESENTATION_CONTEXT(2) 
PARAMETRIC_REPRESENTATION_CONTEXT() REPRESENTATION_CONTEXT('2D SPACE',''
  ) );
#2056 = ORIENTED_EDGE('',*,*,#2057,.T.);
#2057 = EDGE_CURVE('',#2005,#2058,#2060,.T.);
#2058 = VERTEX_POINT('',#2059);
#2059 = CARTESIAN_POINT('',(183.71698236189,-21.,-49.));
#2060 = SURFACE_CURVE('',#2061,(#2100,#2142),.PCURVE_S1.);
#2061 = B_SPLINE_CURVE_WITH_KNOTS('',7,(#2062,#2063,#2064,#2065,#2066,
    #2067,#2068,#2069,#2070,#2071,#2072,#2073,#2074,#2075,#2076,#2077,
    #2078,#2079,#2080,#2081,#2082,#2083,#2084,#2085,#2086,#2087,#2088,
    #2089,#2090,#2091,#2092,#2093,#2094,#2095,#2096,#2097,#2098,#2099),
  .UNSPECIFIED.,.F.,.F.,(8,6,6,6,6,6,8),(0.,9.770693464639E-02,
    0.288152447681,0.456698928088,0.534794466512,0.674681747227,1.),
  .UNSPECIFIED.);
#2062 = CARTESIAN_POINT('',(203.26261223593,-21.,22.));
#2063 = CARTESIAN_POINT('',(203.69482502076,-21.,20.987915420049));
#2064 = CARTESIAN_POINT('',(204.10651257781,-21.,19.967062606087));
#2065 = CARTESIAN_POINT('',(204.49700356974,-21.,18.937749911511));
#2066 = CARTESIAN_POINT('',(204.86563435195,-21.,17.900335026435));
#2067 = CARTESIAN_POINT('',(205.21175973677,-21.,16.85522873403));
#2068 = CARTESIAN_POINT('',(205.53476375771,-21.,15.802898666863));
#2069 = CARTESIAN_POINT('',(206.4174641676,-21.,12.67967285955));
#2070 = CARTESIAN_POINT('',(206.91090052904,-21.,10.589777874992));
#2071 = CARTESIAN_POINT('',(207.30997574717,-21.,8.478448558779));
#2072 = CARTESIAN_POINT('',(207.61110038395,-21.,6.350394469029));
#2073 = CARTESIAN_POINT('',(207.81167555724,-21.,4.210798291042));
#2074 = CARTESIAN_POINT('',(207.91030761911,-21.,2.065344902231));
#2075 = CARTESIAN_POINT('',(207.90418825028,-21.,-1.978173446979));
#2076 = CARTESIAN_POINT('',(207.82151901225,-21.,-3.876603005971));
#2077 = CARTESIAN_POINT('',(207.65905537509,-21.,-5.770774872483));
#2078 = CARTESIAN_POINT('',(207.41767942646,-21.,-7.656732938388));
#2079 = CARTESIAN_POINT('',(207.09902718118,-21.,-9.530807810317));
#2080 = CARTESIAN_POINT('',(206.70537899275,-21.,-11.38960332652));
#2081 = CARTESIAN_POINT('',(206.02373393642,-21.,-14.08272081023));
#2082 = CARTESIAN_POINT('',(205.79240027151,-21.,-14.9315343909));
#2083 = CARTESIAN_POINT('',(205.54584046094,-21.,-15.7761335515));
#2084 = CARTESIAN_POINT('',(205.28434897744,-21.,-16.61625028442));
#2085 = CARTESIAN_POINT('',(205.00823637737,-21.,-17.45163972517));
#2086 = CARTESIAN_POINT('',(204.71782563037,-21.,-18.28207902391));
#2087 = CARTESIAN_POINT('',(203.86823809357,-21.,-20.58564760903));
#2088 = CARTESIAN_POINT('',(203.27821699421,-21.,-22.04739649871));
#2089 = CARTESIAN_POINT('',(202.64528768172,-21.,-23.49146611533));
#2090 = CARTESIAN_POINT('',(201.97143310789,-21.,-24.91694867572));
#2091 = CARTESIAN_POINT('',(201.25865440724,-21.,-26.32314643995));
#2092 = CARTESIAN_POINT('',(200.50892115272,-21.,-27.70954849963));
#2093 = CARTESIAN_POINT('',(197.89905358464,-21.,-32.25316348398));
#2094 = CARTESIAN_POINT('',(195.8848922887,-21.,-35.32073282965));
#2095 = CARTESIAN_POINT('',(193.70494488654,-21.,-38.2757251042));
#2096 = CARTESIAN_POINT('',(191.38090794647,-21.,-41.11825514198));
#2097 = CARTESIAN_POINT('',(188.93172394898,-21.,-43.85044612569));
#2098 = CARTESIAN_POINT('',(186.37309016284,-21.,-46.47603517729));
#2099 = CARTESIAN_POINT('',(183.71698236189,-21.,-49.));
#2100 = PCURVE('',#1934,#2101);
#2101 = DEFINITIONAL_REPRESENTATION('',(#2102),#2141);
#2102 = B_SPLINE_CURVE_WITH_KNOTS('',7,(#2103,#2104,#2105,#2106,#2107,
    #2108,#2109,#2110,#2111,#2112,#2113,#2114,#2115,#2116,#2117,#2118,
    #2119,#2120,#2121,#2122,#2123,#2124,#2125,#2126,#2127,#2128,#2129,
    #2130,#2131,#2132,#2133,#2134,#2135,#2136,#2137,#2138,#2139,#2140),
  .UNSPECIFIED.,.F.,.F.,(8,6,6,6,6,6,8),(0.,9.770693464639E-02,
    0.288152447681,0.456698928088,0.534794466512,0.674681747227,1.),
  .UNSPECIFIED.);
#2103 = CARTESIAN_POINT('',(6.180235938925,6.493865882566));
#2104 = CARTESIAN_POINT('',(6.180453304539,6.484027774489));
#2105 = CARTESIAN_POINT('',(6.180659280682,6.474128581578));
#2106 = CARTESIAN_POINT('',(6.18085372147,6.46417028704));
#2107 = CARTESIAN_POINT('',(6.18103647788,6.454155233997));
#2108 = CARTESIAN_POINT('',(6.181207400989,6.444086161445));
#2109 = CARTESIAN_POINT('',(6.181366345218,6.433966240215));
#2110 = CARTESIAN_POINT('',(6.181799358226,6.403981840681));
#2111 = CARTESIAN_POINT('',(6.182039542859,6.38398274526));
#2112 = CARTESIAN_POINT('',(6.182232626083,6.363832153511));
#2113 = CARTESIAN_POINT('',(6.182377724313,6.343563035866));
#2114 = CARTESIAN_POINT('',(6.18247417795,6.323211550532));
#2115 = CARTESIAN_POINT('',(6.182521612272,6.30281786907));
#2116 = CARTESIAN_POINT('',(6.182518669347,6.264381371818));
#2117 = CARTESIAN_POINT('',(6.182478911978,6.246335170391));
#2118 = CARTESIAN_POINT('',(6.182400775796,6.228319554158));
#2119 = CARTESIAN_POINT('',(6.182284495923,6.210362533212));
#2120 = CARTESIAN_POINT('',(6.182130488757,6.19248981389));
#2121 = CARTESIAN_POINT('',(6.181939320712,6.174725240552));
#2122 = CARTESIAN_POINT('',(6.181606236514,6.148920390868));
#2123 = CARTESIAN_POINT('',(6.181492940991,6.14077737545));
#2124 = CARTESIAN_POINT('',(6.181371883348,6.132664097389));
#2125 = CARTESIAN_POINT('',(6.181243134598,6.124582397685));
#2126 = CARTESIAN_POINT('',(6.181106768444,6.116533940604));
#2127 = CARTESIAN_POINT('',(6.180962860186,6.108520225659));
#2128 = CARTESIAN_POINT('',(6.180540338557,6.086252815041));
#2129 = CARTESIAN_POINT('',(6.180245236104,6.072078840269));
#2130 = CARTESIAN_POINT('',(6.179926611974,6.058028277767));
#2131 = CARTESIAN_POINT('',(6.179584899732,6.044106916246));
#2132 = CARTESIAN_POINT('',(6.179220514692,6.03031899338));
#2133 = CARTESIAN_POINT('',(6.178833838096,6.016667377088));
#2134 = CARTESIAN_POINT('',(6.177474893706,5.971726525826));
#2135 = CARTESIAN_POINT('',(6.176406089614,5.941053846526));
#2136 = CARTESIAN_POINT('',(6.175222687338,5.911141222998));
#2137 = CARTESIAN_POINT('',(6.173927373534,5.881976553295));
#2138 = CARTESIAN_POINT('',(6.172521401489,5.853535711305));
#2139 = CARTESIAN_POINT('',(6.171004306084,5.825782758327));
#2140 = CARTESIAN_POINT('',(6.169373025452,5.798670046814));
#2141 = ( GEOMETRIC_REPRESENTATION_CONTEXT(2) 
PARAMETRIC_REPRESENTATION_CONTEXT() REPRESENTATION_CONTEXT('2D SPACE',''
  ) );
#2142 = PCURVE('',#808,#2143);
#2143 = DEFINITIONAL_REPRESENTATION('',(#2144),#2183);
#2144 = B_SPLINE_CURVE_WITH_KNOTS('',7,(#2145,#2146,#2147,#2148,#2149,
    #2150,#2151,#2152,#2153,#2154,#2155,#2156,#2157,#2158,#2159,#2160,
    #2161,#2162,#2163,#2164,#2165,#2166,#2167,#2168,#2169,#2170,#2171,
    #2172,#2173,#2174,#2175,#2176,#2177,#2178,#2179,#2180,#2181,#2182),
  .UNSPECIFIED.,.F.,.F.,(8,6,6,6,6,6,8),(0.,9.770693464639E-02,
    0.288152447681,0.456698928088,0.534794466512,0.674681747227,1.),
  .UNSPECIFIED.);
#2145 = CARTESIAN_POINT('',(71.,53.262612235934));
#2146 = CARTESIAN_POINT('',(69.987915420049,53.694825020767));
#2147 = CARTESIAN_POINT('',(68.967062606087,54.106512577818));
#2148 = CARTESIAN_POINT('',(67.937749911511,54.497003569746));
#2149 = CARTESIAN_POINT('',(66.900335026435,54.865634351952));
#2150 = CARTESIAN_POINT('',(65.85522873403,55.211759736777));
#2151 = CARTESIAN_POINT('',(64.802898666863,55.534763757711));
#2152 = CARTESIAN_POINT('',(61.67967285955,56.417464167608));
#2153 = CARTESIAN_POINT('',(59.589777874992,56.910900529048));
#2154 = CARTESIAN_POINT('',(57.478448558779,57.309975747174));
#2155 = CARTESIAN_POINT('',(55.350394469029,57.611100383959));
#2156 = CARTESIAN_POINT('',(53.210798291042,57.811675557242));
#2157 = CARTESIAN_POINT('',(51.065344902231,57.910307619112));
#2158 = CARTESIAN_POINT('',(47.021826553021,57.904188250287));
#2159 = CARTESIAN_POINT('',(45.123396994029,57.821519012259));
#2160 = CARTESIAN_POINT('',(43.229225127517,57.659055375098));
#2161 = CARTESIAN_POINT('',(41.343267061612,57.417679426462));
#2162 = CARTESIAN_POINT('',(39.469192189683,57.099027181185));
#2163 = CARTESIAN_POINT('',(37.610396673476,56.705378992758));
#2164 = CARTESIAN_POINT('',(34.91727918977,56.023733936425));
#2165 = CARTESIAN_POINT('',(34.068465609091,55.792400271514));
#2166 = CARTESIAN_POINT('',(33.2238664485,55.545840460948));
#2167 = CARTESIAN_POINT('',(32.383749715575,55.28434897744));
#2168 = CARTESIAN_POINT('',(31.548360274822,55.008236377379));
#2169 = CARTESIAN_POINT('',(30.717920976089,54.71782563037));
#2170 = CARTESIAN_POINT('',(28.414352390968,53.868238093579));
#2171 = CARTESIAN_POINT('',(26.952603501286,53.278216994212));
#2172 = CARTESIAN_POINT('',(25.508533884661,52.64528768172));
#2173 = CARTESIAN_POINT('',(24.083051324275,51.971433107892));
#2174 = CARTESIAN_POINT('',(22.676853560048,51.258654407244));
#2175 = CARTESIAN_POINT('',(21.290451500363,50.508921152728));
#2176 = CARTESIAN_POINT('',(16.746836516015,47.899053584642));
#2177 = CARTESIAN_POINT('',(13.679267170344,45.884892288707));
#2178 = CARTESIAN_POINT('',(10.724274895793,43.70494488654));
#2179 = CARTESIAN_POINT('',(7.881744858014,41.380907946471));
#2180 = CARTESIAN_POINT('',(5.149553874304,38.931723948983));
#2181 = CARTESIAN_POINT('',(2.523964822708,36.373090162842));
#2182 = CARTESIAN_POINT('',(0.,33.716982361895));
#2183 = ( GEOMETRIC_REPRESENTATION_CONTEXT(2) 
PARAMETRIC_REPRESENTATION_CONTEXT() REPRESENTATION_CONTEXT('2D SPACE',''
  ) );
#2184 = ORIENTED_EDGE('',*,*,#2185,.F.);
#2185 = EDGE_CURVE('',#2186,#2058,#2188,.T.);
#2186 = VERTEX_POINT('',#2187);
#2187 = CARTESIAN_POINT('',(183.71698236189,21.,-49.));
#2188 = SURFACE_CURVE('',#2189,(#2198,#2227),.PCURVE_S1.);
#2189 = B_SPLINE_CURVE_WITH_KNOTS('',4,(#2190,#2191,#2192,#2193,#2194,
    #2195,#2196,#2197),.UNSPECIFIED.,.F.,.F.,(5,3,5),(0.,1.,2.),
  .UNSPECIFIED.);
#2190 = CARTESIAN_POINT('',(183.71698236189,21.,-49.));
#2191 = CARTESIAN_POINT('',(184.31449670796,15.772688924823,-49.));
#2192 = CARTESIAN_POINT('',(184.71370078981,10.522704679025,-49.));
#2193 = CARTESIAN_POINT('',(184.91330295076,5.261350801228,-49.));
#2194 = CARTESIAN_POINT('',(184.91330295076,-5.261350801229,-49.));
#2195 = CARTESIAN_POINT('',(184.71370078981,-10.52270467902,-49.));
#2196 = CARTESIAN_POINT('',(184.31449670796,-15.77268892482,-49.));
#2197 = CARTESIAN_POINT('',(183.71698236189,-21.,-49.));
#2198 = PCURVE('',#1934,#2199);
#2199 = DEFINITIONAL_REPRESENTATION('',(#2200),#2226);
#2200 = B_SPLINE_CURVE_WITH_KNOTS('',3,(#2201,#2202,#2203,#2204,#2205,
    #2206,#2207,#2208,#2209,#2210,#2211,#2212,#2213,#2214,#2215,#2216,
    #2217,#2218,#2219,#2220,#2221,#2222,#2223,#2224,#2225),
  .UNSPECIFIED.,.F.,.F.,(4,1,1,1,1,1,1,1,1,1,1,1,1,1,1,1,1,1,1,1,1,1,4),
  (0.,9.090909090909E-02,0.181818181818,0.272727272727,0.363636363636,
    0.454545454545,0.545454545455,0.636363636364,0.727272727273,
    0.818181818182,0.909090909091,1.,1.090909090909,1.181818181818,
    1.272727272727,1.363636363636,1.454545454545,1.545454545455,
    1.636363636364,1.727272727273,1.818181818182,1.909090909091,2.),
  .QUASI_UNIFORM_KNOTS.);
#2201 = CARTESIAN_POINT('',(6.396997588907,5.798670046814));
#2202 = CARTESIAN_POINT('',(6.393548732607,5.79867004681));
#2203 = CARTESIAN_POINT('',(6.386651019283,5.798670046793));
#2204 = CARTESIAN_POINT('',(6.376304447998,5.798670046764));
#2205 = CARTESIAN_POINT('',(6.365957876471,5.79867004677));
#2206 = CARTESIAN_POINT('',(6.355611305103,5.798670046798));
#2207 = CARTESIAN_POINT('',(6.345264734014,5.798670046828));
#2208 = CARTESIAN_POINT('',(6.334918163092,5.798670046844));
#2209 = CARTESIAN_POINT('',(6.32457159213,5.79867004684));
#2210 = CARTESIAN_POINT('',(6.314225020932,5.798670046821));
#2211 = CARTESIAN_POINT('',(6.303878449487,5.798670046804));
#2212 = CARTESIAN_POINT('',(6.29353187786,5.798670046805));
#2213 = CARTESIAN_POINT('',(6.28318530718,5.798670046819));
#2214 = CARTESIAN_POINT('',(6.2728387365,5.798670046805));
#2215 = CARTESIAN_POINT('',(6.262492164872,5.798670046804));
#2216 = CARTESIAN_POINT('',(6.252145593427,5.798670046821));
#2217 = CARTESIAN_POINT('',(6.241799022229,5.79867004684));
#2218 = CARTESIAN_POINT('',(6.231452451268,5.798670046844));
#2219 = CARTESIAN_POINT('',(6.221105880345,5.798670046828));
#2220 = CARTESIAN_POINT('',(6.210759309256,5.798670046798));
#2221 = CARTESIAN_POINT('',(6.200412737888,5.79867004677));
#2222 = CARTESIAN_POINT('',(6.190066166361,5.798670046764));
#2223 = CARTESIAN_POINT('',(6.179719595076,5.798670046793));
#2224 = CARTESIAN_POINT('',(6.172821881752,5.79867004681));
#2225 = CARTESIAN_POINT('',(6.169373025452,5.798670046814));
#2226 = ( GEOMETRIC_REPRESENTATION_CONTEXT(2) 
PARAMETRIC_REPRESENTATION_CONTEXT() REPRESENTATION_CONTEXT('2D SPACE',''
  ) );
#2227 = PCURVE('',#519,#2228);
#2228 = DEFINITIONAL_REPRESENTATION('',(#2229),#2238);
#2229 = B_SPLINE_CURVE_WITH_KNOTS('',4,(#2230,#2231,#2232,#2233,#2234,
    #2235,#2236,#2237),.UNSPECIFIED.,.F.,.F.,(5,3,5),(0.,1.,2.),
  .UNSPECIFIED.);
#2230 = CARTESIAN_POINT('',(33.716982361895,42.));
#2231 = CARTESIAN_POINT('',(34.314496707969,36.772688924823));
#2232 = CARTESIAN_POINT('',(34.713700789815,31.522704679025));
#2233 = CARTESIAN_POINT('',(34.913302950763,26.261350801228));
#2234 = CARTESIAN_POINT('',(34.913302950763,15.738649198771));
#2235 = CARTESIAN_POINT('',(34.713700789815,10.477295320975));
#2236 = CARTESIAN_POINT('',(34.314496707969,5.227311075177));
#2237 = CARTESIAN_POINT('',(33.716982361895,0.));
#2238 = ( GEOMETRIC_REPRESENTATION_CONTEXT(2) 
PARAMETRIC_REPRESENTATION_CONTEXT() REPRESENTATION_CONTEXT('2D SPACE',''
  ) );
#2239 = ORIENTED_EDGE('',*,*,#2240,.F.);
#2240 = EDGE_CURVE('',#2007,#2186,#2241,.T.);
#2241 = SURFACE_CURVE('',#2242,(#2281,#2323),.PCURVE_S1.);
#2242 = B_SPLINE_CURVE_WITH_KNOTS('',7,(#2243,#2244,#2245,#2246,#2247,
    #2248,#2249,#2250,#2251,#2252,#2253,#2254,#2255,#2256,#2257,#2258,
    #2259,#2260,#2261,#2262,#2263,#2264,#2265,#2266,#2267,#2268,#2269,
    #2270,#2271,#2272,#2273,#2274,#2275,#2276,#2277,#2278,#2279,#2280),
  .UNSPECIFIED.,.F.,.F.,(8,6,6,6,6,6,8),(0.,9.892832706407E-02,
    0.289339471324,0.45415465112,0.536581541909,0.671926487858,1.),
  .UNSPECIFIED.);
#2243 = CARTESIAN_POINT('',(203.26261223593,21.,22.));
#2244 = CARTESIAN_POINT('',(203.70022841784,21.,20.975262636385));
#2245 = CARTESIAN_POINT('',(204.11680304848,21.,19.941536216426));
#2246 = CARTESIAN_POINT('',(204.51163921591,21.,18.899140994178));
#2247 = CARTESIAN_POINT('',(204.88404812771,21.,17.848448988451));
#2248 = CARTESIAN_POINT('',(205.2333605689,21.,16.789887972236));
#2249 = CARTESIAN_POINT('',(205.55893835979,21.,15.723945462127));
#2250 = CARTESIAN_POINT('',(206.44000833951,21.,12.586365854595));
#2251 = CARTESIAN_POINT('',(206.92976936843,21.,10.49599745097));
#2252 = CARTESIAN_POINT('',(207.32508320884,21.,8.384347981726));
#2253 = CARTESIAN_POINT('',(207.62238569042,21.,6.256142526309));
#2254 = CARTESIAN_POINT('',(207.81910870497,21.,4.116574233428));
#2255 = CARTESIAN_POINT('',(207.91389260284,21.,1.971332699514));
#2256 = CARTESIAN_POINT('',(207.90072880977,21.,-2.029758115648));
#2257 = CARTESIAN_POINT('',(207.81831965366,21.,-3.886011291158));
#2258 = CARTESIAN_POINT('',(207.65963373266,21.,-5.738150525989));
#2259 = CARTESIAN_POINT('',(207.42549778765,21.,-7.58247769482));
#2260 = CARTESIAN_POINT('',(207.11742869444,21.,-9.415555198089));
#2261 = CARTESIAN_POINT('',(206.73753587485,21.,-11.23419447673));
#2262 = CARTESIAN_POINT('',(206.06383642381,21.,-13.93628290977));
#2263 = CARTESIAN_POINT('',(205.82191727989,21.,-14.83280350649));
#2264 = CARTESIAN_POINT('',(205.56300044961,21.,-15.72466069987));
#2265 = CARTESIAN_POINT('',(205.28743081973,21.,-16.61153745261));
#2266 = CARTESIAN_POINT('',(204.9955734474,21.,-17.4931454482));
#2267 = CARTESIAN_POINT('',(204.68780875613,21.,-18.36922361864));
#2268 = CARTESIAN_POINT('',(203.83370032423,21.,-20.66859061382));
#2269 = CARTESIAN_POINT('',(203.26103857828,21.,-22.0821004716));
#2270 = CARTESIAN_POINT('',(202.64826948138,21.,-23.47903807966));
#2271 = CARTESIAN_POINT('',(201.99718840683,21.,-24.85858401953));
#2272 = CARTESIAN_POINT('',(201.30960652027,21.,-26.22010317395));
#2273 = CARTESIAN_POINT('',(200.58730846631,21.,-27.56312499864));
#2274 = CARTESIAN_POINT('',(198.00121662095,21.,-32.09717203052));
#2275 = CARTESIAN_POINT('',(195.97709619589,21.,-35.1955278435));
#2276 = CARTESIAN_POINT('',(193.783611295,21.,-38.17939664382));
#2277 = CARTESIAN_POINT('',(191.44309781079,21.,-41.04883031941));
#2278 = CARTESIAN_POINT('',(188.97504598288,21.,-43.80597515698));
#2279 = CARTESIAN_POINT('',(186.39558529205,21.,-46.45465919443));
#2280 = CARTESIAN_POINT('',(183.71698236189,21.,-49.));
#2281 = PCURVE('',#1934,#2282);
#2282 = DEFINITIONAL_REPRESENTATION('',(#2283),#2322);
#2283 = B_SPLINE_CURVE_WITH_KNOTS('',7,(#2284,#2285,#2286,#2287,#2288,
    #2289,#2290,#2291,#2292,#2293,#2294,#2295,#2296,#2297,#2298,#2299,
    #2300,#2301,#2302,#2303,#2304,#2305,#2306,#2307,#2308,#2309,#2310,
    #2311,#2312,#2313,#2314,#2315,#2316,#2317,#2318,#2319,#2320,#2321),
  .UNSPECIFIED.,.F.,.F.,(8,6,6,6,6,6,8),(0.,9.892832706407E-02,
    0.289339471324,0.45415465112,0.536581541909,0.671926487858,1.),
  .UNSPECIFIED.);
#2284 = CARTESIAN_POINT('',(6.386134675434,6.493865882566));
#2285 = CARTESIAN_POINT('',(6.385914592379,6.483904781356));
#2286 = CARTESIAN_POINT('',(6.385706185307,6.473881056316));
#2287 = CARTESIAN_POINT('',(6.385509605686,6.463796767892));
#2288 = CARTESIAN_POINT('',(6.385325008259,6.453654353843));
#2289 = CARTESIAN_POINT('',(6.385152547603,6.443456667511));
#2290 = CARTESIAN_POINT('',(6.384992374675,6.433207016101));
#2291 = CARTESIAN_POINT('',(6.384560270007,6.403088595442));
#2292 = CARTESIAN_POINT('',(6.384321925096,6.383087080473));
#2293 = CARTESIAN_POINT('',(6.384130694577,6.36293514161));
#2294 = CARTESIAN_POINT('',(6.383987456188,6.342665867444));
#2295 = CARTESIAN_POINT('',(6.383892861962,6.322315496196));
#2296 = CARTESIAN_POINT('',(6.383847277992,6.301924238104));
#2297 = CARTESIAN_POINT('',(6.383853608731,6.263891003807));
#2298 = CARTESIAN_POINT('',(6.383893241251,6.246245389091));
#2299 = CARTESIAN_POINT('',(6.383969565721,6.2286293062));
#2300 = CARTESIAN_POINT('',(6.384082362305,6.211068944326));
#2301 = CARTESIAN_POINT('',(6.384231244853,6.193588399935));
#2302 = CARTESIAN_POINT('',(6.384415688764,6.176210067423));
#2303 = CARTESIAN_POINT('',(6.384744735999,6.150325330909));
#2304 = CARTESIAN_POINT('',(6.384863169599,6.141726236141));
#2305 = CARTESIAN_POINT('',(6.384990258823,6.133160053342));
#2306 = CARTESIAN_POINT('',(6.385125920398,6.124628961529));
#2307 = CARTESIAN_POINT('',(6.385270067646,6.116134920293));
#2308 = CARTESIAN_POINT('',(6.385422611918,6.107679685462));
#2309 = CARTESIAN_POINT('',(6.385847583166,6.085447624394));
#2310 = CARTESIAN_POINT('',(6.386134101488,6.071739282716));
#2311 = CARTESIAN_POINT('',(6.386442626115,6.058146606978));
#2312 = CARTESIAN_POINT('',(6.386772764904,6.044674821072));
#2313 = CARTESIAN_POINT('',(6.3871241418,6.031327786805));
#2314 = CARTESIAN_POINT('',(6.38749641029,6.018108158094));
#2315 = CARTESIAN_POINT('',(6.388841537077,5.973285890603));
#2316 = CARTESIAN_POINT('',(6.389914495258,5.942320985017));
#2317 = CARTESIAN_POINT('',(6.391104099189,5.912129391075));
#2318 = CARTESIAN_POINT('',(6.392407550521,5.882699143449));
#2319 = CARTESIAN_POINT('',(6.393823530109,5.854005744752));
#2320 = CARTESIAN_POINT('',(6.39535249262,5.826012381518));
#2321 = CARTESIAN_POINT('',(6.396997588907,5.798670046814));
#2322 = ( GEOMETRIC_REPRESENTATION_CONTEXT(2) 
PARAMETRIC_REPRESENTATION_CONTEXT() REPRESENTATION_CONTEXT('2D SPACE',''
  ) );
#2323 = PCURVE('',#619,#2324);
#2324 = DEFINITIONAL_REPRESENTATION('',(#2325),#2364);
#2325 = B_SPLINE_CURVE_WITH_KNOTS('',7,(#2326,#2327,#2328,#2329,#2330,
    #2331,#2332,#2333,#2334,#2335,#2336,#2337,#2338,#2339,#2340,#2341,
    #2342,#2343,#2344,#2345,#2346,#2347,#2348,#2349,#2350,#2351,#2352,
    #2353,#2354,#2355,#2356,#2357,#2358,#2359,#2360,#2361,#2362,#2363),
  .UNSPECIFIED.,.F.,.F.,(8,6,6,6,6,6,8),(0.,9.892832706407E-02,
    0.289339471324,0.45415465112,0.536581541909,0.671926487858,1.),
  .UNSPECIFIED.);
#2326 = CARTESIAN_POINT('',(71.,53.262612235934));
#2327 = CARTESIAN_POINT('',(69.975262636385,53.700228417846));
#2328 = CARTESIAN_POINT('',(68.941536216426,54.116803048485));
#2329 = CARTESIAN_POINT('',(67.899140994178,54.511639215914));
#2330 = CARTESIAN_POINT('',(66.848448988451,54.884048127719));
#2331 = CARTESIAN_POINT('',(65.789887972236,55.233360568902));
#2332 = CARTESIAN_POINT('',(64.723945462127,55.558938359791));
#2333 = CARTESIAN_POINT('',(61.586365854595,56.440008339515));
#2334 = CARTESIAN_POINT('',(59.49599745097,56.929769368439));
#2335 = CARTESIAN_POINT('',(57.384347981726,57.325083208846));
#2336 = CARTESIAN_POINT('',(55.256142526309,57.622385690429));
#2337 = CARTESIAN_POINT('',(53.116574233428,57.819108704978));
#2338 = CARTESIAN_POINT('',(50.971332699514,57.913892602848));
#2339 = CARTESIAN_POINT('',(46.970241884352,57.900728809778));
#2340 = CARTESIAN_POINT('',(45.113988708842,57.818319653662));
#2341 = CARTESIAN_POINT('',(43.261849474011,57.659633732664));
#2342 = CARTESIAN_POINT('',(41.41752230518,57.425497787651));
#2343 = CARTESIAN_POINT('',(39.584444801911,57.117428694446));
#2344 = CARTESIAN_POINT('',(37.765805523261,56.737535874857));
#2345 = CARTESIAN_POINT('',(35.063717090227,56.063836423813));
#2346 = CARTESIAN_POINT('',(34.16719649351,55.821917279899));
#2347 = CARTESIAN_POINT('',(33.275339300122,55.563000449617));
#2348 = CARTESIAN_POINT('',(32.388462547384,55.287430819737));
#2349 = CARTESIAN_POINT('',(31.506854551796,54.995573447401));
#2350 = CARTESIAN_POINT('',(30.630776381353,54.687808756137));
#2351 = CARTESIAN_POINT('',(28.331409386173,53.833700324233));
#2352 = CARTESIAN_POINT('',(26.917899528394,53.261038578281));
#2353 = CARTESIAN_POINT('',(25.520961920338,52.648269481385));
#2354 = CARTESIAN_POINT('',(24.141415980461,51.997188406838));
#2355 = CARTESIAN_POINT('',(22.779896826044,51.309606520276));
#2356 = CARTESIAN_POINT('',(21.436875001356,50.587308466317));
#2357 = CARTESIAN_POINT('',(16.902827969475,48.001216620955));
#2358 = CARTESIAN_POINT('',(13.804472156494,45.977096195898));
#2359 = CARTESIAN_POINT('',(10.820603356177,43.783611295002));
#2360 = CARTESIAN_POINT('',(7.951169680585,41.443097810793));
#2361 = CARTESIAN_POINT('',(5.194024843016,38.975045982882));
#2362 = CARTESIAN_POINT('',(2.545340805567,36.395585292059));
#2363 = CARTESIAN_POINT('',(0.,33.716982361895));
#2364 = ( GEOMETRIC_REPRESENTATION_CONTEXT(2) 
PARAMETRIC_REPRESENTATION_CONTEXT() REPRESENTATION_CONTEXT('2D SPACE',''
  ) );
#2365 = FACE_BOUND('',#2366,.T.);
#2366 = EDGE_LOOP('',(#2367,#2428,#2429,#2490));
#2367 = ORIENTED_EDGE('',*,*,#2368,.T.);
#2368 = EDGE_CURVE('',#2369,#1838,#2371,.T.);
#2369 = VERTEX_POINT('',#2370);
#2370 = CARTESIAN_POINT('',(189.13393258985,16.,-44.));
#2371 = SURFACE_CURVE('',#2372,(#2384,#2413),.PCURVE_S1.);
#2372 = B_SPLINE_CURVE_WITH_KNOTS('',4,(#2373,#2374,#2375,#2376,#2377,
    #2378,#2379,#2380,#2381,#2382,#2383),.UNSPECIFIED.,.F.,.F.,(5,3,3,5)
  ,(0.,0.499682928839,1.500317071163,1.999999999994),.UNSPECIFIED.);
#2373 = CARTESIAN_POINT('',(189.13393258985,16.,-44.));
#2374 = CARTESIAN_POINT('',(189.30261594157,14.006015898655,-44.));
#2375 = CARTESIAN_POINT('',(189.44326996772,12.009660598104,-44.));
#2376 = CARTESIAN_POINT('',(189.55584466401,10.011525222724,-44.));
#2377 = CARTESIAN_POINT('',(189.80947003354,4.008482352275,-44.));
#2378 = CARTESIAN_POINT('',(189.86592208026,2.38813471221E-07,-44.));
#2379 = CARTESIAN_POINT('',(189.80947003458,-4.00848282996,-44.));
#2380 = CARTESIAN_POINT('',(189.55584466401,-10.01152522272,-44.));
#2381 = CARTESIAN_POINT('',(189.44326996772,-12.00966059815,-44.));
#2382 = CARTESIAN_POINT('',(189.30261594157,-14.00601589858,-44.));
#2383 = CARTESIAN_POINT('',(189.13393258985,-16.,-44.));
#2384 = PCURVE('',#1934,#2385);
#2385 = DEFINITIONAL_REPRESENTATION('',(#2386),#2412);
#2386 = B_SPLINE_CURVE_WITH_KNOTS('',3,(#2387,#2388,#2389,#2390,#2391,
    #2392,#2393,#2394,#2395,#2396,#2397,#2398,#2399,#2400,#2401,#2402,
    #2403,#2404,#2405,#2406,#2407,#2408,#2409,#2410,#2411),
  .UNSPECIFIED.,.F.,.F.,(4,1,1,1,1,1,1,1,1,1,1,1,1,1,1,1,1,1,1,1,1,1,4),
  (0.,9.090909090881E-02,0.181818181818,0.272727272726,0.363636363635,
    0.454545454544,0.545454545453,0.636363636362,0.72727272727,
    0.818181818179,0.909090909088,0.999999999997,1.090909090906,
    1.181818181815,1.272727272723,1.363636363632,1.454545454541,
    1.54545454545,1.636363636359,1.727272727267,1.818181818176,
    1.909090909085,1.999999999994),.QUASI_UNIFORM_KNOTS.);
#2387 = CARTESIAN_POINT('',(6.367580501656,5.851666405564));
#2388 = CARTESIAN_POINT('',(6.365023071522,5.851666405565));
#2389 = CARTESIAN_POINT('',(6.359908211251,5.851666405565));
#2390 = CARTESIAN_POINT('',(6.352235920838,5.851666405565));
#2391 = CARTESIAN_POINT('',(6.344563630437,5.851666405564));
#2392 = CARTESIAN_POINT('',(6.336891340032,5.851666405564));
#2393 = CARTESIAN_POINT('',(6.329219049614,5.851666405564));
#2394 = CARTESIAN_POINT('',(6.321546759224,5.851666405564));
#2395 = CARTESIAN_POINT('',(6.31387446872,5.851666405562));
#2396 = CARTESIAN_POINT('',(6.306202178249,5.851666405561));
#2397 = CARTESIAN_POINT('',(6.298529887824,5.851666405562));
#2398 = CARTESIAN_POINT('',(6.290857597421,5.851666405563));
#2399 = CARTESIAN_POINT('',(6.283185306984,5.851666405564));
#2400 = CARTESIAN_POINT('',(6.275513016463,5.851666405567));
#2401 = CARTESIAN_POINT('',(6.267840725831,5.851666405574));
#2402 = CARTESIAN_POINT('',(6.260168435115,5.851666405586));
#2403 = CARTESIAN_POINT('',(6.252496144437,5.851666405601));
#2404 = CARTESIAN_POINT('',(6.244823853966,5.851666405612));
#2405 = CARTESIAN_POINT('',(6.237151564231,5.85166640559));
#2406 = CARTESIAN_POINT('',(6.229479274118,5.851666405576));
#2407 = CARTESIAN_POINT('',(6.221806983865,5.851666405568));
#2408 = CARTESIAN_POINT('',(6.214134693513,5.851666405565));
#2409 = CARTESIAN_POINT('',(6.20646240311,5.851666405565));
#2410 = CARTESIAN_POINT('',(6.201347542835,5.851666405565));
#2411 = CARTESIAN_POINT('',(6.198790112703,5.851666405564));
#2412 = ( GEOMETRIC_REPRESENTATION_CONTEXT(2) 
PARAMETRIC_REPRESENTATION_CONTEXT() REPRESENTATION_CONTEXT('2D SPACE',''
  ) );
#2413 = PCURVE('',#1692,#2414);
#2414 = DEFINITIONAL_REPRESENTATION('',(#2415),#2427);
#2415 = B_SPLINE_CURVE_WITH_KNOTS('',4,(#2416,#2417,#2418,#2419,#2420,
    #2421,#2422,#2423,#2424,#2425,#2426),.UNSPECIFIED.,.F.,.F.,(5,3,3,5)
  ,(0.,0.499682928839,1.500317071163,1.999999999994),.UNSPECIFIED.);
#2416 = CARTESIAN_POINT('',(39.133932589853,32.));
#2417 = CARTESIAN_POINT('',(39.302615941573,30.006015898655));
#2418 = CARTESIAN_POINT('',(39.443269967726,28.009660598104));
#2419 = CARTESIAN_POINT('',(39.555844664013,26.011525222724));
#2420 = CARTESIAN_POINT('',(39.809470033547,20.008482352275));
#2421 = CARTESIAN_POINT('',(39.86592208026,16.000000238813));
#2422 = CARTESIAN_POINT('',(39.809470034582,11.99151717004));
#2423 = CARTESIAN_POINT('',(39.555844664013,5.988474777279));
#2424 = CARTESIAN_POINT('',(39.443269967722,3.990339401849));
#2425 = CARTESIAN_POINT('',(39.302615941579,1.993984101411));
#2426 = CARTESIAN_POINT('',(39.133932589853,0.));
#2427 = ( GEOMETRIC_REPRESENTATION_CONTEXT(2) 
PARAMETRIC_REPRESENTATION_CONTEXT() REPRESENTATION_CONTEXT('2D SPACE',''
  ) );
#2428 = ORIENTED_EDGE('',*,*,#1860,.T.);
#2429 = ORIENTED_EDGE('',*,*,#2430,.T.);
#2430 = EDGE_CURVE('',#1861,#2431,#2433,.T.);
#2431 = VERTEX_POINT('',#2432);
#2432 = CARTESIAN_POINT('',(205.59690192813,16.,17.));
#2433 = SURFACE_CURVE('',#2434,(#2446,#2475),.PCURVE_S1.);
#2434 = B_SPLINE_CURVE_WITH_KNOTS('',4,(#2435,#2436,#2437,#2438,#2439,
    #2440,#2441,#2442,#2443,#2444,#2445),.UNSPECIFIED.,.F.,.F.,(5,3,3,5)
  ,(0.,0.500294029508,1.49970597049,2.000000000005),.UNSPECIFIED.);
#2435 = CARTESIAN_POINT('',(205.59690192813,-16.,17.));
#2436 = CARTESIAN_POINT('',(205.75232456835,-14.00284917077,17.));
#2437 = CARTESIAN_POINT('',(205.88188033797,-12.00368530614,17.));
#2438 = CARTESIAN_POINT('',(205.98553012409,-10.00301102557,17.));
#2439 = CARTESIAN_POINT('',(206.21852012683,-4.002673873045,17.));
#2440 = CARTESIAN_POINT('',(206.27032735857,-1.702307712567E-07,17.));
#2441 = CARTESIAN_POINT('',(206.21852012751,4.002674213448,17.));
#2442 = CARTESIAN_POINT('',(205.98553012409,10.003011025571,17.));
#2443 = CARTESIAN_POINT('',(205.88188033797,12.003685306108,17.));
#2444 = CARTESIAN_POINT('',(205.75232456834,14.002849170819,17.));
#2445 = CARTESIAN_POINT('',(205.59690192813,16.,17.));
#2446 = PCURVE('',#1934,#2447);
#2447 = DEFINITIONAL_REPRESENTATION('',(#2448),#2474);
#2448 = B_SPLINE_CURVE_WITH_KNOTS('',3,(#2449,#2450,#2451,#2452,#2453,
    #2454,#2455,#2456,#2457,#2458,#2459,#2460,#2461,#2462,#2463,#2464,
    #2465,#2466,#2467,#2468,#2469,#2470,#2471,#2472,#2473),
  .UNSPECIFIED.,.F.,.F.,(4,1,1,1,1,1,1,1,1,1,1,1,1,1,1,1,1,1,1,1,1,1,4),
  (0.,9.090909090931E-02,0.181818181819,0.272727272728,0.363636363637,
    0.454545454547,0.545454545456,0.636363636365,0.727272727274,
    0.818181818184,0.909090909093,1.000000000002,1.090909090912,
    1.181818181821,1.27272727273,1.36363636364,1.454545454549,
    1.545454545458,1.636363636368,1.727272727277,1.818181818186,
    1.909090909095,2.000000000005),.QUASI_UNIFORM_KNOTS.);
#2449 = CARTESIAN_POINT('',(6.205519659056,6.445493973281));
#2450 = CARTESIAN_POINT('',(6.207873163543,6.445493973281));
#2451 = CARTESIAN_POINT('',(6.212580172521,6.445493973281));
#2452 = CARTESIAN_POINT('',(6.219640685991,6.445493973281));
#2453 = CARTESIAN_POINT('',(6.226701199453,6.445493973281));
#2454 = CARTESIAN_POINT('',(6.233761712917,6.445493973281));
#2455 = CARTESIAN_POINT('',(6.240822226391,6.445493973281));
#2456 = CARTESIAN_POINT('',(6.247882739845,6.445493973281));
#2457 = CARTESIAN_POINT('',(6.254943253374,6.445493973282));
#2458 = CARTESIAN_POINT('',(6.262003766882,6.445493973282));
#2459 = CARTESIAN_POINT('',(6.269064280359,6.445493973282));
#2460 = CARTESIAN_POINT('',(6.276124793823,6.445493973281));
#2461 = CARTESIAN_POINT('',(6.283185307308,6.445493973281));
#2462 = CARTESIAN_POINT('',(6.290245820849,6.44549397328));
#2463 = CARTESIAN_POINT('',(6.297306334463,6.445493973277));
#2464 = CARTESIAN_POINT('',(6.304366848132,6.445493973273));
#2465 = CARTESIAN_POINT('',(6.311427361775,6.445493973268));
#2466 = CARTESIAN_POINT('',(6.318487875282,6.445493973264));
#2467 = CARTESIAN_POINT('',(6.325548388305,6.445493973272));
#2468 = CARTESIAN_POINT('',(6.33260890158,6.445493973277));
#2469 = CARTESIAN_POINT('',(6.339669414944,6.445493973279));
#2470 = CARTESIAN_POINT('',(6.346729928374,6.44549397328));
#2471 = CARTESIAN_POINT('',(6.353790441838,6.445493973281));
#2472 = CARTESIAN_POINT('',(6.358497450817,6.445493973281));
#2473 = CARTESIAN_POINT('',(6.360850955303,6.445493973281));
#2474 = ( GEOMETRIC_REPRESENTATION_CONTEXT(2) 
PARAMETRIC_REPRESENTATION_CONTEXT() REPRESENTATION_CONTEXT('2D SPACE',''
  ) );
#2475 = PCURVE('',#1636,#2476);
#2476 = DEFINITIONAL_REPRESENTATION('',(#2477),#2489);
#2477 = B_SPLINE_CURVE_WITH_KNOTS('',4,(#2478,#2479,#2480,#2481,#2482,
    #2483,#2484,#2485,#2486,#2487,#2488),.UNSPECIFIED.,.F.,.F.,(5,3,3,5)
  ,(0.,0.500294029508,1.49970597049,2.000000000005),.UNSPECIFIED.);
#2478 = CARTESIAN_POINT('',(55.596901928138,0.));
#2479 = CARTESIAN_POINT('',(55.752324568353,1.99715082923));
#2480 = CARTESIAN_POINT('',(55.881880337976,3.996314693852));
#2481 = CARTESIAN_POINT('',(55.98553012409,5.996988974426));
#2482 = CARTESIAN_POINT('',(56.218520126831,11.997326126955));
#2483 = CARTESIAN_POINT('',(56.270327358577,15.999999829769));
#2484 = CARTESIAN_POINT('',(56.21852012751,20.002674213448));
#2485 = CARTESIAN_POINT('',(55.98553012409,26.003011025571));
#2486 = CARTESIAN_POINT('',(55.881880337979,28.003685306108));
#2487 = CARTESIAN_POINT('',(55.752324568349,30.002849170819));
#2488 = CARTESIAN_POINT('',(55.596901928138,32.));
#2489 = ( GEOMETRIC_REPRESENTATION_CONTEXT(2) 
PARAMETRIC_REPRESENTATION_CONTEXT() REPRESENTATION_CONTEXT('2D SPACE',''
  ) );
#2490 = ORIENTED_EDGE('',*,*,#2491,.F.);
#2491 = EDGE_CURVE('',#2369,#2431,#2492,.T.);
#2492 = SURFACE_CURVE('',#2493,(#2526,#2562),.PCURVE_S1.);
#2493 = B_SPLINE_CURVE_WITH_KNOTS('',7,(#2494,#2495,#2496,#2497,#2498,
    #2499,#2500,#2501,#2502,#2503,#2504,#2505,#2506,#2507,#2508,#2509,
    #2510,#2511,#2512,#2513,#2514,#2515,#2516,#2517,#2518,#2519,#2520,
    #2521,#2522,#2523,#2524,#2525),.UNSPECIFIED.,.F.,.F.,(8,6,6,6,6,8),(
    0.,0.318627183086,0.465251017331,0.552579911215,0.739827777041,1.),
  .UNSPECIFIED.);
#2494 = CARTESIAN_POINT('',(189.13393258985,16.,-44.));
#2495 = CARTESIAN_POINT('',(191.1793231639,16.,-41.77168079358));
#2496 = CARTESIAN_POINT('',(193.14495631687,16.,-39.47047883553));
#2497 = CARTESIAN_POINT('',(195.02227591204,16.,-37.09416117341));
#2498 = CARTESIAN_POINT('',(196.80090583594,16.,-34.64139362194));
#2499 = CARTESIAN_POINT('',(198.46895113497,16.,-32.11195166428));
#2500 = CARTESIAN_POINT('',(200.01334459107,16.,-29.50696634236));
#2501 = CARTESIAN_POINT('',(202.06812008747,16.,-25.59728610876));
#2502 = CARTESIAN_POINT('',(202.68659419335,16.,-24.34985974543));
#2503 = CARTESIAN_POINT('',(203.27463877396,16.,-23.08749233552));
#2504 = CARTESIAN_POINT('',(203.83088805722,16.,-21.81064567202));
#2505 = CARTESIAN_POINT('',(204.35397487309,16.,-20.51990355731));
#2506 = CARTESIAN_POINT('',(204.84256012205,16.,-19.21598450483));
#2507 = CARTESIAN_POINT('',(205.56506048367,16.,-17.11581446224));
#2508 = CARTESIAN_POINT('',(205.82206124995,16.,-16.32750488464));
#2509 = CARTESIAN_POINT('',(206.06610109566,16.,-15.53501312998));
#2510 = CARTESIAN_POINT('',(206.29691913914,16.,-14.73854026315));
#2511 = CARTESIAN_POINT('',(206.51426611927,16.,-13.93830446547));
#2512 = CARTESIAN_POINT('',(206.71790711778,16.,-13.13454181483));
#2513 = CARTESIAN_POINT('',(207.31440985365,16.,-10.59708855635));
#2514 = CARTESIAN_POINT('',(207.65720624421,16.,-8.851520551318));
#2515 = CARTESIAN_POINT('',(207.93381827108,16.,-7.093456999501));
#2516 = CARTESIAN_POINT('',(208.14249739626,16.,-5.325741507707));
#2517 = CARTESIAN_POINT('',(208.28200518865,16.,-3.551414599323));
#2518 = CARTESIAN_POINT('',(208.35168711615,16.,-1.77372212976));
#2519 = CARTESIAN_POINT('',(208.35137541502,16.,2.473764084723));
#2520 = CARTESIAN_POINT('',(208.21641549142,16.,4.944017804554));
#2521 = CARTESIAN_POINT('',(207.94660637605,16.,7.405032491134));
#2522 = CARTESIAN_POINT('',(207.54446973205,16.,9.848265136687));
#2523 = CARTESIAN_POINT('',(207.01454744658,16.,12.266144956891));
#2524 = CARTESIAN_POINT('',(206.36293239486,16.,14.652000150944));
#2525 = CARTESIAN_POINT('',(205.59690192813,16.,17.));
#2526 = PCURVE('',#1934,#2527);
#2527 = DEFINITIONAL_REPRESENTATION('',(#2528),#2561);
#2528 = B_SPLINE_CURVE_WITH_KNOTS('',7,(#2529,#2530,#2531,#2532,#2533,
    #2534,#2535,#2536,#2537,#2538,#2539,#2540,#2541,#2542,#2543,#2544,
    #2545,#2546,#2547,#2548,#2549,#2550,#2551,#2552,#2553,#2554,#2555,
    #2556,#2557,#2558,#2559,#2560),.UNSPECIFIED.,.F.,.F.,(8,6,6,6,6,8),(
    0.,0.318627183086,0.465251017331,0.552579911215,0.739827777041,1.),
  .UNSPECIFIED.);
#2529 = CARTESIAN_POINT('',(6.367580501656,5.851666405564));
#2530 = CARTESIAN_POINT('',(6.366672136713,5.874985800676));
#2531 = CARTESIAN_POINT('',(6.365821950965,5.898775786564));
#2532 = CARTESIAN_POINT('',(6.365029525679,5.923059219609));
#2533 = CARTESIAN_POINT('',(6.364295301023,5.947851345129));
#2534 = CARTESIAN_POINT('',(6.363620322932,5.973159355827));
#2535 = CARTESIAN_POINT('',(6.363006133823,5.998981605544));
#2536 = CARTESIAN_POINT('',(6.362200857435,6.037416823863));
#2537 = CARTESIAN_POINT('',(6.361960366301,6.049634853726));
#2538 = CARTESIAN_POINT('',(6.361733361239,6.061956109417));
#2539 = CARTESIAN_POINT('',(6.361520054103,6.074377810421));
#2540 = CARTESIAN_POINT('',(6.361320668345,6.086896278312));
#2541 = CARTESIAN_POINT('',(6.36113543203,6.099506831774));
#2542 = CARTESIAN_POINT('',(6.360862804455,6.119765837877));
#2543 = CARTESIAN_POINT('',(6.360766138091,6.127358639582));
#2544 = CARTESIAN_POINT('',(6.360674618219,6.134980802364));
#2545 = CARTESIAN_POINT('',(6.360588291636,6.142630963206));
#2546 = CARTESIAN_POINT('',(6.360507203738,6.150307631));
#2547 = CARTESIAN_POINT('',(6.360431397912,6.158009177737));
#2548 = CARTESIAN_POINT('',(6.360209787495,6.182296785316));
#2549 = CARTESIAN_POINT('',(6.360083122218,6.198966981942));
#2550 = CARTESIAN_POINT('',(6.359981338886,6.215725558443));
#2551 = CARTESIAN_POINT('',(6.359904768651,6.232552544512));
#2552 = CARTESIAN_POINT('',(6.359853651195,6.249426625576));
#2553 = CARTESIAN_POINT('',(6.359828118681,6.26632483065));
#2554 = CARTESIAN_POINT('',(6.359828232893,6.306700174921));
#2555 = CARTESIAN_POINT('',(6.359877684575,6.330181696746));
#2556 = CARTESIAN_POINT('',(6.359976545574,6.353596561584));
#2557 = CARTESIAN_POINT('',(6.360124297715,6.376884713496));
#2558 = CARTESIAN_POINT('',(6.360320071037,6.399993771255));
#2559 = CARTESIAN_POINT('',(6.360562744264,6.42287732891));
#2560 = CARTESIAN_POINT('',(6.360850955303,6.445493973281));
#2561 = ( GEOMETRIC_REPRESENTATION_CONTEXT(2) 
PARAMETRIC_REPRESENTATION_CONTEXT() REPRESENTATION_CONTEXT('2D SPACE',''
  ) );
#2562 = PCURVE('',#1720,#2563);
#2563 = DEFINITIONAL_REPRESENTATION('',(#2564),#2597);
#2564 = B_SPLINE_CURVE_WITH_KNOTS('',7,(#2565,#2566,#2567,#2568,#2569,
    #2570,#2571,#2572,#2573,#2574,#2575,#2576,#2577,#2578,#2579,#2580,
    #2581,#2582,#2583,#2584,#2585,#2586,#2587,#2588,#2589,#2590,#2591,
    #2592,#2593,#2594,#2595,#2596),.UNSPECIFIED.,.F.,.F.,(8,6,6,6,6,8),(
    0.,0.318627183086,0.465251017331,0.552579911215,0.739827777041,1.),
  .UNSPECIFIED.);
#2565 = CARTESIAN_POINT('',(0.,39.133932589853));
#2566 = CARTESIAN_POINT('',(2.228319206412,41.179323163901));
#2567 = CARTESIAN_POINT('',(4.529521164464,43.144956316871));
#2568 = CARTESIAN_POINT('',(6.905838826584,45.022275912043));
#2569 = CARTESIAN_POINT('',(9.35860637806,46.800905835945));
#2570 = CARTESIAN_POINT('',(11.888048335711,48.468951134979));
#2571 = CARTESIAN_POINT('',(14.493033657637,50.013344591078));
#2572 = CARTESIAN_POINT('',(18.402713891232,52.068120087473));
#2573 = CARTESIAN_POINT('',(19.650140254567,52.68659419335));
#2574 = CARTESIAN_POINT('',(20.912507664477,53.274638773962));
#2575 = CARTESIAN_POINT('',(22.189354327978,53.83088805722));
#2576 = CARTESIAN_POINT('',(23.480096442682,54.353974873099));
#2577 = CARTESIAN_POINT('',(24.784015495168,54.842560122057));
#2578 = CARTESIAN_POINT('',(26.884185537753,55.565060483673));
#2579 = CARTESIAN_POINT('',(27.672495115352,55.822061249954));
#2580 = CARTESIAN_POINT('',(28.464986870016,56.066101095663));
#2581 = CARTESIAN_POINT('',(29.261459736847,56.296919139149));
#2582 = CARTESIAN_POINT('',(30.061695534529,56.514266119273));
#2583 = CARTESIAN_POINT('',(30.865458185168,56.717907117783));
#2584 = CARTESIAN_POINT('',(33.402911443649,57.314409853652));
#2585 = CARTESIAN_POINT('',(35.148479448682,57.657206244218));
#2586 = CARTESIAN_POINT('',(36.906543000499,57.93381827108));
#2587 = CARTESIAN_POINT('',(38.674258492293,58.142497396262));
#2588 = CARTESIAN_POINT('',(40.448585400677,58.282005188652));
#2589 = CARTESIAN_POINT('',(42.22627787024,58.351687116157));
#2590 = CARTESIAN_POINT('',(46.473764084723,58.351375415024));
#2591 = CARTESIAN_POINT('',(48.944017804554,58.216415491421));
#2592 = CARTESIAN_POINT('',(51.405032491134,57.946606376053));
#2593 = CARTESIAN_POINT('',(53.848265136687,57.544469732059));
#2594 = CARTESIAN_POINT('',(56.266144956891,57.014547446582));
#2595 = CARTESIAN_POINT('',(58.652000150944,56.36293239486));
#2596 = CARTESIAN_POINT('',(61.,55.596901928138));
#2597 = ( GEOMETRIC_REPRESENTATION_CONTEXT(2) 
PARAMETRIC_REPRESENTATION_CONTEXT() REPRESENTATION_CONTEXT('2D SPACE',''
  ) );
#2598 = ADVANCED_FACE('',(#2599),#1692,.F.);
#2599 = FACE_BOUND('',#2600,.F.);
#2600 = EDGE_LOOP('',(#2601,#2622,#2623,#2624));
#2601 = ORIENTED_EDGE('',*,*,#2602,.F.);
#2602 = EDGE_CURVE('',#2369,#1677,#2603,.T.);
#2603 = SURFACE_CURVE('',#2604,(#2608,#2615),.PCURVE_S1.);
#2604 = LINE('',#2605,#2606);
#2605 = CARTESIAN_POINT('',(150.,16.,-44.));
#2606 = VECTOR('',#2607,1.);
#2607 = DIRECTION('',(1.,0.,-0.));
#2608 = PCURVE('',#1692,#2609);
#2609 = DEFINITIONAL_REPRESENTATION('',(#2610),#2614);
#2610 = LINE('',#2611,#2612);
#2611 = CARTESIAN_POINT('',(0.,32.));
#2612 = VECTOR('',#2613,1.);
#2613 = DIRECTION('',(1.,0.));
#2614 = ( GEOMETRIC_REPRESENTATION_CONTEXT(2) 
PARAMETRIC_REPRESENTATION_CONTEXT() REPRESENTATION_CONTEXT('2D SPACE',''
  ) );
#2615 = PCURVE('',#1720,#2616);
#2616 = DEFINITIONAL_REPRESENTATION('',(#2617),#2621);
#2617 = LINE('',#2618,#2619);
#2618 = CARTESIAN_POINT('',(0.,0.));
#2619 = VECTOR('',#2620,1.);
#2620 = DIRECTION('',(0.,1.));
#2621 = ( GEOMETRIC_REPRESENTATION_CONTEXT(2) 
PARAMETRIC_REPRESENTATION_CONTEXT() REPRESENTATION_CONTEXT('2D SPACE',''
  ) );
#2622 = ORIENTED_EDGE('',*,*,#2368,.T.);
#2623 = ORIENTED_EDGE('',*,*,#1837,.T.);
#2624 = ORIENTED_EDGE('',*,*,#1676,.T.);
#2625 = ADVANCED_FACE('',(#2626),#1747,.F.);
#2626 = FACE_BOUND('',#2627,.F.);
#2627 = EDGE_LOOP('',(#2628,#2658,#2677,#2678,#2701,#2729,#2757));
#2628 = ORIENTED_EDGE('',*,*,#2629,.F.);
#2629 = EDGE_CURVE('',#2630,#2632,#2634,.T.);
#2630 = VERTEX_POINT('',#2631);
#2631 = CARTESIAN_POINT('',(213.,16.,-20.));
#2632 = VERTEX_POINT('',#2633);
#2633 = CARTESIAN_POINT('',(213.,24.9,-20.));
#2634 = SURFACE_CURVE('',#2635,(#2639,#2646),.PCURVE_S1.);
#2635 = LINE('',#2636,#2637);
#2636 = CARTESIAN_POINT('',(213.,14.8,-20.));
#2637 = VECTOR('',#2638,1.);
#2638 = DIRECTION('',(-0.,1.,0.));
#2639 = PCURVE('',#1747,#2640);
#2640 = DEFINITIONAL_REPRESENTATION('',(#2641),#2645);
#2641 = LINE('',#2642,#2643);
#2642 = CARTESIAN_POINT('',(0.,0.));
#2643 = VECTOR('',#2644,1.);
#2644 = DIRECTION('',(0.,1.));
#2645 = ( GEOMETRIC_REPRESENTATION_CONTEXT(2) 
PARAMETRIC_REPRESENTATION_CONTEXT() REPRESENTATION_CONTEXT('2D SPACE',''
  ) );
#2646 = PCURVE('',#2647,#2652);
#2647 = PLANE('',#2648);
#2648 = AXIS2_PLACEMENT_3D('',#2649,#2650,#2651);
#2649 = CARTESIAN_POINT('',(213.,14.8,-20.));
#2650 = DIRECTION('',(1.,0.,-0.));
#2651 = DIRECTION('',(0.,0.,1.));
#2652 = DEFINITIONAL_REPRESENTATION('',(#2653),#2657);
#2653 = LINE('',#2654,#2655);
#2654 = CARTESIAN_POINT('',(0.,0.));
#2655 = VECTOR('',#2656,1.);
#2656 = DIRECTION('',(0.,-1.));
#2657 = ( GEOMETRIC_REPRESENTATION_CONTEXT(2) 
PARAMETRIC_REPRESENTATION_CONTEXT() REPRESENTATION_CONTEXT('2D SPACE',''
  ) );
#2658 = ORIENTED_EDGE('',*,*,#2659,.T.);
#2659 = EDGE_CURVE('',#2630,#1705,#2660,.T.);
#2660 = SURFACE_CURVE('',#2661,(#2665,#2671),.PCURVE_S1.);
#2661 = LINE('',#2662,#2663);
#2662 = CARTESIAN_POINT('',(181.5,16.,-20.));
#2663 = VECTOR('',#2664,1.);
#2664 = DIRECTION('',(1.,0.,-0.));
#2665 = PCURVE('',#1747,#2666);
#2666 = DEFINITIONAL_REPRESENTATION('',(#2667),#2670);
#2667 = B_SPLINE_CURVE_WITH_KNOTS('',1,(#2668,#2669),.UNSPECIFIED.,.F.,
  .F.,(2,2),(31.5,37.5),.PIECEWISE_BEZIER_KNOTS.);
#2668 = CARTESIAN_POINT('',(0.,1.2));
#2669 = CARTESIAN_POINT('',(6.,1.2));
#2670 = ( GEOMETRIC_REPRESENTATION_CONTEXT(2) 
PARAMETRIC_REPRESENTATION_CONTEXT() REPRESENTATION_CONTEXT('2D SPACE',''
  ) );
#2671 = PCURVE('',#1720,#2672);
#2672 = DEFINITIONAL_REPRESENTATION('',(#2673),#2676);
#2673 = B_SPLINE_CURVE_WITH_KNOTS('',1,(#2674,#2675),.UNSPECIFIED.,.F.,
  .F.,(2,2),(31.5,37.5),.PIECEWISE_BEZIER_KNOTS.);
#2674 = CARTESIAN_POINT('',(24.,63.));
#2675 = CARTESIAN_POINT('',(24.,69.));
#2676 = ( GEOMETRIC_REPRESENTATION_CONTEXT(2) 
PARAMETRIC_REPRESENTATION_CONTEXT() REPRESENTATION_CONTEXT('2D SPACE',''
  ) );
#2677 = ORIENTED_EDGE('',*,*,#1732,.T.);
#2678 = ORIENTED_EDGE('',*,*,#2679,.T.);
#2679 = EDGE_CURVE('',#1733,#2680,#2682,.T.);
#2680 = VERTEX_POINT('',#2681);
#2681 = CARTESIAN_POINT('',(226.,14.8,-20.));
#2682 = SURFACE_CURVE('',#2683,(#2687,#2694),.PCURVE_S1.);
#2683 = LINE('',#2684,#2685);
#2684 = CARTESIAN_POINT('',(213.,14.8,-20.));
#2685 = VECTOR('',#2686,1.);
#2686 = DIRECTION('',(1.,0.,-0.));
#2687 = PCURVE('',#1747,#2688);
#2688 = DEFINITIONAL_REPRESENTATION('',(#2689),#2693);
#2689 = LINE('',#2690,#2691);
#2690 = CARTESIAN_POINT('',(0.,0.));
#2691 = VECTOR('',#2692,1.);
#2692 = DIRECTION('',(1.,0.));
#2693 = ( GEOMETRIC_REPRESENTATION_CONTEXT(2) 
PARAMETRIC_REPRESENTATION_CONTEXT() REPRESENTATION_CONTEXT('2D SPACE',''
  ) );
#2694 = PCURVE('',#1773,#2695);
#2695 = DEFINITIONAL_REPRESENTATION('',(#2696),#2700);
#2696 = LINE('',#2697,#2698);
#2697 = CARTESIAN_POINT('',(0.,0.));
#2698 = VECTOR('',#2699,1.);
#2699 = DIRECTION('',(0.,1.));
#2700 = ( GEOMETRIC_REPRESENTATION_CONTEXT(2) 
PARAMETRIC_REPRESENTATION_CONTEXT() REPRESENTATION_CONTEXT('2D SPACE',''
  ) );
#2701 = ORIENTED_EDGE('',*,*,#2702,.T.);
#2702 = EDGE_CURVE('',#2680,#2703,#2705,.T.);
#2703 = VERTEX_POINT('',#2704);
#2704 = CARTESIAN_POINT('',(226.,24.9,-20.));
#2705 = SURFACE_CURVE('',#2706,(#2710,#2717),.PCURVE_S1.);
#2706 = LINE('',#2707,#2708);
#2707 = CARTESIAN_POINT('',(226.,14.8,-20.));
#2708 = VECTOR('',#2709,1.);
#2709 = DIRECTION('',(-0.,1.,0.));
#2710 = PCURVE('',#1747,#2711);
#2711 = DEFINITIONAL_REPRESENTATION('',(#2712),#2716);
#2712 = LINE('',#2713,#2714);
#2713 = CARTESIAN_POINT('',(13.,0.));
#2714 = VECTOR('',#2715,1.);
#2715 = DIRECTION('',(0.,1.));
#2716 = ( GEOMETRIC_REPRESENTATION_CONTEXT(2) 
PARAMETRIC_REPRESENTATION_CONTEXT() REPRESENTATION_CONTEXT('2D SPACE',''
  ) );
#2717 = PCURVE('',#2718,#2723);
#2718 = PLANE('',#2719);
#2719 = AXIS2_PLACEMENT_3D('',#2720,#2721,#2722);
#2720 = CARTESIAN_POINT('',(226.,14.8,-20.));
#2721 = DIRECTION('',(1.,0.,-0.));
#2722 = DIRECTION('',(0.,0.,1.));
#2723 = DEFINITIONAL_REPRESENTATION('',(#2724),#2728);
#2724 = LINE('',#2725,#2726);
#2725 = CARTESIAN_POINT('',(0.,0.));
#2726 = VECTOR('',#2727,1.);
#2727 = DIRECTION('',(0.,-1.));
#2728 = ( GEOMETRIC_REPRESENTATION_CONTEXT(2) 
PARAMETRIC_REPRESENTATION_CONTEXT() REPRESENTATION_CONTEXT('2D SPACE',''
  ) );
#2729 = ORIENTED_EDGE('',*,*,#2730,.F.);
#2730 = EDGE_CURVE('',#2731,#2703,#2733,.T.);
#2731 = VERTEX_POINT('',#2732);
#2732 = CARTESIAN_POINT('',(223.,24.9,-20.));
#2733 = SURFACE_CURVE('',#2734,(#2738,#2745),.PCURVE_S1.);
#2734 = LINE('',#2735,#2736);
#2735 = CARTESIAN_POINT('',(213.,24.9,-20.));
#2736 = VECTOR('',#2737,1.);
#2737 = DIRECTION('',(1.,0.,-0.));
#2738 = PCURVE('',#1747,#2739);
#2739 = DEFINITIONAL_REPRESENTATION('',(#2740),#2744);
#2740 = LINE('',#2741,#2742);
#2741 = CARTESIAN_POINT('',(0.,10.1));
#2742 = VECTOR('',#2743,1.);
#2743 = DIRECTION('',(1.,0.));
#2744 = ( GEOMETRIC_REPRESENTATION_CONTEXT(2) 
PARAMETRIC_REPRESENTATION_CONTEXT() REPRESENTATION_CONTEXT('2D SPACE',''
  ) );
#2745 = PCURVE('',#2746,#2751);
#2746 = PLANE('',#2747);
#2747 = AXIS2_PLACEMENT_3D('',#2748,#2749,#2750);
#2748 = CARTESIAN_POINT('',(223.,24.9,-25.75));
#2749 = DIRECTION('',(-0.,1.,0.));
#2750 = DIRECTION('',(0.,0.,1.));
#2751 = DEFINITIONAL_REPRESENTATION('',(#2752),#2756);
#2752 = LINE('',#2753,#2754);
#2753 = CARTESIAN_POINT('',(5.75,-10.));
#2754 = VECTOR('',#2755,1.);
#2755 = DIRECTION('',(0.,1.));
#2756 = ( GEOMETRIC_REPRESENTATION_CONTEXT(2) 
PARAMETRIC_REPRESENTATION_CONTEXT() REPRESENTATION_CONTEXT('2D SPACE',''
  ) );
#2757 = ORIENTED_EDGE('',*,*,#2758,.F.);
#2758 = EDGE_CURVE('',#2632,#2731,#2759,.T.);
#2759 = SURFACE_CURVE('',#2760,(#2764,#2771),.PCURVE_S1.);
#2760 = LINE('',#2761,#2762);
#2761 = CARTESIAN_POINT('',(213.,24.9,-20.));
#2762 = VECTOR('',#2763,1.);
#2763 = DIRECTION('',(1.,0.,-0.));
#2764 = PCURVE('',#1747,#2765);
#2765 = DEFINITIONAL_REPRESENTATION('',(#2766),#2770);
#2766 = LINE('',#2767,#2768);
#2767 = CARTESIAN_POINT('',(0.,10.1));
#2768 = VECTOR('',#2769,1.);
#2769 = DIRECTION('',(1.,0.));
#2770 = ( GEOMETRIC_REPRESENTATION_CONTEXT(2) 
PARAMETRIC_REPRESENTATION_CONTEXT() REPRESENTATION_CONTEXT('2D SPACE',''
  ) );
#2771 = PCURVE('',#2772,#2777);
#2772 = PLANE('',#2773);
#2773 = AXIS2_PLACEMENT_3D('',#2774,#2775,#2776);
#2774 = CARTESIAN_POINT('',(213.,24.9,-20.));
#2775 = DIRECTION('',(-0.,1.,0.));
#2776 = DIRECTION('',(0.,0.,1.));
#2777 = DEFINITIONAL_REPRESENTATION('',(#2778),#2782);
#2778 = LINE('',#2779,#2780);
#2779 = CARTESIAN_POINT('',(0.,0.));
#2780 = VECTOR('',#2781,1.);
#2781 = DIRECTION('',(0.,1.));
#2782 = ( GEOMETRIC_REPRESENTATION_CONTEXT(2) 
PARAMETRIC_REPRESENTATION_CONTEXT() REPRESENTATION_CONTEXT('2D SPACE',''
  ) );
#2783 = ADVANCED_FACE('',(#2784,#2966,#3076,#3107),#2718,.T.);
#2784 = FACE_BOUND('',#2785,.T.);
#2785 = EDGE_LOOP('',(#2786,#2809,#2810,#2833,#2861,#2889,#2917,#2945));
#2786 = ORIENTED_EDGE('',*,*,#2787,.F.);
#2787 = EDGE_CURVE('',#2680,#2788,#2790,.T.);
#2788 = VERTEX_POINT('',#2789);
#2789 = CARTESIAN_POINT('',(226.,14.8,-6.));
#2790 = SURFACE_CURVE('',#2791,(#2795,#2802),.PCURVE_S1.);
#2791 = LINE('',#2792,#2793);
#2792 = CARTESIAN_POINT('',(226.,14.8,-20.));
#2793 = VECTOR('',#2794,1.);
#2794 = DIRECTION('',(0.,0.,1.));
#2795 = PCURVE('',#2718,#2796);
#2796 = DEFINITIONAL_REPRESENTATION('',(#2797),#2801);
#2797 = LINE('',#2798,#2799);
#2798 = CARTESIAN_POINT('',(0.,0.));
#2799 = VECTOR('',#2800,1.);
#2800 = DIRECTION('',(1.,0.));
#2801 = ( GEOMETRIC_REPRESENTATION_CONTEXT(2) 
PARAMETRIC_REPRESENTATION_CONTEXT() REPRESENTATION_CONTEXT('2D SPACE',''
  ) );
#2802 = PCURVE('',#1773,#2803);
#2803 = DEFINITIONAL_REPRESENTATION('',(#2804),#2808);
#2804 = LINE('',#2805,#2806);
#2805 = CARTESIAN_POINT('',(0.,13.));
#2806 = VECTOR('',#2807,1.);
#2807 = DIRECTION('',(1.,0.));
#2808 = ( GEOMETRIC_REPRESENTATION_CONTEXT(2) 
PARAMETRIC_REPRESENTATION_CONTEXT() REPRESENTATION_CONTEXT('2D SPACE',''
  ) );
#2809 = ORIENTED_EDGE('',*,*,#2702,.T.);
#2810 = ORIENTED_EDGE('',*,*,#2811,.F.);
#2811 = EDGE_CURVE('',#2812,#2703,#2814,.T.);
#2812 = VERTEX_POINT('',#2813);
#2813 = CARTESIAN_POINT('',(226.,24.9,-25.75));
#2814 = SURFACE_CURVE('',#2815,(#2819,#2826),.PCURVE_S1.);
#2815 = LINE('',#2816,#2817);
#2816 = CARTESIAN_POINT('',(226.,24.9,-25.75));
#2817 = VECTOR('',#2818,1.);
#2818 = DIRECTION('',(0.,0.,1.));
#2819 = PCURVE('',#2718,#2820);
#2820 = DEFINITIONAL_REPRESENTATION('',(#2821),#2825);
#2821 = LINE('',#2822,#2823);
#2822 = CARTESIAN_POINT('',(-5.75,-10.1));
#2823 = VECTOR('',#2824,1.);
#2824 = DIRECTION('',(1.,0.));
#2825 = ( GEOMETRIC_REPRESENTATION_CONTEXT(2) 
PARAMETRIC_REPRESENTATION_CONTEXT() REPRESENTATION_CONTEXT('2D SPACE',''
  ) );
#2826 = PCURVE('',#2746,#2827);
#2827 = DEFINITIONAL_REPRESENTATION('',(#2828),#2832);
#2828 = LINE('',#2829,#2830);
#2829 = CARTESIAN_POINT('',(0.,3.));
#2830 = VECTOR('',#2831,1.);
#2831 = DIRECTION('',(1.,0.));
#2832 = ( GEOMETRIC_REPRESENTATION_CONTEXT(2) 
PARAMETRIC_REPRESENTATION_CONTEXT() REPRESENTATION_CONTEXT('2D SPACE',''
  ) );
#2833 = ORIENTED_EDGE('',*,*,#2834,.T.);
#2834 = EDGE_CURVE('',#2812,#2835,#2837,.T.);
#2835 = VERTEX_POINT('',#2836);
#2836 = CARTESIAN_POINT('',(226.,47.1,-25.75));
#2837 = SURFACE_CURVE('',#2838,(#2842,#2849),.PCURVE_S1.);
#2838 = LINE('',#2839,#2840);
#2839 = CARTESIAN_POINT('',(226.,24.9,-25.75));
#2840 = VECTOR('',#2841,1.);
#2841 = DIRECTION('',(-0.,1.,0.));
#2842 = PCURVE('',#2718,#2843);
#2843 = DEFINITIONAL_REPRESENTATION('',(#2844),#2848);
#2844 = LINE('',#2845,#2846);
#2845 = CARTESIAN_POINT('',(-5.75,-10.1));
#2846 = VECTOR('',#2847,1.);
#2847 = DIRECTION('',(0.,-1.));
#2848 = ( GEOMETRIC_REPRESENTATION_CONTEXT(2) 
PARAMETRIC_REPRESENTATION_CONTEXT() REPRESENTATION_CONTEXT('2D SPACE',''
  ) );
#2849 = PCURVE('',#2850,#2855);
#2850 = PLANE('',#2851);
#2851 = AXIS2_PLACEMENT_3D('',#2852,#2853,#2854);
#2852 = CARTESIAN_POINT('',(223.,24.9,-25.75));
#2853 = DIRECTION('',(0.,0.,1.));
#2854 = DIRECTION('',(1.,0.,-0.));
#2855 = DEFINITIONAL_REPRESENTATION('',(#2856),#2860);
#2856 = LINE('',#2857,#2858);
#2857 = CARTESIAN_POINT('',(3.,0.));
#2858 = VECTOR('',#2859,1.);
#2859 = DIRECTION('',(0.,1.));
#2860 = ( GEOMETRIC_REPRESENTATION_CONTEXT(2) 
PARAMETRIC_REPRESENTATION_CONTEXT() REPRESENTATION_CONTEXT('2D SPACE',''
  ) );
#2861 = ORIENTED_EDGE('',*,*,#2862,.T.);
#2862 = EDGE_CURVE('',#2835,#2863,#2865,.T.);
#2863 = VERTEX_POINT('',#2864);
#2864 = CARTESIAN_POINT('',(226.,47.1,10.55));
#2865 = SURFACE_CURVE('',#2866,(#2870,#2877),.PCURVE_S1.);
#2866 = LINE('',#2867,#2868);
#2867 = CARTESIAN_POINT('',(226.,47.1,-25.75));
#2868 = VECTOR('',#2869,1.);
#2869 = DIRECTION('',(0.,0.,1.));
#2870 = PCURVE('',#2718,#2871);
#2871 = DEFINITIONAL_REPRESENTATION('',(#2872),#2876);
#2872 = LINE('',#2873,#2874);
#2873 = CARTESIAN_POINT('',(-5.75,-32.3));
#2874 = VECTOR('',#2875,1.);
#2875 = DIRECTION('',(1.,0.));
#2876 = ( GEOMETRIC_REPRESENTATION_CONTEXT(2) 
PARAMETRIC_REPRESENTATION_CONTEXT() REPRESENTATION_CONTEXT('2D SPACE',''
  ) );
#2877 = PCURVE('',#2878,#2883);
#2878 = PLANE('',#2879);
#2879 = AXIS2_PLACEMENT_3D('',#2880,#2881,#2882);
#2880 = CARTESIAN_POINT('',(223.,47.1,-25.75));
#2881 = DIRECTION('',(-0.,1.,0.));
#2882 = DIRECTION('',(0.,0.,1.));
#2883 = DEFINITIONAL_REPRESENTATION('',(#2884),#2888);
#2884 = LINE('',#2885,#2886);
#2885 = CARTESIAN_POINT('',(0.,3.));
#2886 = VECTOR('',#2887,1.);
#2887 = DIRECTION('',(1.,0.));
#2888 = ( GEOMETRIC_REPRESENTATION_CONTEXT(2) 
PARAMETRIC_REPRESENTATION_CONTEXT() REPRESENTATION_CONTEXT('2D SPACE',''
  ) );
#2889 = ORIENTED_EDGE('',*,*,#2890,.F.);
#2890 = EDGE_CURVE('',#2891,#2863,#2893,.T.);
#2891 = VERTEX_POINT('',#2892);
#2892 = CARTESIAN_POINT('',(226.,24.9,10.55));
#2893 = SURFACE_CURVE('',#2894,(#2898,#2905),.PCURVE_S1.);
#2894 = LINE('',#2895,#2896);
#2895 = CARTESIAN_POINT('',(226.,24.9,10.55));
#2896 = VECTOR('',#2897,1.);
#2897 = DIRECTION('',(-0.,1.,0.));
#2898 = PCURVE('',#2718,#2899);
#2899 = DEFINITIONAL_REPRESENTATION('',(#2900),#2904);
#2900 = LINE('',#2901,#2902);
#2901 = CARTESIAN_POINT('',(30.55,-10.1));
#2902 = VECTOR('',#2903,1.);
#2903 = DIRECTION('',(0.,-1.));
#2904 = ( GEOMETRIC_REPRESENTATION_CONTEXT(2) 
PARAMETRIC_REPRESENTATION_CONTEXT() REPRESENTATION_CONTEXT('2D SPACE',''
  ) );
#2905 = PCURVE('',#2906,#2911);
#2906 = PLANE('',#2907);
#2907 = AXIS2_PLACEMENT_3D('',#2908,#2909,#2910);
#2908 = CARTESIAN_POINT('',(223.,24.9,10.55));
#2909 = DIRECTION('',(0.,0.,1.));
#2910 = DIRECTION('',(1.,0.,-0.));
#2911 = DEFINITIONAL_REPRESENTATION('',(#2912),#2916);
#2912 = LINE('',#2913,#2914);
#2913 = CARTESIAN_POINT('',(3.,0.));
#2914 = VECTOR('',#2915,1.);
#2915 = DIRECTION('',(0.,1.));
#2916 = ( GEOMETRIC_REPRESENTATION_CONTEXT(2) 
PARAMETRIC_REPRESENTATION_CONTEXT() REPRESENTATION_CONTEXT('2D SPACE',''
  ) );
#2917 = ORIENTED_EDGE('',*,*,#2918,.F.);
#2918 = EDGE_CURVE('',#2919,#2891,#2921,.T.);
#2919 = VERTEX_POINT('',#2920);
#2920 = CARTESIAN_POINT('',(226.,24.9,-6.));
#2921 = SURFACE_CURVE('',#2922,(#2926,#2933),.PCURVE_S1.);
#2922 = LINE('',#2923,#2924);
#2923 = CARTESIAN_POINT('',(226.,24.9,-25.75));
#2924 = VECTOR('',#2925,1.);
#2925 = DIRECTION('',(0.,0.,1.));
#2926 = PCURVE('',#2718,#2927);
#2927 = DEFINITIONAL_REPRESENTATION('',(#2928),#2932);
#2928 = LINE('',#2929,#2930);
#2929 = CARTESIAN_POINT('',(-5.75,-10.1));
#2930 = VECTOR('',#2931,1.);
#2931 = DIRECTION('',(1.,0.));
#2932 = ( GEOMETRIC_REPRESENTATION_CONTEXT(2) 
PARAMETRIC_REPRESENTATION_CONTEXT() REPRESENTATION_CONTEXT('2D SPACE',''
  ) );
#2933 = PCURVE('',#2934,#2939);
#2934 = PLANE('',#2935);
#2935 = AXIS2_PLACEMENT_3D('',#2936,#2937,#2938);
#2936 = CARTESIAN_POINT('',(223.,24.9,-25.75));
#2937 = DIRECTION('',(-0.,1.,0.));
#2938 = DIRECTION('',(0.,0.,1.));
#2939 = DEFINITIONAL_REPRESENTATION('',(#2940),#2944);
#2940 = LINE('',#2941,#2942);
#2941 = CARTESIAN_POINT('',(0.,3.));
#2942 = VECTOR('',#2943,1.);
#2943 = DIRECTION('',(1.,0.));
#2944 = ( GEOMETRIC_REPRESENTATION_CONTEXT(2) 
PARAMETRIC_REPRESENTATION_CONTEXT() REPRESENTATION_CONTEXT('2D SPACE',''
  ) );
#2945 = ORIENTED_EDGE('',*,*,#2946,.F.);
#2946 = EDGE_CURVE('',#2788,#2919,#2947,.T.);
#2947 = SURFACE_CURVE('',#2948,(#2952,#2959),.PCURVE_S1.);
#2948 = LINE('',#2949,#2950);
#2949 = CARTESIAN_POINT('',(226.,14.8,-6.));
#2950 = VECTOR('',#2951,1.);
#2951 = DIRECTION('',(-0.,1.,0.));
#2952 = PCURVE('',#2718,#2953);
#2953 = DEFINITIONAL_REPRESENTATION('',(#2954),#2958);
#2954 = LINE('',#2955,#2956);
#2955 = CARTESIAN_POINT('',(14.,0.));
#2956 = VECTOR('',#2957,1.);
#2957 = DIRECTION('',(0.,-1.));
#2958 = ( GEOMETRIC_REPRESENTATION_CONTEXT(2) 
PARAMETRIC_REPRESENTATION_CONTEXT() REPRESENTATION_CONTEXT('2D SPACE',''
  ) );
#2959 = PCURVE('',#1799,#2960);
#2960 = DEFINITIONAL_REPRESENTATION('',(#2961),#2965);
#2961 = LINE('',#2962,#2963);
#2962 = CARTESIAN_POINT('',(13.,0.));
#2963 = VECTOR('',#2964,1.);
#2964 = DIRECTION('',(0.,1.));
#2965 = ( GEOMETRIC_REPRESENTATION_CONTEXT(2) 
PARAMETRIC_REPRESENTATION_CONTEXT() REPRESENTATION_CONTEXT('2D SPACE',''
  ) );
#2966 = FACE_BOUND('',#2967,.T.);
#2967 = EDGE_LOOP('',(#2968,#2997,#3024,#3051));
#2968 = ORIENTED_EDGE('',*,*,#2969,.F.);
#2969 = EDGE_CURVE('',#2970,#2972,#2974,.T.);
#2970 = VERTEX_POINT('',#2971);
#2971 = CARTESIAN_POINT('',(226.,42.3,4.));
#2972 = VERTEX_POINT('',#2973);
#2973 = CARTESIAN_POINT('',(226.,29.7,4.));
#2974 = SURFACE_CURVE('',#2975,(#2979,#2986),.PCURVE_S1.);
#2975 = LINE('',#2976,#2977);
#2976 = CARTESIAN_POINT('',(226.,27.3,4.));
#2977 = VECTOR('',#2978,1.);
#2978 = DIRECTION('',(0.,-1.,0.));
#2979 = PCURVE('',#2718,#2980);
#2980 = DEFINITIONAL_REPRESENTATION('',(#2981),#2985);
#2981 = LINE('',#2982,#2983);
#2982 = CARTESIAN_POINT('',(24.,-12.5));
#2983 = VECTOR('',#2984,1.);
#2984 = DIRECTION('',(0.,1.));
#2985 = ( GEOMETRIC_REPRESENTATION_CONTEXT(2) 
PARAMETRIC_REPRESENTATION_CONTEXT() REPRESENTATION_CONTEXT('2D SPACE',''
  ) );
#2986 = PCURVE('',#2987,#2992);
#2987 = PLANE('',#2988);
#2988 = AXIS2_PLACEMENT_3D('',#2989,#2990,#2991);
#2989 = CARTESIAN_POINT('',(218.,29.7,4.));
#2990 = DIRECTION('',(0.,0.,1.));
#2991 = DIRECTION('',(1.,0.,-0.));
#2992 = DEFINITIONAL_REPRESENTATION('',(#2993),#2996);
#2993 = B_SPLINE_CURVE_WITH_KNOTS('',1,(#2994,#2995),.UNSPECIFIED.,.F.,
  .F.,(2,2),(-15.,-2.4),.PIECEWISE_BEZIER_KNOTS.);
#2994 = CARTESIAN_POINT('',(8.,12.6));
#2995 = CARTESIAN_POINT('',(8.,0.));
#2996 = ( GEOMETRIC_REPRESENTATION_CONTEXT(2) 
PARAMETRIC_REPRESENTATION_CONTEXT() REPRESENTATION_CONTEXT('2D SPACE',''
  ) );
#2997 = ORIENTED_EDGE('',*,*,#2998,.F.);
#2998 = EDGE_CURVE('',#2999,#2970,#3001,.T.);
#2999 = VERTEX_POINT('',#3000);
#3000 = CARTESIAN_POINT('',(226.,42.3,-19.2));
#3001 = SURFACE_CURVE('',#3002,(#3006,#3013),.PCURVE_S1.);
#3002 = LINE('',#3003,#3004);
#3003 = CARTESIAN_POINT('',(226.,42.3,-22.475));
#3004 = VECTOR('',#3005,1.);
#3005 = DIRECTION('',(0.,0.,1.));
#3006 = PCURVE('',#2718,#3007);
#3007 = DEFINITIONAL_REPRESENTATION('',(#3008),#3012);
#3008 = LINE('',#3009,#3010);
#3009 = CARTESIAN_POINT('',(-2.475,-27.5));
#3010 = VECTOR('',#3011,1.);
#3011 = DIRECTION('',(1.,0.));
#3012 = ( GEOMETRIC_REPRESENTATION_CONTEXT(2) 
PARAMETRIC_REPRESENTATION_CONTEXT() REPRESENTATION_CONTEXT('2D SPACE',''
  ) );
#3013 = PCURVE('',#3014,#3019);
#3014 = PLANE('',#3015);
#3015 = AXIS2_PLACEMENT_3D('',#3016,#3017,#3018);
#3016 = CARTESIAN_POINT('',(218.,42.3,-19.2));
#3017 = DIRECTION('',(-0.,1.,0.));
#3018 = DIRECTION('',(0.,0.,1.));
#3019 = DEFINITIONAL_REPRESENTATION('',(#3020),#3023);
#3020 = B_SPLINE_CURVE_WITH_KNOTS('',1,(#3021,#3022),.UNSPECIFIED.,.F.,
  .F.,(2,2),(3.275,26.475),.PIECEWISE_BEZIER_KNOTS.);
#3021 = CARTESIAN_POINT('',(0.,8.));
#3022 = CARTESIAN_POINT('',(23.2,8.));
#3023 = ( GEOMETRIC_REPRESENTATION_CONTEXT(2) 
PARAMETRIC_REPRESENTATION_CONTEXT() REPRESENTATION_CONTEXT('2D SPACE',''
  ) );
#3024 = ORIENTED_EDGE('',*,*,#3025,.T.);
#3025 = EDGE_CURVE('',#2999,#3026,#3028,.T.);
#3026 = VERTEX_POINT('',#3027);
#3027 = CARTESIAN_POINT('',(226.,29.7,-19.2));
#3028 = SURFACE_CURVE('',#3029,(#3033,#3040),.PCURVE_S1.);
#3029 = LINE('',#3030,#3031);
#3030 = CARTESIAN_POINT('',(226.,27.3,-19.2));
#3031 = VECTOR('',#3032,1.);
#3032 = DIRECTION('',(0.,-1.,0.));
#3033 = PCURVE('',#2718,#3034);
#3034 = DEFINITIONAL_REPRESENTATION('',(#3035),#3039);
#3035 = LINE('',#3036,#3037);
#3036 = CARTESIAN_POINT('',(0.8,-12.5));
#3037 = VECTOR('',#3038,1.);
#3038 = DIRECTION('',(0.,1.));
#3039 = ( GEOMETRIC_REPRESENTATION_CONTEXT(2) 
PARAMETRIC_REPRESENTATION_CONTEXT() REPRESENTATION_CONTEXT('2D SPACE',''
  ) );
#3040 = PCURVE('',#3041,#3046);
#3041 = PLANE('',#3042);
#3042 = AXIS2_PLACEMENT_3D('',#3043,#3044,#3045);
#3043 = CARTESIAN_POINT('',(218.,29.7,-19.2));
#3044 = DIRECTION('',(0.,0.,1.));
#3045 = DIRECTION('',(1.,0.,-0.));
#3046 = DEFINITIONAL_REPRESENTATION('',(#3047),#3050);
#3047 = B_SPLINE_CURVE_WITH_KNOTS('',1,(#3048,#3049),.UNSPECIFIED.,.F.,
  .F.,(2,2),(-15.,-2.4),.PIECEWISE_BEZIER_KNOTS.);
#3048 = CARTESIAN_POINT('',(8.,12.6));
#3049 = CARTESIAN_POINT('',(8.,0.));
#3050 = ( GEOMETRIC_REPRESENTATION_CONTEXT(2) 
PARAMETRIC_REPRESENTATION_CONTEXT() REPRESENTATION_CONTEXT('2D SPACE',''
  ) );
#3051 = ORIENTED_EDGE('',*,*,#3052,.T.);
#3052 = EDGE_CURVE('',#3026,#2972,#3053,.T.);
#3053 = SURFACE_CURVE('',#3054,(#3058,#3065),.PCURVE_S1.);
#3054 = LINE('',#3055,#3056);
#3055 = CARTESIAN_POINT('',(226.,29.7,-22.475));
#3056 = VECTOR('',#3057,1.);
#3057 = DIRECTION('',(0.,0.,1.));
#3058 = PCURVE('',#2718,#3059);
#3059 = DEFINITIONAL_REPRESENTATION('',(#3060),#3064);
#3060 = LINE('',#3061,#3062);
#3061 = CARTESIAN_POINT('',(-2.475,-14.9));
#3062 = VECTOR('',#3063,1.);
#3063 = DIRECTION('',(1.,0.));
#3064 = ( GEOMETRIC_REPRESENTATION_CONTEXT(2) 
PARAMETRIC_REPRESENTATION_CONTEXT() REPRESENTATION_CONTEXT('2D SPACE',''
  ) );
#3065 = PCURVE('',#3066,#3071);
#3066 = PLANE('',#3067);
#3067 = AXIS2_PLACEMENT_3D('',#3068,#3069,#3070);
#3068 = CARTESIAN_POINT('',(218.,29.7,-19.2));
#3069 = DIRECTION('',(-0.,1.,0.));
#3070 = DIRECTION('',(0.,0.,1.));
#3071 = DEFINITIONAL_REPRESENTATION('',(#3072),#3075);
#3072 = B_SPLINE_CURVE_WITH_KNOTS('',1,(#3073,#3074),.UNSPECIFIED.,.F.,
  .F.,(2,2),(3.275,26.475),.PIECEWISE_BEZIER_KNOTS.);
#3073 = CARTESIAN_POINT('',(0.,8.));
#3074 = CARTESIAN_POINT('',(23.2,8.));
#3075 = ( GEOMETRIC_REPRESENTATION_CONTEXT(2) 
PARAMETRIC_REPRESENTATION_CONTEXT() REPRESENTATION_CONTEXT('2D SPACE',''
  ) );
#3076 = FACE_BOUND('',#3077,.T.);
#3077 = EDGE_LOOP('',(#3078));
#3078 = ORIENTED_EDGE('',*,*,#3079,.F.);
#3079 = EDGE_CURVE('',#3080,#3080,#3082,.T.);
#3080 = VERTEX_POINT('',#3081);
#3081 = CARTESIAN_POINT('',(226.,36.,-20.7));
#3082 = SURFACE_CURVE('',#3083,(#3088,#3095),.PCURVE_S1.);
#3083 = CIRCLE('',#3084,0.8);
#3084 = AXIS2_PLACEMENT_3D('',#3085,#3086,#3087);
#3085 = CARTESIAN_POINT('',(226.,36.,-21.5));
#3086 = DIRECTION('',(1.,0.,0.));
#3087 = DIRECTION('',(-0.,0.,1.));
#3088 = PCURVE('',#2718,#3089);
#3089 = DEFINITIONAL_REPRESENTATION('',(#3090),#3094);
#3090 = CIRCLE('',#3091,0.8);
#3091 = AXIS2_PLACEMENT_2D('',#3092,#3093);
#3092 = CARTESIAN_POINT('',(-1.5,-21.2));
#3093 = DIRECTION('',(1.,0.));
#3094 = ( GEOMETRIC_REPRESENTATION_CONTEXT(2) 
PARAMETRIC_REPRESENTATION_CONTEXT() REPRESENTATION_CONTEXT('2D SPACE',''
  ) );
#3095 = PCURVE('',#3096,#3101);
#3096 = CYLINDRICAL_SURFACE('',#3097,0.8);
#3097 = AXIS2_PLACEMENT_3D('',#3098,#3099,#3100);
#3098 = CARTESIAN_POINT('',(218.,36.,-21.5));
#3099 = DIRECTION('',(1.,0.,0.));
#3100 = DIRECTION('',(-0.,0.,1.));
#3101 = DEFINITIONAL_REPRESENTATION('',(#3102),#3106);
#3102 = LINE('',#3103,#3104);
#3103 = CARTESIAN_POINT('',(0.,8.));
#3104 = VECTOR('',#3105,1.);
#3105 = DIRECTION('',(1.,0.));
#3106 = ( GEOMETRIC_REPRESENTATION_CONTEXT(2) 
PARAMETRIC_REPRESENTATION_CONTEXT() REPRESENTATION_CONTEXT('2D SPACE',''
  ) );
#3107 = FACE_BOUND('',#3108,.T.);
#3108 = EDGE_LOOP('',(#3109));
#3109 = ORIENTED_EDGE('',*,*,#3110,.F.);
#3110 = EDGE_CURVE('',#3111,#3111,#3113,.T.);
#3111 = VERTEX_POINT('',#3112);
#3112 = CARTESIAN_POINT('',(226.,36.,7.1));
#3113 = SURFACE_CURVE('',#3114,(#3119,#3126),.PCURVE_S1.);
#3114 = CIRCLE('',#3115,0.8);
#3115 = AXIS2_PLACEMENT_3D('',#3116,#3117,#3118);
#3116 = CARTESIAN_POINT('',(226.,36.,6.3));
#3117 = DIRECTION('',(1.,0.,0.));
#3118 = DIRECTION('',(-0.,0.,1.));
#3119 = PCURVE('',#2718,#3120);
#3120 = DEFINITIONAL_REPRESENTATION('',(#3121),#3125);
#3121 = CIRCLE('',#3122,0.8);
#3122 = AXIS2_PLACEMENT_2D('',#3123,#3124);
#3123 = CARTESIAN_POINT('',(26.3,-21.2));
#3124 = DIRECTION('',(1.,0.));
#3125 = ( GEOMETRIC_REPRESENTATION_CONTEXT(2) 
PARAMETRIC_REPRESENTATION_CONTEXT() REPRESENTATION_CONTEXT('2D SPACE',''
  ) );
#3126 = PCURVE('',#3127,#3132);
#3127 = CYLINDRICAL_SURFACE('',#3128,0.8);
#3128 = AXIS2_PLACEMENT_3D('',#3129,#3130,#3131);
#3129 = CARTESIAN_POINT('',(218.,36.,6.3));
#3130 = DIRECTION('',(1.,0.,0.));
#3131 = DIRECTION('',(-0.,0.,1.));
#3132 = DEFINITIONAL_REPRESENTATION('',(#3133),#3137);
#3133 = LINE('',#3134,#3135);
#3134 = CARTESIAN_POINT('',(0.,8.));
#3135 = VECTOR('',#3136,1.);
#3136 = DIRECTION('',(1.,0.));
#3137 = ( GEOMETRIC_REPRESENTATION_CONTEXT(2) 
PARAMETRIC_REPRESENTATION_CONTEXT() REPRESENTATION_CONTEXT('2D SPACE',''
  ) );
#3138 = ADVANCED_FACE('',(#3139),#3127,.F.);
#3139 = FACE_BOUND('',#3140,.F.);
#3140 = EDGE_LOOP('',(#3141,#3142,#3165,#3192));
#3141 = ORIENTED_EDGE('',*,*,#3110,.F.);
#3142 = ORIENTED_EDGE('',*,*,#3143,.F.);
#3143 = EDGE_CURVE('',#3144,#3111,#3146,.T.);
#3144 = VERTEX_POINT('',#3145);
#3145 = CARTESIAN_POINT('',(223.,36.,7.1));
#3146 = SEAM_CURVE('',#3147,(#3151,#3158),.PCURVE_S1.);
#3147 = LINE('',#3148,#3149);
#3148 = CARTESIAN_POINT('',(218.,36.,7.1));
#3149 = VECTOR('',#3150,1.);
#3150 = DIRECTION('',(1.,0.,0.));
#3151 = PCURVE('',#3127,#3152);
#3152 = DEFINITIONAL_REPRESENTATION('',(#3153),#3157);
#3153 = LINE('',#3154,#3155);
#3154 = CARTESIAN_POINT('',(6.28318530718,-0.));
#3155 = VECTOR('',#3156,1.);
#3156 = DIRECTION('',(0.,1.));
#3157 = ( GEOMETRIC_REPRESENTATION_CONTEXT(2) 
PARAMETRIC_REPRESENTATION_CONTEXT() REPRESENTATION_CONTEXT('2D SPACE',''
  ) );
#3158 = PCURVE('',#3127,#3159);
#3159 = DEFINITIONAL_REPRESENTATION('',(#3160),#3164);
#3160 = LINE('',#3161,#3162);
#3161 = CARTESIAN_POINT('',(0.,-0.));
#3162 = VECTOR('',#3163,1.);
#3163 = DIRECTION('',(0.,1.));
#3164 = ( GEOMETRIC_REPRESENTATION_CONTEXT(2) 
PARAMETRIC_REPRESENTATION_CONTEXT() REPRESENTATION_CONTEXT('2D SPACE',''
  ) );
#3165 = ORIENTED_EDGE('',*,*,#3166,.T.);
#3166 = EDGE_CURVE('',#3144,#3144,#3167,.T.);
#3167 = SURFACE_CURVE('',#3168,(#3173,#3180),.PCURVE_S1.);
#3168 = CIRCLE('',#3169,0.8);
#3169 = AXIS2_PLACEMENT_3D('',#3170,#3171,#3172);
#3170 = CARTESIAN_POINT('',(223.,36.,6.3));
#3171 = DIRECTION('',(1.,0.,0.));
#3172 = DIRECTION('',(-0.,0.,1.));
#3173 = PCURVE('',#3127,#3174);
#3174 = DEFINITIONAL_REPRESENTATION('',(#3175),#3179);
#3175 = LINE('',#3176,#3177);
#3176 = CARTESIAN_POINT('',(0.,5.));
#3177 = VECTOR('',#3178,1.);
#3178 = DIRECTION('',(1.,0.));
#3179 = ( GEOMETRIC_REPRESENTATION_CONTEXT(2) 
PARAMETRIC_REPRESENTATION_CONTEXT() REPRESENTATION_CONTEXT('2D SPACE',''
  ) );
#3180 = PCURVE('',#3181,#3186);
#3181 = PLANE('',#3182);
#3182 = AXIS2_PLACEMENT_3D('',#3183,#3184,#3185);
#3183 = CARTESIAN_POINT('',(223.,24.9,-25.75));
#3184 = DIRECTION('',(1.,0.,-0.));
#3185 = DIRECTION('',(0.,0.,1.));
#3186 = DEFINITIONAL_REPRESENTATION('',(#3187),#3191);
#3187 = CIRCLE('',#3188,0.8);
#3188 = AXIS2_PLACEMENT_2D('',#3189,#3190);
#3189 = CARTESIAN_POINT('',(32.05,-11.1));
#3190 = DIRECTION('',(1.,0.));
#3191 = ( GEOMETRIC_REPRESENTATION_CONTEXT(2) 
PARAMETRIC_REPRESENTATION_CONTEXT() REPRESENTATION_CONTEXT('2D SPACE',''
  ) );
#3192 = ORIENTED_EDGE('',*,*,#3143,.T.);
#3193 = ADVANCED_FACE('',(#3194,#3332,#3358,#3361),#3181,.F.);
#3194 = FACE_BOUND('',#3195,.F.);
#3195 = EDGE_LOOP('',(#3196,#3219,#3242,#3265,#3288,#3311));
#3196 = ORIENTED_EDGE('',*,*,#3197,.F.);
#3197 = EDGE_CURVE('',#3198,#2731,#3200,.T.);
#3198 = VERTEX_POINT('',#3199);
#3199 = CARTESIAN_POINT('',(223.,24.9,-25.75));
#3200 = SURFACE_CURVE('',#3201,(#3205,#3212),.PCURVE_S1.);
#3201 = LINE('',#3202,#3203);
#3202 = CARTESIAN_POINT('',(223.,24.9,-25.75));
#3203 = VECTOR('',#3204,1.);
#3204 = DIRECTION('',(0.,0.,1.));
#3205 = PCURVE('',#3181,#3206);
#3206 = DEFINITIONAL_REPRESENTATION('',(#3207),#3211);
#3207 = LINE('',#3208,#3209);
#3208 = CARTESIAN_POINT('',(0.,0.));
#3209 = VECTOR('',#3210,1.);
#3210 = DIRECTION('',(1.,0.));
#3211 = ( GEOMETRIC_REPRESENTATION_CONTEXT(2) 
PARAMETRIC_REPRESENTATION_CONTEXT() REPRESENTATION_CONTEXT('2D SPACE',''
  ) );
#3212 = PCURVE('',#2746,#3213);
#3213 = DEFINITIONAL_REPRESENTATION('',(#3214),#3218);
#3214 = LINE('',#3215,#3216);
#3215 = CARTESIAN_POINT('',(0.,0.));
#3216 = VECTOR('',#3217,1.);
#3217 = DIRECTION('',(1.,0.));
#3218 = ( GEOMETRIC_REPRESENTATION_CONTEXT(2) 
PARAMETRIC_REPRESENTATION_CONTEXT() REPRESENTATION_CONTEXT('2D SPACE',''
  ) );
#3219 = ORIENTED_EDGE('',*,*,#3220,.T.);
#3220 = EDGE_CURVE('',#3198,#3221,#3223,.T.);
#3221 = VERTEX_POINT('',#3222);
#3222 = CARTESIAN_POINT('',(223.,47.1,-25.75));
#3223 = SURFACE_CURVE('',#3224,(#3228,#3235),.PCURVE_S1.);
#3224 = LINE('',#3225,#3226);
#3225 = CARTESIAN_POINT('',(223.,24.9,-25.75));
#3226 = VECTOR('',#3227,1.);
#3227 = DIRECTION('',(-0.,1.,0.));
#3228 = PCURVE('',#3181,#3229);
#3229 = DEFINITIONAL_REPRESENTATION('',(#3230),#3234);
#3230 = LINE('',#3231,#3232);
#3231 = CARTESIAN_POINT('',(0.,0.));
#3232 = VECTOR('',#3233,1.);
#3233 = DIRECTION('',(0.,-1.));
#3234 = ( GEOMETRIC_REPRESENTATION_CONTEXT(2) 
PARAMETRIC_REPRESENTATION_CONTEXT() REPRESENTATION_CONTEXT('2D SPACE',''
  ) );
#3235 = PCURVE('',#2850,#3236);
#3236 = DEFINITIONAL_REPRESENTATION('',(#3237),#3241);
#3237 = LINE('',#3238,#3239);
#3238 = CARTESIAN_POINT('',(0.,0.));
#3239 = VECTOR('',#3240,1.);
#3240 = DIRECTION('',(0.,1.));
#3241 = ( GEOMETRIC_REPRESENTATION_CONTEXT(2) 
PARAMETRIC_REPRESENTATION_CONTEXT() REPRESENTATION_CONTEXT('2D SPACE',''
  ) );
#3242 = ORIENTED_EDGE('',*,*,#3243,.T.);
#3243 = EDGE_CURVE('',#3221,#3244,#3246,.T.);
#3244 = VERTEX_POINT('',#3245);
#3245 = CARTESIAN_POINT('',(223.,47.1,10.55));
#3246 = SURFACE_CURVE('',#3247,(#3251,#3258),.PCURVE_S1.);
#3247 = LINE('',#3248,#3249);
#3248 = CARTESIAN_POINT('',(223.,47.1,-25.75));
#3249 = VECTOR('',#3250,1.);
#3250 = DIRECTION('',(0.,0.,1.));
#3251 = PCURVE('',#3181,#3252);
#3252 = DEFINITIONAL_REPRESENTATION('',(#3253),#3257);
#3253 = LINE('',#3254,#3255);
#3254 = CARTESIAN_POINT('',(0.,-22.2));
#3255 = VECTOR('',#3256,1.);
#3256 = DIRECTION('',(1.,0.));
#3257 = ( GEOMETRIC_REPRESENTATION_CONTEXT(2) 
PARAMETRIC_REPRESENTATION_CONTEXT() REPRESENTATION_CONTEXT('2D SPACE',''
  ) );
#3258 = PCURVE('',#2878,#3259);
#3259 = DEFINITIONAL_REPRESENTATION('',(#3260),#3264);
#3260 = LINE('',#3261,#3262);
#3261 = CARTESIAN_POINT('',(0.,0.));
#3262 = VECTOR('',#3263,1.);
#3263 = DIRECTION('',(1.,0.));
#3264 = ( GEOMETRIC_REPRESENTATION_CONTEXT(2) 
PARAMETRIC_REPRESENTATION_CONTEXT() REPRESENTATION_CONTEXT('2D SPACE',''
  ) );
#3265 = ORIENTED_EDGE('',*,*,#3266,.F.);
#3266 = EDGE_CURVE('',#3267,#3244,#3269,.T.);
#3267 = VERTEX_POINT('',#3268);
#3268 = CARTESIAN_POINT('',(223.,24.9,10.55));
#3269 = SURFACE_CURVE('',#3270,(#3274,#3281),.PCURVE_S1.);
#3270 = LINE('',#3271,#3272);
#3271 = CARTESIAN_POINT('',(223.,24.9,10.55));
#3272 = VECTOR('',#3273,1.);
#3273 = DIRECTION('',(-0.,1.,0.));
#3274 = PCURVE('',#3181,#3275);
#3275 = DEFINITIONAL_REPRESENTATION('',(#3276),#3280);
#3276 = LINE('',#3277,#3278);
#3277 = CARTESIAN_POINT('',(36.3,0.));
#3278 = VECTOR('',#3279,1.);
#3279 = DIRECTION('',(0.,-1.));
#3280 = ( GEOMETRIC_REPRESENTATION_CONTEXT(2) 
PARAMETRIC_REPRESENTATION_CONTEXT() REPRESENTATION_CONTEXT('2D SPACE',''
  ) );
#3281 = PCURVE('',#2906,#3282);
#3282 = DEFINITIONAL_REPRESENTATION('',(#3283),#3287);
#3283 = LINE('',#3284,#3285);
#3284 = CARTESIAN_POINT('',(0.,0.));
#3285 = VECTOR('',#3286,1.);
#3286 = DIRECTION('',(0.,1.));
#3287 = ( GEOMETRIC_REPRESENTATION_CONTEXT(2) 
PARAMETRIC_REPRESENTATION_CONTEXT() REPRESENTATION_CONTEXT('2D SPACE',''
  ) );
#3288 = ORIENTED_EDGE('',*,*,#3289,.F.);
#3289 = EDGE_CURVE('',#3290,#3267,#3292,.T.);
#3290 = VERTEX_POINT('',#3291);
#3291 = CARTESIAN_POINT('',(223.,24.9,-6.));
#3292 = SURFACE_CURVE('',#3293,(#3297,#3304),.PCURVE_S1.);
#3293 = LINE('',#3294,#3295);
#3294 = CARTESIAN_POINT('',(223.,24.9,-25.75));
#3295 = VECTOR('',#3296,1.);
#3296 = DIRECTION('',(0.,0.,1.));
#3297 = PCURVE('',#3181,#3298);
#3298 = DEFINITIONAL_REPRESENTATION('',(#3299),#3303);
#3299 = LINE('',#3300,#3301);
#3300 = CARTESIAN_POINT('',(0.,0.));
#3301 = VECTOR('',#3302,1.);
#3302 = DIRECTION('',(1.,0.));
#3303 = ( GEOMETRIC_REPRESENTATION_CONTEXT(2) 
PARAMETRIC_REPRESENTATION_CONTEXT() REPRESENTATION_CONTEXT('2D SPACE',''
  ) );
#3304 = PCURVE('',#2934,#3305);
#3305 = DEFINITIONAL_REPRESENTATION('',(#3306),#3310);
#3306 = LINE('',#3307,#3308);
#3307 = CARTESIAN_POINT('',(0.,0.));
#3308 = VECTOR('',#3309,1.);
#3309 = DIRECTION('',(1.,0.));
#3310 = ( GEOMETRIC_REPRESENTATION_CONTEXT(2) 
PARAMETRIC_REPRESENTATION_CONTEXT() REPRESENTATION_CONTEXT('2D SPACE',''
  ) );
#3311 = ORIENTED_EDGE('',*,*,#3312,.F.);
#3312 = EDGE_CURVE('',#2731,#3290,#3313,.T.);
#3313 = SURFACE_CURVE('',#3314,(#3318,#3325),.PCURVE_S1.);
#3314 = LINE('',#3315,#3316);
#3315 = CARTESIAN_POINT('',(223.,24.9,-25.75));
#3316 = VECTOR('',#3317,1.);
#3317 = DIRECTION('',(0.,0.,1.));
#3318 = PCURVE('',#3181,#3319);
#3319 = DEFINITIONAL_REPRESENTATION('',(#3320),#3324);
#3320 = LINE('',#3321,#3322);
#3321 = CARTESIAN_POINT('',(0.,0.));
#3322 = VECTOR('',#3323,1.);
#3323 = DIRECTION('',(1.,0.));
#3324 = ( GEOMETRIC_REPRESENTATION_CONTEXT(2) 
PARAMETRIC_REPRESENTATION_CONTEXT() REPRESENTATION_CONTEXT('2D SPACE',''
  ) );
#3325 = PCURVE('',#2772,#3326);
#3326 = DEFINITIONAL_REPRESENTATION('',(#3327),#3331);
#3327 = LINE('',#3328,#3329);
#3328 = CARTESIAN_POINT('',(-5.75,10.));
#3329 = VECTOR('',#3330,1.);
#3330 = DIRECTION('',(1.,0.));
#3331 = ( GEOMETRIC_REPRESENTATION_CONTEXT(2) 
PARAMETRIC_REPRESENTATION_CONTEXT() REPRESENTATION_CONTEXT('2D SPACE',''
  ) );
#3332 = FACE_BOUND('',#3333,.F.);
#3333 = EDGE_LOOP('',(#3334));
#3334 = ORIENTED_EDGE('',*,*,#3335,.F.);
#3335 = EDGE_CURVE('',#3336,#3336,#3338,.T.);
#3336 = VERTEX_POINT('',#3337);
#3337 = CARTESIAN_POINT('',(223.,36.,-20.7));
#3338 = SURFACE_CURVE('',#3339,(#3344,#3351),.PCURVE_S1.);
#3339 = CIRCLE('',#3340,0.8);
#3340 = AXIS2_PLACEMENT_3D('',#3341,#3342,#3343);
#3341 = CARTESIAN_POINT('',(223.,36.,-21.5));
#3342 = DIRECTION('',(1.,0.,0.));
#3343 = DIRECTION('',(-0.,0.,1.));
#3344 = PCURVE('',#3181,#3345);
#3345 = DEFINITIONAL_REPRESENTATION('',(#3346),#3350);
#3346 = CIRCLE('',#3347,0.8);
#3347 = AXIS2_PLACEMENT_2D('',#3348,#3349);
#3348 = CARTESIAN_POINT('',(4.25,-11.1));
#3349 = DIRECTION('',(1.,0.));
#3350 = ( GEOMETRIC_REPRESENTATION_CONTEXT(2) 
PARAMETRIC_REPRESENTATION_CONTEXT() REPRESENTATION_CONTEXT('2D SPACE',''
  ) );
#3351 = PCURVE('',#3096,#3352);
#3352 = DEFINITIONAL_REPRESENTATION('',(#3353),#3357);
#3353 = LINE('',#3354,#3355);
#3354 = CARTESIAN_POINT('',(0.,5.));
#3355 = VECTOR('',#3356,1.);
#3356 = DIRECTION('',(1.,0.));
#3357 = ( GEOMETRIC_REPRESENTATION_CONTEXT(2) 
PARAMETRIC_REPRESENTATION_CONTEXT() REPRESENTATION_CONTEXT('2D SPACE',''
  ) );
#3358 = FACE_BOUND('',#3359,.F.);
#3359 = EDGE_LOOP('',(#3360));
#3360 = ORIENTED_EDGE('',*,*,#3166,.F.);
#3361 = FACE_BOUND('',#3362,.F.);
#3362 = EDGE_LOOP('',(#3363,#3386,#3407,#3428));
#3363 = ORIENTED_EDGE('',*,*,#3364,.T.);
#3364 = EDGE_CURVE('',#3365,#3367,#3369,.T.);
#3365 = VERTEX_POINT('',#3366);
#3366 = CARTESIAN_POINT('',(223.,42.3,-19.2));
#3367 = VERTEX_POINT('',#3368);
#3368 = CARTESIAN_POINT('',(223.,29.7,-19.2));
#3369 = SURFACE_CURVE('',#3370,(#3374,#3380),.PCURVE_S1.);
#3370 = LINE('',#3371,#3372);
#3371 = CARTESIAN_POINT('',(223.,27.3,-19.2));
#3372 = VECTOR('',#3373,1.);
#3373 = DIRECTION('',(0.,-1.,0.));
#3374 = PCURVE('',#3181,#3375);
#3375 = DEFINITIONAL_REPRESENTATION('',(#3376),#3379);
#3376 = B_SPLINE_CURVE_WITH_KNOTS('',1,(#3377,#3378),.UNSPECIFIED.,.F.,
  .F.,(2,2),(-15.,-2.4),.PIECEWISE_BEZIER_KNOTS.);
#3377 = CARTESIAN_POINT('',(6.55,-17.4));
#3378 = CARTESIAN_POINT('',(6.55,-4.8));
#3379 = ( GEOMETRIC_REPRESENTATION_CONTEXT(2) 
PARAMETRIC_REPRESENTATION_CONTEXT() REPRESENTATION_CONTEXT('2D SPACE',''
  ) );
#3380 = PCURVE('',#3041,#3381);
#3381 = DEFINITIONAL_REPRESENTATION('',(#3382),#3385);
#3382 = B_SPLINE_CURVE_WITH_KNOTS('',1,(#3383,#3384),.UNSPECIFIED.,.F.,
  .F.,(2,2),(-15.,-2.4),.PIECEWISE_BEZIER_KNOTS.);
#3383 = CARTESIAN_POINT('',(5.,12.6));
#3384 = CARTESIAN_POINT('',(5.,0.));
#3385 = ( GEOMETRIC_REPRESENTATION_CONTEXT(2) 
PARAMETRIC_REPRESENTATION_CONTEXT() REPRESENTATION_CONTEXT('2D SPACE',''
  ) );
#3386 = ORIENTED_EDGE('',*,*,#3387,.T.);
#3387 = EDGE_CURVE('',#3367,#3388,#3390,.T.);
#3388 = VERTEX_POINT('',#3389);
#3389 = CARTESIAN_POINT('',(223.,29.7,4.));
#3390 = SURFACE_CURVE('',#3391,(#3395,#3401),.PCURVE_S1.);
#3391 = LINE('',#3392,#3393);
#3392 = CARTESIAN_POINT('',(223.,29.7,-22.475));
#3393 = VECTOR('',#3394,1.);
#3394 = DIRECTION('',(0.,0.,1.));
#3395 = PCURVE('',#3181,#3396);
#3396 = DEFINITIONAL_REPRESENTATION('',(#3397),#3400);
#3397 = B_SPLINE_CURVE_WITH_KNOTS('',1,(#3398,#3399),.UNSPECIFIED.,.F.,
  .F.,(2,2),(3.275,26.475),.PIECEWISE_BEZIER_KNOTS.);
#3398 = CARTESIAN_POINT('',(6.55,-4.8));
#3399 = CARTESIAN_POINT('',(29.75,-4.8));
#3400 = ( GEOMETRIC_REPRESENTATION_CONTEXT(2) 
PARAMETRIC_REPRESENTATION_CONTEXT() REPRESENTATION_CONTEXT('2D SPACE',''
  ) );
#3401 = PCURVE('',#3066,#3402);
#3402 = DEFINITIONAL_REPRESENTATION('',(#3403),#3406);
#3403 = B_SPLINE_CURVE_WITH_KNOTS('',1,(#3404,#3405),.UNSPECIFIED.,.F.,
  .F.,(2,2),(3.275,26.475),.PIECEWISE_BEZIER_KNOTS.);
#3404 = CARTESIAN_POINT('',(0.,5.));
#3405 = CARTESIAN_POINT('',(23.2,5.));
#3406 = ( GEOMETRIC_REPRESENTATION_CONTEXT(2) 
PARAMETRIC_REPRESENTATION_CONTEXT() REPRESENTATION_CONTEXT('2D SPACE',''
  ) );
#3407 = ORIENTED_EDGE('',*,*,#3408,.F.);
#3408 = EDGE_CURVE('',#3409,#3388,#3411,.T.);
#3409 = VERTEX_POINT('',#3410);
#3410 = CARTESIAN_POINT('',(223.,42.3,4.));
#3411 = SURFACE_CURVE('',#3412,(#3416,#3422),.PCURVE_S1.);
#3412 = LINE('',#3413,#3414);
#3413 = CARTESIAN_POINT('',(223.,27.3,4.));
#3414 = VECTOR('',#3415,1.);
#3415 = DIRECTION('',(0.,-1.,0.));
#3416 = PCURVE('',#3181,#3417);
#3417 = DEFINITIONAL_REPRESENTATION('',(#3418),#3421);
#3418 = B_SPLINE_CURVE_WITH_KNOTS('',1,(#3419,#3420),.UNSPECIFIED.,.F.,
  .F.,(2,2),(-15.,-2.4),.PIECEWISE_BEZIER_KNOTS.);
#3419 = CARTESIAN_POINT('',(29.75,-17.4));
#3420 = CARTESIAN_POINT('',(29.75,-4.8));
#3421 = ( GEOMETRIC_REPRESENTATION_CONTEXT(2) 
PARAMETRIC_REPRESENTATION_CONTEXT() REPRESENTATION_CONTEXT('2D SPACE',''
  ) );
#3422 = PCURVE('',#2987,#3423);
#3423 = DEFINITIONAL_REPRESENTATION('',(#3424),#3427);
#3424 = B_SPLINE_CURVE_WITH_KNOTS('',1,(#3425,#3426),.UNSPECIFIED.,.F.,
  .F.,(2,2),(-15.,-2.4),.PIECEWISE_BEZIER_KNOTS.);
#3425 = CARTESIAN_POINT('',(5.,12.6));
#3426 = CARTESIAN_POINT('',(5.,0.));
#3427 = ( GEOMETRIC_REPRESENTATION_CONTEXT(2) 
PARAMETRIC_REPRESENTATION_CONTEXT() REPRESENTATION_CONTEXT('2D SPACE',''
  ) );
#3428 = ORIENTED_EDGE('',*,*,#3429,.F.);
#3429 = EDGE_CURVE('',#3365,#3409,#3430,.T.);
#3430 = SURFACE_CURVE('',#3431,(#3435,#3441),.PCURVE_S1.);
#3431 = LINE('',#3432,#3433);
#3432 = CARTESIAN_POINT('',(223.,42.3,-22.475));
#3433 = VECTOR('',#3434,1.);
#3434 = DIRECTION('',(0.,0.,1.));
#3435 = PCURVE('',#3181,#3436);
#3436 = DEFINITIONAL_REPRESENTATION('',(#3437),#3440);
#3437 = B_SPLINE_CURVE_WITH_KNOTS('',1,(#3438,#3439),.UNSPECIFIED.,.F.,
  .F.,(2,2),(3.275,26.475),.PIECEWISE_BEZIER_KNOTS.);
#3438 = CARTESIAN_POINT('',(6.55,-17.4));
#3439 = CARTESIAN_POINT('',(29.75,-17.4));
#3440 = ( GEOMETRIC_REPRESENTATION_CONTEXT(2) 
PARAMETRIC_REPRESENTATION_CONTEXT() REPRESENTATION_CONTEXT('2D SPACE',''
  ) );
#3441 = PCURVE('',#3014,#3442);
#3442 = DEFINITIONAL_REPRESENTATION('',(#3443),#3446);
#3443 = B_SPLINE_CURVE_WITH_KNOTS('',1,(#3444,#3445),.UNSPECIFIED.,.F.,
  .F.,(2,2),(3.275,26.475),.PIECEWISE_BEZIER_KNOTS.);
#3444 = CARTESIAN_POINT('',(0.,5.));
#3445 = CARTESIAN_POINT('',(23.2,5.));
#3446 = ( GEOMETRIC_REPRESENTATION_CONTEXT(2) 
PARAMETRIC_REPRESENTATION_CONTEXT() REPRESENTATION_CONTEXT('2D SPACE',''
  ) );
#3447 = ADVANCED_FACE('',(#3448),#3096,.F.);
#3448 = FACE_BOUND('',#3449,.F.);
#3449 = EDGE_LOOP('',(#3450,#3451,#3472,#3473));
#3450 = ORIENTED_EDGE('',*,*,#3079,.F.);
#3451 = ORIENTED_EDGE('',*,*,#3452,.F.);
#3452 = EDGE_CURVE('',#3336,#3080,#3453,.T.);
#3453 = SEAM_CURVE('',#3454,(#3458,#3465),.PCURVE_S1.);
#3454 = LINE('',#3455,#3456);
#3455 = CARTESIAN_POINT('',(218.,36.,-20.7));
#3456 = VECTOR('',#3457,1.);
#3457 = DIRECTION('',(1.,0.,0.));
#3458 = PCURVE('',#3096,#3459);
#3459 = DEFINITIONAL_REPRESENTATION('',(#3460),#3464);
#3460 = LINE('',#3461,#3462);
#3461 = CARTESIAN_POINT('',(6.28318530718,-0.));
#3462 = VECTOR('',#3463,1.);
#3463 = DIRECTION('',(0.,1.));
#3464 = ( GEOMETRIC_REPRESENTATION_CONTEXT(2) 
PARAMETRIC_REPRESENTATION_CONTEXT() REPRESENTATION_CONTEXT('2D SPACE',''
  ) );
#3465 = PCURVE('',#3096,#3466);
#3466 = DEFINITIONAL_REPRESENTATION('',(#3467),#3471);
#3467 = LINE('',#3468,#3469);
#3468 = CARTESIAN_POINT('',(0.,-0.));
#3469 = VECTOR('',#3470,1.);
#3470 = DIRECTION('',(0.,1.));
#3471 = ( GEOMETRIC_REPRESENTATION_CONTEXT(2) 
PARAMETRIC_REPRESENTATION_CONTEXT() REPRESENTATION_CONTEXT('2D SPACE',''
  ) );
#3472 = ORIENTED_EDGE('',*,*,#3335,.T.);
#3473 = ORIENTED_EDGE('',*,*,#3452,.T.);
#3474 = ADVANCED_FACE('',(#3475),#3066,.T.);
#3475 = FACE_BOUND('',#3476,.T.);
#3476 = EDGE_LOOP('',(#3477,#3498,#3499,#3520));
#3477 = ORIENTED_EDGE('',*,*,#3478,.F.);
#3478 = EDGE_CURVE('',#3367,#3026,#3479,.T.);
#3479 = SURFACE_CURVE('',#3480,(#3484,#3491),.PCURVE_S1.);
#3480 = LINE('',#3481,#3482);
#3481 = CARTESIAN_POINT('',(218.,29.7,-19.2));
#3482 = VECTOR('',#3483,1.);
#3483 = DIRECTION('',(1.,0.,-0.));
#3484 = PCURVE('',#3066,#3485);
#3485 = DEFINITIONAL_REPRESENTATION('',(#3486),#3490);
#3486 = LINE('',#3487,#3488);
#3487 = CARTESIAN_POINT('',(0.,0.));
#3488 = VECTOR('',#3489,1.);
#3489 = DIRECTION('',(0.,1.));
#3490 = ( GEOMETRIC_REPRESENTATION_CONTEXT(2) 
PARAMETRIC_REPRESENTATION_CONTEXT() REPRESENTATION_CONTEXT('2D SPACE',''
  ) );
#3491 = PCURVE('',#3041,#3492);
#3492 = DEFINITIONAL_REPRESENTATION('',(#3493),#3497);
#3493 = LINE('',#3494,#3495);
#3494 = CARTESIAN_POINT('',(0.,0.));
#3495 = VECTOR('',#3496,1.);
#3496 = DIRECTION('',(1.,0.));
#3497 = ( GEOMETRIC_REPRESENTATION_CONTEXT(2) 
PARAMETRIC_REPRESENTATION_CONTEXT() REPRESENTATION_CONTEXT('2D SPACE',''
  ) );
#3498 = ORIENTED_EDGE('',*,*,#3387,.T.);
#3499 = ORIENTED_EDGE('',*,*,#3500,.T.);
#3500 = EDGE_CURVE('',#3388,#2972,#3501,.T.);
#3501 = SURFACE_CURVE('',#3502,(#3506,#3513),.PCURVE_S1.);
#3502 = LINE('',#3503,#3504);
#3503 = CARTESIAN_POINT('',(218.,29.7,4.));
#3504 = VECTOR('',#3505,1.);
#3505 = DIRECTION('',(1.,0.,-0.));
#3506 = PCURVE('',#3066,#3507);
#3507 = DEFINITIONAL_REPRESENTATION('',(#3508),#3512);
#3508 = LINE('',#3509,#3510);
#3509 = CARTESIAN_POINT('',(23.2,0.));
#3510 = VECTOR('',#3511,1.);
#3511 = DIRECTION('',(0.,1.));
#3512 = ( GEOMETRIC_REPRESENTATION_CONTEXT(2) 
PARAMETRIC_REPRESENTATION_CONTEXT() REPRESENTATION_CONTEXT('2D SPACE',''
  ) );
#3513 = PCURVE('',#2987,#3514);
#3514 = DEFINITIONAL_REPRESENTATION('',(#3515),#3519);
#3515 = LINE('',#3516,#3517);
#3516 = CARTESIAN_POINT('',(0.,0.));
#3517 = VECTOR('',#3518,1.);
#3518 = DIRECTION('',(1.,0.));
#3519 = ( GEOMETRIC_REPRESENTATION_CONTEXT(2) 
PARAMETRIC_REPRESENTATION_CONTEXT() REPRESENTATION_CONTEXT('2D SPACE',''
  ) );
#3520 = ORIENTED_EDGE('',*,*,#3052,.F.);
#3521 = ADVANCED_FACE('',(#3522),#3041,.T.);
#3522 = FACE_BOUND('',#3523,.T.);
#3523 = EDGE_LOOP('',(#3524,#3545,#3546,#3547));
#3524 = ORIENTED_EDGE('',*,*,#3525,.F.);
#3525 = EDGE_CURVE('',#3365,#2999,#3526,.T.);
#3526 = SURFACE_CURVE('',#3527,(#3531,#3538),.PCURVE_S1.);
#3527 = LINE('',#3528,#3529);
#3528 = CARTESIAN_POINT('',(218.,42.3,-19.2));
#3529 = VECTOR('',#3530,1.);
#3530 = DIRECTION('',(1.,0.,-0.));
#3531 = PCURVE('',#3041,#3532);
#3532 = DEFINITIONAL_REPRESENTATION('',(#3533),#3537);
#3533 = LINE('',#3534,#3535);
#3534 = CARTESIAN_POINT('',(0.,12.6));
#3535 = VECTOR('',#3536,1.);
#3536 = DIRECTION('',(1.,0.));
#3537 = ( GEOMETRIC_REPRESENTATION_CONTEXT(2) 
PARAMETRIC_REPRESENTATION_CONTEXT() REPRESENTATION_CONTEXT('2D SPACE',''
  ) );
#3538 = PCURVE('',#3014,#3539);
#3539 = DEFINITIONAL_REPRESENTATION('',(#3540),#3544);
#3540 = LINE('',#3541,#3542);
#3541 = CARTESIAN_POINT('',(0.,0.));
#3542 = VECTOR('',#3543,1.);
#3543 = DIRECTION('',(0.,1.));
#3544 = ( GEOMETRIC_REPRESENTATION_CONTEXT(2) 
PARAMETRIC_REPRESENTATION_CONTEXT() REPRESENTATION_CONTEXT('2D SPACE',''
  ) );
#3545 = ORIENTED_EDGE('',*,*,#3364,.T.);
#3546 = ORIENTED_EDGE('',*,*,#3478,.T.);
#3547 = ORIENTED_EDGE('',*,*,#3025,.F.);
#3548 = ADVANCED_FACE('',(#3549),#3014,.F.);
#3549 = FACE_BOUND('',#3550,.F.);
#3550 = EDGE_LOOP('',(#3551,#3552,#3553,#3574));
#3551 = ORIENTED_EDGE('',*,*,#3525,.F.);
#3552 = ORIENTED_EDGE('',*,*,#3429,.T.);
#3553 = ORIENTED_EDGE('',*,*,#3554,.T.);
#3554 = EDGE_CURVE('',#3409,#2970,#3555,.T.);
#3555 = SURFACE_CURVE('',#3556,(#3560,#3567),.PCURVE_S1.);
#3556 = LINE('',#3557,#3558);
#3557 = CARTESIAN_POINT('',(218.,42.3,4.));
#3558 = VECTOR('',#3559,1.);
#3559 = DIRECTION('',(1.,0.,-0.));
#3560 = PCURVE('',#3014,#3561);
#3561 = DEFINITIONAL_REPRESENTATION('',(#3562),#3566);
#3562 = LINE('',#3563,#3564);
#3563 = CARTESIAN_POINT('',(23.2,0.));
#3564 = VECTOR('',#3565,1.);
#3565 = DIRECTION('',(0.,1.));
#3566 = ( GEOMETRIC_REPRESENTATION_CONTEXT(2) 
PARAMETRIC_REPRESENTATION_CONTEXT() REPRESENTATION_CONTEXT('2D SPACE',''
  ) );
#3567 = PCURVE('',#2987,#3568);
#3568 = DEFINITIONAL_REPRESENTATION('',(#3569),#3573);
#3569 = LINE('',#3570,#3571);
#3570 = CARTESIAN_POINT('',(0.,12.6));
#3571 = VECTOR('',#3572,1.);
#3572 = DIRECTION('',(1.,0.));
#3573 = ( GEOMETRIC_REPRESENTATION_CONTEXT(2) 
PARAMETRIC_REPRESENTATION_CONTEXT() REPRESENTATION_CONTEXT('2D SPACE',''
  ) );
#3574 = ORIENTED_EDGE('',*,*,#2998,.F.);
#3575 = ADVANCED_FACE('',(#3576),#2987,.F.);
#3576 = FACE_BOUND('',#3577,.F.);
#3577 = EDGE_LOOP('',(#3578,#3579,#3580,#3581));
#3578 = ORIENTED_EDGE('',*,*,#3554,.F.);
#3579 = ORIENTED_EDGE('',*,*,#3408,.T.);
#3580 = ORIENTED_EDGE('',*,*,#3500,.T.);
#3581 = ORIENTED_EDGE('',*,*,#2969,.F.);
#3582 = ADVANCED_FACE('',(#3583),#2934,.F.);
#3583 = FACE_BOUND('',#3584,.F.);
#3584 = EDGE_LOOP('',(#3585,#3586,#3607,#3608));
#3585 = ORIENTED_EDGE('',*,*,#2918,.F.);
#3586 = ORIENTED_EDGE('',*,*,#3587,.F.);
#3587 = EDGE_CURVE('',#3290,#2919,#3588,.T.);
#3588 = SURFACE_CURVE('',#3589,(#3593,#3600),.PCURVE_S1.);
#3589 = LINE('',#3590,#3591);
#3590 = CARTESIAN_POINT('',(213.,24.9,-6.));
#3591 = VECTOR('',#3592,1.);
#3592 = DIRECTION('',(1.,0.,-0.));
#3593 = PCURVE('',#2934,#3594);
#3594 = DEFINITIONAL_REPRESENTATION('',(#3595),#3599);
#3595 = LINE('',#3596,#3597);
#3596 = CARTESIAN_POINT('',(19.75,-10.));
#3597 = VECTOR('',#3598,1.);
#3598 = DIRECTION('',(0.,1.));
#3599 = ( GEOMETRIC_REPRESENTATION_CONTEXT(2) 
PARAMETRIC_REPRESENTATION_CONTEXT() REPRESENTATION_CONTEXT('2D SPACE',''
  ) );
#3600 = PCURVE('',#1799,#3601);
#3601 = DEFINITIONAL_REPRESENTATION('',(#3602),#3606);
#3602 = LINE('',#3603,#3604);
#3603 = CARTESIAN_POINT('',(0.,10.1));
#3604 = VECTOR('',#3605,1.);
#3605 = DIRECTION('',(1.,0.));
#3606 = ( GEOMETRIC_REPRESENTATION_CONTEXT(2) 
PARAMETRIC_REPRESENTATION_CONTEXT() REPRESENTATION_CONTEXT('2D SPACE',''
  ) );
#3607 = ORIENTED_EDGE('',*,*,#3289,.T.);
#3608 = ORIENTED_EDGE('',*,*,#3609,.T.);
#3609 = EDGE_CURVE('',#3267,#2891,#3610,.T.);
#3610 = SURFACE_CURVE('',#3611,(#3615,#3622),.PCURVE_S1.);
#3611 = LINE('',#3612,#3613);
#3612 = CARTESIAN_POINT('',(223.,24.9,10.55));
#3613 = VECTOR('',#3614,1.);
#3614 = DIRECTION('',(1.,0.,-0.));
#3615 = PCURVE('',#2934,#3616);
#3616 = DEFINITIONAL_REPRESENTATION('',(#3617),#3621);
#3617 = LINE('',#3618,#3619);
#3618 = CARTESIAN_POINT('',(36.3,0.));
#3619 = VECTOR('',#3620,1.);
#3620 = DIRECTION('',(0.,1.));
#3621 = ( GEOMETRIC_REPRESENTATION_CONTEXT(2) 
PARAMETRIC_REPRESENTATION_CONTEXT() REPRESENTATION_CONTEXT('2D SPACE',''
  ) );
#3622 = PCURVE('',#2906,#3623);
#3623 = DEFINITIONAL_REPRESENTATION('',(#3624),#3628);
#3624 = LINE('',#3625,#3626);
#3625 = CARTESIAN_POINT('',(0.,0.));
#3626 = VECTOR('',#3627,1.);
#3627 = DIRECTION('',(1.,0.));
#3628 = ( GEOMETRIC_REPRESENTATION_CONTEXT(2) 
PARAMETRIC_REPRESENTATION_CONTEXT() REPRESENTATION_CONTEXT('2D SPACE',''
  ) );
#3629 = ADVANCED_FACE('',(#3630),#2906,.T.);
#3630 = FACE_BOUND('',#3631,.T.);
#3631 = EDGE_LOOP('',(#3632,#3633,#3634,#3635));
#3632 = ORIENTED_EDGE('',*,*,#3266,.F.);
#3633 = ORIENTED_EDGE('',*,*,#3609,.T.);
#3634 = ORIENTED_EDGE('',*,*,#2890,.T.);
#3635 = ORIENTED_EDGE('',*,*,#3636,.F.);
#3636 = EDGE_CURVE('',#3244,#2863,#3637,.T.);
#3637 = SURFACE_CURVE('',#3638,(#3642,#3649),.PCURVE_S1.);
#3638 = LINE('',#3639,#3640);
#3639 = CARTESIAN_POINT('',(223.,47.1,10.55));
#3640 = VECTOR('',#3641,1.);
#3641 = DIRECTION('',(1.,0.,-0.));
#3642 = PCURVE('',#2906,#3643);
#3643 = DEFINITIONAL_REPRESENTATION('',(#3644),#3648);
#3644 = LINE('',#3645,#3646);
#3645 = CARTESIAN_POINT('',(0.,22.2));
#3646 = VECTOR('',#3647,1.);
#3647 = DIRECTION('',(1.,0.));
#3648 = ( GEOMETRIC_REPRESENTATION_CONTEXT(2) 
PARAMETRIC_REPRESENTATION_CONTEXT() REPRESENTATION_CONTEXT('2D SPACE',''
  ) );
#3649 = PCURVE('',#2878,#3650);
#3650 = DEFINITIONAL_REPRESENTATION('',(#3651),#3655);
#3651 = LINE('',#3652,#3653);
#3652 = CARTESIAN_POINT('',(36.3,0.));
#3653 = VECTOR('',#3654,1.);
#3654 = DIRECTION('',(0.,1.));
#3655 = ( GEOMETRIC_REPRESENTATION_CONTEXT(2) 
PARAMETRIC_REPRESENTATION_CONTEXT() REPRESENTATION_CONTEXT('2D SPACE',''
  ) );
#3656 = ADVANCED_FACE('',(#3657),#2878,.T.);
#3657 = FACE_BOUND('',#3658,.T.);
#3658 = EDGE_LOOP('',(#3659,#3680,#3681,#3682));
#3659 = ORIENTED_EDGE('',*,*,#3660,.F.);
#3660 = EDGE_CURVE('',#3221,#2835,#3661,.T.);
#3661 = SURFACE_CURVE('',#3662,(#3666,#3673),.PCURVE_S1.);
#3662 = LINE('',#3663,#3664);
#3663 = CARTESIAN_POINT('',(223.,47.1,-25.75));
#3664 = VECTOR('',#3665,1.);
#3665 = DIRECTION('',(1.,0.,-0.));
#3666 = PCURVE('',#2878,#3667);
#3667 = DEFINITIONAL_REPRESENTATION('',(#3668),#3672);
#3668 = LINE('',#3669,#3670);
#3669 = CARTESIAN_POINT('',(0.,0.));
#3670 = VECTOR('',#3671,1.);
#3671 = DIRECTION('',(0.,1.));
#3672 = ( GEOMETRIC_REPRESENTATION_CONTEXT(2) 
PARAMETRIC_REPRESENTATION_CONTEXT() REPRESENTATION_CONTEXT('2D SPACE',''
  ) );
#3673 = PCURVE('',#2850,#3674);
#3674 = DEFINITIONAL_REPRESENTATION('',(#3675),#3679);
#3675 = LINE('',#3676,#3677);
#3676 = CARTESIAN_POINT('',(0.,22.2));
#3677 = VECTOR('',#3678,1.);
#3678 = DIRECTION('',(1.,0.));
#3679 = ( GEOMETRIC_REPRESENTATION_CONTEXT(2) 
PARAMETRIC_REPRESENTATION_CONTEXT() REPRESENTATION_CONTEXT('2D SPACE',''
  ) );
#3680 = ORIENTED_EDGE('',*,*,#3243,.T.);
#3681 = ORIENTED_EDGE('',*,*,#3636,.T.);
#3682 = ORIENTED_EDGE('',*,*,#2862,.F.);
#3683 = ADVANCED_FACE('',(#3684),#2850,.F.);
#3684 = FACE_BOUND('',#3685,.F.);
#3685 = EDGE_LOOP('',(#3686,#3687,#3708,#3709));
#3686 = ORIENTED_EDGE('',*,*,#3220,.F.);
#3687 = ORIENTED_EDGE('',*,*,#3688,.T.);
#3688 = EDGE_CURVE('',#3198,#2812,#3689,.T.);
#3689 = SURFACE_CURVE('',#3690,(#3694,#3701),.PCURVE_S1.);
#3690 = LINE('',#3691,#3692);
#3691 = CARTESIAN_POINT('',(223.,24.9,-25.75));
#3692 = VECTOR('',#3693,1.);
#3693 = DIRECTION('',(1.,0.,-0.));
#3694 = PCURVE('',#2850,#3695);
#3695 = DEFINITIONAL_REPRESENTATION('',(#3696),#3700);
#3696 = LINE('',#3697,#3698);
#3697 = CARTESIAN_POINT('',(0.,0.));
#3698 = VECTOR('',#3699,1.);
#3699 = DIRECTION('',(1.,0.));
#3700 = ( GEOMETRIC_REPRESENTATION_CONTEXT(2) 
PARAMETRIC_REPRESENTATION_CONTEXT() REPRESENTATION_CONTEXT('2D SPACE',''
  ) );
#3701 = PCURVE('',#2746,#3702);
#3702 = DEFINITIONAL_REPRESENTATION('',(#3703),#3707);
#3703 = LINE('',#3704,#3705);
#3704 = CARTESIAN_POINT('',(0.,0.));
#3705 = VECTOR('',#3706,1.);
#3706 = DIRECTION('',(0.,1.));
#3707 = ( GEOMETRIC_REPRESENTATION_CONTEXT(2) 
PARAMETRIC_REPRESENTATION_CONTEXT() REPRESENTATION_CONTEXT('2D SPACE',''
  ) );
#3708 = ORIENTED_EDGE('',*,*,#2834,.T.);
#3709 = ORIENTED_EDGE('',*,*,#3660,.F.);
#3710 = ADVANCED_FACE('',(#3711),#2746,.F.);
#3711 = FACE_BOUND('',#3712,.F.);
#3712 = EDGE_LOOP('',(#3713,#3714,#3715,#3716));
#3713 = ORIENTED_EDGE('',*,*,#2811,.F.);
#3714 = ORIENTED_EDGE('',*,*,#3688,.F.);
#3715 = ORIENTED_EDGE('',*,*,#3197,.T.);
#3716 = ORIENTED_EDGE('',*,*,#2730,.T.);
#3717 = ADVANCED_FACE('',(#3718),#2772,.T.);
#3718 = FACE_BOUND('',#3719,.T.);
#3719 = EDGE_LOOP('',(#3720,#3721,#3744,#3765));
#3720 = ORIENTED_EDGE('',*,*,#2758,.F.);
#3721 = ORIENTED_EDGE('',*,*,#3722,.T.);
#3722 = EDGE_CURVE('',#2632,#3723,#3725,.T.);
#3723 = VERTEX_POINT('',#3724);
#3724 = CARTESIAN_POINT('',(213.,24.9,-6.));
#3725 = SURFACE_CURVE('',#3726,(#3730,#3737),.PCURVE_S1.);
#3726 = LINE('',#3727,#3728);
#3727 = CARTESIAN_POINT('',(213.,24.9,-20.));
#3728 = VECTOR('',#3729,1.);
#3729 = DIRECTION('',(0.,0.,1.));
#3730 = PCURVE('',#2772,#3731);
#3731 = DEFINITIONAL_REPRESENTATION('',(#3732),#3736);
#3732 = LINE('',#3733,#3734);
#3733 = CARTESIAN_POINT('',(0.,0.));
#3734 = VECTOR('',#3735,1.);
#3735 = DIRECTION('',(1.,0.));
#3736 = ( GEOMETRIC_REPRESENTATION_CONTEXT(2) 
PARAMETRIC_REPRESENTATION_CONTEXT() REPRESENTATION_CONTEXT('2D SPACE',''
  ) );
#3737 = PCURVE('',#2647,#3738);
#3738 = DEFINITIONAL_REPRESENTATION('',(#3739),#3743);
#3739 = LINE('',#3740,#3741);
#3740 = CARTESIAN_POINT('',(0.,-10.1));
#3741 = VECTOR('',#3742,1.);
#3742 = DIRECTION('',(1.,0.));
#3743 = ( GEOMETRIC_REPRESENTATION_CONTEXT(2) 
PARAMETRIC_REPRESENTATION_CONTEXT() REPRESENTATION_CONTEXT('2D SPACE',''
  ) );
#3744 = ORIENTED_EDGE('',*,*,#3745,.T.);
#3745 = EDGE_CURVE('',#3723,#3290,#3746,.T.);
#3746 = SURFACE_CURVE('',#3747,(#3751,#3758),.PCURVE_S1.);
#3747 = LINE('',#3748,#3749);
#3748 = CARTESIAN_POINT('',(213.,24.9,-6.));
#3749 = VECTOR('',#3750,1.);
#3750 = DIRECTION('',(1.,0.,-0.));
#3751 = PCURVE('',#2772,#3752);
#3752 = DEFINITIONAL_REPRESENTATION('',(#3753),#3757);
#3753 = LINE('',#3754,#3755);
#3754 = CARTESIAN_POINT('',(14.,0.));
#3755 = VECTOR('',#3756,1.);
#3756 = DIRECTION('',(0.,1.));
#3757 = ( GEOMETRIC_REPRESENTATION_CONTEXT(2) 
PARAMETRIC_REPRESENTATION_CONTEXT() REPRESENTATION_CONTEXT('2D SPACE',''
  ) );
#3758 = PCURVE('',#1799,#3759);
#3759 = DEFINITIONAL_REPRESENTATION('',(#3760),#3764);
#3760 = LINE('',#3761,#3762);
#3761 = CARTESIAN_POINT('',(0.,10.1));
#3762 = VECTOR('',#3763,1.);
#3763 = DIRECTION('',(1.,0.));
#3764 = ( GEOMETRIC_REPRESENTATION_CONTEXT(2) 
PARAMETRIC_REPRESENTATION_CONTEXT() REPRESENTATION_CONTEXT('2D SPACE',''
  ) );
#3765 = ORIENTED_EDGE('',*,*,#3312,.F.);
#3766 = ADVANCED_FACE('',(#3767),#2647,.F.);
#3767 = FACE_BOUND('',#3768,.F.);
#3768 = EDGE_LOOP('',(#3769,#3792,#3811,#3812));
#3769 = ORIENTED_EDGE('',*,*,#3770,.F.);
#3770 = EDGE_CURVE('',#3771,#3723,#3773,.T.);
#3771 = VERTEX_POINT('',#3772);
#3772 = CARTESIAN_POINT('',(213.,16.,-6.));
#3773 = SURFACE_CURVE('',#3774,(#3778,#3785),.PCURVE_S1.);
#3774 = LINE('',#3775,#3776);
#3775 = CARTESIAN_POINT('',(213.,14.8,-6.));
#3776 = VECTOR('',#3777,1.);
#3777 = DIRECTION('',(-0.,1.,0.));
#3778 = PCURVE('',#2647,#3779);
#3779 = DEFINITIONAL_REPRESENTATION('',(#3780),#3784);
#3780 = LINE('',#3781,#3782);
#3781 = CARTESIAN_POINT('',(14.,0.));
#3782 = VECTOR('',#3783,1.);
#3783 = DIRECTION('',(0.,-1.));
#3784 = ( GEOMETRIC_REPRESENTATION_CONTEXT(2) 
PARAMETRIC_REPRESENTATION_CONTEXT() REPRESENTATION_CONTEXT('2D SPACE',''
  ) );
#3785 = PCURVE('',#1799,#3786);
#3786 = DEFINITIONAL_REPRESENTATION('',(#3787),#3791);
#3787 = LINE('',#3788,#3789);
#3788 = CARTESIAN_POINT('',(0.,0.));
#3789 = VECTOR('',#3790,1.);
#3790 = DIRECTION('',(0.,1.));
#3791 = ( GEOMETRIC_REPRESENTATION_CONTEXT(2) 
PARAMETRIC_REPRESENTATION_CONTEXT() REPRESENTATION_CONTEXT('2D SPACE',''
  ) );
#3792 = ORIENTED_EDGE('',*,*,#3793,.T.);
#3793 = EDGE_CURVE('',#3771,#2630,#3794,.T.);
#3794 = SURFACE_CURVE('',#3795,(#3799,#3805),.PCURVE_S1.);
#3795 = LINE('',#3796,#3797);
#3796 = CARTESIAN_POINT('',(213.,16.,-32.));
#3797 = VECTOR('',#3798,1.);
#3798 = DIRECTION('',(-0.,0.,-1.));
#3799 = PCURVE('',#2647,#3800);
#3800 = DEFINITIONAL_REPRESENTATION('',(#3801),#3804);
#3801 = B_SPLINE_CURVE_WITH_KNOTS('',1,(#3802,#3803),.UNSPECIFIED.,.F.,
  .F.,(2,2),(-26.,-12.),.PIECEWISE_BEZIER_KNOTS.);
#3802 = CARTESIAN_POINT('',(14.,-1.2));
#3803 = CARTESIAN_POINT('',(0.,-1.2));
#3804 = ( GEOMETRIC_REPRESENTATION_CONTEXT(2) 
PARAMETRIC_REPRESENTATION_CONTEXT() REPRESENTATION_CONTEXT('2D SPACE',''
  ) );
#3805 = PCURVE('',#1720,#3806);
#3806 = DEFINITIONAL_REPRESENTATION('',(#3807),#3810);
#3807 = B_SPLINE_CURVE_WITH_KNOTS('',1,(#3808,#3809),.UNSPECIFIED.,.F.,
  .F.,(2,2),(-26.,-12.),.PIECEWISE_BEZIER_KNOTS.);
#3808 = CARTESIAN_POINT('',(38.,63.));
#3809 = CARTESIAN_POINT('',(24.,63.));
#3810 = ( GEOMETRIC_REPRESENTATION_CONTEXT(2) 
PARAMETRIC_REPRESENTATION_CONTEXT() REPRESENTATION_CONTEXT('2D SPACE',''
  ) );
#3811 = ORIENTED_EDGE('',*,*,#2629,.T.);
#3812 = ORIENTED_EDGE('',*,*,#3722,.T.);
#3813 = ADVANCED_FACE('',(#3814),#1773,.F.);
#3814 = FACE_BOUND('',#3815,.F.);
#3815 = EDGE_LOOP('',(#3816,#3817,#3818,#3839));
#3816 = ORIENTED_EDGE('',*,*,#2679,.F.);
#3817 = ORIENTED_EDGE('',*,*,#1758,.T.);
#3818 = ORIENTED_EDGE('',*,*,#3819,.T.);
#3819 = EDGE_CURVE('',#1759,#2788,#3820,.T.);
#3820 = SURFACE_CURVE('',#3821,(#3825,#3832),.PCURVE_S1.);
#3821 = LINE('',#3822,#3823);
#3822 = CARTESIAN_POINT('',(213.,14.8,-6.));
#3823 = VECTOR('',#3824,1.);
#3824 = DIRECTION('',(1.,0.,-0.));
#3825 = PCURVE('',#1773,#3826);
#3826 = DEFINITIONAL_REPRESENTATION('',(#3827),#3831);
#3827 = LINE('',#3828,#3829);
#3828 = CARTESIAN_POINT('',(14.,0.));
#3829 = VECTOR('',#3830,1.);
#3830 = DIRECTION('',(0.,1.));
#3831 = ( GEOMETRIC_REPRESENTATION_CONTEXT(2) 
PARAMETRIC_REPRESENTATION_CONTEXT() REPRESENTATION_CONTEXT('2D SPACE',''
  ) );
#3832 = PCURVE('',#1799,#3833);
#3833 = DEFINITIONAL_REPRESENTATION('',(#3834),#3838);
#3834 = LINE('',#3835,#3836);
#3835 = CARTESIAN_POINT('',(0.,0.));
#3836 = VECTOR('',#3837,1.);
#3837 = DIRECTION('',(1.,0.));
#3838 = ( GEOMETRIC_REPRESENTATION_CONTEXT(2) 
PARAMETRIC_REPRESENTATION_CONTEXT() REPRESENTATION_CONTEXT('2D SPACE',''
  ) );
#3839 = ORIENTED_EDGE('',*,*,#2787,.F.);
#3840 = ADVANCED_FACE('',(#3841),#1799,.T.);
#3841 = FACE_BOUND('',#3842,.T.);
#3842 = EDGE_LOOP('',(#3843,#3844,#3863,#3864,#3865,#3866,#3867));
#3843 = ORIENTED_EDGE('',*,*,#3770,.F.);
#3844 = ORIENTED_EDGE('',*,*,#3845,.T.);
#3845 = EDGE_CURVE('',#3771,#1785,#3846,.T.);
#3846 = SURFACE_CURVE('',#3847,(#3851,#3857),.PCURVE_S1.);
#3847 = LINE('',#3848,#3849);
#3848 = CARTESIAN_POINT('',(181.5,16.,-6.));
#3849 = VECTOR('',#3850,1.);
#3850 = DIRECTION('',(1.,0.,-0.));
#3851 = PCURVE('',#1799,#3852);
#3852 = DEFINITIONAL_REPRESENTATION('',(#3853),#3856);
#3853 = B_SPLINE_CURVE_WITH_KNOTS('',1,(#3854,#3855),.UNSPECIFIED.,.F.,
  .F.,(2,2),(31.5,37.5),.PIECEWISE_BEZIER_KNOTS.);
#3854 = CARTESIAN_POINT('',(0.,1.2));
#3855 = CARTESIAN_POINT('',(6.,1.2));
#3856 = ( GEOMETRIC_REPRESENTATION_CONTEXT(2) 
PARAMETRIC_REPRESENTATION_CONTEXT() REPRESENTATION_CONTEXT('2D SPACE',''
  ) );
#3857 = PCURVE('',#1720,#3858);
#3858 = DEFINITIONAL_REPRESENTATION('',(#3859),#3862);
#3859 = B_SPLINE_CURVE_WITH_KNOTS('',1,(#3860,#3861),.UNSPECIFIED.,.F.,
  .F.,(2,2),(31.5,37.5),.PIECEWISE_BEZIER_KNOTS.);
#3860 = CARTESIAN_POINT('',(38.,63.));
#3861 = CARTESIAN_POINT('',(38.,69.));
#3862 = ( GEOMETRIC_REPRESENTATION_CONTEXT(2) 
PARAMETRIC_REPRESENTATION_CONTEXT() REPRESENTATION_CONTEXT('2D SPACE',''
  ) );
#3863 = ORIENTED_EDGE('',*,*,#1784,.T.);
#3864 = ORIENTED_EDGE('',*,*,#3819,.T.);
#3865 = ORIENTED_EDGE('',*,*,#2946,.T.);
#3866 = ORIENTED_EDGE('',*,*,#3587,.F.);
#3867 = ORIENTED_EDGE('',*,*,#3745,.F.);
#3868 = ADVANCED_FACE('',(#3869),#1720,.T.);
#3869 = FACE_BOUND('',#3870,.T.);
#3870 = EDGE_LOOP('',(#3871,#3872,#3873,#3894,#3895,#3896,#3897,#3898));
#3871 = ORIENTED_EDGE('',*,*,#2602,.F.);
#3872 = ORIENTED_EDGE('',*,*,#2491,.T.);
#3873 = ORIENTED_EDGE('',*,*,#3874,.T.);
#3874 = EDGE_CURVE('',#2431,#1621,#3875,.T.);
#3875 = SURFACE_CURVE('',#3876,(#3880,#3887),.PCURVE_S1.);
#3876 = LINE('',#3877,#3878);
#3877 = CARTESIAN_POINT('',(150.,16.,17.));
#3878 = VECTOR('',#3879,1.);
#3879 = DIRECTION('',(1.,0.,-0.));
#3880 = PCURVE('',#1720,#3881);
#3881 = DEFINITIONAL_REPRESENTATION('',(#3882),#3886);
#3882 = LINE('',#3883,#3884);
#3883 = CARTESIAN_POINT('',(61.,0.));
#3884 = VECTOR('',#3885,1.);
#3885 = DIRECTION('',(0.,1.));
#3886 = ( GEOMETRIC_REPRESENTATION_CONTEXT(2) 
PARAMETRIC_REPRESENTATION_CONTEXT() REPRESENTATION_CONTEXT('2D SPACE',''
  ) );
#3887 = PCURVE('',#1636,#3888);
#3888 = DEFINITIONAL_REPRESENTATION('',(#3889),#3893);
#3889 = LINE('',#3890,#3891);
#3890 = CARTESIAN_POINT('',(0.,32.));
#3891 = VECTOR('',#3892,1.);
#3892 = DIRECTION('',(1.,0.));
#3893 = ( GEOMETRIC_REPRESENTATION_CONTEXT(2) 
PARAMETRIC_REPRESENTATION_CONTEXT() REPRESENTATION_CONTEXT('2D SPACE',''
  ) );
#3894 = ORIENTED_EDGE('',*,*,#1810,.F.);
#3895 = ORIENTED_EDGE('',*,*,#3845,.F.);
#3896 = ORIENTED_EDGE('',*,*,#3793,.T.);
#3897 = ORIENTED_EDGE('',*,*,#2659,.T.);
#3898 = ORIENTED_EDGE('',*,*,#1704,.F.);
#3899 = ADVANCED_FACE('',(#3900),#1636,.T.);
#3900 = FACE_BOUND('',#3901,.T.);
#3901 = EDGE_LOOP('',(#3902,#3903,#3904,#3905));
#3902 = ORIENTED_EDGE('',*,*,#3874,.F.);
#3903 = ORIENTED_EDGE('',*,*,#2430,.F.);
#3904 = ORIENTED_EDGE('',*,*,#1979,.T.);
#3905 = ORIENTED_EDGE('',*,*,#1618,.T.);
#3906 = ADVANCED_FACE('',(#3907),#931,.T.);
#3907 = FACE_BOUND('',#3908,.T.);
#3908 = EDGE_LOOP('',(#3909,#3958,#4012,#4013));
#3909 = ORIENTED_EDGE('',*,*,#3910,.F.);
#3910 = EDGE_CURVE('',#3911,#3913,#3915,.T.);
#3911 = VERTEX_POINT('',#3912);
#3912 = CARTESIAN_POINT('',(183.87387795001,-1.868353468973E-14,-49.));
#3913 = VERTEX_POINT('',#3914);
#3914 = CARTESIAN_POINT('',(189.88110902883,-1.550548427271E-14,-42.8));
#3915 = SURFACE_CURVE('',#3916,(#3944,#3951),.PCURVE_S1.);
#3916 = ( BOUNDED_CURVE() B_SPLINE_CURVE(10,(#3917,#3918,#3919,#3920,
    #3921,#3922,#3923,#3924,#3925,#3926,#3927,#3928,#3929,#3930,#3931,
    #3932,#3933,#3934,#3935,#3936,#3937,#3938,#3939,#3940,#3941,#3942,
#3943),.UNSPECIFIED.,.F.,.F.) B_SPLINE_CURVE_WITH_KNOTS((11,8,8,11),(
    5.175468771511,5.671013112826,5.918785283484,6.166557454141),
.UNSPECIFIED.) CURVE() GEOMETRIC_REPRESENTATION_ITEM() 
RATIONAL_B_SPLINE_CURVE((1.132556574715,1.132556574715,1.132556574715,
    1.132556574714,1.132556574716,1.132556574714,1.132556574716,
    1.132556574715,1.132556574715,1.132556574715,1.132556574715,
    1.132556574715,1.132556574715,1.132556574715,1.132556574715,
    1.132556574715,1.132556574715,1.132556574715,1.132556574715,
    1.132556574715,1.132556574715,1.132556574715,1.132556574715,
    1.132556574715,1.132556574715,1.132556574715,1.132556574715)) 
REPRESENTATION_ITEM('') );
#3917 = CARTESIAN_POINT('',(92.949708428514,1.42108547152E-14,
    -93.59805710749));
#3918 = CARTESIAN_POINT('',(102.14570576481,-1.847411112976E-13,
    -91.29530093824));
#3919 = CARTESIAN_POINT('',(111.09082511424,7.176481631177E-13,
    -88.73877247358));
#3920 = CARTESIAN_POINT('',(119.75397701461,-1.264766069653E-12,
    -85.93597625472));
#3921 = CARTESIAN_POINT('',(128.1051712327,1.200817223435E-12,
    -82.89545794345));
#3922 = CARTESIAN_POINT('',(136.11569305978,-5.613287612505E-13,
    -79.62674377958));
#3923 = CARTESIAN_POINT('',(143.75826762315,9.947598300641E-14,
    -76.14026698204));
#3924 = CARTESIAN_POINT('',(151.00719754375,-7.815970093361E-14,
    -72.44727852668));
#3925 = CARTESIAN_POINT('',(157.83847988525,7.105427357601E-14,
    -68.55974977565));
#3926 = CARTESIAN_POINT('',(167.42553970838,-4.973799150321E-14,
    -62.45551397066));
#3927 = CARTESIAN_POINT('',(175.97658767959,-4.973799150321E-14,
    -55.97147871081));
#3928 = CARTESIAN_POINT('',(178.70925699826,3.623767952377E-13,
    -53.76957895425));
#3929 = CARTESIAN_POINT('',(181.32178634205,-6.679101716145E-13,
    -51.52880617897));
#3930 = CARTESIAN_POINT('',(183.8118226203,7.247535904753E-13,
    -49.25087794339));
#3931 = CARTESIAN_POINT('',(186.17711820771,-6.536993168993E-13,
    -46.93754804545));
#3932 = CARTESIAN_POINT('',(188.41552842362,3.268496584496E-13,
    -44.59060938828));
#3933 = CARTESIAN_POINT('',(190.52500880448,-7.105427357601E-14,
    -42.21190044849));
#3934 = CARTESIAN_POINT('',(194.48221997868,-5.684341886081E-14,
    -37.39473106842));
#3935 = CARTESIAN_POINT('',(197.90856954715,7.105427357601E-14,
    -32.46591804207));
#3936 = CARTESIAN_POINT('',(199.48718833554,-4.831690603169E-13,
    -29.97556545115));
#3937 = CARTESIAN_POINT('',(200.92951483656,8.526512829121E-13,
    -27.4613016919));
#3938 = CARTESIAN_POINT('',(202.23392219854,-1.080024958355E-12,
    -24.92524608195));
#3939 = CARTESIAN_POINT('',(203.3989030285,8.810729923425E-13,
    -22.36961792545));
#3940 = CARTESIAN_POINT('',(204.42308909358,-6.252776074689E-13,
    -19.79675514082));
#3941 = CARTESIAN_POINT('',(205.30528364962,2.700062395888E-13,
    -17.20912472977));
#3942 = CARTESIAN_POINT('',(206.04450169381,-9.947598300641E-14,
    -14.60931352976));
#3943 = CARTESIAN_POINT('',(206.64,-4.263256414561E-14,-11.99999999998)
  );
#3944 = PCURVE('',#931,#3945);
#3945 = DEFINITIONAL_REPRESENTATION('',(#3946),#3950);
#3946 = LINE('',#3947,#3948);
#3947 = CARTESIAN_POINT('',(0.,0.));
#3948 = VECTOR('',#3949,1.);
#3949 = DIRECTION('',(0.,1.));
#3950 = ( GEOMETRIC_REPRESENTATION_CONTEXT(2) 
PARAMETRIC_REPRESENTATION_CONTEXT() REPRESENTATION_CONTEXT('2D SPACE',''
  ) );
#3951 = PCURVE('',#280,#3952);
#3952 = DEFINITIONAL_REPRESENTATION('',(#3953),#3957);
#3953 = LINE('',#3954,#3955);
#3954 = CARTESIAN_POINT('',(0.,0.));
#3955 = VECTOR('',#3956,1.);
#3956 = DIRECTION('',(0.,1.));
#3957 = ( GEOMETRIC_REPRESENTATION_CONTEXT(2) 
PARAMETRIC_REPRESENTATION_CONTEXT() REPRESENTATION_CONTEXT('2D SPACE',''
  ) );
#3958 = ORIENTED_EDGE('',*,*,#3959,.F.);
#3959 = EDGE_CURVE('',#856,#3911,#3960,.T.);
#3960 = SURFACE_CURVE('',#3961,(#3976,#3994),.PCURVE_S1.);
#3961 = B_SPLINE_CURVE_WITH_KNOTS('',4,(#3962,#3963,#3964,#3965,#3966,
    #3967,#3968,#3969,#3970,#3971,#3972,#3973,#3974,#3975),
  .UNSPECIFIED.,.F.,.F.,(5,3,3,3,5),(0.,0.254895113367,0.505635717454,
    0.753542869091,1.),.UNSPECIFIED.);
#3962 = CARTESIAN_POINT('',(183.01651217556,-3.918756045213,-49.));
#3963 = CARTESIAN_POINT('',(183.12212320605,-3.683810948893,-49.));
#3964 = CARTESIAN_POINT('',(183.21992381705,-3.445364829174,-49.));
#3965 = CARTESIAN_POINT('',(183.30952279731,-3.203711330587,-49.));
#3966 = CARTESIAN_POINT('',(183.47032100581,-2.718743678568,-49.));
#3967 = CARTESIAN_POINT('',(183.54179753209,-2.475520135459,-49.));
#3968 = CARTESIAN_POINT('',(183.60469049679,-2.229932478369,-49.));
#3969 = CARTESIAN_POINT('',(183.71222177946,-1.737711996472,-49.));
#3970 = CARTESIAN_POINT('',(183.75705933462,-1.491121186235,-49.));
#3971 = CARTESIAN_POINT('',(183.79304448631,-1.243081040726,-49.));
#3972 = CARTESIAN_POINT('',(183.84690570591,-0.746517270457,-49.));
#3973 = CARTESIAN_POINT('',(183.86488702041,-0.498003432243,-49.));
#3974 = CARTESIAN_POINT('',(183.87387795001,-0.249001263531,-49.));
#3975 = CARTESIAN_POINT('',(183.87387795001,-1.7763568394E-14,-49.));
#3976 = PCURVE('',#931,#3977);
#3977 = DEFINITIONAL_REPRESENTATION('',(#3978),#3993);
#3978 = B_SPLINE_CURVE_WITH_KNOTS('',4,(#3979,#3980,#3981,#3982,#3983,
    #3984,#3985,#3986,#3987,#3988,#3989,#3990,#3991,#3992),
  .UNSPECIFIED.,.F.,.F.,(5,3,3,3,5),(0.,0.254895113367,0.505635717454,
    0.753542869091,1.),.UNSPECIFIED.);
#3979 = CARTESIAN_POINT('',(0.306232365181,5.793510201199));
#3980 = CARTESIAN_POINT('',(0.287278469229,5.793958207532));
#3981 = CARTESIAN_POINT('',(0.268193405494,5.794372385987));
#3982 = CARTESIAN_POINT('',(0.248987344674,5.794751309574));
#3983 = CARTESIAN_POINT('',(0.210675947791,5.795430605667));
#3984 = CARTESIAN_POINT('',(0.1915740344,5.795732162214));
#3985 = CARTESIAN_POINT('',(0.172381915878,5.795997246321));
#3986 = CARTESIAN_POINT('',(0.134068094794,5.796450161438));
#3987 = CARTESIAN_POINT('',(0.114947983985,5.796638835194));
#3988 = CARTESIAN_POINT('',(9.57719084699E-02,5.796790175134));
#3989 = CARTESIAN_POINT('',(5.745657677794E-02,5.797016626894));
#3990 = CARTESIAN_POINT('',(3.831767935732E-02,5.797092181442));
#3991 = CARTESIAN_POINT('',(1.915927467636E-02,5.797129959683));
#3992 = CARTESIAN_POINT('',(0.,5.797129959683));
#3993 = ( GEOMETRIC_REPRESENTATION_CONTEXT(2) 
PARAMETRIC_REPRESENTATION_CONTEXT() REPRESENTATION_CONTEXT('2D SPACE',''
  ) );
#3994 = PCURVE('',#519,#3995);
#3995 = DEFINITIONAL_REPRESENTATION('',(#3996),#4011);
#3996 = B_SPLINE_CURVE_WITH_KNOTS('',4,(#3997,#3998,#3999,#4000,#4001,
    #4002,#4003,#4004,#4005,#4006,#4007,#4008,#4009,#4010),
  .UNSPECIFIED.,.F.,.F.,(5,3,3,3,5),(0.,0.254895113367,0.505635717454,
    0.753542869091,1.),.UNSPECIFIED.);
#3997 = CARTESIAN_POINT('',(33.016512175562,17.081243954787));
#3998 = CARTESIAN_POINT('',(33.122123206058,17.316189051107));
#3999 = CARTESIAN_POINT('',(33.219923817059,17.554635170826));
#4000 = CARTESIAN_POINT('',(33.309522797318,17.796288669413));
#4001 = CARTESIAN_POINT('',(33.47032100581,18.281256321432));
#4002 = CARTESIAN_POINT('',(33.541797532091,18.524479864541));
#4003 = CARTESIAN_POINT('',(33.604690496792,18.770067521631));
#4004 = CARTESIAN_POINT('',(33.712221779469,19.262288003528));
#4005 = CARTESIAN_POINT('',(33.757059334626,19.508878813765));
#4006 = CARTESIAN_POINT('',(33.793044486314,19.756918959274));
#4007 = CARTESIAN_POINT('',(33.846905705915,20.253482729543));
#4008 = CARTESIAN_POINT('',(33.864887020415,20.501996567757));
#4009 = CARTESIAN_POINT('',(33.873877950012,20.750998736469));
#4010 = CARTESIAN_POINT('',(33.873877950012,21.));
#4011 = ( GEOMETRIC_REPRESENTATION_CONTEXT(2) 
PARAMETRIC_REPRESENTATION_CONTEXT() REPRESENTATION_CONTEXT('2D SPACE',''
  ) );
#4012 = ORIENTED_EDGE('',*,*,#884,.F.);
#4013 = ORIENTED_EDGE('',*,*,#4014,.T.);
#4014 = EDGE_CURVE('',#885,#3913,#4015,.T.);
#4015 = SURFACE_CURVE('',#4016,(#4031,#4049),.PCURVE_S1.);
#4016 = B_SPLINE_CURVE_WITH_KNOTS('',4,(#4017,#4018,#4019,#4020,#4021,
    #4022,#4023,#4024,#4025,#4026,#4027,#4028,#4029,#4030),
  .UNSPECIFIED.,.F.,.F.,(5,3,3,3,5),(0.,0.253469716743,0.503992717504,
    0.752510668874,1.),.UNSPECIFIED.);
#4017 = CARTESIAN_POINT('',(189.09101485681,-3.918756045213,-42.8));
#4018 = CARTESIAN_POINT('',(189.18855682921,-3.683159922183,-42.8));
#4019 = CARTESIAN_POINT('',(189.27869135769,-3.444504094854,-42.8));
#4020 = CARTESIAN_POINT('',(189.36112938773,-3.203079023753,-42.8));
#4021 = CARTESIAN_POINT('',(189.50926571162,-2.718226240413,-42.8));
#4022 = CARTESIAN_POINT('',(189.57514815486,-2.474853886341,-42.8));
#4023 = CARTESIAN_POINT('',(189.63304594533,-2.229457469139,-42.8));
#4024 = CARTESIAN_POINT('',(189.73214010213,-1.737367436141,-42.8));
#4025 = CARTESIAN_POINT('',(189.7734669562,-1.490699126406,-42.8));
#4026 = CARTESIAN_POINT('',(189.80660993591,-1.242797338366,-42.8));
#4027 = CARTESIAN_POINT('',(189.85625414746,-0.746374285453,-42.8));
#4028 = CARTESIAN_POINT('',(189.87282398011,-0.497858868159,-42.8));
#4029 = CARTESIAN_POINT('',(189.88110902883,-0.248929142307,-42.8));
#4030 = CARTESIAN_POINT('',(189.88110902883,-1.7763568394E-14,-42.8));
#4031 = PCURVE('',#931,#4032);
#4032 = DEFINITIONAL_REPRESENTATION('',(#4033),#4048);
#4033 = B_SPLINE_CURVE_WITH_KNOTS('',4,(#4034,#4035,#4036,#4037,#4038,
    #4039,#4040,#4041,#4042,#4043,#4044,#4045,#4046,#4047),
  .UNSPECIFIED.,.F.,.F.,(5,3,3,3,5),(0.,0.253469716743,0.503992717504,
    0.752510668874,1.),.UNSPECIFIED.);
#4034 = CARTESIAN_POINT('',(0.306232365181,5.859810418413));
#4035 = CARTESIAN_POINT('',(0.287225948479,5.860188626819));
#4036 = CARTESIAN_POINT('',(0.268124808568,5.860537391749));
#4037 = CARTESIAN_POINT('',(0.248937393824,5.86085584109));
#4038 = CARTESIAN_POINT('',(0.21063507127,5.861427320415));
#4039 = CARTESIAN_POINT('',(0.191521884678,5.861681069968));
#4040 = CARTESIAN_POINT('',(0.172344941787,5.861903801505));
#4041 = CARTESIAN_POINT('',(0.134041274625,5.862284694035));
#4042 = CARTESIAN_POINT('',(0.114915336882,5.862443359156));
#4043 = CARTESIAN_POINT('',(9.575001774345E-02,5.862570518943));
#4044 = CARTESIAN_POINT('',(5.744554390261E-02,5.862760919097));
#4045 = CARTESIAN_POINT('',(3.830656180143E-02,5.862824422728));
#4046 = CARTESIAN_POINT('',(1.915372534573E-02,5.862856174918));
#4047 = CARTESIAN_POINT('',(0.,5.862856174918));
#4048 = ( GEOMETRIC_REPRESENTATION_CONTEXT(2) 
PARAMETRIC_REPRESENTATION_CONTEXT() REPRESENTATION_CONTEXT('2D SPACE',''
  ) );
#4049 = PCURVE('',#223,#4050);
#4050 = DEFINITIONAL_REPRESENTATION('',(#4051),#4066);
#4051 = B_SPLINE_CURVE_WITH_KNOTS('',4,(#4052,#4053,#4054,#4055,#4056,
    #4057,#4058,#4059,#4060,#4061,#4062,#4063,#4064,#4065),
  .UNSPECIFIED.,.F.,.F.,(5,3,3,3,5),(0.,0.253469716743,0.503992717504,
    0.752510668874,1.),.UNSPECIFIED.);
#4052 = CARTESIAN_POINT('',(39.091014856817,10.881243954787));
#4053 = CARTESIAN_POINT('',(39.188556829212,11.116840077817));
#4054 = CARTESIAN_POINT('',(39.278691357692,11.355495905146));
#4055 = CARTESIAN_POINT('',(39.36112938773,11.596920976247));
#4056 = CARTESIAN_POINT('',(39.509265711626,12.081773759587));
#4057 = CARTESIAN_POINT('',(39.575148154867,12.325146113659));
#4058 = CARTESIAN_POINT('',(39.633045945337,12.570542530861));
#4059 = CARTESIAN_POINT('',(39.732140102133,13.062632563859));
#4060 = CARTESIAN_POINT('',(39.773466956203,13.309300873594));
#4061 = CARTESIAN_POINT('',(39.806609935917,13.557202661634));
#4062 = CARTESIAN_POINT('',(39.856254147467,14.053625714547));
#4063 = CARTESIAN_POINT('',(39.872823980117,14.302141131841));
#4064 = CARTESIAN_POINT('',(39.881109028835,14.551070857693));
#4065 = CARTESIAN_POINT('',(39.881109028835,14.8));
#4066 = ( GEOMETRIC_REPRESENTATION_CONTEXT(2) 
PARAMETRIC_REPRESENTATION_CONTEXT() REPRESENTATION_CONTEXT('2D SPACE',''
  ) );
#4067 = ADVANCED_FACE('',(#4068),#808,.F.);
#4068 = FACE_BOUND('',#4069,.F.);
#4069 = EDGE_LOOP('',(#4070,#4091,#4092,#4113));
#4070 = ORIENTED_EDGE('',*,*,#4071,.F.);
#4071 = EDGE_CURVE('',#723,#2058,#4072,.T.);
#4072 = SURFACE_CURVE('',#4073,(#4077,#4084),.PCURVE_S1.);
#4073 = LINE('',#4074,#4075);
#4074 = CARTESIAN_POINT('',(150.,-21.,-49.));
#4075 = VECTOR('',#4076,1.);
#4076 = DIRECTION('',(1.,0.,-0.));
#4077 = PCURVE('',#808,#4078);
#4078 = DEFINITIONAL_REPRESENTATION('',(#4079),#4083);
#4079 = LINE('',#4080,#4081);
#4080 = CARTESIAN_POINT('',(0.,0.));
#4081 = VECTOR('',#4082,1.);
#4082 = DIRECTION('',(0.,1.));
#4083 = ( GEOMETRIC_REPRESENTATION_CONTEXT(2) 
PARAMETRIC_REPRESENTATION_CONTEXT() REPRESENTATION_CONTEXT('2D SPACE',''
  ) );
#4084 = PCURVE('',#519,#4085);
#4085 = DEFINITIONAL_REPRESENTATION('',(#4086),#4090);
#4086 = LINE('',#4087,#4088);
#4087 = CARTESIAN_POINT('',(0.,0.));
#4088 = VECTOR('',#4089,1.);
#4089 = DIRECTION('',(1.,0.));
#4090 = ( GEOMETRIC_REPRESENTATION_CONTEXT(2) 
PARAMETRIC_REPRESENTATION_CONTEXT() REPRESENTATION_CONTEXT('2D SPACE',''
  ) );
#4091 = ORIENTED_EDGE('',*,*,#722,.F.);
#4092 = ORIENTED_EDGE('',*,*,#4093,.T.);
#4093 = EDGE_CURVE('',#667,#2005,#4094,.T.);
#4094 = SURFACE_CURVE('',#4095,(#4099,#4106),.PCURVE_S1.);
#4095 = LINE('',#4096,#4097);
#4096 = CARTESIAN_POINT('',(150.,-21.,22.));
#4097 = VECTOR('',#4098,1.);
#4098 = DIRECTION('',(1.,0.,-0.));
#4099 = PCURVE('',#808,#4100);
#4100 = DEFINITIONAL_REPRESENTATION('',(#4101),#4105);
#4101 = LINE('',#4102,#4103);
#4102 = CARTESIAN_POINT('',(71.,0.));
#4103 = VECTOR('',#4104,1.);
#4104 = DIRECTION('',(0.,1.));
#4105 = ( GEOMETRIC_REPRESENTATION_CONTEXT(2) 
PARAMETRIC_REPRESENTATION_CONTEXT() REPRESENTATION_CONTEXT('2D SPACE',''
  ) );
#4106 = PCURVE('',#707,#4107);
#4107 = DEFINITIONAL_REPRESENTATION('',(#4108),#4112);
#4108 = LINE('',#4109,#4110);
#4109 = CARTESIAN_POINT('',(0.,0.));
#4110 = VECTOR('',#4111,1.);
#4111 = DIRECTION('',(1.,0.));
#4112 = ( GEOMETRIC_REPRESENTATION_CONTEXT(2) 
PARAMETRIC_REPRESENTATION_CONTEXT() REPRESENTATION_CONTEXT('2D SPACE',''
  ) );
#4113 = ORIENTED_EDGE('',*,*,#2057,.T.);
#4114 = ADVANCED_FACE('',(#4115),#707,.T.);
#4115 = FACE_BOUND('',#4116,.T.);
#4116 = EDGE_LOOP('',(#4117,#4138,#4139,#4140));
#4117 = ORIENTED_EDGE('',*,*,#4118,.F.);
#4118 = EDGE_CURVE('',#534,#2007,#4119,.T.);
#4119 = SURFACE_CURVE('',#4120,(#4124,#4131),.PCURVE_S1.);
#4120 = LINE('',#4121,#4122);
#4121 = CARTESIAN_POINT('',(150.,21.,22.));
#4122 = VECTOR('',#4123,1.);
#4123 = DIRECTION('',(1.,0.,-0.));
#4124 = PCURVE('',#707,#4125);
#4125 = DEFINITIONAL_REPRESENTATION('',(#4126),#4130);
#4126 = LINE('',#4127,#4128);
#4127 = CARTESIAN_POINT('',(0.,42.));
#4128 = VECTOR('',#4129,1.);
#4129 = DIRECTION('',(1.,0.));
#4130 = ( GEOMETRIC_REPRESENTATION_CONTEXT(2) 
PARAMETRIC_REPRESENTATION_CONTEXT() REPRESENTATION_CONTEXT('2D SPACE',''
  ) );
#4131 = PCURVE('',#619,#4132);
#4132 = DEFINITIONAL_REPRESENTATION('',(#4133),#4137);
#4133 = LINE('',#4134,#4135);
#4134 = CARTESIAN_POINT('',(71.,0.));
#4135 = VECTOR('',#4136,1.);
#4136 = DIRECTION('',(0.,1.));
#4137 = ( GEOMETRIC_REPRESENTATION_CONTEXT(2) 
PARAMETRIC_REPRESENTATION_CONTEXT() REPRESENTATION_CONTEXT('2D SPACE',''
  ) );
#4138 = ORIENTED_EDGE('',*,*,#666,.F.);
#4139 = ORIENTED_EDGE('',*,*,#4093,.T.);
#4140 = ORIENTED_EDGE('',*,*,#2004,.T.);
#4141 = ADVANCED_FACE('',(#4142),#619,.T.);
#4142 = FACE_BOUND('',#4143,.T.);
#4143 = EDGE_LOOP('',(#4144,#4165,#4166,#4167));
#4144 = ORIENTED_EDGE('',*,*,#4145,.F.);
#4145 = EDGE_CURVE('',#500,#2186,#4146,.T.);
#4146 = SURFACE_CURVE('',#4147,(#4151,#4158),.PCURVE_S1.);
#4147 = LINE('',#4148,#4149);
#4148 = CARTESIAN_POINT('',(150.,21.,-49.));
#4149 = VECTOR('',#4150,1.);
#4150 = DIRECTION('',(1.,0.,-0.));
#4151 = PCURVE('',#619,#4152);
#4152 = DEFINITIONAL_REPRESENTATION('',(#4153),#4157);
#4153 = LINE('',#4154,#4155);
#4154 = CARTESIAN_POINT('',(0.,0.));
#4155 = VECTOR('',#4156,1.);
#4156 = DIRECTION('',(0.,1.));
#4157 = ( GEOMETRIC_REPRESENTATION_CONTEXT(2) 
PARAMETRIC_REPRESENTATION_CONTEXT() REPRESENTATION_CONTEXT('2D SPACE',''
  ) );
#4158 = PCURVE('',#519,#4159);
#4159 = DEFINITIONAL_REPRESENTATION('',(#4160),#4164);
#4160 = LINE('',#4161,#4162);
#4161 = CARTESIAN_POINT('',(0.,42.));
#4162 = VECTOR('',#4163,1.);
#4163 = DIRECTION('',(1.,0.));
#4164 = ( GEOMETRIC_REPRESENTATION_CONTEXT(2) 
PARAMETRIC_REPRESENTATION_CONTEXT() REPRESENTATION_CONTEXT('2D SPACE',''
  ) );
#4165 = ORIENTED_EDGE('',*,*,#533,.F.);
#4166 = ORIENTED_EDGE('',*,*,#4118,.T.);
#4167 = ORIENTED_EDGE('',*,*,#2240,.T.);
#4168 = ADVANCED_FACE('',(#4169),#519,.F.);
#4169 = FACE_BOUND('',#4170,.F.);
#4170 = EDGE_LOOP('',(#4171,#4172,#4173,#4227,#4228,#4229,#4230));
#4171 = ORIENTED_EDGE('',*,*,#4145,.F.);
#4172 = ORIENTED_EDGE('',*,*,#499,.T.);
#4173 = ORIENTED_EDGE('',*,*,#4174,.T.);
#4174 = EDGE_CURVE('',#238,#3911,#4175,.T.);
#4175 = SURFACE_CURVE('',#4176,(#4191,#4209),.PCURVE_S1.);
#4176 = B_SPLINE_CURVE_WITH_KNOTS('',4,(#4177,#4178,#4179,#4180,#4181,
    #4182,#4183,#4184,#4185,#4186,#4187,#4188,#4189,#4190),
  .UNSPECIFIED.,.F.,.F.,(5,3,3,3,5),(0.,0.254895113367,0.505635717454,
    0.753542869091,1.),.UNSPECIFIED.);
#4177 = CARTESIAN_POINT('',(183.01651217556,3.918756045213,-49.));
#4178 = CARTESIAN_POINT('',(183.12212320605,3.683810948893,-49.));
#4179 = CARTESIAN_POINT('',(183.21992381705,3.445364829174,-49.));
#4180 = CARTESIAN_POINT('',(183.30952279731,3.203711330587,-49.));
#4181 = CARTESIAN_POINT('',(183.47032100581,2.718743678568,-49.));
#4182 = CARTESIAN_POINT('',(183.54179753209,2.475520135459,-49.));
#4183 = CARTESIAN_POINT('',(183.60469049679,2.229932478369,-49.));
#4184 = CARTESIAN_POINT('',(183.71222177946,1.737711996472,-49.));
#4185 = CARTESIAN_POINT('',(183.75705933462,1.491121186235,-49.));
#4186 = CARTESIAN_POINT('',(183.79304448631,1.243081040726,-49.));
#4187 = CARTESIAN_POINT('',(183.84690570591,0.746517270457,-49.));
#4188 = CARTESIAN_POINT('',(183.86488702041,0.498003432243,-49.));
#4189 = CARTESIAN_POINT('',(183.87387795001,0.249001263531,-49.));
#4190 = CARTESIAN_POINT('',(183.87387795001,1.42108547152E-14,-49.));
#4191 = PCURVE('',#519,#4192);
#4192 = DEFINITIONAL_REPRESENTATION('',(#4193),#4208);
#4193 = B_SPLINE_CURVE_WITH_KNOTS('',4,(#4194,#4195,#4196,#4197,#4198,
    #4199,#4200,#4201,#4202,#4203,#4204,#4205,#4206,#4207),
  .UNSPECIFIED.,.F.,.F.,(5,3,3,3,5),(0.,0.254895113367,0.505635717454,
    0.753542869091,1.),.UNSPECIFIED.);
#4194 = CARTESIAN_POINT('',(33.016512175562,24.918756045213));
#4195 = CARTESIAN_POINT('',(33.122123206058,24.683810948893));
#4196 = CARTESIAN_POINT('',(33.219923817059,24.445364829174));
#4197 = CARTESIAN_POINT('',(33.309522797318,24.203711330587));
#4198 = CARTESIAN_POINT('',(33.47032100581,23.718743678568));
#4199 = CARTESIAN_POINT('',(33.54179753209,23.475520135459));
#4200 = CARTESIAN_POINT('',(33.604690496793,23.229932478369));
#4201 = CARTESIAN_POINT('',(33.712221779469,22.737711996472));
#4202 = CARTESIAN_POINT('',(33.757059334626,22.491121186235));
#4203 = CARTESIAN_POINT('',(33.793044486313,22.243081040726));
#4204 = CARTESIAN_POINT('',(33.846905705915,21.746517270457));
#4205 = CARTESIAN_POINT('',(33.864887020415,21.498003432243));
#4206 = CARTESIAN_POINT('',(33.873877950012,21.249001263531));
#4207 = CARTESIAN_POINT('',(33.873877950012,21.));
#4208 = ( GEOMETRIC_REPRESENTATION_CONTEXT(2) 
PARAMETRIC_REPRESENTATION_CONTEXT() REPRESENTATION_CONTEXT('2D SPACE',''
  ) );
#4209 = PCURVE('',#280,#4210);
#4210 = DEFINITIONAL_REPRESENTATION('',(#4211),#4226);
#4211 = B_SPLINE_CURVE_WITH_KNOTS('',4,(#4212,#4213,#4214,#4215,#4216,
    #4217,#4218,#4219,#4220,#4221,#4222,#4223,#4224,#4225),
  .UNSPECIFIED.,.F.,.F.,(5,3,3,3,5),(0.,0.254895113367,0.505635717454,
    0.753542869091,1.),.UNSPECIFIED.);
#4212 = CARTESIAN_POINT('',(0.306232365181,5.793510201199));
#4213 = CARTESIAN_POINT('',(0.287278469229,5.793958207532));
#4214 = CARTESIAN_POINT('',(0.268193405494,5.794372385987));
#4215 = CARTESIAN_POINT('',(0.248987344674,5.794751309574));
#4216 = CARTESIAN_POINT('',(0.210675947791,5.795430605667));
#4217 = CARTESIAN_POINT('',(0.1915740344,5.795732162214));
#4218 = CARTESIAN_POINT('',(0.172381915878,5.795997246321));
#4219 = CARTESIAN_POINT('',(0.134068094794,5.796450161438));
#4220 = CARTESIAN_POINT('',(0.114947983985,5.796638835194));
#4221 = CARTESIAN_POINT('',(9.57719084699E-02,5.796790175134));
#4222 = CARTESIAN_POINT('',(5.745657677794E-02,5.797016626894));
#4223 = CARTESIAN_POINT('',(3.831767935732E-02,5.797092181442));
#4224 = CARTESIAN_POINT('',(1.915927467636E-02,5.797129959683));
#4225 = CARTESIAN_POINT('',(0.,5.797129959683));
#4226 = ( GEOMETRIC_REPRESENTATION_CONTEXT(2) 
PARAMETRIC_REPRESENTATION_CONTEXT() REPRESENTATION_CONTEXT('2D SPACE',''
  ) );
#4227 = ORIENTED_EDGE('',*,*,#3959,.F.);
#4228 = ORIENTED_EDGE('',*,*,#855,.T.);
#4229 = ORIENTED_EDGE('',*,*,#4071,.T.);
#4230 = ORIENTED_EDGE('',*,*,#2185,.F.);
#4231 = ADVANCED_FACE('',(#4232),#280,.F.);
#4232 = FACE_BOUND('',#4233,.F.);
#4233 = EDGE_LOOP('',(#4234,#4235,#4236,#4237));
#4234 = ORIENTED_EDGE('',*,*,#3910,.F.);
#4235 = ORIENTED_EDGE('',*,*,#4174,.F.);
#4236 = ORIENTED_EDGE('',*,*,#237,.T.);
#4237 = ORIENTED_EDGE('',*,*,#4238,.T.);
#4238 = EDGE_CURVE('',#204,#3913,#4239,.T.);
#4239 = SURFACE_CURVE('',#4240,(#4255,#4273),.PCURVE_S1.);
#4240 = B_SPLINE_CURVE_WITH_KNOTS('',4,(#4241,#4242,#4243,#4244,#4245,
    #4246,#4247,#4248,#4249,#4250,#4251,#4252,#4253,#4254),
  .UNSPECIFIED.,.F.,.F.,(5,3,3,3,5),(0.,0.253469716743,0.503992717504,
    0.752510668874,1.),.UNSPECIFIED.);
#4241 = CARTESIAN_POINT('',(189.09101485681,3.918756045213,-42.8));
#4242 = CARTESIAN_POINT('',(189.18855682921,3.683159922183,-42.8));
#4243 = CARTESIAN_POINT('',(189.27869135769,3.444504094854,-42.8));
#4244 = CARTESIAN_POINT('',(189.36112938773,3.203079023753,-42.8));
#4245 = CARTESIAN_POINT('',(189.50926571162,2.718226240413,-42.8));
#4246 = CARTESIAN_POINT('',(189.57514815486,2.474853886341,-42.8));
#4247 = CARTESIAN_POINT('',(189.63304594533,2.229457469139,-42.8));
#4248 = CARTESIAN_POINT('',(189.73214010213,1.737367436141,-42.8));
#4249 = CARTESIAN_POINT('',(189.7734669562,1.490699126406,-42.8));
#4250 = CARTESIAN_POINT('',(189.80660993591,1.242797338366,-42.8));
#4251 = CARTESIAN_POINT('',(189.85625414746,0.746374285453,-42.8));
#4252 = CARTESIAN_POINT('',(189.87282398011,0.497858868159,-42.8));
#4253 = CARTESIAN_POINT('',(189.88110902883,0.248929142307,-42.8));
#4254 = CARTESIAN_POINT('',(189.88110902883,7.105427357601E-15,-42.8));
#4255 = PCURVE('',#280,#4256);
#4256 = DEFINITIONAL_REPRESENTATION('',(#4257),#4272);
#4257 = B_SPLINE_CURVE_WITH_KNOTS('',4,(#4258,#4259,#4260,#4261,#4262,
    #4263,#4264,#4265,#4266,#4267,#4268,#4269,#4270,#4271),
  .UNSPECIFIED.,.F.,.F.,(5,3,3,3,5),(0.,0.253469716743,0.503992717504,
    0.752510668874,1.),.UNSPECIFIED.);
#4258 = CARTESIAN_POINT('',(0.306232365181,5.859810418413));
#4259 = CARTESIAN_POINT('',(0.287225948479,5.860188626819));
#4260 = CARTESIAN_POINT('',(0.268124808568,5.860537391749));
#4261 = CARTESIAN_POINT('',(0.248937393824,5.86085584109));
#4262 = CARTESIAN_POINT('',(0.21063507127,5.861427320415));
#4263 = CARTESIAN_POINT('',(0.191521884678,5.861681069968));
#4264 = CARTESIAN_POINT('',(0.172344941787,5.861903801505));
#4265 = CARTESIAN_POINT('',(0.134041274625,5.862284694035));
#4266 = CARTESIAN_POINT('',(0.114915336882,5.862443359156));
#4267 = CARTESIAN_POINT('',(9.575001774346E-02,5.862570518943));
#4268 = CARTESIAN_POINT('',(5.744554390262E-02,5.862760919097));
#4269 = CARTESIAN_POINT('',(3.830656180143E-02,5.862824422728));
#4270 = CARTESIAN_POINT('',(1.915372534574E-02,5.862856174918));
#4271 = CARTESIAN_POINT('',(0.,5.862856174918));
#4272 = ( GEOMETRIC_REPRESENTATION_CONTEXT(2) 
PARAMETRIC_REPRESENTATION_CONTEXT() REPRESENTATION_CONTEXT('2D SPACE',''
  ) );
#4273 = PCURVE('',#223,#4274);
#4274 = DEFINITIONAL_REPRESENTATION('',(#4275),#4290);
#4275 = B_SPLINE_CURVE_WITH_KNOTS('',4,(#4276,#4277,#4278,#4279,#4280,
    #4281,#4282,#4283,#4284,#4285,#4286,#4287,#4288,#4289),
  .UNSPECIFIED.,.F.,.F.,(5,3,3,3,5),(0.,0.253469716743,0.503992717504,
    0.752510668874,1.),.UNSPECIFIED.);
#4276 = CARTESIAN_POINT('',(39.091014856817,18.718756045213));
#4277 = CARTESIAN_POINT('',(39.188556829212,18.483159922183));
#4278 = CARTESIAN_POINT('',(39.278691357692,18.244504094854));
#4279 = CARTESIAN_POINT('',(39.36112938773,18.003079023753));
#4280 = CARTESIAN_POINT('',(39.509265711626,17.518226240413));
#4281 = CARTESIAN_POINT('',(39.575148154868,17.274853886341));
#4282 = CARTESIAN_POINT('',(39.633045945337,17.029457469139));
#4283 = CARTESIAN_POINT('',(39.732140102133,16.537367436141));
#4284 = CARTESIAN_POINT('',(39.773466956203,16.290699126406));
#4285 = CARTESIAN_POINT('',(39.806609935917,16.042797338366));
#4286 = CARTESIAN_POINT('',(39.856254147467,15.546374285453));
#4287 = CARTESIAN_POINT('',(39.872823980117,15.297858868159));
#4288 = CARTESIAN_POINT('',(39.881109028835,15.048929142307));
#4289 = CARTESIAN_POINT('',(39.881109028835,14.8));
#4290 = ( GEOMETRIC_REPRESENTATION_CONTEXT(2) 
PARAMETRIC_REPRESENTATION_CONTEXT() REPRESENTATION_CONTEXT('2D SPACE',''
  ) );
#4291 = ADVANCED_FACE('',(#4292),#223,.T.);
#4292 = FACE_BOUND('',#4293,.T.);
#4293 = EDGE_LOOP('',(#4294,#4315,#4316,#4317,#4318,#4319,#4320));
#4294 = ORIENTED_EDGE('',*,*,#4295,.F.);
#4295 = EDGE_CURVE('',#89,#1373,#4296,.T.);
#4296 = SURFACE_CURVE('',#4297,(#4301,#4308),.PCURVE_S1.);
#4297 = LINE('',#4298,#4299);
#4298 = CARTESIAN_POINT('',(150.,14.8,-42.8));
#4299 = VECTOR('',#4300,1.);
#4300 = DIRECTION('',(1.,0.,-0.));
#4301 = PCURVE('',#223,#4302);
#4302 = DEFINITIONAL_REPRESENTATION('',(#4303),#4307);
#4303 = LINE('',#4304,#4305);
#4304 = CARTESIAN_POINT('',(0.,29.6));
#4305 = VECTOR('',#4306,1.);
#4306 = DIRECTION('',(1.,0.));
#4307 = ( GEOMETRIC_REPRESENTATION_CONTEXT(2) 
PARAMETRIC_REPRESENTATION_CONTEXT() REPRESENTATION_CONTEXT('2D SPACE',''
  ) );
#4308 = PCURVE('',#162,#4309);
#4309 = DEFINITIONAL_REPRESENTATION('',(#4310),#4314);
#4310 = LINE('',#4311,#4312);
#4311 = CARTESIAN_POINT('',(0.,0.));
#4312 = VECTOR('',#4313,1.);
#4313 = DIRECTION('',(0.,1.));
#4314 = ( GEOMETRIC_REPRESENTATION_CONTEXT(2) 
PARAMETRIC_REPRESENTATION_CONTEXT() REPRESENTATION_CONTEXT('2D SPACE',''
  ) );
#4315 = ORIENTED_EDGE('',*,*,#203,.T.);
#4316 = ORIENTED_EDGE('',*,*,#4238,.T.);
#4317 = ORIENTED_EDGE('',*,*,#4014,.F.);
#4318 = ORIENTED_EDGE('',*,*,#1150,.T.);
#4319 = ORIENTED_EDGE('',*,*,#1295,.T.);
#4320 = ORIENTED_EDGE('',*,*,#1372,.T.);
#4321 = ADVANCED_FACE('',(#4322),#162,.F.);
#4322 = FACE_BOUND('',#4323,.F.);
#4323 = EDGE_LOOP('',(#4324,#4325,#4326,#4347));
#4324 = ORIENTED_EDGE('',*,*,#4295,.F.);
#4325 = ORIENTED_EDGE('',*,*,#88,.F.);
#4326 = ORIENTED_EDGE('',*,*,#4327,.T.);
#4327 = EDGE_CURVE('',#22,#1396,#4328,.T.);
#4328 = SURFACE_CURVE('',#4329,(#4333,#4340),.PCURVE_S1.);
#4329 = LINE('',#4330,#4331);
#4330 = CARTESIAN_POINT('',(150.,14.8,15.8));
#4331 = VECTOR('',#4332,1.);
#4332 = DIRECTION('',(1.,0.,-0.));
#4333 = PCURVE('',#162,#4334);
#4334 = DEFINITIONAL_REPRESENTATION('',(#4335),#4339);
#4335 = LINE('',#4336,#4337);
#4336 = CARTESIAN_POINT('',(58.6,0.));
#4337 = VECTOR('',#4338,1.);
#4338 = DIRECTION('',(0.,1.));
#4339 = ( GEOMETRIC_REPRESENTATION_CONTEXT(2) 
PARAMETRIC_REPRESENTATION_CONTEXT() REPRESENTATION_CONTEXT('2D SPACE',''
  ) );
#4340 = PCURVE('',#73,#4341);
#4341 = DEFINITIONAL_REPRESENTATION('',(#4342),#4346);
#4342 = LINE('',#4343,#4344);
#4343 = CARTESIAN_POINT('',(0.,29.6));
#4344 = VECTOR('',#4345,1.);
#4345 = DIRECTION('',(1.,0.));
#4346 = ( GEOMETRIC_REPRESENTATION_CONTEXT(2) 
PARAMETRIC_REPRESENTATION_CONTEXT() REPRESENTATION_CONTEXT('2D SPACE',''
  ) );
#4347 = ORIENTED_EDGE('',*,*,#1395,.F.);
#4348 = ADVANCED_FACE('',(#4349),#73,.F.);
#4349 = FACE_BOUND('',#4350,.F.);
#4350 = EDGE_LOOP('',(#4351,#4352,#4353,#4354));
#4351 = ORIENTED_EDGE('',*,*,#4327,.F.);
#4352 = ORIENTED_EDGE('',*,*,#21,.T.);
#4353 = ORIENTED_EDGE('',*,*,#1319,.T.);
#4354 = ORIENTED_EDGE('',*,*,#1418,.T.);
#4355 = ( GEOMETRIC_REPRESENTATION_CONTEXT(3) 
GLOBAL_UNCERTAINTY_ASSIGNED_CONTEXT((#4359)) 
GLOBAL_UNIT_ASSIGNED_CONTEXT((#4356,#4357,#4358)) REPRESENTATION_CONTEXT
('Context #1','3D Context with UNIT and UNCERTAINTY') );
#4356 = ( LENGTH_UNIT() NAMED_UNIT(*) SI_UNIT(.MILLI.,.METRE.) );
#4357 = ( NAMED_UNIT(*) PLANE_ANGLE_UNIT() SI_UNIT($,.RADIAN.) );
#4358 = ( NAMED_UNIT(*) SI_UNIT($,.STERADIAN.) SOLID_ANGLE_UNIT() );
#4359 = UNCERTAINTY_MEASURE_WITH_UNIT(LENGTH_MEASURE(1.E-06),#4356,
  'distance_accuracy_value','confusion accuracy');
#4360 = PRODUCT_RELATED_PRODUCT_CATEGORY('part',$,(#7));
ENDSEC;
END-ISO-10303-21;
