ISO-10303-21;
HEADER;
FILE_DESCRIPTION(('Open CASCADE Model'),'2;1');
FILE_NAME('Open CASCADE Shape Model','2026-09-28T22:40:08',('Author'),(
    'Open CASCADE'),'Open CASCADE STEP processor 7.9','Open CASCADE 7.9'
  ,'Unknown');
FILE_SCHEMA(('AUTOMOTIVE_DESIGN { 1 0 10303 214 1 1 1 1 }'));
ENDSEC;
DATA;
#1 = APPLICATION_PROTOCOL_DEFINITION('international standard',
  'automotive_design',2000,#2);
#2 = APPLICATION_CONTEXT(
  'core data for automotive mechanical design processes');
#3 = SHAPE_DEFINITION_REPRESENTATION(#4,#10);
#4 = PRODUCT_DEFINITION_SHAPE('','',#5);
#5 = PRODUCT_DEFINITION('design','',#6,#9);
#6 = PRODUCT_DEFINITION_FORMATION('','',#7);
#7 = PRODUCT('Open CASCADE STEP translator 7.9 3',
  'Open CASCADE STEP translator 7.9 3','',(#8));
#8 = PRODUCT_CONTEXT('',#2,'mechanical');
#9 = PRODUCT_DEFINITION_CONTEXT('part definition',#2,'design');
#10 = ADVANCED_BREP_SHAPE_REPRESENTATION('',(#11,#15),#10725);
#11 = AXIS2_PLACEMENT_3D('',#12,#13,#14);
#12 = CARTESIAN_POINT('',(0.,0.,0.));
#13 = DIRECTION('',(0.,0.,1.));
#14 = DIRECTION('',(1.,0.,-0.));
#15 = MANIFOLD_SOLID_BREP('',#16);
#16 = CLOSED_SHELL('',(#17,#2299,#2766,#3746,#3802,#4693,#4763,#4834,
    #4859,#4884,#4954,#5025,#5050,#5075,#5145,#5216,#5241,#5266,#5336,
    #5407,#5432,#5457,#5527,#5598,#5623,#5648,#5718,#5789,#5814,#5839,
    #5909,#5980,#6005,#6030,#6100,#6171,#6196,#6221,#6790,#7320,#7376,
    #7535,#7590,#7729,#8266,#10451,#10478,#10505,#10532,#10559,#10586,
    #10613,#10640,#10667,#10696));
#17 = ADVANCED_FACE('',(#18,#922,#1190,#1451,#1712,#1973),#33,.T.);
#18 = FACE_BOUND('',#19,.T.);
#19 = EDGE_LOOP('',(#20,#55,#314,#416,#417,#589));
#20 = ORIENTED_EDGE('',*,*,#21,.F.);
#21 = EDGE_CURVE('',#22,#24,#26,.T.);
#22 = VERTEX_POINT('',#23);
#23 = CARTESIAN_POINT('',(-4.5,-5.510910596163E-16,-197.5871606185));
#24 = VERTEX_POINT('',#25);
#25 = CARTESIAN_POINT('',(-46.8,-5.73134702001E-15,-196.2064235059));
#26 = SEAM_CURVE('',#27,(#32,#48),.PCURVE_S1.);
#27 = ELLIPSE('',#28,394.7535,197.6);
#28 = AXIS2_PLACEMENT_3D('',#29,#30,#31);
#29 = CARTESIAN_POINT('',(0.,0.,0.));
#30 = DIRECTION('',(-1.224646799147E-16,1.,0.));
#31 = DIRECTION('',(-1.,-1.224646799147E-16,0.));
#32 = PCURVE('',#33,#42);
#33 = SURFACE_OF_REVOLUTION('',#34,#39);
#34 = ELLIPSE('',#35,394.7535,197.6);
#35 = AXIS2_PLACEMENT_3D('',#36,#37,#38);
#36 = CARTESIAN_POINT('',(0.,0.,0.));
#37 = DIRECTION('',(-1.224646799147E-16,1.,0.));
#38 = DIRECTION('',(-1.,-1.224646799147E-16,0.));
#39 = AXIS1_PLACEMENT('',#40,#41);
#40 = CARTESIAN_POINT('',(0.,0.,0.));
#41 = DIRECTION('',(0.,0.,1.));
#42 = DEFINITIONAL_REPRESENTATION('',(#43),#47);
#43 = LINE('',#44,#45);
#44 = CARTESIAN_POINT('',(0.,0.));
#45 = VECTOR('',#46,1.);
#46 = DIRECTION('',(0.,1.));
#47 = ( GEOMETRIC_REPRESENTATION_CONTEXT(2) 
PARAMETRIC_REPRESENTATION_CONTEXT() REPRESENTATION_CONTEXT('2D SPACE',''
  ) );
#48 = PCURVE('',#33,#49);
#49 = DEFINITIONAL_REPRESENTATION('',(#50),#54);
#50 = LINE('',#51,#52);
#51 = CARTESIAN_POINT('',(6.28318530718,0.));
#52 = VECTOR('',#53,1.);
#53 = DIRECTION('',(0.,1.));
#54 = ( GEOMETRIC_REPRESENTATION_CONTEXT(2) 
PARAMETRIC_REPRESENTATION_CONTEXT() REPRESENTATION_CONTEXT('2D SPACE',''
  ) );
#55 = ORIENTED_EDGE('',*,*,#56,.F.);
#56 = EDGE_CURVE('',#57,#22,#59,.T.);
#57 = VERTEX_POINT('',#58);
#58 = CARTESIAN_POINT('',(4.5,-1.102182119233E-15,-197.5871606185));
#59 = SURFACE_CURVE('',#60,(#141,#225),.PCURVE_S1.);
#60 = B_SPLINE_CURVE_WITH_KNOTS('',7,(#61,#62,#63,#64,#65,#66,#67,#68,
    #69,#70,#71,#72,#73,#74,#75,#76,#77,#78,#79,#80,#81,#82,#83,#84,#85,
    #86,#87,#88,#89,#90,#91,#92,#93,#94,#95,#96,#97,#98,#99,#100,#101,
    #102,#103,#104,#105,#106,#107,#108,#109,#110,#111,#112,#113,#114,
    #115,#116,#117,#118,#119,#120,#121,#122,#123,#124,#125,#126,#127,
    #128,#129,#130,#131,#132,#133,#134,#135,#136,#137,#138,#139,#140),
  .UNSPECIFIED.,.F.,.F.,(8,6,6,6,6,6,6,6,6,6,6,6,6,8),(0.,
    5.600193979859E-02,0.114003943575,0.172005947352,0.230007951129,
    0.288009954905,0.346011958682,0.402013898481,0.460015902257,
    0.518017906034,0.574019845833,0.626021655163,0.780021935921,1.),
  .UNSPECIFIED.);
#61 = CARTESIAN_POINT('',(4.5,-1.7763568394E-15,-197.5871606185));
#62 = CARTESIAN_POINT('',(4.5,-0.113097266979,-197.5871606185));
#63 = CARTESIAN_POINT('',(4.496683806797,-0.226194752946,-197.5871606185
    ));
#64 = CARTESIAN_POINT('',(4.490051435917,-0.339175386749,-197.5871606185
    ));
#65 = CARTESIAN_POINT('',(4.480108017724,-0.451922548326,-197.5871606185
    ));
#66 = CARTESIAN_POINT('',(4.466863797412,-0.564320068701,-197.5871606185
    ));
#67 = CARTESIAN_POINT('',(4.45033413501,-0.676252229988,-197.5871606185)
  );
#68 = CARTESIAN_POINT('',(4.410037926568,-0.902932130799,-197.5871606185
    ));
#69 = CARTESIAN_POINT('',(4.386033916316,-1.017638144523,-197.5871606185
    ));
#70 = CARTESIAN_POINT('',(4.358550263847,-1.131593718934,-197.5871606185
    ));
#71 = CARTESIAN_POINT('',(4.327615457643,-1.244672325546,-197.5871606185
    ));
#72 = CARTESIAN_POINT('',(4.293263685448,-1.356748995016,-197.5871606185
    ));
#73 = CARTESIAN_POINT('',(4.255534834268,-1.467700317141,-197.5871606185
    ));
#74 = CARTESIAN_POINT('',(4.173414146466,-1.687108564579,-197.5871606185
    ));
#75 = CARTESIAN_POINT('',(4.129022126874,-1.795565978752,-197.5871606185
    ));
#76 = CARTESIAN_POINT('',(4.081344053756,-1.902654845756,-197.5871606185
    ));
#77 = CARTESIAN_POINT('',(4.030430871666,-2.008255894036,-197.5871606185
    ));
#78 = CARTESIAN_POINT('',(3.976338847542,-2.112252418105,-197.5871606185
    ));
#79 = CARTESIAN_POINT('',(3.919129570708,-2.214530278548,-197.5871606185
    ));
#80 = CARTESIAN_POINT('',(3.798610335036,-2.415425525485,-197.5871606185
    ));
#81 = CARTESIAN_POINT('',(3.735300107671,-2.51404335959,-197.5871606185)
  );
#82 = CARTESIAN_POINT('',(3.669006215358,-2.610719850706,-197.5871606185
    ));
#83 = CARTESIAN_POINT('',(3.599800371968,-2.70534693324,-197.5871606185)
  );
#84 = CARTESIAN_POINT('',(3.527759060656,-2.797820029634,-197.5871606185
    ));
#85 = CARTESIAN_POINT('',(3.452963533868,-2.888038050369,-197.5871606185
    ));
#86 = CARTESIAN_POINT('',(3.298036092807,-3.063768737543,-197.5871606185
    ));
#87 = CARTESIAN_POINT('',(3.217903833341,-3.149281795526,-197.5871606185
    ));
#88 = CARTESIAN_POINT('',(3.135189085429,-3.232344991769,-197.5871606185
    ));
#89 = CARTESIAN_POINT('',(3.049981957838,-3.312865044651,-197.5871606185
    ));
#90 = CARTESIAN_POINT('',(2.96237661762,-3.390752967063,-197.5871606185)
  );
#91 = CARTESIAN_POINT('',(2.872471290105,-3.46592406641,-197.5871606185)
  );
#92 = CARTESIAN_POINT('',(2.688265227709,-3.610671822818,-197.5871606185
    ));
#93 = CARTESIAN_POINT('',(2.5939640824,-3.680248802389,-197.5871606185)
  );
#94 = CARTESIAN_POINT('',(2.497567130278,-3.746948515387,-197.5871606185
    ));
#95 = CARTESIAN_POINT('',(2.399179891548,-3.810695552678,-197.5871606185
    ));
#96 = CARTESIAN_POINT('',(2.298911099321,-3.871419463928,-197.5871606185
    ));
#97 = CARTESIAN_POINT('',(2.196872699613,-3.92905475761,-197.5871606185)
  );
#98 = CARTESIAN_POINT('',(1.993062609393,-4.036148216659,-197.5871606185
    ));
#99 = CARTESIAN_POINT('',(1.891402642738,-4.085820036126,-197.5871606185
    ));
#100 = CARTESIAN_POINT('',(1.788303593657,-4.132501917371,
    -197.5871606185));
#101 = CARTESIAN_POINT('',(1.683871084272,-4.176144156002,
    -197.5871606185));
#102 = CARTESIAN_POINT('',(1.578212716564,-4.216701785263,
    -197.5871606185));
#103 = CARTESIAN_POINT('',(1.471438072361,-4.254134576034,
    -197.5871606185));
#104 = CARTESIAN_POINT('',(1.252030101714,-4.323903510834,
    -197.5871606185));
#105 = CARTESIAN_POINT('',(1.139323255521,-4.356010035307,
    -197.5871606185));
#106 = CARTESIAN_POINT('',(1.025662162375,-4.384687203881,
    -197.5871606185));
#107 = CARTESIAN_POINT('',(0.911172080705,-4.409901380593,
    -197.5871606185));
#108 = CARTESIAN_POINT('',(0.79597953975,-4.431624699877,-197.5871606185
    ));
#109 = CARTESIAN_POINT('',(0.68021233957,-4.449835066572,-197.5871606185
    ));
#110 = CARTESIAN_POINT('',(0.44778676251,-4.479197245257,-197.5871606185
    ));
#111 = CARTESIAN_POINT('',(0.331127867766,-4.490349122669,
    -197.5871606185));
#112 = CARTESIAN_POINT('',(0.214151942488,-4.497955501418,
    -197.5871606185));
#113 = CARTESIAN_POINT('',(9.698826650385E-02,-4.502005999926,
    -197.5871606185));
#114 = CARTESIAN_POINT('',(-2.023367620888E-02,-4.502496141765,
    -197.5871606185));
#115 = CARTESIAN_POINT('',(-0.137384197525,-4.499427355661,
    -197.5871606185));
#116 = CARTESIAN_POINT('',(-0.367249891833,-4.486414883707,
    -197.5871606185));
#117 = CARTESIAN_POINT('',(-0.479979170756,-4.476711887112,
    -197.5871606185));
#118 = CARTESIAN_POINT('',(-0.592404358796,-4.463704617898,
    -197.5871606185));
#119 = CARTESIAN_POINT('',(-0.704409312261,-4.44740478942,
    -197.5871606185));
#120 = CARTESIAN_POINT('',(-0.81587862691,-4.4278291962,-197.5871606185)
  );
#121 = CARTESIAN_POINT('',(-0.926697637951,-4.404999713918,
    -197.5871606185));
#122 = CARTESIAN_POINT('',(-1.138946162169,-4.354748053622,
    -197.5871606185));
#123 = CARTESIAN_POINT('',(-1.240481282949,-4.327770324972,
    -197.5871606185));
#124 = CARTESIAN_POINT('',(-1.341266614196,-4.298031708549,
    -197.5871606185));
#125 = CARTESIAN_POINT('',(-1.441212167297,-4.265557429796,
    -197.5871606185));
#126 = CARTESIAN_POINT('',(-1.540229133217,-4.230376344517,
    -197.5871606185));
#127 = CARTESIAN_POINT('',(-1.638229882495,-4.19252093888,
    -197.5871606185));
#128 = CARTESIAN_POINT('',(-2.022085902694,-4.032107901481,
    -197.5871606185));
#129 = CARTESIAN_POINT('',(-2.299403762638,-3.889038351275,
    -197.5871606185));
#130 = CARTESIAN_POINT('',(-2.564787160308,-3.723767990609,
    -197.5871606185));
#131 = CARTESIAN_POINT('',(-2.816127889958,-3.537513948095,
    -197.5871606185));
#132 = CARTESIAN_POINT('',(-3.05148020257,-3.33171810552,-197.5871606185
    ));
#133 = CARTESIAN_POINT('',(-3.269066092414,-3.10804318028,
    -197.5871606185));
#134 = CARTESIAN_POINT('',(-3.75048583833,-2.526106674081,
    -197.5871606185));
#135 = CARTESIAN_POINT('',(-3.99435442242,-2.151047428644,
    -197.5871606185));
#136 = CARTESIAN_POINT('',(-4.194137735915,-1.74889273037,
    -197.5871606185));
#137 = CARTESIAN_POINT('',(-4.346424849383,-1.325899000238,
    -197.5871606185));
#138 = CARTESIAN_POINT('',(-4.44883221292,-0.8886868028,-197.5871606185)
  );
#139 = CARTESIAN_POINT('',(-4.5,-0.444251001521,-197.5871606185));
#140 = CARTESIAN_POINT('',(-4.5,-8.881784197001E-16,-197.5871606185));
#141 = PCURVE('',#33,#142);
#142 = DEFINITIONAL_REPRESENTATION('',(#143),#224);
#143 = B_SPLINE_CURVE_WITH_KNOTS('',7,(#144,#145,#146,#147,#148,#149,
    #150,#151,#152,#153,#154,#155,#156,#157,#158,#159,#160,#161,#162,
    #163,#164,#165,#166,#167,#168,#169,#170,#171,#172,#173,#174,#175,
    #176,#177,#178,#179,#180,#181,#182,#183,#184,#185,#186,#187,#188,
    #189,#190,#191,#192,#193,#194,#195,#196,#197,#198,#199,#200,#201,
    #202,#203,#204,#205,#206,#207,#208,#209,#210,#211,#212,#213,#214,
    #215,#216,#217,#218,#219,#220,#221,#222,#223),.UNSPECIFIED.,.F.,.F.,
  (8,6,6,6,6,6,6,6,6,6,6,6,6,8),(0.,5.600193979859E-02,0.114003943575,
    0.172005947352,0.230007951129,0.288009954905,0.346011958682,
    0.402013898481,0.460015902257,0.518017906034,0.574019845833,
    0.626021655163,0.780021935921,1.),.UNSPECIFIED.);
#144 = CARTESIAN_POINT('',(3.14159265359,4.723788746232));
#145 = CARTESIAN_POINT('',(3.116459927595,4.723788746232));
#146 = CARTESIAN_POINT('',(3.091327186366,4.723788746232));
#147 = CARTESIAN_POINT('',(3.066194435997,4.723788746232));
#148 = CARTESIAN_POINT('',(3.041061682582,4.723788746232));
#149 = CARTESIAN_POINT('',(3.015928932213,4.723788746232));
#150 = CARTESIAN_POINT('',(2.990796190984,4.723788746232));
#151 = CARTESIAN_POINT('',(2.939633144015,4.723788746232));
#152 = CARTESIAN_POINT('',(2.913602804886,4.723788746232));
#153 = CARTESIAN_POINT('',(2.887572454862,4.723788746232));
#154 = CARTESIAN_POINT('',(2.861542101207,4.723788746232));
#155 = CARTESIAN_POINT('',(2.835511751184,4.723788746232));
#156 = CARTESIAN_POINT('',(2.809481412054,4.723788746232));
#157 = CARTESIAN_POINT('',(2.757420770107,4.723788746232));
#158 = CARTESIAN_POINT('',(2.731390430977,4.723788746232));
#159 = CARTESIAN_POINT('',(2.705360080954,4.723788746232));
#160 = CARTESIAN_POINT('',(2.679329727299,4.723788746232));
#161 = CARTESIAN_POINT('',(2.653299377276,4.723788746232));
#162 = CARTESIAN_POINT('',(2.627269038146,4.723788746232));
#163 = CARTESIAN_POINT('',(2.575208396199,4.723788746232));
#164 = CARTESIAN_POINT('',(2.549178057069,4.723788746232));
#165 = CARTESIAN_POINT('',(2.523147707046,4.723788746232));
#166 = CARTESIAN_POINT('',(2.497117353391,4.723788746232));
#167 = CARTESIAN_POINT('',(2.471087003368,4.723788746232));
#168 = CARTESIAN_POINT('',(2.445056664238,4.723788746232));
#169 = CARTESIAN_POINT('',(2.392996022291,4.723788746232));
#170 = CARTESIAN_POINT('',(2.366965683161,4.723788746232));
#171 = CARTESIAN_POINT('',(2.340935333138,4.723788746232));
#172 = CARTESIAN_POINT('',(2.314904979483,4.723788746232));
#173 = CARTESIAN_POINT('',(2.288874629459,4.723788746232));
#174 = CARTESIAN_POINT('',(2.26284429033,4.723788746232));
#175 = CARTESIAN_POINT('',(2.210783648383,4.723788746232));
#176 = CARTESIAN_POINT('',(2.184753309253,4.723788746232));
#177 = CARTESIAN_POINT('',(2.158722959229,4.723788746232));
#178 = CARTESIAN_POINT('',(2.132692605575,4.723788746232));
#179 = CARTESIAN_POINT('',(2.106662255551,4.723788746232));
#180 = CARTESIAN_POINT('',(2.080631916421,4.723788746232));
#181 = CARTESIAN_POINT('',(2.029468869453,4.723788746232));
#182 = CARTESIAN_POINT('',(2.004336128224,4.723788746232));
#183 = CARTESIAN_POINT('',(1.979203377855,4.723788746232));
#184 = CARTESIAN_POINT('',(1.95407062444,4.723788746232));
#185 = CARTESIAN_POINT('',(1.928937874071,4.723788746232));
#186 = CARTESIAN_POINT('',(1.903805132842,4.723788746232));
#187 = CARTESIAN_POINT('',(1.852642085873,4.723788746232));
#188 = CARTESIAN_POINT('',(1.826611746744,4.723788746232));
#189 = CARTESIAN_POINT('',(1.80058139672,4.723788746232));
#190 = CARTESIAN_POINT('',(1.774551043065,4.723788746232));
#191 = CARTESIAN_POINT('',(1.748520693042,4.723788746232));
#192 = CARTESIAN_POINT('',(1.722490353912,4.723788746232));
#193 = CARTESIAN_POINT('',(1.670429711965,4.723788746232));
#194 = CARTESIAN_POINT('',(1.644399372835,4.723788746232));
#195 = CARTESIAN_POINT('',(1.618369022812,4.723788746232));
#196 = CARTESIAN_POINT('',(1.592338669157,4.723788746232));
#197 = CARTESIAN_POINT('',(1.566308319134,4.723788746232));
#198 = CARTESIAN_POINT('',(1.540277980004,4.723788746232));
#199 = CARTESIAN_POINT('',(1.489114933035,4.723788746232));
#200 = CARTESIAN_POINT('',(1.463982191806,4.723788746232));
#201 = CARTESIAN_POINT('',(1.438849441438,4.723788746232));
#202 = CARTESIAN_POINT('',(1.413716688022,4.723788746232));
#203 = CARTESIAN_POINT('',(1.388583937653,4.723788746232));
#204 = CARTESIAN_POINT('',(1.363451196425,4.723788746232));
#205 = CARTESIAN_POINT('',(1.314980935518,4.723788746232));
#206 = CARTESIAN_POINT('',(1.291643390091,4.723788746232));
#207 = CARTESIAN_POINT('',(1.268305838356,4.723788746232));
#208 = CARTESIAN_POINT('',(1.244968284517,4.723788746232));
#209 = CARTESIAN_POINT('',(1.221630732781,4.723788746232));
#210 = CARTESIAN_POINT('',(1.198293187354,4.723788746232));
#211 = CARTESIAN_POINT('',(1.105842923966,4.723788746232));
#212 = CARTESIAN_POINT('',(1.036723252897,4.723788746232));
#213 = CARTESIAN_POINT('',(0.967608681653,4.723788746232));
#214 = CARTESIAN_POINT('',(0.89849735458,4.723788746232));
#215 = CARTESIAN_POINT('',(0.829382783335,4.723788746232));
#216 = CARTESIAN_POINT('',(0.760263112267,4.723788746232));
#217 = CARTESIAN_POINT('',(0.592427939007,4.723788746232));
#218 = CARTESIAN_POINT('',(0.493664403928,4.723788746232));
#219 = CARTESIAN_POINT('',(0.394934680723,4.723788746232));
#220 = CARTESIAN_POINT('',(0.296215703067,4.723788746232));
#221 = CARTESIAN_POINT('',(0.197485979862,4.723788746232));
#222 = CARTESIAN_POINT('',(9.872244478245E-02,4.723788746232));
#223 = CARTESIAN_POINT('',(0.,4.723788746232));
#224 = ( GEOMETRIC_REPRESENTATION_CONTEXT(2) 
PARAMETRIC_REPRESENTATION_CONTEXT() REPRESENTATION_CONTEXT('2D SPACE',''
  ) );
#225 = PCURVE('',#226,#231);
#226 = CYLINDRICAL_SURFACE('',#227,4.5);
#227 = AXIS2_PLACEMENT_3D('',#228,#229,#230);
#228 = CARTESIAN_POINT('',(0.,0.,-198.7));
#229 = DIRECTION('',(0.,0.,1.));
#230 = DIRECTION('',(1.,0.,-0.));
#231 = DEFINITIONAL_REPRESENTATION('',(#232),#313);
#232 = B_SPLINE_CURVE_WITH_KNOTS('',7,(#233,#234,#235,#236,#237,#238,
    #239,#240,#241,#242,#243,#244,#245,#246,#247,#248,#249,#250,#251,
    #252,#253,#254,#255,#256,#257,#258,#259,#260,#261,#262,#263,#264,
    #265,#266,#267,#268,#269,#270,#271,#272,#273,#274,#275,#276,#277,
    #278,#279,#280,#281,#282,#283,#284,#285,#286,#287,#288,#289,#290,
    #291,#292,#293,#294,#295,#296,#297,#298,#299,#300,#301,#302,#303,
    #304,#305,#306,#307,#308,#309,#310,#311,#312),.UNSPECIFIED.,.F.,.F.,
  (8,6,6,6,6,6,6,6,6,6,6,6,6,8),(0.,5.600193979859E-02,0.114003943575,
    0.172005947352,0.230007951129,0.288009954905,0.346011958682,
    0.402013898481,0.460015902257,0.518017906034,0.574019845833,
    0.626021655163,0.780021935921,1.),.UNSPECIFIED.);
#233 = CARTESIAN_POINT('',(6.28318530718,1.112839381498));
#234 = CARTESIAN_POINT('',(6.258052581184,1.112839381498));
#235 = CARTESIAN_POINT('',(6.232919839956,1.112839381498));
#236 = CARTESIAN_POINT('',(6.207787089587,1.112839381498));
#237 = CARTESIAN_POINT('',(6.182654336171,1.112839381498));
#238 = CARTESIAN_POINT('',(6.157521585803,1.112839381498));
#239 = CARTESIAN_POINT('',(6.132388844574,1.112839381498));
#240 = CARTESIAN_POINT('',(6.081225797605,1.112839381498));
#241 = CARTESIAN_POINT('',(6.055195458475,1.112839381498));
#242 = CARTESIAN_POINT('',(6.029165108452,1.112839381498));
#243 = CARTESIAN_POINT('',(6.003134754797,1.112839381498));
#244 = CARTESIAN_POINT('',(5.977104404774,1.112839381498));
#245 = CARTESIAN_POINT('',(5.951074065644,1.112839381498));
#246 = CARTESIAN_POINT('',(5.899013423697,1.112839381498));
#247 = CARTESIAN_POINT('',(5.872983084567,1.112839381498));
#248 = CARTESIAN_POINT('',(5.846952734544,1.112839381498));
#249 = CARTESIAN_POINT('',(5.820922380889,1.112839381498));
#250 = CARTESIAN_POINT('',(5.794892030866,1.112839381498));
#251 = CARTESIAN_POINT('',(5.768861691736,1.112839381498));
#252 = CARTESIAN_POINT('',(5.716801049789,1.112839381498));
#253 = CARTESIAN_POINT('',(5.690770710659,1.112839381498));
#254 = CARTESIAN_POINT('',(5.664740360636,1.112839381498));
#255 = CARTESIAN_POINT('',(5.638710006981,1.112839381498));
#256 = CARTESIAN_POINT('',(5.612679656957,1.112839381498));
#257 = CARTESIAN_POINT('',(5.586649317828,1.112839381498));
#258 = CARTESIAN_POINT('',(5.534588675881,1.112839381498));
#259 = CARTESIAN_POINT('',(5.508558336751,1.112839381498));
#260 = CARTESIAN_POINT('',(5.482527986727,1.112839381498));
#261 = CARTESIAN_POINT('',(5.456497633073,1.112839381498));
#262 = CARTESIAN_POINT('',(5.430467283049,1.112839381498));
#263 = CARTESIAN_POINT('',(5.404436943919,1.112839381498));
#264 = CARTESIAN_POINT('',(5.352376301972,1.112839381498));
#265 = CARTESIAN_POINT('',(5.326345962843,1.112839381498));
#266 = CARTESIAN_POINT('',(5.300315612819,1.112839381498));
#267 = CARTESIAN_POINT('',(5.274285259164,1.112839381498));
#268 = CARTESIAN_POINT('',(5.248254909141,1.112839381498));
#269 = CARTESIAN_POINT('',(5.222224570011,1.112839381498));
#270 = CARTESIAN_POINT('',(5.171061523042,1.112839381498));
#271 = CARTESIAN_POINT('',(5.145928781814,1.112839381498));
#272 = CARTESIAN_POINT('',(5.120796031445,1.112839381498));
#273 = CARTESIAN_POINT('',(5.095663278029,1.112839381498));
#274 = CARTESIAN_POINT('',(5.070530527661,1.112839381498));
#275 = CARTESIAN_POINT('',(5.045397786432,1.112839381498));
#276 = CARTESIAN_POINT('',(4.994234739463,1.112839381498));
#277 = CARTESIAN_POINT('',(4.968204400333,1.112839381498));
#278 = CARTESIAN_POINT('',(4.94217405031,1.112839381498));
#279 = CARTESIAN_POINT('',(4.916143696655,1.112839381498));
#280 = CARTESIAN_POINT('',(4.890113346632,1.112839381498));
#281 = CARTESIAN_POINT('',(4.864083007502,1.112839381498));
#282 = CARTESIAN_POINT('',(4.812022365555,1.112839381498));
#283 = CARTESIAN_POINT('',(4.785992026425,1.112839381498));
#284 = CARTESIAN_POINT('',(4.759961676402,1.112839381498));
#285 = CARTESIAN_POINT('',(4.733931322747,1.112839381498));
#286 = CARTESIAN_POINT('',(4.707900972723,1.112839381498));
#287 = CARTESIAN_POINT('',(4.681870633594,1.112839381498));
#288 = CARTESIAN_POINT('',(4.630707586625,1.112839381498));
#289 = CARTESIAN_POINT('',(4.605574845396,1.112839381498));
#290 = CARTESIAN_POINT('',(4.580442095027,1.112839381498));
#291 = CARTESIAN_POINT('',(4.555309341612,1.112839381498));
#292 = CARTESIAN_POINT('',(4.530176591243,1.112839381498));
#293 = CARTESIAN_POINT('',(4.505043850014,1.112839381498));
#294 = CARTESIAN_POINT('',(4.456573589108,1.112839381498));
#295 = CARTESIAN_POINT('',(4.433236043681,1.112839381498));
#296 = CARTESIAN_POINT('',(4.409898491945,1.112839381498));
#297 = CARTESIAN_POINT('',(4.386560938106,1.112839381498));
#298 = CARTESIAN_POINT('',(4.36322338637,1.112839381498));
#299 = CARTESIAN_POINT('',(4.339885840944,1.112839381498));
#300 = CARTESIAN_POINT('',(4.247435577556,1.112839381498));
#301 = CARTESIAN_POINT('',(4.178315906487,1.112839381498));
#302 = CARTESIAN_POINT('',(4.109201335243,1.112839381498));
#303 = CARTESIAN_POINT('',(4.040090008169,1.112839381498));
#304 = CARTESIAN_POINT('',(3.970975436925,1.112839381498));
#305 = CARTESIAN_POINT('',(3.901855765856,1.112839381498));
#306 = CARTESIAN_POINT('',(3.734020592597,1.112839381498));
#307 = CARTESIAN_POINT('',(3.635257057518,1.112839381498));
#308 = CARTESIAN_POINT('',(3.536527334313,1.112839381498));
#309 = CARTESIAN_POINT('',(3.437808356656,1.112839381498));
#310 = CARTESIAN_POINT('',(3.339078633452,1.112839381498));
#311 = CARTESIAN_POINT('',(3.240315098372,1.112839381498));
#312 = CARTESIAN_POINT('',(3.14159265359,1.112839381498));
#313 = ( GEOMETRIC_REPRESENTATION_CONTEXT(2) 
PARAMETRIC_REPRESENTATION_CONTEXT() REPRESENTATION_CONTEXT('2D SPACE',''
  ) );
#314 = ORIENTED_EDGE('',*,*,#315,.F.);
#315 = EDGE_CURVE('',#22,#57,#316,.T.);
#316 = SURFACE_CURVE('',#317,(#348,#382),.PCURVE_S1.);
#317 = B_SPLINE_CURVE_WITH_KNOTS('',8,(#318,#319,#320,#321,#322,#323,
    #324,#325,#326,#327,#328,#329,#330,#331,#332,#333,#334,#335,#336,
    #337,#338,#339,#340,#341,#342,#343,#344,#345,#346,#347),
  .UNSPECIFIED.,.F.,.F.,(9,7,7,7,9),(0.,0.25,0.5,0.75,1.),
  .UNSPECIFIED.);
#318 = CARTESIAN_POINT('',(-4.5,5.510910596163E-16,-197.5871606185));
#319 = CARTESIAN_POINT('',(-4.5,0.441688171956,-197.5871606185));
#320 = CARTESIAN_POINT('',(-4.450453672494,0.883639029399,
    -197.5871606185));
#321 = CARTESIAN_POINT('',(-4.351258436231,1.318960530729,
    -197.5871606185));
#322 = CARTESIAN_POINT('',(-4.203582755858,1.741180988038,
    -197.5871606185));
#323 = CARTESIAN_POINT('',(-4.009450282352,2.144158411553,
    -197.5871606185));
#324 = CARTESIAN_POINT('',(-3.771773120985,2.522118821369,
    -197.5871606185));
#325 = CARTESIAN_POINT('',(-3.4943012169,2.869659813779,-197.5871606185)
  );
#326 = CARTESIAN_POINT('',(-2.869659813779,3.4943012169,-197.5871606185)
  );
#327 = CARTESIAN_POINT('',(-2.522118821371,3.771773120984,
    -197.5871606185));
#328 = CARTESIAN_POINT('',(-2.14415841155,4.009450282354,-197.5871606185
    ));
#329 = CARTESIAN_POINT('',(-1.741180988042,4.203582755856,
    -197.5871606185));
#330 = CARTESIAN_POINT('',(-1.318960530726,4.351258436232,
    -197.5871606185));
#331 = CARTESIAN_POINT('',(-0.883639029401,4.450453672493,
    -197.5871606185));
#332 = CARTESIAN_POINT('',(-0.441688171956,4.5,-197.5871606185));
#333 = CARTESIAN_POINT('',(0.441688171954,4.5,-197.5871606185));
#334 = CARTESIAN_POINT('',(0.883639029404,4.450453672493,-197.5871606185
    ));
#335 = CARTESIAN_POINT('',(1.318960530715,4.351258436233,-197.5871606185
    ));
#336 = CARTESIAN_POINT('',(1.741180988055,4.203582755852,-197.5871606185
    ));
#337 = CARTESIAN_POINT('',(2.144158411539,4.009450282359,-197.5871606185
    ));
#338 = CARTESIAN_POINT('',(2.522118821375,3.771773120981,-197.5871606185
    ));
#339 = CARTESIAN_POINT('',(2.869659813778,3.494301216901,-197.5871606185
    ));
#340 = CARTESIAN_POINT('',(3.494301216901,2.869659813778,-197.5871606185
    ));
#341 = CARTESIAN_POINT('',(3.771773120975,2.522118821375,-197.5871606185
    ));
#342 = CARTESIAN_POINT('',(4.009450282371,2.144158411548,-197.5871606185
    ));
#343 = CARTESIAN_POINT('',(4.203582755836,1.74118098804,-197.5871606185)
  );
#344 = CARTESIAN_POINT('',(4.351258436245,1.31896053073,-197.5871606185)
  );
#345 = CARTESIAN_POINT('',(4.450453672489,0.883639029398,-197.5871606185
    ));
#346 = CARTESIAN_POINT('',(4.5,0.441688171956,-197.5871606185));
#347 = CARTESIAN_POINT('',(4.5,-1.550291781779E-15,-197.5871606185));
#348 = PCURVE('',#33,#349);
#349 = DEFINITIONAL_REPRESENTATION('',(#350),#381);
#350 = B_SPLINE_CURVE_WITH_KNOTS('',8,(#351,#352,#353,#354,#355,#356,
    #357,#358,#359,#360,#361,#362,#363,#364,#365,#366,#367,#368,#369,
    #370,#371,#372,#373,#374,#375,#376,#377,#378,#379,#380),
  .UNSPECIFIED.,.F.,.F.,(9,7,7,7,9),(0.,0.25,0.5,0.75,1.),
  .UNSPECIFIED.);
#351 = CARTESIAN_POINT('',(6.28318530718,4.723788746232));
#352 = CARTESIAN_POINT('',(6.185032380078,4.723788746232));
#353 = CARTESIAN_POINT('',(6.086821144786,4.723788746232));
#354 = CARTESIAN_POINT('',(5.988641713455,4.723788746232));
#355 = CARTESIAN_POINT('',(5.890486225482,4.723788746232));
#356 = CARTESIAN_POINT('',(5.792330737505,4.723788746232));
#357 = CARTESIAN_POINT('',(5.694151306177,4.723788746232));
#358 = CARTESIAN_POINT('',(5.595940070884,4.723788746232));
#359 = CARTESIAN_POINT('',(5.399634216681,4.723788746232));
#360 = CARTESIAN_POINT('',(5.301422981388,4.723788746232));
#361 = CARTESIAN_POINT('',(5.203243550058,4.723788746232));
#362 = CARTESIAN_POINT('',(5.105088062085,4.723788746232));
#363 = CARTESIAN_POINT('',(5.006932574107,4.723788746232));
#364 = CARTESIAN_POINT('',(4.90875314278,4.723788746232));
#365 = CARTESIAN_POINT('',(4.810541907486,4.723788746232));
#366 = CARTESIAN_POINT('',(4.614236053284,4.723788746232));
#367 = CARTESIAN_POINT('',(4.516024817989,4.723788746232));
#368 = CARTESIAN_POINT('',(4.417845386665,4.723788746232));
#369 = CARTESIAN_POINT('',(4.319689898681,4.723788746232));
#370 = CARTESIAN_POINT('',(4.221534410715,4.723788746232));
#371 = CARTESIAN_POINT('',(4.12335497938,4.723788746232));
#372 = CARTESIAN_POINT('',(4.025143744089,4.723788746232));
#373 = CARTESIAN_POINT('',(3.828837889885,4.723788746232));
#374 = CARTESIAN_POINT('',(3.730626654595,4.723788746232));
#375 = CARTESIAN_POINT('',(3.632447223262,4.723788746232));
#376 = CARTESIAN_POINT('',(3.534291735289,4.723788746232));
#377 = CARTESIAN_POINT('',(3.436136247315,4.723788746232));
#378 = CARTESIAN_POINT('',(3.337956815983,4.723788746232));
#379 = CARTESIAN_POINT('',(3.239745580691,4.723788746232));
#380 = CARTESIAN_POINT('',(3.14159265359,4.723788746232));
#381 = ( GEOMETRIC_REPRESENTATION_CONTEXT(2) 
PARAMETRIC_REPRESENTATION_CONTEXT() REPRESENTATION_CONTEXT('2D SPACE',''
  ) );
#382 = PCURVE('',#226,#383);
#383 = DEFINITIONAL_REPRESENTATION('',(#384),#415);
#384 = B_SPLINE_CURVE_WITH_KNOTS('',8,(#385,#386,#387,#388,#389,#390,
    #391,#392,#393,#394,#395,#396,#397,#398,#399,#400,#401,#402,#403,
    #404,#405,#406,#407,#408,#409,#410,#411,#412,#413,#414),
  .UNSPECIFIED.,.F.,.F.,(9,7,7,7,9),(0.,0.25,0.5,0.75,1.),
  .UNSPECIFIED.);
#385 = CARTESIAN_POINT('',(3.14159265359,1.112839381498));
#386 = CARTESIAN_POINT('',(3.043439726488,1.112839381498));
#387 = CARTESIAN_POINT('',(2.945228491195,1.112839381498));
#388 = CARTESIAN_POINT('',(2.847049059868,1.112839381498));
#389 = CARTESIAN_POINT('',(2.748893571889,1.112839381498));
#390 = CARTESIAN_POINT('',(2.650738083918,1.112839381498));
#391 = CARTESIAN_POINT('',(2.552558652586,1.112839381498));
#392 = CARTESIAN_POINT('',(2.454347417294,1.112839381498));
#393 = CARTESIAN_POINT('',(2.258041563091,1.112839381498));
#394 = CARTESIAN_POINT('',(2.159830327799,1.112839381498));
#395 = CARTESIAN_POINT('',(2.061650896468,1.112839381498));
#396 = CARTESIAN_POINT('',(1.963495408495,1.112839381498));
#397 = CARTESIAN_POINT('',(1.865339920518,1.112839381498));
#398 = CARTESIAN_POINT('',(1.76716048919,1.112839381498));
#399 = CARTESIAN_POINT('',(1.668949253896,1.112839381498));
#400 = CARTESIAN_POINT('',(1.472643399694,1.112839381498));
#401 = CARTESIAN_POINT('',(1.374432164399,1.112839381498));
#402 = CARTESIAN_POINT('',(1.276252733075,1.112839381498));
#403 = CARTESIAN_POINT('',(1.178097245091,1.112839381498));
#404 = CARTESIAN_POINT('',(1.079941757125,1.112839381498));
#405 = CARTESIAN_POINT('',(0.98176232579,1.112839381498));
#406 = CARTESIAN_POINT('',(0.883551090499,1.112839381498));
#407 = CARTESIAN_POINT('',(0.687245236296,1.112839381498));
#408 = CARTESIAN_POINT('',(0.589034001005,1.112839381498));
#409 = CARTESIAN_POINT('',(0.490854569671,1.112839381498));
#410 = CARTESIAN_POINT('',(0.392699081701,1.112839381498));
#411 = CARTESIAN_POINT('',(0.294543593723,1.112839381499));
#412 = CARTESIAN_POINT('',(0.196364162394,1.112839381498));
#413 = CARTESIAN_POINT('',(9.815292710142E-02,1.112839381498));
#414 = CARTESIAN_POINT('',(0.,1.112839381498));
#415 = ( GEOMETRIC_REPRESENTATION_CONTEXT(2) 
PARAMETRIC_REPRESENTATION_CONTEXT() REPRESENTATION_CONTEXT('2D SPACE',''
  ) );
#416 = ORIENTED_EDGE('',*,*,#21,.T.);
#417 = ORIENTED_EDGE('',*,*,#418,.T.);
#418 = EDGE_CURVE('',#24,#419,#421,.T.);
#419 = VERTEX_POINT('',#420);
#420 = CARTESIAN_POINT('',(46.8,-1.146269404002E-14,-196.2064235059));
#421 = SURFACE_CURVE('',#422,(#474,#529),.PCURVE_S1.);
#422 = B_SPLINE_CURVE_WITH_KNOTS('',8,(#423,#424,#425,#426,#427,#428,
    #429,#430,#431,#432,#433,#434,#435,#436,#437,#438,#439,#440,#441,
    #442,#443,#444,#445,#446,#447,#448,#449,#450,#451,#452,#453,#454,
    #455,#456,#457,#458,#459,#460,#461,#462,#463,#464,#465,#466,#467,
    #468,#469,#470,#471,#472,#473),.UNSPECIFIED.,.F.,.F.,(9,7,7,7,7,7,7,
    9),(0.,5.000640128116E-02,0.212019971341,0.455997211293,
    0.701972501633,0.73197635345,0.825987939177,1.),.UNSPECIFIED.);
#423 = CARTESIAN_POINT('',(-46.8,5.73134702001E-15,-196.2064235059));
#424 = CARTESIAN_POINT('',(-46.8,0.918915462429,-196.2064235059));
#425 = CARTESIAN_POINT('',(-46.7793795543,1.837831924089,-196.2064235059
    ));
#426 = CARTESIAN_POINT('',(-46.73813871127,2.75620810095,-196.2064235059
    ));
#427 = CARTESIAN_POINT('',(-46.67629443516,3.673504040295,
    -196.2064235059));
#428 = CARTESIAN_POINT('',(-46.59388060605,4.589181120712,
    -196.2064235059));
#429 = CARTESIAN_POINT('',(-46.49094801993,5.502702052095,
    -196.2064235059));
#430 = CARTESIAN_POINT('',(-46.36756438863,6.413530875648,
    -196.2064235059));
#431 = CARTESIAN_POINT('',(-45.75808479317,10.261633594628,
    -196.2064235059));
#432 = CARTESIAN_POINT('',(-45.07851935155,13.168617874123,
    -196.2064235059));
#433 = CARTESIAN_POINT('',(-44.18798816591,16.023427293061,
    -196.2064235059));
#434 = CARTESIAN_POINT('',(-43.09132031056,18.808224914871,
    -196.2064235059));
#435 = CARTESIAN_POINT('',(-41.7950355798,21.505895034844,
    -196.2064235059));
#436 = CARTESIAN_POINT('',(-40.30725099945,24.100019097707,
    -196.2064235059));
#437 = CARTESIAN_POINT('',(-38.63776205322,26.574927873623,
    -196.2064235059));
#438 = CARTESIAN_POINT('',(-34.02823923766,32.44100876119,
    -196.2064235059));
#439 = CARTESIAN_POINT('',(-30.8705958234,35.664997840158,
    -196.2064235059));
#440 = CARTESIAN_POINT('',(-27.36585770993,38.534635337293,
    -196.2064235059));
#441 = CARTESIAN_POINT('',(-23.56137861675,41.00761114431,
    -196.2064235059));
#442 = CARTESIAN_POINT('',(-19.50889296552,43.048941729595,
    -196.2064235059));
#443 = CARTESIAN_POINT('',(-15.26467850325,44.63155103313,
    -196.2064235059));
#444 = CARTESIAN_POINT('',(-10.88913635525,45.735837419859,
    -196.2064235059));
#445 = CARTESIAN_POINT('',(-1.971668984654,46.976411145689,
    -196.2064235059));
#446 = CARTESIAN_POINT('',(2.576727609319,47.105448507197,
    -196.2064235059));
#447 = CARTESIAN_POINT('',(7.128858353537,46.730211484941,
    -196.2064235059));
#448 = CARTESIAN_POINT('',(11.619688113257,45.853249954922,
    -196.2064235059));
#449 = CARTESIAN_POINT('',(15.986190551507,44.485671833796,
    -196.2064235059));
#450 = CARTESIAN_POINT('',(20.167655566163,42.647725299257,
    -196.2064235059));
#451 = CARTESIAN_POINT('',(24.105682355292,40.368140419141,
    -196.2064235059));
#452 = CARTESIAN_POINT('',(28.189705267948,37.361537751488,
    -196.2064235059));
#453 = CARTESIAN_POINT('',(28.629310429186,37.028688320527,
    -196.2064235059));
#454 = CARTESIAN_POINT('',(29.064420674703,36.68992995725,
    -196.2064235059));
#455 = CARTESIAN_POINT('',(29.494943397217,36.345333567503,
    -196.2064235059));
#456 = CARTESIAN_POINT('',(29.920787374714,35.994971764139,
    -196.2064235059));
#457 = CARTESIAN_POINT('',(30.341862770443,35.638918867007,
    -196.2064235059));
#458 = CARTESIAN_POINT('',(30.758081132918,35.277250902961,
    -196.2064235059));
#459 = CARTESIAN_POINT('',(32.458008128535,33.759474923183,
    -196.2064235059));
#460 = CARTESIAN_POINT('',(33.698139175943,32.554524536432,
    -196.2064235059));
#461 = CARTESIAN_POINT('',(34.887045300233,31.297603510685,
    -196.2064235059));
#462 = CARTESIAN_POINT('',(36.022193342653,29.991263509818,
    -196.2064235059));
#463 = CARTESIAN_POINT('',(37.101211784744,28.638191273127,
    -196.2064235059));
#464 = CARTESIAN_POINT('',(38.12188809844,27.241205911714,
    -196.2064235059));
#465 = CARTESIAN_POINT('',(39.082171885105,25.803261024612,
    -196.2064235059));
#466 = CARTESIAN_POINT('',(41.642371536664,21.595781582036,
    -196.2064235059));
#467 = CARTESIAN_POINT('',(43.091510420063,18.733894167718,
    -196.2064235059));
#468 = CARTESIAN_POINT('',(44.31527412306,15.761786696795,
    -196.2064235059));
#469 = CARTESIAN_POINT('',(45.304117570796,12.700292633138,
    -196.2064235059));
#470 = CARTESIAN_POINT('',(46.050788638605,9.570909373697,
    -196.2064235059));
#471 = CARTESIAN_POINT('',(46.550307932889,6.395771440816,
    -196.2064235059));
#472 = CARTESIAN_POINT('',(46.8,3.197638087165,-196.2064235059));
#473 = CARTESIAN_POINT('',(46.8,-1.61230345305E-14,-196.2064235059));
#474 = PCURVE('',#33,#475);
#475 = DEFINITIONAL_REPRESENTATION('',(#476),#528);
#476 = B_SPLINE_CURVE_WITH_KNOTS('',8,(#477,#478,#479,#480,#481,#482,
    #483,#484,#485,#486,#487,#488,#489,#490,#491,#492,#493,#494,#495,
    #496,#497,#498,#499,#500,#501,#502,#503,#504,#505,#506,#507,#508,
    #509,#510,#511,#512,#513,#514,#515,#516,#517,#518,#519,#520,#521,
    #522,#523,#524,#525,#526,#527),.UNSPECIFIED.,.F.,.F.,(9,7,7,7,7,7,7,
    9),(0.,5.000640128116E-02,0.212019971341,0.455997211293,
    0.701972501633,0.73197635345,0.825987939177,1.),.UNSPECIFIED.);
#477 = CARTESIAN_POINT('',(6.28318530718,4.831223469509));
#478 = CARTESIAN_POINT('',(6.263550361401,4.831223469509));
#479 = CARTESIAN_POINT('',(6.243915408503,4.831223469509));
#480 = CARTESIAN_POINT('',(6.224280450858,4.831223469509));
#481 = CARTESIAN_POINT('',(6.20464549084,4.831223469509));
#482 = CARTESIAN_POINT('',(6.185010530822,4.831223469509));
#483 = CARTESIAN_POINT('',(6.165375573177,4.831223469509));
#484 = CARTESIAN_POINT('',(6.145740620279,4.831223469509));
#485 = CARTESIAN_POINT('',(6.062491265505,4.831223469509));
#486 = CARTESIAN_POINT('',(5.998869543212,4.831223469509));
#487 = CARTESIAN_POINT('',(5.935251073874,4.831223469509));
#488 = CARTESIAN_POINT('',(5.871636669559,4.831223469509));
#489 = CARTESIAN_POINT('',(5.808022265244,4.831223469509));
#490 = CARTESIAN_POINT('',(5.744403795907,4.831223469509));
#491 = CARTESIAN_POINT('',(5.680782073614,4.831223469509));
#492 = CARTESIAN_POINT('',(5.521370331579,4.831223469509));
#493 = CARTESIAN_POINT('',(5.42551643023,4.831223469509));
#494 = CARTESIAN_POINT('',(5.329693505453,4.831223469509));
#495 = CARTESIAN_POINT('',(5.23389336088,4.831223469509));
#496 = CARTESIAN_POINT('',(5.138093216309,4.831223469509));
#497 = CARTESIAN_POINT('',(5.042270291531,4.831223469509));
#498 = CARTESIAN_POINT('',(4.946416390182,4.831223469509));
#499 = CARTESIAN_POINT('',(4.754037192323,4.831223469509));
#500 = CARTESIAN_POINT('',(4.657396419448,4.831223469509));
#501 = CARTESIAN_POINT('',(4.560787996199,4.831223469509));
#502 = CARTESIAN_POINT('',(4.464203160754,4.831223469509));
#503 = CARTESIAN_POINT('',(4.3676183253,4.831223469509));
#504 = CARTESIAN_POINT('',(4.271009902056,4.831223469509));
#505 = CARTESIAN_POINT('',(4.174369129179,4.831223469509));
#506 = CARTESIAN_POINT('',(4.066006292555,4.831223469509));
#507 = CARTESIAN_POINT('',(4.054225320196,4.831223469509));
#508 = CARTESIAN_POINT('',(4.042444347468,4.831223469509));
#509 = CARTESIAN_POINT('',(4.030663374556,4.831223469509));
#510 = CARTESIAN_POINT('',(4.018882401644,4.831223469509));
#511 = CARTESIAN_POINT('',(4.007101428916,4.831223469509));
#512 = CARTESIAN_POINT('',(3.995320456557,4.831223469509));
#513 = CARTESIAN_POINT('',(3.946625962863,4.831223469509));
#514 = CARTESIAN_POINT('',(3.909711947714,4.831223469509));
#515 = CARTESIAN_POINT('',(3.872798151839,4.831223469509));
#516 = CARTESIAN_POINT('',(3.835884630033,4.831223469509));
#517 = CARTESIAN_POINT('',(3.798971108228,4.831223469509));
#518 = CARTESIAN_POINT('',(3.762057312352,4.831223469509));
#519 = CARTESIAN_POINT('',(3.725143297204,4.831223469509));
#520 = CARTESIAN_POINT('',(3.619904175161,4.831223469509));
#521 = CARTESIAN_POINT('',(3.551567995772,4.831223469509));
#522 = CARTESIAN_POINT('',(3.483237097765,4.831223469509));
#523 = CARTESIAN_POINT('',(3.414911214452,4.831223469509));
#524 = CARTESIAN_POINT('',(3.346585331139,4.831223469509));
#525 = CARTESIAN_POINT('',(3.278254433132,4.831223469509));
#526 = CARTESIAN_POINT('',(3.209918253743,4.831223469509));
#527 = CARTESIAN_POINT('',(3.14159265359,4.831223469509));
#528 = ( GEOMETRIC_REPRESENTATION_CONTEXT(2) 
PARAMETRIC_REPRESENTATION_CONTEXT() REPRESENTATION_CONTEXT('2D SPACE',''
  ) );
#529 = PCURVE('',#530,#535);
#530 = CYLINDRICAL_SURFACE('',#531,46.8);
#531 = AXIS2_PLACEMENT_3D('',#532,#533,#534);
#532 = CARTESIAN_POINT('',(0.,0.,-202.6));
#533 = DIRECTION('',(0.,0.,1.));
#534 = DIRECTION('',(1.,0.,-0.));
#535 = DEFINITIONAL_REPRESENTATION('',(#536),#588);
#536 = B_SPLINE_CURVE_WITH_KNOTS('',8,(#537,#538,#539,#540,#541,#542,
    #543,#544,#545,#546,#547,#548,#549,#550,#551,#552,#553,#554,#555,
    #556,#557,#558,#559,#560,#561,#562,#563,#564,#565,#566,#567,#568,
    #569,#570,#571,#572,#573,#574,#575,#576,#577,#578,#579,#580,#581,
    #582,#583,#584,#585,#586,#587),.UNSPECIFIED.,.F.,.F.,(9,7,7,7,7,7,7,
    9),(0.,5.000640128116E-02,0.212019971341,0.455997211293,
    0.701972501633,0.73197635345,0.825987939177,1.),.UNSPECIFIED.);
#537 = CARTESIAN_POINT('',(3.14159265359,6.393576494008));
#538 = CARTESIAN_POINT('',(3.121957707811,6.393576494008));
#539 = CARTESIAN_POINT('',(3.102322754913,6.393576494008));
#540 = CARTESIAN_POINT('',(3.082687797268,6.393576494008));
#541 = CARTESIAN_POINT('',(3.06305283725,6.393576494008));
#542 = CARTESIAN_POINT('',(3.043417877232,6.393576494008));
#543 = CARTESIAN_POINT('',(3.023782919587,6.393576494008));
#544 = CARTESIAN_POINT('',(3.004147966689,6.393576494008));
#545 = CARTESIAN_POINT('',(2.920898611915,6.393576494008));
#546 = CARTESIAN_POINT('',(2.857276889622,6.393576494008));
#547 = CARTESIAN_POINT('',(2.793658420284,6.393576494008));
#548 = CARTESIAN_POINT('',(2.73004401597,6.393576494008));
#549 = CARTESIAN_POINT('',(2.666429611655,6.393576494008));
#550 = CARTESIAN_POINT('',(2.602811142317,6.393576494008));
#551 = CARTESIAN_POINT('',(2.539189420024,6.393576494008));
#552 = CARTESIAN_POINT('',(2.379777677989,6.393576494008));
#553 = CARTESIAN_POINT('',(2.28392377664,6.393576494008));
#554 = CARTESIAN_POINT('',(2.188100851864,6.393576494008));
#555 = CARTESIAN_POINT('',(2.092300707289,6.393576494008));
#556 = CARTESIAN_POINT('',(1.99650056272,6.393576494008));
#557 = CARTESIAN_POINT('',(1.900677637941,6.393576494008));
#558 = CARTESIAN_POINT('',(1.804823736592,6.393576494008));
#559 = CARTESIAN_POINT('',(1.612444538734,6.393576494008));
#560 = CARTESIAN_POINT('',(1.515803765858,6.393576494008));
#561 = CARTESIAN_POINT('',(1.41919534261,6.393576494008));
#562 = CARTESIAN_POINT('',(1.322610507163,6.393576494008));
#563 = CARTESIAN_POINT('',(1.22602567171,6.393576494008));
#564 = CARTESIAN_POINT('',(1.129417248466,6.393576494008));
#565 = CARTESIAN_POINT('',(1.032776475589,6.393576494008));
#566 = CARTESIAN_POINT('',(0.924413638965,6.393576494008));
#567 = CARTESIAN_POINT('',(0.912632666606,6.393576494008));
#568 = CARTESIAN_POINT('',(0.900851693878,6.393576494008));
#569 = CARTESIAN_POINT('',(0.889070720966,6.393576494008));
#570 = CARTESIAN_POINT('',(0.877289748054,6.393576494008));
#571 = CARTESIAN_POINT('',(0.865508775326,6.393576494008));
#572 = CARTESIAN_POINT('',(0.853727802967,6.393576494008));
#573 = CARTESIAN_POINT('',(0.805033309273,6.393576494008));
#574 = CARTESIAN_POINT('',(0.768119294125,6.393576494008));
#575 = CARTESIAN_POINT('',(0.731205498249,6.393576494008));
#576 = CARTESIAN_POINT('',(0.694291976443,6.393576494008));
#577 = CARTESIAN_POINT('',(0.657378454638,6.393576494008));
#578 = CARTESIAN_POINT('',(0.620464658762,6.393576494008));
#579 = CARTESIAN_POINT('',(0.583550643614,6.393576494008));
#580 = CARTESIAN_POINT('',(0.478311521571,6.393576494008));
#581 = CARTESIAN_POINT('',(0.409975342182,6.393576494008));
#582 = CARTESIAN_POINT('',(0.341644444175,6.393576494009));
#583 = CARTESIAN_POINT('',(0.273318560864,6.393576494007));
#584 = CARTESIAN_POINT('',(0.204992677547,6.393576494009));
#585 = CARTESIAN_POINT('',(0.136661779544,6.393576494007));
#586 = CARTESIAN_POINT('',(6.83256001531E-02,6.393576494008));
#587 = CARTESIAN_POINT('',(0.,6.393576494008));
#588 = ( GEOMETRIC_REPRESENTATION_CONTEXT(2) 
PARAMETRIC_REPRESENTATION_CONTEXT() REPRESENTATION_CONTEXT('2D SPACE',''
  ) );
#589 = ORIENTED_EDGE('',*,*,#590,.T.);
#590 = EDGE_CURVE('',#419,#24,#591,.T.);
#591 = SURFACE_CURVE('',#592,(#700,#811),.PCURVE_S1.);
#592 = B_SPLINE_CURVE_WITH_KNOTS('',8,(#593,#594,#595,#596,#597,#598,
    #599,#600,#601,#602,#603,#604,#605,#606,#607,#608,#609,#610,#611,
    #612,#613,#614,#615,#616,#617,#618,#619,#620,#621,#622,#623,#624,
    #625,#626,#627,#628,#629,#630,#631,#632,#633,#634,#635,#636,#637,
    #638,#639,#640,#641,#642,#643,#644,#645,#646,#647,#648,#649,#650,
    #651,#652,#653,#654,#655,#656,#657,#658,#659,#660,#661,#662,#663,
    #664,#665,#666,#667,#668,#669,#670,#671,#672,#673,#674,#675,#676,
    #677,#678,#679,#680,#681,#682,#683,#684,#685,#686,#687,#688,#689,
    #690,#691,#692,#693,#694,#695,#696,#697,#698,#699),.UNSPECIFIED.,.F.
  ,.F.,(9,7,7,7,7,7,7,7,7,7,7,7,7,7,7,9),(0.,5.800156257142E-02,
    0.116003125143,0.174004687714,0.230006202029,0.2880077646,
    0.346009327172,0.400010792275,0.458012354847,0.514013869161,
    0.570015383476,0.628016946047,0.676018258748,0.730019723852,
    0.788021286423,1.),.UNSPECIFIED.);
#593 = CARTESIAN_POINT('',(46.8,-1.42108547152E-14,-196.2064235059));
#594 = CARTESIAN_POINT('',(46.8,-1.065941570499,-196.2064235059));
#595 = CARTESIAN_POINT('',(46.772253104025,-2.131885240047,
    -196.2064235059));
#596 = CARTESIAN_POINT('',(46.716759429929,-3.196985342603,
    -196.2064235059));
#597 = CARTESIAN_POINT('',(46.633549696728,-4.260399007823,
    -196.2064235059));
#598 = CARTESIAN_POINT('',(46.522685224596,-5.321286161056,
    -196.2064235059));
#599 = CARTESIAN_POINT('',(46.38425793487,-6.378809523346,
    -196.2064235059));
#600 = CARTESIAN_POINT('',(46.218390350047,-7.432134611431,
    -196.2064235059));
#601 = CARTESIAN_POINT('',(45.832080837518,-9.528724864057,
    -196.2064235059));
#602 = CARTESIAN_POINT('',(45.611638149094,-10.57199415719,
    -196.2064235059));
#603 = CARTESIAN_POINT('',(45.364060883974,-11.6094059723,
    -196.2064235059));
#604 = CARTESIAN_POINT('',(45.08953198559,-12.64013695904,
    -196.2064235059));
#605 = CARTESIAN_POINT('',(44.788263985344,-13.6633720616,
    -196.2064235059));
#606 = CARTESIAN_POINT('',(44.460499002605,-14.67830451867,
    -196.2064235059));
#607 = CARTESIAN_POINT('',(44.106508744712,-15.68413586348,
    -196.2064235059));
#608 = CARTESIAN_POINT('',(43.346680269231,-17.67601598406,
    -196.2064235059));
#609 = CARTESIAN_POINT('',(42.940840555392,-18.66206868222,
    -196.2064235059));
#610 = CARTESIAN_POINT('',(42.509376880991,-19.63744393001,
    -196.2064235059));
#611 = CARTESIAN_POINT('',(42.052618356697,-20.60136515789,
    -196.2064235059));
#612 = CARTESIAN_POINT('',(41.570921688307,-21.55306931505,
    -196.2064235059));
#613 = CARTESIAN_POINT('',(41.064671176753,-22.49180686936,
    -196.2064235059));
#614 = CARTESIAN_POINT('',(40.534278718096,-23.41684180745,
    -196.2064235059));
#615 = CARTESIAN_POINT('',(39.445195556422,-25.20666121127,
    -196.2064235059));
#616 = CARTESIAN_POINT('',(38.888109394865,-26.0724265395,
    -196.2064235059));
#617 = CARTESIAN_POINT('',(38.309320971305,-26.92409758048,
    -196.2064235059));
#618 = CARTESIAN_POINT('',(37.709247442472,-27.76104012648,
    -196.2064235059));
#619 = CARTESIAN_POINT('',(37.088327469371,-28.58263580096,
    -196.2064235059));
#620 = CARTESIAN_POINT('',(36.447021217287,-29.38828205852,
    -196.2064235059));
#621 = CARTESIAN_POINT('',(35.785810355786,-30.17739218494,
    -196.2064235059));
#622 = CARTESIAN_POINT('',(34.400278250396,-31.74896986875,
    -196.2064235059));
#623 = CARTESIAN_POINT('',(33.674543800138,-32.53019666335,
    -196.2064235059));
#624 = CARTESIAN_POINT('',(32.928554045327,-33.29244141541,
    -196.2064235059));
#625 = CARTESIAN_POINT('',(32.162889428793,-34.03509219341,
    -196.2064235059));
#626 = CARTESIAN_POINT('',(31.378151498816,-34.75755939982,
    -196.2064235059));
#627 = CARTESIAN_POINT('',(30.574962909113,-35.45927577108,
    -196.2064235059));
#628 = CARTESIAN_POINT('',(29.75396741885,-36.13969637766,
    -196.2064235059));
#629 = CARTESIAN_POINT('',(28.077692366415,-37.45690087031,
    -196.2064235059));
#630 = CARTESIAN_POINT('',(27.222409503328,-38.09368735022,
    -196.2064235059));
#631 = CARTESIAN_POINT('',(26.350646313614,-38.70813565349,
    -196.2064235059));
#632 = CARTESIAN_POINT('',(25.463084516514,-39.29974915858,
    -196.2064235059));
#633 = CARTESIAN_POINT('',(24.560422540267,-39.86805703264,
    -196.2064235059));
#634 = CARTESIAN_POINT('',(23.643375522112,-40.4126142315,
    -196.2064235059));
#635 = CARTESIAN_POINT('',(22.712675308288,-40.93300149967,
    -196.2064235059));
#636 = CARTESIAN_POINT('',(20.890541629121,-41.89045457935,
    -196.2064235059));
#637 = CARTESIAN_POINT('',(20.000823831538,-42.33079315587,
    -196.2064235059));
#638 = CARTESIAN_POINT('',(19.100520970181,-42.7495238584,
    -196.2064235059));
#639 = CARTESIAN_POINT('',(18.190245922784,-43.14635071908,
    -196.2064235059));
#640 = CARTESIAN_POINT('',(17.270620535918,-43.52099904365,
    -196.2064235059));
#641 = CARTESIAN_POINT('',(16.342275624991,-43.87321541148,
    -196.2064235059));
#642 = CARTESIAN_POINT('',(15.405850974243,-44.20276767559,
    -196.2064235059));
#643 = CARTESIAN_POINT('',(13.448224660139,-44.8388390229,
    -196.2064235059));
#644 = CARTESIAN_POINT('',(12.425877724814,-45.14184486562,
    -196.2064235059));
#645 = CARTESIAN_POINT('',(11.395758843395,-45.41820127765,
    -196.2064235059));
#646 = CARTESIAN_POINT('',(10.358679125913,-45.66767701328,
    -196.2064235059));
#647 = CARTESIAN_POINT('',(9.315456479815,-45.89007079409,
    -196.2064235059));
#648 = CARTESIAN_POINT('',(8.266915609963,-46.08521130906,
    -196.2064235059));
#649 = CARTESIAN_POINT('',(7.213888018635,-46.25295721449,
    -196.2064235059));
#650 = CARTESIAN_POINT('',(5.136972993842,-46.52860120791,
    -196.2064235059));
#651 = CARTESIAN_POINT('',(4.113329152701,-46.63836404985,
    -196.2064235059));
#652 = CARTESIAN_POINT('',(3.087034860481,-46.72238563661,
    -196.2064235059));
#653 = CARTESIAN_POINT('',(2.058845669652,-46.78059262226,
    -196.2064235059));
#654 = CARTESIAN_POINT('',(1.029518306772,-46.81293833826,
    -196.2064235059));
#655 = CARTESIAN_POINT('',(-1.893275133292E-04,-46.81940279338,
    -196.2064235059));
#656 = CARTESIAN_POINT('',(-1.029518158468,-46.79999267377,
    -196.2064235059));
#657 = CARTESIAN_POINT('',(-3.085897716072,-46.70949001209,
    -196.2064235059));
#658 = CARTESIAN_POINT('',(-4.11295196168,-46.63839731515,
    -196.2064235059));
#659 = CARTESIAN_POINT('',(-5.138110433665,-46.54149680637,
    -196.2064235059));
#660 = CARTESIAN_POINT('',(-6.160616404787,-46.41884851108,
    -196.2064235059));
#661 = CARTESIAN_POINT('',(-7.179716660992,-46.27053892569,
    -196.2064235059));
#662 = CARTESIAN_POINT('',(-8.194661501411,-46.09668101764,
    -196.2064235059));
#663 = CARTESIAN_POINT('',(-9.204704738363,-45.89741422546,
    -196.2064235059));
#664 = CARTESIAN_POINT('',(-11.24937394325,-45.4403765094,
    -196.2064235059));
#665 = CARTESIAN_POINT('',(-12.28359343981,-45.18076944131,
    -196.2064235059));
#666 = CARTESIAN_POINT('',(-13.3109369131,-44.89426784579,
    -196.2064235059));
#667 = CARTESIAN_POINT('',(-14.33058849295,-44.58108556853,
    -196.2064235059));
#668 = CARTESIAN_POINT('',(-15.34174171301,-44.24146570951,
    -196.2064235059));
#669 = CARTESIAN_POINT('',(-16.34359951073,-43.87568062305,
    -196.2064235059));
#670 = CARTESIAN_POINT('',(-17.33537422737,-43.4840319178,
    -196.2064235059));
#671 = CARTESIAN_POINT('',(-19.12807832236,-42.72159669322,
    -196.2064235059));
#672 = CARTESIAN_POINT('',(-19.93243219972,-42.35885470919,
    -196.2064235059));
#673 = CARTESIAN_POINT('',(-20.7289086539,-41.97881192659,
    -196.2064235059));
#674 = CARTESIAN_POINT('',(-21.51707372192,-41.58166856662,
    -196.2064235059));
#675 = CARTESIAN_POINT('',(-22.29650006391,-41.16763764962,
    -196.2064235059));
#676 = CARTESIAN_POINT('',(-23.06676696315,-40.73694499515,
    -196.2064235059));
#677 = CARTESIAN_POINT('',(-23.82746032606,-40.28982922196,
    -196.2064235059));
#678 = CARTESIAN_POINT('',(-25.42272390006,-39.30534345255,
    -196.2064235059));
#679 = CARTESIAN_POINT('',(-26.25464502629,-38.7636765244,
    -196.2064235059));
#680 = CARTESIAN_POINT('',(-27.07335558311,-38.20189928424,
    -196.2064235059));
#681 = CARTESIAN_POINT('',(-27.87828883838,-37.62038860178,
    -196.2064235059));
#682 = CARTESIAN_POINT('',(-28.66889180557,-37.01953989575,
    -196.2064235059));
#683 = CARTESIAN_POINT('',(-29.44462524373,-36.39976713389,
    -196.2064235059));
#684 = CARTESIAN_POINT('',(-30.2049636575,-35.76150283295,
    -196.2064235059));
#685 = CARTESIAN_POINT('',(-31.74896986875,-34.40027825039,
    -196.2064235059));
#686 = CARTESIAN_POINT('',(-32.53019666335,-33.67454380013,
    -196.2064235059));
#687 = CARTESIAN_POINT('',(-33.29244141541,-32.92855404532,
    -196.2064235059));
#688 = CARTESIAN_POINT('',(-34.03509219341,-32.16288942879,
    -196.2064235059));
#689 = CARTESIAN_POINT('',(-34.75755939982,-31.37815149881,
    -196.2064235059));
#690 = CARTESIAN_POINT('',(-35.45927577108,-30.57496290911,
    -196.2064235059));
#691 = CARTESIAN_POINT('',(-36.13969637766,-29.75396741885,
    -196.2064235059));
#692 = CARTESIAN_POINT('',(-39.20529682792,-25.85268285432,
    -196.2064235059));
#693 = CARTESIAN_POINT('',(-41.32170299694,-22.55951312608,
    -196.2064235059));
#694 = CARTESIAN_POINT('',(-43.12051242967,-19.06997825399,
    -196.2064235059));
#695 = CARTESIAN_POINT('',(-44.58112701967,-15.4201736942,
    -196.2064235059));
#696 = CARTESIAN_POINT('',(-45.6877294969,-11.64791982386,
    -196.2064235059));
#697 = CARTESIAN_POINT('',(-46.42938911427,-7.792727220244,
    -196.2064235059));
#698 = CARTESIAN_POINT('',(-46.8,-3.895704061151,-196.2064235059));
#699 = CARTESIAN_POINT('',(-46.8,-7.105427357601E-15,-196.2064235059));
#700 = PCURVE('',#33,#701);
#701 = DEFINITIONAL_REPRESENTATION('',(#702),#810);
#702 = B_SPLINE_CURVE_WITH_KNOTS('',8,(#703,#704,#705,#706,#707,#708,
    #709,#710,#711,#712,#713,#714,#715,#716,#717,#718,#719,#720,#721,
    #722,#723,#724,#725,#726,#727,#728,#729,#730,#731,#732,#733,#734,
    #735,#736,#737,#738,#739,#740,#741,#742,#743,#744,#745,#746,#747,
    #748,#749,#750,#751,#752,#753,#754,#755,#756,#757,#758,#759,#760,
    #761,#762,#763,#764,#765,#766,#767,#768,#769,#770,#771,#772,#773,
    #774,#775,#776,#777,#778,#779,#780,#781,#782,#783,#784,#785,#786,
    #787,#788,#789,#790,#791,#792,#793,#794,#795,#796,#797,#798,#799,
    #800,#801,#802,#803,#804,#805,#806,#807,#808,#809),.UNSPECIFIED.,.F.
  ,.F.,(9,7,7,7,7,7,7,7,7,7,7,7,7,7,7,9),(0.,5.800156257142E-02,
    0.116003125143,0.174004687714,0.230006202029,0.2880077646,
    0.346009327172,0.400010792275,0.458012354847,0.514013869161,
    0.570015383476,0.628016946047,0.676018258748,0.730019723852,
    0.788021286423,1.),.UNSPECIFIED.);
#703 = CARTESIAN_POINT('',(3.14159265359,4.831223469509));
#704 = CARTESIAN_POINT('',(3.118816124306,4.831223469509));
#705 = CARTESIAN_POINT('',(3.096039580061,4.831223469509));
#706 = CARTESIAN_POINT('',(3.073263025842,4.831223469509));
#707 = CARTESIAN_POINT('',(3.050486466636,4.831223469509));
#708 = CARTESIAN_POINT('',(3.02770990743,4.831223469509));
#709 = CARTESIAN_POINT('',(3.004933353211,4.831223469509));
#710 = CARTESIAN_POINT('',(2.982156808966,4.831223469509));
#711 = CARTESIAN_POINT('',(2.936603750398,4.831223469509));
#712 = CARTESIAN_POINT('',(2.913827206152,4.831223469509));
#713 = CARTESIAN_POINT('',(2.891050651934,4.831223469509));
#714 = CARTESIAN_POINT('',(2.868274092728,4.831223469509));
#715 = CARTESIAN_POINT('',(2.845497533522,4.831223469509));
#716 = CARTESIAN_POINT('',(2.822720979303,4.831223469509));
#717 = CARTESIAN_POINT('',(2.799944435058,4.831223469509));
#718 = CARTESIAN_POINT('',(2.754391376489,4.831223469509));
#719 = CARTESIAN_POINT('',(2.731614832244,4.831223469509));
#720 = CARTESIAN_POINT('',(2.708838278025,4.831223469509));
#721 = CARTESIAN_POINT('',(2.686061718819,4.831223469509));
#722 = CARTESIAN_POINT('',(2.663285159613,4.831223469509));
#723 = CARTESIAN_POINT('',(2.640508605395,4.831223469509));
#724 = CARTESIAN_POINT('',(2.617732061149,4.831223469509));
#725 = CARTESIAN_POINT('',(2.572964397934,4.831223469509));
#726 = CARTESIAN_POINT('',(2.550973251451,4.831223469509));
#727 = CARTESIAN_POINT('',(2.5289820966,4.831223469509));
#728 = CARTESIAN_POINT('',(2.506990937565,4.831223469509));
#729 = CARTESIAN_POINT('',(2.48499977853,4.831223469509));
#730 = CARTESIAN_POINT('',(2.463008623679,4.831223469509));
#731 = CARTESIAN_POINT('',(2.441017477196,4.831223469509));
#732 = CARTESIAN_POINT('',(2.39624981398,4.831223469509));
#733 = CARTESIAN_POINT('',(2.373473269735,4.831223469509));
#734 = CARTESIAN_POINT('',(2.350696715516,4.831223469509));
#735 = CARTESIAN_POINT('',(2.32792015631,4.831223469509));
#736 = CARTESIAN_POINT('',(2.305143597104,4.831223469509));
#737 = CARTESIAN_POINT('',(2.282367042885,4.831223469509));
#738 = CARTESIAN_POINT('',(2.25959049864,4.831223469509));
#739 = CARTESIAN_POINT('',(2.214037440072,4.831223469509));
#740 = CARTESIAN_POINT('',(2.191260895827,4.831223469509));
#741 = CARTESIAN_POINT('',(2.168484341608,4.831223469509));
#742 = CARTESIAN_POINT('',(2.145707782402,4.831223469509));
#743 = CARTESIAN_POINT('',(2.122931223196,4.831223469509));
#744 = CARTESIAN_POINT('',(2.100154668977,4.831223469509));
#745 = CARTESIAN_POINT('',(2.077378124732,4.831223469509));
#746 = CARTESIAN_POINT('',(2.033395857244,4.831223469509));
#747 = CARTESIAN_POINT('',(2.012190108576,4.831223469509));
#748 = CARTESIAN_POINT('',(1.990984352932,4.831223469509));
#749 = CARTESIAN_POINT('',(1.969778593801,4.831223469509));
#750 = CARTESIAN_POINT('',(1.948572834669,4.831223469509));
#751 = CARTESIAN_POINT('',(1.927367079026,4.831223469509));
#752 = CARTESIAN_POINT('',(1.906161330358,4.831223469509));
#753 = CARTESIAN_POINT('',(1.86217906287,4.831223469509));
#754 = CARTESIAN_POINT('',(1.839402518625,4.831223469509));
#755 = CARTESIAN_POINT('',(1.816625964406,4.831223469509));
#756 = CARTESIAN_POINT('',(1.7938494052,4.831223469509));
#757 = CARTESIAN_POINT('',(1.771072845994,4.831223469509));
#758 = CARTESIAN_POINT('',(1.748296291775,4.831223469509));
#759 = CARTESIAN_POINT('',(1.72551974753,4.831223469509));
#760 = CARTESIAN_POINT('',(1.680752084314,4.831223469509));
#761 = CARTESIAN_POINT('',(1.658760937831,4.831223469509));
#762 = CARTESIAN_POINT('',(1.63676978298,4.831223469509));
#763 = CARTESIAN_POINT('',(1.614778623945,4.831223469509));
#764 = CARTESIAN_POINT('',(1.59278746491,4.831223469509));
#765 = CARTESIAN_POINT('',(1.570796310059,4.831223469509));
#766 = CARTESIAN_POINT('',(1.548805163576,4.831223469509));
#767 = CARTESIAN_POINT('',(1.504822895713,4.831223469509));
#768 = CARTESIAN_POINT('',(1.48283174923,4.831223469509));
#769 = CARTESIAN_POINT('',(1.460840594379,4.831223469509));
#770 = CARTESIAN_POINT('',(1.438849435344,4.831223469509));
#771 = CARTESIAN_POINT('',(1.416858276309,4.831223469509));
#772 = CARTESIAN_POINT('',(1.394867121458,4.831223469509));
#773 = CARTESIAN_POINT('',(1.372875974975,4.831223469509));
#774 = CARTESIAN_POINT('',(1.32810831176,4.831223469509));
#775 = CARTESIAN_POINT('',(1.305331767514,4.831223469509));
#776 = CARTESIAN_POINT('',(1.282555213296,4.831223469509));
#777 = CARTESIAN_POINT('',(1.25977865409,4.831223469509));
#778 = CARTESIAN_POINT('',(1.237002094884,4.831223469509));
#779 = CARTESIAN_POINT('',(1.214225540665,4.831223469509));
#780 = CARTESIAN_POINT('',(1.19144899642,4.831223469509));
#781 = CARTESIAN_POINT('',(1.149822917986,4.831223469509));
#782 = CARTESIAN_POINT('',(1.130973363032,4.831223469509));
#783 = CARTESIAN_POINT('',(1.112123804208,4.831223469509));
#784 = CARTESIAN_POINT('',(1.093274243449,4.831223469509));
#785 = CARTESIAN_POINT('',(1.07442468269,4.831223469509));
#786 = CARTESIAN_POINT('',(1.055575123867,4.831223469509));
#787 = CARTESIAN_POINT('',(1.036725568912,4.831223469509));
#788 = CARTESIAN_POINT('',(0.996670281559,4.831223469509));
#789 = CARTESIAN_POINT('',(0.975464532891,4.831223469509));
#790 = CARTESIAN_POINT('',(0.954258777248,4.831223469509));
#791 = CARTESIAN_POINT('',(0.933053018116,4.831223469509));
#792 = CARTESIAN_POINT('',(0.911847258985,4.831223469509));
#793 = CARTESIAN_POINT('',(0.890641503341,4.831223469509));
#794 = CARTESIAN_POINT('',(0.869435754674,4.831223469509));
#795 = CARTESIAN_POINT('',(0.825453487185,4.831223469509));
#796 = CARTESIAN_POINT('',(0.80267694294,4.831223469509));
#797 = CARTESIAN_POINT('',(0.779900388721,4.831223469509));
#798 = CARTESIAN_POINT('',(0.757123829515,4.831223469509));
#799 = CARTESIAN_POINT('',(0.734347270309,4.831223469509));
#800 = CARTESIAN_POINT('',(0.71157071609,4.831223469509));
#801 = CARTESIAN_POINT('',(0.688794171845,4.831223469509));
#802 = CARTESIAN_POINT('',(0.582776102793,4.831223469509));
#803 = CARTESIAN_POINT('',(0.499506396372,4.831223469509));
#804 = CARTESIAN_POINT('',(0.416251447604,4.831223469509));
#805 = CARTESIAN_POINT('',(0.333008821281,4.831223469509));
#806 = CARTESIAN_POINT('',(0.249766194957,4.831223469509));
#807 = CARTESIAN_POINT('',(0.166511246189,4.831223469509));
#808 = CARTESIAN_POINT('',(8.324153976818E-02,4.831223469509));
#809 = CARTESIAN_POINT('',(0.,4.831223469509));
#810 = ( GEOMETRIC_REPRESENTATION_CONTEXT(2) 
PARAMETRIC_REPRESENTATION_CONTEXT() REPRESENTATION_CONTEXT('2D SPACE',''
  ) );
#811 = PCURVE('',#530,#812);
#812 = DEFINITIONAL_REPRESENTATION('',(#813),#921);
#813 = B_SPLINE_CURVE_WITH_KNOTS('',8,(#814,#815,#816,#817,#818,#819,
    #820,#821,#822,#823,#824,#825,#826,#827,#828,#829,#830,#831,#832,
    #833,#834,#835,#836,#837,#838,#839,#840,#841,#842,#843,#844,#845,
    #846,#847,#848,#849,#850,#851,#852,#853,#854,#855,#856,#857,#858,
    #859,#860,#861,#862,#863,#864,#865,#866,#867,#868,#869,#870,#871,
    #872,#873,#874,#875,#876,#877,#878,#879,#880,#881,#882,#883,#884,
    #885,#886,#887,#888,#889,#890,#891,#892,#893,#894,#895,#896,#897,
    #898,#899,#900,#901,#902,#903,#904,#905,#906,#907,#908,#909,#910,
    #911,#912,#913,#914,#915,#916,#917,#918,#919,#920),.UNSPECIFIED.,.F.
  ,.F.,(9,7,7,7,7,7,7,7,7,7,7,7,7,7,7,9),(0.,5.800156257142E-02,
    0.116003125143,0.174004687714,0.230006202029,0.2880077646,
    0.346009327172,0.400010792275,0.458012354847,0.514013869161,
    0.570015383476,0.628016946047,0.676018258748,0.730019723852,
    0.788021286423,1.),.UNSPECIFIED.);
#814 = CARTESIAN_POINT('',(6.28318530718,6.393576494008));
#815 = CARTESIAN_POINT('',(6.260408777895,6.393576494008));
#816 = CARTESIAN_POINT('',(6.23763223365,6.393576494008));
#817 = CARTESIAN_POINT('',(6.214855679431,6.393576494008));
#818 = CARTESIAN_POINT('',(6.192079120226,6.393576494008));
#819 = CARTESIAN_POINT('',(6.16930256102,6.393576494008));
#820 = CARTESIAN_POINT('',(6.146526006801,6.393576494008));
#821 = CARTESIAN_POINT('',(6.123749462556,6.393576494008));
#822 = CARTESIAN_POINT('',(6.078196403987,6.393576494008));
#823 = CARTESIAN_POINT('',(6.055419859742,6.393576494008));
#824 = CARTESIAN_POINT('',(6.032643305523,6.393576494008));
#825 = CARTESIAN_POINT('',(6.009866746317,6.393576494008));
#826 = CARTESIAN_POINT('',(5.987090187111,6.393576494008));
#827 = CARTESIAN_POINT('',(5.964313632893,6.393576494008));
#828 = CARTESIAN_POINT('',(5.941537088647,6.393576494008));
#829 = CARTESIAN_POINT('',(5.895984030079,6.393576494008));
#830 = CARTESIAN_POINT('',(5.873207485834,6.393576494008));
#831 = CARTESIAN_POINT('',(5.850430931615,6.393576494008));
#832 = CARTESIAN_POINT('',(5.827654372409,6.393576494008));
#833 = CARTESIAN_POINT('',(5.804877813203,6.393576494008));
#834 = CARTESIAN_POINT('',(5.782101258984,6.393576494008));
#835 = CARTESIAN_POINT('',(5.759324714739,6.393576494008));
#836 = CARTESIAN_POINT('',(5.714557051524,6.393576494008));
#837 = CARTESIAN_POINT('',(5.69256590504,6.393576494008));
#838 = CARTESIAN_POINT('',(5.670574750189,6.393576494008));
#839 = CARTESIAN_POINT('',(5.648583591155,6.393576494008));
#840 = CARTESIAN_POINT('',(5.62659243212,6.393576494008));
#841 = CARTESIAN_POINT('',(5.604601277269,6.393576494008));
#842 = CARTESIAN_POINT('',(5.582610130785,6.393576494008));
#843 = CARTESIAN_POINT('',(5.53784246757,6.393576494008));
#844 = CARTESIAN_POINT('',(5.515065923325,6.393576494008));
#845 = CARTESIAN_POINT('',(5.492289369106,6.393576494008));
#846 = CARTESIAN_POINT('',(5.4695128099,6.393576494008));
#847 = CARTESIAN_POINT('',(5.446736250694,6.393576494008));
#848 = CARTESIAN_POINT('',(5.423959696475,6.393576494008));
#849 = CARTESIAN_POINT('',(5.40118315223,6.393576494008));
#850 = CARTESIAN_POINT('',(5.355630093662,6.393576494008));
#851 = CARTESIAN_POINT('',(5.332853549417,6.393576494008));
#852 = CARTESIAN_POINT('',(5.310076995198,6.393576494008));
#853 = CARTESIAN_POINT('',(5.287300435992,6.393576494008));
#854 = CARTESIAN_POINT('',(5.264523876786,6.393576494008));
#855 = CARTESIAN_POINT('',(5.241747322567,6.393576494008));
#856 = CARTESIAN_POINT('',(5.218970778322,6.393576494008));
#857 = CARTESIAN_POINT('',(5.174988510833,6.393576494008));
#858 = CARTESIAN_POINT('',(5.153782762166,6.393576494008));
#859 = CARTESIAN_POINT('',(5.132577006522,6.393576494008));
#860 = CARTESIAN_POINT('',(5.111371247391,6.393576494008));
#861 = CARTESIAN_POINT('',(5.090165488259,6.393576494008));
#862 = CARTESIAN_POINT('',(5.068959732616,6.393576494008));
#863 = CARTESIAN_POINT('',(5.047753983948,6.393576494008));
#864 = CARTESIAN_POINT('',(5.00377171646,6.393576494008));
#865 = CARTESIAN_POINT('',(4.980995172215,6.393576494008));
#866 = CARTESIAN_POINT('',(4.958218617996,6.393576494008));
#867 = CARTESIAN_POINT('',(4.93544205879,6.393576494008));
#868 = CARTESIAN_POINT('',(4.912665499584,6.393576494008));
#869 = CARTESIAN_POINT('',(4.889888945365,6.393576494008));
#870 = CARTESIAN_POINT('',(4.86711240112,6.393576494008));
#871 = CARTESIAN_POINT('',(4.822344737904,6.393576494008));
#872 = CARTESIAN_POINT('',(4.800353591421,6.393576494008));
#873 = CARTESIAN_POINT('',(4.77836243657,6.393576494008));
#874 = CARTESIAN_POINT('',(4.756371277535,6.393576494008));
#875 = CARTESIAN_POINT('',(4.7343801185,6.393576494008));
#876 = CARTESIAN_POINT('',(4.712388963649,6.393576494008));
#877 = CARTESIAN_POINT('',(4.690397817166,6.393576494008));
#878 = CARTESIAN_POINT('',(4.646415549303,6.393576494008));
#879 = CARTESIAN_POINT('',(4.62442440282,6.393576494008));
#880 = CARTESIAN_POINT('',(4.602433247969,6.393576494008));
#881 = CARTESIAN_POINT('',(4.580442088934,6.393576494008));
#882 = CARTESIAN_POINT('',(4.558450929899,6.393576494008));
#883 = CARTESIAN_POINT('',(4.536459775048,6.393576494008));
#884 = CARTESIAN_POINT('',(4.514468628565,6.393576494008));
#885 = CARTESIAN_POINT('',(4.469700965349,6.393576494008));
#886 = CARTESIAN_POINT('',(4.446924421104,6.393576494008));
#887 = CARTESIAN_POINT('',(4.424147866885,6.393576494008));
#888 = CARTESIAN_POINT('',(4.401371307679,6.393576494008));
#889 = CARTESIAN_POINT('',(4.378594748474,6.393576494008));
#890 = CARTESIAN_POINT('',(4.355818194255,6.393576494008));
#891 = CARTESIAN_POINT('',(4.33304165001,6.393576494008));
#892 = CARTESIAN_POINT('',(4.291415571576,6.393576494008));
#893 = CARTESIAN_POINT('',(4.272566016622,6.393576494008));
#894 = CARTESIAN_POINT('',(4.253716457798,6.393576494008));
#895 = CARTESIAN_POINT('',(4.234866897039,6.393576494008));
#896 = CARTESIAN_POINT('',(4.21601733628,6.393576494008));
#897 = CARTESIAN_POINT('',(4.197167777456,6.393576494008));
#898 = CARTESIAN_POINT('',(4.178318222502,6.393576494008));
#899 = CARTESIAN_POINT('',(4.138262935149,6.393576494008));
#900 = CARTESIAN_POINT('',(4.117057186481,6.393576494008));
#901 = CARTESIAN_POINT('',(4.095851430838,6.393576494008));
#902 = CARTESIAN_POINT('',(4.074645671706,6.393576494008));
#903 = CARTESIAN_POINT('',(4.053439912575,6.393576494008));
#904 = CARTESIAN_POINT('',(4.032234156931,6.393576494008));
#905 = CARTESIAN_POINT('',(4.011028408263,6.393576494008));
#906 = CARTESIAN_POINT('',(3.967046140775,6.393576494008));
#907 = CARTESIAN_POINT('',(3.94426959653,6.393576494008));
#908 = CARTESIAN_POINT('',(3.921493042311,6.393576494008));
#909 = CARTESIAN_POINT('',(3.898716483105,6.393576494008));
#910 = CARTESIAN_POINT('',(3.875939923899,6.393576494008));
#911 = CARTESIAN_POINT('',(3.85316336968,6.393576494008));
#912 = CARTESIAN_POINT('',(3.830386825435,6.393576494008));
#913 = CARTESIAN_POINT('',(3.724368756383,6.393576494008));
#914 = CARTESIAN_POINT('',(3.641099049962,6.393576494008));
#915 = CARTESIAN_POINT('',(3.557844101194,6.393576494008));
#916 = CARTESIAN_POINT('',(3.474601474871,6.393576494008));
#917 = CARTESIAN_POINT('',(3.391358848546,6.393576494008));
#918 = CARTESIAN_POINT('',(3.308103899779,6.393576494008));
#919 = CARTESIAN_POINT('',(3.224834193358,6.393576494008));
#920 = CARTESIAN_POINT('',(3.14159265359,6.393576494008));
#921 = ( GEOMETRIC_REPRESENTATION_CONTEXT(2) 
PARAMETRIC_REPRESENTATION_CONTEXT() REPRESENTATION_CONTEXT('2D SPACE',''
  ) );
#922 = FACE_BOUND('',#923,.T.);
#923 = EDGE_LOOP('',(#924));
#924 = ORIENTED_EDGE('',*,*,#925,.T.);
#925 = EDGE_CURVE('',#926,#926,#928,.T.);
#926 = VERTEX_POINT('',#927);
#927 = CARTESIAN_POINT('',(-6.3,-8.,-197.5342472223));
#928 = SURFACE_CURVE('',#929,(#995,#1090),.PCURVE_S1.);
#929 = B_SPLINE_CURVE_WITH_KNOTS('',8,(#930,#931,#932,#933,#934,#935,
    #936,#937,#938,#939,#940,#941,#942,#943,#944,#945,#946,#947,#948,
    #949,#950,#951,#952,#953,#954,#955,#956,#957,#958,#959,#960,#961,
    #962,#963,#964,#965,#966,#967,#968,#969,#970,#971,#972,#973,#974,
    #975,#976,#977,#978,#979,#980,#981,#982,#983,#984,#985,#986,#987,
    #988,#989,#990,#991,#992,#993,#994),.UNSPECIFIED.,.T.,.F.,(9,7,7,7,7
    ,7,7,7,7,9),(0.,1.,2.123187923724,2.960240974784,3.58053797187,
    5.035256597199,6.3976692075,7.005072815521,7.427591623984,
    7.987264050926),.UNSPECIFIED.);
#930 = CARTESIAN_POINT('',(-6.3,-8.,-197.5342472223));
#931 = CARTESIAN_POINT('',(-6.3,-7.832871093755,-197.5359432036));
#932 = CARTESIAN_POINT('',(-6.318778145941,-7.665742936755,
    -197.5374486048));
#933 = CARTESIAN_POINT('',(-6.356332363616,-7.501207174234,
    -197.5387371543));
#934 = CARTESIAN_POINT('',(-6.41219825989,-7.341714838159,
    -197.5397886989));
#935 = CARTESIAN_POINT('',(-6.485566978371,-7.189569272548,
    -197.5405880793));
#936 = CARTESIAN_POINT('',(-6.575326813503,-7.046929056138,
    -197.5411246765));
#937 = CARTESIAN_POINT('',(-6.680046547179,-6.915790396786,
    -197.5413927592));
#938 = CARTESIAN_POINT('',(-6.930310794468,-6.665526149497,
    -197.5413927592));
#939 = CARTESIAN_POINT('',(-7.079472117799,-6.54969407688,
    -197.5410545548));
#940 = CARTESIAN_POINT('',(-7.242879567388,-6.453031417274,
    -197.5403772703));
#941 = CARTESIAN_POINT('',(-7.417640277819,-6.377508587245,
    -197.5393702629));
#942 = CARTESIAN_POINT('',(-7.600629798355,-6.324575918023,
    -197.538050514));
#943 = CARTESIAN_POINT('',(-7.788521169891,-6.2952034963,-197.5364419311
    ));
#944 = CARTESIAN_POINT('',(-7.977778355697,-6.289803441338,
    -197.5345762046));
#945 = CARTESIAN_POINT('',(-8.303981445845,-6.321553741804,
    -197.5309437531));
#946 = CARTESIAN_POINT('',(-8.442084461117,-6.348225552217,
    -197.5292716317));
#947 = CARTESIAN_POINT('',(-8.577488450312,-6.387891674201,
    -197.5274950177));
#948 = CARTESIAN_POINT('',(-8.708758789472,-6.440216448688,
    -197.5256318723));
#949 = CARTESIAN_POINT('',(-8.834529929046,-6.504684364441,
    -197.5237012815));
#950 = CARTESIAN_POINT('',(-8.953510354684,-6.580615238541,
    -197.5217232526));
#951 = CARTESIAN_POINT('',(-9.064497114261,-6.667158402596,
    -197.5197186251));
#952 = CARTESIAN_POINT('',(-9.241914836759,-6.834486217736,
    -197.5162199428));
#953 = CARTESIAN_POINT('',(-9.312461873446,-6.910978156137,
    -197.5147276912));
#954 = CARTESIAN_POINT('',(-9.377601232711,-6.992327749156,
    -197.5132410087));
#955 = CARTESIAN_POINT('',(-9.436945099115,-7.078083710217,
    -197.5117684112));
#956 = CARTESIAN_POINT('',(-9.490153622418,-7.167762559131,
    -197.5103182551));
#957 = CARTESIAN_POINT('',(-9.536934139349,-7.260851627402,
    -197.5088987146));
#958 = CARTESIAN_POINT('',(-9.577043624999,-7.356809936541,
    -197.5075177476));
#959 = CARTESIAN_POINT('',(-9.688273928576,-7.685498996357,
    -197.5030529244));
#960 = CARTESIAN_POINT('',(-9.728701813701,-7.929080587331,
    -197.5001704028));
#961 = CARTESIAN_POINT('',(-9.728657745345,-8.177914155449,
    -197.4976452943));
#962 = CARTESIAN_POINT('',(-9.687858860778,-8.424209287159,
    -197.4955595612));
#963 = CARTESIAN_POINT('',(-9.60735106785,-8.660477834751,
    -197.4939786131));
#964 = CARTESIAN_POINT('',(-9.489798743301,-8.879644059876,
    -197.4929472427));
#965 = CARTESIAN_POINT('',(-9.339169415228,-9.075007343723,
    -197.4924931984));
#966 = CARTESIAN_POINT('',(-8.995733638312,-9.396523627652,
    -197.4927156787));
#967 = CARTESIAN_POINT('',(-8.80556907178,-9.526881972878,
    -197.4933227048));
#968 = CARTESIAN_POINT('',(-8.596163558777,-9.627295775437,
    -197.4944289567));
#969 = CARTESIAN_POINT('',(-8.373129832079,-9.694733917682,
    -197.4960082231));
#970 = CARTESIAN_POINT('',(-8.142358419754,-9.72723120042,
    -197.4980206475));
#971 = CARTESIAN_POINT('',(-7.91001447074,-9.724057358561,
    -197.5004110488));
#972 = CARTESIAN_POINT('',(-7.682469631834,-9.68554931177,
    -197.5031113203));
#973 = CARTESIAN_POINT('',(-7.369741807966,-9.582115942878,
    -197.5073350207));
#974 = CARTESIAN_POINT('',(-7.275469508474,-9.543630995092,
    -197.5086823899));
#975 = CARTESIAN_POINT('',(-7.183892496186,-9.498727803024,
    -197.510067533));
#976 = CARTESIAN_POINT('',(-7.095520507223,-9.447629768876,
    -197.5114830085));
#977 = CARTESIAN_POINT('',(-7.010837768181,-9.390606205214,
    -197.5129211678));
#978 = CARTESIAN_POINT('',(-6.930302166,-9.327970172906,-197.5143741862)
  );
#979 = CARTESIAN_POINT('',(-6.854342582121,-9.26007919051,
    -197.5158340825));
#980 = CARTESIAN_POINT('',(-6.733973969806,-9.136739549141,
    -197.5183073837));
#981 = CARTESIAN_POINT('',(-6.686996273887,-9.083790732719,
    -197.5193214934));
#982 = CARTESIAN_POINT('',(-6.642553610655,-9.028627556412,
    -197.5203323428));
#983 = CARTESIAN_POINT('',(-6.600768097991,-8.971392870854,
    -197.5213372429));
#984 = CARTESIAN_POINT('',(-6.561751528933,-8.912236890432,
    -197.5223335348));
#985 = CARTESIAN_POINT('',(-6.525605236442,-8.851316896943,
    -197.5233185944));
#986 = CARTESIAN_POINT('',(-6.492419958163,-8.788796943256,
    -197.5242898361));
#987 = CARTESIAN_POINT('',(-6.422346332081,-8.640139592486,
    -197.5265095631));
#988 = CARTESIAN_POINT('',(-6.387750756888,-8.552919747672,
    -197.5277457619));
#989 = CARTESIAN_POINT('',(-6.358677524823,-8.463589222626,
    -197.5289473298));
#990 = CARTESIAN_POINT('',(-6.335274426304,-8.37256037322,
    -197.5301085835));
#991 = CARTESIAN_POINT('',(-6.317651450136,-8.280254702488,
    -197.5312241303));
#992 = CARTESIAN_POINT('',(-6.305881661393,-8.187101322752,
    -197.5322888752));
#993 = CARTESIAN_POINT('',(-6.3,-8.0935358885,-197.5332980441));
#994 = CARTESIAN_POINT('',(-6.3,-8.,-197.5342472223));
#995 = PCURVE('',#33,#996);
#996 = DEFINITIONAL_REPRESENTATION('',(#997),#1089);
#997 = B_SPLINE_CURVE_WITH_KNOTS('',3,(#998,#999,#1000,#1001,#1002,#1003
    ,#1004,#1005,#1006,#1007,#1008,#1009,#1010,#1011,#1012,#1013,#1014,
    #1015,#1016,#1017,#1018,#1019,#1020,#1021,#1022,#1023,#1024,#1025,
    #1026,#1027,#1028,#1029,#1030,#1031,#1032,#1033,#1034,#1035,#1036,
    #1037,#1038,#1039,#1040,#1041,#1042,#1043,#1044,#1045,#1046,#1047,
    #1048,#1049,#1050,#1051,#1052,#1053,#1054,#1055,#1056,#1057,#1058,
    #1059,#1060,#1061,#1062,#1063,#1064,#1065,#1066,#1067,#1068,#1069,
    #1070,#1071,#1072,#1073,#1074,#1075,#1076,#1077,#1078,#1079,#1080,
    #1081,#1082,#1083,#1084,#1085,#1086,#1087,#1088),.UNSPECIFIED.,.T.,
  .F.,(4,1,1,1,1,1,1,1,1,1,1,1,1,1,1,1,1,1,1,1,1,1,1,1,1,1,1,1,1,1,1,1,1
    ,1,1,1,1,1,1,1,1,1,1,1,1,1,1,1,1,1,1,1,1,1,1,1,1,1,1,1,1,1,1,1,1,1,1
    ,1,1,1,1,1,1,1,1,1,1,1,1,1,1,1,1,1,1,1,1,1,4),(0.,9.076436421506E-02
    ,0.18152872843,0.272293092645,0.36305745686,0.453821821075,
    0.54458618529,0.635350549505,0.726114913721,0.816879277936,
    0.907643642151,0.998408006366,1.089172370581,1.179936734796,
    1.270701099011,1.361465463226,1.452229827441,1.542994191656,
    1.633758555871,1.724522920086,1.815287284301,1.906051648516,
    1.996816012731,2.087580376946,2.178344741162,2.269109105377,
    2.359873469592,2.450637833807,2.541402198022,2.632166562237,
    2.722930926452,2.813695290667,2.904459654882,2.995224019097,
    3.085988383312,3.176752747527,3.267517111742,3.358281475957,
    3.449045840172,3.539810204387,3.630574568603,3.721338932818,
    3.812103297033,3.902867661248,3.993632025463,4.084396389678,
    4.175160753893,4.265925118108,4.356689482323,4.447453846538,
    4.538218210753,4.628982574968,4.719746939183,4.810511303398,
    4.901275667613,4.992040031829,5.082804396044,5.173568760259,
    5.264333124474,5.355097488689,5.445861852904,5.536626217119,
    5.627390581334,5.718154945549,5.808919309764,5.899683673979,
    5.990448038194,6.081212402409,6.171976766624,6.262741130839,
    6.353505495054,6.44426985927,6.535034223485,6.6257985877,
    6.716562951915,6.80732731613,6.898091680345,6.98885604456,
    7.079620408775,7.17038477299,7.261149137205,7.35191350142,
    7.442677865635,7.53344222985,7.624206594065,7.71497095828,
    7.805735322495,7.896499686711,7.987264050926),
  .QUASI_UNIFORM_KNOTS.);
#998 = CARTESIAN_POINT('',(0.903723945903,4.738187252732));
#999 = CARTESIAN_POINT('',(0.9012669258,4.738106710465));
#1000 = CARTESIAN_POINT('',(0.896081271072,4.73795065526));
#1001 = CARTESIAN_POINT('',(0.887531459775,4.737733208951));
#1002 = CARTESIAN_POINT('',(0.878250343326,4.737533991514));
#1003 = CARTESIAN_POINT('',(0.868290161827,4.737354441797));
#1004 = CARTESIAN_POINT('',(0.857711072661,4.737195885657));
#1005 = CARTESIAN_POINT('',(0.846582000627,4.737059510742));
#1006 = CARTESIAN_POINT('',(0.834979884527,4.73694635731));
#1007 = CARTESIAN_POINT('',(0.822989039756,4.736857303664));
#1008 = CARTESIAN_POINT('',(0.810700423133,4.736793052459));
#1009 = CARTESIAN_POINT('',(0.798209908876,4.736754116673));
#1010 = CARTESIAN_POINT('',(0.785619398365,4.736740806302));
#1011 = CARTESIAN_POINT('',(0.77302648446,4.736753215076));
#1012 = CARTESIAN_POINT('',(0.760528928594,4.736791263754));
#1013 = CARTESIAN_POINT('',(0.748229583038,4.736854651673));
#1014 = CARTESIAN_POINT('',(0.736224886393,4.736942871335));
#1015 = CARTESIAN_POINT('',(0.724606280394,4.737055223334));
#1016 = CARTESIAN_POINT('',(0.713458405157,4.737190831805));
#1017 = CARTESIAN_POINT('',(0.702858423963,4.737348659838));
#1018 = CARTESIAN_POINT('',(0.69287532282,4.737527524513));
#1019 = CARTESIAN_POINT('',(0.683569489476,4.737726111016));
#1020 = CARTESIAN_POINT('',(0.674992471371,4.737942985907));
#1021 = CARTESIAN_POINT('',(0.66718691085,4.738176607491));
#1022 = CARTESIAN_POINT('',(0.660186617488,4.738425339428));
#1023 = CARTESIAN_POINT('',(0.654016759618,4.73868744339));
#1024 = CARTESIAN_POINT('',(0.648689924369,4.738961331841));
#1025 = CARTESIAN_POINT('',(0.644215402965,4.739245218357));
#1026 = CARTESIAN_POINT('',(0.640593804061,4.739537356775));
#1027 = CARTESIAN_POINT('',(0.637819365698,4.739836009609));
#1028 = CARTESIAN_POINT('',(0.635880574048,4.740139466425));
#1029 = CARTESIAN_POINT('',(0.634761095672,4.740446046545));
#1030 = CARTESIAN_POINT('',(0.634440451261,4.740754100743));
#1031 = CARTESIAN_POINT('',(0.634894655549,4.741062020216));
#1032 = CARTESIAN_POINT('',(0.636096472348,4.741368206194));
#1033 = CARTESIAN_POINT('',(0.638016663175,4.741671219287));
#1034 = CARTESIAN_POINT('',(0.640624092141,4.74196961578));
#1035 = CARTESIAN_POINT('',(0.643886192964,4.742262027236));
#1036 = CARTESIAN_POINT('',(0.647769503845,4.742547158006));
#1037 = CARTESIAN_POINT('',(0.652239904436,4.742823779885));
#1038 = CARTESIAN_POINT('',(0.657262909871,4.743090729809));
#1039 = CARTESIAN_POINT('',(0.662803289877,4.743346900295));
#1040 = CARTESIAN_POINT('',(0.668831315624,4.743591460005));
#1041 = CARTESIAN_POINT('',(0.67530986619,4.743823301004));
#1042 = CARTESIAN_POINT('',(0.682203549604,4.74404149652));
#1043 = CARTESIAN_POINT('',(0.689477392618,4.744245202677));
#1044 = CARTESIAN_POINT('',(0.6970973135,4.744433669149));
#1045 = CARTESIAN_POINT('',(0.705030016706,4.744606223684));
#1046 = CARTESIAN_POINT('',(0.713242963761,4.744762266233));
#1047 = CARTESIAN_POINT('',(0.721704261899,4.744901262786));
#1048 = CARTESIAN_POINT('',(0.730382526158,4.745022741333));
#1049 = CARTESIAN_POINT('',(0.739246707546,4.74512628922));
#1050 = CARTESIAN_POINT('',(0.74826590051,4.745211552094));
#1051 = CARTESIAN_POINT('',(0.757409106741,4.745278234676));
#1052 = CARTESIAN_POINT('',(0.766645040376,4.745326103023));
#1053 = CARTESIAN_POINT('',(0.77594164745,4.745354990821));
#1054 = CARTESIAN_POINT('',(0.78526653674,4.745364801863));
#1055 = CARTESIAN_POINT('',(0.794583817207,4.745355540054));
#1056 = CARTESIAN_POINT('',(0.80387808055,4.745327224684));
#1057 = CARTESIAN_POINT('',(0.813113546031,4.745279930101));
#1058 = CARTESIAN_POINT('',(0.822258333515,4.74521381875));
#1059 = CARTESIAN_POINT('',(0.831280553432,4.745129120239));
#1060 = CARTESIAN_POINT('',(0.840148961414,4.745026128614));
#1061 = CARTESIAN_POINT('',(0.848832437537,4.744905198001));
#1062 = CARTESIAN_POINT('',(0.857299820005,4.744766741435));
#1063 = CARTESIAN_POINT('',(0.865519679137,4.744611231234));
#1064 = CARTESIAN_POINT('',(0.873460141346,4.744439201135));
#1065 = CARTESIAN_POINT('',(0.881088738647,4.744251249909));
#1066 = CARTESIAN_POINT('',(0.888372289435,4.744048046988));
#1067 = CARTESIAN_POINT('',(0.895276847154,4.743830338423));
#1068 = CARTESIAN_POINT('',(0.901767618249,4.743598960182));
#1069 = CARTESIAN_POINT('',(0.90780928084,4.743354833778));
#1070 = CARTESIAN_POINT('',(0.91336517291,4.743099039186));
#1071 = CARTESIAN_POINT('',(0.9184049716,4.742832425582));
#1072 = CARTESIAN_POINT('',(0.922893268069,4.742556107947));
#1073 = CARTESIAN_POINT('',(0.926795646294,4.742271242976));
#1074 = CARTESIAN_POINT('',(0.930077957659,4.741979057113));
#1075 = CARTESIAN_POINT('',(0.932706712394,4.741680843647));
#1076 = CARTESIAN_POINT('',(0.934649306464,4.741377971078));
#1077 = CARTESIAN_POINT('',(0.93587453457,4.741071879549));
#1078 = CARTESIAN_POINT('',(0.936353124433,4.740764049343));
#1079 = CARTESIAN_POINT('',(0.936058022367,4.740456035251));
#1080 = CARTESIAN_POINT('',(0.934965076272,4.740149431959));
#1081 = CARTESIAN_POINT('',(0.933053629002,4.739845886552));
#1082 = CARTESIAN_POINT('',(0.930307087405,4.739547078199));
#1083 = CARTESIAN_POINT('',(0.926713972555,4.739254735523));
#1084 = CARTESIAN_POINT('',(0.922268384549,4.738970596085));
#1085 = CARTESIAN_POINT('',(0.916970960221,4.73869639773));
#1086 = CARTESIAN_POINT('',(0.910828579117,4.738433875079));
#1087 = CARTESIAN_POINT('',(0.906182385151,4.738267782473));
#1088 = CARTESIAN_POINT('',(0.903723945903,4.738187252732));
#1089 = ( GEOMETRIC_REPRESENTATION_CONTEXT(2) 
PARAMETRIC_REPRESENTATION_CONTEXT() REPRESENTATION_CONTEXT('2D SPACE',''
  ) );
#1090 = PCURVE('',#1091,#1096);
#1091 = CYLINDRICAL_SURFACE('',#1092,1.7);
#1092 = AXIS2_PLACEMENT_3D('',#1093,#1094,#1095);
#1093 = CARTESIAN_POINT('',(-8.,-8.,-198.7));
#1094 = DIRECTION('',(0.,0.,1.));
#1095 = DIRECTION('',(1.,0.,-0.));
#1096 = DEFINITIONAL_REPRESENTATION('',(#1097),#1189);
#1097 = B_SPLINE_CURVE_WITH_KNOTS('',3,(#1098,#1099,#1100,#1101,#1102,
    #1103,#1104,#1105,#1106,#1107,#1108,#1109,#1110,#1111,#1112,#1113,
    #1114,#1115,#1116,#1117,#1118,#1119,#1120,#1121,#1122,#1123,#1124,
    #1125,#1126,#1127,#1128,#1129,#1130,#1131,#1132,#1133,#1134,#1135,
    #1136,#1137,#1138,#1139,#1140,#1141,#1142,#1143,#1144,#1145,#1146,
    #1147,#1148,#1149,#1150,#1151,#1152,#1153,#1154,#1155,#1156,#1157,
    #1158,#1159,#1160,#1161,#1162,#1163,#1164,#1165,#1166,#1167,#1168,
    #1169,#1170,#1171,#1172,#1173,#1174,#1175,#1176,#1177,#1178,#1179,
    #1180,#1181,#1182,#1183,#1184,#1185,#1186,#1187,#1188),
  .UNSPECIFIED.,.F.,.F.,(4,1,1,1,1,1,1,1,1,1,1,1,1,1,1,1,1,1,1,1,1,1,1,1
    ,1,1,1,1,1,1,1,1,1,1,1,1,1,1,1,1,1,1,1,1,1,1,1,1,1,1,1,1,1,1,1,1,1,1
    ,1,1,1,1,1,1,1,1,1,1,1,1,1,1,1,1,1,1,1,1,1,1,1,1,1,1,1,1,1,1,4),(0.,
    9.076436421506E-02,0.18152872843,0.272293092645,0.36305745686,
    0.453821821075,0.54458618529,0.635350549505,0.726114913721,
    0.816879277936,0.907643642151,0.998408006366,1.089172370581,
    1.179936734796,1.270701099011,1.361465463226,1.452229827441,
    1.542994191656,1.633758555871,1.724522920086,1.815287284301,
    1.906051648516,1.996816012731,2.087580376946,2.178344741162,
    2.269109105377,2.359873469592,2.450637833807,2.541402198022,
    2.632166562237,2.722930926452,2.813695290667,2.904459654882,
    2.995224019097,3.085988383312,3.176752747527,3.267517111742,
    3.358281475957,3.449045840172,3.539810204387,3.630574568603,
    3.721338932818,3.812103297033,3.902867661248,3.993632025463,
    4.084396389678,4.175160753893,4.265925118108,4.356689482323,
    4.447453846538,4.538218210753,4.628982574968,4.719746939183,
    4.810511303398,4.901275667613,4.992040031829,5.082804396044,
    5.173568760259,5.264333124474,5.355097488689,5.445861852904,
    5.536626217119,5.627390581334,5.718154945549,5.808919309764,
    5.899683673979,5.990448038194,6.081212402409,6.171976766624,
    6.262741130839,6.353505495054,6.44426985927,6.535034223485,
    6.6257985877,6.716562951915,6.80732731613,6.898091680345,
    6.98885604456,7.079620408775,7.17038477299,7.261149137205,
    7.35191350142,7.442677865635,7.53344222985,7.624206594065,
    7.71497095828,7.805735322495,7.896499686711,7.987264050926),
  .QUASI_UNIFORM_KNOTS.);
#1098 = CARTESIAN_POINT('',(3.657205257589E-14,1.165752777644));
#1099 = CARTESIAN_POINT('',(2.37956152014E-02,1.165342231192));
#1100 = CARTESIAN_POINT('',(7.138460129047E-02,1.164550651716));
#1101 = CARTESIAN_POINT('',(0.14275387934,1.1634573677));
#1102 = CARTESIAN_POINT('',(0.21409930419,1.162463959912));
#1103 = CARTESIAN_POINT('',(0.28541886763,1.161575357968));
#1104 = CARTESIAN_POINT('',(0.35671347938,1.160795962993));
#1105 = CARTESIAN_POINT('',(0.427986487374,1.160129584039));
#1106 = CARTESIAN_POINT('',(0.49924219656,1.159579469886));
#1107 = CARTESIAN_POINT('',(0.57048506782,1.159148304076));
#1108 = CARTESIAN_POINT('',(0.641717596124,1.158838198326));
#1109 = CARTESIAN_POINT('',(0.712942676215,1.158650674302));
#1110 = CARTESIAN_POINT('',(0.784148738023,1.158586637126));
#1111 = CARTESIAN_POINT('',(0.855358275207,1.158646335598));
#1112 = CARTESIAN_POINT('',(0.926593169452,1.158829576939));
#1113 = CARTESIAN_POINT('',(0.997837320908,1.159135488078));
#1114 = CARTESIAN_POINT('',(1.069091534639,1.159562562337));
#1115 = CARTESIAN_POINT('',(1.140356788933,1.160108693736));
#1116 = CARTESIAN_POINT('',(1.211636973961,1.160771202154));
#1117 = CARTESIAN_POINT('',(1.282936624264,1.161546848851));
#1118 = CARTESIAN_POINT('',(1.354260116883,1.162431843052));
#1119 = CARTESIAN_POINT('',(1.425610475579,1.16342183919));
#1120 = CARTESIAN_POINT('',(1.49698825975,1.164511927662));
#1121 = CARTESIAN_POINT('',(1.568389972736,1.165696610036));
#1122 = CARTESIAN_POINT('',(1.639807256703,1.166969793987));
#1123 = CARTESIAN_POINT('',(1.711221870416,1.168324677894));
#1124 = CARTESIAN_POINT('',(1.782666022247,1.169755008098));
#1125 = CARTESIAN_POINT('',(1.854122720503,1.171253223806));
#1126 = CARTESIAN_POINT('',(1.925589081011,1.172811642419));
#1127 = CARTESIAN_POINT('',(1.997062455909,1.174422272349));
#1128 = CARTESIAN_POINT('',(2.068542235202,1.176076889272));
#1129 = CARTESIAN_POINT('',(2.140027834175,1.177767040876));
#1130 = CARTESIAN_POINT('',(2.211517154653,1.179484051401));
#1131 = CARTESIAN_POINT('',(2.283007005193,1.181219075747));
#1132 = CARTESIAN_POINT('',(2.354484399291,1.182962932746));
#1133 = CARTESIAN_POINT('',(2.425960145813,1.184706977724));
#1134 = CARTESIAN_POINT('',(2.49742998777,1.186442201857));
#1135 = CARTESIAN_POINT('',(2.568892268055,1.188159708711));
#1136 = CARTESIAN_POINT('',(2.640347029518,1.189850738135));
#1137 = CARTESIAN_POINT('',(2.711794329403,1.191506671177));
#1138 = CARTESIAN_POINT('',(2.783233767265,1.193119055807));
#1139 = CARTESIAN_POINT('',(2.854660040533,1.194679581728));
#1140 = CARTESIAN_POINT('',(2.926130068799,1.196181486149));
#1141 = CARTESIAN_POINT('',(2.997604935866,1.197616205111));
#1142 = CARTESIAN_POINT('',(3.06907301529,1.198976190019));
#1143 = CARTESIAN_POINT('',(3.140525387598,1.200254362441));
#1144 = CARTESIAN_POINT('',(3.211959741719,1.201444219597));
#1145 = CARTESIAN_POINT('',(3.283377238449,1.202539777791));
#1146 = CARTESIAN_POINT('',(3.354781655193,1.203535569647));
#1147 = CARTESIAN_POINT('',(3.426178162688,1.204426636014));
#1148 = CARTESIAN_POINT('',(3.497572334847,1.205208527689));
#1149 = CARTESIAN_POINT('',(3.568969133304,1.205877312929));
#1150 = CARTESIAN_POINT('',(3.640371905375,1.206429592153));
#1151 = CARTESIAN_POINT('',(3.711781137738,1.206862521611));
#1152 = CARTESIAN_POINT('',(3.783193549011,1.207173843814));
#1153 = CARTESIAN_POINT('',(3.854598914637,1.207361941145));
#1154 = CARTESIAN_POINT('',(3.925983752024,1.207425861321));
#1155 = CARTESIAN_POINT('',(3.997307022763,1.207365518932));
#1156 = CARTESIAN_POINT('',(4.068684090521,1.20718114428));
#1157 = CARTESIAN_POINT('',(4.140075376338,1.206873540501));
#1158 = CARTESIAN_POINT('',(4.211471941383,1.206444293796));
#1159 = CARTESIAN_POINT('',(4.282865845098,1.205895627474));
#1160 = CARTESIAN_POINT('',(4.354255598125,1.205230371677));
#1161 = CARTESIAN_POINT('',(4.425642728682,1.204451919249));
#1162 = CARTESIAN_POINT('',(4.497031064892,1.203564199524));
#1163 = CARTESIAN_POINT('',(4.568425489285,1.202571659165));
#1164 = CARTESIAN_POINT('',(4.63983092275,1.201479251503));
#1165 = CARTESIAN_POINT('',(4.711251281388,1.200292432243));
#1166 = CARTESIAN_POINT('',(4.782688275634,1.19901716446));
#1167 = CARTESIAN_POINT('',(4.854140422068,1.197659922225));
#1168 = CARTESIAN_POINT('',(4.925600419131,1.196227734444));
#1169 = CARTESIAN_POINT('',(4.997057254794,1.194728118255));
#1170 = CARTESIAN_POINT('',(5.068478555855,1.193169471));
#1171 = CARTESIAN_POINT('',(5.139914889394,1.191558670775));
#1172 = CARTESIAN_POINT('',(5.21135834402,1.189904078245));
#1173 = CARTESIAN_POINT('',(5.282809583123,1.18821411341));
#1174 = CARTESIAN_POINT('',(5.354268491224,1.18649739244));
#1175 = CARTESIAN_POINT('',(5.425735117665,1.184762670351));
#1176 = CARTESIAN_POINT('',(5.497207263208,1.183018853178));
#1177 = CARTESIAN_POINT('',(5.568680984741,1.181274940545));
#1178 = CARTESIAN_POINT('',(5.640157157911,1.17953981652));
#1179 = CARTESIAN_POINT('',(5.711632482813,1.177822421785));
#1180 = CARTESIAN_POINT('',(5.783106464448,1.176131537005));
#1181 = CARTESIAN_POINT('',(5.854577031003,1.174475840675));
#1182 = CARTESIAN_POINT('',(5.926043673978,1.172863792633));
#1183 = CARTESIAN_POINT('',(5.997501074932,1.171303727776));
#1184 = CARTESIAN_POINT('',(6.068946198958,1.169803650249));
#1185 = CARTESIAN_POINT('',(6.140377363399,1.168371203156));
#1186 = CARTESIAN_POINT('',(6.211793014567,1.167013712822));
#1187 = CARTESIAN_POINT('',(6.259390417589,1.166163230966));
#1188 = CARTESIAN_POINT('',(6.28318530718,1.165752777644));
#1189 = ( GEOMETRIC_REPRESENTATION_CONTEXT(2) 
PARAMETRIC_REPRESENTATION_CONTEXT() REPRESENTATION_CONTEXT('2D SPACE',''
  ) );
#1190 = FACE_BOUND('',#1191,.T.);
#1191 = EDGE_LOOP('',(#1192));
#1192 = ORIENTED_EDGE('',*,*,#1193,.T.);
#1193 = EDGE_CURVE('',#1194,#1194,#1196,.T.);
#1194 = VERTEX_POINT('',#1195);
#1195 = CARTESIAN_POINT('',(9.7,-8.,-197.4997418802));
#1196 = SURFACE_CURVE('',#1197,(#1256,#1351),.PCURVE_S1.);
#1197 = B_SPLINE_CURVE_WITH_KNOTS('',8,(#1198,#1199,#1200,#1201,#1202,
    #1203,#1204,#1205,#1206,#1207,#1208,#1209,#1210,#1211,#1212,#1213,
    #1214,#1215,#1216,#1217,#1218,#1219,#1220,#1221,#1222,#1223,#1224,
    #1225,#1226,#1227,#1228,#1229,#1230,#1231,#1232,#1233,#1234,#1235,
    #1236,#1237,#1238,#1239,#1240,#1241,#1242,#1243,#1244,#1245,#1246,
    #1247,#1248,#1249,#1250,#1251,#1252,#1253,#1254,#1255),
  .UNSPECIFIED.,.T.,.F.,(9,7,7,7,7,7,7,7,9),(0.,0.1890448883,
    0.301894578469,0.532464115052,0.770979717436,1.,1.167270610035,
    1.472146246642,1.664428628564),.UNSPECIFIED.);
#1198 = CARTESIAN_POINT('',(9.7,-8.,-197.4997418802));
#1199 = CARTESIAN_POINT('',(9.7,-7.848379201675,-197.501280758));
#1200 = CARTESIAN_POINT('',(9.684545154265,-7.696680456051,
    -197.5029772725));
#1201 = CARTESIAN_POINT('',(9.65360854212,-7.546817318222,
    -197.5048122702));
#1202 = CARTESIAN_POINT('',(9.607465411589,-7.400633220556,
    -197.506764243));
#1203 = CARTESIAN_POINT('',(9.546635562174,-7.259894144906,
    -197.5088099875));
#1204 = CARTESIAN_POINT('',(9.471864472844,-7.126285786747,
    -197.510924826));
#1205 = CARTESIAN_POINT('',(9.384137818225,-7.001397930003,
    -197.5130826183));
#1206 = CARTESIAN_POINT('',(9.225379291627,-6.818197535599,
    -197.5165530634));
#1207 = CARTESIAN_POINT('',(9.161855119593,-6.753322751284,
    -197.5178561387));
#1208 = CARTESIAN_POINT('',(9.094412672036,-6.692359508534,
    -197.5191592724));
#1209 = CARTESIAN_POINT('',(9.023336687031,-6.635584400021,
    -197.5204567678));
#1210 = CARTESIAN_POINT('',(8.948932871688,-6.583247131686,
    -197.5217429886));
#1211 = CARTESIAN_POINT('',(8.871526372739,-6.535570761393,
    -197.5230123717));
#1212 = CARTESIAN_POINT('',(8.791461314564,-6.492750545453,
    -197.5242594439));
#1213 = CARTESIAN_POINT('',(8.540827249637,-6.37772182293,
    -197.5279702609));
#1214 = CARTESIAN_POINT('',(8.362844565123,-6.32139419359,
    -197.5303480515));
#1215 = CARTESIAN_POINT('',(8.178396312241,-6.28750302232,
    -197.5325637363));
#1216 = CARTESIAN_POINT('',(7.990827262458,-6.276819345013,
    -197.5345755564));
#1217 = CARTESIAN_POINT('',(7.803483018569,-6.289538633028,
    -197.5363475877));
#1218 = CARTESIAN_POINT('',(7.619687573416,-6.325345728937,
    -197.5378493071));
#1219 = CARTESIAN_POINT('',(7.442723404638,-6.383364482797,
    -197.5390563044));
#1220 = CARTESIAN_POINT('',(7.102998026092,-6.543345048591,
    -197.540880256));
#1221 = CARTESIAN_POINT('',(6.940667088621,-6.646879196595,
    -197.5414768886));
#1222 = CARTESIAN_POINT('',(6.792223366408,-6.770977415646,
    -197.5417239296));
#1223 = CARTESIAN_POINT('',(6.660613924362,-6.913419959298,
    -197.5416140024));
#1224 = CARTESIAN_POINT('',(6.548331450685,-7.071589705297,
    -197.5411483694));
#1225 = CARTESIAN_POINT('',(6.457454573419,-7.242520918812,
    -197.5403360282));
#1226 = CARTESIAN_POINT('',(6.389584788495,-7.422865560208,
    -197.5391946945));
#1227 = CARTESIAN_POINT('',(6.303391589227,-7.787417628421,
    -197.5363700302));
#1228 = CARTESIAN_POINT('',(6.28314151364,-7.971446570507,
    -197.5347080627));
#1229 = CARTESIAN_POINT('',(6.285766893693,-8.157563820148,
    -197.5327927549));
#1230 = CARTESIAN_POINT('',(6.311443419488,-8.342423113638,
    -197.5306562716));
#1231 = CARTESIAN_POINT('',(6.359795677395,-8.522756434842,
    -197.5283355762));
#1232 = CARTESIAN_POINT('',(6.429951925943,-8.695383967885,
    -197.525871776));
#1233 = CARTESIAN_POINT('',(6.520488969311,-8.857248619782,
    -197.523310332));
#1234 = CARTESIAN_POINT('',(6.708737950246,-9.113861667598,
    -197.5187956766));
#1235 = CARTESIAN_POINT('',(6.797993794966,-9.215021617535,
    -197.5168632324));
#1236 = CARTESIAN_POINT('',(6.896268241203,-9.30795223459,
    -197.5149227563));
#1237 = CARTESIAN_POINT('',(7.002660196802,-9.391723304444,
    -197.5129928333));
#1238 = CARTESIAN_POINT('',(7.116169861269,-9.465532126123,
    -197.5110917573));
#1239 = CARTESIAN_POINT('',(7.235711223223,-9.528700226491,
    -197.5092374375));
#1240 = CARTESIAN_POINT('',(7.360113813405,-9.580684421861,
    -197.5074472682));
#1241 = CARTESIAN_POINT('',(7.721412622987,-9.694769704699,
    -197.502622496));
#1242 = CARTESIAN_POINT('',(7.967242502662,-9.730196203971,
    -197.4997679102));
#1243 = CARTESIAN_POINT('',(8.217500164168,-9.72456613615,
    -197.4972850379));
#1244 = CARTESIAN_POINT('',(8.464254167756,-9.677772966341,
    -197.4952554838));
#1245 = CARTESIAN_POINT('',(8.69991417819,-9.591054106239,
    -197.4937437515));
#1246 = CARTESIAN_POINT('',(8.917351533423,-9.467294811985,
    -197.4927929284));
#1247 = CARTESIAN_POINT('',(9.10985003782,-9.310697577729,-197.492428535
    ));
#1248 = CARTESIAN_POINT('',(9.374188184073,-9.012596610799,
    -197.4927712236));
#1249 = CARTESIAN_POINT('',(9.464517719431,-8.886669288068,
    -197.4931325368));
#1250 = CARTESIAN_POINT('',(9.541596541926,-8.751595659074,
    -197.4937211764));
#1251 = CARTESIAN_POINT('',(9.604370496913,-8.609017032338,
    -197.4945311808));
#1252 = CARTESIAN_POINT('',(9.652033609048,-8.460682473462,
    -197.4955529741));
#1253 = CARTESIAN_POINT('',(9.684014680674,-8.308433305844,
    -197.4967736604));
#1254 = CARTESIAN_POINT('',(9.7,-8.154200956618,-197.4981768151));
#1255 = CARTESIAN_POINT('',(9.7,-8.,-197.4997418802));
#1256 = PCURVE('',#33,#1257);
#1257 = DEFINITIONAL_REPRESENTATION('',(#1258),#1350);
#1258 = B_SPLINE_CURVE_WITH_KNOTS('',3,(#1259,#1260,#1261,#1262,#1263,
    #1264,#1265,#1266,#1267,#1268,#1269,#1270,#1271,#1272,#1273,#1274,
    #1275,#1276,#1277,#1278,#1279,#1280,#1281,#1282,#1283,#1284,#1285,
    #1286,#1287,#1288,#1289,#1290,#1291,#1292,#1293,#1294,#1295,#1296,
    #1297,#1298,#1299,#1300,#1301,#1302,#1303,#1304,#1305,#1306,#1307,
    #1308,#1309,#1310,#1311,#1312,#1313,#1314,#1315,#1316,#1317,#1318,
    #1319,#1320,#1321,#1322,#1323,#1324,#1325,#1326,#1327,#1328,#1329,
    #1330,#1331,#1332,#1333,#1334,#1335,#1336,#1337,#1338,#1339,#1340,
    #1341,#1342,#1343,#1344,#1345,#1346,#1347,#1348,#1349),
  .UNSPECIFIED.,.T.,.F.,(4,1,1,1,1,1,1,1,1,1,1,1,1,1,1,1,1,1,1,1,1,1,1,1
    ,1,1,1,1,1,1,1,1,1,1,1,1,1,1,1,1,1,1,1,1,1,1,1,1,1,1,1,1,1,1,1,1,1,1
    ,1,1,1,1,1,1,1,1,1,1,1,1,1,1,1,1,1,1,1,1,1,1,1,1,1,1,1,1,1,1,4),(0.,
    1.891396168823E-02,3.782792337646E-02,5.674188506469E-02,
    7.565584675292E-02,9.456980844115E-02,0.113483770129,0.132397731818,
    0.151311693506,0.170225655194,0.189139616882,0.208053578571,
    0.226967540259,0.245881501947,0.264795463635,0.283709425323,
    0.302623387012,0.3215373487,0.340451310388,0.359365272076,
    0.378279233765,0.397193195453,0.416107157141,0.435021118829,
    0.453935080518,0.472849042206,0.491763003894,0.510676965582,
    0.52959092727,0.548504888959,0.567418850647,0.586332812335,
    0.605246774023,0.624160735712,0.6430746974,0.661988659088,
    0.680902620776,0.699816582464,0.718730544153,0.737644505841,
    0.756558467529,0.775472429217,0.794386390906,0.813300352594,
    0.832214314282,0.85112827597,0.870042237659,0.888956199347,
    0.907870161035,0.926784122723,0.945698084411,0.9646120461,
    0.983526007788,1.002439969476,1.021353931164,1.040267892853,
    1.059181854541,1.078095816229,1.097009777917,1.115923739606,
    1.134837701294,1.153751662982,1.17266562467,1.191579586358,
    1.210493548047,1.229407509735,1.248321471423,1.267235433111,
    1.2861493948,1.305063356488,1.323977318176,1.342891279864,
    1.361805241553,1.380719203241,1.399633164929,1.418547126617,
    1.437461088305,1.456375049994,1.475289011682,1.49420297337,
    1.513116935058,1.532030896747,1.550944858435,1.569858820123,
    1.588772781811,1.607686743499,1.626600705188,1.645514666876,
    1.664428628564),.QUASI_UNIFORM_KNOTS.);
#1259 = CARTESIAN_POINT('',(2.451945983088,4.744245598529));
#1260 = CARTESIAN_POINT('',(2.454428069515,4.74418036892));
#1261 = CARTESIAN_POINT('',(2.459277383103,4.744044810528));
#1262 = CARTESIAN_POINT('',(2.466172181026,4.743827012529));
#1263 = CARTESIAN_POINT('',(2.472653141283,4.743595568119));
#1264 = CARTESIAN_POINT('',(2.478685845581,4.743351372175));
#1265 = CARTESIAN_POINT('',(2.484235835035,4.743095374612));
#1266 = CARTESIAN_POINT('',(2.489268576173,4.742828590998));
#1267 = CARTESIAN_POINT('',(2.493749465713,4.742552104275));
#1268 = CARTESIAN_POINT('',(2.497643924488,4.742267072064));
#1269 = CARTESIAN_POINT('',(2.500917657625,4.741974726187));
#1270 = CARTESIAN_POINT('',(2.503536800559,4.74167640244));
#1271 = CARTESIAN_POINT('',(2.50546908842,4.741373460615));
#1272 = CARTESIAN_POINT('',(2.506683579402,4.741067299227));
#1273 = CARTESIAN_POINT('',(2.507150821798,4.740759429825));
#1274 = CARTESIAN_POINT('',(2.506843880215,4.740451397867));
#1275 = CARTESIAN_POINT('',(2.505738566973,4.740144795989));
#1276 = CARTESIAN_POINT('',(2.50381445425,4.739841295901));
#1277 = CARTESIAN_POINT('',(2.501054445814,4.739542506209));
#1278 = CARTESIAN_POINT('',(2.497446551878,4.739250158227));
#1279 = CARTESIAN_POINT('',(2.492985483652,4.738966050574));
#1280 = CARTESIAN_POINT('',(2.487672175375,4.738691938304));
#1281 = CARTESIAN_POINT('',(2.48151459394,4.738429557146));
#1282 = CARTESIAN_POINT('',(2.474528259267,4.738180608614));
#1283 = CARTESIAN_POINT('',(2.466736859931,4.737946752435));
#1284 = CARTESIAN_POINT('',(2.458172828536,4.737729593851));
#1285 = CARTESIAN_POINT('',(2.448877827041,4.737530668575));
#1286 = CARTESIAN_POINT('',(2.438903239857,4.737351426372));
#1287 = CARTESIAN_POINT('',(2.428310074553,4.737193206693));
#1288 = CARTESIAN_POINT('',(2.41717030502,4.73705723232));
#1289 = CARTESIAN_POINT('',(2.405561857645,4.736944524865));
#1290 = CARTESIAN_POINT('',(2.393563099978,4.736855903274));
#1291 = CARTESIAN_POINT('',(2.381268707715,4.736792106845));
#1292 = CARTESIAN_POINT('',(2.368774789378,4.736753637748));
#1293 = CARTESIAN_POINT('',(2.35618093398,4.736740800645));
#1294 = CARTESIAN_POINT('',(2.343587791331,4.736753692834));
#1295 = CARTESIAN_POINT('',(2.331095795001,4.736792209156));
#1296 = CARTESIAN_POINT('',(2.318803581327,4.736856044626));
#1297 = CARTESIAN_POINT('',(2.306806575858,4.736944698801));
#1298 = CARTESIAN_POINT('',(2.295195595701,4.73705748231));
#1299 = CARTESIAN_POINT('',(2.284055862465,4.737193518674));
#1300 = CARTESIAN_POINT('',(2.273465213908,4.737351766784));
#1301 = CARTESIAN_POINT('',(2.263496125727,4.737530967357));
#1302 = CARTESIAN_POINT('',(2.254203032259,4.737729899137));
#1303 = CARTESIAN_POINT('',(2.24563887319,4.73794711556));
#1304 = CARTESIAN_POINT('',(2.237847381005,4.738181042124));
#1305 = CARTESIAN_POINT('',(2.230861699572,4.738430049703));
#1306 = CARTESIAN_POINT('',(2.224705671174,4.738692460492));
#1307 = CARTESIAN_POINT('',(2.219394502559,4.738966567791));
#1308 = CARTESIAN_POINT('',(2.21493563239,4.73925064818));
#1309 = CARTESIAN_POINT('',(2.211329528818,4.73954297159));
#1310 = CARTESIAN_POINT('',(2.20857044931,4.739841810034));
#1311 = CARTESIAN_POINT('',(2.206647118479,4.740145437984));
#1312 = CARTESIAN_POINT('',(2.205543324497,4.740452153443));
#1313 = CARTESIAN_POINT('',(2.205238370107,4.7407602122));
#1314 = CARTESIAN_POINT('',(2.205707562029,4.741068087346));
#1315 = CARTESIAN_POINT('',(2.206924031467,4.741374263515));
#1316 = CARTESIAN_POINT('',(2.208858343329,4.741677216339));
#1317 = CARTESIAN_POINT('',(2.211479274964,4.741975520151));
#1318 = CARTESIAN_POINT('',(2.214754301271,4.742267813933));
#1319 = CARTESIAN_POINT('',(2.218650020191,4.742552807123));
#1320 = CARTESIAN_POINT('',(2.22313224356,4.742829267695));
#1321 = CARTESIAN_POINT('',(2.228166692898,4.743096041981));
#1322 = CARTESIAN_POINT('',(2.233716884255,4.743351966315));
#1323 = CARTESIAN_POINT('',(2.239753463707,4.743596244707));
#1324 = CARTESIAN_POINT('',(2.246240729853,4.743827822596));
#1325 = CARTESIAN_POINT('',(2.253142719155,4.744045744803));
#1326 = CARTESIAN_POINT('',(2.260424424214,4.744249166037));
#1327 = CARTESIAN_POINT('',(2.268051602144,4.744437331259));
#1328 = CARTESIAN_POINT('',(2.275990857752,4.744609567402));
#1329 = CARTESIAN_POINT('',(2.28420957234,4.744765274839));
#1330 = CARTESIAN_POINT('',(2.292675810513,4.744903921315));
#1331 = CARTESIAN_POINT('',(2.301358183626,4.745025037357));
#1332 = CARTESIAN_POINT('',(2.310225682938,4.745128213293));
#1333 = CARTESIAN_POINT('',(2.319247494364,4.745213097799));
#1334 = CARTESIAN_POINT('',(2.328392760836,4.745279398192));
#1335 = CARTESIAN_POINT('',(2.337630427278,4.745326882351));
#1336 = CARTESIAN_POINT('',(2.346928657677,4.745355383772));
#1337 = CARTESIAN_POINT('',(2.356255710972,4.745364805622));
#1338 = CARTESIAN_POINT('',(2.365575202827,4.745355141211));
#1339 = CARTESIAN_POINT('',(2.374863077765,4.745326446261));
#1340 = CARTESIAN_POINT('',(2.384091268086,4.745278802998));
#1341 = CARTESIAN_POINT('',(2.39322760258,4.745212375026));
#1342 = CARTESIAN_POINT('',(2.402241473794,4.745127386219));
#1343 = CARTESIAN_POINT('',(2.411101999129,4.745024122812));
#1344 = CARTESIAN_POINT('',(2.419778218043,4.744902932067));
#1345 = CARTESIAN_POINT('',(2.42823878207,4.744764223442));
#1346 = CARTESIAN_POINT('',(2.436451777962,4.744608475037));
#1347 = CARTESIAN_POINT('',(2.444384680841,4.744436228167));
#1348 = CARTESIAN_POINT('',(2.449464114342,4.744310833325));
#1349 = CARTESIAN_POINT('',(2.451945983088,4.744245598529));
#1350 = ( GEOMETRIC_REPRESENTATION_CONTEXT(2) 
PARAMETRIC_REPRESENTATION_CONTEXT() REPRESENTATION_CONTEXT('2D SPACE',''
  ) );
#1351 = PCURVE('',#1352,#1357);
#1352 = CYLINDRICAL_SURFACE('',#1353,1.7);
#1353 = AXIS2_PLACEMENT_3D('',#1354,#1355,#1356);
#1354 = CARTESIAN_POINT('',(8.,-8.,-198.7));
#1355 = DIRECTION('',(0.,0.,1.));
#1356 = DIRECTION('',(1.,0.,-0.));
#1357 = DEFINITIONAL_REPRESENTATION('',(#1358),#1450);
#1358 = B_SPLINE_CURVE_WITH_KNOTS('',3,(#1359,#1360,#1361,#1362,#1363,
    #1364,#1365,#1366,#1367,#1368,#1369,#1370,#1371,#1372,#1373,#1374,
    #1375,#1376,#1377,#1378,#1379,#1380,#1381,#1382,#1383,#1384,#1385,
    #1386,#1387,#1388,#1389,#1390,#1391,#1392,#1393,#1394,#1395,#1396,
    #1397,#1398,#1399,#1400,#1401,#1402,#1403,#1404,#1405,#1406,#1407,
    #1408,#1409,#1410,#1411,#1412,#1413,#1414,#1415,#1416,#1417,#1418,
    #1419,#1420,#1421,#1422,#1423,#1424,#1425,#1426,#1427,#1428,#1429,
    #1430,#1431,#1432,#1433,#1434,#1435,#1436,#1437,#1438,#1439,#1440,
    #1441,#1442,#1443,#1444,#1445,#1446,#1447,#1448,#1449),
  .UNSPECIFIED.,.F.,.F.,(4,1,1,1,1,1,1,1,1,1,1,1,1,1,1,1,1,1,1,1,1,1,1,1
    ,1,1,1,1,1,1,1,1,1,1,1,1,1,1,1,1,1,1,1,1,1,1,1,1,1,1,1,1,1,1,1,1,1,1
    ,1,1,1,1,1,1,1,1,1,1,1,1,1,1,1,1,1,1,1,1,1,1,1,1,1,1,1,1,1,1,4),(0.,
    1.891396168823E-02,3.782792337646E-02,5.674188506469E-02,
    7.565584675292E-02,9.456980844115E-02,0.113483770129,0.132397731818,
    0.151311693506,0.170225655194,0.189139616882,0.208053578571,
    0.226967540259,0.245881501947,0.264795463635,0.283709425323,
    0.302623387012,0.3215373487,0.340451310388,0.359365272076,
    0.378279233765,0.397193195453,0.416107157141,0.435021118829,
    0.453935080518,0.472849042206,0.491763003894,0.510676965582,
    0.52959092727,0.548504888959,0.567418850647,0.586332812335,
    0.605246774023,0.624160735712,0.6430746974,0.661988659088,
    0.680902620776,0.699816582464,0.718730544153,0.737644505841,
    0.756558467529,0.775472429217,0.794386390906,0.813300352594,
    0.832214314282,0.85112827597,0.870042237659,0.888956199347,
    0.907870161035,0.926784122723,0.945698084411,0.9646120461,
    0.983526007788,1.002439969476,1.021353931164,1.040267892853,
    1.059181854541,1.078095816229,1.097009777917,1.115923739606,
    1.134837701294,1.153751662982,1.17266562467,1.191579586358,
    1.210493548047,1.229407509735,1.248321471423,1.267235433111,
    1.2861493948,1.305063356488,1.323977318176,1.342891279864,
    1.361805241553,1.380719203241,1.399633164929,1.418547126617,
    1.437461088305,1.456375049994,1.475289011682,1.49420297337,
    1.513116935058,1.532030896747,1.550944858435,1.569858820123,
    1.588772781811,1.607686743499,1.626600705188,1.645514666876,
    1.664428628564),.QUASI_UNIFORM_KNOTS.);
#1359 = CARTESIAN_POINT('',(1.567373681824E-15,1.200258119725));
#1360 = CARTESIAN_POINT('',(2.379601490863E-02,1.199847575852));
#1361 = CARTESIAN_POINT('',(7.139488051201E-02,1.198996921327));
#1362 = CARTESIAN_POINT('',(0.142808143015,1.197639262239));
#1363 = CARTESIAN_POINT('',(0.214229145619,1.196206819091));
#1364 = CARTESIAN_POINT('',(0.285656546901,1.194706939428));
#1365 = CARTESIAN_POINT('',(0.357090932422,1.193147234581));
#1366 = CARTESIAN_POINT('',(0.428534149105,1.191535605491));
#1367 = CARTESIAN_POINT('',(0.499988014217,1.189880214297));
#1368 = CARTESIAN_POINT('',(0.571452742276,1.188189487464));
#1369 = CARTESIAN_POINT('',(0.642927093975,1.186472072367));
#1370 = CARTESIAN_POINT('',(0.714401342393,1.184736968297));
#1371 = CARTESIAN_POINT('',(0.78587614305,1.182993020499));
#1372 = CARTESIAN_POINT('',(0.857357615804,1.181248984837));
#1373 = CARTESIAN_POINT('',(0.928839559166,1.179513920372));
#1374 = CARTESIAN_POINT('',(1.000321156617,1.177796707878));
#1375 = CARTESIAN_POINT('',(1.071802674226,1.176106112437));
#1376 = CARTESIAN_POINT('',(1.143276474937,1.174450940202));
#1377 = CARTESIAN_POINT('',(1.214759022723,1.17283926242));
#1378 = CARTESIAN_POINT('',(1.286245589573,1.171279433736));
#1379 = CARTESIAN_POINT('',(1.357719177499,1.169779780002));
#1380 = CARTESIAN_POINT('',(1.429174191293,1.1683480307));
#1381 = CARTESIAN_POINT('',(1.500607771681,1.166991488309));
#1382 = CARTESIAN_POINT('',(1.57202016364,1.165716994221));
#1383 = CARTESIAN_POINT('',(1.643412945309,1.164530942148));
#1384 = CARTESIAN_POINT('',(1.714787936202,1.163439271482));
#1385 = CARTESIAN_POINT('',(1.786146152129,1.162447455584));
#1386 = CARTESIAN_POINT('',(1.85748597965,1.161560488478));
#1387 = CARTESIAN_POINT('',(1.928803985844,1.160782836833));
#1388 = CARTESIAN_POINT('',(2.000085033511,1.160118482092));
#1389 = CARTESIAN_POINT('',(2.071331160406,1.15957058216));
#1390 = CARTESIAN_POINT('',(2.142583807125,1.159141536488));
#1391 = CARTESIAN_POINT('',(2.213823045112,1.158833640412));
#1392 = CARTESIAN_POINT('',(2.285051516171,1.158648369387));
#1393 = CARTESIAN_POINT('',(2.356271045666,1.158586609931));
#1394 = CARTESIAN_POINT('',(2.42748718389,1.158648634638));
#1395 = CARTESIAN_POINT('',(2.498706484654,1.158834133658));
#1396 = CARTESIAN_POINT('',(2.569935908922,1.15914221955));
#1397 = CARTESIAN_POINT('',(2.641181577409,1.15957142548));
#1398 = CARTESIAN_POINT('',(2.712448140917,1.160119699942));
#1399 = CARTESIAN_POINT('',(2.783736003274,1.160784365242));
#1400 = CARTESIAN_POINT('',(2.855045718364,1.161562167636));
#1401 = CARTESIAN_POINT('',(2.9263545819,1.162448940222));
#1402 = CARTESIAN_POINT('',(2.99770573616,1.163440799681));
#1403 = CARTESIAN_POINT('',(3.069091171179,1.164532774794));
#1404 = CARTESIAN_POINT('',(3.140497169811,1.165719202109));
#1405 = CARTESIAN_POINT('',(3.2119187616,1.166994021679));
#1406 = CARTESIAN_POINT('',(3.28335365063,1.168350744358));
#1407 = CARTESIAN_POINT('',(3.354801959967,1.169782496414));
#1408 = CARTESIAN_POINT('',(3.426264666568,1.171282034648));
#1409 = CARTESIAN_POINT('',(3.497742407456,1.172841758931));
#1410 = CARTESIAN_POINT('',(3.56923453845,1.17445372689));
#1411 = CARTESIAN_POINT('',(3.640736696183,1.176109630329));
#1412 = CARTESIAN_POINT('',(3.712243433633,1.177800895846));
#1413 = CARTESIAN_POINT('',(3.783730869604,1.179518305709));
#1414 = CARTESIAN_POINT('',(3.855214706885,1.18125345026));
#1415 = CARTESIAN_POINT('',(3.926701109089,1.182997618039));
#1416 = CARTESIAN_POINT('',(3.998180977487,1.184741677893));
#1417 = CARTESIAN_POINT('',(4.069653935607,1.186476714173));
#1418 = CARTESIAN_POINT('',(4.141119832405,1.188193867733));
#1419 = CARTESIAN_POINT('',(4.212579781732,1.189884403507));
#1420 = CARTESIAN_POINT('',(4.284032634021,1.191539675225));
#1421 = CARTESIAN_POINT('',(4.355480453361,1.193151284299));
#1422 = CARTESIAN_POINT('',(4.426901966804,1.194710574123));
#1423 = CARTESIAN_POINT('',(4.498361994762,1.196210988532));
#1424 = CARTESIAN_POINT('',(4.569837342382,1.197644291942));
#1425 = CARTESIAN_POINT('',(4.641308468649,1.199002762292));
#1426 = CARTESIAN_POINT('',(4.712765859225,1.200279312055));
#1427 = CARTESIAN_POINT('',(4.784205403005,1.201467409226));
#1428 = CARTESIAN_POINT('',(4.855627381666,1.202561065294));
#1429 = CARTESIAN_POINT('',(4.927034943245,1.203554816452));
#1430 = CARTESIAN_POINT('',(4.998432999166,1.20444371628));
#1431 = CARTESIAN_POINT('',(5.069827175163,1.205223334053));
#1432 = CARTESIAN_POINT('',(5.141222804765,1.205889760032));
#1433 = CARTESIAN_POINT('',(5.212623961839,1.206439617539));
#1434 = CARTESIAN_POINT('',(5.284032197098,1.20687008342));
#1435 = CARTESIAN_POINT('',(5.355445939855,1.207178916069));
#1436 = CARTESIAN_POINT('',(5.426856572556,1.207364500877));
#1437 = CARTESIAN_POINT('',(5.498255537984,1.207425885847));
#1438 = CARTESIAN_POINT('',(5.569598170001,1.207362920756));
#1439 = CARTESIAN_POINT('',(5.640933488343,1.207176077916));
#1440 = CARTESIAN_POINT('',(5.71228038983,1.206866215375));
#1441 = CARTESIAN_POINT('',(5.78362719611,1.206434929893));
#1442 = CARTESIAN_POINT('',(5.854975468311,1.205884409884));
#1443 = CARTESIAN_POINT('',(5.926326424643,1.205217436792));
#1444 = CARTESIAN_POINT('',(5.997682943623,1.204437361088));
#1445 = CARTESIAN_POINT('',(6.069047567505,1.203548090672));
#1446 = CARTESIAN_POINT('',(6.140421365307,1.202554112042));
#1447 = CARTESIAN_POINT('',(6.211803279267,1.201460422804));
#1448 = CARTESIAN_POINT('',(6.259391808108,1.200668699984));
#1449 = CARTESIAN_POINT('',(6.28318530718,1.200258119725));
#1450 = ( GEOMETRIC_REPRESENTATION_CONTEXT(2) 
PARAMETRIC_REPRESENTATION_CONTEXT() REPRESENTATION_CONTEXT('2D SPACE',''
  ) );
#1451 = FACE_BOUND('',#1452,.T.);
#1452 = EDGE_LOOP('',(#1453));
#1453 = ORIENTED_EDGE('',*,*,#1454,.T.);
#1454 = EDGE_CURVE('',#1455,#1455,#1457,.T.);
#1455 = VERTEX_POINT('',#1456);
#1456 = CARTESIAN_POINT('',(9.7,8.,-197.4997418802));
#1457 = SURFACE_CURVE('',#1458,(#1517,#1612),.PCURVE_S1.);
#1458 = B_SPLINE_CURVE_WITH_KNOTS('',8,(#1459,#1460,#1461,#1462,#1463,
    #1464,#1465,#1466,#1467,#1468,#1469,#1470,#1471,#1472,#1473,#1474,
    #1475,#1476,#1477,#1478,#1479,#1480,#1481,#1482,#1483,#1484,#1485,
    #1486,#1487,#1488,#1489,#1490,#1491,#1492,#1493,#1494,#1495,#1496,
    #1497,#1498,#1499,#1500,#1501,#1502,#1503,#1504,#1505,#1506,#1507,
    #1508,#1509,#1510,#1511,#1512,#1513,#1514,#1515,#1516),
  .UNSPECIFIED.,.T.,.F.,(9,7,7,7,7,7,7,7,9),(0.,0.113069500921,
    0.240844831122,0.412222116902,0.507091175968,0.669886822794,
    0.838208903121,1.,1.175257673367),.UNSPECIFIED.);
#1459 = CARTESIAN_POINT('',(9.7,8.,-197.4997418802));
#1460 = CARTESIAN_POINT('',(9.7,8.128430822354,-197.4984383695));
#1461 = CARTESIAN_POINT('',(9.688911196348,8.256868659293,
    -197.4972473237));
#1462 = CARTESIAN_POINT('',(9.666731945171,8.38416354797,-197.4961804341
    ));
#1463 = CARTESIAN_POINT('',(9.633609830744,8.509200108895,
    -197.4952475264));
#1464 = CARTESIAN_POINT('',(9.589820280979,8.630897728186,
    -197.4944567759));
#1465 = CARTESIAN_POINT('',(9.535757830746,8.748214464794,
    -197.4938147559));
#1466 = CARTESIAN_POINT('',(9.47194003306,8.86015468271,-197.4933263205)
  );
#1467 = CARTESIAN_POINT('',(9.316624539795,9.085143824783,
    -197.4926191425));
#1468 = CARTESIAN_POINT('',(9.222567948572,9.196498812208,
    -197.4924435653));
#1469 = CARTESIAN_POINT('',(9.117791846671,9.298470086485,
    -197.4924720338));
#1470 = CARTESIAN_POINT('',(9.003401148845,9.389872346932,
    -197.4927053644));
#1471 = CARTESIAN_POINT('',(8.880635303528,9.46968501579,-197.4931413346
    ));
#1472 = CARTESIAN_POINT('',(8.750851164823,9.53704866404,-197.4937748937
    ));
#1473 = CARTESIAN_POINT('',(8.6155215153,9.591283123396,-197.4945979937)
  );
#1474 = CARTESIAN_POINT('',(8.289451799494,9.686440827843,
    -197.4969416881));
#1475 = CARTESIAN_POINT('',(8.095321132961,9.716576130702,
    -197.4986061863));
#1476 = CARTESIAN_POINT('',(7.897818208533,9.721083172371,
    -197.5005650127));
#1477 = CARTESIAN_POINT('',(7.700903696079,9.699634683129,
    -197.5027812788));
#1478 = CARTESIAN_POINT('',(7.508448224521,9.652582365173,
    -197.5052121187));
#1479 = CARTESIAN_POINT('',(7.324223738252,9.580879476271,
    -197.5078095652));
#1480 = CARTESIAN_POINT('',(7.151867430731,9.486153046428,
    -197.5105201842));
#1481 = CARTESIAN_POINT('',(6.90771219039,9.307113528152,-197.5148151119
    ));
#1482 = CARTESIAN_POINT('',(6.825322812553,9.23699483329,-197.5163628754
    ));
#1483 = CARTESIAN_POINT('',(6.748094361125,9.160951152768,
    -197.5179183792));
#1484 = CARTESIAN_POINT('',(6.676524072772,9.079432423755,
    -197.5194720104));
#1485 = CARTESIAN_POINT('',(6.611057962586,8.992933385428,
    -197.5210142219));
#1486 = CARTESIAN_POINT('',(6.552091267677,8.901989846911,
    -197.5225355656));
#1487 = CARTESIAN_POINT('',(6.499965031657,8.807178118869,
    -197.5240267327));
#1488 = CARTESIAN_POINT('',(6.377728025983,8.540845420408,
    -197.5279700135));
#1489 = CARTESIAN_POINT('',(6.321398773707,8.362864617278,
    -197.5303478015));
#1490 = CARTESIAN_POINT('',(6.287505591666,8.178418075092,
    -197.5325634893));
#1491 = CARTESIAN_POINT('',(6.276819541249,7.990850486475,
    -197.5345753188));
#1492 = CARTESIAN_POINT('',(6.28953613453,7.803507383708,-197.5363473658
    ));
#1493 = CARTESIAN_POINT('',(6.325340266996,7.619712696992,
    -197.5378491075));
#1494 = CARTESIAN_POINT('',(6.383355855381,7.442748850094,
    -197.5390561338));
#1495 = CARTESIAN_POINT('',(6.543289191564,7.10310927526,-197.5408796939
    ));
#1496 = CARTESIAN_POINT('',(6.646757044648,6.9408536165,-197.5414762353)
  );
#1497 = CARTESIAN_POINT('',(6.770769159649,6.792468994626,
    -197.5417235504));
#1498 = CARTESIAN_POINT('',(6.913109591501,6.660898243128,
    -197.5416142667));
#1499 = CARTESIAN_POINT('',(7.071165691767,6.54863081686,-197.5411496342
    ));
#1500 = CARTESIAN_POINT('',(7.241976768471,6.457742954134,
    -197.5403386236));
#1501 = CARTESIAN_POINT('',(7.422200512784,6.389834792269,
    -197.5391989061));
#1502 = CARTESIAN_POINT('',(7.786714477808,6.30346905686,-197.5363763794
    ));
#1503 = CARTESIAN_POINT('',(7.970837045518,6.283133022765,
    -197.5347143341));
#1504 = CARTESIAN_POINT('',(8.157059193254,6.285696910814,
    -197.5327985859));
#1505 = CARTESIAN_POINT('',(8.342029197937,6.311337863296,
    -197.5306613402));
#1506 = CARTESIAN_POINT('',(8.522473620461,6.359680743086,
    -197.5283396126));
#1507 = CARTESIAN_POINT('',(8.69520726467,6.429853063495,-197.5258745725
    ));
#1508 = CARTESIAN_POINT('',(8.8571677784,6.520429656326,-197.5233117543)
  );
#1509 = CARTESIAN_POINT('',(9.16627812768,6.747190194347,-197.517873501)
  );
#1510 = CARTESIAN_POINT('',(9.311354567402,6.886748388999,
    -197.5149848574));
#1511 = CARTESIAN_POINT('',(9.437097111997,7.045360351399,
    -197.5120990068));
#1512 = CARTESIAN_POINT('',(9.540696536795,7.219801995748,
    -197.5092771803));
#1513 = CARTESIAN_POINT('',(9.619960652446,7.406514615598,
    -197.5065777486));
#1514 = CARTESIAN_POINT('',(9.673360357323,7.60161378222,-197.5040556636
    ));
#1515 = CARTESIAN_POINT('',(9.7,7.800936376623,-197.5017622798));
#1516 = CARTESIAN_POINT('',(9.7,8.,-197.4997418802));
#1517 = PCURVE('',#33,#1518);
#1518 = DEFINITIONAL_REPRESENTATION('',(#1519),#1611);
#1519 = B_SPLINE_CURVE_WITH_KNOTS('',3,(#1520,#1521,#1522,#1523,#1524,
    #1525,#1526,#1527,#1528,#1529,#1530,#1531,#1532,#1533,#1534,#1535,
    #1536,#1537,#1538,#1539,#1540,#1541,#1542,#1543,#1544,#1545,#1546,
    #1547,#1548,#1549,#1550,#1551,#1552,#1553,#1554,#1555,#1556,#1557,
    #1558,#1559,#1560,#1561,#1562,#1563,#1564,#1565,#1566,#1567,#1568,
    #1569,#1570,#1571,#1572,#1573,#1574,#1575,#1576,#1577,#1578,#1579,
    #1580,#1581,#1582,#1583,#1584,#1585,#1586,#1587,#1588,#1589,#1590,
    #1591,#1592,#1593,#1594,#1595,#1596,#1597,#1598,#1599,#1600,#1601,
    #1602,#1603,#1604,#1605,#1606,#1607,#1608,#1609,#1610),
  .UNSPECIFIED.,.T.,.F.,(4,1,1,1,1,1,1,1,1,1,1,1,1,1,1,1,1,1,1,1,1,1,1,1
    ,1,1,1,1,1,1,1,1,1,1,1,1,1,1,1,1,1,1,1,1,1,1,1,1,1,1,1,1,1,1,1,1,1,1
    ,1,1,1,1,1,1,1,1,1,1,1,1,1,1,1,1,1,1,1,1,1,1,1,1,1,1,1,1,1,1,4),(0.,
    1.335520083371E-02,2.671040166742E-02,4.006560250113E-02,
    5.342080333484E-02,6.677600416855E-02,8.013120500226E-02,
    9.348640583597E-02,0.10684160667,0.120196807503,0.133552008337,
    0.146907209171,0.160262410005,0.173617610838,0.186972811672,
    0.200328012506,0.213683213339,0.227038414173,0.240393615007,
    0.253748815841,0.267104016674,0.280459217508,0.293814418342,
    0.307169619175,0.320524820009,0.333880020843,0.347235221676,
    0.36059042251,0.373945623344,0.387300824178,0.400656025011,
    0.414011225845,0.427366426679,0.440721627512,0.454076828346,
    0.46743202918,0.480787230014,0.494142430847,0.507497631681,
    0.520852832515,0.534208033348,0.547563234182,0.560918435016,
    0.57427363585,0.587628836683,0.600984037517,0.614339238351,
    0.627694439184,0.641049640018,0.654404840852,0.667760041686,
    0.681115242519,0.694470443353,0.707825644187,0.72118084502,
    0.734536045854,0.747891246688,0.761246447522,0.774601648355,
    0.787956849189,0.801312050023,0.814667250856,0.82802245169,
    0.841377652524,0.854732853357,0.868088054191,0.881443255025,
    0.894798455859,0.908153656692,0.921508857526,0.93486405836,
    0.948219259193,0.961574460027,0.974929660861,0.988284861695,
    1.001640062528,1.014995263362,1.028350464196,1.041705665029,
    1.055060865863,1.068416066697,1.081771267531,1.095126468364,
    1.108481669198,1.121836870032,1.135192070865,1.148547271699,
    1.161902472533,1.175257673367),.QUASI_UNIFORM_KNOTS.);
#1520 = CARTESIAN_POINT('',(3.831239324091,4.744245598529));
#1521 = CARTESIAN_POINT('',(3.833721438875,4.744310839493));
#1522 = CARTESIAN_POINT('',(3.838801174184,4.744436241238));
#1523 = CARTESIAN_POINT('',(3.846734227597,4.744608489267));
#1524 = CARTESIAN_POINT('',(3.85494737598,4.744764238628));
#1525 = CARTESIAN_POINT('',(3.863408274312,4.744902950371));
#1526 = CARTESIAN_POINT('',(3.872085079185,4.74502414604));
#1527 = CARTESIAN_POINT('',(3.880946396917,4.745127413771));
#1528 = CARTESIAN_POINT('',(3.88996103388,4.745212403366));
#1529 = CARTESIAN_POINT('',(3.899097897294,4.745278826588));
#1530 = CARTESIAN_POINT('',(3.908325296074,4.745326459062));
#1531 = CARTESIAN_POINT('',(3.917614950963,4.745355152884));
#1532 = CARTESIAN_POINT('',(3.926935080535,4.745364803569));
#1533 = CARTESIAN_POINT('',(3.936255130822,4.745355380952));
#1534 = CARTESIAN_POINT('',(3.945544744943,4.745326917742));
#1535 = CARTESIAN_POINT('',(3.954773731173,4.745279508741));
#1536 = CARTESIAN_POINT('',(3.963911814847,4.745213309331));
#1537 = CARTESIAN_POINT('',(3.972928342032,4.745128538604));
#1538 = CARTESIAN_POINT('',(3.981792452945,4.745025477104));
#1539 = CARTESIAN_POINT('',(3.990471462203,4.744904494113));
#1540 = CARTESIAN_POINT('',(3.998935958891,4.744765974858));
#1541 = CARTESIAN_POINT('',(4.007155457404,4.744610357872));
#1542 = CARTESIAN_POINT('',(4.015094937269,4.744438226681));
#1543 = CARTESIAN_POINT('',(4.022721206565,4.744250204195));
#1544 = CARTESIAN_POINT('',(4.030000845968,4.744046978548));
#1545 = CARTESIAN_POINT('',(4.036900466482,4.743829295845));
#1546 = CARTESIAN_POINT('',(4.043386413856,4.74359796375));
#1547 = CARTESIAN_POINT('',(4.049424695087,4.743353853906));
#1548 = CARTESIAN_POINT('',(4.054980923106,4.743097906765));
#1549 = CARTESIAN_POINT('',(4.060020362785,4.742831135985));
#1550 = CARTESIAN_POINT('',(4.064508005968,4.7425546395));
#1551 = CARTESIAN_POINT('',(4.068408952587,4.742269591014));
#1552 = CARTESIAN_POINT('',(4.071688148635,4.741977308849));
#1553 = CARTESIAN_POINT('',(4.074313195105,4.741679030561));
#1554 = CARTESIAN_POINT('',(4.076251822871,4.741376084871));
#1555 = CARTESIAN_POINT('',(4.077472659474,4.741069927261));
#1556 = CARTESIAN_POINT('',(4.077946425208,4.740762043741));
#1557 = CARTESIAN_POINT('',(4.077646102271,4.74045398193));
#1558 = CARTESIAN_POINT('',(4.076547453287,4.74014733389));
#1559 = CARTESIAN_POINT('',(4.074630045142,4.739843779481));
#1560 = CARTESIAN_POINT('',(4.071876821725,4.739544929314));
#1561 = CARTESIAN_POINT('',(4.068275673685,4.739252504723));
#1562 = CARTESIAN_POINT('',(4.06382127992,4.738968307564));
#1563 = CARTESIAN_POINT('',(4.058514515475,4.738694092616));
#1564 = CARTESIAN_POINT('',(4.052363291388,4.738431596325));
#1565 = CARTESIAN_POINT('',(4.045383066849,4.738182520728));
#1566 = CARTESIAN_POINT('',(4.037597467332,4.737948526223));
#1567 = CARTESIAN_POINT('',(4.029038859605,4.737731218799));
#1568 = CARTESIAN_POINT('',(4.019748839157,4.73753213504));
#1569 = CARTESIAN_POINT('',(4.00977872026,4.737352725679));
#1570 = CARTESIAN_POINT('',(3.999189453601,4.73719433139));
#1571 = CARTESIAN_POINT('',(3.988052913397,4.737058175901));
#1572 = CARTESIAN_POINT('',(3.976447101027,4.736945283534));
#1573 = CARTESIAN_POINT('',(3.96445025837,4.73685647343));
#1574 = CARTESIAN_POINT('',(3.952157044272,4.736792486683));
#1575 = CARTESIAN_POINT('',(3.939663553435,4.736753827011));
#1576 = CARTESIAN_POINT('',(3.927069375363,4.736740800656));
#1577 = CARTESIAN_POINT('',(3.914475171847,4.736753506436));
#1578 = CARTESIAN_POINT('',(3.901981400374,4.736791840655));
#1579 = CARTESIAN_POINT('',(3.889686732189,4.736855499715));
#1580 = CARTESIAN_POINT('',(3.877686637728,4.736943984473));
#1581 = CARTESIAN_POINT('',(3.866071987528,4.737056606756));
#1582 = CARTESIAN_POINT('',(3.854928063775,4.737192491184));
#1583 = CARTESIAN_POINT('',(3.844332769634,4.737350597623));
#1584 = CARTESIAN_POINT('',(3.834358651699,4.737529667672));
#1585 = CARTESIAN_POINT('',(3.825060212199,4.737728480711));
#1586 = CARTESIAN_POINT('',(3.816490465462,4.737945590688));
#1587 = CARTESIAN_POINT('',(3.808693218998,4.738179423386));
#1588 = CARTESIAN_POINT('',(3.801701684883,4.738428349819));
#1589 = CARTESIAN_POINT('',(3.795539767842,4.738690692195));
#1590 = CARTESIAN_POINT('',(3.790222730532,4.738964743704));
#1591 = CARTESIAN_POINT('',(3.785758061138,4.739248780764));
#1592 = CARTESIAN_POINT('',(3.782146270907,4.739541072932));
#1593 = CARTESIAN_POINT('',(3.779381655061,4.739839892292));
#1594 = CARTESIAN_POINT('',(3.777452968513,4.740143511474));
#1595 = CARTESIAN_POINT('',(3.776344032571,4.740450233565));
#1596 = CARTESIAN_POINT('',(3.776034150338,4.740758293459));
#1597 = CARTESIAN_POINT('',(3.776498732714,4.741066243802));
#1598 = CARTESIAN_POINT('',(3.777711402663,4.741372553762));
#1599 = CARTESIAN_POINT('',(3.779642715175,4.741675652017));
#1600 = CARTESIAN_POINT('',(3.78226125803,4.741974092089));
#1601 = CARTESIAN_POINT('',(3.785534265296,4.742266501748));
#1602 = CARTESIAN_POINT('',(3.789428133474,4.742551590116));
#1603 = CARTESIAN_POINT('',(3.79390877245,4.742828139399));
#1604 = CARTESIAN_POINT('',(3.798941840201,4.743095001011));
#1605 = CARTESIAN_POINT('',(3.80449286838,4.743351091206));
#1606 = CARTESIAN_POINT('',(3.810527303472,4.743595387));
#1607 = CARTESIAN_POINT('',(3.817010427075,4.743826925322));
#1608 = CARTESIAN_POINT('',(3.823907313788,4.74404479406));
#1609 = CARTESIAN_POINT('',(3.828757261191,4.744180370466));
#1610 = CARTESIAN_POINT('',(3.831239324091,4.744245598529));
#1611 = ( GEOMETRIC_REPRESENTATION_CONTEXT(2) 
PARAMETRIC_REPRESENTATION_CONTEXT() REPRESENTATION_CONTEXT('2D SPACE',''
  ) );
#1612 = PCURVE('',#1613,#1618);
#1613 = CYLINDRICAL_SURFACE('',#1614,1.7);
#1614 = AXIS2_PLACEMENT_3D('',#1615,#1616,#1617);
#1615 = CARTESIAN_POINT('',(8.,8.,-198.7));
#1616 = DIRECTION('',(0.,0.,1.));
#1617 = DIRECTION('',(1.,0.,-0.));
#1618 = DEFINITIONAL_REPRESENTATION('',(#1619),#1711);
#1619 = B_SPLINE_CURVE_WITH_KNOTS('',3,(#1620,#1621,#1622,#1623,#1624,
    #1625,#1626,#1627,#1628,#1629,#1630,#1631,#1632,#1633,#1634,#1635,
    #1636,#1637,#1638,#1639,#1640,#1641,#1642,#1643,#1644,#1645,#1646,
    #1647,#1648,#1649,#1650,#1651,#1652,#1653,#1654,#1655,#1656,#1657,
    #1658,#1659,#1660,#1661,#1662,#1663,#1664,#1665,#1666,#1667,#1668,
    #1669,#1670,#1671,#1672,#1673,#1674,#1675,#1676,#1677,#1678,#1679,
    #1680,#1681,#1682,#1683,#1684,#1685,#1686,#1687,#1688,#1689,#1690,
    #1691,#1692,#1693,#1694,#1695,#1696,#1697,#1698,#1699,#1700,#1701,
    #1702,#1703,#1704,#1705,#1706,#1707,#1708,#1709,#1710),
  .UNSPECIFIED.,.F.,.F.,(4,1,1,1,1,1,1,1,1,1,1,1,1,1,1,1,1,1,1,1,1,1,1,1
    ,1,1,1,1,1,1,1,1,1,1,1,1,1,1,1,1,1,1,1,1,1,1,1,1,1,1,1,1,1,1,1,1,1,1
    ,1,1,1,1,1,1,1,1,1,1,1,1,1,1,1,1,1,1,1,1,1,1,1,1,1,1,1,1,1,1,4),(0.,
    1.335520083371E-02,2.671040166742E-02,4.006560250113E-02,
    5.342080333484E-02,6.677600416855E-02,8.013120500226E-02,
    9.348640583597E-02,0.10684160667,0.120196807503,0.133552008337,
    0.146907209171,0.160262410005,0.173617610838,0.186972811672,
    0.200328012506,0.213683213339,0.227038414173,0.240393615007,
    0.253748815841,0.267104016674,0.280459217508,0.293814418342,
    0.307169619175,0.320524820009,0.333880020843,0.347235221676,
    0.36059042251,0.373945623344,0.387300824178,0.400656025011,
    0.414011225845,0.427366426679,0.440721627512,0.454076828346,
    0.46743202918,0.480787230014,0.494142430847,0.507497631681,
    0.520852832515,0.534208033348,0.547563234182,0.560918435016,
    0.57427363585,0.587628836683,0.600984037517,0.614339238351,
    0.627694439184,0.641049640018,0.654404840852,0.667760041686,
    0.681115242519,0.694470443353,0.707825644187,0.72118084502,
    0.734536045854,0.747891246688,0.761246447522,0.774601648355,
    0.787956849189,0.801312050023,0.814667250856,0.82802245169,
    0.841377652524,0.854732853357,0.868088054191,0.881443255025,
    0.894798455859,0.908153656692,0.921508857526,0.93486405836,
    0.948219259193,0.961574460027,0.974929660861,0.988284861695,
    1.001640062528,1.014995263362,1.028350464196,1.041705665029,
    1.055060865863,1.068416066697,1.081771267531,1.095126468364,
    1.108481669198,1.121836870032,1.135192070865,1.148547271699,
    1.161902472533,1.175257673367),.QUASI_UNIFORM_KNOTS.);
#1620 = CARTESIAN_POINT('',(-3.552713678801E-15,1.200258119725));
#1621 = CARTESIAN_POINT('',(2.379581642016E-02,1.200668738896));
#1622 = CARTESIAN_POINT('',(7.138710209306E-02,1.201460505459));
#1623 = CARTESIAN_POINT('',(0.142770116372,1.20255420263));
#1624 = CARTESIAN_POINT('',(0.214145035272,1.203548187793));
#1625 = CARTESIAN_POINT('',(0.285512257116,1.204437478637));
#1626 = CARTESIAN_POINT('',(0.356873328468,1.205217586498));
#1627 = CARTESIAN_POINT('',(0.428230328009,1.205884588054));
#1628 = CARTESIAN_POINT('',(0.499584295102,1.20643511371));
#1629 = CARTESIAN_POINT('',(0.570934867271,1.206866368711));
#1630 = CARTESIAN_POINT('',(0.64227544233,1.207176161212));
#1631 = CARTESIAN_POINT('',(0.713624296574,1.207362996841));
#1632 = CARTESIAN_POINT('',(0.7849717252,1.2074258724));
#1633 = CARTESIAN_POINT('',(0.856317159763,1.207364482489));
#1634 = CARTESIAN_POINT('',(0.927661470798,1.207179146552));
#1635 = CARTESIAN_POINT('',(0.999007228696,1.206870802127));
#1636 = CARTESIAN_POINT('',(1.070357334738,1.20644098982));
#1637 = CARTESIAN_POINT('',(1.141713162699,1.205891864865));
#1638 = CARTESIAN_POINT('',(1.213076462258,1.205226170413));
#1639 = CARTESIAN_POINT('',(1.284436088594,1.204447397));
#1640 = CARTESIAN_POINT('',(1.35581031114,1.203559295331));
#1641 = CARTESIAN_POINT('',(1.427213583526,1.202566098328));
#1642 = CARTESIAN_POINT('',(1.498624613181,1.201473080184));
#1643 = CARTESIAN_POINT('',(1.570039961769,1.200285848897));
#1644 = CARTESIAN_POINT('',(1.641457434722,1.199010481758));
#1645 = CARTESIAN_POINT('',(1.712878600208,1.197653446717));
#1646 = CARTESIAN_POINT('',(1.784306450001,1.1962215914));
#1647 = CARTESIAN_POINT('',(1.855744562655,1.194722122412));
#1648 = CARTESIAN_POINT('',(1.927195848809,1.193162597238));
#1649 = CARTESIAN_POINT('',(1.998661704766,1.191550911488));
#1650 = CARTESIAN_POINT('',(2.070139683691,1.189895322812));
#1651 = CARTESIAN_POINT('',(2.141625918988,1.188204358106));
#1652 = CARTESIAN_POINT('',(2.213098771529,1.186487170783));
#1653 = CARTESIAN_POINT('',(2.284573314409,1.184752176555));
#1654 = CARTESIAN_POINT('',(2.356057047285,1.183008048988));
#1655 = CARTESIAN_POINT('',(2.427542556617,1.181263876092));
#1656 = CARTESIAN_POINT('',(2.499029657339,1.179528572227));
#1657 = CARTESIAN_POINT('',(2.570516962221,1.177811034854));
#1658 = CARTESIAN_POINT('',(2.642004878591,1.176120029494));
#1659 = CARTESIAN_POINT('',(2.713483881664,1.174464410378));
#1660 = CARTESIAN_POINT('',(2.784969905862,1.172852261341));
#1661 = CARTESIAN_POINT('',(2.856460599726,1.171291885852));
#1662 = CARTESIAN_POINT('',(2.927938249894,1.169791630219));
#1663 = CARTESIAN_POINT('',(2.999397396348,1.168359224898));
#1664 = CARTESIAN_POINT('',(3.070835105139,1.167001978325));
#1665 = CARTESIAN_POINT('',(3.142251617876,1.165726736333));
#1666 = CARTESIAN_POINT('',(3.21364850271,1.164539897359));
#1667 = CARTESIAN_POINT('',(3.285027583902,1.163447405371));
#1668 = CARTESIAN_POINT('',(3.356389884432,1.162454738388));
#1669 = CARTESIAN_POINT('',(3.427733827738,1.161566895007));
#1670 = CARTESIAN_POINT('',(3.499055953788,1.160788347158));
#1671 = CARTESIAN_POINT('',(3.570341388222,1.160123079649));
#1672 = CARTESIAN_POINT('',(3.641591408654,1.159574261797));
#1673 = CARTESIAN_POINT('',(3.7128480323,1.159144291803));
#1674 = CARTESIAN_POINT('',(3.784091246242,1.158835471201));
#1675 = CARTESIAN_POINT('',(3.855323684834,1.158649280175));
#1676 = CARTESIAN_POINT('',(3.926547154756,1.158586609985));
#1677 = CARTESIAN_POINT('',(3.997767198348,1.158647737638));
#1678 = CARTESIAN_POINT('',(4.068990365062,1.158832357515));
#1679 = CARTESIAN_POINT('',(4.14022361615,1.159139586237));
#1680 = CARTESIAN_POINT('',(4.21147307648,1.159567960906));
#1681 = CARTESIAN_POINT('',(4.282743405097,1.160115433854));
#1682 = CARTESIAN_POINT('',(4.354035017893,1.160779331171));
#1683 = CARTESIAN_POINT('',(4.425348486889,1.161556402826));
#1684 = CARTESIAN_POINT('',(4.496661125964,1.162442485717));
#1685 = CARTESIAN_POINT('',(4.568016102102,1.163433699607));
#1686 = CARTESIAN_POINT('',(4.639405401262,1.164525076314));
#1687 = CARTESIAN_POINT('',(4.710815281707,1.165710954758));
#1688 = CARTESIAN_POINT('',(4.78224076344,1.166985277095));
#1689 = CARTESIAN_POINT('',(4.853679545169,1.168341555981));
#1690 = CARTESIAN_POINT('',(4.925131747578,1.169772919168));
#1691 = CARTESIAN_POINT('',(4.996598357423,1.171272124902));
#1692 = CARTESIAN_POINT('',(5.06807999433,1.172831573523));
#1693 = CARTESIAN_POINT('',(5.139576116346,1.174443325728));
#1694 = CARTESIAN_POINT('',(5.211082034737,1.176099065712));
#1695 = CARTESIAN_POINT('',(5.282593594151,1.177790251387));
#1696 = CARTESIAN_POINT('',(5.354082195098,1.179507550163));
#1697 = CARTESIAN_POINT('',(5.42558211899,1.181243002372));
#1698 = CARTESIAN_POINT('',(5.497096373951,1.182987824191));
#1699 = CARTESIAN_POINT('',(5.568605533441,1.184732623313));
#1700 = CARTESIAN_POINT('',(5.64010474911,1.186468364221));
#1701 = CARTESIAN_POINT('',(5.711591396824,1.188186119885));
#1702 = CARTESIAN_POINT('',(5.783066419399,1.18987714922));
#1703 = CARTESIAN_POINT('',(5.854532294124,1.191532888378));
#1704 = CARTESIAN_POINT('',(5.925992075897,1.193144966594));
#1705 = CARTESIAN_POINT('',(5.997448187818,1.194705219076));
#1706 = CARTESIAN_POINT('',(6.068901334691,1.196205700889));
#1707 = CARTESIAN_POINT('',(6.140348911072,1.197638719289));
#1708 = CARTESIAN_POINT('',(6.211784536246,1.198996817702));
#1709 = CARTESIAN_POINT('',(6.259389633613,1.199847585345));
#1710 = CARTESIAN_POINT('',(6.28318530718,1.200258119725));
#1711 = ( GEOMETRIC_REPRESENTATION_CONTEXT(2) 
PARAMETRIC_REPRESENTATION_CONTEXT() REPRESENTATION_CONTEXT('2D SPACE',''
  ) );
#1712 = FACE_BOUND('',#1713,.T.);
#1713 = EDGE_LOOP('',(#1714));
#1714 = ORIENTED_EDGE('',*,*,#1715,.T.);
#1715 = EDGE_CURVE('',#1716,#1716,#1718,.T.);
#1716 = VERTEX_POINT('',#1717);
#1717 = CARTESIAN_POINT('',(-6.3,8.,-197.5342472223));
#1718 = SURFACE_CURVE('',#1719,(#1778,#1873),.PCURVE_S1.);
#1719 = B_SPLINE_CURVE_WITH_KNOTS('',8,(#1720,#1721,#1722,#1723,#1724,
    #1725,#1726,#1727,#1728,#1729,#1730,#1731,#1732,#1733,#1734,#1735,
    #1736,#1737,#1738,#1739,#1740,#1741,#1742,#1743,#1744,#1745,#1746,
    #1747,#1748,#1749,#1750,#1751,#1752,#1753,#1754,#1755,#1756,#1757,
    #1758,#1759,#1760,#1761,#1762,#1763,#1764,#1765,#1766,#1767,#1768,
    #1769,#1770,#1771,#1772,#1773,#1774,#1775,#1776,#1777),
  .UNSPECIFIED.,.T.,.F.,(9,7,7,7,7,7,7,7,9),(0.,1.,1.998481255048,
    3.818345988959,5.515206092209,6.222644808777,6.766627621213,
    8.142539187937,9.934022025607),.UNSPECIFIED.);
#1720 = CARTESIAN_POINT('',(-6.3,8.,-197.5342472223));
#1721 = CARTESIAN_POINT('',(-6.3,8.134366559205,-197.5328837049));
#1722 = CARTESIAN_POINT('',(-6.31213751465,8.268813519236,
    -197.5313961925));
#1723 = CARTESIAN_POINT('',(-6.336437245644,8.402008185287,
    -197.5297979548));
#1724 = CARTESIAN_POINT('',(-6.372737668016,8.532658597128,
    -197.5281037381));
#1725 = CARTESIAN_POINT('',(-6.420719018111,8.659513218172,
    -197.5263294849));
#1726 = CARTESIAN_POINT('',(-6.479914013356,8.781366460686,
    -197.5244921689));
#1727 = CARTESIAN_POINT('',(-6.549701303821,8.897070047149,
    -197.522609747));
#1728 = CARTESIAN_POINT('',(-6.708741145091,9.113865614633,
    -197.5187956041));
#1729 = CARTESIAN_POINT('',(-6.797998660214,9.215026817249,
    -197.5168631302));
#1730 = CARTESIAN_POINT('',(-6.896275021439,9.307958407028,
    -197.5149226248));
#1731 = CARTESIAN_POINT('',(-7.002669092023,9.391730131236,
    -197.5129926738));
#1732 = CARTESIAN_POINT('',(-7.116181021732,9.465539258624,
    -197.5110915717));
#1733 = CARTESIAN_POINT('',(-7.235724745316,9.528707293519,
    -197.5092372286));
#1734 = CARTESIAN_POINT('',(-7.3601297357,9.580691038357,-197.5074470394
    ));
#1735 = CARTESIAN_POINT('',(-7.721433165188,9.694773295068,
    -197.502622251));
#1736 = CARTESIAN_POINT('',(-7.967265018542,9.730197005577,
    -197.4997676735));
#1737 = CARTESIAN_POINT('',(-8.2175241946,9.724563578736,-197.4972848199
    ));
#1738 = CARTESIAN_POINT('',(-8.464279105293,9.677766587181,
    -197.4952552955));
#1739 = CARTESIAN_POINT('',(-8.699939294741,9.59104357027,
    -197.4937436035));
#1740 = CARTESIAN_POINT('',(-8.917376016501,9.467279947711,
    -197.4927928307));
#1741 = CARTESIAN_POINT('',(-9.109873016846,9.310678396415,
    -197.4924284964));
#1742 = CARTESIAN_POINT('',(-9.423115801449,8.957413392256,
    -197.4928347172));
#1743 = CARTESIAN_POINT('',(-9.54842334755,8.763506420871,-197.493530993
    ));
#1744 = CARTESIAN_POINT('',(-9.643187828478,8.551131433463,
    -197.4947247233));
#1745 = CARTESIAN_POINT('',(-9.704524679131,8.32600412464,
    -197.4963871634));
#1746 = CARTESIAN_POINT('',(-9.73062224183,8.094091775161,
    -197.4984761185));
#1747 = CARTESIAN_POINT('',(-9.720917789938,7.861606070938,
    -197.5009342347));
#1748 = CARTESIAN_POINT('',(-9.675939101446,7.63493465341,
    -197.5036913063));
#1749 = CARTESIAN_POINT('',(-9.565744776278,7.331053523043,
    -197.5078938248));
#1750 = CARTESIAN_POINT('',(-9.527598671624,7.243697822837,
    -197.509167554));
#1751 = CARTESIAN_POINT('',(-9.483883919489,7.158835226129,
    -197.5104724876));
#1752 = CARTESIAN_POINT('',(-9.434792966496,7.076879953638,
    -197.5118024678));
#1753 = CARTESIAN_POINT('',(-9.380553306524,6.998226016767,
    -197.5131511862));
#1754 = CARTESIAN_POINT('',(-9.321425989211,6.92324661214,
    -197.5145122056));
#1755 = CARTESIAN_POINT('',(-9.257706058016,6.852292246761,
    -197.5158789742));
#1756 = CARTESIAN_POINT('',(-9.137451030437,6.734472151967,
    -197.5182951075));
#1757 = CARTESIAN_POINT('',(-9.082654855948,6.685826089839,
    -197.5193448968));
#1758 = CARTESIAN_POINT('',(-9.025485936271,6.639896279545,
    -197.5203911936));
#1759 = CARTESIAN_POINT('',(-8.966102646842,6.596818038733,
    -197.5214310174));
#1760 = CARTESIAN_POINT('',(-8.904671874198,6.556714921306,
    -197.5224614209));
#1761 = CARTESIAN_POINT('',(-8.841368693515,6.519698508155,
    -197.5234794953));
#1762 = CARTESIAN_POINT('',(-8.776376046164,6.485868197894,
    -197.5244823755));
#1763 = CARTESIAN_POINT('',(-8.541705204188,6.378021781145,
    -197.5279583073));
#1764 = CARTESIAN_POINT('',(-8.363813332706,6.321615736061,
    -197.5303359723));
#1765 = CARTESIAN_POINT('',(-8.179447646129,6.287627438291,
    -197.532551805));
#1766 = CARTESIAN_POINT('',(-7.991949113415,6.276829155299,
    -197.5345640727));
#1767 = CARTESIAN_POINT('',(-7.804659936678,6.28941832345,
    -197.5363368656));
#1768 = CARTESIAN_POINT('',(-7.620901087908,6.325082338608,
    -197.5378396656));
#1769 = CARTESIAN_POINT('',(-7.44395244724,6.382948268117,
    -197.5390480563));
#1770 = CARTESIAN_POINT('',(-7.059529597678,6.563604539886,
    -197.5411157676));
#1771 = CARTESIAN_POINT('',(-6.858313417905,6.7010368977,-197.5417630029
    ));
#1772 = CARTESIAN_POINT('',(-6.680619971553,6.870481694074,
    -197.5418467022));
#1773 = CARTESIAN_POINT('',(-6.532009908471,7.067043572858,
    -197.5413601207));
#1774 = CARTESIAN_POINT('',(-6.417029325429,7.285124342514,
    -197.5403139295));
#1775 = CARTESIAN_POINT('',(-6.33895769115,7.518264378623,
    -197.5387403847));
#1776 = CARTESIAN_POINT('',(-6.3,7.759274464627,-197.5366900433));
#1777 = CARTESIAN_POINT('',(-6.3,8.,-197.5342472223));
#1778 = PCURVE('',#33,#1779);
#1779 = DEFINITIONAL_REPRESENTATION('',(#1780),#1872);
#1780 = B_SPLINE_CURVE_WITH_KNOTS('',3,(#1781,#1782,#1783,#1784,#1785,
    #1786,#1787,#1788,#1789,#1790,#1791,#1792,#1793,#1794,#1795,#1796,
    #1797,#1798,#1799,#1800,#1801,#1802,#1803,#1804,#1805,#1806,#1807,
    #1808,#1809,#1810,#1811,#1812,#1813,#1814,#1815,#1816,#1817,#1818,
    #1819,#1820,#1821,#1822,#1823,#1824,#1825,#1826,#1827,#1828,#1829,
    #1830,#1831,#1832,#1833,#1834,#1835,#1836,#1837,#1838,#1839,#1840,
    #1841,#1842,#1843,#1844,#1845,#1846,#1847,#1848,#1849,#1850,#1851,
    #1852,#1853,#1854,#1855,#1856,#1857,#1858,#1859,#1860,#1861,#1862,
    #1863,#1864,#1865,#1866,#1867,#1868,#1869,#1870,#1871),
  .UNSPECIFIED.,.T.,.F.,(4,1,1,1,1,1,1,1,1,1,1,1,1,1,1,1,1,1,1,1,1,1,1,1
    ,1,1,1,1,1,1,1,1,1,1,1,1,1,1,1,1,1,1,1,1,1,1,1,1,1,1,1,1,1,1,1,1,1,1
    ,1,1,1,1,1,1,1,1,1,1,1,1,1,1,1,1,1,1,1,1,1,1,1,1,1,1,1,1,1,1,4),(0.,
    0.112886613927,0.225773227855,0.338659841782,0.451546455709,
    0.564433069637,0.677319683564,0.790206297491,0.903092911419,
    1.015979525346,1.128866139273,1.241752753201,1.354639367128,
    1.467525981056,1.580412594983,1.69329920891,1.806185822838,
    1.919072436765,2.031959050692,2.14484566462,2.257732278547,
    2.370618892474,2.483505506402,2.596392120329,2.709278734256,
    2.822165348184,2.935051962111,3.047938576038,3.160825189966,
    3.273711803893,3.38659841782,3.499485031748,3.612371645675,
    3.725258259602,3.83814487353,3.951031487457,4.063918101384,
    4.176804715312,4.289691329239,4.402577943167,4.515464557094,
    4.628351171021,4.741237784949,4.854124398876,4.967011012803,
    5.079897626731,5.192784240658,5.305670854585,5.418557468513,
    5.53144408244,5.644330696367,5.757217310295,5.870103924222,
    5.982990538149,6.095877152077,6.208763766004,6.321650379931,
    6.434536993859,6.547423607786,6.660310221713,6.773196835641,
    6.886083449568,6.998970063496,7.111856677423,7.22474329135,
    7.337629905278,7.450516519205,7.563403133132,7.67628974706,
    7.789176360987,7.902062974914,8.014949588842,8.127836202769,
    8.240722816696,8.353609430624,8.466496044551,8.579382658478,
    8.692269272406,8.805155886333,8.91804250026,9.030929114188,
    9.143815728115,9.256702342042,9.36958895597,9.482475569897,
    9.595362183824,9.708248797752,9.821135411679,9.934022025607),
  .QUASI_UNIFORM_KNOTS.);
#1781 = CARTESIAN_POINT('',(5.379461361277,4.738187252732));
#1782 = CARTESIAN_POINT('',(5.37700303942,4.738267778031));
#1783 = CARTESIAN_POINT('',(5.37235688765,4.738433868918));
#1784 = CARTESIAN_POINT('',(5.366214289328,4.738696399768));
#1785 = CARTESIAN_POINT('',(5.360916777892,4.738970604222));
#1786 = CARTESIAN_POINT('',(5.356471246718,4.739254742323));
#1787 = CARTESIAN_POINT('',(5.352878241834,4.73954707697));
#1788 = CARTESIAN_POINT('',(5.350131720329,4.739845880746));
#1789 = CARTESIAN_POINT('',(5.348220161959,4.74014944036));
#1790 = CARTESIAN_POINT('',(5.347127198462,4.740456070519));
#1791 = CARTESIAN_POINT('',(5.346832199983,4.740764078231));
#1792 = CARTESIAN_POINT('',(5.347310842901,4.741071909117));
#1793 = CARTESIAN_POINT('',(5.348536224455,4.741378014987));
#1794 = CARTESIAN_POINT('',(5.350478896451,4.741680882203));
#1795 = CARTESIAN_POINT('',(5.353107628618,4.741979084053));
#1796 = CARTESIAN_POINT('',(5.356389895159,4.742271261532));
#1797 = CARTESIAN_POINT('',(5.360292296896,4.742556125151));
#1798 = CARTESIAN_POINT('',(5.364780652632,4.742832444193));
#1799 = CARTESIAN_POINT('',(5.369820686284,4.74309906584));
#1800 = CARTESIAN_POINT('',(5.375375937147,4.743354828456));
#1801 = CARTESIAN_POINT('',(5.381417113732,4.743598938477));
#1802 = CARTESIAN_POINT('',(5.387908436891,4.743830338842));
#1803 = CARTESIAN_POINT('',(5.394813989491,4.744048077139));
#1804 = CARTESIAN_POINT('',(5.402098779018,4.74425130916));
#1805 = CARTESIAN_POINT('',(5.409728586293,4.744439281175));
#1806 = CARTESIAN_POINT('',(5.417670036826,4.744611321183));
#1807 = CARTESIAN_POINT('',(5.425890532062,4.74476683054));
#1808 = CARTESIAN_POINT('',(5.434358154954,4.744905277875));
#1809 = CARTESIAN_POINT('',(5.443041533549,4.745026194533));
#1810 = CARTESIAN_POINT('',(5.451909673217,4.745129171607));
#1811 = CARTESIAN_POINT('',(5.460931773843,4.745213858495));
#1812 = CARTESIAN_POINT('',(5.470076982529,4.745279963246));
#1813 = CARTESIAN_POINT('',(5.479314274119,4.745327254383));
#1814 = CARTESIAN_POINT('',(5.488611735051,4.745355566391));
#1815 = CARTESIAN_POINT('',(5.49793793576,4.745364802263));
#1816 = CARTESIAN_POINT('',(5.507255338533,4.745354959716));
#1817 = CARTESIAN_POINT('',(5.516544783524,4.745326080882));
#1818 = CARTESIAN_POINT('',(5.525776981705,4.745278227728));
#1819 = CARTESIAN_POINT('',(5.534917750582,4.745211564557));
#1820 = CARTESIAN_POINT('',(5.543935403082,4.745126321984));
#1821 = CARTESIAN_POINT('',(5.552798344317,4.745022797235));
#1822 = CARTESIAN_POINT('',(5.561475348612,4.744901348134));
#1823 = CARTESIAN_POINT('',(5.569935164551,4.744762391665));
#1824 = CARTESIAN_POINT('',(5.578146340266,4.744606403794));
#1825 = CARTESIAN_POINT('',(5.586077026634,4.744433921175));
#1826 = CARTESIAN_POINT('',(5.593694827966,4.744245544231));
#1827 = CARTESIAN_POINT('',(5.600966674652,4.744041942294));
#1828 = CARTESIAN_POINT('',(5.607858779012,4.743823858435));
#1829 = CARTESIAN_POINT('',(5.614336502529,4.743592123218));
#1830 = CARTESIAN_POINT('',(5.620364828231,4.743347643738));
#1831 = CARTESIAN_POINT('',(5.625906924954,4.74309149483));
#1832 = CARTESIAN_POINT('',(5.630930542983,4.742824627389));
#1833 = CARTESIAN_POINT('',(5.635402218098,4.742548068906));
#1834 = CARTESIAN_POINT('',(5.639286983709,4.742263003798));
#1835 = CARTESIAN_POINT('',(5.64255084909,4.74197065446));
#1836 = CARTESIAN_POINT('',(5.645160323014,4.741672317515));
#1837 = CARTESIAN_POINT('',(5.647082863248,4.741369362039));
#1838 = CARTESIAN_POINT('',(5.648287322665,4.741063226761));
#1839 = CARTESIAN_POINT('',(5.648744471875,4.740755396546));
#1840 = CARTESIAN_POINT('',(5.648427353414,4.740447427063));
#1841 = CARTESIAN_POINT('',(5.647311854992,4.740140908914));
#1842 = CARTESIAN_POINT('',(5.645377620609,4.739837511867));
#1843 = CARTESIAN_POINT('',(5.642607542339,4.739538839953));
#1844 = CARTESIAN_POINT('',(5.638989776655,4.739246632131));
#1845 = CARTESIAN_POINT('',(5.634519095202,4.738962683192));
#1846 = CARTESIAN_POINT('',(5.629196516499,4.73868874751));
#1847 = CARTESIAN_POINT('',(5.6230300871,4.738426559321));
#1848 = CARTESIAN_POINT('',(5.616035410614,4.738177818853));
#1849 = CARTESIAN_POINT('',(5.608236259798,4.737944184428));
#1850 = CARTESIAN_POINT('',(5.599665157878,4.737727259866));
#1851 = CARTESIAN_POINT('',(5.590363841764,4.737528579153));
#1852 = CARTESIAN_POINT('',(5.580383833302,4.737349590877));
#1853 = CARTESIAN_POINT('',(5.569786042699,4.737191630559));
#1854 = CARTESIAN_POINT('',(5.558643213534,4.737055926467));
#1855 = CARTESIAN_POINT('',(5.547030787723,4.736943469607));
#1856 = CARTESIAN_POINT('',(5.535024373187,4.736855076551));
#1857 = CARTESIAN_POINT('',(5.522721586385,4.736791527605));
#1858 = CARTESIAN_POINT('',(5.510219593311,4.736753332933));
#1859 = CARTESIAN_POINT('',(5.497619129692,4.736740799137));
#1860 = CARTESIAN_POINT('',(5.485021528345,4.736754017419));
#1861 = CARTESIAN_POINT('',(5.472527576313,4.736792873345));
#1862 = CARTESIAN_POINT('',(5.460235904608,4.736857051925));
#1863 = CARTESIAN_POINT('',(5.44824159191,4.736946045323));
#1864 = CARTESIAN_POINT('',(5.436634855889,4.737059161194));
#1865 = CARTESIAN_POINT('',(5.425499922265,4.737195532055));
#1866 = CARTESIAN_POINT('',(5.414914048068,4.737354124668));
#1867 = CARTESIAN_POINT('',(5.404946844485,4.73753375086));
#1868 = CARTESIAN_POINT('',(5.395659406172,4.73773307193));
#1869 = CARTESIAN_POINT('',(5.387105062563,4.737950622919));
#1870 = CARTESIAN_POINT('',(5.381918287715,4.738106711111));
#1871 = CARTESIAN_POINT('',(5.379461361277,4.738187252732));
#1872 = ( GEOMETRIC_REPRESENTATION_CONTEXT(2) 
PARAMETRIC_REPRESENTATION_CONTEXT() REPRESENTATION_CONTEXT('2D SPACE',''
  ) );
#1873 = PCURVE('',#1874,#1879);
#1874 = CYLINDRICAL_SURFACE('',#1875,1.7);
#1875 = AXIS2_PLACEMENT_3D('',#1876,#1877,#1878);
#1876 = CARTESIAN_POINT('',(-8.,8.,-198.7));
#1877 = DIRECTION('',(0.,0.,1.));
#1878 = DIRECTION('',(1.,0.,-0.));
#1879 = DEFINITIONAL_REPRESENTATION('',(#1880),#1972);
#1880 = B_SPLINE_CURVE_WITH_KNOTS('',3,(#1881,#1882,#1883,#1884,#1885,
    #1886,#1887,#1888,#1889,#1890,#1891,#1892,#1893,#1894,#1895,#1896,
    #1897,#1898,#1899,#1900,#1901,#1902,#1903,#1904,#1905,#1906,#1907,
    #1908,#1909,#1910,#1911,#1912,#1913,#1914,#1915,#1916,#1917,#1918,
    #1919,#1920,#1921,#1922,#1923,#1924,#1925,#1926,#1927,#1928,#1929,
    #1930,#1931,#1932,#1933,#1934,#1935,#1936,#1937,#1938,#1939,#1940,
    #1941,#1942,#1943,#1944,#1945,#1946,#1947,#1948,#1949,#1950,#1951,
    #1952,#1953,#1954,#1955,#1956,#1957,#1958,#1959,#1960,#1961,#1962,
    #1963,#1964,#1965,#1966,#1967,#1968,#1969,#1970,#1971),
  .UNSPECIFIED.,.F.,.F.,(4,1,1,1,1,1,1,1,1,1,1,1,1,1,1,1,1,1,1,1,1,1,1,1
    ,1,1,1,1,1,1,1,1,1,1,1,1,1,1,1,1,1,1,1,1,1,1,1,1,1,1,1,1,1,1,1,1,1,1
    ,1,1,1,1,1,1,1,1,1,1,1,1,1,1,1,1,1,1,1,1,1,1,1,1,1,1,1,1,1,1,4),(0.,
    0.112886613927,0.225773227855,0.338659841782,0.451546455709,
    0.564433069637,0.677319683564,0.790206297491,0.903092911419,
    1.015979525346,1.128866139273,1.241752753201,1.354639367128,
    1.467525981056,1.580412594983,1.69329920891,1.806185822838,
    1.919072436765,2.031959050692,2.14484566462,2.257732278547,
    2.370618892474,2.483505506402,2.596392120329,2.709278734256,
    2.822165348184,2.935051962111,3.047938576038,3.160825189966,
    3.273711803893,3.38659841782,3.499485031748,3.612371645675,
    3.725258259602,3.83814487353,3.951031487457,4.063918101384,
    4.176804715312,4.289691329239,4.402577943167,4.515464557094,
    4.628351171021,4.741237784949,4.854124398876,4.967011012803,
    5.079897626731,5.192784240658,5.305670854585,5.418557468513,
    5.53144408244,5.644330696367,5.757217310295,5.870103924222,
    5.982990538149,6.095877152077,6.208763766004,6.321650379931,
    6.434536993859,6.547423607786,6.660310221713,6.773196835641,
    6.886083449568,6.998970063496,7.111856677423,7.22474329135,
    7.337629905278,7.450516519205,7.563403133132,7.67628974706,
    7.789176360987,7.902062974914,8.014949588842,8.127836202769,
    8.240722816696,8.353609430624,8.466496044551,8.579382658478,
    8.692269272406,8.805155886333,8.91804250026,9.030929114188,
    9.143815728115,9.256702342042,9.36958895597,9.482475569897,
    9.595362183824,9.708248797752,9.821135411679,9.934022025607),
  .QUASI_UNIFORM_KNOTS.);
#1881 = CARTESIAN_POINT('',(-3.730349362741E-14,1.165752777644));
#1882 = CARTESIAN_POINT('',(2.379363971317E-02,1.166163208159));
#1883 = CARTESIAN_POINT('',(7.139056748583E-02,1.167013681146));
#1884 = CARTESIAN_POINT('',(0.142808527335,1.168371213569));
#1885 = CARTESIAN_POINT('',(0.214241193978,1.169803692922));
#1886 = CARTESIAN_POINT('',(0.285685901933,1.171303763988));
#1887 = CARTESIAN_POINT('',(0.357141321218,1.172863786206));
#1888 = CARTESIAN_POINT('',(0.42860690536,1.174475809131));
#1889 = CARTESIAN_POINT('',(0.500080831686,1.176131582461));
#1890 = CARTESIAN_POINT('',(0.571561022379,1.177822617187));
#1891 = CARTESIAN_POINT('',(0.643034849728,1.179539978674));
#1892 = CARTESIAN_POINT('',(0.714511195584,1.181275107812));
#1893 = CARTESIAN_POINT('',(0.785988337128,1.183019104541));
#1894 = CARTESIAN_POINT('',(0.857459361876,1.184762893691));
#1895 = CARTESIAN_POINT('',(0.92892335179,1.186497550161));
#1896 = CARTESIAN_POINT('',(1.000380323697,1.188214223045));
#1897 = CARTESIAN_POINT('',(1.07183134385,1.189904180789));
#1898 = CARTESIAN_POINT('',(1.143275275206,1.19155878254));
#1899 = CARTESIAN_POINT('',(1.21471407993,1.193169632949));
#1900 = CARTESIAN_POINT('',(1.286126684913,1.194728086253));
#1901 = CARTESIAN_POINT('',(1.357578356209,1.196227600544));
#1902 = CARTESIAN_POINT('',(1.429044831944,1.197659924388));
#1903 = CARTESIAN_POINT('',(1.500507007715,1.199017352625));
#1904 = CARTESIAN_POINT('',(1.571955360754,1.200292804882));
#1905 = CARTESIAN_POINT('',(1.643385859095,1.201479758139));
#1906 = CARTESIAN_POINT('',(1.714798815749,1.202572231747));
#1907 = CARTESIAN_POINT('',(1.786197403619,1.203564769559));
#1908 = CARTESIAN_POINT('',(1.857586544354,1.204452432463));
#1909 = CARTESIAN_POINT('',(1.928971864798,1.205230796824));
#1910 = CARTESIAN_POINT('',(2.000358685228,1.205895959831));
#1911 = CARTESIAN_POINT('',(2.071751071921,1.206444551599));
#1912 = CARTESIAN_POINT('',(2.143150499824,1.20687375589));
#1913 = CARTESIAN_POINT('',(2.214555526733,1.207181337506));
#1914 = CARTESIAN_POINT('',(2.285956844256,1.20736569051));
#1915 = CARTESIAN_POINT('',(2.357348192954,1.207425863954));
#1916 = CARTESIAN_POINT('',(2.428675963341,1.207361738472));
#1917 = CARTESIAN_POINT('',(2.500026643144,1.207173699821));
#1918 = CARTESIAN_POINT('',(2.571410314571,1.206862476558));
#1919 = CARTESIAN_POINT('',(2.642800457262,1.20642967306));
#1920 = CARTESIAN_POINT('',(2.7141907252,1.20587752495));
#1921 = CARTESIAN_POINT('',(2.785576954797,1.205208888297));
#1922 = CARTESIAN_POINT('',(2.856959820466,1.20442718453));
#1923 = CARTESIAN_POINT('',(2.928342367675,1.203536372348));
#1924 = CARTESIAN_POINT('',(2.999729176384,1.202540924871));
#1925 = CARTESIAN_POINT('',(3.071125217123,1.201445816116));
#1926 = CARTESIAN_POINT('',(3.142534872487,1.20025651336));
#1927 = CARTESIAN_POINT('',(3.213960752178,1.198978979227));
#1928 = CARTESIAN_POINT('',(3.28540292788,1.197619668637));
#1929 = CARTESIAN_POINT('',(3.356856016653,1.196185576227));
#1930 = CARTESIAN_POINT('',(3.428313209694,1.19468412955));
#1931 = CARTESIAN_POINT('',(3.49974268406,1.193123697087));
#1932 = CARTESIAN_POINT('',(3.571168168563,1.191511768754));
#1933 = CARTESIAN_POINT('',(3.642606633139,1.189856166788));
#1934 = CARTESIAN_POINT('',(3.71405145987,1.188165473765));
#1935 = CARTESIAN_POINT('',(3.785504152152,1.186448273462));
#1936 = CARTESIAN_POINT('',(3.856964271949,1.184713332678));
#1937 = CARTESIAN_POINT('',(3.92842985969,1.182969551615));
#1938 = CARTESIAN_POINT('',(3.999897610549,1.181225912452));
#1939 = CARTESIAN_POINT('',(4.071367623704,1.179491315418));
#1940 = CARTESIAN_POINT('',(4.142836650421,1.177774695147));
#1941 = CARTESIAN_POINT('',(4.214305403715,1.176084799792));
#1942 = CARTESIAN_POINT('',(4.285766594723,1.174430419572));
#1943 = CARTESIAN_POINT('',(4.357237720546,1.172819597244));
#1944 = CARTESIAN_POINT('',(4.428712101126,1.17126072436));
#1945 = CARTESIAN_POINT('',(4.500173464117,1.169762102047));
#1946 = CARTESIAN_POINT('',(4.5716161634,1.168331452855));
#1947 = CARTESIAN_POINT('',(4.643037449059,1.166976068659));
#1948 = CARTESIAN_POINT('',(4.714437590439,1.165702782178));
#1949 = CARTESIAN_POINT('',(4.785818185188,1.164517978611));
#1950 = CARTESIAN_POINT('',(4.857181016034,1.163427589577));
#1951 = CARTESIAN_POINT('',(4.928527143245,1.162437079984));
#1952 = CARTESIAN_POINT('',(4.999854581044,1.161551438876));
#1953 = CARTESIAN_POINT('',(5.071160952481,1.160775115322));
#1954 = CARTESIAN_POINT('',(5.142426703813,1.160112119779));
#1955 = CARTESIAN_POINT('',(5.21366971619,1.159565463982));
#1956 = CARTESIAN_POINT('',(5.284946241595,1.15913754112));
#1957 = CARTESIAN_POINT('',(5.356218086393,1.158830848508));
#1958 = CARTESIAN_POINT('',(5.427482585905,1.158646902593));
#1959 = CARTESIAN_POINT('',(5.498735998084,1.158586602707));
#1960 = CARTESIAN_POINT('',(5.569980941019,1.158650196581));
#1961 = CARTESIAN_POINT('',(5.641222527618,1.158837334935));
#1962 = CARTESIAN_POINT('',(5.712467850328,1.159147087432));
#1963 = CARTESIAN_POINT('',(5.783724757383,1.15957795648));
#1964 = CARTESIAN_POINT('',(5.85500090605,1.160127880389));
#1965 = CARTESIAN_POINT('',(5.926302760999,1.16079422972));
#1966 = CARTESIAN_POINT('',(5.997634510308,1.161573793047));
#1967 = CARTESIAN_POINT('',(6.068996973032,1.162462763205));
#1968 = CARTESIAN_POINT('',(6.140385785678,1.163456679942));
#1969 = CARTESIAN_POINT('',(6.211791053552,1.164550487456));
#1970 = CARTESIAN_POINT('',(6.259390114445,1.165342233672));
#1971 = CARTESIAN_POINT('',(6.28318530718,1.165752777644));
#1972 = ( GEOMETRIC_REPRESENTATION_CONTEXT(2) 
PARAMETRIC_REPRESENTATION_CONTEXT() REPRESENTATION_CONTEXT('2D SPACE',''
  ) );
#1973 = FACE_BOUND('',#1974,.T.);
#1974 = EDGE_LOOP('',(#1975));
#1975 = ORIENTED_EDGE('',*,*,#1976,.T.);
#1976 = EDGE_CURVE('',#1977,#1977,#1979,.T.);
#1977 = VERTEX_POINT('',#1978);
#1978 = CARTESIAN_POINT('',(28.,-7.347880794884E-16,-197.1022992349));
#1979 = SURFACE_CURVE('',#1980,(#2060,#2177),.PCURVE_S1.);
#1980 = B_SPLINE_CURVE_WITH_KNOTS('',8,(#1981,#1982,#1983,#1984,#1985,
    #1986,#1987,#1988,#1989,#1990,#1991,#1992,#1993,#1994,#1995,#1996,
    #1997,#1998,#1999,#2000,#2001,#2002,#2003,#2004,#2005,#2006,#2007,
    #2008,#2009,#2010,#2011,#2012,#2013,#2014,#2015,#2016,#2017,#2018,
    #2019,#2020,#2021,#2022,#2023,#2024,#2025,#2026,#2027,#2028,#2029,
    #2030,#2031,#2032,#2033,#2034,#2035,#2036,#2037,#2038,#2039,#2040,
    #2041,#2042,#2043,#2044,#2045,#2046,#2047,#2048,#2049,#2050,#2051,
    #2052,#2053,#2054,#2055,#2056,#2057,#2058,#2059),.UNSPECIFIED.,.T.,
  .F.,(9,7,7,7,7,7,7,7,7,7,7,9),(0.,0.224947276534,0.31277129686,
    0.414953718343,0.504810246536,0.58034825098,0.774034356745,1.,
    1.097487988905,1.222858825636,1.346960241454,1.53399286845),
  .UNSPECIFIED.);
#1981 = CARTESIAN_POINT('',(28.,-4.440892098501E-16,-197.1022992349));
#1982 = CARTESIAN_POINT('',(28.,0.345519406473,-197.1022992349));
#1983 = CARTESIAN_POINT('',(27.954520264911,0.691472325352,
    -197.1037446352));
#1984 = CARTESIAN_POINT('',(27.863363335907,1.030191344515,
    -197.1066417113));
#1985 = CARTESIAN_POINT('',(27.728108982355,1.3547133408,-197.1109401969
    ));
#1986 = CARTESIAN_POINT('',(27.551312772728,1.658551057433,
    -197.1165587531));
#1987 = CARTESIAN_POINT('',(27.336629775972,1.935785669373,
    -197.1233810635));
#1988 = CARTESIAN_POINT('',(27.088653701298,2.181019760044,
    -197.1312609753));
#1989 = CARTESIAN_POINT('',(26.706048246185,2.471353340285,
    -197.1434183081));
#1990 = CARTESIAN_POINT('',(26.594426098818,2.54735773032,
    -197.1469650472));
#1991 = CARTESIAN_POINT('',(26.478949731346,2.617589677898,
    -197.1506341779));
#1992 = CARTESIAN_POINT('',(26.359968322972,2.681822280745,
    -197.1544145963));
#1993 = CARTESIAN_POINT('',(26.237844869867,2.739855085121,
    -197.1582947607));
#1994 = CARTESIAN_POINT('',(26.112955780464,2.79151426857,
    -197.1622627043));
#1995 = CARTESIAN_POINT('',(25.985690470757,2.836652822681,
    -197.1663060484));
#1996 = CARTESIAN_POINT('',(25.70608200412,2.919942695652,
    -197.1751892698));
#1997 = CARTESIAN_POINT('',(25.553029220983,2.955748922613,
    -197.1800516574));
#1998 = CARTESIAN_POINT('',(25.397928994524,2.982378409331,
    -197.1849789523));
#1999 = CARTESIAN_POINT('',(25.241424100369,2.99969879478,
    -197.1899507279));
#2000 = CARTESIAN_POINT('',(25.084162540056,3.007631435571,
    -197.194946395));
#2001 = CARTESIAN_POINT('',(24.926796639672,3.006149839816,
    -197.1999452304));
#2002 = CARTESIAN_POINT('',(24.769982412479,2.995281463543,
    -197.204926397));
#2003 = CARTESIAN_POINT('',(24.477545809046,2.957377139864,
    -197.2142153122));
#2004 = CARTESIAN_POINT('',(24.341638650023,2.932448246813,
    -197.2185321386));
#2005 = CARTESIAN_POINT('',(24.20710490171,2.900383043619,
    -197.2228052334));
#2006 = CARTESIAN_POINT('',(24.074381821993,2.861271823396,
    -197.227020712));
#2007 = CARTESIAN_POINT('',(23.943897074737,2.81523593758,
    -197.2311649967));
#2008 = CARTESIAN_POINT('',(23.8160685973,2.762426928638,-197.2352248202
    ));
#2009 = CARTESIAN_POINT('',(23.691303994227,2.703027177213,
    -197.2391872451));
#2010 = CARTESIAN_POINT('',(23.468024644106,2.581958131034,
    -197.2462782662));
#2011 = CARTESIAN_POINT('',(23.36849123503,2.522156567283,-197.249439239
    ));
#2012 = CARTESIAN_POINT('',(23.271633755844,2.457974550389,
    -197.2525151725));
#2013 = CARTESIAN_POINT('',(23.177677101532,2.389552556958,
    -197.2554989302));
#2014 = CARTESIAN_POINT('',(23.086836379779,2.31704424843,
    -197.2583836867));
#2015 = CARTESIAN_POINT('',(22.99931675461,2.240616357283,
    -197.2611629328));
#2016 = CARTESIAN_POINT('',(22.915313290038,2.160448573221,
    -197.2638304803));
#2017 = CARTESIAN_POINT('',(22.629108110547,1.862080416954,
    -197.2729188571));
#2018 = CARTESIAN_POINT('',(22.447421202061,1.623983834251,
    -197.2786880336));
#2019 = CARTESIAN_POINT('',(22.293252700322,1.365804811576,
    -197.283583224));
#2020 = CARTESIAN_POINT('',(22.169108199489,1.091302458858,
    -197.2875249711));
#2021 = CARTESIAN_POINT('',(22.07686643028,0.804495121273,
    -197.2904537095));
#2022 = CARTESIAN_POINT('',(22.017840084377,0.509624918819,
    -197.2923278203));
#2023 = CARTESIAN_POINT('',(21.992700060504,0.211175884645,
    -197.2931260291));
#2024 = CARTESIAN_POINT('',(22.011194322613,-0.432928223515,
    -197.292538827));
#2025 = CARTESIAN_POINT('',(22.067008091943,-0.778877036682,
    -197.2907667114));
#2026 = CARTESIAN_POINT('',(22.168657281679,-1.11620627867,
    -197.2875392884));
#2027 = CARTESIAN_POINT('',(22.314349474647,-1.437916499236,
    -197.2829133987));
#2028 = CARTESIAN_POINT('',(22.501315953212,-1.737515688343,
    -197.276976822));
#2029 = CARTESIAN_POINT('',(22.725682198249,-2.009117275372,
    -197.2698524167));
#2030 = CARTESIAN_POINT('',(22.982641009986,-2.247375509034,
    -197.261692654));
#2031 = CARTESIAN_POINT('',(23.387992043262,-2.53453087879,
    -197.2488199365));
#2032 = CARTESIAN_POINT('',(23.515104492719,-2.614113544555,
    -197.244783144));
#2033 = CARTESIAN_POINT('',(23.646686987487,-2.68639629987,
    -197.2406042969));
#2034 = CARTESIAN_POINT('',(23.782247938691,-2.751088736324,
    -197.2362989953));
#2035 = CARTESIAN_POINT('',(23.92127709043,-2.807941483548,
    -197.231883434));
#2036 = CARTESIAN_POINT('',(24.063246625485,-2.856745227034,
    -197.2273743673));
#2037 = CARTESIAN_POINT('',(24.207611230375,-2.897332075904,
    -197.2227891077));
#2038 = CARTESIAN_POINT('',(24.541816957544,-2.971049610315,
    -197.2121738894));
#2039 = CARTESIAN_POINT('',(24.732884615652,-2.99873398644,
    -197.2061048912));
#2040 = CARTESIAN_POINT('',(24.925801519488,-3.012361760136,
    -197.1999769379));
#2041 = CARTESIAN_POINT('',(25.119359631329,-3.011801085699,
    -197.1938283951));
#2042 = CARTESIAN_POINT('',(25.312353271859,-2.997042013477,
    -197.1876975613));
#2043 = CARTESIAN_POINT('',(25.503581421191,-2.96819077851,
    -197.1816225949));
#2044 = CARTESIAN_POINT('',(25.691850499374,-2.92547528495,
    -197.1756414252));
#2045 = CARTESIAN_POINT('',(26.058240405741,-2.813617467706,
    -197.1640011021));
#2046 = CARTESIAN_POINT('',(26.236482984782,-2.74473541702,
    -197.1583380847));
#2047 = CARTESIAN_POINT('',(26.409556535181,-2.662961214921,
    -197.1528391096));
#2048 = CARTESIAN_POINT('',(26.576377176944,-2.568756070891,
    -197.1475386334));
#2049 = CARTESIAN_POINT('',(26.735919726957,-2.462682178804,
    -197.142469253));
#2050 = CARTESIAN_POINT('',(26.887217000541,-2.345397170324,
    -197.1376617264));
#2051 = CARTESIAN_POINT('',(27.029364666016,-2.217657666067,
    -197.1331448166));
#2052 = CARTESIAN_POINT('',(27.360719860377,-1.873368981984,
    -197.1226153761));
#2053 = CARTESIAN_POINT('',(27.537360358585,-1.644505273631,
    -197.1170020566));
#2054 = CARTESIAN_POINT('',(27.68848980416,-1.39674562006,
    -197.1121992589));
#2055 = CARTESIAN_POINT('',(27.811817212014,-1.133444814414,
    -197.1082798803));
#2056 = CARTESIAN_POINT('',(27.905590527203,-0.858197901986,
    -197.1052996808));
#2057 = CARTESIAN_POINT('',(27.968551103775,-0.574811116704,
    -197.1032987183));
#2058 = CARTESIAN_POINT('',(28.,-0.287317346546,-197.1022992349));
#2059 = CARTESIAN_POINT('',(28.,-4.440892098501E-16,-197.1022992349));
#2060 = PCURVE('',#33,#2061);
#2061 = DEFINITIONAL_REPRESENTATION('',(#2062),#2176);
#2062 = B_SPLINE_CURVE_WITH_KNOTS('',3,(#2063,#2064,#2065,#2066,#2067,
    #2068,#2069,#2070,#2071,#2072,#2073,#2074,#2075,#2076,#2077,#2078,
    #2079,#2080,#2081,#2082,#2083,#2084,#2085,#2086,#2087,#2088,#2089,
    #2090,#2091,#2092,#2093,#2094,#2095,#2096,#2097,#2098,#2099,#2100,
    #2101,#2102,#2103,#2104,#2105,#2106,#2107,#2108,#2109,#2110,#2111,
    #2112,#2113,#2114,#2115,#2116,#2117,#2118,#2119,#2120,#2121,#2122,
    #2123,#2124,#2125,#2126,#2127,#2128,#2129,#2130,#2131,#2132,#2133,
    #2134,#2135,#2136,#2137,#2138,#2139,#2140,#2141,#2142,#2143,#2144,
    #2145,#2146,#2147,#2148,#2149,#2150,#2151,#2152,#2153,#2154,#2155,
    #2156,#2157,#2158,#2159,#2160,#2161,#2162,#2163,#2164,#2165,#2166,
    #2167,#2168,#2169,#2170,#2171,#2172,#2173,#2174,#2175),
  .UNSPECIFIED.,.T.,.F.,(4,1,1,1,1,1,1,1,1,1,1,1,1,1,1,1,1,1,1,1,1,1,1,1
    ,1,1,1,1,1,1,1,1,1,1,1,1,1,1,1,1,1,1,1,1,1,1,1,1,1,1,1,1,1,1,1,1,1,1
    ,1,1,1,1,1,1,1,1,1,1,1,1,1,1,1,1,1,1,1,1,1,1,1,1,1,1,1,1,1,1,1,1,1,1
    ,1,1,1,1,1,1,1,1,1,1,1,1,1,1,1,1,1,1,4),(0.,1.394538971318E-02,
    2.789077942636E-02,4.183616913954E-02,5.578155885272E-02,
    6.97269485659E-02,8.367233827908E-02,9.761772799226E-02,
    0.111563117705,0.125508507419,0.139453897132,0.153399286845,
    0.167344676558,0.181290066271,0.195235455985,0.209180845698,
    0.223126235411,0.237071625124,0.251017014837,0.26496240455,
    0.278907794264,0.292853183977,0.30679857369,0.320743963403,
    0.334689353116,0.348634742829,0.362580132543,0.376525522256,
    0.390470911969,0.404416301682,0.418361691395,0.432307081109,
    0.446252470822,0.460197860535,0.474143250248,0.488088639961,
    0.502034029674,0.515979419388,0.529924809101,0.543870198814,
    0.557815588527,0.57176097824,0.585706367954,0.599651757667,
    0.61359714738,0.627542537093,0.641487926806,0.655433316519,
    0.669378706233,0.683324095946,0.697269485659,0.711214875372,
    0.725160265085,0.739105654799,0.753051044512,0.766996434225,
    0.780941823938,0.794887213651,0.808832603364,0.822777993078,
    0.836723382791,0.850668772504,0.864614162217,0.87855955193,
    0.892504941644,0.906450331357,0.92039572107,0.934341110783,
    0.948286500496,0.962231890209,0.976177279923,0.990122669636,
    1.004068059349,1.018013449062,1.031958838775,1.045904228488,
    1.059849618202,1.073795007915,1.087740397628,1.101685787341,
    1.115631177054,1.129576566768,1.143521956481,1.157467346194,
    1.171412735907,1.18535812562,1.199303515333,1.213248905047,
    1.22719429476,1.241139684473,1.255085074186,1.269030463899,
    1.282975853613,1.296921243326,1.310866633039,1.324812022752,
    1.338757412465,1.352702802178,1.366648191892,1.380593581605,
    1.394538971318,1.408484361031,1.422429750744,1.436375140458,
    1.450320530171,1.464265919884,1.478211309597,1.49215669931,
    1.506102089023,1.520047478737,1.53399286845),.QUASI_UNIFORM_KNOTS.);
#2063 = CARTESIAN_POINT('',(3.14159265359,4.783378931945));
#2064 = CARTESIAN_POINT('',(3.143632708123,4.783378937601));
#2065 = CARTESIAN_POINT('',(3.147713769159,4.783371528823));
#2066 = CARTESIAN_POINT('',(3.153823100562,4.783338232534));
#2067 = CARTESIAN_POINT('',(3.159904889198,4.783282805436));
#2068 = CARTESIAN_POINT('',(3.165944435419,4.783205386777));
#2069 = CARTESIAN_POINT('',(3.171927294403,4.783106165088));
#2070 = CARTESIAN_POINT('',(3.177839253084,4.782985382756));
#2071 = CARTESIAN_POINT('',(3.183666238854,4.782843331145));
#2072 = CARTESIAN_POINT('',(3.189394257968,4.782680349845));
#2073 = CARTESIAN_POINT('',(3.195009336035,4.782496826193));
#2074 = CARTESIAN_POINT('',(3.20049746705,4.782293195996));
#2075 = CARTESIAN_POINT('',(3.205844569638,4.782069945064));
#2076 = CARTESIAN_POINT('',(3.211036449133,4.781827611817));
#2077 = CARTESIAN_POINT('',(3.216058774931,4.781566790375));
#2078 = CARTESIAN_POINT('',(3.220897041957,4.781288136525));
#2079 = CARTESIAN_POINT('',(3.225536639559,4.780992368264));
#2080 = CARTESIAN_POINT('',(3.229962576624,4.78068029263));
#2081 = CARTESIAN_POINT('',(3.234160558313,4.780352741584));
#2082 = CARTESIAN_POINT('',(3.238117928867,4.780010458477));
#2083 = CARTESIAN_POINT('',(3.241820180598,4.779654376261));
#2084 = CARTESIAN_POINT('',(3.245253489421,4.779285435982));
#2085 = CARTESIAN_POINT('',(3.248404070088,4.778904636819));
#2086 = CARTESIAN_POINT('',(3.251258371056,4.778513025353));
#2087 = CARTESIAN_POINT('',(3.253803039864,4.778111703372));
#2088 = CARTESIAN_POINT('',(3.256025206521,4.777701794394));
#2089 = CARTESIAN_POINT('',(3.257912201959,4.777284498607));
#2090 = CARTESIAN_POINT('',(3.259451937264,4.776861045139));
#2091 = CARTESIAN_POINT('',(3.260632880984,4.776432702365));
#2092 = CARTESIAN_POINT('',(3.26144414697,4.776000778148));
#2093 = CARTESIAN_POINT('',(3.26187558535,4.775566618582));
#2094 = CARTESIAN_POINT('',(3.26191791904,4.775131622447));
#2095 = CARTESIAN_POINT('',(3.261562868828,4.774697187344));
#2096 = CARTESIAN_POINT('',(3.260803240067,4.774264760344));
#2097 = CARTESIAN_POINT('',(3.259633099859,4.773835811311));
#2098 = CARTESIAN_POINT('',(3.258047878238,4.773411823756));
#2099 = CARTESIAN_POINT('',(3.256044510089,4.772994295968));
#2100 = CARTESIAN_POINT('',(3.253621608031,4.772584740233));
#2101 = CARTESIAN_POINT('',(3.250779619009,4.772184674712));
#2102 = CARTESIAN_POINT('',(3.247520827535,4.771795599434));
#2103 = CARTESIAN_POINT('',(3.24384967146,4.771419018237));
#2104 = CARTESIAN_POINT('',(3.239772727266,4.771056409374));
#2105 = CARTESIAN_POINT('',(3.235298795599,4.770709222062));
#2106 = CARTESIAN_POINT('',(3.230439377031,4.770378889862));
#2107 = CARTESIAN_POINT('',(3.225206843949,4.770066711515));
#2108 = CARTESIAN_POINT('',(3.219617950452,4.769774064302));
#2109 = CARTESIAN_POINT('',(3.213691715173,4.769502230352));
#2110 = CARTESIAN_POINT('',(3.207449487312,4.769252407883));
#2111 = CARTESIAN_POINT('',(3.200914864255,4.769025704704));
#2112 = CARTESIAN_POINT('',(3.194113624788,4.768823135436));
#2113 = CARTESIAN_POINT('',(3.187073631381,4.768645616782));
#2114 = CARTESIAN_POINT('',(3.179824712815,4.768493962423));
#2115 = CARTESIAN_POINT('',(3.172398520403,4.768368877235));
#2116 = CARTESIAN_POINT('',(3.164828368769,4.768270950878));
#2117 = CARTESIAN_POINT('',(3.157149023123,4.768200651216));
#2118 = CARTESIAN_POINT('',(3.149396577609,4.768158316073));
#2119 = CARTESIAN_POINT('',(3.141607892342,4.768144149179));
#2120 = CARTESIAN_POINT('',(3.133821586515,4.768158198726));
#2121 = CARTESIAN_POINT('',(3.126068111263,4.768200416731));
#2122 = CARTESIAN_POINT('',(3.118386421692,4.768270623043));
#2123 = CARTESIAN_POINT('',(3.110813112136,4.76836848235));
#2124 = CARTESIAN_POINT('',(3.103383607365,4.768493524975));
#2125 = CARTESIAN_POINT('',(3.096131595455,4.768645154589));
#2126 = CARTESIAN_POINT('',(3.089088957049,4.768822658283));
#2127 = CARTESIAN_POINT('',(3.082285590903,4.769025215033));
#2128 = CARTESIAN_POINT('',(3.075749299104,4.769251903735));
#2129 = CARTESIAN_POINT('',(3.069505689125,4.769501710562));
#2130 = CARTESIAN_POINT('',(3.063578104084,4.769773535635));
#2131 = CARTESIAN_POINT('',(3.057987574888,4.770066199117));
#2132 = CARTESIAN_POINT('',(3.052752797799,4.770378445968));
#2133 = CARTESIAN_POINT('',(3.047890113111,4.770708951613));
#2134 = CARTESIAN_POINT('',(3.043413556723,4.771056319416));
#2135 = CARTESIAN_POINT('',(3.03933469524,4.771419103044));
#2136 = CARTESIAN_POINT('',(3.035663300072,4.771795729129));
#2137 = CARTESIAN_POINT('',(3.032404436006,4.772184834607));
#2138 = CARTESIAN_POINT('',(3.029562385255,4.772584940548));
#2139 = CARTESIAN_POINT('',(3.027139551601,4.772994527122));
#2140 = CARTESIAN_POINT('',(3.025136302428,4.773412085835));
#2141 = CARTESIAN_POINT('',(3.02355123577,4.77383610852));
#2142 = CARTESIAN_POINT('',(3.022381304395,4.774265097416));
#2143 = CARTESIAN_POINT('',(3.021621966307,4.774697548393));
#2144 = CARTESIAN_POINT('',(3.021267226994,4.775132028909));
#2145 = CARTESIAN_POINT('',(3.021309960319,4.775567077897));
#2146 = CARTESIAN_POINT('',(3.021741860282,4.776001271661));
#2147 = CARTESIAN_POINT('',(3.022553633782,4.776433227527));
#2148 = CARTESIAN_POINT('',(3.023735137588,4.776861601505));
#2149 = CARTESIAN_POINT('',(3.025275496505,4.777285087825));
#2150 = CARTESIAN_POINT('',(3.027163176504,4.777702415874));
#2151 = CARTESIAN_POINT('',(3.029386087338,4.778112354832));
#2152 = CARTESIAN_POINT('',(3.03193144973,4.778513689453));
#2153 = CARTESIAN_POINT('',(3.034786548952,4.778905322117));
#2154 = CARTESIAN_POINT('',(3.037938015854,4.779286142923));
#2155 = CARTESIAN_POINT('',(3.041372206965,4.779655096529));
#2156 = CARTESIAN_POINT('',(3.045075335729,4.780011184717));
#2157 = CARTESIAN_POINT('',(3.049033485949,4.780353460881));
#2158 = CARTESIAN_POINT('',(3.053232639348,4.780681027952));
#2159 = CARTESIAN_POINT('',(3.057658639587,4.780993034564));
#2160 = CARTESIAN_POINT('',(3.062297277479,4.78128867873));
#2161 = CARTESIAN_POINT('',(3.067133840834,4.78156718702));
#2162 = CARTESIAN_POINT('',(3.07215535137,4.781827930342));
#2163 = CARTESIAN_POINT('',(3.077346923819,4.782070217778));
#2164 = CARTESIAN_POINT('',(3.082693987502,4.782293438049));
#2165 = CARTESIAN_POINT('',(3.088182125365,4.782497040569));
#2166 = CARTESIAN_POINT('',(3.093797089062,4.782680533808));
#2167 = CARTESIAN_POINT('',(3.099524755991,4.782843480373));
#2168 = CARTESIAN_POINT('',(3.105351091889,4.782985494349));
#2169 = CARTESIAN_POINT('',(3.111262103021,4.783106239361));
#2170 = CARTESIAN_POINT('',(3.117243781432,4.783205428022));
#2171 = CARTESIAN_POINT('',(3.123282047551,4.783282821768));
#2172 = CARTESIAN_POINT('',(3.129362670803,4.783338234474));
#2173 = CARTESIAN_POINT('',(3.135471241971,4.78337152737));
#2174 = CARTESIAN_POINT('',(3.139552361724,4.783378937066));
#2175 = CARTESIAN_POINT('',(3.14159265359,4.783378931945));
#2176 = ( GEOMETRIC_REPRESENTATION_CONTEXT(2) 
PARAMETRIC_REPRESENTATION_CONTEXT() REPRESENTATION_CONTEXT('2D SPACE',''
  ) );
#2177 = PCURVE('',#2178,#2183);
#2178 = CYLINDRICAL_SURFACE('',#2179,3.);
#2179 = AXIS2_PLACEMENT_3D('',#2180,#2181,#2182);
#2180 = CARTESIAN_POINT('',(25.,0.,-202.6));
#2181 = DIRECTION('',(0.,0.,1.));
#2182 = DIRECTION('',(1.,0.,-0.));
#2183 = DEFINITIONAL_REPRESENTATION('',(#2184),#2298);
#2184 = B_SPLINE_CURVE_WITH_KNOTS('',3,(#2185,#2186,#2187,#2188,#2189,
    #2190,#2191,#2192,#2193,#2194,#2195,#2196,#2197,#2198,#2199,#2200,
    #2201,#2202,#2203,#2204,#2205,#2206,#2207,#2208,#2209,#2210,#2211,
    #2212,#2213,#2214,#2215,#2216,#2217,#2218,#2219,#2220,#2221,#2222,
    #2223,#2224,#2225,#2226,#2227,#2228,#2229,#2230,#2231,#2232,#2233,
    #2234,#2235,#2236,#2237,#2238,#2239,#2240,#2241,#2242,#2243,#2244,
    #2245,#2246,#2247,#2248,#2249,#2250,#2251,#2252,#2253,#2254,#2255,
    #2256,#2257,#2258,#2259,#2260,#2261,#2262,#2263,#2264,#2265,#2266,
    #2267,#2268,#2269,#2270,#2271,#2272,#2273,#2274,#2275,#2276,#2277,
    #2278,#2279,#2280,#2281,#2282,#2283,#2284,#2285,#2286,#2287,#2288,
    #2289,#2290,#2291,#2292,#2293,#2294,#2295,#2296,#2297),
  .UNSPECIFIED.,.F.,.F.,(4,1,1,1,1,1,1,1,1,1,1,1,1,1,1,1,1,1,1,1,1,1,1,1
    ,1,1,1,1,1,1,1,1,1,1,1,1,1,1,1,1,1,1,1,1,1,1,1,1,1,1,1,1,1,1,1,1,1,1
    ,1,1,1,1,1,1,1,1,1,1,1,1,1,1,1,1,1,1,1,1,1,1,1,1,1,1,1,1,1,1,1,1,1,1
    ,1,1,1,1,1,1,1,1,1,1,1,1,1,1,1,1,1,1,4),(0.,1.394538971318E-02,
    2.789077942636E-02,4.183616913954E-02,5.578155885272E-02,
    6.97269485659E-02,8.367233827908E-02,9.761772799226E-02,
    0.111563117705,0.125508507419,0.139453897132,0.153399286845,
    0.167344676558,0.181290066271,0.195235455985,0.209180845698,
    0.223126235411,0.237071625124,0.251017014837,0.26496240455,
    0.278907794264,0.292853183977,0.30679857369,0.320743963403,
    0.334689353116,0.348634742829,0.362580132543,0.376525522256,
    0.390470911969,0.404416301682,0.418361691395,0.432307081109,
    0.446252470822,0.460197860535,0.474143250248,0.488088639961,
    0.502034029674,0.515979419388,0.529924809101,0.543870198814,
    0.557815588527,0.57176097824,0.585706367954,0.599651757667,
    0.61359714738,0.627542537093,0.641487926806,0.655433316519,
    0.669378706233,0.683324095946,0.697269485659,0.711214875372,
    0.725160265085,0.739105654799,0.753051044512,0.766996434225,
    0.780941823938,0.794887213651,0.808832603364,0.822777993078,
    0.836723382791,0.850668772504,0.864614162217,0.87855955193,
    0.892504941644,0.906450331357,0.92039572107,0.934341110783,
    0.948286500496,0.962231890209,0.976177279923,0.990122669636,
    1.004068059349,1.018013449062,1.031958838775,1.045904228488,
    1.059849618202,1.073795007915,1.087740397628,1.101685787341,
    1.115631177054,1.129576566768,1.143521956481,1.157467346194,
    1.171412735907,1.18535812562,1.199303515333,1.213248905047,
    1.22719429476,1.241139684473,1.255085074186,1.269030463899,
    1.282975853613,1.296921243326,1.310866633039,1.324812022752,
    1.338757412465,1.352702802178,1.366648191892,1.380593581605,
    1.394538971318,1.408484361031,1.422429750744,1.436375140458,
    1.450320530171,1.464265919884,1.478211309597,1.49215669931,
    1.506102089023,1.520047478737,1.53399286845),.QUASI_UNIFORM_KNOTS.);
#2185 = CARTESIAN_POINT('',(0.,5.497700765083));
#2186 = CARTESIAN_POINT('',(1.904052197783E-02,5.497700868482));
#2187 = CARTESIAN_POINT('',(5.713039664967E-02,5.497596984886));
#2188 = CARTESIAN_POINT('',(0.114281707563,5.497130433083));
#2189 = CARTESIAN_POINT('',(0.171437934311,5.49635423919));
#2190 = CARTESIAN_POINT('',(0.228593058219,5.495271099126));
#2191 = CARTESIAN_POINT('',(0.285743486975,5.493884646853));
#2192 = CARTESIAN_POINT('',(0.342887917114,5.492199543044));
#2193 = CARTESIAN_POINT('',(0.400026569172,5.490221381722));
#2194 = CARTESIAN_POINT('',(0.457160713636,5.487956664344));
#2195 = CARTESIAN_POINT('',(0.514292199252,5.485412771706));
#2196 = CARTESIAN_POINT('',(0.571423024399,5.482597950486));
#2197 = CARTESIAN_POINT('',(0.628554918847,5.479521308204));
#2198 = CARTESIAN_POINT('',(0.685688889666,5.476192819905));
#2199 = CARTESIAN_POINT('',(0.742824818121,5.47262333846));
#2200 = CARTESIAN_POINT('',(0.799960664259,5.468824640224));
#2201 = CARTESIAN_POINT('',(0.857092796325,5.464809393578));
#2202 = CARTESIAN_POINT('',(0.914211609392,5.460591478574));
#2203 = CARTESIAN_POINT('',(0.971313997016,5.4561850711));
#2204 = CARTESIAN_POINT('',(1.028419617854,5.451603097337));
#2205 = CARTESIAN_POINT('',(1.08552283723,5.446860936847));
#2206 = CARTESIAN_POINT('',(1.142625435119,5.441973929916));
#2207 = CARTESIAN_POINT('',(1.199727528905,5.436958009735));
#2208 = CARTESIAN_POINT('',(1.256829421049,5.431829515334));
#2209 = CARTESIAN_POINT('',(1.313930209625,5.426605254332));
#2210 = CARTESIAN_POINT('',(1.371032490977,5.421302025435));
#2211 = CARTESIAN_POINT('',(1.428134367255,5.415937294542));
#2212 = CARTESIAN_POINT('',(1.485236044744,5.410528536096));
#2213 = CARTESIAN_POINT('',(1.5423380238,5.405093336357));
#2214 = CARTESIAN_POINT('',(1.599440810092,5.399649365489));
#2215 = CARTESIAN_POINT('',(1.656544772767,5.394214335142));
#2216 = CARTESIAN_POINT('',(1.713647908984,5.388806151892));
#2217 = CARTESIAN_POINT('',(1.770752489261,5.383442228764));
#2218 = CARTESIAN_POINT('',(1.827857948004,5.37814010487));
#2219 = CARTESIAN_POINT('',(1.884963852721,5.372917102459));
#2220 = CARTESIAN_POINT('',(1.942070522055,5.367790216022));
#2221 = CARTESIAN_POINT('',(1.999178240816,5.362776132244));
#2222 = CARTESIAN_POINT('',(2.056286603915,5.357891231329));
#2223 = CARTESIAN_POINT('',(2.113394733012,5.353151506646));
#2224 = CARTESIAN_POINT('',(2.170503775199,5.348572306435));
#2225 = CARTESIAN_POINT('',(2.227612825341,5.344168628599));
#2226 = CARTESIAN_POINT('',(2.284721971706,5.339954811975));
#2227 = CARTESIAN_POINT('',(2.341831853076,5.335944545335));
#2228 = CARTESIAN_POINT('',(2.398939563604,5.332151071316));
#2229 = CARTESIAN_POINT('',(2.456059070235,5.328585884233));
#2230 = CARTESIAN_POINT('',(2.51318192298,5.325261233845));
#2231 = CARTESIAN_POINT('',(2.570304172063,5.322188192228));
#2232 = CARTESIAN_POINT('',(2.627423767688,5.319376861033));
#2233 = CARTESIAN_POINT('',(2.684540429191,5.316836370608));
#2234 = CARTESIAN_POINT('',(2.741654960561,5.314574921108));
#2235 = CARTESIAN_POINT('',(2.798768797125,5.312599798125));
#2236 = CARTESIAN_POINT('',(2.855883537932,5.310917380409));
#2237 = CARTESIAN_POINT('',(2.913000516052,5.309533134815));
#2238 = CARTESIAN_POINT('',(2.970120288509,5.308451598221));
#2239 = CARTESIAN_POINT('',(3.027242307484,5.307676350255));
#2240 = CARTESIAN_POINT('',(3.08436368672,5.307209959578));
#2241 = CARTESIAN_POINT('',(3.14148099533,5.307053966842));
#2242 = CARTESIAN_POINT('',(3.198580299177,5.307208666962));
#2243 = CARTESIAN_POINT('',(3.255707531863,5.307673765935));
#2244 = CARTESIAN_POINT('',(3.312844238516,5.308447980681));
#2245 = CARTESIAN_POINT('',(3.369984281102,5.30952876966));
#2246 = CARTESIAN_POINT('',(3.427122608004,5.310912533621));
#2247 = CARTESIAN_POINT('',(3.48425720475,5.312594663047));
#2248 = CARTESIAN_POINT('',(3.541387710824,5.314569603025));
#2249 = CARTESIAN_POINT('',(3.598515069562,5.316830893599));
#2250 = CARTESIAN_POINT('',(3.655640993865,5.319371199775));
#2251 = CARTESIAN_POINT('',(3.712767538232,5.322182329715));
#2252 = CARTESIAN_POINT('',(3.76989666205,5.325255242386));
#2253 = CARTESIAN_POINT('',(3.82702981045,5.32858004679));
#2254 = CARTESIAN_POINT('',(3.884167389453,5.332145985005));
#2255 = CARTESIAN_POINT('',(3.941308462136,5.335941426203));
#2256 = CARTESIAN_POINT('',(3.998449318405,5.339953765147));
#2257 = CARTESIAN_POINT('',(4.055585779075,5.344169614687));
#2258 = CARTESIAN_POINT('',(4.112700886274,5.348573827492));
#2259 = CARTESIAN_POINT('',(4.169813755814,5.353153393628));
#2260 = CARTESIAN_POINT('',(4.226926977775,5.35789361165));
#2261 = CARTESIAN_POINT('',(4.284038990087,5.362778897967));
#2262 = CARTESIAN_POINT('',(4.341150354144,5.367793373363));
#2263 = CARTESIAN_POINT('',(4.398261247917,5.372920707742));
#2264 = CARTESIAN_POINT('',(4.455372036407,5.378144222658));
#2265 = CARTESIAN_POINT('',(4.512480365685,5.383446670293));
#2266 = CARTESIAN_POINT('',(4.569590764711,5.388811186334));
#2267 = CARTESIAN_POINT('',(4.626700852096,5.39422006412));
#2268 = CARTESIAN_POINT('',(4.683809532682,5.399655563766));
#2269 = CARTESIAN_POINT('',(4.740916952966,5.405099976915));
#2270 = CARTESIAN_POINT('',(4.798023799782,5.410535618252));
#2271 = CARTESIAN_POINT('',(4.855130910657,5.41594484412));
#2272 = CARTESIAN_POINT('',(4.912238540147,5.421310039563));
#2273 = CARTESIAN_POINT('',(4.969346733608,5.426613708155));
#2274 = CARTESIAN_POINT('',(5.026451452821,5.431838185832));
#2275 = CARTESIAN_POINT('',(5.083558983445,5.436967009409));
#2276 = CARTESIAN_POINT('',(5.140667454075,5.44198326756));
#2277 = CARTESIAN_POINT('',(5.197775824373,5.446870503202));
#2278 = CARTESIAN_POINT('',(5.254884355368,5.451612794008));
#2279 = CARTESIAN_POINT('',(5.31199376752,5.456194723042));
#2280 = CARTESIAN_POINT('',(5.369104909175,5.460601394055));
#2281 = CARTESIAN_POINT('',(5.426217918878,5.464818420985));
#2282 = CARTESIAN_POINT('',(5.483332919421,5.468832019029));
#2283 = CARTESIAN_POINT('',(5.540444902007,5.472628758195));
#2284 = CARTESIAN_POINT('',(5.597568934679,5.476197187985));
#2285 = CARTESIAN_POINT('',(5.654697394418,5.479525060727));
#2286 = CARTESIAN_POINT('',(5.711827074579,5.482601291527));
#2287 = CARTESIAN_POINT('',(5.768956402409,5.485415739378));
#2288 = CARTESIAN_POINT('',(5.826085385041,5.487959217849));
#2289 = CARTESIAN_POINT('',(5.883214924335,5.49022345803));
#2290 = CARTESIAN_POINT('',(5.940346372388,5.492201098849));
#2291 = CARTESIAN_POINT('',(5.997481066474,5.493885684013));
#2292 = CARTESIAN_POINT('',(6.054619867339,5.495271675794));
#2293 = CARTESIAN_POINT('',(6.111762707153,5.496354467834));
#2294 = CARTESIAN_POINT('',(6.168907934805,5.49713046047));
#2295 = CARTESIAN_POINT('',(6.226052140612,5.497596964706));
#2296 = CARTESIAN_POINT('',(6.264142574879,5.497700861035));
#2297 = CARTESIAN_POINT('',(6.28318530718,5.497700765083));
#2298 = ( GEOMETRIC_REPRESENTATION_CONTEXT(2) 
PARAMETRIC_REPRESENTATION_CONTEXT() REPRESENTATION_CONTEXT('2D SPACE',''
  ) );
#2299 = ADVANCED_FACE('',(#2300),#2178,.F.);
#2300 = FACE_BOUND('',#2301,.F.);
#2301 = EDGE_LOOP('',(#2302,#2743,#2764,#2765));
#2302 = ORIENTED_EDGE('',*,*,#2303,.F.);
#2303 = EDGE_CURVE('',#2304,#2304,#2306,.T.);
#2304 = VERTEX_POINT('',#2305);
#2305 = CARTESIAN_POINT('',(28.,-7.347880794884E-16,-196.2422963997));
#2306 = SURFACE_CURVE('',#2307,(#2412,#2573),.PCURVE_S1.);
#2307 = B_SPLINE_CURVE_WITH_KNOTS('',7,(#2308,#2309,#2310,#2311,#2312,
    #2313,#2314,#2315,#2316,#2317,#2318,#2319,#2320,#2321,#2322,#2323,
    #2324,#2325,#2326,#2327,#2328,#2329,#2330,#2331,#2332,#2333,#2334,
    #2335,#2336,#2337,#2338,#2339,#2340,#2341,#2342,#2343,#2344,#2345,
    #2346,#2347,#2348,#2349,#2350,#2351,#2352,#2353,#2354,#2355,#2356,
    #2357,#2358,#2359,#2360,#2361,#2362,#2363,#2364,#2365,#2366,#2367,
    #2368,#2369,#2370,#2371,#2372,#2373,#2374,#2375,#2376,#2377,#2378,
    #2379,#2380,#2381,#2382,#2383,#2384,#2385,#2386,#2387,#2388,#2389,
    #2390,#2391,#2392,#2393,#2394,#2395,#2396,#2397,#2398,#2399,#2400,
    #2401,#2402,#2403,#2404,#2405,#2406,#2407,#2408,#2409,#2410,#2411),
  .UNSPECIFIED.,.T.,.F.,(8,6,6,6,6,6,6,6,6,6,6,6,6,6,6,6,6,8),(0.,
    0.192492127587,0.286560459117,0.461127626508,0.555399377091,
    0.661692678811,0.857742028472,1.,1.258663168383,1.43193857242,
    1.561706694132,1.62765496367,1.694084584208,1.736238479711,
    1.827883698655,1.961232258661,2.024656022273,2.290353886273),
  .UNSPECIFIED.);
#2308 = CARTESIAN_POINT('',(28.,-3.673940397442E-16,-196.2422963997));
#2309 = CARTESIAN_POINT('',(28.,0.226354668383,-196.2422963997));
#2310 = CARTESIAN_POINT('',(27.980074599308,0.452759644503,
    -196.2429296599));
#2311 = CARTESIAN_POINT('',(27.940208668367,0.677032363004,
    -196.244196661));
#2312 = CARTESIAN_POINT('',(27.880702607477,0.897070450676,
    -196.2460878431));
#2313 = CARTESIAN_POINT('',(27.802111720394,1.110843784237,
    -196.2485855319));
#2314 = CARTESIAN_POINT('',(27.705238378634,1.316400486319,
    -196.2516641913));
#2315 = CARTESIAN_POINT('',(27.535436692869,1.607418439094,
    -196.2570603951));
#2316 = CARTESIAN_POINT('',(27.475587903776,1.700551395755,
    -196.2589623379));
#2317 = CARTESIAN_POINT('',(27.411755509988,1.79107247317,
    -196.2609908539));
#2318 = CARTESIAN_POINT('',(27.344077104527,1.878777959519,
    -196.2631415651));
#2319 = CARTESIAN_POINT('',(27.272702843414,1.963473822631,
    -196.2654096943));
#2320 = CARTESIAN_POINT('',(27.197795316408,2.044975844977,
    -196.2677900692));
#2321 = CARTESIAN_POINT('',(26.974287591809,2.268106653662,
    -196.2748924788));
#2322 = CARTESIAN_POINT('',(26.817463963626,2.401520861606,
    -196.2798757399));
#2323 = CARTESIAN_POINT('',(26.650191083282,2.52221677704,
    -196.2851908841));
#2324 = CARTESIAN_POINT('',(26.473714240715,2.62923357524,
    -196.2907983051));
#2325 = CARTESIAN_POINT('',(26.289371979394,2.721761429739,
    -196.2966554382));
#2326 = CARTESIAN_POINT('',(26.098592112226,2.799143395656,
    -196.3027168899));
#2327 = CARTESIAN_POINT('',(25.797225105211,2.894255061755,
    -196.3122915498));
#2328 = CARTESIAN_POINT('',(25.690109162251,2.923053041857,
    -196.315694638));
#2329 = CARTESIAN_POINT('',(25.581792213388,2.947222309447,
    -196.3191358129));
#2330 = CARTESIAN_POINT('',(25.472514142684,2.966703894822,
    -196.3226074507));
#2331 = CARTESIAN_POINT('',(25.362517734799,2.981454486758,
    -196.3261018363));
#2332 = CARTESIAN_POINT('',(25.252048494125,2.991446471019,
    -196.3296111694));
#2333 = CARTESIAN_POINT('',(25.016544710437,3.002555313053,
    -196.3370923824));
#2334 = CARTESIAN_POINT('',(24.891446422184,3.00237801546,
    -196.3410662673));
#2335 = CARTESIAN_POINT('',(24.766415811127,2.996119283566,
    -196.3450379082));
#2336 = CARTESIAN_POINT('',(24.641807154555,2.983788028201,
    -196.3489960515));
#2337 = CARTESIAN_POINT('',(24.517972432947,2.965418850293,
    -196.3529295185));
#2338 = CARTESIAN_POINT('',(24.395260967835,2.941072027633,
    -196.3568272162));
#2339 = CARTESIAN_POINT('',(24.050398221264,2.855060999898,
    -196.3677808816));
#2340 = CARTESIAN_POINT('',(23.831737271797,2.779236125774,
    -196.3747257765));
#2341 = CARTESIAN_POINT('',(23.620256518572,2.683899931454,
    -196.3814423354));
#2342 = CARTESIAN_POINT('',(23.418022122698,2.569895159,-196.3878649732)
  );
#2343 = CARTESIAN_POINT('',(23.226967694935,2.438310272592,
    -196.3939323278));
#2344 = CARTESIAN_POINT('',(23.04888646976,2.290475882285,
    -196.3995875034));
#2345 = CARTESIAN_POINT('',(22.766760157804,2.010127116106,
    -196.4085464976));
#2346 = CARTESIAN_POINT('',(22.655789154186,1.884520281235,
    -196.4120703262));
#2347 = CARTESIAN_POINT('',(22.553093577954,1.751799720664,
    -196.4153313019));
#2348 = CARTESIAN_POINT('',(22.459213325271,1.612623595385,
    -196.4183123003));
#2349 = CARTESIAN_POINT('',(22.374622304064,1.467695269352,
    -196.420998292));
#2350 = CARTESIAN_POINT('',(22.299727667958,1.317762095949,
    -196.4233763657));
#2351 = CARTESIAN_POINT('',(22.116917786513,0.883346283459,
    -196.4291809304));
#2352 = CARTESIAN_POINT('',(22.032061095687,0.588992018166,
    -196.4318752099));
#2353 = CARTESIAN_POINT('',(21.982426368344,0.285479814775,
    -196.4334511254));
#2354 = CARTESIAN_POINT('',(21.969033549285,-2.214790653401E-02,
    -196.4338763491));
#2355 = CARTESIAN_POINT('',(21.992102997535,-0.328823122063,
    -196.4331438957));
#2356 = CARTESIAN_POINT('',(22.05105536629,-0.629435618619,
    -196.4312721242));
#2357 = CARTESIAN_POINT('',(22.206587169869,-1.112806291377,
    -196.4263337633));
#2358 = CARTESIAN_POINT('',(22.284347483839,-1.301793024354,
    -196.4238647369));
#2359 = CARTESIAN_POINT('',(22.377000816,-1.484363772892,-196.4209227915
    ));
#2360 = CARTESIAN_POINT('',(22.48389729284,-1.659123386553,
    -196.4175285344));
#2361 = CARTESIAN_POINT('',(22.604238352343,-1.824764796809,
    -196.4137072892));
#2362 = CARTESIAN_POINT('',(22.737078904068,-1.980072674226,
    -196.4094890304));
#2363 = CARTESIAN_POINT('',(22.989317745394,-2.231688328753,
    -196.4014791259));
#2364 = CARTESIAN_POINT('',(23.103726877061,-2.33302896382,
    -196.3978459668));
#2365 = CARTESIAN_POINT('',(23.224070147016,-2.427503779195,
    -196.3940242829));
#2366 = CARTESIAN_POINT('',(23.349851113744,-2.514698696784,
    -196.3900298244));
#2367 = CARTESIAN_POINT('',(23.480540112377,-2.594246752077,
    -196.3858793978));
#2368 = CARTESIAN_POINT('',(23.615575216527,-2.665828709479,
    -196.3815908359));
#2369 = CARTESIAN_POINT('',(23.824895371106,-2.761365644207,
    -196.374942886));
#2370 = CARTESIAN_POINT('',(23.896397913496,-2.791430864398,
    -196.3726719554));
#2371 = CARTESIAN_POINT('',(23.968793549457,-2.819334138813,
    -196.370372629));
#2372 = CARTESIAN_POINT('',(24.042003745407,-2.845043887183,
    -196.3680473999));
#2373 = CARTESIAN_POINT('',(24.115948712014,-2.86853214838,
    -196.3656988009));
#2374 = CARTESIAN_POINT('',(24.19054740419,-2.889774580419,
    -196.3633294051));
#2375 = CARTESIAN_POINT('',(24.341436298503,-2.927864843871,
    -196.3585368194));
#2376 = CARTESIAN_POINT('',(24.417735221157,-2.944679550976,
    -196.3561133521));
#2377 = CARTESIAN_POINT('',(24.494530149548,-2.95917342311,
    -196.3536740951));
#2378 = CARTESIAN_POINT('',(24.571736353329,-2.971329193548,
    -196.351221739));
#2379 = CARTESIAN_POINT('',(24.649268511305,-2.98113348749,
    -196.3487589933));
#2380 = CARTESIAN_POINT('',(24.727040711437,-2.988576822066,
    -196.3462885865));
#2381 = CARTESIAN_POINT('',(24.854415378131,-2.996875154667,
    -196.342242515));
#2382 = CARTESIAN_POINT('',(24.903926218569,-2.999143765724,
    -196.3406697826));
#2383 = CARTESIAN_POINT('',(24.953476913524,-3.000458016562,
    -196.3390957694));
#2384 = CARTESIAN_POINT('',(25.0030454015,-3.000817121248,
    -196.3375211763));
#2385 = CARTESIAN_POINT('',(25.052609618132,-3.000220930862,
    -196.3359467042));
#2386 = CARTESIAN_POINT('',(25.102147496188,-2.998669933491,
    -196.334373054));
#2387 = CARTESIAN_POINT('',(25.259230183292,-2.990719924064,
    -196.3293830238));
#2388 = CARTESIAN_POINT('',(25.366595435071,-2.980766881506,
    -196.325972293));
#2389 = CARTESIAN_POINT('',(25.473504942865,-2.966317810708,
    -196.322575971));
#2390 = CARTESIAN_POINT('',(25.5797332037,-2.947398448107,
    -196.3192012225));
#2391 = CARTESIAN_POINT('',(25.685057144484,-2.9240485494,
    -196.3158551362));
#2392 = CARTESIAN_POINT('',(25.78925627683,-2.896321856507,
    -196.3125447195));
#2393 = CARTESIAN_POINT('',(26.041774518118,-2.817672321052,
    -196.3045220362));
#2394 = CARTESIAN_POINT('',(26.188600150998,-2.761933564624,
    -196.2998571476));
#2395 = CARTESIAN_POINT('',(26.331914072269,-2.697278944013,
    -196.2953037033));
#2396 = CARTESIAN_POINT('',(26.471070632436,-2.6239782424,
    -196.2908822286));
#2397 = CARTESIAN_POINT('',(26.605452309459,-2.54235612161,
    -196.286612358));
#2398 = CARTESIAN_POINT('',(26.734470627882,-2.452791731343,
    -196.282512805));
#2399 = CARTESIAN_POINT('',(26.91611885485,-2.309555798841,
    -196.2767408103));
#2400 = CARTESIAN_POINT('',(26.973329846404,-2.261689633233,
    -196.274922872));
#2401 = CARTESIAN_POINT('',(27.029143596271,-2.212171830558,
    -196.273149313));
#2402 = CARTESIAN_POINT('',(27.083503056027,-2.161051426572,
    -196.2714219481));
#2403 = CARTESIAN_POINT('',(27.136353405602,-2.10837984882,
    -196.2697425207));
#2404 = CARTESIAN_POINT('',(27.187642053286,-2.054210916637,
    -196.268112704));
#2405 = CARTESIAN_POINT('',(27.445426150846,-1.765636453148,
    -196.2599209372));
#2406 = CARTESIAN_POINT('',(27.6253333968,-1.507277692854,
    -196.2542036519));
#2407 = CARTESIAN_POINT('',(27.77313443564,-1.227803617841,
    -196.2495064925));
#2408 = CARTESIAN_POINT('',(27.88602582189,-0.932028964421,
    -196.245918676));
#2409 = CARTESIAN_POINT('',(27.962030923716,-0.625090524109,
    -196.2435031159));
#2410 = CARTESIAN_POINT('',(28.,-0.312462304052,-196.2422963997));
#2411 = CARTESIAN_POINT('',(28.,-4.440892098501E-16,-196.2422963997));
#2412 = PCURVE('',#2178,#2413);
#2413 = DEFINITIONAL_REPRESENTATION('',(#2414),#2572);
#2414 = B_SPLINE_CURVE_WITH_KNOTS('',3,(#2415,#2416,#2417,#2418,#2419,
    #2420,#2421,#2422,#2423,#2424,#2425,#2426,#2427,#2428,#2429,#2430,
    #2431,#2432,#2433,#2434,#2435,#2436,#2437,#2438,#2439,#2440,#2441,
    #2442,#2443,#2444,#2445,#2446,#2447,#2448,#2449,#2450,#2451,#2452,
    #2453,#2454,#2455,#2456,#2457,#2458,#2459,#2460,#2461,#2462,#2463,
    #2464,#2465,#2466,#2467,#2468,#2469,#2470,#2471,#2472,#2473,#2474,
    #2475,#2476,#2477,#2478,#2479,#2480,#2481,#2482,#2483,#2484,#2485,
    #2486,#2487,#2488,#2489,#2490,#2491,#2492,#2493,#2494,#2495,#2496,
    #2497,#2498,#2499,#2500,#2501,#2502,#2503,#2504,#2505,#2506,#2507,
    #2508,#2509,#2510,#2511,#2512,#2513,#2514,#2515,#2516,#2517,#2518,
    #2519,#2520,#2521,#2522,#2523,#2524,#2525,#2526,#2527,#2528,#2529,
    #2530,#2531,#2532,#2533,#2534,#2535,#2536,#2537,#2538,#2539,#2540,
    #2541,#2542,#2543,#2544,#2545,#2546,#2547,#2548,#2549,#2550,#2551,
    #2552,#2553,#2554,#2555,#2556,#2557,#2558,#2559,#2560,#2561,#2562,
    #2563,#2564,#2565,#2566,#2567,#2568,#2569,#2570,#2571),
  .UNSPECIFIED.,.F.,.F.,(4,1,1,1,1,1,1,1,1,1,1,1,1,1,1,1,1,1,1,1,1,1,1,1
    ,1,1,1,1,1,1,1,1,1,1,1,1,1,1,1,1,1,1,1,1,1,1,1,1,1,1,1,1,1,1,1,1,1,1
    ,1,1,1,1,1,1,1,1,1,1,1,1,1,1,1,1,1,1,1,1,1,1,1,1,1,1,1,1,1,1,1,1,1,1
    ,1,1,1,1,1,1,1,1,1,1,1,1,1,1,1,1,1,1,1,1,1,1,1,1,1,1,1,1,1,1,1,1,1,1
    ,1,1,1,1,1,1,1,1,1,1,1,1,1,1,1,1,1,1,1,1,1,1,1,1,1,1,1,1,4),(0.,
    1.487242783294E-02,2.974485566588E-02,4.461728349882E-02,
    5.948971133176E-02,7.43621391647E-02,8.923456699763E-02,
    0.104106994831,0.118979422664,0.133851850496,0.148724278329,
    0.163596706162,0.178469133995,0.193341561828,0.208213989661,
    0.223086417494,0.237958845327,0.25283127316,0.267703700993,
    0.282576128826,0.297448556659,0.312320984492,0.327193412325,
    0.342065840158,0.356938267991,0.371810695823,0.386683123656,
    0.401555551489,0.416427979322,0.431300407155,0.446172834988,
    0.461045262821,0.475917690654,0.490790118487,0.50566254632,
    0.520534974153,0.535407401986,0.550279829819,0.565152257652,
    0.580024685485,0.594897113318,0.609769541151,0.624641968983,
    0.639514396816,0.654386824649,0.669259252482,0.684131680315,
    0.699004108148,0.713876535981,0.728748963814,0.743621391647,
    0.75849381948,0.773366247313,0.788238675146,0.803111102979,
    0.817983530812,0.832855958645,0.847728386478,0.86260081431,
    0.877473242143,0.892345669976,0.907218097809,0.922090525642,
    0.936962953475,0.951835381308,0.966707809141,0.981580236974,
    0.996452664807,1.01132509264,1.026197520473,1.041069948306,
    1.055942376139,1.070814803972,1.085687231805,1.100559659637,
    1.11543208747,1.130304515303,1.145176943136,1.160049370969,
    1.174921798802,1.189794226635,1.204666654468,1.219539082301,
    1.234411510134,1.249283937967,1.2641563658,1.279028793633,
    1.293901221466,1.308773649299,1.323646077132,1.338518504965,
    1.353390932797,1.36826336063,1.383135788463,1.398008216296,
    1.412880644129,1.427753071962,1.442625499795,1.457497927628,
    1.472370355461,1.487242783294,1.502115211127,1.51698763896,
    1.531860066793,1.546732494626,1.561604922459,1.576477350292,
    1.591349778124,1.606222205957,1.62109463379,1.635967061623,
    1.650839489456,1.665711917289,1.680584345122,1.695456772955,
    1.710329200788,1.725201628621,1.740074056454,1.754946484287,
    1.76981891212,1.784691339953,1.799563767786,1.814436195619,
    1.829308623452,1.844181051284,1.859053479117,1.87392590695,
    1.888798334783,1.903670762616,1.918543190449,1.933415618282,
    1.948288046115,1.963160473948,1.978032901781,1.992905329614,
    2.007777757447,2.02265018528,2.037522613113,2.052395040946,
    2.067267468779,2.082139896611,2.097012324444,2.111884752277,
    2.12675718011,2.141629607943,2.156502035776,2.171374463609,
    2.186246891442,2.201119319275,2.215991747108,2.230864174941,
    2.245736602774,2.260609030607,2.27548145844,2.290353886273),
  .QUASI_UNIFORM_KNOTS.);
#2415 = CARTESIAN_POINT('',(0.,6.357703600241));
#2416 = CARTESIAN_POINT('',(1.36024025235E-02,6.357703624075));
#2417 = CARTESIAN_POINT('',(4.080839822209E-02,6.357650657487));
#2418 = CARTESIAN_POINT('',(8.161957116842E-02,6.357412581163));
#2419 = CARTESIAN_POINT('',(0.122431307164,6.357016185011));
#2420 = CARTESIAN_POINT('',(0.163242773135,6.356462159648));
#2421 = CARTESIAN_POINT('',(0.204053487219,6.355751435664));
#2422 = CARTESIAN_POINT('',(0.244863289077,6.354885212743));
#2423 = CARTESIAN_POINT('',(0.285672215135,6.353864944695));
#2424 = CARTESIAN_POINT('',(0.326480409799,6.352692338501));
#2425 = CARTESIAN_POINT('',(0.367288027052,6.351369352128));
#2426 = CARTESIAN_POINT('',(0.408095153861,6.349898194053));
#2427 = CARTESIAN_POINT('',(0.448901654859,6.348281327956));
#2428 = CARTESIAN_POINT('',(0.489707288787,6.346521465792));
#2429 = CARTESIAN_POINT('',(0.530510775653,6.344621612961));
#2430 = CARTESIAN_POINT('',(0.571312755275,6.34258492624));
#2431 = CARTESIAN_POINT('',(0.612114259331,6.34041475863));
#2432 = CARTESIAN_POINT('',(0.652914877794,6.338114753851));
#2433 = CARTESIAN_POINT('',(0.693714750357,6.335688744488));
#2434 = CARTESIAN_POINT('',(0.734513953156,6.333140775016));
#2435 = CARTESIAN_POINT('',(0.775312370132,6.330475105198));
#2436 = CARTESIAN_POINT('',(0.816110229958,6.327696167091));
#2437 = CARTESIAN_POINT('',(0.856908907045,6.324808495013));
#2438 = CARTESIAN_POINT('',(0.897706999286,6.321816996745));
#2439 = CARTESIAN_POINT('',(0.938504281981,6.318726678251));
#2440 = CARTESIAN_POINT('',(0.979300641753,6.315542701543));
#2441 = CARTESIAN_POINT('',(1.020096227456,6.312270363897));
#2442 = CARTESIAN_POINT('',(1.06089128584,6.30891509927));
#2443 = CARTESIAN_POINT('',(1.101686084089,6.305482475296));
#2444 = CARTESIAN_POINT('',(1.142480823962,6.30197819147));
#2445 = CARTESIAN_POINT('',(1.183275506736,6.298408082675));
#2446 = CARTESIAN_POINT('',(1.224069987644,6.294778105866));
#2447 = CARTESIAN_POINT('',(1.264863286406,6.291094394491));
#2448 = CARTESIAN_POINT('',(1.305655630402,6.287363064497));
#2449 = CARTESIAN_POINT('',(1.346448206166,6.283590219484));
#2450 = CARTESIAN_POINT('',(1.387240630707,6.279782173682));
#2451 = CARTESIAN_POINT('',(1.428033109709,6.275945245747));
#2452 = CARTESIAN_POINT('',(1.468825738938,6.272085811914));
#2453 = CARTESIAN_POINT('',(1.509618555865,6.268210290995));
#2454 = CARTESIAN_POINT('',(1.550411444209,6.264325142661));
#2455 = CARTESIAN_POINT('',(1.591204858076,6.260436788327));
#2456 = CARTESIAN_POINT('',(1.631998467741,6.256551728968));
#2457 = CARTESIAN_POINT('',(1.672792333912,6.252676422831));
#2458 = CARTESIAN_POINT('',(1.713586553222,6.248817308601));
#2459 = CARTESIAN_POINT('',(1.754381205374,6.244980799409));
#2460 = CARTESIAN_POINT('',(1.795176333109,6.241173274364));
#2461 = CARTESIAN_POINT('',(1.835971489643,6.237401109124));
#2462 = CARTESIAN_POINT('',(1.876769361435,6.233670334557));
#2463 = CARTESIAN_POINT('',(1.917568127501,6.229987329951));
#2464 = CARTESIAN_POINT('',(1.958367193401,6.226358277496));
#2465 = CARTESIAN_POINT('',(1.999166176368,6.222789248524));
#2466 = CARTESIAN_POINT('',(2.03996503291,6.21928618276));
#2467 = CARTESIAN_POINT('',(2.08076389354,6.215854895097));
#2468 = CARTESIAN_POINT('',(2.121562984599,6.212501073902));
#2469 = CARTESIAN_POINT('',(2.162362534347,6.209230280291));
#2470 = CARTESIAN_POINT('',(2.203162675273,6.206047946601));
#2471 = CARTESIAN_POINT('',(2.243963377572,6.202959371746));
#2472 = CARTESIAN_POINT('',(2.284764242044,6.199969724444));
#2473 = CARTESIAN_POINT('',(2.325564785001,6.197084012715));
#2474 = CARTESIAN_POINT('',(2.366362838146,6.194307175034));
#2475 = CARTESIAN_POINT('',(2.407161239,6.191643625205));
#2476 = CARTESIAN_POINT('',(2.447959653831,6.18909781729));
#2477 = CARTESIAN_POINT('',(2.488757689704,6.186674005669));
#2478 = CARTESIAN_POINT('',(2.529555310214,6.184376218005));
#2479 = CARTESIAN_POINT('',(2.570352588863,6.182208265968));
#2480 = CARTESIAN_POINT('',(2.611149663642,6.180173743194));
#2481 = CARTESIAN_POINT('',(2.651946577497,6.178276027248));
#2482 = CARTESIAN_POINT('',(2.692743382599,6.176518269009));
#2483 = CARTESIAN_POINT('',(2.733539292019,6.1749034191));
#2484 = CARTESIAN_POINT('',(2.774335346732,6.173434109374));
#2485 = CARTESIAN_POINT('',(2.815137257848,6.172112613315));
#2486 = CARTESIAN_POINT('',(2.855940704086,6.170941312833));
#2487 = CARTESIAN_POINT('',(2.896744670642,6.169922191723));
#2488 = CARTESIAN_POINT('',(2.937548076904,6.169056972336));
#2489 = CARTESIAN_POINT('',(2.978350515616,6.168347092031));
#2490 = CARTESIAN_POINT('',(3.019151906673,6.167793720229));
#2491 = CARTESIAN_POINT('',(3.059952455266,6.167397762284));
#2492 = CARTESIAN_POINT('',(3.100752539049,6.167159864553));
#2493 = CARTESIAN_POINT('',(3.141552621541,6.167080416828));
#2494 = CARTESIAN_POINT('',(3.182353162825,6.167159553162));
#2495 = CARTESIAN_POINT('',(3.223154530177,6.167397150763));
#2496 = CARTESIAN_POINT('',(3.263956910825,6.167792827243));
#2497 = CARTESIAN_POINT('',(3.304760199253,6.168345935373));
#2498 = CARTESIAN_POINT('',(3.345563951446,6.169055558465));
#2499 = CARTESIAN_POINT('',(3.386367049052,6.169920494749));
#2500 = CARTESIAN_POINT('',(3.427168395091,6.170939274126));
#2501 = CARTESIAN_POINT('',(3.467963699073,6.172110045422));
#2502 = CARTESIAN_POINT('',(3.508760540416,6.173431051797));
#2503 = CARTESIAN_POINT('',(3.549558183616,6.174900095491));
#2504 = CARTESIAN_POINT('',(3.59035600503,6.176514715272));
#2505 = CARTESIAN_POINT('',(3.631153819102,6.1782722214));
#2506 = CARTESIAN_POINT('',(3.671951651064,6.180169693532));
#2507 = CARTESIAN_POINT('',(3.712749669284,6.182203986578));
#2508 = CARTESIAN_POINT('',(3.753548081468,6.184371732401));
#2509 = CARTESIAN_POINT('',(3.794347045913,6.186669340781));
#2510 = CARTESIAN_POINT('',(3.835146569125,6.189092998064));
#2511 = CARTESIAN_POINT('',(3.875946433308,6.191638666413));
#2512 = CARTESIAN_POINT('',(3.916745988626,6.194302073532));
#2513 = CARTESIAN_POINT('',(3.957544408155,6.197078730514));
#2514 = CARTESIAN_POINT('',(3.998343638893,6.199964151333));
#2515 = CARTESIAN_POINT('',(4.039142713172,6.202953471668));
#2516 = CARTESIAN_POINT('',(4.079941625848,6.206041720358));
#2517 = CARTESIAN_POINT('',(4.12074034512,6.209223759955));
#2518 = CARTESIAN_POINT('',(4.161538960215,6.212494304872));
#2519 = CARTESIAN_POINT('',(4.202337503058,6.215847917148));
#2520 = CARTESIAN_POINT('',(4.243135929021,6.219279014166));
#2521 = CARTESIAN_POINT('',(4.283933792394,6.222781850918));
#2522 = CARTESIAN_POINT('',(4.324731002038,6.226350592151));
#2523 = CARTESIAN_POINT('',(4.365527956177,6.229979333386));
#2524 = CARTESIAN_POINT('',(4.406324498012,6.233662024364));
#2525 = CARTESIAN_POINT('',(4.447120698374,6.237392544168));
#2526 = CARTESIAN_POINT('',(4.487916465911,6.241164677867));
#2527 = CARTESIAN_POINT('',(4.528711887667,6.244972157493));
#2528 = CARTESIAN_POINT('',(4.569506881494,6.248808640593));
#2529 = CARTESIAN_POINT('',(4.610301520205,6.252667750881));
#2530 = CARTESIAN_POINT('',(4.651095799801,6.256543067129));
#2531 = CARTESIAN_POINT('',(4.691889720695,6.260428141529));
#2532 = CARTESIAN_POINT('',(4.73268336718,6.264316517891));
#2533 = CARTESIAN_POINT('',(4.773476731433,6.26820172568));
#2534 = CARTESIAN_POINT('',(4.814270053991,6.272077322926));
#2535 = CARTESIAN_POINT('',(4.855063191074,6.275936847002));
#2536 = CARTESIAN_POINT('',(4.895856180535,6.279773878853));
#2537 = CARTESIAN_POINT('',(4.936649123311,6.283582042365));
#2538 = CARTESIAN_POINT('',(4.977442182518,6.287355014668));
#2539 = CARTESIAN_POINT('',(5.018235117253,6.291086494012));
#2540 = CARTESIAN_POINT('',(5.059028594357,6.29477032929));
#2541 = CARTESIAN_POINT('',(5.099822514993,6.298400377303));
#2542 = CARTESIAN_POINT('',(5.140616556151,6.301970564951));
#2543 = CARTESIAN_POINT('',(5.181410776625,6.305474952889));
#2544 = CARTESIAN_POINT('',(5.222205322534,6.308907717664));
#2545 = CARTESIAN_POINT('',(5.263000389211,6.312263157448));
#2546 = CARTESIAN_POINT('',(5.303796084509,6.315535690153));
#2547 = CARTESIAN_POINT('',(5.344592436894,6.318719863647));
#2548 = CARTESIAN_POINT('',(5.385388909895,6.321810330391));
#2549 = CARTESIAN_POINT('',(5.42618576645,6.324801961437));
#2550 = CARTESIAN_POINT('',(5.466983297346,6.327689791102));
#2551 = CARTESIAN_POINT('',(5.507781622363,6.330469010421));
#2552 = CARTESIAN_POINT('',(5.548580195886,6.333134949331));
#2553 = CARTESIAN_POINT('',(5.589381269707,6.335683303942));
#2554 = CARTESIAN_POINT('',(5.630187605765,6.338109962231));
#2555 = CARTESIAN_POINT('',(5.67099577794,6.340410641816));
#2556 = CARTESIAN_POINT('',(5.711804848904,6.342581443698));
#2557 = CARTESIAN_POINT('',(5.752613965182,6.344618698092));
#2558 = CARTESIAN_POINT('',(5.793422848308,6.346518996046));
#2559 = CARTESIAN_POINT('',(5.834231524542,6.348279173131));
#2560 = CARTESIAN_POINT('',(5.875040270664,6.349896307889));
#2561 = CARTESIAN_POINT('',(5.915849511123,6.351367718265));
#2562 = CARTESIAN_POINT('',(5.956659734439,6.35269096057));
#2563 = CARTESIAN_POINT('',(5.997471407536,6.353863829771));
#2564 = CARTESIAN_POINT('',(6.038284890206,6.354884361559));
#2565 = CARTESIAN_POINT('',(6.079100346694,6.355750835806));
#2566 = CARTESIAN_POINT('',(6.119917648649,6.356461782656));
#2567 = CARTESIAN_POINT('',(6.160736280037,6.357015986889));
#2568 = CARTESIAN_POINT('',(6.201555192561,6.357412506948));
#2569 = CARTESIAN_POINT('',(6.242372792794,6.357650647571));
#2570 = CARTESIAN_POINT('',(6.269581847515,6.357703625262));
#2571 = CARTESIAN_POINT('',(6.28318530718,6.357703600241));
#2572 = ( GEOMETRIC_REPRESENTATION_CONTEXT(2) 
PARAMETRIC_REPRESENTATION_CONTEXT() REPRESENTATION_CONTEXT('2D SPACE',''
  ) );
#2573 = PCURVE('',#2574,#2583);
#2574 = SURFACE_OF_REVOLUTION('',#2575,#2580);
#2575 = ELLIPSE('',#2576,393.8935,196.74);
#2576 = AXIS2_PLACEMENT_3D('',#2577,#2578,#2579);
#2577 = CARTESIAN_POINT('',(0.,0.,0.));
#2578 = DIRECTION('',(-1.224646799147E-16,1.,0.));
#2579 = DIRECTION('',(-1.,-1.224646799147E-16,0.));
#2580 = AXIS1_PLACEMENT('',#2581,#2582);
#2581 = CARTESIAN_POINT('',(0.,0.,0.));
#2582 = DIRECTION('',(0.,0.,1.));
#2583 = DEFINITIONAL_REPRESENTATION('',(#2584),#2742);
#2584 = B_SPLINE_CURVE_WITH_KNOTS('',3,(#2585,#2586,#2587,#2588,#2589,
    #2590,#2591,#2592,#2593,#2594,#2595,#2596,#2597,#2598,#2599,#2600,
    #2601,#2602,#2603,#2604,#2605,#2606,#2607,#2608,#2609,#2610,#2611,
    #2612,#2613,#2614,#2615,#2616,#2617,#2618,#2619,#2620,#2621,#2622,
    #2623,#2624,#2625,#2626,#2627,#2628,#2629,#2630,#2631,#2632,#2633,
    #2634,#2635,#2636,#2637,#2638,#2639,#2640,#2641,#2642,#2643,#2644,
    #2645,#2646,#2647,#2648,#2649,#2650,#2651,#2652,#2653,#2654,#2655,
    #2656,#2657,#2658,#2659,#2660,#2661,#2662,#2663,#2664,#2665,#2666,
    #2667,#2668,#2669,#2670,#2671,#2672,#2673,#2674,#2675,#2676,#2677,
    #2678,#2679,#2680,#2681,#2682,#2683,#2684,#2685,#2686,#2687,#2688,
    #2689,#2690,#2691,#2692,#2693,#2694,#2695,#2696,#2697,#2698,#2699,
    #2700,#2701,#2702,#2703,#2704,#2705,#2706,#2707,#2708,#2709,#2710,
    #2711,#2712,#2713,#2714,#2715,#2716,#2717,#2718,#2719,#2720,#2721,
    #2722,#2723,#2724,#2725,#2726,#2727,#2728,#2729,#2730,#2731,#2732,
    #2733,#2734,#2735,#2736,#2737,#2738,#2739,#2740,#2741),
  .UNSPECIFIED.,.T.,.F.,(4,1,1,1,1,1,1,1,1,1,1,1,1,1,1,1,1,1,1,1,1,1,1,1
    ,1,1,1,1,1,1,1,1,1,1,1,1,1,1,1,1,1,1,1,1,1,1,1,1,1,1,1,1,1,1,1,1,1,1
    ,1,1,1,1,1,1,1,1,1,1,1,1,1,1,1,1,1,1,1,1,1,1,1,1,1,1,1,1,1,1,1,1,1,1
    ,1,1,1,1,1,1,1,1,1,1,1,1,1,1,1,1,1,1,1,1,1,1,1,1,1,1,1,1,1,1,1,1,1,1
    ,1,1,1,1,1,1,1,1,1,1,1,1,1,1,1,1,1,1,1,1,1,1,1,1,1,1,1,1,4),(0.,
    1.487242783294E-02,2.974485566588E-02,4.461728349882E-02,
    5.948971133176E-02,7.43621391647E-02,8.923456699763E-02,
    0.104106994831,0.118979422664,0.133851850496,0.148724278329,
    0.163596706162,0.178469133995,0.193341561828,0.208213989661,
    0.223086417494,0.237958845327,0.25283127316,0.267703700993,
    0.282576128826,0.297448556659,0.312320984492,0.327193412325,
    0.342065840158,0.356938267991,0.371810695823,0.386683123656,
    0.401555551489,0.416427979322,0.431300407155,0.446172834988,
    0.461045262821,0.475917690654,0.490790118487,0.50566254632,
    0.520534974153,0.535407401986,0.550279829819,0.565152257652,
    0.580024685485,0.594897113318,0.609769541151,0.624641968983,
    0.639514396816,0.654386824649,0.669259252482,0.684131680315,
    0.699004108148,0.713876535981,0.728748963814,0.743621391647,
    0.75849381948,0.773366247313,0.788238675146,0.803111102979,
    0.817983530812,0.832855958645,0.847728386478,0.86260081431,
    0.877473242143,0.892345669976,0.907218097809,0.922090525642,
    0.936962953475,0.951835381308,0.966707809141,0.981580236974,
    0.996452664807,1.01132509264,1.026197520473,1.041069948306,
    1.055942376139,1.070814803972,1.085687231805,1.100559659637,
    1.11543208747,1.130304515303,1.145176943136,1.160049370969,
    1.174921798802,1.189794226635,1.204666654468,1.219539082301,
    1.234411510134,1.249283937967,1.2641563658,1.279028793633,
    1.293901221466,1.308773649299,1.323646077132,1.338518504965,
    1.353390932797,1.36826336063,1.383135788463,1.398008216296,
    1.412880644129,1.427753071962,1.442625499795,1.457497927628,
    1.472370355461,1.487242783294,1.502115211127,1.51698763896,
    1.531860066793,1.546732494626,1.561604922459,1.576477350292,
    1.591349778124,1.606222205957,1.62109463379,1.635967061623,
    1.650839489456,1.665711917289,1.680584345122,1.695456772955,
    1.710329200788,1.725201628621,1.740074056454,1.754946484287,
    1.76981891212,1.784691339953,1.799563767786,1.814436195619,
    1.829308623452,1.844181051284,1.859053479117,1.87392590695,
    1.888798334783,1.903670762616,1.918543190449,1.933415618282,
    1.948288046115,1.963160473948,1.978032901781,1.992905329614,
    2.007777757447,2.02265018528,2.037522613113,2.052395040946,
    2.067267468779,2.082139896611,2.097012324444,2.111884752277,
    2.12675718011,2.141629607943,2.156502035776,2.171374463609,
    2.186246891442,2.201119319275,2.215991747108,2.230864174941,
    2.245736602774,2.260609030607,2.27548145844,2.290353886273),
  .QUASI_UNIFORM_KNOTS.);
#2585 = CARTESIAN_POINT('',(3.14159265359,4.783534188279));
#2586 = CARTESIAN_POINT('',(3.143050053692,4.783534189532));
#2587 = CARTESIAN_POINT('',(3.145964982117,4.783530403038));
#2588 = CARTESIAN_POINT('',(3.150332499053,4.783513377415));
#2589 = CARTESIAN_POINT('',(3.15468985674,4.783485021302));
#2590 = CARTESIAN_POINT('',(3.159031852778,4.783445370162));
#2591 = CARTESIAN_POINT('',(3.163353319848,4.783394471879));
#2592 = CARTESIAN_POINT('',(3.167649121104,4.783332388269));
#2593 = CARTESIAN_POINT('',(3.17191413547,4.783259194335));
#2594 = CARTESIAN_POINT('',(3.176143246738,4.783174978323));
#2595 = CARTESIAN_POINT('',(3.18033133206,4.783079841786));
#2596 = CARTESIAN_POINT('',(3.184473253207,4.782973899779));
#2597 = CARTESIAN_POINT('',(3.188563841138,4.782857281473));
#2598 = CARTESIAN_POINT('',(3.192597907994,4.782730129951));
#2599 = CARTESIAN_POINT('',(3.196570159318,4.782592605819));
#2600 = CARTESIAN_POINT('',(3.200475483316,4.782444877276));
#2601 = CARTESIAN_POINT('',(3.20430879306,4.782287123724));
#2602 = CARTESIAN_POINT('',(3.208064854598,4.782119543));
#2603 = CARTESIAN_POINT('',(3.211738480649,4.781942344444));
#2604 = CARTESIAN_POINT('',(3.215324473018,4.78175575102));
#2605 = CARTESIAN_POINT('',(3.218817614655,4.78156000005));
#2606 = CARTESIAN_POINT('',(3.222212716989,4.781355340526));
#2607 = CARTESIAN_POINT('',(3.225504681978,4.781142028448));
#2608 = CARTESIAN_POINT('',(3.228688189013,4.78092034737));
#2609 = CARTESIAN_POINT('',(3.231758031005,4.780690588701));
#2610 = CARTESIAN_POINT('',(3.234709024605,4.780453056489));
#2611 = CARTESIAN_POINT('',(3.237536025642,4.780208066443));
#2612 = CARTESIAN_POINT('',(3.240233919554,4.77995594659));
#2613 = CARTESIAN_POINT('',(3.242797621568,4.779697037633));
#2614 = CARTESIAN_POINT('',(3.245222078187,4.779431693397));
#2615 = CARTESIAN_POINT('',(3.247502269449,4.77916028171));
#2616 = CARTESIAN_POINT('',(3.249633223077,4.778883183999));
#2617 = CARTESIAN_POINT('',(3.251609997183,4.7786008001));
#2618 = CARTESIAN_POINT('',(3.253427794494,4.778313534011));
#2619 = CARTESIAN_POINT('',(3.255081940088,4.778021794683));
#2620 = CARTESIAN_POINT('',(3.256567784819,4.777726013761));
#2621 = CARTESIAN_POINT('',(3.257880820429,4.777426630281));
#2622 = CARTESIAN_POINT('',(3.259016662939,4.777124095262));
#2623 = CARTESIAN_POINT('',(3.259971073205,4.776818871048));
#2624 = CARTESIAN_POINT('',(3.260739968995,4.77651143161));
#2625 = CARTESIAN_POINT('',(3.261319461637,4.77620225675));
#2626 = CARTESIAN_POINT('',(3.261705849755,4.775891841804));
#2627 = CARTESIAN_POINT('',(3.261895657949,4.775580688278));
#2628 = CARTESIAN_POINT('',(3.261885653232,4.775269305974));
#2629 = CARTESIAN_POINT('',(3.261672868902,4.774958212768));
#2630 = CARTESIAN_POINT('',(3.261254625034,4.774647934085));
#2631 = CARTESIAN_POINT('',(3.260628563749,4.774339005573));
#2632 = CARTESIAN_POINT('',(3.259792599131,4.774031945069));
#2633 = CARTESIAN_POINT('',(3.258745077958,4.773727309507));
#2634 = CARTESIAN_POINT('',(3.257484739198,4.773425650304));
#2635 = CARTESIAN_POINT('',(3.256010738696,4.773127520135));
#2636 = CARTESIAN_POINT('',(3.254322668115,4.772833470951));
#2637 = CARTESIAN_POINT('',(3.252420578512,4.772544054174));
#2638 = CARTESIAN_POINT('',(3.250305005696,4.772259820139));
#2639 = CARTESIAN_POINT('',(3.247976997666,4.771981317558));
#2640 = CARTESIAN_POINT('',(3.245438144839,4.771709092843));
#2641 = CARTESIAN_POINT('',(3.242690608907,4.771443689098));
#2642 = CARTESIAN_POINT('',(3.239737164879,4.771185645725));
#2643 = CARTESIAN_POINT('',(3.23658120074,4.77093549502));
#2644 = CARTESIAN_POINT('',(3.233226880671,4.770693769314));
#2645 = CARTESIAN_POINT('',(3.22967859059,4.770460960325));
#2646 = CARTESIAN_POINT('',(3.225941593313,4.770237567222));
#2647 = CARTESIAN_POINT('',(3.222021815387,4.770024074871));
#2648 = CARTESIAN_POINT('',(3.217925799857,4.769820950309));
#2649 = CARTESIAN_POINT('',(3.213660723837,4.769628642546));
#2650 = CARTESIAN_POINT('',(3.209234394206,4.769447581231));
#2651 = CARTESIAN_POINT('',(3.20465525379,4.769278175665));
#2652 = CARTESIAN_POINT('',(3.199932353792,4.7691208127));
#2653 = CARTESIAN_POINT('',(3.195075435637,4.768975857974));
#2654 = CARTESIAN_POINT('',(3.190094592577,4.768843644149));
#2655 = CARTESIAN_POINT('',(3.184999838098,4.768724466147));
#2656 = CARTESIAN_POINT('',(3.179802917235,4.768618622282));
#2657 = CARTESIAN_POINT('',(3.174515649997,4.768526367692));
#2658 = CARTESIAN_POINT('',(3.169150279175,4.768447925708));
#2659 = CARTESIAN_POINT('',(3.16371932456,4.768383484921));
#2660 = CARTESIAN_POINT('',(3.158235566711,4.768333200023));
#2661 = CARTESIAN_POINT('',(3.15271199362,4.768297191566));
#2662 = CARTESIAN_POINT('',(3.147161755312,4.768275545968));
#2663 = CARTESIAN_POINT('',(3.141598114715,4.768268315395));
#2664 = CARTESIAN_POINT('',(3.136034398296,4.768275517639));
#2665 = CARTESIAN_POINT('',(3.130483946194,4.768297135949));
#2666 = CARTESIAN_POINT('',(3.124960061595,4.768333118848));
#2667 = CARTESIAN_POINT('',(3.119475962826,4.768383379859));
#2668 = CARTESIAN_POINT('',(3.114044726711,4.76844779742));
#2669 = CARTESIAN_POINT('',(3.108679267769,4.768526213934));
#2670 = CARTESIAN_POINT('',(3.103392188559,4.768618437875));
#2671 = CARTESIAN_POINT('',(3.098196117446,4.768724234313));
#2672 = CARTESIAN_POINT('',(3.093101761408,4.768843368693));
#2673 = CARTESIAN_POINT('',(3.08812046314,4.768975559258));
#2674 = CARTESIAN_POINT('',(3.083263043476,4.769120494116));
#2675 = CARTESIAN_POINT('',(3.07853973607,4.769277835421));
#2676 = CARTESIAN_POINT('',(3.073960185368,4.769447220264));
#2677 = CARTESIAN_POINT('',(3.069533431481,4.769628262309));
#2678 = CARTESIAN_POINT('',(3.065267902383,4.769820553086));
#2679 = CARTESIAN_POINT('',(3.061171407489,4.770023663229));
#2680 = CARTESIAN_POINT('',(3.057251134988,4.770237143531));
#2681 = CARTESIAN_POINT('',(3.053513648284,4.770460526038));
#2682 = CARTESIAN_POINT('',(3.049964896491,4.770693324313));
#2683 = CARTESIAN_POINT('',(3.046610182479,4.770935036136));
#2684 = CARTESIAN_POINT('',(3.043453946069,4.771185163601));
#2685 = CARTESIAN_POINT('',(3.040500237978,4.771443180933));
#2686 = CARTESIAN_POINT('',(3.037752412773,4.771708559008));
#2687 = CARTESIAN_POINT('',(3.035213226811,4.771980761069));
#2688 = CARTESIAN_POINT('',(3.03288484316,4.772259245098));
#2689 = CARTESIAN_POINT('',(3.030768864037,4.772543464166));
#2690 = CARTESIAN_POINT('',(3.0288663538,4.772832867726));
#2691 = CARTESIAN_POINT('',(3.027177877879,4.773126900663));
#2692 = CARTESIAN_POINT('',(3.025703491267,4.773425009864));
#2693 = CARTESIAN_POINT('',(3.024442756547,4.77372664641));
#2694 = CARTESIAN_POINT('',(3.023394822622,4.774031259367));
#2695 = CARTESIAN_POINT('',(3.022558412546,4.774338302372));
#2696 = CARTESIAN_POINT('',(3.021931864561,4.77464723181));
#2697 = CARTESIAN_POINT('',(3.021513149755,4.774957510281));
#2698 = CARTESIAN_POINT('',(3.021299903541,4.775268604846));
#2699 = CARTESIAN_POINT('',(3.021289447225,4.775579990277));
#2700 = CARTESIAN_POINT('',(3.021478813328,4.775891148035));
#2701 = CARTESIAN_POINT('',(3.021864769279,4.776201567559));
#2702 = CARTESIAN_POINT('',(3.022443840671,4.776510747484));
#2703 = CARTESIAN_POINT('',(3.023212330766,4.776818194876));
#2704 = CARTESIAN_POINT('',(3.024166348924,4.777123428273));
#2705 = CARTESIAN_POINT('',(3.025301813267,4.777425973448));
#2706 = CARTESIAN_POINT('',(3.026614484494,4.777725368025));
#2707 = CARTESIAN_POINT('',(3.02809997916,4.778021160976));
#2708 = CARTESIAN_POINT('',(3.029753787114,4.778312912928));
#2709 = CARTESIAN_POINT('',(3.031571266155,4.778600193181));
#2710 = CARTESIAN_POINT('',(3.033547716584,4.778882589126));
#2711 = CARTESIAN_POINT('',(3.035678318016,4.779159694724));
#2712 = CARTESIAN_POINT('',(3.037958158177,4.779431114768));
#2713 = CARTESIAN_POINT('',(3.040382277233,4.779696469152));
#2714 = CARTESIAN_POINT('',(3.042945666146,4.779955390888));
#2715 = CARTESIAN_POINT('',(3.045643274203,4.780207525943));
#2716 = CARTESIAN_POINT('',(3.048470007935,4.78045253251));
#2717 = CARTESIAN_POINT('',(3.051420738036,4.780690081193));
#2718 = CARTESIAN_POINT('',(3.054490266231,4.780919852562));
#2719 = CARTESIAN_POINT('',(3.05767343215,4.781141545056));
#2720 = CARTESIAN_POINT('',(3.060965066997,4.781354870258));
#2721 = CARTESIAN_POINT('',(3.064359981922,4.781559551853));
#2722 = CARTESIAN_POINT('',(3.067852923209,4.781755323825));
#2723 = CARTESIAN_POINT('',(3.071438878517,4.781941946566));
#2724 = CARTESIAN_POINT('',(3.075112905578,4.782119193474));
#2725 = CARTESIAN_POINT('',(3.078869507553,4.782286824149));
#2726 = CARTESIAN_POINT('',(3.08270339724,4.782444624435));
#2727 = CARTESIAN_POINT('',(3.086609296231,4.782592394634));
#2728 = CARTESIAN_POINT('',(3.090581983287,4.782729951361));
#2729 = CARTESIAN_POINT('',(3.094616274534,4.782857125928));
#2730 = CARTESIAN_POINT('',(3.098707020603,4.782973763847));
#2731 = CARTESIAN_POINT('',(3.102849097994,4.783079724212));
#2732 = CARTESIAN_POINT('',(3.107037400817,4.783174879303));
#2733 = CARTESIAN_POINT('',(3.111266831304,4.783259114316));
#2734 = CARTESIAN_POINT('',(3.115532289541,4.783332327247));
#2735 = CARTESIAN_POINT('',(3.119828662407,4.783394428913));
#2736 = CARTESIAN_POINT('',(3.124150811399,4.783445343174));
#2737 = CARTESIAN_POINT('',(3.128493560712,4.783485007119));
#2738 = CARTESIAN_POINT('',(3.132851680432,4.783513372096));
#2739 = CARTESIAN_POINT('',(3.137219883988,4.783530402323));
#2740 = CARTESIAN_POINT('',(3.140135140263,4.783534189616));
#2741 = CARTESIAN_POINT('',(3.14159265359,4.783534188279));
#2742 = ( GEOMETRIC_REPRESENTATION_CONTEXT(2) 
PARAMETRIC_REPRESENTATION_CONTEXT() REPRESENTATION_CONTEXT('2D SPACE',''
  ) );
#2743 = ORIENTED_EDGE('',*,*,#2744,.F.);
#2744 = EDGE_CURVE('',#1977,#2304,#2745,.T.);
#2745 = SEAM_CURVE('',#2746,(#2750,#2757),.PCURVE_S1.);
#2746 = LINE('',#2747,#2748);
#2747 = CARTESIAN_POINT('',(28.,-7.347880794884E-16,-202.6));
#2748 = VECTOR('',#2749,1.);
#2749 = DIRECTION('',(0.,0.,1.));
#2750 = PCURVE('',#2178,#2751);
#2751 = DEFINITIONAL_REPRESENTATION('',(#2752),#2756);
#2752 = LINE('',#2753,#2754);
#2753 = CARTESIAN_POINT('',(0.,-0.));
#2754 = VECTOR('',#2755,1.);
#2755 = DIRECTION('',(0.,1.));
#2756 = ( GEOMETRIC_REPRESENTATION_CONTEXT(2) 
PARAMETRIC_REPRESENTATION_CONTEXT() REPRESENTATION_CONTEXT('2D SPACE',''
  ) );
#2757 = PCURVE('',#2178,#2758);
#2758 = DEFINITIONAL_REPRESENTATION('',(#2759),#2763);
#2759 = LINE('',#2760,#2761);
#2760 = CARTESIAN_POINT('',(6.28318530718,-0.));
#2761 = VECTOR('',#2762,1.);
#2762 = DIRECTION('',(0.,1.));
#2763 = ( GEOMETRIC_REPRESENTATION_CONTEXT(2) 
PARAMETRIC_REPRESENTATION_CONTEXT() REPRESENTATION_CONTEXT('2D SPACE',''
  ) );
#2764 = ORIENTED_EDGE('',*,*,#1976,.T.);
#2765 = ORIENTED_EDGE('',*,*,#2744,.T.);
#2766 = ADVANCED_FACE('',(#2767,#3743),#2574,.F.);
#2767 = FACE_BOUND('',#2768,.F.);
#2768 = EDGE_LOOP('',(#2769,#2795,#3135,#3237,#3238,#3410));
#2769 = ORIENTED_EDGE('',*,*,#2770,.F.);
#2770 = EDGE_CURVE('',#2771,#2773,#2775,.T.);
#2771 = VERTEX_POINT('',#2772);
#2772 = CARTESIAN_POINT('',(-20.,-2.449293598295E-15,-196.4862271128));
#2773 = VERTEX_POINT('',#2774);
#2774 = CARTESIAN_POINT('',(-43.54,-5.332112163488E-15,-195.5343683975)
  );
#2775 = SEAM_CURVE('',#2776,(#2781,#2788),.PCURVE_S1.);
#2776 = ELLIPSE('',#2777,393.8935,196.74);
#2777 = AXIS2_PLACEMENT_3D('',#2778,#2779,#2780);
#2778 = CARTESIAN_POINT('',(0.,0.,0.));
#2779 = DIRECTION('',(-1.224646799147E-16,1.,0.));
#2780 = DIRECTION('',(-1.,-1.224646799147E-16,0.));
#2781 = PCURVE('',#2574,#2782);
#2782 = DEFINITIONAL_REPRESENTATION('',(#2783),#2787);
#2783 = LINE('',#2784,#2785);
#2784 = CARTESIAN_POINT('',(0.,0.));
#2785 = VECTOR('',#2786,1.);
#2786 = DIRECTION('',(0.,1.));
#2787 = ( GEOMETRIC_REPRESENTATION_CONTEXT(2) 
PARAMETRIC_REPRESENTATION_CONTEXT() REPRESENTATION_CONTEXT('2D SPACE',''
  ) );
#2788 = PCURVE('',#2574,#2789);
#2789 = DEFINITIONAL_REPRESENTATION('',(#2790),#2794);
#2790 = LINE('',#2791,#2792);
#2791 = CARTESIAN_POINT('',(6.28318530718,0.));
#2792 = VECTOR('',#2793,1.);
#2793 = DIRECTION('',(0.,1.));
#2794 = ( GEOMETRIC_REPRESENTATION_CONTEXT(2) 
PARAMETRIC_REPRESENTATION_CONTEXT() REPRESENTATION_CONTEXT('2D SPACE',''
  ) );
#2795 = ORIENTED_EDGE('',*,*,#2796,.F.);
#2796 = EDGE_CURVE('',#2797,#2771,#2799,.T.);
#2797 = VERTEX_POINT('',#2798);
#2798 = CARTESIAN_POINT('',(20.,-4.898587196589E-15,-196.4862271128));
#2799 = SURFACE_CURVE('',#2800,(#2908,#3019),.PCURVE_S1.);
#2800 = B_SPLINE_CURVE_WITH_KNOTS('',8,(#2801,#2802,#2803,#2804,#2805,
    #2806,#2807,#2808,#2809,#2810,#2811,#2812,#2813,#2814,#2815,#2816,
    #2817,#2818,#2819,#2820,#2821,#2822,#2823,#2824,#2825,#2826,#2827,
    #2828,#2829,#2830,#2831,#2832,#2833,#2834,#2835,#2836,#2837,#2838,
    #2839,#2840,#2841,#2842,#2843,#2844,#2845,#2846,#2847,#2848,#2849,
    #2850,#2851,#2852,#2853,#2854,#2855,#2856,#2857,#2858,#2859,#2860,
    #2861,#2862,#2863,#2864,#2865,#2866,#2867,#2868,#2869,#2870,#2871,
    #2872,#2873,#2874,#2875,#2876,#2877,#2878,#2879,#2880,#2881,#2882,
    #2883,#2884,#2885,#2886,#2887,#2888,#2889,#2890,#2891,#2892,#2893,
    #2894,#2895,#2896,#2897,#2898,#2899,#2900,#2901,#2902,#2903,#2904,
    #2905,#2906,#2907),.UNSPECIFIED.,.F.,.F.,(9,7,7,7,7,7,7,7,7,7,7,7,7,
    7,7,9),(0.,5.800122756472E-02,0.116002455129,0.174003682694,
    0.232004910259,0.290006137824,0.348007365389,0.406008592953,
    0.464009820518,0.522011048083,0.580012275648,0.638013503213,
    0.696014730777,0.754015958342,0.798016912065,1.),.UNSPECIFIED.);
#2801 = CARTESIAN_POINT('',(20.,-7.105427357601E-15,-196.4862271128));
#2802 = CARTESIAN_POINT('',(20.,-0.455530587116,-196.4862271128));
#2803 = CARTESIAN_POINT('',(19.988142352053,-0.911062070025,
    -196.4862271128));
#2804 = CARTESIAN_POINT('',(19.964427106656,-1.366233053404,
    -196.4862271128));
#2805 = CARTESIAN_POINT('',(19.928867391656,-1.820683336667,
    -196.4862271128));
#2806 = CARTESIAN_POINT('',(19.881489412254,-2.274053913961,
    -196.4862271128));
#2807 = CARTESIAN_POINT('',(19.822332451002,-2.72598697417,
    -196.4862271128));
#2808 = CARTESIAN_POINT('',(19.751448867801,-3.176125900912,
    -196.4862271128));
#2809 = CARTESIAN_POINT('',(19.586359332013,-4.072104644169,
    -196.4862271128));
#2810 = CARTESIAN_POINT('',(19.49215305478,-4.517946222609,
    -196.4862271128));
#2811 = CARTESIAN_POINT('',(19.386350804785,-4.961284604515,
    -196.4862271128));
#2812 = CARTESIAN_POINT('',(19.269030762969,-5.401767931187,
    -196.4862271128));
#2813 = CARTESIAN_POINT('',(19.140283754639,-5.839047888577,
    -196.4862271128));
#2814 = CARTESIAN_POINT('',(19.000213249469,-6.272779707281,
    -196.4862271128));
#2815 = CARTESIAN_POINT('',(18.848935361499,-6.702622162545,
    -196.4862271128));
#2816 = CARTESIAN_POINT('',(18.524222336768,-7.55385298598,
    -196.4862271128));
#2817 = CARTESIAN_POINT('',(18.350786561465,-7.97524302808,
    -196.4862271128));
#2818 = CARTESIAN_POINT('',(18.166400375991,-8.392070056452,
    -196.4862271128));
#2819 = CARTESIAN_POINT('',(17.971204425841,-8.804002204182,
    -196.4862271128));
#2820 = CARTESIAN_POINT('',(17.765351149244,-9.210713381559,
    -196.4862271128));
#2821 = CARTESIAN_POINT('',(17.549004777156,-9.611883276066,
    -196.4862271128));
#2822 = CARTESIAN_POINT('',(17.322341333265,-10.00719735238,
    -196.4862271128));
#2823 = CARTESIAN_POINT('',(16.84875593471,-10.78549635243,
    -196.4862271128));
#2824 = CARTESIAN_POINT('',(16.60183304875,-11.16848280666,
    -196.4862271128));
#2825 = CARTESIAN_POINT('',(16.344967878801,-11.54499750949,
    -196.4862271128));
#2826 = CARTESIAN_POINT('',(16.078358878201,-11.91473957375,
    -196.4862271128));
#2827 = CARTESIAN_POINT('',(15.802215050927,-12.27741593078,
    -196.4862271128));
#2828 = CARTESIAN_POINT('',(15.5167559516,-12.63274133036,
    -196.4862271128));
#2829 = CARTESIAN_POINT('',(15.222211685484,-12.98043834075,
    -196.4862271128));
#2830 = CARTESIAN_POINT('',(14.615434131486,-13.66003635661,
    -196.4862271128));
#2831 = CARTESIAN_POINT('',(14.303199650388,-13.99193869849,
    -196.4862271128));
#2832 = CARTESIAN_POINT('',(13.982360196429,-14.31567482833,
    -196.4862271128));
#2833 = CARTESIAN_POINT('',(13.65316546008,-14.63098480097,
    -196.4862271128));
#2834 = CARTESIAN_POINT('',(13.315874091033,-14.93761827216,
    -196.4862271128));
#2835 = CARTESIAN_POINT('',(12.970753698211,-15.23533449851,
    -196.4862271128));
#2836 = CARTESIAN_POINT('',(12.618080849762,-15.52390233751,
    -196.4862271128));
#2837 = CARTESIAN_POINT('',(11.898201296361,-16.08229815751,
    -196.4862271128));
#2838 = CARTESIAN_POINT('',(11.530993175779,-16.35212723658,
    -196.4862271128));
#2839 = CARTESIAN_POINT('',(11.156802300591,-16.61236602289,
    -196.4862271128));
#2840 = CARTESIAN_POINT('',(10.775921331246,-16.86280411999,
    -196.4862271128));
#2841 = CARTESIAN_POINT('',(10.38864999937,-17.10324219684,
    -196.4862271128));
#2842 = CARTESIAN_POINT('',(9.995295107762,-17.33349198777,
    -196.4862271128));
#2843 = CARTESIAN_POINT('',(9.5961705304,-17.55337629253,-196.4862271128
    ));
#2844 = CARTESIAN_POINT('',(8.787023894464,-17.97208166,-196.4862271128)
  );
#2845 = CARTESIAN_POINT('',(8.37700024472,-18.17090354609,
    -196.4862271128));
#2846 = CARTESIAN_POINT('',(7.961847254764,-18.35902858936,
    -196.4862271128));
#2847 = CARTESIAN_POINT('',(7.541890865161,-18.5363029082,
    -196.4862271128));
#2848 = CARTESIAN_POINT('',(7.117461965476,-18.70258478454,
    -196.4862271128));
#2849 = CARTESIAN_POINT('',(6.688896394273,-18.85774466387,
    -196.4862271128));
#2850 = CARTESIAN_POINT('',(6.256534939116,-19.00166515522,
    -196.4862271128));
#2851 = CARTESIAN_POINT('',(5.38491173402,-19.26681690712,
    -196.4862271128));
#2852 = CARTESIAN_POINT('',(4.94564827005,-19.38804868908,
    -196.4862271128));
#2853 = CARTESIAN_POINT('',(4.503278710615,-19.49783124626,
    -196.4862271128));
#2854 = CARTESIAN_POINT('',(4.058151484636,-19.59607230682,
    -196.4862271128));
#2855 = CARTESIAN_POINT('',(3.610617683999,-19.68269245792,
    -196.4862271128));
#2856 = CARTESIAN_POINT('',(3.161031063555,-19.75762514566,
    -196.4862271128));
#2857 = CARTESIAN_POINT('',(2.709748041119,-19.82081667513,
    -196.4862271128));
#2858 = CARTESIAN_POINT('',(1.804507353825,-19.92363574566,
    -196.4862271128));
#2859 = CARTESIAN_POINT('',(1.350547908828,-19.9632634889,
    -196.4862271128));
#2860 = CARTESIAN_POINT('',(0.89560845466,-19.99106870452,
    -196.4862271128));
#2861 = CARTESIAN_POINT('',(0.440048372259,-20.00702378557,
    -196.4862271128));
#2862 = CARTESIAN_POINT('',(-1.577266867567E-02,-20.01111425373,
    -196.4862271128));
#2863 = CARTESIAN_POINT('',(-0.471494709685,-20.00333875932,
    -196.4862271128));
#2864 = CARTESIAN_POINT('',(-0.926757503548,-19.98370908128,
    -196.4862271128));
#2865 = CARTESIAN_POINT('',(-1.835643525023,-19.92079117316,
    -196.4862271128));
#2866 = CARTESIAN_POINT('',(-2.289268539942,-19.87750281935,
    -196.4862271128));
#2867 = CARTESIAN_POINT('',(-2.741715030038,-19.82241007413,
    -196.4862271128));
#2868 = CARTESIAN_POINT('',(-3.192624561308,-19.75555090948,
    -196.4862271128));
#2869 = CARTESIAN_POINT('',(-3.641640794757,-19.67697626097,
    -196.4862271128));
#2870 = CARTESIAN_POINT('',(-4.088409486395,-19.58675002783,
    -196.4862271128));
#2871 = CARTESIAN_POINT('',(-4.532578487235,-19.48494907288,
    -196.4862271128));
#2872 = CARTESIAN_POINT('',(-5.415016999355,-19.25837737226,
    -196.4862271128));
#2873 = CARTESIAN_POINT('',(-5.853288245935,-19.13360618104,
    -196.4862271128));
#2874 = CARTESIAN_POINT('',(-6.288261454168,-18.99743957319,
    -196.4862271128));
#2875 = CARTESIAN_POINT('',(-6.719591004596,-18.84997984236,
    -196.4862271128));
#2876 = CARTESIAN_POINT('',(-7.146935687163,-18.69134165159,
    -196.4862271128));
#2877 = CARTESIAN_POINT('',(-7.56995870122,-18.52165203331,
    -196.4862271128));
#2878 = CARTESIAN_POINT('',(-7.988327655524,-18.34105038932,
    -196.4862271128));
#2879 = CARTESIAN_POINT('',(-8.815101480944,-17.95832659232,
    -196.4862271128));
#2880 = CARTESIAN_POINT('',(-9.223507977897,-17.75620368668,
    -196.4862271128));
#2881 = CARTESIAN_POINT('',(-9.62660611968,-17.54347163675,
    -196.4862271128));
#2882 = CARTESIAN_POINT('',(-10.02407454469,-17.32029367098,
    -196.4862271128));
#2883 = CARTESIAN_POINT('',(-10.41559846914,-17.0868443834,
    -196.4862271128));
#2884 = CARTESIAN_POINT('',(-10.80086968706,-16.84330973367,
    -196.4862271128));
#2885 = CARTESIAN_POINT('',(-11.17958657027,-16.58988704703,
    -196.4862271128));
#2886 = CARTESIAN_POINT('',(-11.9233215666,-16.06368298165,
    -196.4862271128));
#2887 = CARTESIAN_POINT('',(-12.28834114226,-15.79090056813,
    -196.4862271128));
#2888 = CARTESIAN_POINT('',(-12.64621780338,-15.50864654708,
    -196.4862271128));
#2889 = CARTESIAN_POINT('',(-12.99666508639,-15.21713967731,
    -196.4862271128));
#2890 = CARTESIAN_POINT('',(-13.33940505611,-14.91660870312,
    -196.4862271128));
#2891 = CARTESIAN_POINT('',(-13.67416830581,-14.60729235435,
    -196.4862271128));
#2892 = CARTESIAN_POINT('',(-14.00069395721,-14.28943934632,
    -196.4862271128));
#2893 = CARTESIAN_POINT('',(-14.55999824813,-13.71589855486,
    -196.4862271128));
#2894 = CARTESIAN_POINT('',(-14.79638134866,-13.46372419654,
    -196.4862271128));
#2895 = CARTESIAN_POINT('',(-15.02776897864,-13.20689810158,
    -196.4862271128));
#2896 = CARTESIAN_POINT('',(-15.25405446986,-12.94553588012,
    -196.4862271128));
#2897 = CARTESIAN_POINT('',(-15.4751344693,-12.67975595577,
    -196.4862271128));
#2898 = CARTESIAN_POINT('',(-15.6909089391,-12.40967956557,
    -196.4862271128));
#2899 = CARTESIAN_POINT('',(-15.90128115657,-12.13543076006,
    -196.4862271128));
#2900 = CARTESIAN_POINT('',(-17.04662823263,-10.57964696731,
    -196.4862271128));
#2901 = CARTESIAN_POINT('',(-17.87155905639,-9.216550090535,
    -196.4862271128));
#2902 = CARTESIAN_POINT('',(-18.57142343549,-7.780550600757,
    -196.4862271128));
#2903 = CARTESIAN_POINT('',(-19.13892147187,-6.285155133318,
    -196.4862271128));
#2904 = CARTESIAN_POINT('',(-19.56846622974,-4.744456289895,
    -196.4862271128));
#2905 = CARTESIAN_POINT('',(-19.85620201759,-3.173115206523,
    -196.4862271128));
#2906 = CARTESIAN_POINT('',(-20.,-1.586336677654,-196.4862271128));
#2907 = CARTESIAN_POINT('',(-20.,-3.552713678801E-15,-196.4862271128));
#2908 = PCURVE('',#2574,#2909);
#2909 = DEFINITIONAL_REPRESENTATION('',(#2910),#3018);
#2910 = B_SPLINE_CURVE_WITH_KNOTS('',8,(#2911,#2912,#2913,#2914,#2915,
    #2916,#2917,#2918,#2919,#2920,#2921,#2922,#2923,#2924,#2925,#2926,
    #2927,#2928,#2929,#2930,#2931,#2932,#2933,#2934,#2935,#2936,#2937,
    #2938,#2939,#2940,#2941,#2942,#2943,#2944,#2945,#2946,#2947,#2948,
    #2949,#2950,#2951,#2952,#2953,#2954,#2955,#2956,#2957,#2958,#2959,
    #2960,#2961,#2962,#2963,#2964,#2965,#2966,#2967,#2968,#2969,#2970,
    #2971,#2972,#2973,#2974,#2975,#2976,#2977,#2978,#2979,#2980,#2981,
    #2982,#2983,#2984,#2985,#2986,#2987,#2988,#2989,#2990,#2991,#2992,
    #2993,#2994,#2995,#2996,#2997,#2998,#2999,#3000,#3001,#3002,#3003,
    #3004,#3005,#3006,#3007,#3008,#3009,#3010,#3011,#3012,#3013,#3014,
    #3015,#3016,#3017),.UNSPECIFIED.,.F.,.F.,(9,7,7,7,7,7,7,7,7,7,7,7,7,
    7,7,9),(0.,5.800122756472E-02,0.116002455129,0.174003682694,
    0.232004910259,0.290006137824,0.348007365389,0.406008592953,
    0.464009820518,0.522011048083,0.580012275648,0.638013503213,
    0.696014730777,0.754015958342,0.798016912065,1.),.UNSPECIFIED.);
#2911 = CARTESIAN_POINT('',(3.14159265359,4.763185969174));
#2912 = CARTESIAN_POINT('',(3.118816124234,4.763185969174));
#2913 = CARTESIAN_POINT('',(3.096039579979,4.763185969174));
#2914 = CARTESIAN_POINT('',(3.07326302579,4.763185969174));
#2915 = CARTESIAN_POINT('',(3.050486466636,4.763185969174));
#2916 = CARTESIAN_POINT('',(3.027709907481,4.763185969174));
#2917 = CARTESIAN_POINT('',(3.004933353293,4.763185969174));
#2918 = CARTESIAN_POINT('',(2.982156809038,4.763185969174));
#2919 = CARTESIAN_POINT('',(2.936603750326,4.763185969174));
#2920 = CARTESIAN_POINT('',(2.913827206071,4.763185969174));
#2921 = CARTESIAN_POINT('',(2.891050651882,4.763185969174));
#2922 = CARTESIAN_POINT('',(2.868274092728,4.763185969174));
#2923 = CARTESIAN_POINT('',(2.845497533573,4.763185969174));
#2924 = CARTESIAN_POINT('',(2.822720979385,4.763185969174));
#2925 = CARTESIAN_POINT('',(2.799944435129,4.763185969174));
#2926 = CARTESIAN_POINT('',(2.754391376418,4.763185969174));
#2927 = CARTESIAN_POINT('',(2.731614832162,4.763185969174));
#2928 = CARTESIAN_POINT('',(2.708838277974,4.763185969174));
#2929 = CARTESIAN_POINT('',(2.686061718819,4.763185969174));
#2930 = CARTESIAN_POINT('',(2.663285159665,4.763185969174));
#2931 = CARTESIAN_POINT('',(2.640508605476,4.763185969174));
#2932 = CARTESIAN_POINT('',(2.617732061221,4.763185969174));
#2933 = CARTESIAN_POINT('',(2.572179002509,4.763185969174));
#2934 = CARTESIAN_POINT('',(2.549402458254,4.763185969174));
#2935 = CARTESIAN_POINT('',(2.526625904066,4.763185969174));
#2936 = CARTESIAN_POINT('',(2.503849344911,4.763185969174));
#2937 = CARTESIAN_POINT('',(2.481072785756,4.763185969174));
#2938 = CARTESIAN_POINT('',(2.458296231568,4.763185969174));
#2939 = CARTESIAN_POINT('',(2.435519687313,4.763185969174));
#2940 = CARTESIAN_POINT('',(2.389966628601,4.763185969174));
#2941 = CARTESIAN_POINT('',(2.367190084346,4.763185969174));
#2942 = CARTESIAN_POINT('',(2.344413530158,4.763185969174));
#2943 = CARTESIAN_POINT('',(2.321636971003,4.763185969174));
#2944 = CARTESIAN_POINT('',(2.298860411848,4.763185969174));
#2945 = CARTESIAN_POINT('',(2.27608385766,4.763185969174));
#2946 = CARTESIAN_POINT('',(2.253307313405,4.763185969174));
#2947 = CARTESIAN_POINT('',(2.207754254693,4.763185969174));
#2948 = CARTESIAN_POINT('',(2.184977710438,4.763185969174));
#2949 = CARTESIAN_POINT('',(2.16220115625,4.763185969174));
#2950 = CARTESIAN_POINT('',(2.139424597095,4.763185969174));
#2951 = CARTESIAN_POINT('',(2.11664803794,4.763185969174));
#2952 = CARTESIAN_POINT('',(2.093871483752,4.763185969174));
#2953 = CARTESIAN_POINT('',(2.071094939496,4.763185969174));
#2954 = CARTESIAN_POINT('',(2.025541880785,4.763185969174));
#2955 = CARTESIAN_POINT('',(2.00276533653,4.763185969174));
#2956 = CARTESIAN_POINT('',(1.979988782341,4.763185969174));
#2957 = CARTESIAN_POINT('',(1.957212223187,4.763185969174));
#2958 = CARTESIAN_POINT('',(1.934435664032,4.763185969174));
#2959 = CARTESIAN_POINT('',(1.911659109844,4.763185969174));
#2960 = CARTESIAN_POINT('',(1.888882565588,4.763185969174));
#2961 = CARTESIAN_POINT('',(1.843329506877,4.763185969174));
#2962 = CARTESIAN_POINT('',(1.820552962621,4.763185969174));
#2963 = CARTESIAN_POINT('',(1.797776408433,4.763185969174));
#2964 = CARTESIAN_POINT('',(1.774999849278,4.763185969174));
#2965 = CARTESIAN_POINT('',(1.752223290124,4.763185969174));
#2966 = CARTESIAN_POINT('',(1.729446735935,4.763185969174));
#2967 = CARTESIAN_POINT('',(1.70667019168,4.763185969174));
#2968 = CARTESIAN_POINT('',(1.661117132968,4.763185969174));
#2969 = CARTESIAN_POINT('',(1.638340588713,4.763185969174));
#2970 = CARTESIAN_POINT('',(1.615564034525,4.763185969174));
#2971 = CARTESIAN_POINT('',(1.59278747537,4.763185969174));
#2972 = CARTESIAN_POINT('',(1.570010916215,4.763185969174));
#2973 = CARTESIAN_POINT('',(1.547234362027,4.763185969174));
#2974 = CARTESIAN_POINT('',(1.524457817772,4.763185969174));
#2975 = CARTESIAN_POINT('',(1.47890475906,4.763185969174));
#2976 = CARTESIAN_POINT('',(1.456128214805,4.763185969174));
#2977 = CARTESIAN_POINT('',(1.433351660617,4.763185969174));
#2978 = CARTESIAN_POINT('',(1.410575101462,4.763185969174));
#2979 = CARTESIAN_POINT('',(1.387798542307,4.763185969174));
#2980 = CARTESIAN_POINT('',(1.365021988119,4.763185969174));
#2981 = CARTESIAN_POINT('',(1.342245443864,4.763185969174));
#2982 = CARTESIAN_POINT('',(1.296692385152,4.763185969174));
#2983 = CARTESIAN_POINT('',(1.273915840897,4.763185969174));
#2984 = CARTESIAN_POINT('',(1.251139286708,4.763185969174));
#2985 = CARTESIAN_POINT('',(1.228362727554,4.763185969174));
#2986 = CARTESIAN_POINT('',(1.205586168399,4.763185969174));
#2987 = CARTESIAN_POINT('',(1.182809614211,4.763185969174));
#2988 = CARTESIAN_POINT('',(1.160033069955,4.763185969174));
#2989 = CARTESIAN_POINT('',(1.114480011244,4.763185969174));
#2990 = CARTESIAN_POINT('',(1.091703466989,4.763185969174));
#2991 = CARTESIAN_POINT('',(1.0689269128,4.763185969174));
#2992 = CARTESIAN_POINT('',(1.046150353646,4.763185969174));
#2993 = CARTESIAN_POINT('',(1.023373794491,4.763185969174));
#2994 = CARTESIAN_POINT('',(1.000597240303,4.763185969174));
#2995 = CARTESIAN_POINT('',(0.977820696047,4.763185969174));
#2996 = CARTESIAN_POINT('',(0.932267637336,4.763185969174));
#2997 = CARTESIAN_POINT('',(0.90949109308,4.763185969174));
#2998 = CARTESIAN_POINT('',(0.886714538892,4.763185969174));
#2999 = CARTESIAN_POINT('',(0.863937979737,4.763185969174));
#3000 = CARTESIAN_POINT('',(0.841161420583,4.763185969174));
#3001 = CARTESIAN_POINT('',(0.818384866394,4.763185969174));
#3002 = CARTESIAN_POINT('',(0.795608322139,4.763185969174));
#3003 = CARTESIAN_POINT('',(0.755553037553,4.763185969174));
#3004 = CARTESIAN_POINT('',(0.738274278582,4.763185969174));
#3005 = CARTESIAN_POINT('',(0.720995517117,4.763185969174));
#3006 = CARTESIAN_POINT('',(0.703716754404,4.763185969174));
#3007 = CARTESIAN_POINT('',(0.686437991692,4.763185969174));
#3008 = CARTESIAN_POINT('',(0.669159230227,4.763185969174));
#3009 = CARTESIAN_POINT('',(0.651880471255,4.763185969174));
#3010 = CARTESIAN_POINT('',(0.555284882143,4.763185969174));
#3011 = CARTESIAN_POINT('',(0.475945968155,4.763185969174));
#3012 = CARTESIAN_POINT('',(0.396618466131,4.763185969174));
#3013 = CARTESIAN_POINT('',(0.317300858011,4.763185969174));
#3014 = CARTESIAN_POINT('',(0.237983249896,4.763185969174));
#3015 = CARTESIAN_POINT('',(0.15865574787,4.763185969174));
#3016 = CARTESIAN_POINT('',(7.931683388271E-02,4.763185969174));
#3017 = CARTESIAN_POINT('',(0.,4.763185969174));
#3018 = ( GEOMETRIC_REPRESENTATION_CONTEXT(2) 
PARAMETRIC_REPRESENTATION_CONTEXT() REPRESENTATION_CONTEXT('2D SPACE',''
  ) );
#3019 = PCURVE('',#3020,#3025);
#3020 = CYLINDRICAL_SURFACE('',#3021,20.);
#3021 = AXIS2_PLACEMENT_3D('',#3022,#3023,#3024);
#3022 = CARTESIAN_POINT('',(0.,0.,-198.6));
#3023 = DIRECTION('',(0.,0.,1.));
#3024 = DIRECTION('',(1.,0.,-0.));
#3025 = DEFINITIONAL_REPRESENTATION('',(#3026),#3134);
#3026 = B_SPLINE_CURVE_WITH_KNOTS('',8,(#3027,#3028,#3029,#3030,#3031,
    #3032,#3033,#3034,#3035,#3036,#3037,#3038,#3039,#3040,#3041,#3042,
    #3043,#3044,#3045,#3046,#3047,#3048,#3049,#3050,#3051,#3052,#3053,
    #3054,#3055,#3056,#3057,#3058,#3059,#3060,#3061,#3062,#3063,#3064,
    #3065,#3066,#3067,#3068,#3069,#3070,#3071,#3072,#3073,#3074,#3075,
    #3076,#3077,#3078,#3079,#3080,#3081,#3082,#3083,#3084,#3085,#3086,
    #3087,#3088,#3089,#3090,#3091,#3092,#3093,#3094,#3095,#3096,#3097,
    #3098,#3099,#3100,#3101,#3102,#3103,#3104,#3105,#3106,#3107,#3108,
    #3109,#3110,#3111,#3112,#3113,#3114,#3115,#3116,#3117,#3118,#3119,
    #3120,#3121,#3122,#3123,#3124,#3125,#3126,#3127,#3128,#3129,#3130,
    #3131,#3132,#3133),.UNSPECIFIED.,.F.,.F.,(9,7,7,7,7,7,7,7,7,7,7,7,7,
    7,7,9),(0.,5.800122756472E-02,0.116002455129,0.174003682694,
    0.232004910259,0.290006137824,0.348007365389,0.406008592953,
    0.464009820518,0.522011048083,0.580012275648,0.638013503213,
    0.696014730777,0.754015958342,0.798016912065,1.),.UNSPECIFIED.);
#3027 = CARTESIAN_POINT('',(6.28318530718,2.113772887192));
#3028 = CARTESIAN_POINT('',(6.260408777824,2.113772887192));
#3029 = CARTESIAN_POINT('',(6.237632233569,2.113772887192));
#3030 = CARTESIAN_POINT('',(6.21485567938,2.113772887192));
#3031 = CARTESIAN_POINT('',(6.192079120226,2.113772887192));
#3032 = CARTESIAN_POINT('',(6.169302561071,2.113772887192));
#3033 = CARTESIAN_POINT('',(6.146526006883,2.113772887192));
#3034 = CARTESIAN_POINT('',(6.123749462627,2.113772887192));
#3035 = CARTESIAN_POINT('',(6.078196403916,2.113772887192));
#3036 = CARTESIAN_POINT('',(6.05541985966,2.113772887192));
#3037 = CARTESIAN_POINT('',(6.032643305472,2.113772887192));
#3038 = CARTESIAN_POINT('',(6.009866746317,2.113772887192));
#3039 = CARTESIAN_POINT('',(5.987090187163,2.113772887192));
#3040 = CARTESIAN_POINT('',(5.964313632974,2.113772887192));
#3041 = CARTESIAN_POINT('',(5.941537088719,2.113772887192));
#3042 = CARTESIAN_POINT('',(5.895984030007,2.113772887192));
#3043 = CARTESIAN_POINT('',(5.873207485752,2.113772887192));
#3044 = CARTESIAN_POINT('',(5.850430931564,2.113772887192));
#3045 = CARTESIAN_POINT('',(5.827654372409,2.113772887192));
#3046 = CARTESIAN_POINT('',(5.804877813254,2.113772887192));
#3047 = CARTESIAN_POINT('',(5.782101259066,2.113772887192));
#3048 = CARTESIAN_POINT('',(5.759324714811,2.113772887192));
#3049 = CARTESIAN_POINT('',(5.713771656099,2.113772887192));
#3050 = CARTESIAN_POINT('',(5.690995111844,2.113772887192));
#3051 = CARTESIAN_POINT('',(5.668218557656,2.113772887192));
#3052 = CARTESIAN_POINT('',(5.645441998501,2.113772887192));
#3053 = CARTESIAN_POINT('',(5.622665439346,2.113772887192));
#3054 = CARTESIAN_POINT('',(5.599888885158,2.113772887192));
#3055 = CARTESIAN_POINT('',(5.577112340903,2.113772887192));
#3056 = CARTESIAN_POINT('',(5.531559282191,2.113772887192));
#3057 = CARTESIAN_POINT('',(5.508782737936,2.113772887192));
#3058 = CARTESIAN_POINT('',(5.486006183748,2.113772887192));
#3059 = CARTESIAN_POINT('',(5.463229624593,2.113772887192));
#3060 = CARTESIAN_POINT('',(5.440453065438,2.113772887192));
#3061 = CARTESIAN_POINT('',(5.41767651125,2.113772887192));
#3062 = CARTESIAN_POINT('',(5.394899966994,2.113772887192));
#3063 = CARTESIAN_POINT('',(5.349346908283,2.113772887192));
#3064 = CARTESIAN_POINT('',(5.326570364028,2.113772887192));
#3065 = CARTESIAN_POINT('',(5.303793809839,2.113772887192));
#3066 = CARTESIAN_POINT('',(5.281017250685,2.113772887192));
#3067 = CARTESIAN_POINT('',(5.25824069153,2.113772887192));
#3068 = CARTESIAN_POINT('',(5.235464137342,2.113772887192));
#3069 = CARTESIAN_POINT('',(5.212687593086,2.113772887192));
#3070 = CARTESIAN_POINT('',(5.167134534375,2.113772887192));
#3071 = CARTESIAN_POINT('',(5.144357990119,2.113772887192));
#3072 = CARTESIAN_POINT('',(5.121581435931,2.113772887192));
#3073 = CARTESIAN_POINT('',(5.098804876776,2.113772887192));
#3074 = CARTESIAN_POINT('',(5.076028317622,2.113772887192));
#3075 = CARTESIAN_POINT('',(5.053251763433,2.113772887192));
#3076 = CARTESIAN_POINT('',(5.030475219178,2.113772887192));
#3077 = CARTESIAN_POINT('',(4.984922160466,2.113772887192));
#3078 = CARTESIAN_POINT('',(4.962145616211,2.113772887192));
#3079 = CARTESIAN_POINT('',(4.939369062023,2.113772887192));
#3080 = CARTESIAN_POINT('',(4.916592502868,2.113772887192));
#3081 = CARTESIAN_POINT('',(4.893815943713,2.113772887192));
#3082 = CARTESIAN_POINT('',(4.871039389525,2.113772887192));
#3083 = CARTESIAN_POINT('',(4.84826284527,2.113772887192));
#3084 = CARTESIAN_POINT('',(4.802709786558,2.113772887192));
#3085 = CARTESIAN_POINT('',(4.779933242303,2.113772887192));
#3086 = CARTESIAN_POINT('',(4.757156688115,2.113772887192));
#3087 = CARTESIAN_POINT('',(4.73438012896,2.113772887192));
#3088 = CARTESIAN_POINT('',(4.711603569805,2.113772887192));
#3089 = CARTESIAN_POINT('',(4.688827015617,2.113772887192));
#3090 = CARTESIAN_POINT('',(4.666050471362,2.113772887192));
#3091 = CARTESIAN_POINT('',(4.62049741265,2.113772887192));
#3092 = CARTESIAN_POINT('',(4.597720868395,2.113772887192));
#3093 = CARTESIAN_POINT('',(4.574944314206,2.113772887192));
#3094 = CARTESIAN_POINT('',(4.552167755052,2.113772887192));
#3095 = CARTESIAN_POINT('',(4.529391195897,2.113772887192));
#3096 = CARTESIAN_POINT('',(4.506614641709,2.113772887192));
#3097 = CARTESIAN_POINT('',(4.483838097453,2.113772887192));
#3098 = CARTESIAN_POINT('',(4.438285038742,2.113772887192));
#3099 = CARTESIAN_POINT('',(4.415508494487,2.113772887192));
#3100 = CARTESIAN_POINT('',(4.392731940298,2.113772887192));
#3101 = CARTESIAN_POINT('',(4.369955381144,2.113772887192));
#3102 = CARTESIAN_POINT('',(4.347178821989,2.113772887192));
#3103 = CARTESIAN_POINT('',(4.324402267801,2.113772887192));
#3104 = CARTESIAN_POINT('',(4.301625723545,2.113772887192));
#3105 = CARTESIAN_POINT('',(4.256072664834,2.113772887192));
#3106 = CARTESIAN_POINT('',(4.233296120578,2.113772887192));
#3107 = CARTESIAN_POINT('',(4.21051956639,2.113772887192));
#3108 = CARTESIAN_POINT('',(4.187743007235,2.113772887192));
#3109 = CARTESIAN_POINT('',(4.164966448081,2.113772887192));
#3110 = CARTESIAN_POINT('',(4.142189893892,2.113772887192));
#3111 = CARTESIAN_POINT('',(4.119413349637,2.113772887192));
#3112 = CARTESIAN_POINT('',(4.073860290925,2.113772887192));
#3113 = CARTESIAN_POINT('',(4.05108374667,2.113772887192));
#3114 = CARTESIAN_POINT('',(4.028307192482,2.113772887192));
#3115 = CARTESIAN_POINT('',(4.005530633327,2.113772887192));
#3116 = CARTESIAN_POINT('',(3.982754074172,2.113772887192));
#3117 = CARTESIAN_POINT('',(3.959977519984,2.113772887192));
#3118 = CARTESIAN_POINT('',(3.937200975729,2.113772887192));
#3119 = CARTESIAN_POINT('',(3.897145691143,2.113772887192));
#3120 = CARTESIAN_POINT('',(3.879866932172,2.113772887192));
#3121 = CARTESIAN_POINT('',(3.862588170706,2.113772887192));
#3122 = CARTESIAN_POINT('',(3.845309407994,2.113772887192));
#3123 = CARTESIAN_POINT('',(3.828030645282,2.113772887192));
#3124 = CARTESIAN_POINT('',(3.810751883816,2.113772887192));
#3125 = CARTESIAN_POINT('',(3.793473124845,2.113772887192));
#3126 = CARTESIAN_POINT('',(3.696877535732,2.113772887192));
#3127 = CARTESIAN_POINT('',(3.617538621745,2.113772887192));
#3128 = CARTESIAN_POINT('',(3.53821111972,2.113772887192));
#3129 = CARTESIAN_POINT('',(3.458893511602,2.113772887192));
#3130 = CARTESIAN_POINT('',(3.379575903486,2.113772887192));
#3131 = CARTESIAN_POINT('',(3.30024840146,2.113772887192));
#3132 = CARTESIAN_POINT('',(3.220909487473,2.113772887192));
#3133 = CARTESIAN_POINT('',(3.14159265359,2.113772887192));
#3134 = ( GEOMETRIC_REPRESENTATION_CONTEXT(2) 
PARAMETRIC_REPRESENTATION_CONTEXT() REPRESENTATION_CONTEXT('2D SPACE',''
  ) );
#3135 = ORIENTED_EDGE('',*,*,#3136,.F.);
#3136 = EDGE_CURVE('',#2771,#2797,#3137,.T.);
#3137 = SURFACE_CURVE('',#3138,(#3169,#3203),.PCURVE_S1.);
#3138 = B_SPLINE_CURVE_WITH_KNOTS('',8,(#3139,#3140,#3141,#3142,#3143,
    #3144,#3145,#3146,#3147,#3148,#3149,#3150,#3151,#3152,#3153,#3154,
    #3155,#3156,#3157,#3158,#3159,#3160,#3161,#3162,#3163,#3164,#3165,
    #3166,#3167,#3168),.UNSPECIFIED.,.F.,.F.,(9,7,7,7,9),(0.,
    0.249999999999,0.499999999999,0.75,1.),.UNSPECIFIED.);
#3139 = CARTESIAN_POINT('',(-20.,2.449293598295E-15,-196.4862271128));
#3140 = CARTESIAN_POINT('',(-20.,1.963018789947,-196.4862271128));
#3141 = CARTESIAN_POINT('',(-19.77980297764,3.927310564949,
    -196.4862271128));
#3142 = CARTESIAN_POINT('',(-19.33891205515,5.862072611201,
    -196.4862271128));
#3143 = CARTESIAN_POINT('',(-18.68258479839,7.738580003654,
    -196.4862271128));
#3144 = CARTESIAN_POINT('',(-17.81978715014,9.529564559812,
    -196.4862271128));
#3145 = CARTESIAN_POINT('',(-16.76346074833,11.20940488371,
    -196.4862271128));
#3146 = CARTESIAN_POINT('',(-15.53019952169,12.754071725765,
    -196.4862271128));
#3147 = CARTESIAN_POINT('',(-12.75407172576,15.530199521701,
    -196.4862271128));
#3148 = CARTESIAN_POINT('',(-11.20940488373,16.763460748318,
    -196.4862271128));
#3149 = CARTESIAN_POINT('',(-9.529564559772,17.819787150172,
    -196.4862271128));
#3150 = CARTESIAN_POINT('',(-7.738580003707,18.682584798358,
    -196.4862271128));
#3151 = CARTESIAN_POINT('',(-5.862072611163,19.338912055173,
    -196.4862271128));
#3152 = CARTESIAN_POINT('',(-3.927310564969,19.779802977638,
    -196.4862271128));
#3153 = CARTESIAN_POINT('',(-1.963018789945,20.,-196.4862271128));
#3154 = CARTESIAN_POINT('',(1.963018789944,20.,-196.4862271128));
#3155 = CARTESIAN_POINT('',(3.92731056495,19.779802977639,
    -196.4862271128));
#3156 = CARTESIAN_POINT('',(5.862072611191,19.338912055173,
    -196.4862271128));
#3157 = CARTESIAN_POINT('',(7.738580003665,18.682584798363,
    -196.4862271128));
#3158 = CARTESIAN_POINT('',(9.529564559797,17.819787150169,
    -196.4862271128));
#3159 = CARTESIAN_POINT('',(11.209404883717,16.763460748325,
    -196.4862271128));
#3160 = CARTESIAN_POINT('',(12.754071725761,15.530199521701,
    -196.4862271128));
#3161 = CARTESIAN_POINT('',(15.530199521693,12.754071725769,
    -196.4862271128));
#3162 = CARTESIAN_POINT('',(16.763460748346,11.209404883707,
    -196.4862271128));
#3163 = CARTESIAN_POINT('',(17.819787150115,9.529564559824,
    -196.4862271128));
#3164 = CARTESIAN_POINT('',(18.682584798423,7.738580003648,
    -196.4862271128));
#3165 = CARTESIAN_POINT('',(19.338912055132,5.862072611207,
    -196.4862271128));
#3166 = CARTESIAN_POINT('',(19.779802977651,3.927310564948,
    -196.4862271128));
#3167 = CARTESIAN_POINT('',(20.,1.963018789948,-196.4862271128));
#3168 = CARTESIAN_POINT('',(20.,-6.890185696795E-15,-196.4862271128));
#3169 = PCURVE('',#2574,#3170);
#3170 = DEFINITIONAL_REPRESENTATION('',(#3171),#3202);
#3171 = B_SPLINE_CURVE_WITH_KNOTS('',8,(#3172,#3173,#3174,#3175,#3176,
    #3177,#3178,#3179,#3180,#3181,#3182,#3183,#3184,#3185,#3186,#3187,
    #3188,#3189,#3190,#3191,#3192,#3193,#3194,#3195,#3196,#3197,#3198,
    #3199,#3200,#3201),.UNSPECIFIED.,.F.,.F.,(9,7,7,7,9),(0.,
    0.249999999999,0.499999999999,0.75,1.),.UNSPECIFIED.);
#3172 = CARTESIAN_POINT('',(6.28318530718,4.763185969174));
#3173 = CARTESIAN_POINT('',(6.185034367682,4.763185969174));
#3174 = CARTESIAN_POINT('',(6.086819859393,4.763185969174));
#3175 = CARTESIAN_POINT('',(5.988640440551,4.763185969174));
#3176 = CARTESIAN_POINT('',(5.890486225478,4.763185969174));
#3177 = CARTESIAN_POINT('',(5.792332010414,4.763185969174));
#3178 = CARTESIAN_POINT('',(5.694152591568,4.763185969174));
#3179 = CARTESIAN_POINT('',(5.595938083279,4.763185969174));
#3180 = CARTESIAN_POINT('',(5.399636204285,4.763185969174));
#3181 = CARTESIAN_POINT('',(5.301421695996,4.763185969174));
#3182 = CARTESIAN_POINT('',(5.203242277152,4.763185969174));
#3183 = CARTESIAN_POINT('',(5.105088062082,4.763185969174));
#3184 = CARTESIAN_POINT('',(5.006933847016,4.763185969174));
#3185 = CARTESIAN_POINT('',(4.908754428171,4.763185969174));
#3186 = CARTESIAN_POINT('',(4.810539919882,4.763185969174));
#3187 = CARTESIAN_POINT('',(4.614238040887,4.763185969174));
#3188 = CARTESIAN_POINT('',(4.516023532598,4.763185969174));
#3189 = CARTESIAN_POINT('',(4.417844113755,4.763185969174));
#3190 = CARTESIAN_POINT('',(4.319689898686,4.763185969174));
#3191 = CARTESIAN_POINT('',(4.221535683618,4.763185969174));
#3192 = CARTESIAN_POINT('',(4.123356264774,4.763185969174));
#3193 = CARTESIAN_POINT('',(4.025141756485,4.763185969174));
#3194 = CARTESIAN_POINT('',(3.82883987749,4.763185969174));
#3195 = CARTESIAN_POINT('',(3.7306253692,4.763185969174));
#3196 = CARTESIAN_POINT('',(3.63244595036,4.763185969174));
#3197 = CARTESIAN_POINT('',(3.534291735285,4.763185969174));
#3198 = CARTESIAN_POINT('',(3.436137520223,4.763185969174));
#3199 = CARTESIAN_POINT('',(3.337958101375,4.763185969174));
#3200 = CARTESIAN_POINT('',(3.239743593087,4.763185969174));
#3201 = CARTESIAN_POINT('',(3.14159265359,4.763185969174));
#3202 = ( GEOMETRIC_REPRESENTATION_CONTEXT(2) 
PARAMETRIC_REPRESENTATION_CONTEXT() REPRESENTATION_CONTEXT('2D SPACE',''
  ) );
#3203 = PCURVE('',#3020,#3204);
#3204 = DEFINITIONAL_REPRESENTATION('',(#3205),#3236);
#3205 = B_SPLINE_CURVE_WITH_KNOTS('',8,(#3206,#3207,#3208,#3209,#3210,
    #3211,#3212,#3213,#3214,#3215,#3216,#3217,#3218,#3219,#3220,#3221,
    #3222,#3223,#3224,#3225,#3226,#3227,#3228,#3229,#3230,#3231,#3232,
    #3233,#3234,#3235),.UNSPECIFIED.,.F.,.F.,(9,7,7,7,9),(0.,
    0.249999999999,0.499999999999,0.75,1.),.UNSPECIFIED.);
#3206 = CARTESIAN_POINT('',(3.14159265359,2.113772887192));
#3207 = CARTESIAN_POINT('',(3.043441714092,2.113772887192));
#3208 = CARTESIAN_POINT('',(2.945227205803,2.113772887192));
#3209 = CARTESIAN_POINT('',(2.84704778696,2.113772887192));
#3210 = CARTESIAN_POINT('',(2.748893571891,2.113772887192));
#3211 = CARTESIAN_POINT('',(2.650739356823,2.113772887192));
#3212 = CARTESIAN_POINT('',(2.552559937979,2.113772887192));
#3213 = CARTESIAN_POINT('',(2.45434542969,2.113772887192));
#3214 = CARTESIAN_POINT('',(2.258043550695,2.113772887192));
#3215 = CARTESIAN_POINT('',(2.159829042407,2.113772887192));
#3216 = CARTESIAN_POINT('',(2.06164962356,2.113772887192));
#3217 = CARTESIAN_POINT('',(1.963495408496,2.113772887192));
#3218 = CARTESIAN_POINT('',(1.865341193423,2.113772887192));
#3219 = CARTESIAN_POINT('',(1.767161774582,2.113772887192));
#3220 = CARTESIAN_POINT('',(1.668947266292,2.113772887192));
#3221 = CARTESIAN_POINT('',(1.472645387298,2.113772887192));
#3222 = CARTESIAN_POINT('',(1.374430879008,2.113772887192));
#3223 = CARTESIAN_POINT('',(1.276251460166,2.113772887192));
#3224 = CARTESIAN_POINT('',(1.178097245094,2.113772887192));
#3225 = CARTESIAN_POINT('',(1.07994303003,2.113772887192));
#3226 = CARTESIAN_POINT('',(0.981763611183,2.113772887192));
#3227 = CARTESIAN_POINT('',(0.883549102895,2.113772887192));
#3228 = CARTESIAN_POINT('',(0.687247223901,2.113772887192));
#3229 = CARTESIAN_POINT('',(0.58903271561,2.113772887192));
#3230 = CARTESIAN_POINT('',(0.490853296769,2.113772887192));
#3231 = CARTESIAN_POINT('',(0.392699081697,2.113772887191));
#3232 = CARTESIAN_POINT('',(0.294544866632,2.113772887193));
#3233 = CARTESIAN_POINT('',(0.196365447786,2.113772887191));
#3234 = CARTESIAN_POINT('',(9.815093949742E-02,2.113772887192));
#3235 = CARTESIAN_POINT('',(0.,2.113772887192));
#3236 = ( GEOMETRIC_REPRESENTATION_CONTEXT(2) 
PARAMETRIC_REPRESENTATION_CONTEXT() REPRESENTATION_CONTEXT('2D SPACE',''
  ) );
#3237 = ORIENTED_EDGE('',*,*,#2770,.T.);
#3238 = ORIENTED_EDGE('',*,*,#3239,.T.);
#3239 = EDGE_CURVE('',#2773,#3240,#3242,.T.);
#3240 = VERTEX_POINT('',#3241);
#3241 = CARTESIAN_POINT('',(43.54,-1.066422432698E-14,-195.5343683975));
#3242 = SURFACE_CURVE('',#3243,(#3295,#3350),.PCURVE_S1.);
#3243 = B_SPLINE_CURVE_WITH_KNOTS('',8,(#3244,#3245,#3246,#3247,#3248,
    #3249,#3250,#3251,#3252,#3253,#3254,#3255,#3256,#3257,#3258,#3259,
    #3260,#3261,#3262,#3263,#3264,#3265,#3266,#3267,#3268,#3269,#3270,
    #3271,#3272,#3273,#3274,#3275,#3276,#3277,#3278,#3279,#3280,#3281,
    #3282,#3283,#3284,#3285,#3286,#3287,#3288,#3289,#3290,#3291,#3292,
    #3293,#3294),.UNSPECIFIED.,.F.,.F.,(9,7,7,7,7,7,7,9),(0.,
    0.118006707911,0.339988123172,0.517989014732,0.695989906291,
    0.747993502023,0.823998625344,1.),.UNSPECIFIED.);
#3244 = CARTESIAN_POINT('',(-43.54,5.332112163488E-15,-195.5343683975));
#3245 = CARTESIAN_POINT('',(-43.54,2.017552109055,-195.5343683975));
#3246 = CARTESIAN_POINT('',(-43.43315523147,4.035171176753,
    -195.5343683975));
#3247 = CARTESIAN_POINT('',(-43.21945361748,6.046157450428,
    -195.5343683975));
#3248 = CARTESIAN_POINT('',(-42.89940045504,8.043904766777,
    -195.5343683975));
#3249 = CARTESIAN_POINT('',(-42.47397812059,10.021894707126,
    -195.5343683975));
#3250 = CARTESIAN_POINT('',(-41.94463243194,11.973695750942,
    -195.5343683975));
#3251 = CARTESIAN_POINT('',(-41.31328566658,13.892967427586,
    -195.5343683975));
#3252 = CARTESIAN_POINT('',(-39.20746871969,19.310865868153,
    -195.5343683975));
#3253 = CARTESIAN_POINT('',(-37.47961361894,22.712734050541,
    -195.5343683975));
#3254 = CARTESIAN_POINT('',(-35.41508826515,25.935716476436,
    -195.5343683975));
#3255 = CARTESIAN_POINT('',(-33.03622539896,28.941404946758,
    -195.5343683975));
#3256 = CARTESIAN_POINT('',(-30.36963705021,31.695031336364,
    -195.5343683975));
#3257 = CARTESIAN_POINT('',(-27.44628793152,34.165640691426,
    -195.5343683975));
#3258 = CARTESIAN_POINT('',(-24.3013141914,36.326041245281,
    -195.5343683975));
#3259 = CARTESIAN_POINT('',(-18.30871862393,39.620498537208,
    -195.5343683975));
#3260 = CARTESIAN_POINT('',(-15.52431631133,40.87382294758,
    -195.5343683975));
#3261 = CARTESIAN_POINT('',(-12.64281149472,41.902951932516,
    -195.5343683975));
#3262 = CARTESIAN_POINT('',(-9.685384234553,42.699362882179,
    -195.5343683975));
#3263 = CARTESIAN_POINT('',(-6.673772352031,43.256893389884,
    -195.5343683975));
#3264 = CARTESIAN_POINT('',(-3.630245080329,43.571723857805,
    -195.5343683975));
#3265 = CARTESIAN_POINT('',(-0.577586803626,43.642404556484,
    -195.5343683975));
#3266 = CARTESIAN_POINT('',(5.499220786289,43.298402427007,
    -195.5343683975));
#3267 = CARTESIAN_POINT('',(8.52439980916,42.883661307981,
    -195.5343683975));
#3268 = CARTESIAN_POINT('',(11.512952301448,42.227360709094,
    -195.5343683975));
#3269 = CARTESIAN_POINT('',(14.442403053695,41.333512460811,
    -195.5343683975));
#3270 = CARTESIAN_POINT('',(17.291056168383,40.208424984488,
    -195.5343683975));
#3271 = CARTESIAN_POINT('',(20.038008168927,38.860674568333,
    -195.5343683975));
#3272 = CARTESIAN_POINT('',(22.663176137643,37.301119679465,
    -195.5343683975));
#3273 = CARTESIAN_POINT('',(25.87332412005,35.029890105541,
    -195.5343683975));
#3274 = CARTESIAN_POINT('',(26.587149318706,34.499429960392,
    -195.5343683975));
#3275 = CARTESIAN_POINT('',(27.288528613343,33.952357829139,
    -195.5343683975));
#3276 = CARTESIAN_POINT('',(27.977011375702,33.389015156021,
    -195.5343683975));
#3277 = CARTESIAN_POINT('',(28.652158838893,32.809757541164,
    -195.5343683975));
#3278 = CARTESIAN_POINT('',(29.313544097389,32.21495474058,
    -195.5343683975));
#3279 = CARTESIAN_POINT('',(29.960752107034,31.604990666163,
    -195.5343683975));
#3280 = CARTESIAN_POINT('',(31.517987616596,30.067202022796,
    -195.5343683975));
#3281 = CARTESIAN_POINT('',(32.411457585946,29.122598278299,
    -195.5343683975));
#3282 = CARTESIAN_POINT('',(33.272526253964,28.147698473401,
    -195.5343683975));
#3283 = CARTESIAN_POINT('',(34.099998137952,27.143803158089,
    -195.5343683975));
#3284 = CARTESIAN_POINT('',(34.892743351101,26.112265204391,
    -195.5343683975));
#3285 = CARTESIAN_POINT('',(35.64969688384,25.054489127002,
    -195.5343683975));
#3286 = CARTESIAN_POINT('',(36.369859427079,23.971931631264,
    -195.5343683975));
#3287 = CARTESIAN_POINT('',(38.632593636969,20.305390605614,
    -195.5343683975));
#3288 = CARTESIAN_POINT('',(40.010888929529,17.619445380117,
    -195.5343683975));
#3289 = CARTESIAN_POINT('',(41.175184687966,14.827457789227,
    -195.5343683975));
#3290 = CARTESIAN_POINT('',(42.116194504195,11.949445058503,
    -195.5343683975));
#3291 = CARTESIAN_POINT('',(42.826859614007,9.006077624684,
    -195.5343683975));
#3292 = CARTESIAN_POINT('',(43.302331398369,6.018652997104,
    -195.5343683975));
#3293 = CARTESIAN_POINT('',(43.54,3.009082711714,-195.5343683975));
#3294 = CARTESIAN_POINT('',(43.54,-1.499993426192E-14,-195.5343683975));
#3295 = PCURVE('',#2574,#3296);
#3296 = DEFINITIONAL_REPRESENTATION('',(#3297),#3349);
#3297 = B_SPLINE_CURVE_WITH_KNOTS('',8,(#3298,#3299,#3300,#3301,#3302,
    #3303,#3304,#3305,#3306,#3307,#3308,#3309,#3310,#3311,#3312,#3313,
    #3314,#3315,#3316,#3317,#3318,#3319,#3320,#3321,#3322,#3323,#3324,
    #3325,#3326,#3327,#3328,#3329,#3330,#3331,#3332,#3333,#3334,#3335,
    #3336,#3337,#3338,#3339,#3340,#3341,#3342,#3343,#3344,#3345,#3346,
    #3347,#3348),.UNSPECIFIED.,.F.,.F.,(9,7,7,7,7,7,7,9),(0.,
    0.118006707911,0.339988123172,0.517989014732,0.695989906291,
    0.747993502023,0.823998625344,1.),.UNSPECIFIED.);
#3298 = CARTESIAN_POINT('',(6.28318530718,4.823152821228));
#3299 = CARTESIAN_POINT('',(6.236847408487,4.823152821228));
#3300 = CARTESIAN_POINT('',(6.190507984624,4.823152821228));
#3301 = CARTESIAN_POINT('',(6.144169238863,4.823152821228));
#3302 = CARTESIAN_POINT('',(6.097831340618,4.823152821228));
#3303 = CARTESIAN_POINT('',(6.051493442373,4.823152821228));
#3304 = CARTESIAN_POINT('',(6.005154696612,4.823152821228));
#3305 = CARTESIAN_POINT('',(5.958815272748,4.823152821228));
#3306 = CARTESIAN_POINT('',(5.825311546673,4.823152821228));
#3307 = CARTESIAN_POINT('',(5.738110325957,4.823152821228));
#3308 = CARTESIAN_POINT('',(5.65092790116,4.823152821228));
#3309 = CARTESIAN_POINT('',(5.563760589505,4.823152821228));
#3310 = CARTESIAN_POINT('',(5.476593277859,4.823152821228));
#3311 = CARTESIAN_POINT('',(5.389410853056,4.823152821228));
#3312 = CARTESIAN_POINT('',(5.302209632343,4.823152821228));
#3313 = CARTESIAN_POINT('',(5.145147886106,4.823152821228));
#3314 = CARTESIAN_POINT('',(5.07524012758,4.823152821228));
#3315 = CARTESIAN_POINT('',(5.005338308234,4.823152821228));
#3316 = CARTESIAN_POINT('',(4.935442058786,4.823152821228));
#3317 = CARTESIAN_POINT('',(4.86554580935,4.823152821228));
#3318 = CARTESIAN_POINT('',(4.795643989997,4.823152821228));
#3319 = CARTESIAN_POINT('',(4.725736231473,4.823152821228));
#3320 = CARTESIAN_POINT('',(4.585944393768,4.823152821228));
#3321 = CARTESIAN_POINT('',(4.51603663524,4.823152821228));
#3322 = CARTESIAN_POINT('',(4.446134815896,4.823152821228));
#3323 = CARTESIAN_POINT('',(4.376238566447,4.823152821228));
#3324 = CARTESIAN_POINT('',(4.306342317011,4.823152821228));
#3325 = CARTESIAN_POINT('',(4.236440497658,4.823152821228));
#3326 = CARTESIAN_POINT('',(4.166532739134,4.823152821228));
#3327 = CARTESIAN_POINT('',(4.076216478139,4.823152821228));
#3328 = CARTESIAN_POINT('',(4.055796127334,4.823152821228));
#3329 = CARTESIAN_POINT('',(4.035375770755,4.823152821228));
#3330 = CARTESIAN_POINT('',(4.014955411288,4.823152821228));
#3331 = CARTESIAN_POINT('',(3.994535051821,4.823152821228));
#3332 = CARTESIAN_POINT('',(3.974114695242,4.823152821228));
#3333 = CARTESIAN_POINT('',(3.953694344437,4.823152821228));
#3334 = CARTESIAN_POINT('',(3.903428938679,4.823152821228));
#3335 = CARTESIAN_POINT('',(3.873583703806,4.823152821228));
#3336 = CARTESIAN_POINT('',(3.843738545057,4.823152821228));
#3337 = CARTESIAN_POINT('',(3.813893481458,4.823152821228));
#3338 = CARTESIAN_POINT('',(3.78404841786,4.823152821228));
#3339 = CARTESIAN_POINT('',(3.75420325911,4.823152821228));
#3340 = CARTESIAN_POINT('',(3.724358024237,4.823152821228));
#3341 = CARTESIAN_POINT('',(3.625402195539,4.823152821228));
#3342 = CARTESIAN_POINT('',(3.556280235897,4.823152821228));
#3343 = CARTESIAN_POINT('',(3.487163878232,4.823152821228));
#3344 = CARTESIAN_POINT('',(3.418052807101,4.823152821228));
#3345 = CARTESIAN_POINT('',(3.348941735987,4.823152821228));
#3346 = CARTESIAN_POINT('',(3.279825378311,4.823152821228));
#3347 = CARTESIAN_POINT('',(3.210703418673,4.823152821228));
#3348 = CARTESIAN_POINT('',(3.14159265359,4.823152821228));
#3349 = ( GEOMETRIC_REPRESENTATION_CONTEXT(2) 
PARAMETRIC_REPRESENTATION_CONTEXT() REPRESENTATION_CONTEXT('2D SPACE',''
  ) );
#3350 = PCURVE('',#3351,#3356);
#3351 = CYLINDRICAL_SURFACE('',#3352,43.54);
#3352 = AXIS2_PLACEMENT_3D('',#3353,#3354,#3355);
#3353 = CARTESIAN_POINT('',(0.,0.,-198.6));
#3354 = DIRECTION('',(0.,0.,1.));
#3355 = DIRECTION('',(1.,0.,-0.));
#3356 = DEFINITIONAL_REPRESENTATION('',(#3357),#3409);
#3357 = B_SPLINE_CURVE_WITH_KNOTS('',8,(#3358,#3359,#3360,#3361,#3362,
    #3363,#3364,#3365,#3366,#3367,#3368,#3369,#3370,#3371,#3372,#3373,
    #3374,#3375,#3376,#3377,#3378,#3379,#3380,#3381,#3382,#3383,#3384,
    #3385,#3386,#3387,#3388,#3389,#3390,#3391,#3392,#3393,#3394,#3395,
    #3396,#3397,#3398,#3399,#3400,#3401,#3402,#3403,#3404,#3405,#3406,
    #3407,#3408),.UNSPECIFIED.,.F.,.F.,(9,7,7,7,7,7,7,9),(0.,
    0.118006707911,0.339988123172,0.517989014732,0.695989906291,
    0.747993502023,0.823998625344,1.),.UNSPECIFIED.);
#3358 = CARTESIAN_POINT('',(3.14159265359,3.065631602479));
#3359 = CARTESIAN_POINT('',(3.095254754898,3.065631602479));
#3360 = CARTESIAN_POINT('',(3.048915331034,3.065631602479));
#3361 = CARTESIAN_POINT('',(3.002576585273,3.065631602479));
#3362 = CARTESIAN_POINT('',(2.956238687028,3.065631602479));
#3363 = CARTESIAN_POINT('',(2.909900788783,3.065631602479));
#3364 = CARTESIAN_POINT('',(2.863562043022,3.065631602479));
#3365 = CARTESIAN_POINT('',(2.817222619158,3.065631602479));
#3366 = CARTESIAN_POINT('',(2.683718893083,3.065631602479));
#3367 = CARTESIAN_POINT('',(2.596517672368,3.065631602479));
#3368 = CARTESIAN_POINT('',(2.509335247569,3.065631602479));
#3369 = CARTESIAN_POINT('',(2.422167935917,3.065631602479));
#3370 = CARTESIAN_POINT('',(2.335000624268,3.065631602479));
#3371 = CARTESIAN_POINT('',(2.247818199467,3.065631602479));
#3372 = CARTESIAN_POINT('',(2.160616978753,3.065631602479));
#3373 = CARTESIAN_POINT('',(2.003555232517,3.065631602479));
#3374 = CARTESIAN_POINT('',(1.93364747399,3.065631602479));
#3375 = CARTESIAN_POINT('',(1.863745654644,3.065631602479));
#3376 = CARTESIAN_POINT('',(1.793849405197,3.065631602479));
#3377 = CARTESIAN_POINT('',(1.72395315576,3.065631602479));
#3378 = CARTESIAN_POINT('',(1.654051336408,3.065631602479));
#3379 = CARTESIAN_POINT('',(1.584143577883,3.065631602479));
#3380 = CARTESIAN_POINT('',(1.444351740178,3.065631602479));
#3381 = CARTESIAN_POINT('',(1.374443981651,3.065631602479));
#3382 = CARTESIAN_POINT('',(1.304542162305,3.065631602479));
#3383 = CARTESIAN_POINT('',(1.234645912858,3.065631602479));
#3384 = CARTESIAN_POINT('',(1.164749663421,3.065631602479));
#3385 = CARTESIAN_POINT('',(1.094847844069,3.065631602479));
#3386 = CARTESIAN_POINT('',(1.024940085545,3.065631602479));
#3387 = CARTESIAN_POINT('',(0.934623824549,3.065631602479));
#3388 = CARTESIAN_POINT('',(0.914203473744,3.065631602479));
#3389 = CARTESIAN_POINT('',(0.893783117165,3.065631602479));
#3390 = CARTESIAN_POINT('',(0.873362757698,3.065631602479));
#3391 = CARTESIAN_POINT('',(0.852942398231,3.065631602479));
#3392 = CARTESIAN_POINT('',(0.832522041652,3.065631602479));
#3393 = CARTESIAN_POINT('',(0.812101690847,3.065631602479));
#3394 = CARTESIAN_POINT('',(0.76183628509,3.065631602479));
#3395 = CARTESIAN_POINT('',(0.731991050216,3.065631602479));
#3396 = CARTESIAN_POINT('',(0.702145891467,3.065631602479));
#3397 = CARTESIAN_POINT('',(0.672300827868,3.065631602479));
#3398 = CARTESIAN_POINT('',(0.64245576427,3.065631602479));
#3399 = CARTESIAN_POINT('',(0.61261060552,3.065631602479));
#3400 = CARTESIAN_POINT('',(0.582765370647,3.065631602479));
#3401 = CARTESIAN_POINT('',(0.48380954195,3.065631602479));
#3402 = CARTESIAN_POINT('',(0.414687582307,3.065631602479));
#3403 = CARTESIAN_POINT('',(0.345571224641,3.06563160248));
#3404 = CARTESIAN_POINT('',(0.276460153513,3.065631602478));
#3405 = CARTESIAN_POINT('',(0.207349082396,3.06563160248));
#3406 = CARTESIAN_POINT('',(0.138232724722,3.065631602479));
#3407 = CARTESIAN_POINT('',(6.9110765083E-02,3.06563160248));
#3408 = CARTESIAN_POINT('',(0.,3.065631602479));
#3409 = ( GEOMETRIC_REPRESENTATION_CONTEXT(2) 
PARAMETRIC_REPRESENTATION_CONTEXT() REPRESENTATION_CONTEXT('2D SPACE',''
  ) );
#3410 = ORIENTED_EDGE('',*,*,#3411,.T.);
#3411 = EDGE_CURVE('',#3240,#2773,#3412,.T.);
#3412 = SURFACE_CURVE('',#3413,(#3521,#3632),.PCURVE_S1.);
#3413 = B_SPLINE_CURVE_WITH_KNOTS('',8,(#3414,#3415,#3416,#3417,#3418,
    #3419,#3420,#3421,#3422,#3423,#3424,#3425,#3426,#3427,#3428,#3429,
    #3430,#3431,#3432,#3433,#3434,#3435,#3436,#3437,#3438,#3439,#3440,
    #3441,#3442,#3443,#3444,#3445,#3446,#3447,#3448,#3449,#3450,#3451,
    #3452,#3453,#3454,#3455,#3456,#3457,#3458,#3459,#3460,#3461,#3462,
    #3463,#3464,#3465,#3466,#3467,#3468,#3469,#3470,#3471,#3472,#3473,
    #3474,#3475,#3476,#3477,#3478,#3479,#3480,#3481,#3482,#3483,#3484,
    #3485,#3486,#3487,#3488,#3489,#3490,#3491,#3492,#3493,#3494,#3495,
    #3496,#3497,#3498,#3499,#3500,#3501,#3502,#3503,#3504,#3505,#3506,
    #3507,#3508,#3509,#3510,#3511,#3512,#3513,#3514,#3515,#3516,#3517,
    #3518,#3519,#3520),.UNSPECIFIED.,.F.,.F.,(9,7,7,7,7,7,7,7,7,7,7,7,7,
    7,7,9),(0.,5.800129255904E-02,0.116002585118,0.17200383873,
    0.230005131289,0.284006345001,0.340007598613,0.396008852224,
    0.454010144784,0.512011437343,0.566012651054,0.624013943613,
    0.682015236172,0.738016489784,0.796017782343,1.),.UNSPECIFIED.);
#3414 = CARTESIAN_POINT('',(43.54,-1.42108547152E-14,-195.5343683975));
#3415 = CARTESIAN_POINT('',(43.54,-0.991690085142,-195.5343683975));
#3416 = CARTESIAN_POINT('',(43.514185900618,-1.983382123022,
    -195.5343683975));
#3417 = CARTESIAN_POINT('',(43.462557811508,-2.974289355139,
    -195.5343683975));
#3418 = CARTESIAN_POINT('',(43.385144311862,-3.963627623944,
    -195.5343683975));
#3419 = CARTESIAN_POINT('',(43.282002450407,-4.950615372837,
    -195.5343683975));
#3420 = CARTESIAN_POINT('',(43.153217745405,-5.93447364617,
    -195.5343683975));
#3421 = CARTESIAN_POINT('',(42.998904184657,-6.914426089246,
    -195.5343683975));
#3422 = CARTESIAN_POINT('',(42.639504266338,-8.864971807395,
    -195.5343683975));
#3423 = CARTESIAN_POINT('',(42.434417201072,-9.83556892329,
    -195.5343683975));
#3424 = CARTESIAN_POINT('',(42.204085702715,-10.800716582,
    -195.5343683975));
#3425 = CARTESIAN_POINT('',(41.948679971202,-11.75964878625,
    -195.5343683975));
#3426 = CARTESIAN_POINT('',(41.66839773339,-12.71160725552,
    -195.5343683975));
#3427 = CARTESIAN_POINT('',(41.363464243059,-13.65584142602,
    -195.5343683975));
#3428 = CARTESIAN_POINT('',(41.03413228091,-14.59160845067,
    -195.5343683975));
#3429 = CARTESIAN_POINT('',(40.339419929336,-16.41278752893,
    -195.5343683975));
#3430 = CARTESIAN_POINT('',(39.975672956608,-17.29882651407,
    -195.5343683975));
#3431 = CARTESIAN_POINT('',(39.589693649024,-18.17562870748,
    -195.5343683975));
#3432 = CARTESIAN_POINT('',(39.181756763229,-19.04254352135,
    -195.5343683975));
#3433 = CARTESIAN_POINT('',(38.752159399862,-19.89893122717,
    -195.5343683975));
#3434 = CARTESIAN_POINT('',(38.301221003559,-20.74416295574,
    -195.5343683975));
#3435 = CARTESIAN_POINT('',(37.829283362954,-21.57762069716,
    -195.5343683975));
#3436 = CARTESIAN_POINT('',(36.826546025618,-23.24909798353,
    -195.5343683975));
#3437 = CARTESIAN_POINT('',(36.29424415767,-24.0862205475,
    -195.5343683975));
#3438 = CARTESIAN_POINT('',(35.740209840539,-24.90939038276,
    -195.5343683975));
#3439 = CARTESIAN_POINT('',(35.164870983287,-25.71794975559,
    -195.5343683975));
#3440 = CARTESIAN_POINT('',(34.56867857033,-26.51125780848,
    -195.5343683975));
#3441 = CARTESIAN_POINT('',(33.952106661441,-27.28869056018,
    -195.5343683975));
#3442 = CARTESIAN_POINT('',(33.315652391742,-28.04964090567,
    -195.5343683975));
#3443 = CARTESIAN_POINT('',(32.049248153912,-29.48609454765,
    -195.5343683975));
#3444 = CARTESIAN_POINT('',(31.421874721551,-30.16387379024,
    -195.5343683975));
#3445 = CARTESIAN_POINT('',(30.778135427128,-30.82638033621,
    -195.5343683975));
#3446 = CARTESIAN_POINT('',(30.11846487327,-31.47315369587,
    -195.5343683975));
#3447 = CARTESIAN_POINT('',(29.443312512734,-32.10374889761,
    -195.5343683975));
#3448 = CARTESIAN_POINT('',(28.75314264841,-32.71773648788,
    -195.5343683975));
#3449 = CARTESIAN_POINT('',(28.048434433316,-33.31470253122,
    -195.5343683975));
#3450 = CARTESIAN_POINT('',(26.584308909838,-34.4952593046,
    -195.5343683975));
#3451 = CARTESIAN_POINT('',(25.823829591694,-35.07753771742,
    -195.5343683975));
#3452 = CARTESIAN_POINT('',(25.048795101476,-35.64063952989,
    -195.5343683975));
#3453 = CARTESIAN_POINT('',(24.259770458996,-36.18414105781,
    -195.5343683975));
#3454 = CARTESIAN_POINT('',(23.457334518573,-36.70763925152,
    -195.5343683975));
#3455 = CARTESIAN_POINT('',(22.642079969028,-37.2107516959,
    -195.5343683975));
#3456 = CARTESIAN_POINT('',(21.814613333691,-37.69311661042,
    -195.5343683975));
#3457 = CARTESIAN_POINT('',(20.136496607096,-38.61566908779,
    -195.5343683975));
#3458 = CARTESIAN_POINT('',(19.285843644318,-39.05585822926,
    -195.5343683975));
#3459 = CARTESIAN_POINT('',(18.424216525485,-39.47461928325,
    -195.5343683975));
#3460 = CARTESIAN_POINT('',(17.55224570346,-39.87163399687,
    -195.5343683975));
#3461 = CARTESIAN_POINT('',(16.670571640546,-40.24660685465,
    -195.5343683975));
#3462 = CARTESIAN_POINT('',(15.779844808477,-40.59926507854,
    -195.5343683975));
#3463 = CARTESIAN_POINT('',(14.880725688429,-40.92935862789,
    -195.5343683975));
#3464 = CARTESIAN_POINT('',(13.034656772293,-41.5549367952,
    -195.5343683975));
#3465 = CARTESIAN_POINT('',(12.087142053899,-41.84876552789,
    -195.5343683975));
#3466 = CARTESIAN_POINT('',(11.132085788667,-42.11789399626,
    -195.5343683975));
#3467 = CARTESIAN_POINT('',(10.17023982319,-42.36209759727,
    -195.5343683975));
#3468 = CARTESIAN_POINT('',(9.202362677825,-42.58117952608,
    -195.5343683975));
#3469 = CARTESIAN_POINT('',(8.229219546685,-42.77497077605,
    -195.5343683975));
#3470 = CARTESIAN_POINT('',(7.251582297642,-42.94333013874,
    -195.5343683975));
#3471 = CARTESIAN_POINT('',(5.288876647018,-43.22895826916,
    -195.5343683975));
#3472 = CARTESIAN_POINT('',(4.30380438067,-43.34622759932,
    -195.5343683975));
#3473 = CARTESIAN_POINT('',(3.315791246501,-43.43783900122,
    -195.5343683975));
#3474 = CARTESIAN_POINT('',(2.325617343807,-43.50370782901,
    -195.5343683975));
#3475 = CARTESIAN_POINT('',(1.334064297967,-43.54377798418,
    -195.5343683975));
#3476 = CARTESIAN_POINT('',(0.341915260438,-43.55802191553,
    -195.5343683975));
#3477 = CARTESIAN_POINT('',(-0.650045091239,-43.54644061923,
    -195.5343683975));
#3478 = CARTESIAN_POINT('',(-2.563672366551,-43.47426437446,
    -195.5343683975));
#3479 = CARTESIAN_POINT('',(-3.485472177767,-43.41710465644,
    -195.5343683975));
#3480 = CARTESIAN_POINT('',(-4.405795794723,-43.33760847599,
    -195.5343683975));
#3481 = CARTESIAN_POINT('',(-5.324011650099,-43.23582114214,
    -195.5343683975));
#3482 = CARTESIAN_POINT('',(-6.239490801613,-43.11180928168,
    -195.5343683975));
#3483 = CARTESIAN_POINT('',(-7.151606932029,-42.96566083909,
    -195.5343683975));
#3484 = CARTESIAN_POINT('',(-8.059736349153,-42.79748507665,
    -195.5343683975));
#3485 = CARTESIAN_POINT('',(-9.933706966165,-42.40326066631,
    -195.5343683975));
#3486 = CARTESIAN_POINT('',(-10.89884369956,-42.17384717158,
    -195.5343683975));
#3487 = CARTESIAN_POINT('',(-11.85789830176,-41.91933416159,
    -195.5343683975));
#3488 = CARTESIAN_POINT('',(-12.81010929454,-41.63991103213,
    -195.5343683975));
#3489 = CARTESIAN_POINT('',(-13.75472360574,-41.33579450326,
    -195.5343683975));
#3490 = CARTESIAN_POINT('',(-14.69099656924,-41.00722861937,
    -195.5343683975));
#3491 = CARTESIAN_POINT('',(-15.618191925,-40.65448474914,
    -195.5343683975));
#3492 = CARTESIAN_POINT('',(-17.45297171302,-39.901238422,
    -195.5343683975));
#3493 = CARTESIAN_POINT('',(-18.36055975815,-39.50073448186,
    -195.5343683975));
#3494 = CARTESIAN_POINT('',(-19.25761818368,-39.07664866103,
    -195.5343683975));
#3495 = CARTESIAN_POINT('',(-20.14343243713,-38.62930520412,
    -195.5343683975));
#3496 = CARTESIAN_POINT('',(-21.0173011842,-38.15905370445,
    -195.5343683975));
#3497 = CARTESIAN_POINT('',(-21.87853630883,-37.66626910409,
    -195.5343683975));
#3498 = CARTESIAN_POINT('',(-22.72646291318,-37.15135169385,
    -195.5343683975));
#3499 = CARTESIAN_POINT('',(-24.36561868548,-36.09660677652,
    -195.5343683975));
#3500 = CARTESIAN_POINT('',(-25.15779761609,-35.55824863805,
    -195.5343683975));
#3501 = CARTESIAN_POINT('',(-25.93636079224,-35.00003587127,
    -195.5343683975));
#3502 = CARTESIAN_POINT('',(-26.70072812324,-34.4223712795,
    -195.5343683975));
#3503 = CARTESIAN_POINT('',(-27.45033474491,-33.82567729592,
    -195.5343683975));
#3504 = CARTESIAN_POINT('',(-28.18463101957,-33.21039598361,
    -195.5343683975));
#3505 = CARTESIAN_POINT('',(-28.90308253601,-32.57698903553,
    -195.5343683975));
#3506 = CARTESIAN_POINT('',(-30.33233216629,-31.25163475049,
    -195.5343683975));
#3507 = CARTESIAN_POINT('',(-31.04194327078,-30.5584020723,
    -195.5343683975));
#3508 = CARTESIAN_POINT('',(-31.73342660272,-29.84677477947,
    -195.5343683975));
#3509 = CARTESIAN_POINT('',(-32.4062266069,-29.11730701841,
    -195.5343683975));
#3510 = CARTESIAN_POINT('',(-33.05980899324,-28.37057204246,
    -195.5343683975));
#3511 = CARTESIAN_POINT('',(-33.6936607368,-27.60716221187,
    -195.5343683975));
#3512 = CARTESIAN_POINT('',(-34.30729007772,-26.8276889938,
    -195.5343683975));
#3513 = CARTESIAN_POINT('',(-36.98549885486,-23.23721258838,
    -195.5343683975));
#3514 = CARTESIAN_POINT('',(-38.81545715366,-20.24993339505,
    -195.5343683975));
#3515 = CARTESIAN_POINT('',(-40.36853074398,-17.09932170465,
    -195.5343683975));
#3516 = CARTESIAN_POINT('',(-41.62821017047,-13.81559192965,
    -195.5343683975));
#3517 = CARTESIAN_POINT('',(-42.58185112628,-10.43029394823,
    -195.5343683975));
#3518 = CARTESIAN_POINT('',(-43.22072504052,-6.976277196611,
    -195.5343683975));
#3519 = CARTESIAN_POINT('',(-43.54,-3.487631634909,-195.5343683975));
#3520 = CARTESIAN_POINT('',(-43.54,-7.105427357601E-15,-195.5343683975)
  );
#3521 = PCURVE('',#2574,#3522);
#3522 = DEFINITIONAL_REPRESENTATION('',(#3523),#3631);
#3523 = B_SPLINE_CURVE_WITH_KNOTS('',8,(#3524,#3525,#3526,#3527,#3528,
    #3529,#3530,#3531,#3532,#3533,#3534,#3535,#3536,#3537,#3538,#3539,
    #3540,#3541,#3542,#3543,#3544,#3545,#3546,#3547,#3548,#3549,#3550,
    #3551,#3552,#3553,#3554,#3555,#3556,#3557,#3558,#3559,#3560,#3561,
    #3562,#3563,#3564,#3565,#3566,#3567,#3568,#3569,#3570,#3571,#3572,
    #3573,#3574,#3575,#3576,#3577,#3578,#3579,#3580,#3581,#3582,#3583,
    #3584,#3585,#3586,#3587,#3588,#3589,#3590,#3591,#3592,#3593,#3594,
    #3595,#3596,#3597,#3598,#3599,#3600,#3601,#3602,#3603,#3604,#3605,
    #3606,#3607,#3608,#3609,#3610,#3611,#3612,#3613,#3614,#3615,#3616,
    #3617,#3618,#3619,#3620,#3621,#3622,#3623,#3624,#3625,#3626,#3627,
    #3628,#3629,#3630),.UNSPECIFIED.,.F.,.F.,(9,7,7,7,7,7,7,7,7,7,7,7,7,
    7,7,9),(0.,5.800129255904E-02,0.116002585118,0.17200383873,
    0.230005131289,0.284006345001,0.340007598613,0.396008852224,
    0.454010144784,0.512011437343,0.566012651054,0.624013943613,
    0.682015236172,0.738016489784,0.796017782343,1.),.UNSPECIFIED.);
#3524 = CARTESIAN_POINT('',(3.14159265359,4.823152821228));
#3525 = CARTESIAN_POINT('',(3.118816124303,4.823152821228));
#3526 = CARTESIAN_POINT('',(3.096039580058,4.823152821228));
#3527 = CARTESIAN_POINT('',(3.07326302584,4.823152821228));
#3528 = CARTESIAN_POINT('',(3.050486466636,4.823152821228));
#3529 = CARTESIAN_POINT('',(3.027709907432,4.823152821228));
#3530 = CARTESIAN_POINT('',(3.004933353214,4.823152821228));
#3531 = CARTESIAN_POINT('',(2.982156808968,4.823152821228));
#3532 = CARTESIAN_POINT('',(2.936603750395,4.823152821228));
#3533 = CARTESIAN_POINT('',(2.91382720615,4.823152821228));
#3534 = CARTESIAN_POINT('',(2.891050651932,4.823152821228));
#3535 = CARTESIAN_POINT('',(2.868274092728,4.823152821228));
#3536 = CARTESIAN_POINT('',(2.845497533523,4.823152821228));
#3537 = CARTESIAN_POINT('',(2.822720979306,4.823152821228));
#3538 = CARTESIAN_POINT('',(2.79994443506,4.823152821228));
#3539 = CARTESIAN_POINT('',(2.75517677184,4.823152821228));
#3540 = CARTESIAN_POINT('',(2.733185625357,4.823152821228));
#3541 = CARTESIAN_POINT('',(2.711194470506,4.823152821228));
#3542 = CARTESIAN_POINT('',(2.689203311473,4.823152821228));
#3543 = CARTESIAN_POINT('',(2.66721215244,4.823152821228));
#3544 = CARTESIAN_POINT('',(2.645220997589,4.823152821228));
#3545 = CARTESIAN_POINT('',(2.623229851106,4.823152821228));
#3546 = CARTESIAN_POINT('',(2.578462187886,4.823152821228));
#3547 = CARTESIAN_POINT('',(2.55568564364,4.823152821228));
#3548 = CARTESIAN_POINT('',(2.532909089423,4.823152821228));
#3549 = CARTESIAN_POINT('',(2.510132530218,4.823152821228));
#3550 = CARTESIAN_POINT('',(2.487355971014,4.823152821228));
#3551 = CARTESIAN_POINT('',(2.464579416796,4.823152821228));
#3552 = CARTESIAN_POINT('',(2.441802872551,4.823152821228));
#3553 = CARTESIAN_POINT('',(2.397820605058,4.823152821228));
#3554 = CARTESIAN_POINT('',(2.37661485639,4.823152821228));
#3555 = CARTESIAN_POINT('',(2.355409100748,4.823152821228));
#3556 = CARTESIAN_POINT('',(2.334203341617,4.823152821228));
#3557 = CARTESIAN_POINT('',(2.312997582487,4.823152821228));
#3558 = CARTESIAN_POINT('',(2.291791826844,4.823152821228));
#3559 = CARTESIAN_POINT('',(2.270586078176,4.823152821228));
#3560 = CARTESIAN_POINT('',(2.227389206037,4.823152821228));
#3561 = CARTESIAN_POINT('',(2.205398059553,4.823152821228));
#3562 = CARTESIAN_POINT('',(2.183406904703,4.823152821228));
#3563 = CARTESIAN_POINT('',(2.16141574567,4.823152821228));
#3564 = CARTESIAN_POINT('',(2.139424586636,4.823152821228));
#3565 = CARTESIAN_POINT('',(2.117433431786,4.823152821228));
#3566 = CARTESIAN_POINT('',(2.095442285303,4.823152821228));
#3567 = CARTESIAN_POINT('',(2.051460017436,4.823152821228));
#3568 = CARTESIAN_POINT('',(2.029468870952,4.823152821228));
#3569 = CARTESIAN_POINT('',(2.007477716102,4.823152821228));
#3570 = CARTESIAN_POINT('',(1.985486557069,4.823152821228));
#3571 = CARTESIAN_POINT('',(1.963495398035,4.823152821228));
#3572 = CARTESIAN_POINT('',(1.941504243185,4.823152821228));
#3573 = CARTESIAN_POINT('',(1.919513096702,4.823152821228));
#3574 = CARTESIAN_POINT('',(1.874745433482,4.823152821228));
#3575 = CARTESIAN_POINT('',(1.851968889236,4.823152821228));
#3576 = CARTESIAN_POINT('',(1.829192335018,4.823152821228));
#3577 = CARTESIAN_POINT('',(1.806415775814,4.823152821228));
#3578 = CARTESIAN_POINT('',(1.78363921661,4.823152821228));
#3579 = CARTESIAN_POINT('',(1.760862662392,4.823152821228));
#3580 = CARTESIAN_POINT('',(1.738086118147,4.823152821228));
#3581 = CARTESIAN_POINT('',(1.692533059573,4.823152821228));
#3582 = CARTESIAN_POINT('',(1.669756515328,4.823152821228));
#3583 = CARTESIAN_POINT('',(1.64697996111,4.823152821228));
#3584 = CARTESIAN_POINT('',(1.624203401906,4.823152821228));
#3585 = CARTESIAN_POINT('',(1.601426842702,4.823152821228));
#3586 = CARTESIAN_POINT('',(1.578650288484,4.823152821228));
#3587 = CARTESIAN_POINT('',(1.555873744239,4.823152821228));
#3588 = CARTESIAN_POINT('',(1.511891476746,4.823152821228));
#3589 = CARTESIAN_POINT('',(1.490685728078,4.823152821228));
#3590 = CARTESIAN_POINT('',(1.469479972435,4.823152821228));
#3591 = CARTESIAN_POINT('',(1.448274213305,4.823152821228));
#3592 = CARTESIAN_POINT('',(1.427068454175,4.823152821228));
#3593 = CARTESIAN_POINT('',(1.405862698532,4.823152821228));
#3594 = CARTESIAN_POINT('',(1.384656949864,4.823152821228));
#3595 = CARTESIAN_POINT('',(1.340674682371,4.823152821228));
#3596 = CARTESIAN_POINT('',(1.317898138126,4.823152821228));
#3597 = CARTESIAN_POINT('',(1.295121583908,4.823152821228));
#3598 = CARTESIAN_POINT('',(1.272345024704,4.823152821228));
#3599 = CARTESIAN_POINT('',(1.2495684655,4.823152821228));
#3600 = CARTESIAN_POINT('',(1.226791911282,4.823152821228));
#3601 = CARTESIAN_POINT('',(1.204015367037,4.823152821228));
#3602 = CARTESIAN_POINT('',(1.158462308463,4.823152821228));
#3603 = CARTESIAN_POINT('',(1.135685764218,4.823152821228));
#3604 = CARTESIAN_POINT('',(1.11290921,4.823152821228));
#3605 = CARTESIAN_POINT('',(1.090132650796,4.823152821228));
#3606 = CARTESIAN_POINT('',(1.067356091592,4.823152821228));
#3607 = CARTESIAN_POINT('',(1.044579537374,4.823152821228));
#3608 = CARTESIAN_POINT('',(1.021802993128,4.823152821228));
#3609 = CARTESIAN_POINT('',(0.977035329908,4.823152821228));
#3610 = CARTESIAN_POINT('',(0.955044183425,4.823152821228));
#3611 = CARTESIAN_POINT('',(0.933053028575,4.823152821228));
#3612 = CARTESIAN_POINT('',(0.911061869541,4.823152821228));
#3613 = CARTESIAN_POINT('',(0.889070710508,4.823152821228));
#3614 = CARTESIAN_POINT('',(0.867079555658,4.823152821228));
#3615 = CARTESIAN_POINT('',(0.845088409174,4.823152821228));
#3616 = CARTESIAN_POINT('',(0.800320745954,4.823152821228));
#3617 = CARTESIAN_POINT('',(0.777544201709,4.823152821228));
#3618 = CARTESIAN_POINT('',(0.754767647491,4.823152821228));
#3619 = CARTESIAN_POINT('',(0.731991088287,4.823152821228));
#3620 = CARTESIAN_POINT('',(0.709214529082,4.823152821228));
#3621 = CARTESIAN_POINT('',(0.686437974865,4.823152821228));
#3622 = CARTESIAN_POINT('',(0.663661430619,4.823152821228));
#3623 = CARTESIAN_POINT('',(0.560783118261,4.823152821228));
#3624 = CARTESIAN_POINT('',(0.480658061642,4.823152821228));
#3625 = CARTESIAN_POINT('',(0.400545070317,4.823152821228));
#3626 = CARTESIAN_POINT('',(0.320442450668,4.823152821228));
#3627 = CARTESIAN_POINT('',(0.240339831012,4.823152821228));
#3628 = CARTESIAN_POINT('',(0.160226839692,4.823152821228));
#3629 = CARTESIAN_POINT('',(8.010178307094E-02,4.823152821228));
#3630 = CARTESIAN_POINT('',(0.,4.823152821228));
#3631 = ( GEOMETRIC_REPRESENTATION_CONTEXT(2) 
PARAMETRIC_REPRESENTATION_CONTEXT() REPRESENTATION_CONTEXT('2D SPACE',''
  ) );
#3632 = PCURVE('',#3351,#3633);
#3633 = DEFINITIONAL_REPRESENTATION('',(#3634),#3742);
#3634 = B_SPLINE_CURVE_WITH_KNOTS('',8,(#3635,#3636,#3637,#3638,#3639,
    #3640,#3641,#3642,#3643,#3644,#3645,#3646,#3647,#3648,#3649,#3650,
    #3651,#3652,#3653,#3654,#3655,#3656,#3657,#3658,#3659,#3660,#3661,
    #3662,#3663,#3664,#3665,#3666,#3667,#3668,#3669,#3670,#3671,#3672,
    #3673,#3674,#3675,#3676,#3677,#3678,#3679,#3680,#3681,#3682,#3683,
    #3684,#3685,#3686,#3687,#3688,#3689,#3690,#3691,#3692,#3693,#3694,
    #3695,#3696,#3697,#3698,#3699,#3700,#3701,#3702,#3703,#3704,#3705,
    #3706,#3707,#3708,#3709,#3710,#3711,#3712,#3713,#3714,#3715,#3716,
    #3717,#3718,#3719,#3720,#3721,#3722,#3723,#3724,#3725,#3726,#3727,
    #3728,#3729,#3730,#3731,#3732,#3733,#3734,#3735,#3736,#3737,#3738,
    #3739,#3740,#3741),.UNSPECIFIED.,.F.,.F.,(9,7,7,7,7,7,7,7,7,7,7,7,7,
    7,7,9),(0.,5.800129255904E-02,0.116002585118,0.17200383873,
    0.230005131289,0.284006345001,0.340007598613,0.396008852224,
    0.454010144784,0.512011437343,0.566012651054,0.624013943613,
    0.682015236172,0.738016489784,0.796017782343,1.),.UNSPECIFIED.);
#3635 = CARTESIAN_POINT('',(6.28318530718,3.065631602479));
#3636 = CARTESIAN_POINT('',(6.260408777893,3.065631602479));
#3637 = CARTESIAN_POINT('',(6.237632233648,3.065631602479));
#3638 = CARTESIAN_POINT('',(6.21485567943,3.065631602479));
#3639 = CARTESIAN_POINT('',(6.192079120226,3.065631602479));
#3640 = CARTESIAN_POINT('',(6.169302561021,3.065631602479));
#3641 = CARTESIAN_POINT('',(6.146526006804,3.065631602479));
#3642 = CARTESIAN_POINT('',(6.123749462558,3.065631602479));
#3643 = CARTESIAN_POINT('',(6.078196403985,3.065631602479));
#3644 = CARTESIAN_POINT('',(6.055419859739,3.065631602479));
#3645 = CARTESIAN_POINT('',(6.032643305522,3.065631602479));
#3646 = CARTESIAN_POINT('',(6.009866746317,3.065631602479));
#3647 = CARTESIAN_POINT('',(5.987090187113,3.065631602479));
#3648 = CARTESIAN_POINT('',(5.964313632895,3.065631602479));
#3649 = CARTESIAN_POINT('',(5.94153708865,3.065631602479));
#3650 = CARTESIAN_POINT('',(5.89676942543,3.065631602479));
#3651 = CARTESIAN_POINT('',(5.874778278946,3.065631602479));
#3652 = CARTESIAN_POINT('',(5.852787124096,3.065631602479));
#3653 = CARTESIAN_POINT('',(5.830795965063,3.065631602479));
#3654 = CARTESIAN_POINT('',(5.808804806029,3.065631602479));
#3655 = CARTESIAN_POINT('',(5.786813651179,3.065631602479));
#3656 = CARTESIAN_POINT('',(5.764822504696,3.065631602479));
#3657 = CARTESIAN_POINT('',(5.720054841476,3.065631602479));
#3658 = CARTESIAN_POINT('',(5.69727829723,3.065631602479));
#3659 = CARTESIAN_POINT('',(5.674501743012,3.065631602479));
#3660 = CARTESIAN_POINT('',(5.651725183808,3.065631602479));
#3661 = CARTESIAN_POINT('',(5.628948624604,3.065631602479));
#3662 = CARTESIAN_POINT('',(5.606172070386,3.065631602479));
#3663 = CARTESIAN_POINT('',(5.583395526141,3.065631602479));
#3664 = CARTESIAN_POINT('',(5.539413258648,3.065631602479));
#3665 = CARTESIAN_POINT('',(5.51820750998,3.065631602479));
#3666 = CARTESIAN_POINT('',(5.497001754337,3.065631602479));
#3667 = CARTESIAN_POINT('',(5.475795995207,3.065631602479));
#3668 = CARTESIAN_POINT('',(5.454590236077,3.065631602479));
#3669 = CARTESIAN_POINT('',(5.433384480434,3.065631602479));
#3670 = CARTESIAN_POINT('',(5.412178731766,3.065631602479));
#3671 = CARTESIAN_POINT('',(5.368981859627,3.065631602479));
#3672 = CARTESIAN_POINT('',(5.346990713143,3.065631602479));
#3673 = CARTESIAN_POINT('',(5.324999558293,3.065631602479));
#3674 = CARTESIAN_POINT('',(5.30300839926,3.065631602479));
#3675 = CARTESIAN_POINT('',(5.281017240226,3.065631602479));
#3676 = CARTESIAN_POINT('',(5.259026085376,3.065631602479));
#3677 = CARTESIAN_POINT('',(5.237034938893,3.065631602479));
#3678 = CARTESIAN_POINT('',(5.193052671026,3.065631602479));
#3679 = CARTESIAN_POINT('',(5.171061524542,3.065631602479));
#3680 = CARTESIAN_POINT('',(5.149070369692,3.065631602479));
#3681 = CARTESIAN_POINT('',(5.127079210659,3.065631602479));
#3682 = CARTESIAN_POINT('',(5.105088051625,3.065631602479));
#3683 = CARTESIAN_POINT('',(5.083096896775,3.065631602479));
#3684 = CARTESIAN_POINT('',(5.061105750292,3.065631602479));
#3685 = CARTESIAN_POINT('',(5.016338087071,3.065631602479));
#3686 = CARTESIAN_POINT('',(4.993561542826,3.065631602479));
#3687 = CARTESIAN_POINT('',(4.970784988608,3.065631602479));
#3688 = CARTESIAN_POINT('',(4.948008429404,3.065631602479));
#3689 = CARTESIAN_POINT('',(4.9252318702,3.065631602479));
#3690 = CARTESIAN_POINT('',(4.902455315982,3.065631602479));
#3691 = CARTESIAN_POINT('',(4.879678771737,3.065631602479));
#3692 = CARTESIAN_POINT('',(4.834125713163,3.065631602479));
#3693 = CARTESIAN_POINT('',(4.811349168918,3.065631602479));
#3694 = CARTESIAN_POINT('',(4.7885726147,3.065631602479));
#3695 = CARTESIAN_POINT('',(4.765796055496,3.065631602479));
#3696 = CARTESIAN_POINT('',(4.743019496292,3.065631602479));
#3697 = CARTESIAN_POINT('',(4.720242942074,3.065631602479));
#3698 = CARTESIAN_POINT('',(4.697466397828,3.065631602479));
#3699 = CARTESIAN_POINT('',(4.653484130336,3.065631602479));
#3700 = CARTESIAN_POINT('',(4.632278381668,3.065631602479));
#3701 = CARTESIAN_POINT('',(4.611072626025,3.065631602479));
#3702 = CARTESIAN_POINT('',(4.589866866895,3.065631602479));
#3703 = CARTESIAN_POINT('',(4.568661107765,3.065631602479));
#3704 = CARTESIAN_POINT('',(4.547455352122,3.065631602479));
#3705 = CARTESIAN_POINT('',(4.526249603454,3.065631602479));
#3706 = CARTESIAN_POINT('',(4.482267335961,3.065631602479));
#3707 = CARTESIAN_POINT('',(4.459490791716,3.065631602479));
#3708 = CARTESIAN_POINT('',(4.436714237498,3.065631602479));
#3709 = CARTESIAN_POINT('',(4.413937678294,3.065631602479));
#3710 = CARTESIAN_POINT('',(4.39116111909,3.065631602479));
#3711 = CARTESIAN_POINT('',(4.368384564872,3.065631602479));
#3712 = CARTESIAN_POINT('',(4.345608020626,3.065631602479));
#3713 = CARTESIAN_POINT('',(4.300054962053,3.065631602479));
#3714 = CARTESIAN_POINT('',(4.277278417808,3.065631602479));
#3715 = CARTESIAN_POINT('',(4.25450186359,3.065631602479));
#3716 = CARTESIAN_POINT('',(4.231725304386,3.065631602479));
#3717 = CARTESIAN_POINT('',(4.208948745181,3.065631602479));
#3718 = CARTESIAN_POINT('',(4.186172190964,3.065631602479));
#3719 = CARTESIAN_POINT('',(4.163395646718,3.065631602479));
#3720 = CARTESIAN_POINT('',(4.118627983498,3.065631602479));
#3721 = CARTESIAN_POINT('',(4.096636837014,3.065631602479));
#3722 = CARTESIAN_POINT('',(4.074645682164,3.065631602479));
#3723 = CARTESIAN_POINT('',(4.052654523131,3.065631602479));
#3724 = CARTESIAN_POINT('',(4.030663364098,3.065631602479));
#3725 = CARTESIAN_POINT('',(4.008672209247,3.065631602479));
#3726 = CARTESIAN_POINT('',(3.986681062764,3.065631602479));
#3727 = CARTESIAN_POINT('',(3.941913399544,3.065631602479));
#3728 = CARTESIAN_POINT('',(3.919136855298,3.065631602479));
#3729 = CARTESIAN_POINT('',(3.89636030108,3.065631602479));
#3730 = CARTESIAN_POINT('',(3.873583741876,3.065631602479));
#3731 = CARTESIAN_POINT('',(3.850807182672,3.065631602479));
#3732 = CARTESIAN_POINT('',(3.828030628454,3.065631602479));
#3733 = CARTESIAN_POINT('',(3.805254084209,3.065631602479));
#3734 = CARTESIAN_POINT('',(3.702375771851,3.065631602479));
#3735 = CARTESIAN_POINT('',(3.622250715231,3.065631602479));
#3736 = CARTESIAN_POINT('',(3.542137723907,3.065631602479));
#3737 = CARTESIAN_POINT('',(3.462035104258,3.065631602479));
#3738 = CARTESIAN_POINT('',(3.381932484602,3.065631602479));
#3739 = CARTESIAN_POINT('',(3.301819493282,3.065631602479));
#3740 = CARTESIAN_POINT('',(3.221694436661,3.065631602479));
#3741 = CARTESIAN_POINT('',(3.14159265359,3.065631602479));
#3742 = ( GEOMETRIC_REPRESENTATION_CONTEXT(2) 
PARAMETRIC_REPRESENTATION_CONTEXT() REPRESENTATION_CONTEXT('2D SPACE',''
  ) );
#3743 = FACE_BOUND('',#3744,.F.);
#3744 = EDGE_LOOP('',(#3745));
#3745 = ORIENTED_EDGE('',*,*,#2303,.T.);
#3746 = ADVANCED_FACE('',(#3747),#3351,.F.);
#3747 = FACE_BOUND('',#3748,.F.);
#3748 = EDGE_LOOP('',(#3749,#3750,#3773,#3800,#3801));
#3749 = ORIENTED_EDGE('',*,*,#3411,.F.);
#3750 = ORIENTED_EDGE('',*,*,#3751,.T.);
#3751 = EDGE_CURVE('',#3240,#3752,#3754,.T.);
#3752 = VERTEX_POINT('',#3753);
#3753 = CARTESIAN_POINT('',(43.54,-1.066422432698E-14,-188.9));
#3754 = SEAM_CURVE('',#3755,(#3759,#3766),.PCURVE_S1.);
#3755 = LINE('',#3756,#3757);
#3756 = CARTESIAN_POINT('',(43.54,-1.066422432698E-14,-198.6));
#3757 = VECTOR('',#3758,1.);
#3758 = DIRECTION('',(0.,0.,1.));
#3759 = PCURVE('',#3351,#3760);
#3760 = DEFINITIONAL_REPRESENTATION('',(#3761),#3765);
#3761 = LINE('',#3762,#3763);
#3762 = CARTESIAN_POINT('',(0.,-0.));
#3763 = VECTOR('',#3764,1.);
#3764 = DIRECTION('',(0.,1.));
#3765 = ( GEOMETRIC_REPRESENTATION_CONTEXT(2) 
PARAMETRIC_REPRESENTATION_CONTEXT() REPRESENTATION_CONTEXT('2D SPACE',''
  ) );
#3766 = PCURVE('',#3351,#3767);
#3767 = DEFINITIONAL_REPRESENTATION('',(#3768),#3772);
#3768 = LINE('',#3769,#3770);
#3769 = CARTESIAN_POINT('',(6.28318530718,-0.));
#3770 = VECTOR('',#3771,1.);
#3771 = DIRECTION('',(0.,1.));
#3772 = ( GEOMETRIC_REPRESENTATION_CONTEXT(2) 
PARAMETRIC_REPRESENTATION_CONTEXT() REPRESENTATION_CONTEXT('2D SPACE',''
  ) );
#3773 = ORIENTED_EDGE('',*,*,#3774,.F.);
#3774 = EDGE_CURVE('',#3752,#3752,#3775,.T.);
#3775 = SURFACE_CURVE('',#3776,(#3781,#3788),.PCURVE_S1.);
#3776 = CIRCLE('',#3777,43.54);
#3777 = AXIS2_PLACEMENT_3D('',#3778,#3779,#3780);
#3778 = CARTESIAN_POINT('',(0.,0.,-188.9));
#3779 = DIRECTION('',(0.,0.,1.));
#3780 = DIRECTION('',(1.,0.,-0.));
#3781 = PCURVE('',#3351,#3782);
#3782 = DEFINITIONAL_REPRESENTATION('',(#3783),#3787);
#3783 = LINE('',#3784,#3785);
#3784 = CARTESIAN_POINT('',(0.,9.7));
#3785 = VECTOR('',#3786,1.);
#3786 = DIRECTION('',(1.,0.));
#3787 = ( GEOMETRIC_REPRESENTATION_CONTEXT(2) 
PARAMETRIC_REPRESENTATION_CONTEXT() REPRESENTATION_CONTEXT('2D SPACE',''
  ) );
#3788 = PCURVE('',#3789,#3794);
#3789 = PLANE('',#3790);
#3790 = AXIS2_PLACEMENT_3D('',#3791,#3792,#3793);
#3791 = CARTESIAN_POINT('',(0.,0.,-188.9));
#3792 = DIRECTION('',(0.,0.,1.));
#3793 = DIRECTION('',(1.,0.,-0.));
#3794 = DEFINITIONAL_REPRESENTATION('',(#3795),#3799);
#3795 = CIRCLE('',#3796,43.54);
#3796 = AXIS2_PLACEMENT_2D('',#3797,#3798);
#3797 = CARTESIAN_POINT('',(0.,0.));
#3798 = DIRECTION('',(1.,0.));
#3799 = ( GEOMETRIC_REPRESENTATION_CONTEXT(2) 
PARAMETRIC_REPRESENTATION_CONTEXT() REPRESENTATION_CONTEXT('2D SPACE',''
  ) );
#3800 = ORIENTED_EDGE('',*,*,#3751,.F.);
#3801 = ORIENTED_EDGE('',*,*,#3239,.F.);
#3802 = ADVANCED_FACE('',(#3803,#4690),#3789,.T.);
#3803 = FACE_BOUND('',#3804,.T.);
#3804 = EDGE_LOOP('',(#3805,#3836,#3860,#3887,#3916,#3943,#3967,#3994,
    #4023,#4050,#4074,#4101,#4130,#4157,#4181,#4208,#4237,#4264,#4288,
    #4315,#4344,#4371,#4395,#4422,#4451,#4478,#4502,#4529,#4558,#4585,
    #4609,#4636,#4665));
#3805 = ORIENTED_EDGE('',*,*,#3806,.T.);
#3806 = EDGE_CURVE('',#3807,#3809,#3811,.T.);
#3807 = VERTEX_POINT('',#3808);
#3808 = CARTESIAN_POINT('',(43.912304333269,-6.562737854156,-188.9));
#3809 = VERTEX_POINT('',#3810);
#3810 = CARTESIAN_POINT('',(44.4,-1.087486357643E-14,-188.9));
#3811 = SURFACE_CURVE('',#3812,(#3817,#3824),.PCURVE_S1.);
#3812 = CIRCLE('',#3813,44.4);
#3813 = AXIS2_PLACEMENT_3D('',#3814,#3815,#3816);
#3814 = CARTESIAN_POINT('',(0.,0.,-188.9));
#3815 = DIRECTION('',(0.,0.,1.));
#3816 = DIRECTION('',(1.,0.,-0.));
#3817 = PCURVE('',#3789,#3818);
#3818 = DEFINITIONAL_REPRESENTATION('',(#3819),#3823);
#3819 = CIRCLE('',#3820,44.4);
#3820 = AXIS2_PLACEMENT_2D('',#3821,#3822);
#3821 = CARTESIAN_POINT('',(0.,0.));
#3822 = DIRECTION('',(1.,0.));
#3823 = ( GEOMETRIC_REPRESENTATION_CONTEXT(2) 
PARAMETRIC_REPRESENTATION_CONTEXT() REPRESENTATION_CONTEXT('2D SPACE',''
  ) );
#3824 = PCURVE('',#3825,#3830);
#3825 = CYLINDRICAL_SURFACE('',#3826,44.4);
#3826 = AXIS2_PLACEMENT_3D('',#3827,#3828,#3829);
#3827 = CARTESIAN_POINT('',(0.,0.,-198.6));
#3828 = DIRECTION('',(0.,0.,1.));
#3829 = DIRECTION('',(1.,0.,-0.));
#3830 = DEFINITIONAL_REPRESENTATION('',(#3831),#3835);
#3831 = LINE('',#3832,#3833);
#3832 = CARTESIAN_POINT('',(0.,9.7));
#3833 = VECTOR('',#3834,1.);
#3834 = DIRECTION('',(1.,0.));
#3835 = ( GEOMETRIC_REPRESENTATION_CONTEXT(2) 
PARAMETRIC_REPRESENTATION_CONTEXT() REPRESENTATION_CONTEXT('2D SPACE',''
  ) );
#3836 = ORIENTED_EDGE('',*,*,#3837,.T.);
#3837 = EDGE_CURVE('',#3809,#3838,#3840,.T.);
#3838 = VERTEX_POINT('',#3839);
#3839 = CARTESIAN_POINT('',(43.912304333269,6.562737854156,-188.9));
#3840 = SURFACE_CURVE('',#3841,(#3846,#3853),.PCURVE_S1.);
#3841 = CIRCLE('',#3842,44.4);
#3842 = AXIS2_PLACEMENT_3D('',#3843,#3844,#3845);
#3843 = CARTESIAN_POINT('',(0.,0.,-188.9));
#3844 = DIRECTION('',(0.,0.,1.));
#3845 = DIRECTION('',(1.,0.,-0.));
#3846 = PCURVE('',#3789,#3847);
#3847 = DEFINITIONAL_REPRESENTATION('',(#3848),#3852);
#3848 = CIRCLE('',#3849,44.4);
#3849 = AXIS2_PLACEMENT_2D('',#3850,#3851);
#3850 = CARTESIAN_POINT('',(0.,0.));
#3851 = DIRECTION('',(1.,0.));
#3852 = ( GEOMETRIC_REPRESENTATION_CONTEXT(2) 
PARAMETRIC_REPRESENTATION_CONTEXT() REPRESENTATION_CONTEXT('2D SPACE',''
  ) );
#3853 = PCURVE('',#3825,#3854);
#3854 = DEFINITIONAL_REPRESENTATION('',(#3855),#3859);
#3855 = LINE('',#3856,#3857);
#3856 = CARTESIAN_POINT('',(0.,9.7));
#3857 = VECTOR('',#3858,1.);
#3858 = DIRECTION('',(1.,0.));
#3859 = ( GEOMETRIC_REPRESENTATION_CONTEXT(2) 
PARAMETRIC_REPRESENTATION_CONTEXT() REPRESENTATION_CONTEXT('2D SPACE',''
  ) );
#3860 = ORIENTED_EDGE('',*,*,#3861,.T.);
#3861 = EDGE_CURVE('',#3838,#3862,#3864,.T.);
#3862 = VERTEX_POINT('',#3863);
#3863 = CARTESIAN_POINT('',(46.088139232665,6.88791855864,-188.9));
#3864 = SURFACE_CURVE('',#3865,(#3869,#3876),.PCURVE_S1.);
#3865 = LINE('',#3866,#3867);
#3866 = CARTESIAN_POINT('',(14.835237950429,2.217141166944,-188.9));
#3867 = VECTOR('',#3868,1.);
#3868 = DIRECTION('',(0.989015863362,0.14780941113,-0.));
#3869 = PCURVE('',#3789,#3870);
#3870 = DEFINITIONAL_REPRESENTATION('',(#3871),#3875);
#3871 = LINE('',#3872,#3873);
#3872 = CARTESIAN_POINT('',(14.835237950429,2.217141166944));
#3873 = VECTOR('',#3874,1.);
#3874 = DIRECTION('',(0.989015863362,0.14780941113));
#3875 = ( GEOMETRIC_REPRESENTATION_CONTEXT(2) 
PARAMETRIC_REPRESENTATION_CONTEXT() REPRESENTATION_CONTEXT('2D SPACE',''
  ) );
#3876 = PCURVE('',#3877,#3882);
#3877 = PLANE('',#3878);
#3878 = AXIS2_PLACEMENT_3D('',#3879,#3880,#3881);
#3879 = CARTESIAN_POINT('',(29.670475900858,4.434282333888,-189.65));
#3880 = DIRECTION('',(0.14780941113,-0.989015863362,-0.));
#3881 = DIRECTION('',(0.,0.,-1.));
#3882 = DEFINITIONAL_REPRESENTATION('',(#3883),#3886);
#3883 = B_SPLINE_CURVE_WITH_KNOTS('',1,(#3884,#3885),.UNSPECIFIED.,.F.,
  .F.,(2,2),(-15.,32.117545558465),.PIECEWISE_BEZIER_KNOTS.);
#3884 = CARTESIAN_POINT('',(-0.75,-30.));
#3885 = CARTESIAN_POINT('',(-0.75,17.117545558465));
#3886 = ( GEOMETRIC_REPRESENTATION_CONTEXT(2) 
PARAMETRIC_REPRESENTATION_CONTEXT() REPRESENTATION_CONTEXT('2D SPACE',''
  ) );
#3887 = ORIENTED_EDGE('',*,*,#3888,.T.);
#3888 = EDGE_CURVE('',#3862,#3889,#3891,.T.);
#3889 = VERTEX_POINT('',#3890);
#3890 = CARTESIAN_POINT('',(37.459729704762,27.718741862613,-188.9));
#3891 = SURFACE_CURVE('',#3892,(#3897,#3904),.PCURVE_S1.);
#3892 = CIRCLE('',#3893,46.6);
#3893 = AXIS2_PLACEMENT_3D('',#3894,#3895,#3896);
#3894 = CARTESIAN_POINT('',(0.,0.,-188.9));
#3895 = DIRECTION('',(0.,0.,1.));
#3896 = DIRECTION('',(1.,0.,-0.));
#3897 = PCURVE('',#3789,#3898);
#3898 = DEFINITIONAL_REPRESENTATION('',(#3899),#3903);
#3899 = CIRCLE('',#3900,46.6);
#3900 = AXIS2_PLACEMENT_2D('',#3901,#3902);
#3901 = CARTESIAN_POINT('',(0.,0.));
#3902 = DIRECTION('',(1.,0.));
#3903 = ( GEOMETRIC_REPRESENTATION_CONTEXT(2) 
PARAMETRIC_REPRESENTATION_CONTEXT() REPRESENTATION_CONTEXT('2D SPACE',''
  ) );
#3904 = PCURVE('',#3905,#3910);
#3905 = CYLINDRICAL_SURFACE('',#3906,46.6);
#3906 = AXIS2_PLACEMENT_3D('',#3907,#3908,#3909);
#3907 = CARTESIAN_POINT('',(0.,0.,-190.4));
#3908 = DIRECTION('',(0.,0.,1.));
#3909 = DIRECTION('',(1.,0.,-0.));
#3910 = DEFINITIONAL_REPRESENTATION('',(#3911),#3915);
#3911 = LINE('',#3912,#3913);
#3912 = CARTESIAN_POINT('',(0.,1.5));
#3913 = VECTOR('',#3914,1.);
#3914 = DIRECTION('',(1.,0.));
#3915 = ( GEOMETRIC_REPRESENTATION_CONTEXT(2) 
PARAMETRIC_REPRESENTATION_CONTEXT() REPRESENTATION_CONTEXT('2D SPACE',''
  ) );
#3916 = ORIENTED_EDGE('',*,*,#3917,.F.);
#3917 = EDGE_CURVE('',#3918,#3889,#3920,.T.);
#3918 = VERTEX_POINT('',#3919);
#3919 = CARTESIAN_POINT('',(35.691244611405,26.410131731759,-188.9));
#3920 = SURFACE_CURVE('',#3921,(#3925,#3932),.PCURVE_S1.);
#3921 = LINE('',#3922,#3923);
#3922 = CARTESIAN_POINT('',(12.057852909258,8.92234180127,-188.9));
#3923 = VECTOR('',#3924,1.);
#3924 = DIRECTION('',(0.803856860617,0.594822786751,-0.));
#3925 = PCURVE('',#3789,#3926);
#3926 = DEFINITIONAL_REPRESENTATION('',(#3927),#3931);
#3927 = LINE('',#3928,#3929);
#3928 = CARTESIAN_POINT('',(12.057852909258,8.92234180127));
#3929 = VECTOR('',#3930,1.);
#3930 = DIRECTION('',(0.803856860617,0.594822786751));
#3931 = ( GEOMETRIC_REPRESENTATION_CONTEXT(2) 
PARAMETRIC_REPRESENTATION_CONTEXT() REPRESENTATION_CONTEXT('2D SPACE',''
  ) );
#3932 = PCURVE('',#3933,#3938);
#3933 = PLANE('',#3934);
#3934 = AXIS2_PLACEMENT_3D('',#3935,#3936,#3937);
#3935 = CARTESIAN_POINT('',(24.115705818517,17.84468360254,-189.65));
#3936 = DIRECTION('',(0.594822786751,-0.803856860617,0.));
#3937 = DIRECTION('',(0.,0.,-1.));
#3938 = DEFINITIONAL_REPRESENTATION('',(#3939),#3942);
#3939 = B_SPLINE_CURVE_WITH_KNOTS('',1,(#3940,#3941),.UNSPECIFIED.,.F.,
  .F.,(2,2),(-15.,42.970519731858),.PIECEWISE_BEZIER_KNOTS.);
#3940 = CARTESIAN_POINT('',(-0.75,-30.));
#3941 = CARTESIAN_POINT('',(-0.75,27.970519731858));
#3942 = ( GEOMETRIC_REPRESENTATION_CONTEXT(2) 
PARAMETRIC_REPRESENTATION_CONTEXT() REPRESENTATION_CONTEXT('2D SPACE',''
  ) );
#3943 = ORIENTED_EDGE('',*,*,#3944,.T.);
#3944 = EDGE_CURVE('',#3918,#3945,#3947,.T.);
#3945 = VERTEX_POINT('',#3946);
#3946 = CARTESIAN_POINT('',(26.410131731759,35.691244611405,-188.9));
#3947 = SURFACE_CURVE('',#3948,(#3953,#3960),.PCURVE_S1.);
#3948 = CIRCLE('',#3949,44.4);
#3949 = AXIS2_PLACEMENT_3D('',#3950,#3951,#3952);
#3950 = CARTESIAN_POINT('',(0.,0.,-188.9));
#3951 = DIRECTION('',(0.,0.,1.));
#3952 = DIRECTION('',(1.,0.,-0.));
#3953 = PCURVE('',#3789,#3954);
#3954 = DEFINITIONAL_REPRESENTATION('',(#3955),#3959);
#3955 = CIRCLE('',#3956,44.4);
#3956 = AXIS2_PLACEMENT_2D('',#3957,#3958);
#3957 = CARTESIAN_POINT('',(0.,0.));
#3958 = DIRECTION('',(1.,0.));
#3959 = ( GEOMETRIC_REPRESENTATION_CONTEXT(2) 
PARAMETRIC_REPRESENTATION_CONTEXT() REPRESENTATION_CONTEXT('2D SPACE',''
  ) );
#3960 = PCURVE('',#3825,#3961);
#3961 = DEFINITIONAL_REPRESENTATION('',(#3962),#3966);
#3962 = LINE('',#3963,#3964);
#3963 = CARTESIAN_POINT('',(0.,9.7));
#3964 = VECTOR('',#3965,1.);
#3965 = DIRECTION('',(1.,0.));
#3966 = ( GEOMETRIC_REPRESENTATION_CONTEXT(2) 
PARAMETRIC_REPRESENTATION_CONTEXT() REPRESENTATION_CONTEXT('2D SPACE',''
  ) );
#3967 = ORIENTED_EDGE('',*,*,#3968,.T.);
#3968 = EDGE_CURVE('',#3945,#3969,#3971,.T.);
#3969 = VERTEX_POINT('',#3970);
#3970 = CARTESIAN_POINT('',(27.718741862613,37.459729704762,-188.9));
#3971 = SURFACE_CURVE('',#3972,(#3976,#3983),.PCURVE_S1.);
#3972 = LINE('',#3973,#3974);
#3973 = CARTESIAN_POINT('',(8.92234180127,12.057852909258,-188.9));
#3974 = VECTOR('',#3975,1.);
#3975 = DIRECTION('',(0.594822786751,0.803856860617,-0.));
#3976 = PCURVE('',#3789,#3977);
#3977 = DEFINITIONAL_REPRESENTATION('',(#3978),#3982);
#3978 = LINE('',#3979,#3980);
#3979 = CARTESIAN_POINT('',(8.92234180127,12.057852909258));
#3980 = VECTOR('',#3981,1.);
#3981 = DIRECTION('',(0.594822786751,0.803856860617));
#3982 = ( GEOMETRIC_REPRESENTATION_CONTEXT(2) 
PARAMETRIC_REPRESENTATION_CONTEXT() REPRESENTATION_CONTEXT('2D SPACE',''
  ) );
#3983 = PCURVE('',#3984,#3989);
#3984 = PLANE('',#3985);
#3985 = AXIS2_PLACEMENT_3D('',#3986,#3987,#3988);
#3986 = CARTESIAN_POINT('',(17.84468360254,24.115705818517,-189.65));
#3987 = DIRECTION('',(0.803856860617,-0.594822786751,-0.));
#3988 = DIRECTION('',(0.,0.,-1.));
#3989 = DEFINITIONAL_REPRESENTATION('',(#3990),#3993);
#3990 = B_SPLINE_CURVE_WITH_KNOTS('',1,(#3991,#3992),.UNSPECIFIED.,.F.,
  .F.,(2,2),(-15.,42.970519731858),.PIECEWISE_BEZIER_KNOTS.);
#3991 = CARTESIAN_POINT('',(-0.75,-30.));
#3992 = CARTESIAN_POINT('',(-0.75,27.970519731858));
#3993 = ( GEOMETRIC_REPRESENTATION_CONTEXT(2) 
PARAMETRIC_REPRESENTATION_CONTEXT() REPRESENTATION_CONTEXT('2D SPACE',''
  ) );
#3994 = ORIENTED_EDGE('',*,*,#3995,.T.);
#3995 = EDGE_CURVE('',#3969,#3996,#3998,.T.);
#3996 = VERTEX_POINT('',#3997);
#3997 = CARTESIAN_POINT('',(6.88791855864,46.088139232665,-188.9));
#3998 = SURFACE_CURVE('',#3999,(#4004,#4011),.PCURVE_S1.);
#3999 = CIRCLE('',#4000,46.6);
#4000 = AXIS2_PLACEMENT_3D('',#4001,#4002,#4003);
#4001 = CARTESIAN_POINT('',(0.,0.,-188.9));
#4002 = DIRECTION('',(0.,0.,1.));
#4003 = DIRECTION('',(1.,0.,-0.));
#4004 = PCURVE('',#3789,#4005);
#4005 = DEFINITIONAL_REPRESENTATION('',(#4006),#4010);
#4006 = CIRCLE('',#4007,46.6);
#4007 = AXIS2_PLACEMENT_2D('',#4008,#4009);
#4008 = CARTESIAN_POINT('',(0.,0.));
#4009 = DIRECTION('',(1.,0.));
#4010 = ( GEOMETRIC_REPRESENTATION_CONTEXT(2) 
PARAMETRIC_REPRESENTATION_CONTEXT() REPRESENTATION_CONTEXT('2D SPACE',''
  ) );
#4011 = PCURVE('',#4012,#4017);
#4012 = CYLINDRICAL_SURFACE('',#4013,46.6);
#4013 = AXIS2_PLACEMENT_3D('',#4014,#4015,#4016);
#4014 = CARTESIAN_POINT('',(0.,0.,-190.4));
#4015 = DIRECTION('',(0.,0.,1.));
#4016 = DIRECTION('',(1.,0.,-0.));
#4017 = DEFINITIONAL_REPRESENTATION('',(#4018),#4022);
#4018 = LINE('',#4019,#4020);
#4019 = CARTESIAN_POINT('',(0.,1.5));
#4020 = VECTOR('',#4021,1.);
#4021 = DIRECTION('',(1.,0.));
#4022 = ( GEOMETRIC_REPRESENTATION_CONTEXT(2) 
PARAMETRIC_REPRESENTATION_CONTEXT() REPRESENTATION_CONTEXT('2D SPACE',''
  ) );
#4023 = ORIENTED_EDGE('',*,*,#4024,.F.);
#4024 = EDGE_CURVE('',#4025,#3996,#4027,.T.);
#4025 = VERTEX_POINT('',#4026);
#4026 = CARTESIAN_POINT('',(6.562737854156,43.912304333269,-188.9));
#4027 = SURFACE_CURVE('',#4028,(#4032,#4039),.PCURVE_S1.);
#4028 = LINE('',#4029,#4030);
#4029 = CARTESIAN_POINT('',(2.217141166944,14.835237950429,-188.9));
#4030 = VECTOR('',#4031,1.);
#4031 = DIRECTION('',(0.14780941113,0.989015863362,-0.));
#4032 = PCURVE('',#3789,#4033);
#4033 = DEFINITIONAL_REPRESENTATION('',(#4034),#4038);
#4034 = LINE('',#4035,#4036);
#4035 = CARTESIAN_POINT('',(2.217141166944,14.835237950429));
#4036 = VECTOR('',#4037,1.);
#4037 = DIRECTION('',(0.14780941113,0.989015863362));
#4038 = ( GEOMETRIC_REPRESENTATION_CONTEXT(2) 
PARAMETRIC_REPRESENTATION_CONTEXT() REPRESENTATION_CONTEXT('2D SPACE',''
  ) );
#4039 = PCURVE('',#4040,#4045);
#4040 = PLANE('',#4041);
#4041 = AXIS2_PLACEMENT_3D('',#4042,#4043,#4044);
#4042 = CARTESIAN_POINT('',(4.434282333888,29.670475900858,-189.65));
#4043 = DIRECTION('',(0.989015863362,-0.14780941113,0.));
#4044 = DIRECTION('',(0.,0.,-1.));
#4045 = DEFINITIONAL_REPRESENTATION('',(#4046),#4049);
#4046 = B_SPLINE_CURVE_WITH_KNOTS('',1,(#4047,#4048),.UNSPECIFIED.,.F.,
  .F.,(2,2),(-15.,32.117545558465),.PIECEWISE_BEZIER_KNOTS.);
#4047 = CARTESIAN_POINT('',(-0.75,-30.));
#4048 = CARTESIAN_POINT('',(-0.75,17.117545558465));
#4049 = ( GEOMETRIC_REPRESENTATION_CONTEXT(2) 
PARAMETRIC_REPRESENTATION_CONTEXT() REPRESENTATION_CONTEXT('2D SPACE',''
  ) );
#4050 = ORIENTED_EDGE('',*,*,#4051,.T.);
#4051 = EDGE_CURVE('',#4025,#4052,#4054,.T.);
#4052 = VERTEX_POINT('',#4053);
#4053 = CARTESIAN_POINT('',(-6.562737854156,43.912304333269,-188.9));
#4054 = SURFACE_CURVE('',#4055,(#4060,#4067),.PCURVE_S1.);
#4055 = CIRCLE('',#4056,44.4);
#4056 = AXIS2_PLACEMENT_3D('',#4057,#4058,#4059);
#4057 = CARTESIAN_POINT('',(0.,0.,-188.9));
#4058 = DIRECTION('',(0.,0.,1.));
#4059 = DIRECTION('',(1.,0.,-0.));
#4060 = PCURVE('',#3789,#4061);
#4061 = DEFINITIONAL_REPRESENTATION('',(#4062),#4066);
#4062 = CIRCLE('',#4063,44.4);
#4063 = AXIS2_PLACEMENT_2D('',#4064,#4065);
#4064 = CARTESIAN_POINT('',(0.,0.));
#4065 = DIRECTION('',(1.,0.));
#4066 = ( GEOMETRIC_REPRESENTATION_CONTEXT(2) 
PARAMETRIC_REPRESENTATION_CONTEXT() REPRESENTATION_CONTEXT('2D SPACE',''
  ) );
#4067 = PCURVE('',#3825,#4068);
#4068 = DEFINITIONAL_REPRESENTATION('',(#4069),#4073);
#4069 = LINE('',#4070,#4071);
#4070 = CARTESIAN_POINT('',(0.,9.7));
#4071 = VECTOR('',#4072,1.);
#4072 = DIRECTION('',(1.,0.));
#4073 = ( GEOMETRIC_REPRESENTATION_CONTEXT(2) 
PARAMETRIC_REPRESENTATION_CONTEXT() REPRESENTATION_CONTEXT('2D SPACE',''
  ) );
#4074 = ORIENTED_EDGE('',*,*,#4075,.T.);
#4075 = EDGE_CURVE('',#4052,#4076,#4078,.T.);
#4076 = VERTEX_POINT('',#4077);
#4077 = CARTESIAN_POINT('',(-6.88791855864,46.088139232665,-188.9));
#4078 = SURFACE_CURVE('',#4079,(#4083,#4090),.PCURVE_S1.);
#4079 = LINE('',#4080,#4081);
#4080 = CARTESIAN_POINT('',(-2.217141166944,14.835237950429,-188.9));
#4081 = VECTOR('',#4082,1.);
#4082 = DIRECTION('',(-0.14780941113,0.989015863362,0.));
#4083 = PCURVE('',#3789,#4084);
#4084 = DEFINITIONAL_REPRESENTATION('',(#4085),#4089);
#4085 = LINE('',#4086,#4087);
#4086 = CARTESIAN_POINT('',(-2.217141166944,14.835237950429));
#4087 = VECTOR('',#4088,1.);
#4088 = DIRECTION('',(-0.14780941113,0.989015863362));
#4089 = ( GEOMETRIC_REPRESENTATION_CONTEXT(2) 
PARAMETRIC_REPRESENTATION_CONTEXT() REPRESENTATION_CONTEXT('2D SPACE',''
  ) );
#4090 = PCURVE('',#4091,#4096);
#4091 = PLANE('',#4092);
#4092 = AXIS2_PLACEMENT_3D('',#4093,#4094,#4095);
#4093 = CARTESIAN_POINT('',(-4.434282333888,29.670475900858,-189.65));
#4094 = DIRECTION('',(0.989015863362,0.14780941113,-0.));
#4095 = DIRECTION('',(-0.,0.,-1.));
#4096 = DEFINITIONAL_REPRESENTATION('',(#4097),#4100);
#4097 = B_SPLINE_CURVE_WITH_KNOTS('',1,(#4098,#4099),.UNSPECIFIED.,.F.,
  .F.,(2,2),(-15.,32.117545558465),.PIECEWISE_BEZIER_KNOTS.);
#4098 = CARTESIAN_POINT('',(-0.75,-30.));
#4099 = CARTESIAN_POINT('',(-0.75,17.117545558465));
#4100 = ( GEOMETRIC_REPRESENTATION_CONTEXT(2) 
PARAMETRIC_REPRESENTATION_CONTEXT() REPRESENTATION_CONTEXT('2D SPACE',''
  ) );
#4101 = ORIENTED_EDGE('',*,*,#4102,.T.);
#4102 = EDGE_CURVE('',#4076,#4103,#4105,.T.);
#4103 = VERTEX_POINT('',#4104);
#4104 = CARTESIAN_POINT('',(-27.71874186261,37.459729704762,-188.9));
#4105 = SURFACE_CURVE('',#4106,(#4111,#4118),.PCURVE_S1.);
#4106 = CIRCLE('',#4107,46.6);
#4107 = AXIS2_PLACEMENT_3D('',#4108,#4109,#4110);
#4108 = CARTESIAN_POINT('',(0.,0.,-188.9));
#4109 = DIRECTION('',(0.,0.,1.));
#4110 = DIRECTION('',(1.,0.,-0.));
#4111 = PCURVE('',#3789,#4112);
#4112 = DEFINITIONAL_REPRESENTATION('',(#4113),#4117);
#4113 = CIRCLE('',#4114,46.6);
#4114 = AXIS2_PLACEMENT_2D('',#4115,#4116);
#4115 = CARTESIAN_POINT('',(0.,0.));
#4116 = DIRECTION('',(1.,0.));
#4117 = ( GEOMETRIC_REPRESENTATION_CONTEXT(2) 
PARAMETRIC_REPRESENTATION_CONTEXT() REPRESENTATION_CONTEXT('2D SPACE',''
  ) );
#4118 = PCURVE('',#4119,#4124);
#4119 = CYLINDRICAL_SURFACE('',#4120,46.6);
#4120 = AXIS2_PLACEMENT_3D('',#4121,#4122,#4123);
#4121 = CARTESIAN_POINT('',(0.,0.,-190.4));
#4122 = DIRECTION('',(0.,0.,1.));
#4123 = DIRECTION('',(1.,0.,-0.));
#4124 = DEFINITIONAL_REPRESENTATION('',(#4125),#4129);
#4125 = LINE('',#4126,#4127);
#4126 = CARTESIAN_POINT('',(0.,1.5));
#4127 = VECTOR('',#4128,1.);
#4128 = DIRECTION('',(1.,0.));
#4129 = ( GEOMETRIC_REPRESENTATION_CONTEXT(2) 
PARAMETRIC_REPRESENTATION_CONTEXT() REPRESENTATION_CONTEXT('2D SPACE',''
  ) );
#4130 = ORIENTED_EDGE('',*,*,#4131,.F.);
#4131 = EDGE_CURVE('',#4132,#4103,#4134,.T.);
#4132 = VERTEX_POINT('',#4133);
#4133 = CARTESIAN_POINT('',(-26.41013173175,35.691244611405,-188.9));
#4134 = SURFACE_CURVE('',#4135,(#4139,#4146),.PCURVE_S1.);
#4135 = LINE('',#4136,#4137);
#4136 = CARTESIAN_POINT('',(-8.92234180127,12.057852909258,-188.9));
#4137 = VECTOR('',#4138,1.);
#4138 = DIRECTION('',(-0.594822786751,0.803856860617,0.));
#4139 = PCURVE('',#3789,#4140);
#4140 = DEFINITIONAL_REPRESENTATION('',(#4141),#4145);
#4141 = LINE('',#4142,#4143);
#4142 = CARTESIAN_POINT('',(-8.92234180127,12.057852909258));
#4143 = VECTOR('',#4144,1.);
#4144 = DIRECTION('',(-0.594822786751,0.803856860617));
#4145 = ( GEOMETRIC_REPRESENTATION_CONTEXT(2) 
PARAMETRIC_REPRESENTATION_CONTEXT() REPRESENTATION_CONTEXT('2D SPACE',''
  ) );
#4146 = PCURVE('',#4147,#4152);
#4147 = PLANE('',#4148);
#4148 = AXIS2_PLACEMENT_3D('',#4149,#4150,#4151);
#4149 = CARTESIAN_POINT('',(-17.84468360254,24.115705818517,-189.65));
#4150 = DIRECTION('',(0.803856860617,0.594822786751,0.));
#4151 = DIRECTION('',(-0.,0.,-1.));
#4152 = DEFINITIONAL_REPRESENTATION('',(#4153),#4156);
#4153 = B_SPLINE_CURVE_WITH_KNOTS('',1,(#4154,#4155),.UNSPECIFIED.,.F.,
  .F.,(2,2),(-15.,42.970519731858),.PIECEWISE_BEZIER_KNOTS.);
#4154 = CARTESIAN_POINT('',(-0.75,-30.));
#4155 = CARTESIAN_POINT('',(-0.75,27.970519731858));
#4156 = ( GEOMETRIC_REPRESENTATION_CONTEXT(2) 
PARAMETRIC_REPRESENTATION_CONTEXT() REPRESENTATION_CONTEXT('2D SPACE',''
  ) );
#4157 = ORIENTED_EDGE('',*,*,#4158,.T.);
#4158 = EDGE_CURVE('',#4132,#4159,#4161,.T.);
#4159 = VERTEX_POINT('',#4160);
#4160 = CARTESIAN_POINT('',(-35.6912446114,26.410131731759,-188.9));
#4161 = SURFACE_CURVE('',#4162,(#4167,#4174),.PCURVE_S1.);
#4162 = CIRCLE('',#4163,44.4);
#4163 = AXIS2_PLACEMENT_3D('',#4164,#4165,#4166);
#4164 = CARTESIAN_POINT('',(0.,0.,-188.9));
#4165 = DIRECTION('',(0.,0.,1.));
#4166 = DIRECTION('',(1.,0.,-0.));
#4167 = PCURVE('',#3789,#4168);
#4168 = DEFINITIONAL_REPRESENTATION('',(#4169),#4173);
#4169 = CIRCLE('',#4170,44.4);
#4170 = AXIS2_PLACEMENT_2D('',#4171,#4172);
#4171 = CARTESIAN_POINT('',(0.,0.));
#4172 = DIRECTION('',(1.,0.));
#4173 = ( GEOMETRIC_REPRESENTATION_CONTEXT(2) 
PARAMETRIC_REPRESENTATION_CONTEXT() REPRESENTATION_CONTEXT('2D SPACE',''
  ) );
#4174 = PCURVE('',#3825,#4175);
#4175 = DEFINITIONAL_REPRESENTATION('',(#4176),#4180);
#4176 = LINE('',#4177,#4178);
#4177 = CARTESIAN_POINT('',(0.,9.7));
#4178 = VECTOR('',#4179,1.);
#4179 = DIRECTION('',(1.,0.));
#4180 = ( GEOMETRIC_REPRESENTATION_CONTEXT(2) 
PARAMETRIC_REPRESENTATION_CONTEXT() REPRESENTATION_CONTEXT('2D SPACE',''
  ) );
#4181 = ORIENTED_EDGE('',*,*,#4182,.T.);
#4182 = EDGE_CURVE('',#4159,#4183,#4185,.T.);
#4183 = VERTEX_POINT('',#4184);
#4184 = CARTESIAN_POINT('',(-37.45972970476,27.718741862613,-188.9));
#4185 = SURFACE_CURVE('',#4186,(#4190,#4197),.PCURVE_S1.);
#4186 = LINE('',#4187,#4188);
#4187 = CARTESIAN_POINT('',(-12.05785290925,8.92234180127,-188.9));
#4188 = VECTOR('',#4189,1.);
#4189 = DIRECTION('',(-0.803856860617,0.594822786751,0.));
#4190 = PCURVE('',#3789,#4191);
#4191 = DEFINITIONAL_REPRESENTATION('',(#4192),#4196);
#4192 = LINE('',#4193,#4194);
#4193 = CARTESIAN_POINT('',(-12.05785290925,8.92234180127));
#4194 = VECTOR('',#4195,1.);
#4195 = DIRECTION('',(-0.803856860617,0.594822786751));
#4196 = ( GEOMETRIC_REPRESENTATION_CONTEXT(2) 
PARAMETRIC_REPRESENTATION_CONTEXT() REPRESENTATION_CONTEXT('2D SPACE',''
  ) );
#4197 = PCURVE('',#4198,#4203);
#4198 = PLANE('',#4199);
#4199 = AXIS2_PLACEMENT_3D('',#4200,#4201,#4202);
#4200 = CARTESIAN_POINT('',(-24.11570581851,17.84468360254,-189.65));
#4201 = DIRECTION('',(0.594822786751,0.803856860617,-0.));
#4202 = DIRECTION('',(-0.,0.,-1.));
#4203 = DEFINITIONAL_REPRESENTATION('',(#4204),#4207);
#4204 = B_SPLINE_CURVE_WITH_KNOTS('',1,(#4205,#4206),.UNSPECIFIED.,.F.,
  .F.,(2,2),(-15.,42.970519731858),.PIECEWISE_BEZIER_KNOTS.);
#4205 = CARTESIAN_POINT('',(-0.75,-30.));
#4206 = CARTESIAN_POINT('',(-0.75,27.970519731858));
#4207 = ( GEOMETRIC_REPRESENTATION_CONTEXT(2) 
PARAMETRIC_REPRESENTATION_CONTEXT() REPRESENTATION_CONTEXT('2D SPACE',''
  ) );
#4208 = ORIENTED_EDGE('',*,*,#4209,.T.);
#4209 = EDGE_CURVE('',#4183,#4210,#4212,.T.);
#4210 = VERTEX_POINT('',#4211);
#4211 = CARTESIAN_POINT('',(-46.08813923266,6.88791855864,-188.9));
#4212 = SURFACE_CURVE('',#4213,(#4218,#4225),.PCURVE_S1.);
#4213 = CIRCLE('',#4214,46.6);
#4214 = AXIS2_PLACEMENT_3D('',#4215,#4216,#4217);
#4215 = CARTESIAN_POINT('',(0.,0.,-188.9));
#4216 = DIRECTION('',(0.,0.,1.));
#4217 = DIRECTION('',(1.,0.,-0.));
#4218 = PCURVE('',#3789,#4219);
#4219 = DEFINITIONAL_REPRESENTATION('',(#4220),#4224);
#4220 = CIRCLE('',#4221,46.6);
#4221 = AXIS2_PLACEMENT_2D('',#4222,#4223);
#4222 = CARTESIAN_POINT('',(0.,0.));
#4223 = DIRECTION('',(1.,0.));
#4224 = ( GEOMETRIC_REPRESENTATION_CONTEXT(2) 
PARAMETRIC_REPRESENTATION_CONTEXT() REPRESENTATION_CONTEXT('2D SPACE',''
  ) );
#4225 = PCURVE('',#4226,#4231);
#4226 = CYLINDRICAL_SURFACE('',#4227,46.6);
#4227 = AXIS2_PLACEMENT_3D('',#4228,#4229,#4230);
#4228 = CARTESIAN_POINT('',(0.,0.,-190.4));
#4229 = DIRECTION('',(0.,0.,1.));
#4230 = DIRECTION('',(1.,0.,-0.));
#4231 = DEFINITIONAL_REPRESENTATION('',(#4232),#4236);
#4232 = LINE('',#4233,#4234);
#4233 = CARTESIAN_POINT('',(0.,1.5));
#4234 = VECTOR('',#4235,1.);
#4235 = DIRECTION('',(1.,0.));
#4236 = ( GEOMETRIC_REPRESENTATION_CONTEXT(2) 
PARAMETRIC_REPRESENTATION_CONTEXT() REPRESENTATION_CONTEXT('2D SPACE',''
  ) );
#4237 = ORIENTED_EDGE('',*,*,#4238,.F.);
#4238 = EDGE_CURVE('',#4239,#4210,#4241,.T.);
#4239 = VERTEX_POINT('',#4240);
#4240 = CARTESIAN_POINT('',(-43.91230433326,6.562737854156,-188.9));
#4241 = SURFACE_CURVE('',#4242,(#4246,#4253),.PCURVE_S1.);
#4242 = LINE('',#4243,#4244);
#4243 = CARTESIAN_POINT('',(-14.83523795042,2.217141166944,-188.9));
#4244 = VECTOR('',#4245,1.);
#4245 = DIRECTION('',(-0.989015863362,0.14780941113,0.));
#4246 = PCURVE('',#3789,#4247);
#4247 = DEFINITIONAL_REPRESENTATION('',(#4248),#4252);
#4248 = LINE('',#4249,#4250);
#4249 = CARTESIAN_POINT('',(-14.83523795042,2.217141166944));
#4250 = VECTOR('',#4251,1.);
#4251 = DIRECTION('',(-0.989015863362,0.14780941113));
#4252 = ( GEOMETRIC_REPRESENTATION_CONTEXT(2) 
PARAMETRIC_REPRESENTATION_CONTEXT() REPRESENTATION_CONTEXT('2D SPACE',''
  ) );
#4253 = PCURVE('',#4254,#4259);
#4254 = PLANE('',#4255);
#4255 = AXIS2_PLACEMENT_3D('',#4256,#4257,#4258);
#4256 = CARTESIAN_POINT('',(-29.67047590085,4.434282333888,-189.65));
#4257 = DIRECTION('',(0.14780941113,0.989015863362,0.));
#4258 = DIRECTION('',(-0.,0.,-1.));
#4259 = DEFINITIONAL_REPRESENTATION('',(#4260),#4263);
#4260 = B_SPLINE_CURVE_WITH_KNOTS('',1,(#4261,#4262),.UNSPECIFIED.,.F.,
  .F.,(2,2),(-15.,32.117545558465),.PIECEWISE_BEZIER_KNOTS.);
#4261 = CARTESIAN_POINT('',(-0.75,-30.));
#4262 = CARTESIAN_POINT('',(-0.75,17.117545558465));
#4263 = ( GEOMETRIC_REPRESENTATION_CONTEXT(2) 
PARAMETRIC_REPRESENTATION_CONTEXT() REPRESENTATION_CONTEXT('2D SPACE',''
  ) );
#4264 = ORIENTED_EDGE('',*,*,#4265,.T.);
#4265 = EDGE_CURVE('',#4239,#4266,#4268,.T.);
#4266 = VERTEX_POINT('',#4267);
#4267 = CARTESIAN_POINT('',(-43.91230433326,-6.562737854156,-188.9));
#4268 = SURFACE_CURVE('',#4269,(#4274,#4281),.PCURVE_S1.);
#4269 = CIRCLE('',#4270,44.4);
#4270 = AXIS2_PLACEMENT_3D('',#4271,#4272,#4273);
#4271 = CARTESIAN_POINT('',(0.,0.,-188.9));
#4272 = DIRECTION('',(0.,0.,1.));
#4273 = DIRECTION('',(1.,0.,-0.));
#4274 = PCURVE('',#3789,#4275);
#4275 = DEFINITIONAL_REPRESENTATION('',(#4276),#4280);
#4276 = CIRCLE('',#4277,44.4);
#4277 = AXIS2_PLACEMENT_2D('',#4278,#4279);
#4278 = CARTESIAN_POINT('',(0.,0.));
#4279 = DIRECTION('',(1.,0.));
#4280 = ( GEOMETRIC_REPRESENTATION_CONTEXT(2) 
PARAMETRIC_REPRESENTATION_CONTEXT() REPRESENTATION_CONTEXT('2D SPACE',''
  ) );
#4281 = PCURVE('',#3825,#4282);
#4282 = DEFINITIONAL_REPRESENTATION('',(#4283),#4287);
#4283 = LINE('',#4284,#4285);
#4284 = CARTESIAN_POINT('',(0.,9.7));
#4285 = VECTOR('',#4286,1.);
#4286 = DIRECTION('',(1.,0.));
#4287 = ( GEOMETRIC_REPRESENTATION_CONTEXT(2) 
PARAMETRIC_REPRESENTATION_CONTEXT() REPRESENTATION_CONTEXT('2D SPACE',''
  ) );
#4288 = ORIENTED_EDGE('',*,*,#4289,.T.);
#4289 = EDGE_CURVE('',#4266,#4290,#4292,.T.);
#4290 = VERTEX_POINT('',#4291);
#4291 = CARTESIAN_POINT('',(-46.08813923266,-6.88791855864,-188.9));
#4292 = SURFACE_CURVE('',#4293,(#4297,#4304),.PCURVE_S1.);
#4293 = LINE('',#4294,#4295);
#4294 = CARTESIAN_POINT('',(-14.83523795042,-2.217141166944,-188.9));
#4295 = VECTOR('',#4296,1.);
#4296 = DIRECTION('',(-0.989015863362,-0.14780941113,0.));
#4297 = PCURVE('',#3789,#4298);
#4298 = DEFINITIONAL_REPRESENTATION('',(#4299),#4303);
#4299 = LINE('',#4300,#4301);
#4300 = CARTESIAN_POINT('',(-14.83523795042,-2.217141166944));
#4301 = VECTOR('',#4302,1.);
#4302 = DIRECTION('',(-0.989015863362,-0.14780941113));
#4303 = ( GEOMETRIC_REPRESENTATION_CONTEXT(2) 
PARAMETRIC_REPRESENTATION_CONTEXT() REPRESENTATION_CONTEXT('2D SPACE',''
  ) );
#4304 = PCURVE('',#4305,#4310);
#4305 = PLANE('',#4306);
#4306 = AXIS2_PLACEMENT_3D('',#4307,#4308,#4309);
#4307 = CARTESIAN_POINT('',(-29.67047590085,-4.434282333888,-189.65));
#4308 = DIRECTION('',(-0.14780941113,0.989015863362,-0.));
#4309 = DIRECTION('',(0.,-0.,-1.));
#4310 = DEFINITIONAL_REPRESENTATION('',(#4311),#4314);
#4311 = B_SPLINE_CURVE_WITH_KNOTS('',1,(#4312,#4313),.UNSPECIFIED.,.F.,
  .F.,(2,2),(-15.,32.117545558465),.PIECEWISE_BEZIER_KNOTS.);
#4312 = CARTESIAN_POINT('',(-0.75,-30.));
#4313 = CARTESIAN_POINT('',(-0.75,17.117545558465));
#4314 = ( GEOMETRIC_REPRESENTATION_CONTEXT(2) 
PARAMETRIC_REPRESENTATION_CONTEXT() REPRESENTATION_CONTEXT('2D SPACE',''
  ) );
#4315 = ORIENTED_EDGE('',*,*,#4316,.T.);
#4316 = EDGE_CURVE('',#4290,#4317,#4319,.T.);
#4317 = VERTEX_POINT('',#4318);
#4318 = CARTESIAN_POINT('',(-37.45972970476,-27.71874186261,-188.9));
#4319 = SURFACE_CURVE('',#4320,(#4325,#4332),.PCURVE_S1.);
#4320 = CIRCLE('',#4321,46.6);
#4321 = AXIS2_PLACEMENT_3D('',#4322,#4323,#4324);
#4322 = CARTESIAN_POINT('',(0.,0.,-188.9));
#4323 = DIRECTION('',(0.,0.,1.));
#4324 = DIRECTION('',(1.,0.,-0.));
#4325 = PCURVE('',#3789,#4326);
#4326 = DEFINITIONAL_REPRESENTATION('',(#4327),#4331);
#4327 = CIRCLE('',#4328,46.6);
#4328 = AXIS2_PLACEMENT_2D('',#4329,#4330);
#4329 = CARTESIAN_POINT('',(0.,0.));
#4330 = DIRECTION('',(1.,0.));
#4331 = ( GEOMETRIC_REPRESENTATION_CONTEXT(2) 
PARAMETRIC_REPRESENTATION_CONTEXT() REPRESENTATION_CONTEXT('2D SPACE',''
  ) );
#4332 = PCURVE('',#4333,#4338);
#4333 = CYLINDRICAL_SURFACE('',#4334,46.6);
#4334 = AXIS2_PLACEMENT_3D('',#4335,#4336,#4337);
#4335 = CARTESIAN_POINT('',(0.,0.,-190.4));
#4336 = DIRECTION('',(0.,0.,1.));
#4337 = DIRECTION('',(1.,0.,-0.));
#4338 = DEFINITIONAL_REPRESENTATION('',(#4339),#4343);
#4339 = LINE('',#4340,#4341);
#4340 = CARTESIAN_POINT('',(0.,1.5));
#4341 = VECTOR('',#4342,1.);
#4342 = DIRECTION('',(1.,0.));
#4343 = ( GEOMETRIC_REPRESENTATION_CONTEXT(2) 
PARAMETRIC_REPRESENTATION_CONTEXT() REPRESENTATION_CONTEXT('2D SPACE',''
  ) );
#4344 = ORIENTED_EDGE('',*,*,#4345,.F.);
#4345 = EDGE_CURVE('',#4346,#4317,#4348,.T.);
#4346 = VERTEX_POINT('',#4347);
#4347 = CARTESIAN_POINT('',(-35.6912446114,-26.41013173175,-188.9));
#4348 = SURFACE_CURVE('',#4349,(#4353,#4360),.PCURVE_S1.);
#4349 = LINE('',#4350,#4351);
#4350 = CARTESIAN_POINT('',(-12.05785290925,-8.92234180127,-188.9));
#4351 = VECTOR('',#4352,1.);
#4352 = DIRECTION('',(-0.803856860617,-0.594822786751,0.));
#4353 = PCURVE('',#3789,#4354);
#4354 = DEFINITIONAL_REPRESENTATION('',(#4355),#4359);
#4355 = LINE('',#4356,#4357);
#4356 = CARTESIAN_POINT('',(-12.05785290925,-8.92234180127));
#4357 = VECTOR('',#4358,1.);
#4358 = DIRECTION('',(-0.803856860617,-0.594822786751));
#4359 = ( GEOMETRIC_REPRESENTATION_CONTEXT(2) 
PARAMETRIC_REPRESENTATION_CONTEXT() REPRESENTATION_CONTEXT('2D SPACE',''
  ) );
#4360 = PCURVE('',#4361,#4366);
#4361 = PLANE('',#4362);
#4362 = AXIS2_PLACEMENT_3D('',#4363,#4364,#4365);
#4363 = CARTESIAN_POINT('',(-24.11570581851,-17.84468360254,-189.65));
#4364 = DIRECTION('',(-0.594822786751,0.803856860617,0.));
#4365 = DIRECTION('',(0.,-0.,-1.));
#4366 = DEFINITIONAL_REPRESENTATION('',(#4367),#4370);
#4367 = B_SPLINE_CURVE_WITH_KNOTS('',1,(#4368,#4369),.UNSPECIFIED.,.F.,
  .F.,(2,2),(-15.,42.970519731858),.PIECEWISE_BEZIER_KNOTS.);
#4368 = CARTESIAN_POINT('',(-0.75,-30.));
#4369 = CARTESIAN_POINT('',(-0.75,27.970519731858));
#4370 = ( GEOMETRIC_REPRESENTATION_CONTEXT(2) 
PARAMETRIC_REPRESENTATION_CONTEXT() REPRESENTATION_CONTEXT('2D SPACE',''
  ) );
#4371 = ORIENTED_EDGE('',*,*,#4372,.T.);
#4372 = EDGE_CURVE('',#4346,#4373,#4375,.T.);
#4373 = VERTEX_POINT('',#4374);
#4374 = CARTESIAN_POINT('',(-26.41013173175,-35.6912446114,-188.9));
#4375 = SURFACE_CURVE('',#4376,(#4381,#4388),.PCURVE_S1.);
#4376 = CIRCLE('',#4377,44.4);
#4377 = AXIS2_PLACEMENT_3D('',#4378,#4379,#4380);
#4378 = CARTESIAN_POINT('',(0.,0.,-188.9));
#4379 = DIRECTION('',(0.,0.,1.));
#4380 = DIRECTION('',(1.,0.,-0.));
#4381 = PCURVE('',#3789,#4382);
#4382 = DEFINITIONAL_REPRESENTATION('',(#4383),#4387);
#4383 = CIRCLE('',#4384,44.4);
#4384 = AXIS2_PLACEMENT_2D('',#4385,#4386);
#4385 = CARTESIAN_POINT('',(0.,0.));
#4386 = DIRECTION('',(1.,0.));
#4387 = ( GEOMETRIC_REPRESENTATION_CONTEXT(2) 
PARAMETRIC_REPRESENTATION_CONTEXT() REPRESENTATION_CONTEXT('2D SPACE',''
  ) );
#4388 = PCURVE('',#3825,#4389);
#4389 = DEFINITIONAL_REPRESENTATION('',(#4390),#4394);
#4390 = LINE('',#4391,#4392);
#4391 = CARTESIAN_POINT('',(0.,9.7));
#4392 = VECTOR('',#4393,1.);
#4393 = DIRECTION('',(1.,0.));
#4394 = ( GEOMETRIC_REPRESENTATION_CONTEXT(2) 
PARAMETRIC_REPRESENTATION_CONTEXT() REPRESENTATION_CONTEXT('2D SPACE',''
  ) );
#4395 = ORIENTED_EDGE('',*,*,#4396,.T.);
#4396 = EDGE_CURVE('',#4373,#4397,#4399,.T.);
#4397 = VERTEX_POINT('',#4398);
#4398 = CARTESIAN_POINT('',(-27.71874186261,-37.45972970476,-188.9));
#4399 = SURFACE_CURVE('',#4400,(#4404,#4411),.PCURVE_S1.);
#4400 = LINE('',#4401,#4402);
#4401 = CARTESIAN_POINT('',(-8.92234180127,-12.05785290925,-188.9));
#4402 = VECTOR('',#4403,1.);
#4403 = DIRECTION('',(-0.594822786751,-0.803856860617,0.));
#4404 = PCURVE('',#3789,#4405);
#4405 = DEFINITIONAL_REPRESENTATION('',(#4406),#4410);
#4406 = LINE('',#4407,#4408);
#4407 = CARTESIAN_POINT('',(-8.92234180127,-12.05785290925));
#4408 = VECTOR('',#4409,1.);
#4409 = DIRECTION('',(-0.594822786751,-0.803856860617));
#4410 = ( GEOMETRIC_REPRESENTATION_CONTEXT(2) 
PARAMETRIC_REPRESENTATION_CONTEXT() REPRESENTATION_CONTEXT('2D SPACE',''
  ) );
#4411 = PCURVE('',#4412,#4417);
#4412 = PLANE('',#4413);
#4413 = AXIS2_PLACEMENT_3D('',#4414,#4415,#4416);
#4414 = CARTESIAN_POINT('',(-17.84468360254,-24.11570581851,-189.65));
#4415 = DIRECTION('',(-0.803856860617,0.594822786751,-0.));
#4416 = DIRECTION('',(0.,-0.,-1.));
#4417 = DEFINITIONAL_REPRESENTATION('',(#4418),#4421);
#4418 = B_SPLINE_CURVE_WITH_KNOTS('',1,(#4419,#4420),.UNSPECIFIED.,.F.,
  .F.,(2,2),(-15.,42.970519731858),.PIECEWISE_BEZIER_KNOTS.);
#4419 = CARTESIAN_POINT('',(-0.75,-30.));
#4420 = CARTESIAN_POINT('',(-0.75,27.970519731858));
#4421 = ( GEOMETRIC_REPRESENTATION_CONTEXT(2) 
PARAMETRIC_REPRESENTATION_CONTEXT() REPRESENTATION_CONTEXT('2D SPACE',''
  ) );
#4422 = ORIENTED_EDGE('',*,*,#4423,.T.);
#4423 = EDGE_CURVE('',#4397,#4424,#4426,.T.);
#4424 = VERTEX_POINT('',#4425);
#4425 = CARTESIAN_POINT('',(-6.88791855864,-46.08813923266,-188.9));
#4426 = SURFACE_CURVE('',#4427,(#4432,#4439),.PCURVE_S1.);
#4427 = CIRCLE('',#4428,46.6);
#4428 = AXIS2_PLACEMENT_3D('',#4429,#4430,#4431);
#4429 = CARTESIAN_POINT('',(0.,0.,-188.9));
#4430 = DIRECTION('',(0.,0.,1.));
#4431 = DIRECTION('',(1.,0.,-0.));
#4432 = PCURVE('',#3789,#4433);
#4433 = DEFINITIONAL_REPRESENTATION('',(#4434),#4438);
#4434 = CIRCLE('',#4435,46.6);
#4435 = AXIS2_PLACEMENT_2D('',#4436,#4437);
#4436 = CARTESIAN_POINT('',(0.,0.));
#4437 = DIRECTION('',(1.,0.));
#4438 = ( GEOMETRIC_REPRESENTATION_CONTEXT(2) 
PARAMETRIC_REPRESENTATION_CONTEXT() REPRESENTATION_CONTEXT('2D SPACE',''
  ) );
#4439 = PCURVE('',#4440,#4445);
#4440 = CYLINDRICAL_SURFACE('',#4441,46.6);
#4441 = AXIS2_PLACEMENT_3D('',#4442,#4443,#4444);
#4442 = CARTESIAN_POINT('',(0.,0.,-190.4));
#4443 = DIRECTION('',(0.,0.,1.));
#4444 = DIRECTION('',(1.,0.,-0.));
#4445 = DEFINITIONAL_REPRESENTATION('',(#4446),#4450);
#4446 = LINE('',#4447,#4448);
#4447 = CARTESIAN_POINT('',(0.,1.5));
#4448 = VECTOR('',#4449,1.);
#4449 = DIRECTION('',(1.,0.));
#4450 = ( GEOMETRIC_REPRESENTATION_CONTEXT(2) 
PARAMETRIC_REPRESENTATION_CONTEXT() REPRESENTATION_CONTEXT('2D SPACE',''
  ) );
#4451 = ORIENTED_EDGE('',*,*,#4452,.F.);
#4452 = EDGE_CURVE('',#4453,#4424,#4455,.T.);
#4453 = VERTEX_POINT('',#4454);
#4454 = CARTESIAN_POINT('',(-6.562737854156,-43.91230433326,-188.9));
#4455 = SURFACE_CURVE('',#4456,(#4460,#4467),.PCURVE_S1.);
#4456 = LINE('',#4457,#4458);
#4457 = CARTESIAN_POINT('',(-2.217141166944,-14.83523795042,-188.9));
#4458 = VECTOR('',#4459,1.);
#4459 = DIRECTION('',(-0.14780941113,-0.989015863362,0.));
#4460 = PCURVE('',#3789,#4461);
#4461 = DEFINITIONAL_REPRESENTATION('',(#4462),#4466);
#4462 = LINE('',#4463,#4464);
#4463 = CARTESIAN_POINT('',(-2.217141166944,-14.83523795042));
#4464 = VECTOR('',#4465,1.);
#4465 = DIRECTION('',(-0.14780941113,-0.989015863362));
#4466 = ( GEOMETRIC_REPRESENTATION_CONTEXT(2) 
PARAMETRIC_REPRESENTATION_CONTEXT() REPRESENTATION_CONTEXT('2D SPACE',''
  ) );
#4467 = PCURVE('',#4468,#4473);
#4468 = PLANE('',#4469);
#4469 = AXIS2_PLACEMENT_3D('',#4470,#4471,#4472);
#4470 = CARTESIAN_POINT('',(-4.434282333888,-29.67047590085,-189.65));
#4471 = DIRECTION('',(-0.989015863362,0.14780941113,0.));
#4472 = DIRECTION('',(0.,-0.,-1.));
#4473 = DEFINITIONAL_REPRESENTATION('',(#4474),#4477);
#4474 = B_SPLINE_CURVE_WITH_KNOTS('',1,(#4475,#4476),.UNSPECIFIED.,.F.,
  .F.,(2,2),(-15.,32.117545558465),.PIECEWISE_BEZIER_KNOTS.);
#4475 = CARTESIAN_POINT('',(-0.75,-30.));
#4476 = CARTESIAN_POINT('',(-0.75,17.117545558465));
#4477 = ( GEOMETRIC_REPRESENTATION_CONTEXT(2) 
PARAMETRIC_REPRESENTATION_CONTEXT() REPRESENTATION_CONTEXT('2D SPACE',''
  ) );
#4478 = ORIENTED_EDGE('',*,*,#4479,.T.);
#4479 = EDGE_CURVE('',#4453,#4480,#4482,.T.);
#4480 = VERTEX_POINT('',#4481);
#4481 = CARTESIAN_POINT('',(6.562737854156,-43.91230433326,-188.9));
#4482 = SURFACE_CURVE('',#4483,(#4488,#4495),.PCURVE_S1.);
#4483 = CIRCLE('',#4484,44.4);
#4484 = AXIS2_PLACEMENT_3D('',#4485,#4486,#4487);
#4485 = CARTESIAN_POINT('',(0.,0.,-188.9));
#4486 = DIRECTION('',(0.,0.,1.));
#4487 = DIRECTION('',(1.,0.,-0.));
#4488 = PCURVE('',#3789,#4489);
#4489 = DEFINITIONAL_REPRESENTATION('',(#4490),#4494);
#4490 = CIRCLE('',#4491,44.4);
#4491 = AXIS2_PLACEMENT_2D('',#4492,#4493);
#4492 = CARTESIAN_POINT('',(0.,0.));
#4493 = DIRECTION('',(1.,0.));
#4494 = ( GEOMETRIC_REPRESENTATION_CONTEXT(2) 
PARAMETRIC_REPRESENTATION_CONTEXT() REPRESENTATION_CONTEXT('2D SPACE',''
  ) );
#4495 = PCURVE('',#3825,#4496);
#4496 = DEFINITIONAL_REPRESENTATION('',(#4497),#4501);
#4497 = LINE('',#4498,#4499);
#4498 = CARTESIAN_POINT('',(0.,9.7));
#4499 = VECTOR('',#4500,1.);
#4500 = DIRECTION('',(1.,0.));
#4501 = ( GEOMETRIC_REPRESENTATION_CONTEXT(2) 
PARAMETRIC_REPRESENTATION_CONTEXT() REPRESENTATION_CONTEXT('2D SPACE',''
  ) );
#4502 = ORIENTED_EDGE('',*,*,#4503,.T.);
#4503 = EDGE_CURVE('',#4480,#4504,#4506,.T.);
#4504 = VERTEX_POINT('',#4505);
#4505 = CARTESIAN_POINT('',(6.88791855864,-46.08813923266,-188.9));
#4506 = SURFACE_CURVE('',#4507,(#4511,#4518),.PCURVE_S1.);
#4507 = LINE('',#4508,#4509);
#4508 = CARTESIAN_POINT('',(2.217141166944,-14.83523795042,-188.9));
#4509 = VECTOR('',#4510,1.);
#4510 = DIRECTION('',(0.14780941113,-0.989015863362,0.));
#4511 = PCURVE('',#3789,#4512);
#4512 = DEFINITIONAL_REPRESENTATION('',(#4513),#4517);
#4513 = LINE('',#4514,#4515);
#4514 = CARTESIAN_POINT('',(2.217141166944,-14.83523795042));
#4515 = VECTOR('',#4516,1.);
#4516 = DIRECTION('',(0.14780941113,-0.989015863362));
#4517 = ( GEOMETRIC_REPRESENTATION_CONTEXT(2) 
PARAMETRIC_REPRESENTATION_CONTEXT() REPRESENTATION_CONTEXT('2D SPACE',''
  ) );
#4518 = PCURVE('',#4519,#4524);
#4519 = PLANE('',#4520);
#4520 = AXIS2_PLACEMENT_3D('',#4521,#4522,#4523);
#4521 = CARTESIAN_POINT('',(4.434282333888,-29.67047590085,-189.65));
#4522 = DIRECTION('',(-0.989015863362,-0.14780941113,-0.));
#4523 = DIRECTION('',(0.,0.,-1.));
#4524 = DEFINITIONAL_REPRESENTATION('',(#4525),#4528);
#4525 = B_SPLINE_CURVE_WITH_KNOTS('',1,(#4526,#4527),.UNSPECIFIED.,.F.,
  .F.,(2,2),(-15.,32.117545558465),.PIECEWISE_BEZIER_KNOTS.);
#4526 = CARTESIAN_POINT('',(-0.75,-30.));
#4527 = CARTESIAN_POINT('',(-0.75,17.117545558465));
#4528 = ( GEOMETRIC_REPRESENTATION_CONTEXT(2) 
PARAMETRIC_REPRESENTATION_CONTEXT() REPRESENTATION_CONTEXT('2D SPACE',''
  ) );
#4529 = ORIENTED_EDGE('',*,*,#4530,.T.);
#4530 = EDGE_CURVE('',#4504,#4531,#4533,.T.);
#4531 = VERTEX_POINT('',#4532);
#4532 = CARTESIAN_POINT('',(27.718741862613,-37.45972970476,-188.9));
#4533 = SURFACE_CURVE('',#4534,(#4539,#4546),.PCURVE_S1.);
#4534 = CIRCLE('',#4535,46.6);
#4535 = AXIS2_PLACEMENT_3D('',#4536,#4537,#4538);
#4536 = CARTESIAN_POINT('',(0.,0.,-188.9));
#4537 = DIRECTION('',(0.,0.,1.));
#4538 = DIRECTION('',(1.,0.,-0.));
#4539 = PCURVE('',#3789,#4540);
#4540 = DEFINITIONAL_REPRESENTATION('',(#4541),#4545);
#4541 = CIRCLE('',#4542,46.6);
#4542 = AXIS2_PLACEMENT_2D('',#4543,#4544);
#4543 = CARTESIAN_POINT('',(0.,0.));
#4544 = DIRECTION('',(1.,0.));
#4545 = ( GEOMETRIC_REPRESENTATION_CONTEXT(2) 
PARAMETRIC_REPRESENTATION_CONTEXT() REPRESENTATION_CONTEXT('2D SPACE',''
  ) );
#4546 = PCURVE('',#4547,#4552);
#4547 = CYLINDRICAL_SURFACE('',#4548,46.6);
#4548 = AXIS2_PLACEMENT_3D('',#4549,#4550,#4551);
#4549 = CARTESIAN_POINT('',(0.,0.,-190.4));
#4550 = DIRECTION('',(0.,0.,1.));
#4551 = DIRECTION('',(1.,0.,-0.));
#4552 = DEFINITIONAL_REPRESENTATION('',(#4553),#4557);
#4553 = LINE('',#4554,#4555);
#4554 = CARTESIAN_POINT('',(0.,1.5));
#4555 = VECTOR('',#4556,1.);
#4556 = DIRECTION('',(1.,0.));
#4557 = ( GEOMETRIC_REPRESENTATION_CONTEXT(2) 
PARAMETRIC_REPRESENTATION_CONTEXT() REPRESENTATION_CONTEXT('2D SPACE',''
  ) );
#4558 = ORIENTED_EDGE('',*,*,#4559,.F.);
#4559 = EDGE_CURVE('',#4560,#4531,#4562,.T.);
#4560 = VERTEX_POINT('',#4561);
#4561 = CARTESIAN_POINT('',(26.410131731759,-35.6912446114,-188.9));
#4562 = SURFACE_CURVE('',#4563,(#4567,#4574),.PCURVE_S1.);
#4563 = LINE('',#4564,#4565);
#4564 = CARTESIAN_POINT('',(8.92234180127,-12.05785290925,-188.9));
#4565 = VECTOR('',#4566,1.);
#4566 = DIRECTION('',(0.594822786751,-0.803856860617,0.));
#4567 = PCURVE('',#3789,#4568);
#4568 = DEFINITIONAL_REPRESENTATION('',(#4569),#4573);
#4569 = LINE('',#4570,#4571);
#4570 = CARTESIAN_POINT('',(8.92234180127,-12.05785290925));
#4571 = VECTOR('',#4572,1.);
#4572 = DIRECTION('',(0.594822786751,-0.803856860617));
#4573 = ( GEOMETRIC_REPRESENTATION_CONTEXT(2) 
PARAMETRIC_REPRESENTATION_CONTEXT() REPRESENTATION_CONTEXT('2D SPACE',''
  ) );
#4574 = PCURVE('',#4575,#4580);
#4575 = PLANE('',#4576);
#4576 = AXIS2_PLACEMENT_3D('',#4577,#4578,#4579);
#4577 = CARTESIAN_POINT('',(17.84468360254,-24.11570581851,-189.65));
#4578 = DIRECTION('',(-0.803856860617,-0.594822786751,0.));
#4579 = DIRECTION('',(0.,0.,-1.));
#4580 = DEFINITIONAL_REPRESENTATION('',(#4581),#4584);
#4581 = B_SPLINE_CURVE_WITH_KNOTS('',1,(#4582,#4583),.UNSPECIFIED.,.F.,
  .F.,(2,2),(-15.,42.970519731858),.PIECEWISE_BEZIER_KNOTS.);
#4582 = CARTESIAN_POINT('',(-0.75,-30.));
#4583 = CARTESIAN_POINT('',(-0.75,27.970519731858));
#4584 = ( GEOMETRIC_REPRESENTATION_CONTEXT(2) 
PARAMETRIC_REPRESENTATION_CONTEXT() REPRESENTATION_CONTEXT('2D SPACE',''
  ) );
#4585 = ORIENTED_EDGE('',*,*,#4586,.T.);
#4586 = EDGE_CURVE('',#4560,#4587,#4589,.T.);
#4587 = VERTEX_POINT('',#4588);
#4588 = CARTESIAN_POINT('',(35.691244611405,-26.41013173175,-188.9));
#4589 = SURFACE_CURVE('',#4590,(#4595,#4602),.PCURVE_S1.);
#4590 = CIRCLE('',#4591,44.4);
#4591 = AXIS2_PLACEMENT_3D('',#4592,#4593,#4594);
#4592 = CARTESIAN_POINT('',(0.,0.,-188.9));
#4593 = DIRECTION('',(0.,0.,1.));
#4594 = DIRECTION('',(1.,0.,-0.));
#4595 = PCURVE('',#3789,#4596);
#4596 = DEFINITIONAL_REPRESENTATION('',(#4597),#4601);
#4597 = CIRCLE('',#4598,44.4);
#4598 = AXIS2_PLACEMENT_2D('',#4599,#4600);
#4599 = CARTESIAN_POINT('',(0.,0.));
#4600 = DIRECTION('',(1.,0.));
#4601 = ( GEOMETRIC_REPRESENTATION_CONTEXT(2) 
PARAMETRIC_REPRESENTATION_CONTEXT() REPRESENTATION_CONTEXT('2D SPACE',''
  ) );
#4602 = PCURVE('',#3825,#4603);
#4603 = DEFINITIONAL_REPRESENTATION('',(#4604),#4608);
#4604 = LINE('',#4605,#4606);
#4605 = CARTESIAN_POINT('',(0.,9.7));
#4606 = VECTOR('',#4607,1.);
#4607 = DIRECTION('',(1.,0.));
#4608 = ( GEOMETRIC_REPRESENTATION_CONTEXT(2) 
PARAMETRIC_REPRESENTATION_CONTEXT() REPRESENTATION_CONTEXT('2D SPACE',''
  ) );
#4609 = ORIENTED_EDGE('',*,*,#4610,.T.);
#4610 = EDGE_CURVE('',#4587,#4611,#4613,.T.);
#4611 = VERTEX_POINT('',#4612);
#4612 = CARTESIAN_POINT('',(37.459729704762,-27.71874186261,-188.9));
#4613 = SURFACE_CURVE('',#4614,(#4618,#4625),.PCURVE_S1.);
#4614 = LINE('',#4615,#4616);
#4615 = CARTESIAN_POINT('',(12.057852909258,-8.92234180127,-188.9));
#4616 = VECTOR('',#4617,1.);
#4617 = DIRECTION('',(0.803856860617,-0.594822786751,0.));
#4618 = PCURVE('',#3789,#4619);
#4619 = DEFINITIONAL_REPRESENTATION('',(#4620),#4624);
#4620 = LINE('',#4621,#4622);
#4621 = CARTESIAN_POINT('',(12.057852909258,-8.92234180127));
#4622 = VECTOR('',#4623,1.);
#4623 = DIRECTION('',(0.803856860617,-0.594822786751));
#4624 = ( GEOMETRIC_REPRESENTATION_CONTEXT(2) 
PARAMETRIC_REPRESENTATION_CONTEXT() REPRESENTATION_CONTEXT('2D SPACE',''
  ) );
#4625 = PCURVE('',#4626,#4631);
#4626 = PLANE('',#4627);
#4627 = AXIS2_PLACEMENT_3D('',#4628,#4629,#4630);
#4628 = CARTESIAN_POINT('',(24.115705818517,-17.84468360254,-189.65));
#4629 = DIRECTION('',(-0.594822786751,-0.803856860617,-0.));
#4630 = DIRECTION('',(0.,0.,-1.));
#4631 = DEFINITIONAL_REPRESENTATION('',(#4632),#4635);
#4632 = B_SPLINE_CURVE_WITH_KNOTS('',1,(#4633,#4634),.UNSPECIFIED.,.F.,
  .F.,(2,2),(-15.,42.970519731858),.PIECEWISE_BEZIER_KNOTS.);
#4633 = CARTESIAN_POINT('',(-0.75,-30.));
#4634 = CARTESIAN_POINT('',(-0.75,27.970519731858));
#4635 = ( GEOMETRIC_REPRESENTATION_CONTEXT(2) 
PARAMETRIC_REPRESENTATION_CONTEXT() REPRESENTATION_CONTEXT('2D SPACE',''
  ) );
#4636 = ORIENTED_EDGE('',*,*,#4637,.T.);
#4637 = EDGE_CURVE('',#4611,#4638,#4640,.T.);
#4638 = VERTEX_POINT('',#4639);
#4639 = CARTESIAN_POINT('',(46.088139232665,-6.88791855864,-188.9));
#4640 = SURFACE_CURVE('',#4641,(#4646,#4653),.PCURVE_S1.);
#4641 = CIRCLE('',#4642,46.6);
#4642 = AXIS2_PLACEMENT_3D('',#4643,#4644,#4645);
#4643 = CARTESIAN_POINT('',(0.,0.,-188.9));
#4644 = DIRECTION('',(0.,0.,1.));
#4645 = DIRECTION('',(1.,0.,-0.));
#4646 = PCURVE('',#3789,#4647);
#4647 = DEFINITIONAL_REPRESENTATION('',(#4648),#4652);
#4648 = CIRCLE('',#4649,46.6);
#4649 = AXIS2_PLACEMENT_2D('',#4650,#4651);
#4650 = CARTESIAN_POINT('',(0.,0.));
#4651 = DIRECTION('',(1.,0.));
#4652 = ( GEOMETRIC_REPRESENTATION_CONTEXT(2) 
PARAMETRIC_REPRESENTATION_CONTEXT() REPRESENTATION_CONTEXT('2D SPACE',''
  ) );
#4653 = PCURVE('',#4654,#4659);
#4654 = CYLINDRICAL_SURFACE('',#4655,46.6);
#4655 = AXIS2_PLACEMENT_3D('',#4656,#4657,#4658);
#4656 = CARTESIAN_POINT('',(0.,0.,-190.4));
#4657 = DIRECTION('',(0.,0.,1.));
#4658 = DIRECTION('',(1.,0.,-0.));
#4659 = DEFINITIONAL_REPRESENTATION('',(#4660),#4664);
#4660 = LINE('',#4661,#4662);
#4661 = CARTESIAN_POINT('',(0.,1.5));
#4662 = VECTOR('',#4663,1.);
#4663 = DIRECTION('',(1.,0.));
#4664 = ( GEOMETRIC_REPRESENTATION_CONTEXT(2) 
PARAMETRIC_REPRESENTATION_CONTEXT() REPRESENTATION_CONTEXT('2D SPACE',''
  ) );
#4665 = ORIENTED_EDGE('',*,*,#4666,.F.);
#4666 = EDGE_CURVE('',#3807,#4638,#4667,.T.);
#4667 = SURFACE_CURVE('',#4668,(#4672,#4679),.PCURVE_S1.);
#4668 = LINE('',#4669,#4670);
#4669 = CARTESIAN_POINT('',(14.835237950429,-2.217141166944,-188.9));
#4670 = VECTOR('',#4671,1.);
#4671 = DIRECTION('',(0.989015863362,-0.14780941113,0.));
#4672 = PCURVE('',#3789,#4673);
#4673 = DEFINITIONAL_REPRESENTATION('',(#4674),#4678);
#4674 = LINE('',#4675,#4676);
#4675 = CARTESIAN_POINT('',(14.835237950429,-2.217141166944));
#4676 = VECTOR('',#4677,1.);
#4677 = DIRECTION('',(0.989015863362,-0.14780941113));
#4678 = ( GEOMETRIC_REPRESENTATION_CONTEXT(2) 
PARAMETRIC_REPRESENTATION_CONTEXT() REPRESENTATION_CONTEXT('2D SPACE',''
  ) );
#4679 = PCURVE('',#4680,#4685);
#4680 = PLANE('',#4681);
#4681 = AXIS2_PLACEMENT_3D('',#4682,#4683,#4684);
#4682 = CARTESIAN_POINT('',(29.670475900858,-4.434282333888,-189.65));
#4683 = DIRECTION('',(-0.14780941113,-0.989015863362,0.));
#4684 = DIRECTION('',(0.,0.,-1.));
#4685 = DEFINITIONAL_REPRESENTATION('',(#4686),#4689);
#4686 = B_SPLINE_CURVE_WITH_KNOTS('',1,(#4687,#4688),.UNSPECIFIED.,.F.,
  .F.,(2,2),(-15.,32.117545558465),.PIECEWISE_BEZIER_KNOTS.);
#4687 = CARTESIAN_POINT('',(-0.75,-30.));
#4688 = CARTESIAN_POINT('',(-0.75,17.117545558465));
#4689 = ( GEOMETRIC_REPRESENTATION_CONTEXT(2) 
PARAMETRIC_REPRESENTATION_CONTEXT() REPRESENTATION_CONTEXT('2D SPACE',''
  ) );
#4690 = FACE_BOUND('',#4691,.T.);
#4691 = EDGE_LOOP('',(#4692));
#4692 = ORIENTED_EDGE('',*,*,#3774,.F.);
#4693 = ADVANCED_FACE('',(#4694),#4680,.F.);
#4694 = FACE_BOUND('',#4695,.F.);
#4695 = EDGE_LOOP('',(#4696,#4717,#4743,#4762));
#4696 = ORIENTED_EDGE('',*,*,#4697,.F.);
#4697 = EDGE_CURVE('',#4698,#3807,#4700,.T.);
#4698 = VERTEX_POINT('',#4699);
#4699 = CARTESIAN_POINT('',(43.912304333269,-6.562737854155,-190.4));
#4700 = SURFACE_CURVE('',#4701,(#4705,#4711),.PCURVE_S1.);
#4701 = LINE('',#4702,#4703);
#4702 = CARTESIAN_POINT('',(43.912304333269,-6.562737854155,-198.6));
#4703 = VECTOR('',#4704,1.);
#4704 = DIRECTION('',(0.,0.,1.));
#4705 = PCURVE('',#4680,#4706);
#4706 = DEFINITIONAL_REPRESENTATION('',(#4707),#4710);
#4707 = B_SPLINE_CURVE_WITH_KNOTS('',1,(#4708,#4709),.UNSPECIFIED.,.F.,
  .F.,(2,2),(8.05,9.7000006),.PIECEWISE_BEZIER_KNOTS.);
#4708 = CARTESIAN_POINT('',(0.9,14.4));
#4709 = CARTESIAN_POINT('',(-0.7500006,14.4));
#4710 = ( GEOMETRIC_REPRESENTATION_CONTEXT(2) 
PARAMETRIC_REPRESENTATION_CONTEXT() REPRESENTATION_CONTEXT('2D SPACE',''
  ) );
#4711 = PCURVE('',#3825,#4712);
#4712 = DEFINITIONAL_REPRESENTATION('',(#4713),#4716);
#4713 = B_SPLINE_CURVE_WITH_KNOTS('',1,(#4714,#4715),.UNSPECIFIED.,.F.,
  .F.,(2,2),(8.05,9.7000006),.PIECEWISE_BEZIER_KNOTS.);
#4714 = CARTESIAN_POINT('',(6.13483232076,8.05));
#4715 = CARTESIAN_POINT('',(6.13483232076,9.7000006));
#4716 = ( GEOMETRIC_REPRESENTATION_CONTEXT(2) 
PARAMETRIC_REPRESENTATION_CONTEXT() REPRESENTATION_CONTEXT('2D SPACE',''
  ) );
#4717 = ORIENTED_EDGE('',*,*,#4718,.T.);
#4718 = EDGE_CURVE('',#4698,#4719,#4721,.T.);
#4719 = VERTEX_POINT('',#4720);
#4720 = CARTESIAN_POINT('',(46.088139232665,-6.88791855864,-190.4));
#4721 = SURFACE_CURVE('',#4722,(#4726,#4732),.PCURVE_S1.);
#4722 = LINE('',#4723,#4724);
#4723 = CARTESIAN_POINT('',(14.835237950429,-2.217141166944,-190.4));
#4724 = VECTOR('',#4725,1.);
#4725 = DIRECTION('',(0.989015863362,-0.14780941113,0.));
#4726 = PCURVE('',#4680,#4727);
#4727 = DEFINITIONAL_REPRESENTATION('',(#4728),#4731);
#4728 = B_SPLINE_CURVE_WITH_KNOTS('',1,(#4729,#4730),.UNSPECIFIED.,.F.,
  .F.,(2,2),(-15.,32.117545558465),.PIECEWISE_BEZIER_KNOTS.);
#4729 = CARTESIAN_POINT('',(0.75,-30.));
#4730 = CARTESIAN_POINT('',(0.75,17.117545558465));
#4731 = ( GEOMETRIC_REPRESENTATION_CONTEXT(2) 
PARAMETRIC_REPRESENTATION_CONTEXT() REPRESENTATION_CONTEXT('2D SPACE',''
  ) );
#4732 = PCURVE('',#4733,#4738);
#4733 = PLANE('',#4734);
#4734 = AXIS2_PLACEMENT_3D('',#4735,#4736,#4737);
#4735 = CARTESIAN_POINT('',(0.,0.,-190.4));
#4736 = DIRECTION('',(0.,0.,1.));
#4737 = DIRECTION('',(1.,0.,-0.));
#4738 = DEFINITIONAL_REPRESENTATION('',(#4739),#4742);
#4739 = B_SPLINE_CURVE_WITH_KNOTS('',1,(#4740,#4741),.UNSPECIFIED.,.F.,
  .F.,(2,2),(-15.,32.117545558465),.PIECEWISE_BEZIER_KNOTS.);
#4740 = CARTESIAN_POINT('',(-1.7763568394E-15,8.881784197001E-16));
#4741 = CARTESIAN_POINT('',(46.6,-6.964416662869));
#4742 = ( GEOMETRIC_REPRESENTATION_CONTEXT(2) 
PARAMETRIC_REPRESENTATION_CONTEXT() REPRESENTATION_CONTEXT('2D SPACE',''
  ) );
#4743 = ORIENTED_EDGE('',*,*,#4744,.T.);
#4744 = EDGE_CURVE('',#4719,#4638,#4745,.T.);
#4745 = SURFACE_CURVE('',#4746,(#4750,#4756),.PCURVE_S1.);
#4746 = LINE('',#4747,#4748);
#4747 = CARTESIAN_POINT('',(46.088139232665,-6.88791855864,-190.4));
#4748 = VECTOR('',#4749,1.);
#4749 = DIRECTION('',(0.,0.,1.));
#4750 = PCURVE('',#4680,#4751);
#4751 = DEFINITIONAL_REPRESENTATION('',(#4752),#4755);
#4752 = B_SPLINE_CURVE_WITH_KNOTS('',1,(#4753,#4754),.UNSPECIFIED.,.F.,
  .F.,(2,2),(-5.999999928008E-07,1.5000006),.PIECEWISE_BEZIER_KNOTS.);
#4753 = CARTESIAN_POINT('',(0.7500006,16.6));
#4754 = CARTESIAN_POINT('',(-0.7500006,16.6));
#4755 = ( GEOMETRIC_REPRESENTATION_CONTEXT(2) 
PARAMETRIC_REPRESENTATION_CONTEXT() REPRESENTATION_CONTEXT('2D SPACE',''
  ) );
#4756 = PCURVE('',#4654,#4757);
#4757 = DEFINITIONAL_REPRESENTATION('',(#4758),#4761);
#4758 = B_SPLINE_CURVE_WITH_KNOTS('',1,(#4759,#4760),.UNSPECIFIED.,.F.,
  .F.,(2,2),(-5.999999928008E-07,1.5000006),.PIECEWISE_BEZIER_KNOTS.);
#4759 = CARTESIAN_POINT('',(6.13483232076,-5.999999928008E-07));
#4760 = CARTESIAN_POINT('',(6.13483232076,1.5000006));
#4761 = ( GEOMETRIC_REPRESENTATION_CONTEXT(2) 
PARAMETRIC_REPRESENTATION_CONTEXT() REPRESENTATION_CONTEXT('2D SPACE',''
  ) );
#4762 = ORIENTED_EDGE('',*,*,#4666,.F.);
#4763 = ADVANCED_FACE('',(#4764),#4733,.F.);
#4764 = FACE_BOUND('',#4765,.F.);
#4765 = EDGE_LOOP('',(#4766,#4790,#4811,#4833));
#4766 = ORIENTED_EDGE('',*,*,#4767,.F.);
#4767 = EDGE_CURVE('',#4768,#4698,#4770,.T.);
#4768 = VERTEX_POINT('',#4769);
#4769 = CARTESIAN_POINT('',(35.691244611404,-26.41013173176,-190.4));
#4770 = SURFACE_CURVE('',#4771,(#4776,#4783),.PCURVE_S1.);
#4771 = CIRCLE('',#4772,44.4);
#4772 = AXIS2_PLACEMENT_3D('',#4773,#4774,#4775);
#4773 = CARTESIAN_POINT('',(0.,0.,-190.4));
#4774 = DIRECTION('',(0.,0.,1.));
#4775 = DIRECTION('',(1.,0.,-0.));
#4776 = PCURVE('',#4733,#4777);
#4777 = DEFINITIONAL_REPRESENTATION('',(#4778),#4782);
#4778 = CIRCLE('',#4779,44.4);
#4779 = AXIS2_PLACEMENT_2D('',#4780,#4781);
#4780 = CARTESIAN_POINT('',(0.,0.));
#4781 = DIRECTION('',(1.,0.));
#4782 = ( GEOMETRIC_REPRESENTATION_CONTEXT(2) 
PARAMETRIC_REPRESENTATION_CONTEXT() REPRESENTATION_CONTEXT('2D SPACE',''
  ) );
#4783 = PCURVE('',#3825,#4784);
#4784 = DEFINITIONAL_REPRESENTATION('',(#4785),#4789);
#4785 = LINE('',#4786,#4787);
#4786 = CARTESIAN_POINT('',(0.,8.2));
#4787 = VECTOR('',#4788,1.);
#4788 = DIRECTION('',(1.,0.));
#4789 = ( GEOMETRIC_REPRESENTATION_CONTEXT(2) 
PARAMETRIC_REPRESENTATION_CONTEXT() REPRESENTATION_CONTEXT('2D SPACE',''
  ) );
#4790 = ORIENTED_EDGE('',*,*,#4791,.T.);
#4791 = EDGE_CURVE('',#4768,#4792,#4794,.T.);
#4792 = VERTEX_POINT('',#4793);
#4793 = CARTESIAN_POINT('',(37.459729704762,-27.71874186261,-190.4));
#4794 = SURFACE_CURVE('',#4795,(#4799,#4805),.PCURVE_S1.);
#4795 = LINE('',#4796,#4797);
#4796 = CARTESIAN_POINT('',(12.057852909258,-8.92234180127,-190.4));
#4797 = VECTOR('',#4798,1.);
#4798 = DIRECTION('',(0.803856860617,-0.594822786751,0.));
#4799 = PCURVE('',#4733,#4800);
#4800 = DEFINITIONAL_REPRESENTATION('',(#4801),#4804);
#4801 = B_SPLINE_CURVE_WITH_KNOTS('',1,(#4802,#4803),.UNSPECIFIED.,.F.,
  .F.,(2,2),(-15.,42.970519731858),.PIECEWISE_BEZIER_KNOTS.);
#4802 = CARTESIAN_POINT('',(-1.7763568394E-15,3.552713678801E-15));
#4803 = CARTESIAN_POINT('',(46.6,-34.48218609632));
#4804 = ( GEOMETRIC_REPRESENTATION_CONTEXT(2) 
PARAMETRIC_REPRESENTATION_CONTEXT() REPRESENTATION_CONTEXT('2D SPACE',''
  ) );
#4805 = PCURVE('',#4626,#4806);
#4806 = DEFINITIONAL_REPRESENTATION('',(#4807),#4810);
#4807 = B_SPLINE_CURVE_WITH_KNOTS('',1,(#4808,#4809),.UNSPECIFIED.,.F.,
  .F.,(2,2),(-15.,42.970519731858),.PIECEWISE_BEZIER_KNOTS.);
#4808 = CARTESIAN_POINT('',(0.75,-30.));
#4809 = CARTESIAN_POINT('',(0.75,27.970519731858));
#4810 = ( GEOMETRIC_REPRESENTATION_CONTEXT(2) 
PARAMETRIC_REPRESENTATION_CONTEXT() REPRESENTATION_CONTEXT('2D SPACE',''
  ) );
#4811 = ORIENTED_EDGE('',*,*,#4812,.T.);
#4812 = EDGE_CURVE('',#4792,#4719,#4813,.T.);
#4813 = SURFACE_CURVE('',#4814,(#4819,#4826),.PCURVE_S1.);
#4814 = CIRCLE('',#4815,46.6);
#4815 = AXIS2_PLACEMENT_3D('',#4816,#4817,#4818);
#4816 = CARTESIAN_POINT('',(0.,0.,-190.4));
#4817 = DIRECTION('',(0.,0.,1.));
#4818 = DIRECTION('',(1.,0.,-0.));
#4819 = PCURVE('',#4733,#4820);
#4820 = DEFINITIONAL_REPRESENTATION('',(#4821),#4825);
#4821 = CIRCLE('',#4822,46.6);
#4822 = AXIS2_PLACEMENT_2D('',#4823,#4824);
#4823 = CARTESIAN_POINT('',(0.,0.));
#4824 = DIRECTION('',(1.,0.));
#4825 = ( GEOMETRIC_REPRESENTATION_CONTEXT(2) 
PARAMETRIC_REPRESENTATION_CONTEXT() REPRESENTATION_CONTEXT('2D SPACE',''
  ) );
#4826 = PCURVE('',#4654,#4827);
#4827 = DEFINITIONAL_REPRESENTATION('',(#4828),#4832);
#4828 = LINE('',#4829,#4830);
#4829 = CARTESIAN_POINT('',(0.,0.));
#4830 = VECTOR('',#4831,1.);
#4831 = DIRECTION('',(1.,0.));
#4832 = ( GEOMETRIC_REPRESENTATION_CONTEXT(2) 
PARAMETRIC_REPRESENTATION_CONTEXT() REPRESENTATION_CONTEXT('2D SPACE',''
  ) );
#4833 = ORIENTED_EDGE('',*,*,#4718,.F.);
#4834 = ADVANCED_FACE('',(#4835),#4654,.T.);
#4835 = FACE_BOUND('',#4836,.T.);
#4836 = EDGE_LOOP('',(#4837,#4838,#4857,#4858));
#4837 = ORIENTED_EDGE('',*,*,#4637,.F.);
#4838 = ORIENTED_EDGE('',*,*,#4839,.F.);
#4839 = EDGE_CURVE('',#4792,#4611,#4840,.T.);
#4840 = SURFACE_CURVE('',#4841,(#4845,#4851),.PCURVE_S1.);
#4841 = LINE('',#4842,#4843);
#4842 = CARTESIAN_POINT('',(37.459729704762,-27.71874186261,-190.4));
#4843 = VECTOR('',#4844,1.);
#4844 = DIRECTION('',(0.,0.,1.));
#4845 = PCURVE('',#4654,#4846);
#4846 = DEFINITIONAL_REPRESENTATION('',(#4847),#4850);
#4847 = B_SPLINE_CURVE_WITH_KNOTS('',1,(#4848,#4849),.UNSPECIFIED.,.F.,
  .F.,(2,2),(-5.999999928008E-07,1.5000006),.PIECEWISE_BEZIER_KNOTS.);
#4848 = CARTESIAN_POINT('',(5.646140130202,-5.999999928008E-07));
#4849 = CARTESIAN_POINT('',(5.646140130202,1.5000006));
#4850 = ( GEOMETRIC_REPRESENTATION_CONTEXT(2) 
PARAMETRIC_REPRESENTATION_CONTEXT() REPRESENTATION_CONTEXT('2D SPACE',''
  ) );
#4851 = PCURVE('',#4626,#4852);
#4852 = DEFINITIONAL_REPRESENTATION('',(#4853),#4856);
#4853 = B_SPLINE_CURVE_WITH_KNOTS('',1,(#4854,#4855),.UNSPECIFIED.,.F.,
  .F.,(2,2),(-5.999999928008E-07,1.5000006),.PIECEWISE_BEZIER_KNOTS.);
#4854 = CARTESIAN_POINT('',(0.7500006,16.6));
#4855 = CARTESIAN_POINT('',(-0.7500006,16.6));
#4856 = ( GEOMETRIC_REPRESENTATION_CONTEXT(2) 
PARAMETRIC_REPRESENTATION_CONTEXT() REPRESENTATION_CONTEXT('2D SPACE',''
  ) );
#4857 = ORIENTED_EDGE('',*,*,#4812,.T.);
#4858 = ORIENTED_EDGE('',*,*,#4744,.T.);
#4859 = ADVANCED_FACE('',(#4860),#4626,.T.);
#4860 = FACE_BOUND('',#4861,.T.);
#4861 = EDGE_LOOP('',(#4862,#4881,#4882,#4883));
#4862 = ORIENTED_EDGE('',*,*,#4863,.F.);
#4863 = EDGE_CURVE('',#4768,#4587,#4864,.T.);
#4864 = SURFACE_CURVE('',#4865,(#4869,#4875),.PCURVE_S1.);
#4865 = LINE('',#4866,#4867);
#4866 = CARTESIAN_POINT('',(35.691244611404,-26.41013173176,-198.6));
#4867 = VECTOR('',#4868,1.);
#4868 = DIRECTION('',(0.,0.,1.));
#4869 = PCURVE('',#4626,#4870);
#4870 = DEFINITIONAL_REPRESENTATION('',(#4871),#4874);
#4871 = B_SPLINE_CURVE_WITH_KNOTS('',1,(#4872,#4873),.UNSPECIFIED.,.F.,
  .F.,(2,2),(8.05,9.7000006),.PIECEWISE_BEZIER_KNOTS.);
#4872 = CARTESIAN_POINT('',(0.9,14.4));
#4873 = CARTESIAN_POINT('',(-0.7500006,14.4));
#4874 = ( GEOMETRIC_REPRESENTATION_CONTEXT(2) 
PARAMETRIC_REPRESENTATION_CONTEXT() REPRESENTATION_CONTEXT('2D SPACE',''
  ) );
#4875 = PCURVE('',#3825,#4876);
#4876 = DEFINITIONAL_REPRESENTATION('',(#4877),#4880);
#4877 = B_SPLINE_CURVE_WITH_KNOTS('',1,(#4878,#4879),.UNSPECIFIED.,.F.,
  .F.,(2,2),(8.05,9.7000006),.PIECEWISE_BEZIER_KNOTS.);
#4878 = CARTESIAN_POINT('',(5.646140130202,8.05));
#4879 = CARTESIAN_POINT('',(5.646140130202,9.7000006));
#4880 = ( GEOMETRIC_REPRESENTATION_CONTEXT(2) 
PARAMETRIC_REPRESENTATION_CONTEXT() REPRESENTATION_CONTEXT('2D SPACE',''
  ) );
#4881 = ORIENTED_EDGE('',*,*,#4791,.T.);
#4882 = ORIENTED_EDGE('',*,*,#4839,.T.);
#4883 = ORIENTED_EDGE('',*,*,#4610,.F.);
#4884 = ADVANCED_FACE('',(#4885),#4575,.F.);
#4885 = FACE_BOUND('',#4886,.F.);
#4886 = EDGE_LOOP('',(#4887,#4908,#4934,#4953));
#4887 = ORIENTED_EDGE('',*,*,#4888,.F.);
#4888 = EDGE_CURVE('',#4889,#4560,#4891,.T.);
#4889 = VERTEX_POINT('',#4890);
#4890 = CARTESIAN_POINT('',(26.41013173176,-35.6912446114,-190.4));
#4891 = SURFACE_CURVE('',#4892,(#4896,#4902),.PCURVE_S1.);
#4892 = LINE('',#4893,#4894);
#4893 = CARTESIAN_POINT('',(26.41013173176,-35.6912446114,-198.6));
#4894 = VECTOR('',#4895,1.);
#4895 = DIRECTION('',(0.,0.,1.));
#4896 = PCURVE('',#4575,#4897);
#4897 = DEFINITIONAL_REPRESENTATION('',(#4898),#4901);
#4898 = B_SPLINE_CURVE_WITH_KNOTS('',1,(#4899,#4900),.UNSPECIFIED.,.F.,
  .F.,(2,2),(8.05,9.7000006),.PIECEWISE_BEZIER_KNOTS.);
#4899 = CARTESIAN_POINT('',(0.9,14.4));
#4900 = CARTESIAN_POINT('',(-0.7500006,14.4));
#4901 = ( GEOMETRIC_REPRESENTATION_CONTEXT(2) 
PARAMETRIC_REPRESENTATION_CONTEXT() REPRESENTATION_CONTEXT('2D SPACE',''
  ) );
#4902 = PCURVE('',#3825,#4903);
#4903 = DEFINITIONAL_REPRESENTATION('',(#4904),#4907);
#4904 = B_SPLINE_CURVE_WITH_KNOTS('',1,(#4905,#4906),.UNSPECIFIED.,.F.,
  .F.,(2,2),(8.05,9.7000006),.PIECEWISE_BEZIER_KNOTS.);
#4905 = CARTESIAN_POINT('',(5.349434157363,8.05));
#4906 = CARTESIAN_POINT('',(5.349434157363,9.7000006));
#4907 = ( GEOMETRIC_REPRESENTATION_CONTEXT(2) 
PARAMETRIC_REPRESENTATION_CONTEXT() REPRESENTATION_CONTEXT('2D SPACE',''
  ) );
#4908 = ORIENTED_EDGE('',*,*,#4909,.T.);
#4909 = EDGE_CURVE('',#4889,#4910,#4912,.T.);
#4910 = VERTEX_POINT('',#4911);
#4911 = CARTESIAN_POINT('',(27.718741862613,-37.45972970476,-190.4));
#4912 = SURFACE_CURVE('',#4913,(#4917,#4923),.PCURVE_S1.);
#4913 = LINE('',#4914,#4915);
#4914 = CARTESIAN_POINT('',(8.92234180127,-12.05785290925,-190.4));
#4915 = VECTOR('',#4916,1.);
#4916 = DIRECTION('',(0.594822786751,-0.803856860617,0.));
#4917 = PCURVE('',#4575,#4918);
#4918 = DEFINITIONAL_REPRESENTATION('',(#4919),#4922);
#4919 = B_SPLINE_CURVE_WITH_KNOTS('',1,(#4920,#4921),.UNSPECIFIED.,.F.,
  .F.,(2,2),(-15.,42.970519731858),.PIECEWISE_BEZIER_KNOTS.);
#4920 = CARTESIAN_POINT('',(0.75,-30.));
#4921 = CARTESIAN_POINT('',(0.75,27.970519731858));
#4922 = ( GEOMETRIC_REPRESENTATION_CONTEXT(2) 
PARAMETRIC_REPRESENTATION_CONTEXT() REPRESENTATION_CONTEXT('2D SPACE',''
  ) );
#4923 = PCURVE('',#4924,#4929);
#4924 = PLANE('',#4925);
#4925 = AXIS2_PLACEMENT_3D('',#4926,#4927,#4928);
#4926 = CARTESIAN_POINT('',(0.,0.,-190.4));
#4927 = DIRECTION('',(0.,0.,1.));
#4928 = DIRECTION('',(1.,0.,-0.));
#4929 = DEFINITIONAL_REPRESENTATION('',(#4930),#4933);
#4930 = B_SPLINE_CURVE_WITH_KNOTS('',1,(#4931,#4932),.UNSPECIFIED.,.F.,
  .F.,(2,2),(-15.,42.970519731858),.PIECEWISE_BEZIER_KNOTS.);
#4931 = CARTESIAN_POINT('',(-3.552713678801E-15,3.552713678801E-15));
#4932 = CARTESIAN_POINT('',(34.482186096328,-46.6));
#4933 = ( GEOMETRIC_REPRESENTATION_CONTEXT(2) 
PARAMETRIC_REPRESENTATION_CONTEXT() REPRESENTATION_CONTEXT('2D SPACE',''
  ) );
#4934 = ORIENTED_EDGE('',*,*,#4935,.T.);
#4935 = EDGE_CURVE('',#4910,#4531,#4936,.T.);
#4936 = SURFACE_CURVE('',#4937,(#4941,#4947),.PCURVE_S1.);
#4937 = LINE('',#4938,#4939);
#4938 = CARTESIAN_POINT('',(27.718741862613,-37.45972970476,-190.4));
#4939 = VECTOR('',#4940,1.);
#4940 = DIRECTION('',(0.,0.,1.));
#4941 = PCURVE('',#4575,#4942);
#4942 = DEFINITIONAL_REPRESENTATION('',(#4943),#4946);
#4943 = B_SPLINE_CURVE_WITH_KNOTS('',1,(#4944,#4945),.UNSPECIFIED.,.F.,
  .F.,(2,2),(-5.999999928008E-07,1.5000006),.PIECEWISE_BEZIER_KNOTS.);
#4944 = CARTESIAN_POINT('',(0.7500006,16.6));
#4945 = CARTESIAN_POINT('',(-0.7500006,16.6));
#4946 = ( GEOMETRIC_REPRESENTATION_CONTEXT(2) 
PARAMETRIC_REPRESENTATION_CONTEXT() REPRESENTATION_CONTEXT('2D SPACE',''
  ) );
#4947 = PCURVE('',#4547,#4948);
#4948 = DEFINITIONAL_REPRESENTATION('',(#4949),#4952);
#4949 = B_SPLINE_CURVE_WITH_KNOTS('',1,(#4950,#4951),.UNSPECIFIED.,.F.,
  .F.,(2,2),(-5.999999928008E-07,1.5000006),.PIECEWISE_BEZIER_KNOTS.);
#4950 = CARTESIAN_POINT('',(5.349434157363,-5.999999928008E-07));
#4951 = CARTESIAN_POINT('',(5.349434157363,1.5000006));
#4952 = ( GEOMETRIC_REPRESENTATION_CONTEXT(2) 
PARAMETRIC_REPRESENTATION_CONTEXT() REPRESENTATION_CONTEXT('2D SPACE',''
  ) );
#4953 = ORIENTED_EDGE('',*,*,#4559,.F.);
#4954 = ADVANCED_FACE('',(#4955),#4924,.F.);
#4955 = FACE_BOUND('',#4956,.F.);
#4956 = EDGE_LOOP('',(#4957,#4981,#5002,#5024));
#4957 = ORIENTED_EDGE('',*,*,#4958,.F.);
#4958 = EDGE_CURVE('',#4959,#4889,#4961,.T.);
#4959 = VERTEX_POINT('',#4960);
#4960 = CARTESIAN_POINT('',(6.562737854155,-43.91230433326,-190.4));
#4961 = SURFACE_CURVE('',#4962,(#4967,#4974),.PCURVE_S1.);
#4962 = CIRCLE('',#4963,44.4);
#4963 = AXIS2_PLACEMENT_3D('',#4964,#4965,#4966);
#4964 = CARTESIAN_POINT('',(0.,0.,-190.4));
#4965 = DIRECTION('',(0.,0.,1.));
#4966 = DIRECTION('',(1.,0.,-0.));
#4967 = PCURVE('',#4924,#4968);
#4968 = DEFINITIONAL_REPRESENTATION('',(#4969),#4973);
#4969 = CIRCLE('',#4970,44.4);
#4970 = AXIS2_PLACEMENT_2D('',#4971,#4972);
#4971 = CARTESIAN_POINT('',(0.,0.));
#4972 = DIRECTION('',(1.,0.));
#4973 = ( GEOMETRIC_REPRESENTATION_CONTEXT(2) 
PARAMETRIC_REPRESENTATION_CONTEXT() REPRESENTATION_CONTEXT('2D SPACE',''
  ) );
#4974 = PCURVE('',#3825,#4975);
#4975 = DEFINITIONAL_REPRESENTATION('',(#4976),#4980);
#4976 = LINE('',#4977,#4978);
#4977 = CARTESIAN_POINT('',(0.,8.2));
#4978 = VECTOR('',#4979,1.);
#4979 = DIRECTION('',(1.,0.));
#4980 = ( GEOMETRIC_REPRESENTATION_CONTEXT(2) 
PARAMETRIC_REPRESENTATION_CONTEXT() REPRESENTATION_CONTEXT('2D SPACE',''
  ) );
#4981 = ORIENTED_EDGE('',*,*,#4982,.T.);
#4982 = EDGE_CURVE('',#4959,#4983,#4985,.T.);
#4983 = VERTEX_POINT('',#4984);
#4984 = CARTESIAN_POINT('',(6.88791855864,-46.08813923266,-190.4));
#4985 = SURFACE_CURVE('',#4986,(#4990,#4996),.PCURVE_S1.);
#4986 = LINE('',#4987,#4988);
#4987 = CARTESIAN_POINT('',(2.217141166944,-14.83523795042,-190.4));
#4988 = VECTOR('',#4989,1.);
#4989 = DIRECTION('',(0.14780941113,-0.989015863362,0.));
#4990 = PCURVE('',#4924,#4991);
#4991 = DEFINITIONAL_REPRESENTATION('',(#4992),#4995);
#4992 = B_SPLINE_CURVE_WITH_KNOTS('',1,(#4993,#4994),.UNSPECIFIED.,.F.,
  .F.,(2,2),(-15.,32.117545558465),.PIECEWISE_BEZIER_KNOTS.);
#4993 = CARTESIAN_POINT('',(-8.881784197001E-16,0.));
#4994 = CARTESIAN_POINT('',(6.964416662869,-46.6));
#4995 = ( GEOMETRIC_REPRESENTATION_CONTEXT(2) 
PARAMETRIC_REPRESENTATION_CONTEXT() REPRESENTATION_CONTEXT('2D SPACE',''
  ) );
#4996 = PCURVE('',#4519,#4997);
#4997 = DEFINITIONAL_REPRESENTATION('',(#4998),#5001);
#4998 = B_SPLINE_CURVE_WITH_KNOTS('',1,(#4999,#5000),.UNSPECIFIED.,.F.,
  .F.,(2,2),(-15.,32.117545558465),.PIECEWISE_BEZIER_KNOTS.);
#4999 = CARTESIAN_POINT('',(0.75,-30.));
#5000 = CARTESIAN_POINT('',(0.75,17.117545558465));
#5001 = ( GEOMETRIC_REPRESENTATION_CONTEXT(2) 
PARAMETRIC_REPRESENTATION_CONTEXT() REPRESENTATION_CONTEXT('2D SPACE',''
  ) );
#5002 = ORIENTED_EDGE('',*,*,#5003,.T.);
#5003 = EDGE_CURVE('',#4983,#4910,#5004,.T.);
#5004 = SURFACE_CURVE('',#5005,(#5010,#5017),.PCURVE_S1.);
#5005 = CIRCLE('',#5006,46.6);
#5006 = AXIS2_PLACEMENT_3D('',#5007,#5008,#5009);
#5007 = CARTESIAN_POINT('',(0.,0.,-190.4));
#5008 = DIRECTION('',(0.,0.,1.));
#5009 = DIRECTION('',(1.,0.,-0.));
#5010 = PCURVE('',#4924,#5011);
#5011 = DEFINITIONAL_REPRESENTATION('',(#5012),#5016);
#5012 = CIRCLE('',#5013,46.6);
#5013 = AXIS2_PLACEMENT_2D('',#5014,#5015);
#5014 = CARTESIAN_POINT('',(0.,0.));
#5015 = DIRECTION('',(1.,0.));
#5016 = ( GEOMETRIC_REPRESENTATION_CONTEXT(2) 
PARAMETRIC_REPRESENTATION_CONTEXT() REPRESENTATION_CONTEXT('2D SPACE',''
  ) );
#5017 = PCURVE('',#4547,#5018);
#5018 = DEFINITIONAL_REPRESENTATION('',(#5019),#5023);
#5019 = LINE('',#5020,#5021);
#5020 = CARTESIAN_POINT('',(0.,0.));
#5021 = VECTOR('',#5022,1.);
#5022 = DIRECTION('',(1.,0.));
#5023 = ( GEOMETRIC_REPRESENTATION_CONTEXT(2) 
PARAMETRIC_REPRESENTATION_CONTEXT() REPRESENTATION_CONTEXT('2D SPACE',''
  ) );
#5024 = ORIENTED_EDGE('',*,*,#4909,.F.);
#5025 = ADVANCED_FACE('',(#5026),#4547,.T.);
#5026 = FACE_BOUND('',#5027,.T.);
#5027 = EDGE_LOOP('',(#5028,#5029,#5048,#5049));
#5028 = ORIENTED_EDGE('',*,*,#4530,.F.);
#5029 = ORIENTED_EDGE('',*,*,#5030,.F.);
#5030 = EDGE_CURVE('',#4983,#4504,#5031,.T.);
#5031 = SURFACE_CURVE('',#5032,(#5036,#5042),.PCURVE_S1.);
#5032 = LINE('',#5033,#5034);
#5033 = CARTESIAN_POINT('',(6.88791855864,-46.08813923266,-190.4));
#5034 = VECTOR('',#5035,1.);
#5035 = DIRECTION('',(0.,0.,1.));
#5036 = PCURVE('',#4547,#5037);
#5037 = DEFINITIONAL_REPRESENTATION('',(#5038),#5041);
#5038 = B_SPLINE_CURVE_WITH_KNOTS('',1,(#5039,#5040),.UNSPECIFIED.,.F.,
  .F.,(2,2),(-5.999999928008E-07,1.5000006),.PIECEWISE_BEZIER_KNOTS.);
#5039 = CARTESIAN_POINT('',(4.860741966804,-5.999999928008E-07));
#5040 = CARTESIAN_POINT('',(4.860741966804,1.5000006));
#5041 = ( GEOMETRIC_REPRESENTATION_CONTEXT(2) 
PARAMETRIC_REPRESENTATION_CONTEXT() REPRESENTATION_CONTEXT('2D SPACE',''
  ) );
#5042 = PCURVE('',#4519,#5043);
#5043 = DEFINITIONAL_REPRESENTATION('',(#5044),#5047);
#5044 = B_SPLINE_CURVE_WITH_KNOTS('',1,(#5045,#5046),.UNSPECIFIED.,.F.,
  .F.,(2,2),(-5.999999928008E-07,1.5000006),.PIECEWISE_BEZIER_KNOTS.);
#5045 = CARTESIAN_POINT('',(0.7500006,16.6));
#5046 = CARTESIAN_POINT('',(-0.7500006,16.6));
#5047 = ( GEOMETRIC_REPRESENTATION_CONTEXT(2) 
PARAMETRIC_REPRESENTATION_CONTEXT() REPRESENTATION_CONTEXT('2D SPACE',''
  ) );
#5048 = ORIENTED_EDGE('',*,*,#5003,.T.);
#5049 = ORIENTED_EDGE('',*,*,#4935,.T.);
#5050 = ADVANCED_FACE('',(#5051),#4519,.T.);
#5051 = FACE_BOUND('',#5052,.T.);
#5052 = EDGE_LOOP('',(#5053,#5072,#5073,#5074));
#5053 = ORIENTED_EDGE('',*,*,#5054,.F.);
#5054 = EDGE_CURVE('',#4959,#4480,#5055,.T.);
#5055 = SURFACE_CURVE('',#5056,(#5060,#5066),.PCURVE_S1.);
#5056 = LINE('',#5057,#5058);
#5057 = CARTESIAN_POINT('',(6.562737854155,-43.91230433326,-198.6));
#5058 = VECTOR('',#5059,1.);
#5059 = DIRECTION('',(0.,0.,1.));
#5060 = PCURVE('',#4519,#5061);
#5061 = DEFINITIONAL_REPRESENTATION('',(#5062),#5065);
#5062 = B_SPLINE_CURVE_WITH_KNOTS('',1,(#5063,#5064),.UNSPECIFIED.,.F.,
  .F.,(2,2),(8.05,9.7000006),.PIECEWISE_BEZIER_KNOTS.);
#5063 = CARTESIAN_POINT('',(0.9,14.4));
#5064 = CARTESIAN_POINT('',(-0.7500006,14.4));
#5065 = ( GEOMETRIC_REPRESENTATION_CONTEXT(2) 
PARAMETRIC_REPRESENTATION_CONTEXT() REPRESENTATION_CONTEXT('2D SPACE',''
  ) );
#5066 = PCURVE('',#3825,#5067);
#5067 = DEFINITIONAL_REPRESENTATION('',(#5068),#5071);
#5068 = B_SPLINE_CURVE_WITH_KNOTS('',1,(#5069,#5070),.UNSPECIFIED.,.F.,
  .F.,(2,2),(8.05,9.7000006),.PIECEWISE_BEZIER_KNOTS.);
#5069 = CARTESIAN_POINT('',(4.860741966804,8.05));
#5070 = CARTESIAN_POINT('',(4.860741966804,9.7000006));
#5071 = ( GEOMETRIC_REPRESENTATION_CONTEXT(2) 
PARAMETRIC_REPRESENTATION_CONTEXT() REPRESENTATION_CONTEXT('2D SPACE',''
  ) );
#5072 = ORIENTED_EDGE('',*,*,#4982,.T.);
#5073 = ORIENTED_EDGE('',*,*,#5030,.T.);
#5074 = ORIENTED_EDGE('',*,*,#4503,.F.);
#5075 = ADVANCED_FACE('',(#5076),#4468,.F.);
#5076 = FACE_BOUND('',#5077,.F.);
#5077 = EDGE_LOOP('',(#5078,#5099,#5125,#5144));
#5078 = ORIENTED_EDGE('',*,*,#5079,.F.);
#5079 = EDGE_CURVE('',#5080,#4453,#5082,.T.);
#5080 = VERTEX_POINT('',#5081);
#5081 = CARTESIAN_POINT('',(-6.562737854155,-43.91230433326,-190.4));
#5082 = SURFACE_CURVE('',#5083,(#5087,#5093),.PCURVE_S1.);
#5083 = LINE('',#5084,#5085);
#5084 = CARTESIAN_POINT('',(-6.562737854155,-43.91230433326,-198.6));
#5085 = VECTOR('',#5086,1.);
#5086 = DIRECTION('',(0.,0.,1.));
#5087 = PCURVE('',#4468,#5088);
#5088 = DEFINITIONAL_REPRESENTATION('',(#5089),#5092);
#5089 = B_SPLINE_CURVE_WITH_KNOTS('',1,(#5090,#5091),.UNSPECIFIED.,.F.,
  .F.,(2,2),(8.05,9.7000006),.PIECEWISE_BEZIER_KNOTS.);
#5090 = CARTESIAN_POINT('',(0.9,14.4));
#5091 = CARTESIAN_POINT('',(-0.7500006,14.4));
#5092 = ( GEOMETRIC_REPRESENTATION_CONTEXT(2) 
PARAMETRIC_REPRESENTATION_CONTEXT() REPRESENTATION_CONTEXT('2D SPACE',''
  ) );
#5093 = PCURVE('',#3825,#5094);
#5094 = DEFINITIONAL_REPRESENTATION('',(#5095),#5098);
#5095 = B_SPLINE_CURVE_WITH_KNOTS('',1,(#5096,#5097),.UNSPECIFIED.,.F.,
  .F.,(2,2),(8.05,9.7000006),.PIECEWISE_BEZIER_KNOTS.);
#5096 = CARTESIAN_POINT('',(4.564035993965,8.05));
#5097 = CARTESIAN_POINT('',(4.564035993965,9.7000006));
#5098 = ( GEOMETRIC_REPRESENTATION_CONTEXT(2) 
PARAMETRIC_REPRESENTATION_CONTEXT() REPRESENTATION_CONTEXT('2D SPACE',''
  ) );
#5099 = ORIENTED_EDGE('',*,*,#5100,.T.);
#5100 = EDGE_CURVE('',#5080,#5101,#5103,.T.);
#5101 = VERTEX_POINT('',#5102);
#5102 = CARTESIAN_POINT('',(-6.88791855864,-46.08813923266,-190.4));
#5103 = SURFACE_CURVE('',#5104,(#5108,#5114),.PCURVE_S1.);
#5104 = LINE('',#5105,#5106);
#5105 = CARTESIAN_POINT('',(-2.217141166944,-14.83523795042,-190.4));
#5106 = VECTOR('',#5107,1.);
#5107 = DIRECTION('',(-0.14780941113,-0.989015863362,0.));
#5108 = PCURVE('',#4468,#5109);
#5109 = DEFINITIONAL_REPRESENTATION('',(#5110),#5113);
#5110 = B_SPLINE_CURVE_WITH_KNOTS('',1,(#5111,#5112),.UNSPECIFIED.,.F.,
  .F.,(2,2),(-15.,32.117545558465),.PIECEWISE_BEZIER_KNOTS.);
#5111 = CARTESIAN_POINT('',(0.75,-30.));
#5112 = CARTESIAN_POINT('',(0.75,17.117545558465));
#5113 = ( GEOMETRIC_REPRESENTATION_CONTEXT(2) 
PARAMETRIC_REPRESENTATION_CONTEXT() REPRESENTATION_CONTEXT('2D SPACE',''
  ) );
#5114 = PCURVE('',#5115,#5120);
#5115 = PLANE('',#5116);
#5116 = AXIS2_PLACEMENT_3D('',#5117,#5118,#5119);
#5117 = CARTESIAN_POINT('',(0.,0.,-190.4));
#5118 = DIRECTION('',(0.,0.,1.));
#5119 = DIRECTION('',(1.,0.,-0.));
#5120 = DEFINITIONAL_REPRESENTATION('',(#5121),#5124);
#5121 = B_SPLINE_CURVE_WITH_KNOTS('',1,(#5122,#5123),.UNSPECIFIED.,.F.,
  .F.,(2,2),(-15.,32.117545558465),.PIECEWISE_BEZIER_KNOTS.);
#5122 = CARTESIAN_POINT('',(4.440892098501E-16,1.7763568394E-15));
#5123 = CARTESIAN_POINT('',(-6.964416662869,-46.6));
#5124 = ( GEOMETRIC_REPRESENTATION_CONTEXT(2) 
PARAMETRIC_REPRESENTATION_CONTEXT() REPRESENTATION_CONTEXT('2D SPACE',''
  ) );
#5125 = ORIENTED_EDGE('',*,*,#5126,.T.);
#5126 = EDGE_CURVE('',#5101,#4424,#5127,.T.);
#5127 = SURFACE_CURVE('',#5128,(#5132,#5138),.PCURVE_S1.);
#5128 = LINE('',#5129,#5130);
#5129 = CARTESIAN_POINT('',(-6.88791855864,-46.08813923266,-190.4));
#5130 = VECTOR('',#5131,1.);
#5131 = DIRECTION('',(0.,0.,1.));
#5132 = PCURVE('',#4468,#5133);
#5133 = DEFINITIONAL_REPRESENTATION('',(#5134),#5137);
#5134 = B_SPLINE_CURVE_WITH_KNOTS('',1,(#5135,#5136),.UNSPECIFIED.,.F.,
  .F.,(2,2),(-5.999999928008E-07,1.5000006),.PIECEWISE_BEZIER_KNOTS.);
#5135 = CARTESIAN_POINT('',(0.7500006,16.6));
#5136 = CARTESIAN_POINT('',(-0.7500006,16.6));
#5137 = ( GEOMETRIC_REPRESENTATION_CONTEXT(2) 
PARAMETRIC_REPRESENTATION_CONTEXT() REPRESENTATION_CONTEXT('2D SPACE',''
  ) );
#5138 = PCURVE('',#4440,#5139);
#5139 = DEFINITIONAL_REPRESENTATION('',(#5140),#5143);
#5140 = B_SPLINE_CURVE_WITH_KNOTS('',1,(#5141,#5142),.UNSPECIFIED.,.F.,
  .F.,(2,2),(-5.999999928008E-07,1.5000006),.PIECEWISE_BEZIER_KNOTS.);
#5141 = CARTESIAN_POINT('',(4.564035993965,-5.999999928008E-07));
#5142 = CARTESIAN_POINT('',(4.564035993965,1.5000006));
#5143 = ( GEOMETRIC_REPRESENTATION_CONTEXT(2) 
PARAMETRIC_REPRESENTATION_CONTEXT() REPRESENTATION_CONTEXT('2D SPACE',''
  ) );
#5144 = ORIENTED_EDGE('',*,*,#4452,.F.);
#5145 = ADVANCED_FACE('',(#5146),#5115,.F.);
#5146 = FACE_BOUND('',#5147,.F.);
#5147 = EDGE_LOOP('',(#5148,#5172,#5193,#5215));
#5148 = ORIENTED_EDGE('',*,*,#5149,.F.);
#5149 = EDGE_CURVE('',#5150,#5080,#5152,.T.);
#5150 = VERTEX_POINT('',#5151);
#5151 = CARTESIAN_POINT('',(-26.41013173176,-35.6912446114,-190.4));
#5152 = SURFACE_CURVE('',#5153,(#5158,#5165),.PCURVE_S1.);
#5153 = CIRCLE('',#5154,44.4);
#5154 = AXIS2_PLACEMENT_3D('',#5155,#5156,#5157);
#5155 = CARTESIAN_POINT('',(0.,0.,-190.4));
#5156 = DIRECTION('',(0.,0.,1.));
#5157 = DIRECTION('',(1.,0.,-0.));
#5158 = PCURVE('',#5115,#5159);
#5159 = DEFINITIONAL_REPRESENTATION('',(#5160),#5164);
#5160 = CIRCLE('',#5161,44.4);
#5161 = AXIS2_PLACEMENT_2D('',#5162,#5163);
#5162 = CARTESIAN_POINT('',(0.,0.));
#5163 = DIRECTION('',(1.,0.));
#5164 = ( GEOMETRIC_REPRESENTATION_CONTEXT(2) 
PARAMETRIC_REPRESENTATION_CONTEXT() REPRESENTATION_CONTEXT('2D SPACE',''
  ) );
#5165 = PCURVE('',#3825,#5166);
#5166 = DEFINITIONAL_REPRESENTATION('',(#5167),#5171);
#5167 = LINE('',#5168,#5169);
#5168 = CARTESIAN_POINT('',(0.,8.2));
#5169 = VECTOR('',#5170,1.);
#5170 = DIRECTION('',(1.,0.));
#5171 = ( GEOMETRIC_REPRESENTATION_CONTEXT(2) 
PARAMETRIC_REPRESENTATION_CONTEXT() REPRESENTATION_CONTEXT('2D SPACE',''
  ) );
#5172 = ORIENTED_EDGE('',*,*,#5173,.T.);
#5173 = EDGE_CURVE('',#5150,#5174,#5176,.T.);
#5174 = VERTEX_POINT('',#5175);
#5175 = CARTESIAN_POINT('',(-27.71874186261,-37.45972970476,-190.4));
#5176 = SURFACE_CURVE('',#5177,(#5181,#5187),.PCURVE_S1.);
#5177 = LINE('',#5178,#5179);
#5178 = CARTESIAN_POINT('',(-8.92234180127,-12.05785290925,-190.4));
#5179 = VECTOR('',#5180,1.);
#5180 = DIRECTION('',(-0.594822786751,-0.803856860617,0.));
#5181 = PCURVE('',#5115,#5182);
#5182 = DEFINITIONAL_REPRESENTATION('',(#5183),#5186);
#5183 = B_SPLINE_CURVE_WITH_KNOTS('',1,(#5184,#5185),.UNSPECIFIED.,.F.,
  .F.,(2,2),(-15.,42.970519731858),.PIECEWISE_BEZIER_KNOTS.);
#5184 = CARTESIAN_POINT('',(1.7763568394E-15,1.7763568394E-15));
#5185 = CARTESIAN_POINT('',(-34.48218609632,-46.6));
#5186 = ( GEOMETRIC_REPRESENTATION_CONTEXT(2) 
PARAMETRIC_REPRESENTATION_CONTEXT() REPRESENTATION_CONTEXT('2D SPACE',''
  ) );
#5187 = PCURVE('',#4412,#5188);
#5188 = DEFINITIONAL_REPRESENTATION('',(#5189),#5192);
#5189 = B_SPLINE_CURVE_WITH_KNOTS('',1,(#5190,#5191),.UNSPECIFIED.,.F.,
  .F.,(2,2),(-15.,42.970519731858),.PIECEWISE_BEZIER_KNOTS.);
#5190 = CARTESIAN_POINT('',(0.75,-30.));
#5191 = CARTESIAN_POINT('',(0.75,27.970519731858));
#5192 = ( GEOMETRIC_REPRESENTATION_CONTEXT(2) 
PARAMETRIC_REPRESENTATION_CONTEXT() REPRESENTATION_CONTEXT('2D SPACE',''
  ) );
#5193 = ORIENTED_EDGE('',*,*,#5194,.T.);
#5194 = EDGE_CURVE('',#5174,#5101,#5195,.T.);
#5195 = SURFACE_CURVE('',#5196,(#5201,#5208),.PCURVE_S1.);
#5196 = CIRCLE('',#5197,46.6);
#5197 = AXIS2_PLACEMENT_3D('',#5198,#5199,#5200);
#5198 = CARTESIAN_POINT('',(0.,0.,-190.4));
#5199 = DIRECTION('',(0.,0.,1.));
#5200 = DIRECTION('',(1.,0.,-0.));
#5201 = PCURVE('',#5115,#5202);
#5202 = DEFINITIONAL_REPRESENTATION('',(#5203),#5207);
#5203 = CIRCLE('',#5204,46.6);
#5204 = AXIS2_PLACEMENT_2D('',#5205,#5206);
#5205 = CARTESIAN_POINT('',(0.,0.));
#5206 = DIRECTION('',(1.,0.));
#5207 = ( GEOMETRIC_REPRESENTATION_CONTEXT(2) 
PARAMETRIC_REPRESENTATION_CONTEXT() REPRESENTATION_CONTEXT('2D SPACE',''
  ) );
#5208 = PCURVE('',#4440,#5209);
#5209 = DEFINITIONAL_REPRESENTATION('',(#5210),#5214);
#5210 = LINE('',#5211,#5212);
#5211 = CARTESIAN_POINT('',(0.,0.));
#5212 = VECTOR('',#5213,1.);
#5213 = DIRECTION('',(1.,0.));
#5214 = ( GEOMETRIC_REPRESENTATION_CONTEXT(2) 
PARAMETRIC_REPRESENTATION_CONTEXT() REPRESENTATION_CONTEXT('2D SPACE',''
  ) );
#5215 = ORIENTED_EDGE('',*,*,#5100,.F.);
#5216 = ADVANCED_FACE('',(#5217),#4440,.T.);
#5217 = FACE_BOUND('',#5218,.T.);
#5218 = EDGE_LOOP('',(#5219,#5220,#5239,#5240));
#5219 = ORIENTED_EDGE('',*,*,#4423,.F.);
#5220 = ORIENTED_EDGE('',*,*,#5221,.F.);
#5221 = EDGE_CURVE('',#5174,#4397,#5222,.T.);
#5222 = SURFACE_CURVE('',#5223,(#5227,#5233),.PCURVE_S1.);
#5223 = LINE('',#5224,#5225);
#5224 = CARTESIAN_POINT('',(-27.71874186261,-37.45972970476,-190.4));
#5225 = VECTOR('',#5226,1.);
#5226 = DIRECTION('',(0.,0.,1.));
#5227 = PCURVE('',#4440,#5228);
#5228 = DEFINITIONAL_REPRESENTATION('',(#5229),#5232);
#5229 = B_SPLINE_CURVE_WITH_KNOTS('',1,(#5230,#5231),.UNSPECIFIED.,.F.,
  .F.,(2,2),(-5.999999928008E-07,1.5000006),.PIECEWISE_BEZIER_KNOTS.);
#5230 = CARTESIAN_POINT('',(4.075343803407,-5.999999928008E-07));
#5231 = CARTESIAN_POINT('',(4.075343803407,1.5000006));
#5232 = ( GEOMETRIC_REPRESENTATION_CONTEXT(2) 
PARAMETRIC_REPRESENTATION_CONTEXT() REPRESENTATION_CONTEXT('2D SPACE',''
  ) );
#5233 = PCURVE('',#4412,#5234);
#5234 = DEFINITIONAL_REPRESENTATION('',(#5235),#5238);
#5235 = B_SPLINE_CURVE_WITH_KNOTS('',1,(#5236,#5237),.UNSPECIFIED.,.F.,
  .F.,(2,2),(-5.999999928008E-07,1.5000006),.PIECEWISE_BEZIER_KNOTS.);
#5236 = CARTESIAN_POINT('',(0.7500006,16.6));
#5237 = CARTESIAN_POINT('',(-0.7500006,16.6));
#5238 = ( GEOMETRIC_REPRESENTATION_CONTEXT(2) 
PARAMETRIC_REPRESENTATION_CONTEXT() REPRESENTATION_CONTEXT('2D SPACE',''
  ) );
#5239 = ORIENTED_EDGE('',*,*,#5194,.T.);
#5240 = ORIENTED_EDGE('',*,*,#5126,.T.);
#5241 = ADVANCED_FACE('',(#5242),#4412,.T.);
#5242 = FACE_BOUND('',#5243,.T.);
#5243 = EDGE_LOOP('',(#5244,#5263,#5264,#5265));
#5244 = ORIENTED_EDGE('',*,*,#5245,.F.);
#5245 = EDGE_CURVE('',#5150,#4373,#5246,.T.);
#5246 = SURFACE_CURVE('',#5247,(#5251,#5257),.PCURVE_S1.);
#5247 = LINE('',#5248,#5249);
#5248 = CARTESIAN_POINT('',(-26.41013173176,-35.6912446114,-198.6));
#5249 = VECTOR('',#5250,1.);
#5250 = DIRECTION('',(0.,0.,1.));
#5251 = PCURVE('',#4412,#5252);
#5252 = DEFINITIONAL_REPRESENTATION('',(#5253),#5256);
#5253 = B_SPLINE_CURVE_WITH_KNOTS('',1,(#5254,#5255),.UNSPECIFIED.,.F.,
  .F.,(2,2),(8.05,9.7000006),.PIECEWISE_BEZIER_KNOTS.);
#5254 = CARTESIAN_POINT('',(0.9,14.4));
#5255 = CARTESIAN_POINT('',(-0.7500006,14.4));
#5256 = ( GEOMETRIC_REPRESENTATION_CONTEXT(2) 
PARAMETRIC_REPRESENTATION_CONTEXT() REPRESENTATION_CONTEXT('2D SPACE',''
  ) );
#5257 = PCURVE('',#3825,#5258);
#5258 = DEFINITIONAL_REPRESENTATION('',(#5259),#5262);
#5259 = B_SPLINE_CURVE_WITH_KNOTS('',1,(#5260,#5261),.UNSPECIFIED.,.F.,
  .F.,(2,2),(8.05,9.7000006),.PIECEWISE_BEZIER_KNOTS.);
#5260 = CARTESIAN_POINT('',(4.075343803407,8.05));
#5261 = CARTESIAN_POINT('',(4.075343803407,9.7000006));
#5262 = ( GEOMETRIC_REPRESENTATION_CONTEXT(2) 
PARAMETRIC_REPRESENTATION_CONTEXT() REPRESENTATION_CONTEXT('2D SPACE',''
  ) );
#5263 = ORIENTED_EDGE('',*,*,#5173,.T.);
#5264 = ORIENTED_EDGE('',*,*,#5221,.T.);
#5265 = ORIENTED_EDGE('',*,*,#4396,.F.);
#5266 = ADVANCED_FACE('',(#5267),#4361,.F.);
#5267 = FACE_BOUND('',#5268,.F.);
#5268 = EDGE_LOOP('',(#5269,#5290,#5316,#5335));
#5269 = ORIENTED_EDGE('',*,*,#5270,.F.);
#5270 = EDGE_CURVE('',#5271,#4346,#5273,.T.);
#5271 = VERTEX_POINT('',#5272);
#5272 = CARTESIAN_POINT('',(-35.6912446114,-26.41013173176,-190.4));
#5273 = SURFACE_CURVE('',#5274,(#5278,#5284),.PCURVE_S1.);
#5274 = LINE('',#5275,#5276);
#5275 = CARTESIAN_POINT('',(-35.6912446114,-26.41013173176,-198.6));
#5276 = VECTOR('',#5277,1.);
#5277 = DIRECTION('',(0.,0.,1.));
#5278 = PCURVE('',#4361,#5279);
#5279 = DEFINITIONAL_REPRESENTATION('',(#5280),#5283);
#5280 = B_SPLINE_CURVE_WITH_KNOTS('',1,(#5281,#5282),.UNSPECIFIED.,.F.,
  .F.,(2,2),(8.05,9.7000006),.PIECEWISE_BEZIER_KNOTS.);
#5281 = CARTESIAN_POINT('',(0.9,14.4));
#5282 = CARTESIAN_POINT('',(-0.7500006,14.4));
#5283 = ( GEOMETRIC_REPRESENTATION_CONTEXT(2) 
PARAMETRIC_REPRESENTATION_CONTEXT() REPRESENTATION_CONTEXT('2D SPACE',''
  ) );
#5284 = PCURVE('',#3825,#5285);
#5285 = DEFINITIONAL_REPRESENTATION('',(#5286),#5289);
#5286 = B_SPLINE_CURVE_WITH_KNOTS('',1,(#5287,#5288),.UNSPECIFIED.,.F.,
  .F.,(2,2),(8.05,9.7000006),.PIECEWISE_BEZIER_KNOTS.);
#5287 = CARTESIAN_POINT('',(3.778637830568,8.05));
#5288 = CARTESIAN_POINT('',(3.778637830568,9.7000006));
#5289 = ( GEOMETRIC_REPRESENTATION_CONTEXT(2) 
PARAMETRIC_REPRESENTATION_CONTEXT() REPRESENTATION_CONTEXT('2D SPACE',''
  ) );
#5290 = ORIENTED_EDGE('',*,*,#5291,.T.);
#5291 = EDGE_CURVE('',#5271,#5292,#5294,.T.);
#5292 = VERTEX_POINT('',#5293);
#5293 = CARTESIAN_POINT('',(-37.45972970476,-27.71874186261,-190.4));
#5294 = SURFACE_CURVE('',#5295,(#5299,#5305),.PCURVE_S1.);
#5295 = LINE('',#5296,#5297);
#5296 = CARTESIAN_POINT('',(-12.05785290925,-8.92234180127,-190.4));
#5297 = VECTOR('',#5298,1.);
#5298 = DIRECTION('',(-0.803856860617,-0.594822786751,0.));
#5299 = PCURVE('',#4361,#5300);
#5300 = DEFINITIONAL_REPRESENTATION('',(#5301),#5304);
#5301 = B_SPLINE_CURVE_WITH_KNOTS('',1,(#5302,#5303),.UNSPECIFIED.,.F.,
  .F.,(2,2),(-15.,42.970519731858),.PIECEWISE_BEZIER_KNOTS.);
#5302 = CARTESIAN_POINT('',(0.75,-30.));
#5303 = CARTESIAN_POINT('',(0.75,27.970519731858));
#5304 = ( GEOMETRIC_REPRESENTATION_CONTEXT(2) 
PARAMETRIC_REPRESENTATION_CONTEXT() REPRESENTATION_CONTEXT('2D SPACE',''
  ) );
#5305 = PCURVE('',#5306,#5311);
#5306 = PLANE('',#5307);
#5307 = AXIS2_PLACEMENT_3D('',#5308,#5309,#5310);
#5308 = CARTESIAN_POINT('',(0.,0.,-190.4));
#5309 = DIRECTION('',(0.,0.,1.));
#5310 = DIRECTION('',(1.,0.,-0.));
#5311 = DEFINITIONAL_REPRESENTATION('',(#5312),#5315);
#5312 = B_SPLINE_CURVE_WITH_KNOTS('',1,(#5313,#5314),.UNSPECIFIED.,.F.,
  .F.,(2,2),(-15.,42.970519731858),.PIECEWISE_BEZIER_KNOTS.);
#5313 = CARTESIAN_POINT('',(0.,0.));
#5314 = CARTESIAN_POINT('',(-46.6,-34.48218609632));
#5315 = ( GEOMETRIC_REPRESENTATION_CONTEXT(2) 
PARAMETRIC_REPRESENTATION_CONTEXT() REPRESENTATION_CONTEXT('2D SPACE',''
  ) );
#5316 = ORIENTED_EDGE('',*,*,#5317,.T.);
#5317 = EDGE_CURVE('',#5292,#4317,#5318,.T.);
#5318 = SURFACE_CURVE('',#5319,(#5323,#5329),.PCURVE_S1.);
#5319 = LINE('',#5320,#5321);
#5320 = CARTESIAN_POINT('',(-37.45972970476,-27.71874186261,-190.4));
#5321 = VECTOR('',#5322,1.);
#5322 = DIRECTION('',(0.,0.,1.));
#5323 = PCURVE('',#4361,#5324);
#5324 = DEFINITIONAL_REPRESENTATION('',(#5325),#5328);
#5325 = B_SPLINE_CURVE_WITH_KNOTS('',1,(#5326,#5327),.UNSPECIFIED.,.F.,
  .F.,(2,2),(-5.999999928008E-07,1.5000006),.PIECEWISE_BEZIER_KNOTS.);
#5326 = CARTESIAN_POINT('',(0.7500006,16.6));
#5327 = CARTESIAN_POINT('',(-0.7500006,16.6));
#5328 = ( GEOMETRIC_REPRESENTATION_CONTEXT(2) 
PARAMETRIC_REPRESENTATION_CONTEXT() REPRESENTATION_CONTEXT('2D SPACE',''
  ) );
#5329 = PCURVE('',#4333,#5330);
#5330 = DEFINITIONAL_REPRESENTATION('',(#5331),#5334);
#5331 = B_SPLINE_CURVE_WITH_KNOTS('',1,(#5332,#5333),.UNSPECIFIED.,.F.,
  .F.,(2,2),(-5.999999928008E-07,1.5000006),.PIECEWISE_BEZIER_KNOTS.);
#5332 = CARTESIAN_POINT('',(3.778637830568,-5.999999928008E-07));
#5333 = CARTESIAN_POINT('',(3.778637830568,1.5000006));
#5334 = ( GEOMETRIC_REPRESENTATION_CONTEXT(2) 
PARAMETRIC_REPRESENTATION_CONTEXT() REPRESENTATION_CONTEXT('2D SPACE',''
  ) );
#5335 = ORIENTED_EDGE('',*,*,#4345,.F.);
#5336 = ADVANCED_FACE('',(#5337),#5306,.F.);
#5337 = FACE_BOUND('',#5338,.F.);
#5338 = EDGE_LOOP('',(#5339,#5363,#5384,#5406));
#5339 = ORIENTED_EDGE('',*,*,#5340,.F.);
#5340 = EDGE_CURVE('',#5341,#5271,#5343,.T.);
#5341 = VERTEX_POINT('',#5342);
#5342 = CARTESIAN_POINT('',(-43.91230433326,-6.562737854155,-190.4));
#5343 = SURFACE_CURVE('',#5344,(#5349,#5356),.PCURVE_S1.);
#5344 = CIRCLE('',#5345,44.4);
#5345 = AXIS2_PLACEMENT_3D('',#5346,#5347,#5348);
#5346 = CARTESIAN_POINT('',(0.,0.,-190.4));
#5347 = DIRECTION('',(0.,0.,1.));
#5348 = DIRECTION('',(1.,0.,-0.));
#5349 = PCURVE('',#5306,#5350);
#5350 = DEFINITIONAL_REPRESENTATION('',(#5351),#5355);
#5351 = CIRCLE('',#5352,44.4);
#5352 = AXIS2_PLACEMENT_2D('',#5353,#5354);
#5353 = CARTESIAN_POINT('',(0.,0.));
#5354 = DIRECTION('',(1.,0.));
#5355 = ( GEOMETRIC_REPRESENTATION_CONTEXT(2) 
PARAMETRIC_REPRESENTATION_CONTEXT() REPRESENTATION_CONTEXT('2D SPACE',''
  ) );
#5356 = PCURVE('',#3825,#5357);
#5357 = DEFINITIONAL_REPRESENTATION('',(#5358),#5362);
#5358 = LINE('',#5359,#5360);
#5359 = CARTESIAN_POINT('',(0.,8.2));
#5360 = VECTOR('',#5361,1.);
#5361 = DIRECTION('',(1.,0.));
#5362 = ( GEOMETRIC_REPRESENTATION_CONTEXT(2) 
PARAMETRIC_REPRESENTATION_CONTEXT() REPRESENTATION_CONTEXT('2D SPACE',''
  ) );
#5363 = ORIENTED_EDGE('',*,*,#5364,.T.);
#5364 = EDGE_CURVE('',#5341,#5365,#5367,.T.);
#5365 = VERTEX_POINT('',#5366);
#5366 = CARTESIAN_POINT('',(-46.08813923266,-6.88791855864,-190.4));
#5367 = SURFACE_CURVE('',#5368,(#5372,#5378),.PCURVE_S1.);
#5368 = LINE('',#5369,#5370);
#5369 = CARTESIAN_POINT('',(-14.83523795042,-2.217141166944,-190.4));
#5370 = VECTOR('',#5371,1.);
#5371 = DIRECTION('',(-0.989015863362,-0.14780941113,0.));
#5372 = PCURVE('',#5306,#5373);
#5373 = DEFINITIONAL_REPRESENTATION('',(#5374),#5377);
#5374 = B_SPLINE_CURVE_WITH_KNOTS('',1,(#5375,#5376),.UNSPECIFIED.,.F.,
  .F.,(2,2),(-15.,32.117545558465),.PIECEWISE_BEZIER_KNOTS.);
#5375 = CARTESIAN_POINT('',(-1.7763568394E-15,0.));
#5376 = CARTESIAN_POINT('',(-46.6,-6.964416662869));
#5377 = ( GEOMETRIC_REPRESENTATION_CONTEXT(2) 
PARAMETRIC_REPRESENTATION_CONTEXT() REPRESENTATION_CONTEXT('2D SPACE',''
  ) );
#5378 = PCURVE('',#4305,#5379);
#5379 = DEFINITIONAL_REPRESENTATION('',(#5380),#5383);
#5380 = B_SPLINE_CURVE_WITH_KNOTS('',1,(#5381,#5382),.UNSPECIFIED.,.F.,
  .F.,(2,2),(-15.,32.117545558465),.PIECEWISE_BEZIER_KNOTS.);
#5381 = CARTESIAN_POINT('',(0.75,-30.));
#5382 = CARTESIAN_POINT('',(0.75,17.117545558465));
#5383 = ( GEOMETRIC_REPRESENTATION_CONTEXT(2) 
PARAMETRIC_REPRESENTATION_CONTEXT() REPRESENTATION_CONTEXT('2D SPACE',''
  ) );
#5384 = ORIENTED_EDGE('',*,*,#5385,.T.);
#5385 = EDGE_CURVE('',#5365,#5292,#5386,.T.);
#5386 = SURFACE_CURVE('',#5387,(#5392,#5399),.PCURVE_S1.);
#5387 = CIRCLE('',#5388,46.6);
#5388 = AXIS2_PLACEMENT_3D('',#5389,#5390,#5391);
#5389 = CARTESIAN_POINT('',(0.,0.,-190.4));
#5390 = DIRECTION('',(0.,0.,1.));
#5391 = DIRECTION('',(1.,0.,-0.));
#5392 = PCURVE('',#5306,#5393);
#5393 = DEFINITIONAL_REPRESENTATION('',(#5394),#5398);
#5394 = CIRCLE('',#5395,46.6);
#5395 = AXIS2_PLACEMENT_2D('',#5396,#5397);
#5396 = CARTESIAN_POINT('',(0.,0.));
#5397 = DIRECTION('',(1.,0.));
#5398 = ( GEOMETRIC_REPRESENTATION_CONTEXT(2) 
PARAMETRIC_REPRESENTATION_CONTEXT() REPRESENTATION_CONTEXT('2D SPACE',''
  ) );
#5399 = PCURVE('',#4333,#5400);
#5400 = DEFINITIONAL_REPRESENTATION('',(#5401),#5405);
#5401 = LINE('',#5402,#5403);
#5402 = CARTESIAN_POINT('',(0.,0.));
#5403 = VECTOR('',#5404,1.);
#5404 = DIRECTION('',(1.,0.));
#5405 = ( GEOMETRIC_REPRESENTATION_CONTEXT(2) 
PARAMETRIC_REPRESENTATION_CONTEXT() REPRESENTATION_CONTEXT('2D SPACE',''
  ) );
#5406 = ORIENTED_EDGE('',*,*,#5291,.F.);
#5407 = ADVANCED_FACE('',(#5408),#4333,.T.);
#5408 = FACE_BOUND('',#5409,.T.);
#5409 = EDGE_LOOP('',(#5410,#5411,#5430,#5431));
#5410 = ORIENTED_EDGE('',*,*,#4316,.F.);
#5411 = ORIENTED_EDGE('',*,*,#5412,.F.);
#5412 = EDGE_CURVE('',#5365,#4290,#5413,.T.);
#5413 = SURFACE_CURVE('',#5414,(#5418,#5424),.PCURVE_S1.);
#5414 = LINE('',#5415,#5416);
#5415 = CARTESIAN_POINT('',(-46.08813923266,-6.88791855864,-190.4));
#5416 = VECTOR('',#5417,1.);
#5417 = DIRECTION('',(0.,0.,1.));
#5418 = PCURVE('',#4333,#5419);
#5419 = DEFINITIONAL_REPRESENTATION('',(#5420),#5423);
#5420 = B_SPLINE_CURVE_WITH_KNOTS('',1,(#5421,#5422),.UNSPECIFIED.,.F.,
  .F.,(2,2),(-5.999999928008E-07,1.5000006),.PIECEWISE_BEZIER_KNOTS.);
#5421 = CARTESIAN_POINT('',(3.289945640009,-5.999999928008E-07));
#5422 = CARTESIAN_POINT('',(3.289945640009,1.5000006));
#5423 = ( GEOMETRIC_REPRESENTATION_CONTEXT(2) 
PARAMETRIC_REPRESENTATION_CONTEXT() REPRESENTATION_CONTEXT('2D SPACE',''
  ) );
#5424 = PCURVE('',#4305,#5425);
#5425 = DEFINITIONAL_REPRESENTATION('',(#5426),#5429);
#5426 = B_SPLINE_CURVE_WITH_KNOTS('',1,(#5427,#5428),.UNSPECIFIED.,.F.,
  .F.,(2,2),(-5.999999928008E-07,1.5000006),.PIECEWISE_BEZIER_KNOTS.);
#5427 = CARTESIAN_POINT('',(0.7500006,16.6));
#5428 = CARTESIAN_POINT('',(-0.7500006,16.6));
#5429 = ( GEOMETRIC_REPRESENTATION_CONTEXT(2) 
PARAMETRIC_REPRESENTATION_CONTEXT() REPRESENTATION_CONTEXT('2D SPACE',''
  ) );
#5430 = ORIENTED_EDGE('',*,*,#5385,.T.);
#5431 = ORIENTED_EDGE('',*,*,#5317,.T.);
#5432 = ADVANCED_FACE('',(#5433),#4305,.T.);
#5433 = FACE_BOUND('',#5434,.T.);
#5434 = EDGE_LOOP('',(#5435,#5454,#5455,#5456));
#5435 = ORIENTED_EDGE('',*,*,#5436,.F.);
#5436 = EDGE_CURVE('',#5341,#4266,#5437,.T.);
#5437 = SURFACE_CURVE('',#5438,(#5442,#5448),.PCURVE_S1.);
#5438 = LINE('',#5439,#5440);
#5439 = CARTESIAN_POINT('',(-43.91230433326,-6.562737854155,-198.6));
#5440 = VECTOR('',#5441,1.);
#5441 = DIRECTION('',(0.,0.,1.));
#5442 = PCURVE('',#4305,#5443);
#5443 = DEFINITIONAL_REPRESENTATION('',(#5444),#5447);
#5444 = B_SPLINE_CURVE_WITH_KNOTS('',1,(#5445,#5446),.UNSPECIFIED.,.F.,
  .F.,(2,2),(8.05,9.7000006),.PIECEWISE_BEZIER_KNOTS.);
#5445 = CARTESIAN_POINT('',(0.9,14.4));
#5446 = CARTESIAN_POINT('',(-0.7500006,14.4));
#5447 = ( GEOMETRIC_REPRESENTATION_CONTEXT(2) 
PARAMETRIC_REPRESENTATION_CONTEXT() REPRESENTATION_CONTEXT('2D SPACE',''
  ) );
#5448 = PCURVE('',#3825,#5449);
#5449 = DEFINITIONAL_REPRESENTATION('',(#5450),#5453);
#5450 = B_SPLINE_CURVE_WITH_KNOTS('',1,(#5451,#5452),.UNSPECIFIED.,.F.,
  .F.,(2,2),(8.05,9.7000006),.PIECEWISE_BEZIER_KNOTS.);
#5451 = CARTESIAN_POINT('',(3.289945640009,8.05));
#5452 = CARTESIAN_POINT('',(3.289945640009,9.7000006));
#5453 = ( GEOMETRIC_REPRESENTATION_CONTEXT(2) 
PARAMETRIC_REPRESENTATION_CONTEXT() REPRESENTATION_CONTEXT('2D SPACE',''
  ) );
#5454 = ORIENTED_EDGE('',*,*,#5364,.T.);
#5455 = ORIENTED_EDGE('',*,*,#5412,.T.);
#5456 = ORIENTED_EDGE('',*,*,#4289,.F.);
#5457 = ADVANCED_FACE('',(#5458),#4254,.F.);
#5458 = FACE_BOUND('',#5459,.F.);
#5459 = EDGE_LOOP('',(#5460,#5481,#5507,#5526));
#5460 = ORIENTED_EDGE('',*,*,#5461,.F.);
#5461 = EDGE_CURVE('',#5462,#4239,#5464,.T.);
#5462 = VERTEX_POINT('',#5463);
#5463 = CARTESIAN_POINT('',(-43.91230433326,6.562737854155,-190.4));
#5464 = SURFACE_CURVE('',#5465,(#5469,#5475),.PCURVE_S1.);
#5465 = LINE('',#5466,#5467);
#5466 = CARTESIAN_POINT('',(-43.91230433326,6.562737854155,-198.6));
#5467 = VECTOR('',#5468,1.);
#5468 = DIRECTION('',(0.,0.,1.));
#5469 = PCURVE('',#4254,#5470);
#5470 = DEFINITIONAL_REPRESENTATION('',(#5471),#5474);
#5471 = B_SPLINE_CURVE_WITH_KNOTS('',1,(#5472,#5473),.UNSPECIFIED.,.F.,
  .F.,(2,2),(8.05,9.7000006),.PIECEWISE_BEZIER_KNOTS.);
#5472 = CARTESIAN_POINT('',(0.9,14.4));
#5473 = CARTESIAN_POINT('',(-0.7500006,14.4));
#5474 = ( GEOMETRIC_REPRESENTATION_CONTEXT(2) 
PARAMETRIC_REPRESENTATION_CONTEXT() REPRESENTATION_CONTEXT('2D SPACE',''
  ) );
#5475 = PCURVE('',#3825,#5476);
#5476 = DEFINITIONAL_REPRESENTATION('',(#5477),#5480);
#5477 = B_SPLINE_CURVE_WITH_KNOTS('',1,(#5478,#5479),.UNSPECIFIED.,.F.,
  .F.,(2,2),(8.05,9.7000006),.PIECEWISE_BEZIER_KNOTS.);
#5478 = CARTESIAN_POINT('',(2.99323966717,8.05));
#5479 = CARTESIAN_POINT('',(2.99323966717,9.7000006));
#5480 = ( GEOMETRIC_REPRESENTATION_CONTEXT(2) 
PARAMETRIC_REPRESENTATION_CONTEXT() REPRESENTATION_CONTEXT('2D SPACE',''
  ) );
#5481 = ORIENTED_EDGE('',*,*,#5482,.T.);
#5482 = EDGE_CURVE('',#5462,#5483,#5485,.T.);
#5483 = VERTEX_POINT('',#5484);
#5484 = CARTESIAN_POINT('',(-46.08813923266,6.88791855864,-190.4));
#5485 = SURFACE_CURVE('',#5486,(#5490,#5496),.PCURVE_S1.);
#5486 = LINE('',#5487,#5488);
#5487 = CARTESIAN_POINT('',(-14.83523795042,2.217141166944,-190.4));
#5488 = VECTOR('',#5489,1.);
#5489 = DIRECTION('',(-0.989015863362,0.14780941113,0.));
#5490 = PCURVE('',#4254,#5491);
#5491 = DEFINITIONAL_REPRESENTATION('',(#5492),#5495);
#5492 = B_SPLINE_CURVE_WITH_KNOTS('',1,(#5493,#5494),.UNSPECIFIED.,.F.,
  .F.,(2,2),(-15.,32.117545558465),.PIECEWISE_BEZIER_KNOTS.);
#5493 = CARTESIAN_POINT('',(0.75,-30.));
#5494 = CARTESIAN_POINT('',(0.75,17.117545558465));
#5495 = ( GEOMETRIC_REPRESENTATION_CONTEXT(2) 
PARAMETRIC_REPRESENTATION_CONTEXT() REPRESENTATION_CONTEXT('2D SPACE',''
  ) );
#5496 = PCURVE('',#5497,#5502);
#5497 = PLANE('',#5498);
#5498 = AXIS2_PLACEMENT_3D('',#5499,#5500,#5501);
#5499 = CARTESIAN_POINT('',(0.,0.,-190.4));
#5500 = DIRECTION('',(0.,0.,1.));
#5501 = DIRECTION('',(1.,0.,-0.));
#5502 = DEFINITIONAL_REPRESENTATION('',(#5503),#5506);
#5503 = B_SPLINE_CURVE_WITH_KNOTS('',1,(#5504,#5505),.UNSPECIFIED.,.F.,
  .F.,(2,2),(-15.,32.117545558465),.PIECEWISE_BEZIER_KNOTS.);
#5504 = CARTESIAN_POINT('',(0.,-1.7763568394E-15));
#5505 = CARTESIAN_POINT('',(-46.6,6.964416662869));
#5506 = ( GEOMETRIC_REPRESENTATION_CONTEXT(2) 
PARAMETRIC_REPRESENTATION_CONTEXT() REPRESENTATION_CONTEXT('2D SPACE',''
  ) );
#5507 = ORIENTED_EDGE('',*,*,#5508,.T.);
#5508 = EDGE_CURVE('',#5483,#4210,#5509,.T.);
#5509 = SURFACE_CURVE('',#5510,(#5514,#5520),.PCURVE_S1.);
#5510 = LINE('',#5511,#5512);
#5511 = CARTESIAN_POINT('',(-46.08813923266,6.88791855864,-190.4));
#5512 = VECTOR('',#5513,1.);
#5513 = DIRECTION('',(0.,0.,1.));
#5514 = PCURVE('',#4254,#5515);
#5515 = DEFINITIONAL_REPRESENTATION('',(#5516),#5519);
#5516 = B_SPLINE_CURVE_WITH_KNOTS('',1,(#5517,#5518),.UNSPECIFIED.,.F.,
  .F.,(2,2),(-5.999999928008E-07,1.5000006),.PIECEWISE_BEZIER_KNOTS.);
#5517 = CARTESIAN_POINT('',(0.7500006,16.6));
#5518 = CARTESIAN_POINT('',(-0.7500006,16.6));
#5519 = ( GEOMETRIC_REPRESENTATION_CONTEXT(2) 
PARAMETRIC_REPRESENTATION_CONTEXT() REPRESENTATION_CONTEXT('2D SPACE',''
  ) );
#5520 = PCURVE('',#4226,#5521);
#5521 = DEFINITIONAL_REPRESENTATION('',(#5522),#5525);
#5522 = B_SPLINE_CURVE_WITH_KNOTS('',1,(#5523,#5524),.UNSPECIFIED.,.F.,
  .F.,(2,2),(-5.999999928008E-07,1.5000006),.PIECEWISE_BEZIER_KNOTS.);
#5523 = CARTESIAN_POINT('',(2.99323966717,-5.999999928008E-07));
#5524 = CARTESIAN_POINT('',(2.99323966717,1.5000006));
#5525 = ( GEOMETRIC_REPRESENTATION_CONTEXT(2) 
PARAMETRIC_REPRESENTATION_CONTEXT() REPRESENTATION_CONTEXT('2D SPACE',''
  ) );
#5526 = ORIENTED_EDGE('',*,*,#4238,.F.);
#5527 = ADVANCED_FACE('',(#5528),#5497,.F.);
#5528 = FACE_BOUND('',#5529,.F.);
#5529 = EDGE_LOOP('',(#5530,#5554,#5575,#5597));
#5530 = ORIENTED_EDGE('',*,*,#5531,.F.);
#5531 = EDGE_CURVE('',#5532,#5462,#5534,.T.);
#5532 = VERTEX_POINT('',#5533);
#5533 = CARTESIAN_POINT('',(-35.6912446114,26.41013173176,-190.4));
#5534 = SURFACE_CURVE('',#5535,(#5540,#5547),.PCURVE_S1.);
#5535 = CIRCLE('',#5536,44.4);
#5536 = AXIS2_PLACEMENT_3D('',#5537,#5538,#5539);
#5537 = CARTESIAN_POINT('',(0.,0.,-190.4));
#5538 = DIRECTION('',(0.,0.,1.));
#5539 = DIRECTION('',(1.,0.,-0.));
#5540 = PCURVE('',#5497,#5541);
#5541 = DEFINITIONAL_REPRESENTATION('',(#5542),#5546);
#5542 = CIRCLE('',#5543,44.4);
#5543 = AXIS2_PLACEMENT_2D('',#5544,#5545);
#5544 = CARTESIAN_POINT('',(0.,0.));
#5545 = DIRECTION('',(1.,0.));
#5546 = ( GEOMETRIC_REPRESENTATION_CONTEXT(2) 
PARAMETRIC_REPRESENTATION_CONTEXT() REPRESENTATION_CONTEXT('2D SPACE',''
  ) );
#5547 = PCURVE('',#3825,#5548);
#5548 = DEFINITIONAL_REPRESENTATION('',(#5549),#5553);
#5549 = LINE('',#5550,#5551);
#5550 = CARTESIAN_POINT('',(0.,8.2));
#5551 = VECTOR('',#5552,1.);
#5552 = DIRECTION('',(1.,0.));
#5553 = ( GEOMETRIC_REPRESENTATION_CONTEXT(2) 
PARAMETRIC_REPRESENTATION_CONTEXT() REPRESENTATION_CONTEXT('2D SPACE',''
  ) );
#5554 = ORIENTED_EDGE('',*,*,#5555,.T.);
#5555 = EDGE_CURVE('',#5532,#5556,#5558,.T.);
#5556 = VERTEX_POINT('',#5557);
#5557 = CARTESIAN_POINT('',(-37.45972970476,27.718741862613,-190.4));
#5558 = SURFACE_CURVE('',#5559,(#5563,#5569),.PCURVE_S1.);
#5559 = LINE('',#5560,#5561);
#5560 = CARTESIAN_POINT('',(-12.05785290925,8.92234180127,-190.4));
#5561 = VECTOR('',#5562,1.);
#5562 = DIRECTION('',(-0.803856860617,0.594822786751,0.));
#5563 = PCURVE('',#5497,#5564);
#5564 = DEFINITIONAL_REPRESENTATION('',(#5565),#5568);
#5565 = B_SPLINE_CURVE_WITH_KNOTS('',1,(#5566,#5567),.UNSPECIFIED.,.F.,
  .F.,(2,2),(-15.,42.970519731858),.PIECEWISE_BEZIER_KNOTS.);
#5566 = CARTESIAN_POINT('',(1.7763568394E-15,-1.7763568394E-15));
#5567 = CARTESIAN_POINT('',(-46.6,34.482186096328));
#5568 = ( GEOMETRIC_REPRESENTATION_CONTEXT(2) 
PARAMETRIC_REPRESENTATION_CONTEXT() REPRESENTATION_CONTEXT('2D SPACE',''
  ) );
#5569 = PCURVE('',#4198,#5570);
#5570 = DEFINITIONAL_REPRESENTATION('',(#5571),#5574);
#5571 = B_SPLINE_CURVE_WITH_KNOTS('',1,(#5572,#5573),.UNSPECIFIED.,.F.,
  .F.,(2,2),(-15.,42.970519731858),.PIECEWISE_BEZIER_KNOTS.);
#5572 = CARTESIAN_POINT('',(0.75,-30.));
#5573 = CARTESIAN_POINT('',(0.75,27.970519731858));
#5574 = ( GEOMETRIC_REPRESENTATION_CONTEXT(2) 
PARAMETRIC_REPRESENTATION_CONTEXT() REPRESENTATION_CONTEXT('2D SPACE',''
  ) );
#5575 = ORIENTED_EDGE('',*,*,#5576,.T.);
#5576 = EDGE_CURVE('',#5556,#5483,#5577,.T.);
#5577 = SURFACE_CURVE('',#5578,(#5583,#5590),.PCURVE_S1.);
#5578 = CIRCLE('',#5579,46.6);
#5579 = AXIS2_PLACEMENT_3D('',#5580,#5581,#5582);
#5580 = CARTESIAN_POINT('',(0.,0.,-190.4));
#5581 = DIRECTION('',(0.,0.,1.));
#5582 = DIRECTION('',(1.,0.,-0.));
#5583 = PCURVE('',#5497,#5584);
#5584 = DEFINITIONAL_REPRESENTATION('',(#5585),#5589);
#5585 = CIRCLE('',#5586,46.6);
#5586 = AXIS2_PLACEMENT_2D('',#5587,#5588);
#5587 = CARTESIAN_POINT('',(0.,0.));
#5588 = DIRECTION('',(1.,0.));
#5589 = ( GEOMETRIC_REPRESENTATION_CONTEXT(2) 
PARAMETRIC_REPRESENTATION_CONTEXT() REPRESENTATION_CONTEXT('2D SPACE',''
  ) );
#5590 = PCURVE('',#4226,#5591);
#5591 = DEFINITIONAL_REPRESENTATION('',(#5592),#5596);
#5592 = LINE('',#5593,#5594);
#5593 = CARTESIAN_POINT('',(0.,0.));
#5594 = VECTOR('',#5595,1.);
#5595 = DIRECTION('',(1.,0.));
#5596 = ( GEOMETRIC_REPRESENTATION_CONTEXT(2) 
PARAMETRIC_REPRESENTATION_CONTEXT() REPRESENTATION_CONTEXT('2D SPACE',''
  ) );
#5597 = ORIENTED_EDGE('',*,*,#5482,.F.);
#5598 = ADVANCED_FACE('',(#5599),#4226,.T.);
#5599 = FACE_BOUND('',#5600,.T.);
#5600 = EDGE_LOOP('',(#5601,#5602,#5621,#5622));
#5601 = ORIENTED_EDGE('',*,*,#4209,.F.);
#5602 = ORIENTED_EDGE('',*,*,#5603,.F.);
#5603 = EDGE_CURVE('',#5556,#4183,#5604,.T.);
#5604 = SURFACE_CURVE('',#5605,(#5609,#5615),.PCURVE_S1.);
#5605 = LINE('',#5606,#5607);
#5606 = CARTESIAN_POINT('',(-37.45972970476,27.718741862613,-190.4));
#5607 = VECTOR('',#5608,1.);
#5608 = DIRECTION('',(0.,0.,1.));
#5609 = PCURVE('',#4226,#5610);
#5610 = DEFINITIONAL_REPRESENTATION('',(#5611),#5614);
#5611 = B_SPLINE_CURVE_WITH_KNOTS('',1,(#5612,#5613),.UNSPECIFIED.,.F.,
  .F.,(2,2),(-5.999999928008E-07,1.5000006),.PIECEWISE_BEZIER_KNOTS.);
#5612 = CARTESIAN_POINT('',(2.504547476612,-5.999999928008E-07));
#5613 = CARTESIAN_POINT('',(2.504547476612,1.5000006));
#5614 = ( GEOMETRIC_REPRESENTATION_CONTEXT(2) 
PARAMETRIC_REPRESENTATION_CONTEXT() REPRESENTATION_CONTEXT('2D SPACE',''
  ) );
#5615 = PCURVE('',#4198,#5616);
#5616 = DEFINITIONAL_REPRESENTATION('',(#5617),#5620);
#5617 = B_SPLINE_CURVE_WITH_KNOTS('',1,(#5618,#5619),.UNSPECIFIED.,.F.,
  .F.,(2,2),(-5.999999928008E-07,1.5000006),.PIECEWISE_BEZIER_KNOTS.);
#5618 = CARTESIAN_POINT('',(0.7500006,16.6));
#5619 = CARTESIAN_POINT('',(-0.7500006,16.6));
#5620 = ( GEOMETRIC_REPRESENTATION_CONTEXT(2) 
PARAMETRIC_REPRESENTATION_CONTEXT() REPRESENTATION_CONTEXT('2D SPACE',''
  ) );
#5621 = ORIENTED_EDGE('',*,*,#5576,.T.);
#5622 = ORIENTED_EDGE('',*,*,#5508,.T.);
#5623 = ADVANCED_FACE('',(#5624),#4198,.T.);
#5624 = FACE_BOUND('',#5625,.T.);
#5625 = EDGE_LOOP('',(#5626,#5645,#5646,#5647));
#5626 = ORIENTED_EDGE('',*,*,#5627,.F.);
#5627 = EDGE_CURVE('',#5532,#4159,#5628,.T.);
#5628 = SURFACE_CURVE('',#5629,(#5633,#5639),.PCURVE_S1.);
#5629 = LINE('',#5630,#5631);
#5630 = CARTESIAN_POINT('',(-35.6912446114,26.41013173176,-198.6));
#5631 = VECTOR('',#5632,1.);
#5632 = DIRECTION('',(0.,0.,1.));
#5633 = PCURVE('',#4198,#5634);
#5634 = DEFINITIONAL_REPRESENTATION('',(#5635),#5638);
#5635 = B_SPLINE_CURVE_WITH_KNOTS('',1,(#5636,#5637),.UNSPECIFIED.,.F.,
  .F.,(2,2),(8.05,9.7000006),.PIECEWISE_BEZIER_KNOTS.);
#5636 = CARTESIAN_POINT('',(0.9,14.4));
#5637 = CARTESIAN_POINT('',(-0.7500006,14.4));
#5638 = ( GEOMETRIC_REPRESENTATION_CONTEXT(2) 
PARAMETRIC_REPRESENTATION_CONTEXT() REPRESENTATION_CONTEXT('2D SPACE',''
  ) );
#5639 = PCURVE('',#3825,#5640);
#5640 = DEFINITIONAL_REPRESENTATION('',(#5641),#5644);
#5641 = B_SPLINE_CURVE_WITH_KNOTS('',1,(#5642,#5643),.UNSPECIFIED.,.F.,
  .F.,(2,2),(8.05,9.7000006),.PIECEWISE_BEZIER_KNOTS.);
#5642 = CARTESIAN_POINT('',(2.504547476612,8.05));
#5643 = CARTESIAN_POINT('',(2.504547476612,9.7000006));
#5644 = ( GEOMETRIC_REPRESENTATION_CONTEXT(2) 
PARAMETRIC_REPRESENTATION_CONTEXT() REPRESENTATION_CONTEXT('2D SPACE',''
  ) );
#5645 = ORIENTED_EDGE('',*,*,#5555,.T.);
#5646 = ORIENTED_EDGE('',*,*,#5603,.T.);
#5647 = ORIENTED_EDGE('',*,*,#4182,.F.);
#5648 = ADVANCED_FACE('',(#5649),#4147,.F.);
#5649 = FACE_BOUND('',#5650,.F.);
#5650 = EDGE_LOOP('',(#5651,#5672,#5698,#5717));
#5651 = ORIENTED_EDGE('',*,*,#5652,.F.);
#5652 = EDGE_CURVE('',#5653,#4132,#5655,.T.);
#5653 = VERTEX_POINT('',#5654);
#5654 = CARTESIAN_POINT('',(-26.41013173176,35.691244611404,-190.4));
#5655 = SURFACE_CURVE('',#5656,(#5660,#5666),.PCURVE_S1.);
#5656 = LINE('',#5657,#5658);
#5657 = CARTESIAN_POINT('',(-26.41013173176,35.691244611404,-198.6));
#5658 = VECTOR('',#5659,1.);
#5659 = DIRECTION('',(0.,0.,1.));
#5660 = PCURVE('',#4147,#5661);
#5661 = DEFINITIONAL_REPRESENTATION('',(#5662),#5665);
#5662 = B_SPLINE_CURVE_WITH_KNOTS('',1,(#5663,#5664),.UNSPECIFIED.,.F.,
  .F.,(2,2),(8.05,9.7000006),.PIECEWISE_BEZIER_KNOTS.);
#5663 = CARTESIAN_POINT('',(0.9,14.4));
#5664 = CARTESIAN_POINT('',(-0.7500006,14.4));
#5665 = ( GEOMETRIC_REPRESENTATION_CONTEXT(2) 
PARAMETRIC_REPRESENTATION_CONTEXT() REPRESENTATION_CONTEXT('2D SPACE',''
  ) );
#5666 = PCURVE('',#3825,#5667);
#5667 = DEFINITIONAL_REPRESENTATION('',(#5668),#5671);
#5668 = B_SPLINE_CURVE_WITH_KNOTS('',1,(#5669,#5670),.UNSPECIFIED.,.F.,
  .F.,(2,2),(8.05,9.7000006),.PIECEWISE_BEZIER_KNOTS.);
#5669 = CARTESIAN_POINT('',(2.207841503773,8.05));
#5670 = CARTESIAN_POINT('',(2.207841503773,9.7000006));
#5671 = ( GEOMETRIC_REPRESENTATION_CONTEXT(2) 
PARAMETRIC_REPRESENTATION_CONTEXT() REPRESENTATION_CONTEXT('2D SPACE',''
  ) );
#5672 = ORIENTED_EDGE('',*,*,#5673,.T.);
#5673 = EDGE_CURVE('',#5653,#5674,#5676,.T.);
#5674 = VERTEX_POINT('',#5675);
#5675 = CARTESIAN_POINT('',(-27.71874186261,37.459729704762,-190.4));
#5676 = SURFACE_CURVE('',#5677,(#5681,#5687),.PCURVE_S1.);
#5677 = LINE('',#5678,#5679);
#5678 = CARTESIAN_POINT('',(-8.92234180127,12.057852909258,-190.4));
#5679 = VECTOR('',#5680,1.);
#5680 = DIRECTION('',(-0.594822786751,0.803856860617,0.));
#5681 = PCURVE('',#4147,#5682);
#5682 = DEFINITIONAL_REPRESENTATION('',(#5683),#5686);
#5683 = B_SPLINE_CURVE_WITH_KNOTS('',1,(#5684,#5685),.UNSPECIFIED.,.F.,
  .F.,(2,2),(-15.,42.970519731858),.PIECEWISE_BEZIER_KNOTS.);
#5684 = CARTESIAN_POINT('',(0.75,-30.));
#5685 = CARTESIAN_POINT('',(0.75,27.970519731858));
#5686 = ( GEOMETRIC_REPRESENTATION_CONTEXT(2) 
PARAMETRIC_REPRESENTATION_CONTEXT() REPRESENTATION_CONTEXT('2D SPACE',''
  ) );
#5687 = PCURVE('',#5688,#5693);
#5688 = PLANE('',#5689);
#5689 = AXIS2_PLACEMENT_3D('',#5690,#5691,#5692);
#5690 = CARTESIAN_POINT('',(0.,0.,-190.4));
#5691 = DIRECTION('',(0.,0.,1.));
#5692 = DIRECTION('',(1.,0.,-0.));
#5693 = DEFINITIONAL_REPRESENTATION('',(#5694),#5697);
#5694 = B_SPLINE_CURVE_WITH_KNOTS('',1,(#5695,#5696),.UNSPECIFIED.,.F.,
  .F.,(2,2),(-15.,42.970519731858),.PIECEWISE_BEZIER_KNOTS.);
#5695 = CARTESIAN_POINT('',(0.,1.7763568394E-15));
#5696 = CARTESIAN_POINT('',(-34.48218609632,46.6));
#5697 = ( GEOMETRIC_REPRESENTATION_CONTEXT(2) 
PARAMETRIC_REPRESENTATION_CONTEXT() REPRESENTATION_CONTEXT('2D SPACE',''
  ) );
#5698 = ORIENTED_EDGE('',*,*,#5699,.T.);
#5699 = EDGE_CURVE('',#5674,#4103,#5700,.T.);
#5700 = SURFACE_CURVE('',#5701,(#5705,#5711),.PCURVE_S1.);
#5701 = LINE('',#5702,#5703);
#5702 = CARTESIAN_POINT('',(-27.71874186261,37.459729704762,-190.4));
#5703 = VECTOR('',#5704,1.);
#5704 = DIRECTION('',(0.,0.,1.));
#5705 = PCURVE('',#4147,#5706);
#5706 = DEFINITIONAL_REPRESENTATION('',(#5707),#5710);
#5707 = B_SPLINE_CURVE_WITH_KNOTS('',1,(#5708,#5709),.UNSPECIFIED.,.F.,
  .F.,(2,2),(-5.999999928008E-07,1.5000006),.PIECEWISE_BEZIER_KNOTS.);
#5708 = CARTESIAN_POINT('',(0.7500006,16.6));
#5709 = CARTESIAN_POINT('',(-0.7500006,16.6));
#5710 = ( GEOMETRIC_REPRESENTATION_CONTEXT(2) 
PARAMETRIC_REPRESENTATION_CONTEXT() REPRESENTATION_CONTEXT('2D SPACE',''
  ) );
#5711 = PCURVE('',#4119,#5712);
#5712 = DEFINITIONAL_REPRESENTATION('',(#5713),#5716);
#5713 = B_SPLINE_CURVE_WITH_KNOTS('',1,(#5714,#5715),.UNSPECIFIED.,.F.,
  .F.,(2,2),(-5.999999928008E-07,1.5000006),.PIECEWISE_BEZIER_KNOTS.);
#5714 = CARTESIAN_POINT('',(2.207841503773,-5.999999928008E-07));
#5715 = CARTESIAN_POINT('',(2.207841503773,1.5000006));
#5716 = ( GEOMETRIC_REPRESENTATION_CONTEXT(2) 
PARAMETRIC_REPRESENTATION_CONTEXT() REPRESENTATION_CONTEXT('2D SPACE',''
  ) );
#5717 = ORIENTED_EDGE('',*,*,#4131,.F.);
#5718 = ADVANCED_FACE('',(#5719),#5688,.F.);
#5719 = FACE_BOUND('',#5720,.F.);
#5720 = EDGE_LOOP('',(#5721,#5745,#5766,#5788));
#5721 = ORIENTED_EDGE('',*,*,#5722,.F.);
#5722 = EDGE_CURVE('',#5723,#5653,#5725,.T.);
#5723 = VERTEX_POINT('',#5724);
#5724 = CARTESIAN_POINT('',(-6.562737854155,43.912304333269,-190.4));
#5725 = SURFACE_CURVE('',#5726,(#5731,#5738),.PCURVE_S1.);
#5726 = CIRCLE('',#5727,44.4);
#5727 = AXIS2_PLACEMENT_3D('',#5728,#5729,#5730);
#5728 = CARTESIAN_POINT('',(0.,0.,-190.4));
#5729 = DIRECTION('',(0.,0.,1.));
#5730 = DIRECTION('',(1.,0.,-0.));
#5731 = PCURVE('',#5688,#5732);
#5732 = DEFINITIONAL_REPRESENTATION('',(#5733),#5737);
#5733 = CIRCLE('',#5734,44.4);
#5734 = AXIS2_PLACEMENT_2D('',#5735,#5736);
#5735 = CARTESIAN_POINT('',(0.,0.));
#5736 = DIRECTION('',(1.,0.));
#5737 = ( GEOMETRIC_REPRESENTATION_CONTEXT(2) 
PARAMETRIC_REPRESENTATION_CONTEXT() REPRESENTATION_CONTEXT('2D SPACE',''
  ) );
#5738 = PCURVE('',#3825,#5739);
#5739 = DEFINITIONAL_REPRESENTATION('',(#5740),#5744);
#5740 = LINE('',#5741,#5742);
#5741 = CARTESIAN_POINT('',(0.,8.2));
#5742 = VECTOR('',#5743,1.);
#5743 = DIRECTION('',(1.,0.));
#5744 = ( GEOMETRIC_REPRESENTATION_CONTEXT(2) 
PARAMETRIC_REPRESENTATION_CONTEXT() REPRESENTATION_CONTEXT('2D SPACE',''
  ) );
#5745 = ORIENTED_EDGE('',*,*,#5746,.T.);
#5746 = EDGE_CURVE('',#5723,#5747,#5749,.T.);
#5747 = VERTEX_POINT('',#5748);
#5748 = CARTESIAN_POINT('',(-6.88791855864,46.088139232665,-190.4));
#5749 = SURFACE_CURVE('',#5750,(#5754,#5760),.PCURVE_S1.);
#5750 = LINE('',#5751,#5752);
#5751 = CARTESIAN_POINT('',(-2.217141166944,14.835237950429,-190.4));
#5752 = VECTOR('',#5753,1.);
#5753 = DIRECTION('',(-0.14780941113,0.989015863362,0.));
#5754 = PCURVE('',#5688,#5755);
#5755 = DEFINITIONAL_REPRESENTATION('',(#5756),#5759);
#5756 = B_SPLINE_CURVE_WITH_KNOTS('',1,(#5757,#5758),.UNSPECIFIED.,.F.,
  .F.,(2,2),(-15.,32.117545558465),.PIECEWISE_BEZIER_KNOTS.);
#5757 = CARTESIAN_POINT('',(4.440892098501E-16,-5.329070518201E-15));
#5758 = CARTESIAN_POINT('',(-6.964416662869,46.6));
#5759 = ( GEOMETRIC_REPRESENTATION_CONTEXT(2) 
PARAMETRIC_REPRESENTATION_CONTEXT() REPRESENTATION_CONTEXT('2D SPACE',''
  ) );
#5760 = PCURVE('',#4091,#5761);
#5761 = DEFINITIONAL_REPRESENTATION('',(#5762),#5765);
#5762 = B_SPLINE_CURVE_WITH_KNOTS('',1,(#5763,#5764),.UNSPECIFIED.,.F.,
  .F.,(2,2),(-15.,32.117545558465),.PIECEWISE_BEZIER_KNOTS.);
#5763 = CARTESIAN_POINT('',(0.75,-30.));
#5764 = CARTESIAN_POINT('',(0.75,17.117545558465));
#5765 = ( GEOMETRIC_REPRESENTATION_CONTEXT(2) 
PARAMETRIC_REPRESENTATION_CONTEXT() REPRESENTATION_CONTEXT('2D SPACE',''
  ) );
#5766 = ORIENTED_EDGE('',*,*,#5767,.T.);
#5767 = EDGE_CURVE('',#5747,#5674,#5768,.T.);
#5768 = SURFACE_CURVE('',#5769,(#5774,#5781),.PCURVE_S1.);
#5769 = CIRCLE('',#5770,46.6);
#5770 = AXIS2_PLACEMENT_3D('',#5771,#5772,#5773);
#5771 = CARTESIAN_POINT('',(0.,0.,-190.4));
#5772 = DIRECTION('',(0.,0.,1.));
#5773 = DIRECTION('',(1.,0.,-0.));
#5774 = PCURVE('',#5688,#5775);
#5775 = DEFINITIONAL_REPRESENTATION('',(#5776),#5780);
#5776 = CIRCLE('',#5777,46.6);
#5777 = AXIS2_PLACEMENT_2D('',#5778,#5779);
#5778 = CARTESIAN_POINT('',(0.,0.));
#5779 = DIRECTION('',(1.,0.));
#5780 = ( GEOMETRIC_REPRESENTATION_CONTEXT(2) 
PARAMETRIC_REPRESENTATION_CONTEXT() REPRESENTATION_CONTEXT('2D SPACE',''
  ) );
#5781 = PCURVE('',#4119,#5782);
#5782 = DEFINITIONAL_REPRESENTATION('',(#5783),#5787);
#5783 = LINE('',#5784,#5785);
#5784 = CARTESIAN_POINT('',(0.,0.));
#5785 = VECTOR('',#5786,1.);
#5786 = DIRECTION('',(1.,0.));
#5787 = ( GEOMETRIC_REPRESENTATION_CONTEXT(2) 
PARAMETRIC_REPRESENTATION_CONTEXT() REPRESENTATION_CONTEXT('2D SPACE',''
  ) );
#5788 = ORIENTED_EDGE('',*,*,#5673,.F.);
#5789 = ADVANCED_FACE('',(#5790),#4119,.T.);
#5790 = FACE_BOUND('',#5791,.T.);
#5791 = EDGE_LOOP('',(#5792,#5793,#5812,#5813));
#5792 = ORIENTED_EDGE('',*,*,#4102,.F.);
#5793 = ORIENTED_EDGE('',*,*,#5794,.F.);
#5794 = EDGE_CURVE('',#5747,#4076,#5795,.T.);
#5795 = SURFACE_CURVE('',#5796,(#5800,#5806),.PCURVE_S1.);
#5796 = LINE('',#5797,#5798);
#5797 = CARTESIAN_POINT('',(-6.88791855864,46.088139232665,-190.4));
#5798 = VECTOR('',#5799,1.);
#5799 = DIRECTION('',(0.,0.,1.));
#5800 = PCURVE('',#4119,#5801);
#5801 = DEFINITIONAL_REPRESENTATION('',(#5802),#5805);
#5802 = B_SPLINE_CURVE_WITH_KNOTS('',1,(#5803,#5804),.UNSPECIFIED.,.F.,
  .F.,(2,2),(-5.999999928008E-07,1.5000006),.PIECEWISE_BEZIER_KNOTS.);
#5803 = CARTESIAN_POINT('',(1.719149313214,-5.999999928008E-07));
#5804 = CARTESIAN_POINT('',(1.719149313214,1.5000006));
#5805 = ( GEOMETRIC_REPRESENTATION_CONTEXT(2) 
PARAMETRIC_REPRESENTATION_CONTEXT() REPRESENTATION_CONTEXT('2D SPACE',''
  ) );
#5806 = PCURVE('',#4091,#5807);
#5807 = DEFINITIONAL_REPRESENTATION('',(#5808),#5811);
#5808 = B_SPLINE_CURVE_WITH_KNOTS('',1,(#5809,#5810),.UNSPECIFIED.,.F.,
  .F.,(2,2),(-5.999999928008E-07,1.5000006),.PIECEWISE_BEZIER_KNOTS.);
#5809 = CARTESIAN_POINT('',(0.7500006,16.6));
#5810 = CARTESIAN_POINT('',(-0.7500006,16.6));
#5811 = ( GEOMETRIC_REPRESENTATION_CONTEXT(2) 
PARAMETRIC_REPRESENTATION_CONTEXT() REPRESENTATION_CONTEXT('2D SPACE',''
  ) );
#5812 = ORIENTED_EDGE('',*,*,#5767,.T.);
#5813 = ORIENTED_EDGE('',*,*,#5699,.T.);
#5814 = ADVANCED_FACE('',(#5815),#4091,.T.);
#5815 = FACE_BOUND('',#5816,.T.);
#5816 = EDGE_LOOP('',(#5817,#5836,#5837,#5838));
#5817 = ORIENTED_EDGE('',*,*,#5818,.F.);
#5818 = EDGE_CURVE('',#5723,#4052,#5819,.T.);
#5819 = SURFACE_CURVE('',#5820,(#5824,#5830),.PCURVE_S1.);
#5820 = LINE('',#5821,#5822);
#5821 = CARTESIAN_POINT('',(-6.562737854155,43.912304333269,-198.6));
#5822 = VECTOR('',#5823,1.);
#5823 = DIRECTION('',(0.,0.,1.));
#5824 = PCURVE('',#4091,#5825);
#5825 = DEFINITIONAL_REPRESENTATION('',(#5826),#5829);
#5826 = B_SPLINE_CURVE_WITH_KNOTS('',1,(#5827,#5828),.UNSPECIFIED.,.F.,
  .F.,(2,2),(8.05,9.7000006),.PIECEWISE_BEZIER_KNOTS.);
#5827 = CARTESIAN_POINT('',(0.9,14.4));
#5828 = CARTESIAN_POINT('',(-0.7500006,14.4));
#5829 = ( GEOMETRIC_REPRESENTATION_CONTEXT(2) 
PARAMETRIC_REPRESENTATION_CONTEXT() REPRESENTATION_CONTEXT('2D SPACE',''
  ) );
#5830 = PCURVE('',#3825,#5831);
#5831 = DEFINITIONAL_REPRESENTATION('',(#5832),#5835);
#5832 = B_SPLINE_CURVE_WITH_KNOTS('',1,(#5833,#5834),.UNSPECIFIED.,.F.,
  .F.,(2,2),(8.05,9.7000006),.PIECEWISE_BEZIER_KNOTS.);
#5833 = CARTESIAN_POINT('',(1.719149313214,8.05));
#5834 = CARTESIAN_POINT('',(1.719149313214,9.7000006));
#5835 = ( GEOMETRIC_REPRESENTATION_CONTEXT(2) 
PARAMETRIC_REPRESENTATION_CONTEXT() REPRESENTATION_CONTEXT('2D SPACE',''
  ) );
#5836 = ORIENTED_EDGE('',*,*,#5746,.T.);
#5837 = ORIENTED_EDGE('',*,*,#5794,.T.);
#5838 = ORIENTED_EDGE('',*,*,#4075,.F.);
#5839 = ADVANCED_FACE('',(#5840),#4040,.F.);
#5840 = FACE_BOUND('',#5841,.F.);
#5841 = EDGE_LOOP('',(#5842,#5863,#5889,#5908));
#5842 = ORIENTED_EDGE('',*,*,#5843,.F.);
#5843 = EDGE_CURVE('',#5844,#4025,#5846,.T.);
#5844 = VERTEX_POINT('',#5845);
#5845 = CARTESIAN_POINT('',(6.562737854155,43.912304333269,-190.4));
#5846 = SURFACE_CURVE('',#5847,(#5851,#5857),.PCURVE_S1.);
#5847 = LINE('',#5848,#5849);
#5848 = CARTESIAN_POINT('',(6.562737854155,43.912304333269,-198.6));
#5849 = VECTOR('',#5850,1.);
#5850 = DIRECTION('',(0.,0.,1.));
#5851 = PCURVE('',#4040,#5852);
#5852 = DEFINITIONAL_REPRESENTATION('',(#5853),#5856);
#5853 = B_SPLINE_CURVE_WITH_KNOTS('',1,(#5854,#5855),.UNSPECIFIED.,.F.,
  .F.,(2,2),(8.05,9.7000006),.PIECEWISE_BEZIER_KNOTS.);
#5854 = CARTESIAN_POINT('',(0.9,14.4));
#5855 = CARTESIAN_POINT('',(-0.7500006,14.4));
#5856 = ( GEOMETRIC_REPRESENTATION_CONTEXT(2) 
PARAMETRIC_REPRESENTATION_CONTEXT() REPRESENTATION_CONTEXT('2D SPACE',''
  ) );
#5857 = PCURVE('',#3825,#5858);
#5858 = DEFINITIONAL_REPRESENTATION('',(#5859),#5862);
#5859 = B_SPLINE_CURVE_WITH_KNOTS('',1,(#5860,#5861),.UNSPECIFIED.,.F.,
  .F.,(2,2),(8.05,9.7000006),.PIECEWISE_BEZIER_KNOTS.);
#5860 = CARTESIAN_POINT('',(1.422443340375,8.05));
#5861 = CARTESIAN_POINT('',(1.422443340375,9.7000006));
#5862 = ( GEOMETRIC_REPRESENTATION_CONTEXT(2) 
PARAMETRIC_REPRESENTATION_CONTEXT() REPRESENTATION_CONTEXT('2D SPACE',''
  ) );
#5863 = ORIENTED_EDGE('',*,*,#5864,.T.);
#5864 = EDGE_CURVE('',#5844,#5865,#5867,.T.);
#5865 = VERTEX_POINT('',#5866);
#5866 = CARTESIAN_POINT('',(6.88791855864,46.088139232665,-190.4));
#5867 = SURFACE_CURVE('',#5868,(#5872,#5878),.PCURVE_S1.);
#5868 = LINE('',#5869,#5870);
#5869 = CARTESIAN_POINT('',(2.217141166944,14.835237950429,-190.4));
#5870 = VECTOR('',#5871,1.);
#5871 = DIRECTION('',(0.14780941113,0.989015863362,-0.));
#5872 = PCURVE('',#4040,#5873);
#5873 = DEFINITIONAL_REPRESENTATION('',(#5874),#5877);
#5874 = B_SPLINE_CURVE_WITH_KNOTS('',1,(#5875,#5876),.UNSPECIFIED.,.F.,
  .F.,(2,2),(-15.,32.117545558465),.PIECEWISE_BEZIER_KNOTS.);
#5875 = CARTESIAN_POINT('',(0.75,-30.));
#5876 = CARTESIAN_POINT('',(0.75,17.117545558465));
#5877 = ( GEOMETRIC_REPRESENTATION_CONTEXT(2) 
PARAMETRIC_REPRESENTATION_CONTEXT() REPRESENTATION_CONTEXT('2D SPACE',''
  ) );
#5878 = PCURVE('',#5879,#5884);
#5879 = PLANE('',#5880);
#5880 = AXIS2_PLACEMENT_3D('',#5881,#5882,#5883);
#5881 = CARTESIAN_POINT('',(0.,0.,-190.4));
#5882 = DIRECTION('',(0.,0.,1.));
#5883 = DIRECTION('',(1.,0.,-0.));
#5884 = DEFINITIONAL_REPRESENTATION('',(#5885),#5888);
#5885 = B_SPLINE_CURVE_WITH_KNOTS('',1,(#5886,#5887),.UNSPECIFIED.,.F.,
  .F.,(2,2),(-15.,32.117545558465),.PIECEWISE_BEZIER_KNOTS.);
#5886 = CARTESIAN_POINT('',(0.,0.));
#5887 = CARTESIAN_POINT('',(6.964416662869,46.6));
#5888 = ( GEOMETRIC_REPRESENTATION_CONTEXT(2) 
PARAMETRIC_REPRESENTATION_CONTEXT() REPRESENTATION_CONTEXT('2D SPACE',''
  ) );
#5889 = ORIENTED_EDGE('',*,*,#5890,.T.);
#5890 = EDGE_CURVE('',#5865,#3996,#5891,.T.);
#5891 = SURFACE_CURVE('',#5892,(#5896,#5902),.PCURVE_S1.);
#5892 = LINE('',#5893,#5894);
#5893 = CARTESIAN_POINT('',(6.88791855864,46.088139232665,-190.4));
#5894 = VECTOR('',#5895,1.);
#5895 = DIRECTION('',(0.,0.,1.));
#5896 = PCURVE('',#4040,#5897);
#5897 = DEFINITIONAL_REPRESENTATION('',(#5898),#5901);
#5898 = B_SPLINE_CURVE_WITH_KNOTS('',1,(#5899,#5900),.UNSPECIFIED.,.F.,
  .F.,(2,2),(-5.999999928008E-07,1.5000006),.PIECEWISE_BEZIER_KNOTS.);
#5899 = CARTESIAN_POINT('',(0.7500006,16.6));
#5900 = CARTESIAN_POINT('',(-0.7500006,16.6));
#5901 = ( GEOMETRIC_REPRESENTATION_CONTEXT(2) 
PARAMETRIC_REPRESENTATION_CONTEXT() REPRESENTATION_CONTEXT('2D SPACE',''
  ) );
#5902 = PCURVE('',#4012,#5903);
#5903 = DEFINITIONAL_REPRESENTATION('',(#5904),#5907);
#5904 = B_SPLINE_CURVE_WITH_KNOTS('',1,(#5905,#5906),.UNSPECIFIED.,.F.,
  .F.,(2,2),(-5.999999928008E-07,1.5000006),.PIECEWISE_BEZIER_KNOTS.);
#5905 = CARTESIAN_POINT('',(1.422443340375,-5.999999928008E-07));
#5906 = CARTESIAN_POINT('',(1.422443340375,1.5000006));
#5907 = ( GEOMETRIC_REPRESENTATION_CONTEXT(2) 
PARAMETRIC_REPRESENTATION_CONTEXT() REPRESENTATION_CONTEXT('2D SPACE',''
  ) );
#5908 = ORIENTED_EDGE('',*,*,#4024,.F.);
#5909 = ADVANCED_FACE('',(#5910),#5879,.F.);
#5910 = FACE_BOUND('',#5911,.F.);
#5911 = EDGE_LOOP('',(#5912,#5936,#5957,#5979));
#5912 = ORIENTED_EDGE('',*,*,#5913,.F.);
#5913 = EDGE_CURVE('',#5914,#5844,#5916,.T.);
#5914 = VERTEX_POINT('',#5915);
#5915 = CARTESIAN_POINT('',(26.41013173176,35.691244611404,-190.4));
#5916 = SURFACE_CURVE('',#5917,(#5922,#5929),.PCURVE_S1.);
#5917 = CIRCLE('',#5918,44.4);
#5918 = AXIS2_PLACEMENT_3D('',#5919,#5920,#5921);
#5919 = CARTESIAN_POINT('',(0.,0.,-190.4));
#5920 = DIRECTION('',(0.,0.,1.));
#5921 = DIRECTION('',(1.,0.,-0.));
#5922 = PCURVE('',#5879,#5923);
#5923 = DEFINITIONAL_REPRESENTATION('',(#5924),#5928);
#5924 = CIRCLE('',#5925,44.4);
#5925 = AXIS2_PLACEMENT_2D('',#5926,#5927);
#5926 = CARTESIAN_POINT('',(0.,0.));
#5927 = DIRECTION('',(1.,0.));
#5928 = ( GEOMETRIC_REPRESENTATION_CONTEXT(2) 
PARAMETRIC_REPRESENTATION_CONTEXT() REPRESENTATION_CONTEXT('2D SPACE',''
  ) );
#5929 = PCURVE('',#3825,#5930);
#5930 = DEFINITIONAL_REPRESENTATION('',(#5931),#5935);
#5931 = LINE('',#5932,#5933);
#5932 = CARTESIAN_POINT('',(0.,8.2));
#5933 = VECTOR('',#5934,1.);
#5934 = DIRECTION('',(1.,0.));
#5935 = ( GEOMETRIC_REPRESENTATION_CONTEXT(2) 
PARAMETRIC_REPRESENTATION_CONTEXT() REPRESENTATION_CONTEXT('2D SPACE',''
  ) );
#5936 = ORIENTED_EDGE('',*,*,#5937,.T.);
#5937 = EDGE_CURVE('',#5914,#5938,#5940,.T.);
#5938 = VERTEX_POINT('',#5939);
#5939 = CARTESIAN_POINT('',(27.718741862613,37.459729704762,-190.4));
#5940 = SURFACE_CURVE('',#5941,(#5945,#5951),.PCURVE_S1.);
#5941 = LINE('',#5942,#5943);
#5942 = CARTESIAN_POINT('',(8.92234180127,12.057852909258,-190.4));
#5943 = VECTOR('',#5944,1.);
#5944 = DIRECTION('',(0.594822786751,0.803856860617,-0.));
#5945 = PCURVE('',#5879,#5946);
#5946 = DEFINITIONAL_REPRESENTATION('',(#5947),#5950);
#5947 = B_SPLINE_CURVE_WITH_KNOTS('',1,(#5948,#5949),.UNSPECIFIED.,.F.,
  .F.,(2,2),(-15.,42.970519731858),.PIECEWISE_BEZIER_KNOTS.);
#5948 = CARTESIAN_POINT('',(-1.7763568394E-15,-3.552713678801E-15));
#5949 = CARTESIAN_POINT('',(34.482186096328,46.6));
#5950 = ( GEOMETRIC_REPRESENTATION_CONTEXT(2) 
PARAMETRIC_REPRESENTATION_CONTEXT() REPRESENTATION_CONTEXT('2D SPACE',''
  ) );
#5951 = PCURVE('',#3984,#5952);
#5952 = DEFINITIONAL_REPRESENTATION('',(#5953),#5956);
#5953 = B_SPLINE_CURVE_WITH_KNOTS('',1,(#5954,#5955),.UNSPECIFIED.,.F.,
  .F.,(2,2),(-15.,42.970519731858),.PIECEWISE_BEZIER_KNOTS.);
#5954 = CARTESIAN_POINT('',(0.75,-30.));
#5955 = CARTESIAN_POINT('',(0.75,27.970519731858));
#5956 = ( GEOMETRIC_REPRESENTATION_CONTEXT(2) 
PARAMETRIC_REPRESENTATION_CONTEXT() REPRESENTATION_CONTEXT('2D SPACE',''
  ) );
#5957 = ORIENTED_EDGE('',*,*,#5958,.T.);
#5958 = EDGE_CURVE('',#5938,#5865,#5959,.T.);
#5959 = SURFACE_CURVE('',#5960,(#5965,#5972),.PCURVE_S1.);
#5960 = CIRCLE('',#5961,46.6);
#5961 = AXIS2_PLACEMENT_3D('',#5962,#5963,#5964);
#5962 = CARTESIAN_POINT('',(0.,0.,-190.4));
#5963 = DIRECTION('',(0.,0.,1.));
#5964 = DIRECTION('',(1.,0.,-0.));
#5965 = PCURVE('',#5879,#5966);
#5966 = DEFINITIONAL_REPRESENTATION('',(#5967),#5971);
#5967 = CIRCLE('',#5968,46.6);
#5968 = AXIS2_PLACEMENT_2D('',#5969,#5970);
#5969 = CARTESIAN_POINT('',(0.,0.));
#5970 = DIRECTION('',(1.,0.));
#5971 = ( GEOMETRIC_REPRESENTATION_CONTEXT(2) 
PARAMETRIC_REPRESENTATION_CONTEXT() REPRESENTATION_CONTEXT('2D SPACE',''
  ) );
#5972 = PCURVE('',#4012,#5973);
#5973 = DEFINITIONAL_REPRESENTATION('',(#5974),#5978);
#5974 = LINE('',#5975,#5976);
#5975 = CARTESIAN_POINT('',(0.,0.));
#5976 = VECTOR('',#5977,1.);
#5977 = DIRECTION('',(1.,0.));
#5978 = ( GEOMETRIC_REPRESENTATION_CONTEXT(2) 
PARAMETRIC_REPRESENTATION_CONTEXT() REPRESENTATION_CONTEXT('2D SPACE',''
  ) );
#5979 = ORIENTED_EDGE('',*,*,#5864,.F.);
#5980 = ADVANCED_FACE('',(#5981),#4012,.T.);
#5981 = FACE_BOUND('',#5982,.T.);
#5982 = EDGE_LOOP('',(#5983,#5984,#6003,#6004));
#5983 = ORIENTED_EDGE('',*,*,#3995,.F.);
#5984 = ORIENTED_EDGE('',*,*,#5985,.F.);
#5985 = EDGE_CURVE('',#5938,#3969,#5986,.T.);
#5986 = SURFACE_CURVE('',#5987,(#5991,#5997),.PCURVE_S1.);
#5987 = LINE('',#5988,#5989);
#5988 = CARTESIAN_POINT('',(27.718741862613,37.459729704762,-190.4));
#5989 = VECTOR('',#5990,1.);
#5990 = DIRECTION('',(0.,0.,1.));
#5991 = PCURVE('',#4012,#5992);
#5992 = DEFINITIONAL_REPRESENTATION('',(#5993),#5996);
#5993 = B_SPLINE_CURVE_WITH_KNOTS('',1,(#5994,#5995),.UNSPECIFIED.,.F.,
  .F.,(2,2),(-5.999999928008E-07,1.5000006),.PIECEWISE_BEZIER_KNOTS.);
#5994 = CARTESIAN_POINT('',(0.933751149817,-5.999999928008E-07));
#5995 = CARTESIAN_POINT('',(0.933751149817,1.5000006));
#5996 = ( GEOMETRIC_REPRESENTATION_CONTEXT(2) 
PARAMETRIC_REPRESENTATION_CONTEXT() REPRESENTATION_CONTEXT('2D SPACE',''
  ) );
#5997 = PCURVE('',#3984,#5998);
#5998 = DEFINITIONAL_REPRESENTATION('',(#5999),#6002);
#5999 = B_SPLINE_CURVE_WITH_KNOTS('',1,(#6000,#6001),.UNSPECIFIED.,.F.,
  .F.,(2,2),(-5.999999928008E-07,1.5000006),.PIECEWISE_BEZIER_KNOTS.);
#6000 = CARTESIAN_POINT('',(0.7500006,16.6));
#6001 = CARTESIAN_POINT('',(-0.7500006,16.6));
#6002 = ( GEOMETRIC_REPRESENTATION_CONTEXT(2) 
PARAMETRIC_REPRESENTATION_CONTEXT() REPRESENTATION_CONTEXT('2D SPACE',''
  ) );
#6003 = ORIENTED_EDGE('',*,*,#5958,.T.);
#6004 = ORIENTED_EDGE('',*,*,#5890,.T.);
#6005 = ADVANCED_FACE('',(#6006),#3984,.T.);
#6006 = FACE_BOUND('',#6007,.T.);
#6007 = EDGE_LOOP('',(#6008,#6027,#6028,#6029));
#6008 = ORIENTED_EDGE('',*,*,#6009,.F.);
#6009 = EDGE_CURVE('',#5914,#3945,#6010,.T.);
#6010 = SURFACE_CURVE('',#6011,(#6015,#6021),.PCURVE_S1.);
#6011 = LINE('',#6012,#6013);
#6012 = CARTESIAN_POINT('',(26.41013173176,35.691244611404,-198.6));
#6013 = VECTOR('',#6014,1.);
#6014 = DIRECTION('',(0.,0.,1.));
#6015 = PCURVE('',#3984,#6016);
#6016 = DEFINITIONAL_REPRESENTATION('',(#6017),#6020);
#6017 = B_SPLINE_CURVE_WITH_KNOTS('',1,(#6018,#6019),.UNSPECIFIED.,.F.,
  .F.,(2,2),(8.05,9.7000006),.PIECEWISE_BEZIER_KNOTS.);
#6018 = CARTESIAN_POINT('',(0.9,14.4));
#6019 = CARTESIAN_POINT('',(-0.7500006,14.4));
#6020 = ( GEOMETRIC_REPRESENTATION_CONTEXT(2) 
PARAMETRIC_REPRESENTATION_CONTEXT() REPRESENTATION_CONTEXT('2D SPACE',''
  ) );
#6021 = PCURVE('',#3825,#6022);
#6022 = DEFINITIONAL_REPRESENTATION('',(#6023),#6026);
#6023 = B_SPLINE_CURVE_WITH_KNOTS('',1,(#6024,#6025),.UNSPECIFIED.,.F.,
  .F.,(2,2),(8.05,9.7000006),.PIECEWISE_BEZIER_KNOTS.);
#6024 = CARTESIAN_POINT('',(0.933751149817,8.05));
#6025 = CARTESIAN_POINT('',(0.933751149817,9.7000006));
#6026 = ( GEOMETRIC_REPRESENTATION_CONTEXT(2) 
PARAMETRIC_REPRESENTATION_CONTEXT() REPRESENTATION_CONTEXT('2D SPACE',''
  ) );
#6027 = ORIENTED_EDGE('',*,*,#5937,.T.);
#6028 = ORIENTED_EDGE('',*,*,#5985,.T.);
#6029 = ORIENTED_EDGE('',*,*,#3968,.F.);
#6030 = ADVANCED_FACE('',(#6031),#3933,.F.);
#6031 = FACE_BOUND('',#6032,.F.);
#6032 = EDGE_LOOP('',(#6033,#6054,#6080,#6099));
#6033 = ORIENTED_EDGE('',*,*,#6034,.F.);
#6034 = EDGE_CURVE('',#6035,#3918,#6037,.T.);
#6035 = VERTEX_POINT('',#6036);
#6036 = CARTESIAN_POINT('',(35.691244611404,26.41013173176,-190.4));
#6037 = SURFACE_CURVE('',#6038,(#6042,#6048),.PCURVE_S1.);
#6038 = LINE('',#6039,#6040);
#6039 = CARTESIAN_POINT('',(35.691244611404,26.41013173176,-198.6));
#6040 = VECTOR('',#6041,1.);
#6041 = DIRECTION('',(0.,0.,1.));
#6042 = PCURVE('',#3933,#6043);
#6043 = DEFINITIONAL_REPRESENTATION('',(#6044),#6047);
#6044 = B_SPLINE_CURVE_WITH_KNOTS('',1,(#6045,#6046),.UNSPECIFIED.,.F.,
  .F.,(2,2),(8.05,9.7000006),.PIECEWISE_BEZIER_KNOTS.);
#6045 = CARTESIAN_POINT('',(0.9,14.4));
#6046 = CARTESIAN_POINT('',(-0.7500006,14.4));
#6047 = ( GEOMETRIC_REPRESENTATION_CONTEXT(2) 
PARAMETRIC_REPRESENTATION_CONTEXT() REPRESENTATION_CONTEXT('2D SPACE',''
  ) );
#6048 = PCURVE('',#3825,#6049);
#6049 = DEFINITIONAL_REPRESENTATION('',(#6050),#6053);
#6050 = B_SPLINE_CURVE_WITH_KNOTS('',1,(#6051,#6052),.UNSPECIFIED.,.F.,
  .F.,(2,2),(8.05,9.7000006),.PIECEWISE_BEZIER_KNOTS.);
#6051 = CARTESIAN_POINT('',(0.637045176978,8.05));
#6052 = CARTESIAN_POINT('',(0.637045176978,9.7000006));
#6053 = ( GEOMETRIC_REPRESENTATION_CONTEXT(2) 
PARAMETRIC_REPRESENTATION_CONTEXT() REPRESENTATION_CONTEXT('2D SPACE',''
  ) );
#6054 = ORIENTED_EDGE('',*,*,#6055,.T.);
#6055 = EDGE_CURVE('',#6035,#6056,#6058,.T.);
#6056 = VERTEX_POINT('',#6057);
#6057 = CARTESIAN_POINT('',(37.459729704762,27.718741862613,-190.4));
#6058 = SURFACE_CURVE('',#6059,(#6063,#6069),.PCURVE_S1.);
#6059 = LINE('',#6060,#6061);
#6060 = CARTESIAN_POINT('',(12.057852909258,8.92234180127,-190.4));
#6061 = VECTOR('',#6062,1.);
#6062 = DIRECTION('',(0.803856860617,0.594822786751,-0.));
#6063 = PCURVE('',#3933,#6064);
#6064 = DEFINITIONAL_REPRESENTATION('',(#6065),#6068);
#6065 = B_SPLINE_CURVE_WITH_KNOTS('',1,(#6066,#6067),.UNSPECIFIED.,.F.,
  .F.,(2,2),(-15.,42.970519731858),.PIECEWISE_BEZIER_KNOTS.);
#6066 = CARTESIAN_POINT('',(0.75,-30.));
#6067 = CARTESIAN_POINT('',(0.75,27.970519731858));
#6068 = ( GEOMETRIC_REPRESENTATION_CONTEXT(2) 
PARAMETRIC_REPRESENTATION_CONTEXT() REPRESENTATION_CONTEXT('2D SPACE',''
  ) );
#6069 = PCURVE('',#6070,#6075);
#6070 = PLANE('',#6071);
#6071 = AXIS2_PLACEMENT_3D('',#6072,#6073,#6074);
#6072 = CARTESIAN_POINT('',(0.,0.,-190.4));
#6073 = DIRECTION('',(0.,0.,1.));
#6074 = DIRECTION('',(1.,0.,-0.));
#6075 = DEFINITIONAL_REPRESENTATION('',(#6076),#6079);
#6076 = B_SPLINE_CURVE_WITH_KNOTS('',1,(#6077,#6078),.UNSPECIFIED.,.F.,
  .F.,(2,2),(-15.,42.970519731858),.PIECEWISE_BEZIER_KNOTS.);
#6077 = CARTESIAN_POINT('',(-1.7763568394E-15,-3.552713678801E-15));
#6078 = CARTESIAN_POINT('',(46.6,34.482186096328));
#6079 = ( GEOMETRIC_REPRESENTATION_CONTEXT(2) 
PARAMETRIC_REPRESENTATION_CONTEXT() REPRESENTATION_CONTEXT('2D SPACE',''
  ) );
#6080 = ORIENTED_EDGE('',*,*,#6081,.T.);
#6081 = EDGE_CURVE('',#6056,#3889,#6082,.T.);
#6082 = SURFACE_CURVE('',#6083,(#6087,#6093),.PCURVE_S1.);
#6083 = LINE('',#6084,#6085);
#6084 = CARTESIAN_POINT('',(37.459729704762,27.718741862613,-190.4));
#6085 = VECTOR('',#6086,1.);
#6086 = DIRECTION('',(0.,0.,1.));
#6087 = PCURVE('',#3933,#6088);
#6088 = DEFINITIONAL_REPRESENTATION('',(#6089),#6092);
#6089 = B_SPLINE_CURVE_WITH_KNOTS('',1,(#6090,#6091),.UNSPECIFIED.,.F.,
  .F.,(2,2),(-5.999999928008E-07,1.5000006),.PIECEWISE_BEZIER_KNOTS.);
#6090 = CARTESIAN_POINT('',(0.7500006,16.6));
#6091 = CARTESIAN_POINT('',(-0.7500006,16.6));
#6092 = ( GEOMETRIC_REPRESENTATION_CONTEXT(2) 
PARAMETRIC_REPRESENTATION_CONTEXT() REPRESENTATION_CONTEXT('2D SPACE',''
  ) );
#6093 = PCURVE('',#3905,#6094);
#6094 = DEFINITIONAL_REPRESENTATION('',(#6095),#6098);
#6095 = B_SPLINE_CURVE_WITH_KNOTS('',1,(#6096,#6097),.UNSPECIFIED.,.F.,
  .F.,(2,2),(-5.999999928008E-07,1.5000006),.PIECEWISE_BEZIER_KNOTS.);
#6096 = CARTESIAN_POINT('',(0.637045176978,-5.999999928008E-07));
#6097 = CARTESIAN_POINT('',(0.637045176978,1.5000006));
#6098 = ( GEOMETRIC_REPRESENTATION_CONTEXT(2) 
PARAMETRIC_REPRESENTATION_CONTEXT() REPRESENTATION_CONTEXT('2D SPACE',''
  ) );
#6099 = ORIENTED_EDGE('',*,*,#3917,.F.);
#6100 = ADVANCED_FACE('',(#6101),#6070,.F.);
#6101 = FACE_BOUND('',#6102,.F.);
#6102 = EDGE_LOOP('',(#6103,#6127,#6148,#6170));
#6103 = ORIENTED_EDGE('',*,*,#6104,.F.);
#6104 = EDGE_CURVE('',#6105,#6035,#6107,.T.);
#6105 = VERTEX_POINT('',#6106);
#6106 = CARTESIAN_POINT('',(43.912304333269,6.562737854155,-190.4));
#6107 = SURFACE_CURVE('',#6108,(#6113,#6120),.PCURVE_S1.);
#6108 = CIRCLE('',#6109,44.4);
#6109 = AXIS2_PLACEMENT_3D('',#6110,#6111,#6112);
#6110 = CARTESIAN_POINT('',(0.,0.,-190.4));
#6111 = DIRECTION('',(0.,0.,1.));
#6112 = DIRECTION('',(1.,0.,-0.));
#6113 = PCURVE('',#6070,#6114);
#6114 = DEFINITIONAL_REPRESENTATION('',(#6115),#6119);
#6115 = CIRCLE('',#6116,44.4);
#6116 = AXIS2_PLACEMENT_2D('',#6117,#6118);
#6117 = CARTESIAN_POINT('',(0.,0.));
#6118 = DIRECTION('',(1.,0.));
#6119 = ( GEOMETRIC_REPRESENTATION_CONTEXT(2) 
PARAMETRIC_REPRESENTATION_CONTEXT() REPRESENTATION_CONTEXT('2D SPACE',''
  ) );
#6120 = PCURVE('',#3825,#6121);
#6121 = DEFINITIONAL_REPRESENTATION('',(#6122),#6126);
#6122 = LINE('',#6123,#6124);
#6123 = CARTESIAN_POINT('',(0.,8.2));
#6124 = VECTOR('',#6125,1.);
#6125 = DIRECTION('',(1.,0.));
#6126 = ( GEOMETRIC_REPRESENTATION_CONTEXT(2) 
PARAMETRIC_REPRESENTATION_CONTEXT() REPRESENTATION_CONTEXT('2D SPACE',''
  ) );
#6127 = ORIENTED_EDGE('',*,*,#6128,.T.);
#6128 = EDGE_CURVE('',#6105,#6129,#6131,.T.);
#6129 = VERTEX_POINT('',#6130);
#6130 = CARTESIAN_POINT('',(46.088139232665,6.88791855864,-190.4));
#6131 = SURFACE_CURVE('',#6132,(#6136,#6142),.PCURVE_S1.);
#6132 = LINE('',#6133,#6134);
#6133 = CARTESIAN_POINT('',(14.835237950429,2.217141166944,-190.4));
#6134 = VECTOR('',#6135,1.);
#6135 = DIRECTION('',(0.989015863362,0.14780941113,-0.));
#6136 = PCURVE('',#6070,#6137);
#6137 = DEFINITIONAL_REPRESENTATION('',(#6138),#6141);
#6138 = B_SPLINE_CURVE_WITH_KNOTS('',1,(#6139,#6140),.UNSPECIFIED.,.F.,
  .F.,(2,2),(-15.,32.117545558465),.PIECEWISE_BEZIER_KNOTS.);
#6139 = CARTESIAN_POINT('',(1.7763568394E-15,0.));
#6140 = CARTESIAN_POINT('',(46.6,6.964416662869));
#6141 = ( GEOMETRIC_REPRESENTATION_CONTEXT(2) 
PARAMETRIC_REPRESENTATION_CONTEXT() REPRESENTATION_CONTEXT('2D SPACE',''
  ) );
#6142 = PCURVE('',#3877,#6143);
#6143 = DEFINITIONAL_REPRESENTATION('',(#6144),#6147);
#6144 = B_SPLINE_CURVE_WITH_KNOTS('',1,(#6145,#6146),.UNSPECIFIED.,.F.,
  .F.,(2,2),(-15.,32.117545558465),.PIECEWISE_BEZIER_KNOTS.);
#6145 = CARTESIAN_POINT('',(0.75,-30.));
#6146 = CARTESIAN_POINT('',(0.75,17.117545558465));
#6147 = ( GEOMETRIC_REPRESENTATION_CONTEXT(2) 
PARAMETRIC_REPRESENTATION_CONTEXT() REPRESENTATION_CONTEXT('2D SPACE',''
  ) );
#6148 = ORIENTED_EDGE('',*,*,#6149,.T.);
#6149 = EDGE_CURVE('',#6129,#6056,#6150,.T.);
#6150 = SURFACE_CURVE('',#6151,(#6156,#6163),.PCURVE_S1.);
#6151 = CIRCLE('',#6152,46.6);
#6152 = AXIS2_PLACEMENT_3D('',#6153,#6154,#6155);
#6153 = CARTESIAN_POINT('',(0.,0.,-190.4));
#6154 = DIRECTION('',(0.,0.,1.));
#6155 = DIRECTION('',(1.,0.,-0.));
#6156 = PCURVE('',#6070,#6157);
#6157 = DEFINITIONAL_REPRESENTATION('',(#6158),#6162);
#6158 = CIRCLE('',#6159,46.6);
#6159 = AXIS2_PLACEMENT_2D('',#6160,#6161);
#6160 = CARTESIAN_POINT('',(0.,0.));
#6161 = DIRECTION('',(1.,0.));
#6162 = ( GEOMETRIC_REPRESENTATION_CONTEXT(2) 
PARAMETRIC_REPRESENTATION_CONTEXT() REPRESENTATION_CONTEXT('2D SPACE',''
  ) );
#6163 = PCURVE('',#3905,#6164);
#6164 = DEFINITIONAL_REPRESENTATION('',(#6165),#6169);
#6165 = LINE('',#6166,#6167);
#6166 = CARTESIAN_POINT('',(0.,0.));
#6167 = VECTOR('',#6168,1.);
#6168 = DIRECTION('',(1.,0.));
#6169 = ( GEOMETRIC_REPRESENTATION_CONTEXT(2) 
PARAMETRIC_REPRESENTATION_CONTEXT() REPRESENTATION_CONTEXT('2D SPACE',''
  ) );
#6170 = ORIENTED_EDGE('',*,*,#6055,.F.);
#6171 = ADVANCED_FACE('',(#6172),#3905,.T.);
#6172 = FACE_BOUND('',#6173,.T.);
#6173 = EDGE_LOOP('',(#6174,#6175,#6194,#6195));
#6174 = ORIENTED_EDGE('',*,*,#3888,.F.);
#6175 = ORIENTED_EDGE('',*,*,#6176,.F.);
#6176 = EDGE_CURVE('',#6129,#3862,#6177,.T.);
#6177 = SURFACE_CURVE('',#6178,(#6182,#6188),.PCURVE_S1.);
#6178 = LINE('',#6179,#6180);
#6179 = CARTESIAN_POINT('',(46.088139232665,6.88791855864,-190.4));
#6180 = VECTOR('',#6181,1.);
#6181 = DIRECTION('',(0.,0.,1.));
#6182 = PCURVE('',#3905,#6183);
#6183 = DEFINITIONAL_REPRESENTATION('',(#6184),#6187);
#6184 = B_SPLINE_CURVE_WITH_KNOTS('',1,(#6185,#6186),.UNSPECIFIED.,.F.,
  .F.,(2,2),(-5.999999928008E-07,1.5000006),.PIECEWISE_BEZIER_KNOTS.);
#6185 = CARTESIAN_POINT('',(0.14835298642,-5.999999928008E-07));
#6186 = CARTESIAN_POINT('',(0.14835298642,1.5000006));
#6187 = ( GEOMETRIC_REPRESENTATION_CONTEXT(2) 
PARAMETRIC_REPRESENTATION_CONTEXT() REPRESENTATION_CONTEXT('2D SPACE',''
  ) );
#6188 = PCURVE('',#3877,#6189);
#6189 = DEFINITIONAL_REPRESENTATION('',(#6190),#6193);
#6190 = B_SPLINE_CURVE_WITH_KNOTS('',1,(#6191,#6192),.UNSPECIFIED.,.F.,
  .F.,(2,2),(-5.999999928008E-07,1.5000006),.PIECEWISE_BEZIER_KNOTS.);
#6191 = CARTESIAN_POINT('',(0.7500006,16.6));
#6192 = CARTESIAN_POINT('',(-0.7500006,16.6));
#6193 = ( GEOMETRIC_REPRESENTATION_CONTEXT(2) 
PARAMETRIC_REPRESENTATION_CONTEXT() REPRESENTATION_CONTEXT('2D SPACE',''
  ) );
#6194 = ORIENTED_EDGE('',*,*,#6149,.T.);
#6195 = ORIENTED_EDGE('',*,*,#6081,.T.);
#6196 = ADVANCED_FACE('',(#6197),#3877,.T.);
#6197 = FACE_BOUND('',#6198,.T.);
#6198 = EDGE_LOOP('',(#6199,#6218,#6219,#6220));
#6199 = ORIENTED_EDGE('',*,*,#6200,.F.);
#6200 = EDGE_CURVE('',#6105,#3838,#6201,.T.);
#6201 = SURFACE_CURVE('',#6202,(#6206,#6212),.PCURVE_S1.);
#6202 = LINE('',#6203,#6204);
#6203 = CARTESIAN_POINT('',(43.912304333269,6.562737854155,-198.6));
#6204 = VECTOR('',#6205,1.);
#6205 = DIRECTION('',(0.,0.,1.));
#6206 = PCURVE('',#3877,#6207);
#6207 = DEFINITIONAL_REPRESENTATION('',(#6208),#6211);
#6208 = B_SPLINE_CURVE_WITH_KNOTS('',1,(#6209,#6210),.UNSPECIFIED.,.F.,
  .F.,(2,2),(8.05,9.7000006),.PIECEWISE_BEZIER_KNOTS.);
#6209 = CARTESIAN_POINT('',(0.9,14.4));
#6210 = CARTESIAN_POINT('',(-0.7500006,14.4));
#6211 = ( GEOMETRIC_REPRESENTATION_CONTEXT(2) 
PARAMETRIC_REPRESENTATION_CONTEXT() REPRESENTATION_CONTEXT('2D SPACE',''
  ) );
#6212 = PCURVE('',#3825,#6213);
#6213 = DEFINITIONAL_REPRESENTATION('',(#6214),#6217);
#6214 = B_SPLINE_CURVE_WITH_KNOTS('',1,(#6215,#6216),.UNSPECIFIED.,.F.,
  .F.,(2,2),(8.05,9.7000006),.PIECEWISE_BEZIER_KNOTS.);
#6215 = CARTESIAN_POINT('',(0.14835298642,8.05));
#6216 = CARTESIAN_POINT('',(0.14835298642,9.7000006));
#6217 = ( GEOMETRIC_REPRESENTATION_CONTEXT(2) 
PARAMETRIC_REPRESENTATION_CONTEXT() REPRESENTATION_CONTEXT('2D SPACE',''
  ) );
#6218 = ORIENTED_EDGE('',*,*,#6128,.T.);
#6219 = ORIENTED_EDGE('',*,*,#6176,.T.);
#6220 = ORIENTED_EDGE('',*,*,#3861,.F.);
#6221 = ADVANCED_FACE('',(#6222),#3825,.T.);
#6222 = FACE_BOUND('',#6223,.T.);
#6223 = EDGE_LOOP('',(#6224,#6570,#6591,#6592,#6593,#6594,#6595,#6596,
    #6597,#6598,#6599,#6600,#6601,#6602,#6603,#6604,#6605,#6606,#6607,
    #6608,#6609,#6610,#6611,#6612,#6613,#6614,#6615,#6616,#6617,#6618,
    #6619,#6620,#6621,#6622,#6623,#6624,#6625));
#6224 = ORIENTED_EDGE('',*,*,#6225,.F.);
#6225 = EDGE_CURVE('',#6226,#6228,#6230,.T.);
#6226 = VERTEX_POINT('',#6227);
#6227 = CARTESIAN_POINT('',(44.4,-1.087486357643E-14,-195.4861166431));
#6228 = VERTEX_POINT('',#6229);
#6229 = CARTESIAN_POINT('',(-44.4,-5.437431788214E-15,-195.4861166431));
#6230 = SURFACE_CURVE('',#6231,(#6339,#6450),.PCURVE_S1.);
#6231 = B_SPLINE_CURVE_WITH_KNOTS('',8,(#6232,#6233,#6234,#6235,#6236,
    #6237,#6238,#6239,#6240,#6241,#6242,#6243,#6244,#6245,#6246,#6247,
    #6248,#6249,#6250,#6251,#6252,#6253,#6254,#6255,#6256,#6257,#6258,
    #6259,#6260,#6261,#6262,#6263,#6264,#6265,#6266,#6267,#6268,#6269,
    #6270,#6271,#6272,#6273,#6274,#6275,#6276,#6277,#6278,#6279,#6280,
    #6281,#6282,#6283,#6284,#6285,#6286,#6287,#6288,#6289,#6290,#6291,
    #6292,#6293,#6294,#6295,#6296,#6297,#6298,#6299,#6300,#6301,#6302,
    #6303,#6304,#6305,#6306,#6307,#6308,#6309,#6310,#6311,#6312,#6313,
    #6314,#6315,#6316,#6317,#6318,#6319,#6320,#6321,#6322,#6323,#6324,
    #6325,#6326,#6327,#6328,#6329,#6330,#6331,#6332,#6333,#6334,#6335,
    #6336,#6337,#6338),.UNSPECIFIED.,.F.,.F.,(9,7,7,7,7,7,7,7,7,7,7,7,7,
    7,7,9),(0.,5.800123149196E-02,0.116002462984,0.174003694476,
    0.230004889127,0.288006120619,0.34400731527,0.402008546762,
    0.460009778254,0.516010972905,0.574012204397,0.630013399048,
    0.68801463054,0.746015862032,0.798016980238,1.),.UNSPECIFIED.);
#6232 = CARTESIAN_POINT('',(44.4,-1.42108547152E-14,-195.4861166431));
#6233 = CARTESIAN_POINT('',(44.4,-1.011277900297,-195.4861166431));
#6234 = CARTESIAN_POINT('',(44.373676021762,-2.022557791929,
    -195.4861166431));
#6235 = CARTESIAN_POINT('',(44.321028177104,-3.033037376372,
    -195.4861166431));
#6236 = CARTESIAN_POINT('',(44.24208560971,-4.041917007421,
    -195.4861166431));
#6237 = CARTESIAN_POINT('',(44.136906495132,-5.048399691202,
    -195.4861166431));
#6238 = CARTESIAN_POINT('',(44.005578040786,-6.051691086162,
    -195.4861166431));
#6239 = CARTESIAN_POINT('',(43.848216485956,-7.050999503075,
    -195.4861166431));
#6240 = CARTESIAN_POINT('',(43.481717717631,-9.040072307004,
    -195.4861166431));
#6241 = CARTESIAN_POINT('',(43.272579782453,-10.02984061076,
    -195.4861166431));
#6242 = CARTESIAN_POINT('',(43.037698787342,-11.01405181993,
    -195.4861166431));
#6243 = CARTESIAN_POINT('',(42.777248294016,-11.99192480729,
    -195.4861166431));
#6244 = CARTESIAN_POINT('',(42.491429934826,-12.9626863148,
    -195.4861166431));
#6245 = CARTESIAN_POINT('',(42.180473412755,-13.92557095353,
    -195.4861166431));
#6246 = CARTESIAN_POINT('',(41.844636501422,-14.87982120374,
    -195.4861166431));
#6247 = CARTESIAN_POINT('',(41.12377358873,-16.76955362597,
    -195.4861166431));
#6248 = CARTESIAN_POINT('',(40.738746167899,-17.70503951911,
    -195.4861166431));
#6249 = CARTESIAN_POINT('',(40.329408835785,-18.63039552339,
    -195.4861166431));
#6250 = CARTESIAN_POINT('',(39.896073825579,-19.54488489338,
    -195.4861166431));
#6251 = CARTESIAN_POINT('',(39.439079550467,-20.44778370909,
    -195.4861166431));
#6252 = CARTESIAN_POINT('',(38.958790603629,-21.33838087598,
    -195.4861166431));
#6253 = CARTESIAN_POINT('',(38.455597758235,-22.21597812495,
    -195.4861166431));
#6254 = CARTESIAN_POINT('',(37.422365015033,-23.91401191844,
    -195.4861166431));
#6255 = CARTESIAN_POINT('',(36.893847374572,-24.73537902472,
    -195.4861166431));
#6256 = CARTESIAN_POINT('',(36.344740408644,-25.54337462767,
    -195.4861166431));
#6257 = CARTESIAN_POINT('',(35.775439881316,-26.33739704307,
    -195.4861166431));
#6258 = CARTESIAN_POINT('',(35.186361958147,-27.116859606,
    -195.4861166431));
#6259 = CARTESIAN_POINT('',(34.577943206191,-27.88119067085,
    -195.4861166431));
#6260 = CARTESIAN_POINT('',(33.950640593995,-28.6298336113,
    -195.4861166431));
#6261 = CARTESIAN_POINT('',(32.63616141699,-30.12081756785,
    -195.4861166431));
#6262 = CARTESIAN_POINT('',(31.947644118017,-30.86198144991,
    -195.4861166431));
#6263 = CARTESIAN_POINT('',(31.239910248087,-31.58513672748,
    -195.4861166431));
#6264 = CARTESIAN_POINT('',(30.513510483723,-32.28970285015,
    -195.4861166431));
#6265 = CARTESIAN_POINT('',(29.769015524556,-32.97512045619,
    -195.4861166431));
#6266 = CARTESIAN_POINT('',(29.007016093329,-33.64085137251,
    -195.4861166431));
#6267 = CARTESIAN_POINT('',(28.228122935894,-34.28637861465,
    -195.4861166431));
#6268 = CARTESIAN_POINT('',(26.665229805802,-35.5144884344,
    -195.4861166431));
#6269 = CARTESIAN_POINT('',(25.882329309256,-36.09847613296,
    -195.4861166431));
#6270 = CARTESIAN_POINT('',(25.084833053105,-36.66272348638,
    -195.4861166431));
#6271 = CARTESIAN_POINT('',(24.273322601111,-37.20680571627,
    -195.4861166431));
#6272 = CARTESIAN_POINT('',(23.44839335927,-37.73031926197,
    -195.4861166431));
#6273 = CARTESIAN_POINT('',(22.610654575814,-38.23288178058,
    -195.4861166431));
#6274 = CARTESIAN_POINT('',(21.760729341206,-38.71413214696,
    -195.4861166431));
#6275 = CARTESIAN_POINT('',(20.007012969226,-39.64974293789,
    -195.4861166431));
#6276 = CARTESIAN_POINT('',(19.102378793301,-40.10253094435,
    -195.4861166431));
#6277 = CARTESIAN_POINT('',(18.186059973955,-40.53171692669,
    -195.4861166431));
#6278 = CARTESIAN_POINT('',(17.258775750062,-40.93695020151,
    -195.4861166431));
#6279 = CARTESIAN_POINT('',(16.321256685789,-41.31790694842,
    -195.4861166431));
#6280 = CARTESIAN_POINT('',(15.374244670592,-41.67429021009,
    -195.4861166431));
#6281 = CARTESIAN_POINT('',(14.418492919217,-42.00582989217,
    -195.4861166431));
#6282 = CARTESIAN_POINT('',(12.491039024184,-42.61873563455,
    -195.4861166431));
#6283 = CARTESIAN_POINT('',(11.519333085123,-42.90010290174,
    -195.4861166431));
#6284 = CARTESIAN_POINT('',(10.540412762322,-43.15614154673,
    -195.4861166431));
#6285 = CARTESIAN_POINT('',(9.555048933658,-43.38663702186,
    -195.4861166431));
#6286 = CARTESIAN_POINT('',(8.564018747073,-43.59140324997,
    -195.4861166431));
#6287 = CARTESIAN_POINT('',(7.56810562058,-43.77028262442,
    -195.4861166431));
#6288 = CARTESIAN_POINT('',(6.56809924226,-43.92314600908,
    -195.4861166431));
#6289 = CARTESIAN_POINT('',(4.59608847932,-44.17226890305,
    -195.4861166431));
#6290 = CARTESIAN_POINT('',(3.624304075003,-44.27029895502,
    -195.4861166431));
#6291 = CARTESIAN_POINT('',(2.650158631706,-44.34389249906,
    -195.4861166431));
#6292 = CARTESIAN_POINT('',(1.67436937866,-44.39298445576,
    -195.4861166431));
#6293 = CARTESIAN_POINT('',(0.697654499931,-44.4175350615,
    -195.4861166431));
#6294 = CARTESIAN_POINT('',(-0.279266865581,-44.41752986842,
    -195.4861166431));
#6295 = CARTESIAN_POINT('',(-1.25567462414,-44.39297974446,
    -195.4861166431));
#6296 = CARTESIAN_POINT('',(-3.240848339602,-44.29310990471,
    -195.4861166431));
#6297 = CARTESIAN_POINT('',(-4.249528310511,-44.21600810616,
    -195.4861166431));
#6298 = CARTESIAN_POINT('',(-5.256086360331,-44.11265590026,
    -195.4861166431));
#6299 = CARTESIAN_POINT('',(-6.259725317155,-43.98312257156,
    -195.4861166431));
#6300 = CARTESIAN_POINT('',(-7.259652116732,-43.82750626656,
    -195.4861166431));
#6301 = CARTESIAN_POINT('',(-8.255077802478,-43.64593399368,
    -195.4861166431));
#6302 = CARTESIAN_POINT('',(-9.245217525467,-43.43856162326,
    -195.4861166431));
#6303 = CARTESIAN_POINT('',(-11.17943010644,-42.9806201892,
    -195.4861166431));
#6304 = CARTESIAN_POINT('',(-12.12391757787,-42.73178643773,
    -195.4861166431));
#6305 = CARTESIAN_POINT('',(-13.0620504454,-42.45923905233,
    -195.4861166431));
#6306 = CARTESIAN_POINT('',(-13.9931341755,-42.16316849636,
    -195.4861166431));
#6307 = CARTESIAN_POINT('',(-14.91648221445,-41.84378927735,
    -195.4861166431));
#6308 = CARTESIAN_POINT('',(-15.83141598833,-41.50133994703,
    -195.4861166431));
#6309 = CARTESIAN_POINT('',(-16.73726490302,-41.13608310133,
    -195.4861166431));
#6310 = CARTESIAN_POINT('',(-18.56147131502,-40.34667849542,
    -195.4861166431));
#6311 = CARTESIAN_POINT('',(-19.479123601,-39.92089186682,
    -195.4861166431));
#6312 = CARTESIAN_POINT('',(-20.38558693333,-39.47126422836,
    -195.4861166431));
#6313 = CARTESIAN_POINT('',(-21.28013900737,-38.9981399046,
    -195.4861166431));
#6314 = CARTESIAN_POINT('',(-22.16207148258,-38.50188881084,
    -195.4861166431));
#6315 = CARTESIAN_POINT('',(-23.03068998259,-37.98290645318,
    -195.4861166431));
#6316 = CARTESIAN_POINT('',(-23.88531409513,-37.44161392846,
    -195.4861166431));
#6317 = CARTESIAN_POINT('',(-25.565240649,-36.31530192012,
    -195.4861166431));
#6318 = CARTESIAN_POINT('',(-26.39054639832,-35.73028021865,
    -195.4861166431));
#6319 = CARTESIAN_POINT('',(-27.20052829643,-35.12383969324,
    -195.4861166431));
#6320 = CARTESIAN_POINT('',(-27.99453838988,-34.49644985399,
    -195.4861166431));
#6321 = CARTESIAN_POINT('',(-28.77194709537,-33.84860284773,
    -195.4861166431));
#6322 = CARTESIAN_POINT('',(-29.53214319974,-33.18081345801,
    -195.4861166431));
#6323 = CARTESIAN_POINT('',(-30.27453386001,-32.49361910515,
    -195.4861166431));
#6324 = CARTESIAN_POINT('',(-31.64765785963,-31.15457895946,
    -195.4861166431));
#6325 = CARTESIAN_POINT('',(-32.28199922882,-30.5064285308,
    -195.4861166431));
#6326 = CARTESIAN_POINT('',(-32.90115510311,-29.84353198245,
    -195.4861166431));
#6327 = CARTESIAN_POINT('',(-33.50472607969,-29.16630510223,
    -195.4861166431));
#6328 = CARTESIAN_POINT('',(-34.09232696067,-28.47517604358,
    -195.4861166431));
#6329 = CARTESIAN_POINT('',(-34.66358675315,-27.77058532551,
    -195.4861166431));
#6330 = CARTESIAN_POINT('',(-35.21814866913,-27.05298583264,
    -195.4861166431));
#6331 = CARTESIAN_POINT('',(-37.84351382399,-23.48681742538,
    -195.4861166431));
#6332 = CARTESIAN_POINT('',(-39.67486185008,-20.46074062798,
    -195.4861166431));
#6333 = CARTESIAN_POINT('',(-41.22856033989,-17.27282121279,
    -195.4861166431));
#6334 = CARTESIAN_POINT('',(-42.48840544243,-13.95304432212,
    -195.4861166431));
#6335 = CARTESIAN_POINT('',(-43.44199461767,-10.53269405172,
    -195.4861166431));
#6336 = CARTESIAN_POINT('',(-44.08076873921,-7.044316661603,
    -195.4861166431));
#6337 = CARTESIAN_POINT('',(-44.4,-3.521665986491,-195.4861166431));
#6338 = CARTESIAN_POINT('',(-44.4,-7.105427357601E-15,-195.4861166431));
#6339 = PCURVE('',#3825,#6340);
#6340 = DEFINITIONAL_REPRESENTATION('',(#6341),#6449);
#6341 = B_SPLINE_CURVE_WITH_KNOTS('',8,(#6342,#6343,#6344,#6345,#6346,
    #6347,#6348,#6349,#6350,#6351,#6352,#6353,#6354,#6355,#6356,#6357,
    #6358,#6359,#6360,#6361,#6362,#6363,#6364,#6365,#6366,#6367,#6368,
    #6369,#6370,#6371,#6372,#6373,#6374,#6375,#6376,#6377,#6378,#6379,
    #6380,#6381,#6382,#6383,#6384,#6385,#6386,#6387,#6388,#6389,#6390,
    #6391,#6392,#6393,#6394,#6395,#6396,#6397,#6398,#6399,#6400,#6401,
    #6402,#6403,#6404,#6405,#6406,#6407,#6408,#6409,#6410,#6411,#6412,
    #6413,#6414,#6415,#6416,#6417,#6418,#6419,#6420,#6421,#6422,#6423,
    #6424,#6425,#6426,#6427,#6428,#6429,#6430,#6431,#6432,#6433,#6434,
    #6435,#6436,#6437,#6438,#6439,#6440,#6441,#6442,#6443,#6444,#6445,
    #6446,#6447,#6448),.UNSPECIFIED.,.F.,.F.,(9,7,7,7,7,7,7,7,7,7,7,7,7,
    7,7,9),(0.,5.800123149196E-02,0.116002462984,0.174003694476,
    0.230004889127,0.288006120619,0.34400731527,0.402008546762,
    0.460009778254,0.516010972905,0.574012204397,0.630013399048,
    0.68801463054,0.746015862032,0.798016980238,1.),.UNSPECIFIED.);
#6342 = CARTESIAN_POINT('',(6.28318530718,3.113883356832));
#6343 = CARTESIAN_POINT('',(6.260408777894,3.113883356832));
#6344 = CARTESIAN_POINT('',(6.237632233648,3.113883356832));
#6345 = CARTESIAN_POINT('',(6.21485567943,3.113883356832));
#6346 = CARTESIAN_POINT('',(6.192079120226,3.113883356832));
#6347 = CARTESIAN_POINT('',(6.169302561021,3.113883356832));
#6348 = CARTESIAN_POINT('',(6.146526006803,3.113883356832));
#6349 = CARTESIAN_POINT('',(6.123749462557,3.113883356832));
#6350 = CARTESIAN_POINT('',(6.078196403986,3.113883356832));
#6351 = CARTESIAN_POINT('',(6.05541985974,3.113883356832));
#6352 = CARTESIAN_POINT('',(6.032643305522,3.113883356832));
#6353 = CARTESIAN_POINT('',(6.009866746317,3.113883356832));
#6354 = CARTESIAN_POINT('',(5.987090187113,3.113883356832));
#6355 = CARTESIAN_POINT('',(5.964313632895,3.113883356832));
#6356 = CARTESIAN_POINT('',(5.941537088649,3.113883356832));
#6357 = CARTESIAN_POINT('',(5.895984030077,3.113883356832));
#6358 = CARTESIAN_POINT('',(5.873207485832,3.113883356832));
#6359 = CARTESIAN_POINT('',(5.850430931614,3.113883356832));
#6360 = CARTESIAN_POINT('',(5.827654372409,3.113883356832));
#6361 = CARTESIAN_POINT('',(5.804877813205,3.113883356832));
#6362 = CARTESIAN_POINT('',(5.782101258986,3.113883356832));
#6363 = CARTESIAN_POINT('',(5.759324714741,3.113883356832));
#6364 = CARTESIAN_POINT('',(5.714557051522,3.113883356832));
#6365 = CARTESIAN_POINT('',(5.692565905039,3.113883356832));
#6366 = CARTESIAN_POINT('',(5.670574750188,3.113883356832));
#6367 = CARTESIAN_POINT('',(5.648583591155,3.113883356832));
#6368 = CARTESIAN_POINT('',(5.626592432121,3.113883356832));
#6369 = CARTESIAN_POINT('',(5.60460127727,3.113883356832));
#6370 = CARTESIAN_POINT('',(5.582610130787,3.113883356832));
#6371 = CARTESIAN_POINT('',(5.537842467568,3.113883356832));
#6372 = CARTESIAN_POINT('',(5.515065923323,3.113883356832));
#6373 = CARTESIAN_POINT('',(5.492289369105,3.113883356832));
#6374 = CARTESIAN_POINT('',(5.4695128099,3.113883356832));
#6375 = CARTESIAN_POINT('',(5.446736250695,3.113883356832));
#6376 = CARTESIAN_POINT('',(5.423959696477,3.113883356832));
#6377 = CARTESIAN_POINT('',(5.401183152232,3.113883356832));
#6378 = CARTESIAN_POINT('',(5.356415489013,3.113883356832));
#6379 = CARTESIAN_POINT('',(5.33442434253,3.113883356832));
#6380 = CARTESIAN_POINT('',(5.312433187679,3.113883356832));
#6381 = CARTESIAN_POINT('',(5.290442028645,3.113883356832));
#6382 = CARTESIAN_POINT('',(5.268450869611,3.113883356832));
#6383 = CARTESIAN_POINT('',(5.246459714761,3.113883356832));
#6384 = CARTESIAN_POINT('',(5.224468568278,3.113883356832));
#6385 = CARTESIAN_POINT('',(5.179700905059,3.113883356832));
#6386 = CARTESIAN_POINT('',(5.156924360814,3.113883356832));
#6387 = CARTESIAN_POINT('',(5.134147806595,3.113883356832));
#6388 = CARTESIAN_POINT('',(5.111371247391,3.113883356832));
#6389 = CARTESIAN_POINT('',(5.088594688186,3.113883356832));
#6390 = CARTESIAN_POINT('',(5.065818133968,3.113883356832));
#6391 = CARTESIAN_POINT('',(5.043041589723,3.113883356832));
#6392 = CARTESIAN_POINT('',(4.997488531151,3.113883356832));
#6393 = CARTESIAN_POINT('',(4.974711986905,3.113883356832));
#6394 = CARTESIAN_POINT('',(4.951935432687,3.113883356832));
#6395 = CARTESIAN_POINT('',(4.929158873483,3.113883356832));
#6396 = CARTESIAN_POINT('',(4.906382314278,3.113883356832));
#6397 = CARTESIAN_POINT('',(4.88360576006,3.113883356832));
#6398 = CARTESIAN_POINT('',(4.860829215814,3.113883356832));
#6399 = CARTESIAN_POINT('',(4.816061552595,3.113883356832));
#6400 = CARTESIAN_POINT('',(4.794070406112,3.113883356832));
#6401 = CARTESIAN_POINT('',(4.772079251262,3.113883356832));
#6402 = CARTESIAN_POINT('',(4.750088092228,3.113883356832));
#6403 = CARTESIAN_POINT('',(4.728096933194,3.113883356832));
#6404 = CARTESIAN_POINT('',(4.706105778344,3.113883356832));
#6405 = CARTESIAN_POINT('',(4.68411463186,3.113883356832));
#6406 = CARTESIAN_POINT('',(4.639346968641,3.113883356832));
#6407 = CARTESIAN_POINT('',(4.616570424396,3.113883356832));
#6408 = CARTESIAN_POINT('',(4.593793870178,3.113883356832));
#6409 = CARTESIAN_POINT('',(4.571017310973,3.113883356832));
#6410 = CARTESIAN_POINT('',(4.548240751769,3.113883356832));
#6411 = CARTESIAN_POINT('',(4.52546419755,3.113883356832));
#6412 = CARTESIAN_POINT('',(4.502687653305,3.113883356832));
#6413 = CARTESIAN_POINT('',(4.457919990086,3.113883356832));
#6414 = CARTESIAN_POINT('',(4.435928843603,3.113883356832));
#6415 = CARTESIAN_POINT('',(4.413937688752,3.113883356832));
#6416 = CARTESIAN_POINT('',(4.391946529719,3.113883356832));
#6417 = CARTESIAN_POINT('',(4.369955370685,3.113883356832));
#6418 = CARTESIAN_POINT('',(4.347964215834,3.113883356832));
#6419 = CARTESIAN_POINT('',(4.325973069351,3.113883356832));
#6420 = CARTESIAN_POINT('',(4.281205406132,3.113883356832));
#6421 = CARTESIAN_POINT('',(4.258428861887,3.113883356832));
#6422 = CARTESIAN_POINT('',(4.235652307669,3.113883356832));
#6423 = CARTESIAN_POINT('',(4.212875748464,3.113883356832));
#6424 = CARTESIAN_POINT('',(4.190099189259,3.113883356832));
#6425 = CARTESIAN_POINT('',(4.167322635041,3.113883356832));
#6426 = CARTESIAN_POINT('',(4.144546090796,3.113883356832));
#6427 = CARTESIAN_POINT('',(4.098993032224,3.113883356832));
#6428 = CARTESIAN_POINT('',(4.076216487979,3.113883356832));
#6429 = CARTESIAN_POINT('',(4.05343993376,3.113883356832));
#6430 = CARTESIAN_POINT('',(4.030663374556,3.113883356832));
#6431 = CARTESIAN_POINT('',(4.007886815351,3.113883356832));
#6432 = CARTESIAN_POINT('',(3.985110261133,3.113883356832));
#6433 = CARTESIAN_POINT('',(3.962333716888,3.113883356832));
#6434 = CARTESIAN_POINT('',(3.91913684546,3.113883356832));
#6435 = CARTESIAN_POINT('',(3.898716494655,3.113883356832));
#6436 = CARTESIAN_POINT('',(3.878296138075,3.113883356832));
#6437 = CARTESIAN_POINT('',(3.857875778608,3.113883356832));
#6438 = CARTESIAN_POINT('',(3.837455419141,3.113883356832));
#6439 = CARTESIAN_POINT('',(3.817035062562,3.113883356832));
#6440 = CARTESIAN_POINT('',(3.796614711757,3.113883356832));
#6441 = CARTESIAN_POINT('',(3.696877568117,3.113883356832));
#6442 = CARTESIAN_POINT('',(3.617538601513,3.113883356832));
#6443 = CARTESIAN_POINT('',(3.538211095606,3.113883356832));
#6444 = CARTESIAN_POINT('',(3.458893511603,3.113883356832));
#6445 = CARTESIAN_POINT('',(3.379575927599,3.113883356832));
#6446 = CARTESIAN_POINT('',(3.300248421692,3.113883356832));
#6447 = CARTESIAN_POINT('',(3.220909455087,3.113883356832));
#6448 = CARTESIAN_POINT('',(3.14159265359,3.113883356832));
#6449 = ( GEOMETRIC_REPRESENTATION_CONTEXT(2) 
PARAMETRIC_REPRESENTATION_CONTEXT() REPRESENTATION_CONTEXT('2D SPACE',''
  ) );
#6450 = PCURVE('',#6451,#6460);
#6451 = SURFACE_OF_REVOLUTION('',#6452,#6457);
#6452 = ELLIPSE('',#6453,393.8935,196.74);
#6453 = AXIS2_PLACEMENT_3D('',#6454,#6455,#6456);
#6454 = CARTESIAN_POINT('',(0.,0.,0.));
#6455 = DIRECTION('',(-1.224646799147E-16,1.,0.));
#6456 = DIRECTION('',(-1.,-1.224646799147E-16,0.));
#6457 = AXIS1_PLACEMENT('',#6458,#6459);
#6458 = CARTESIAN_POINT('',(0.,0.,0.));
#6459 = DIRECTION('',(0.,0.,1.));
#6460 = DEFINITIONAL_REPRESENTATION('',(#6461),#6569);
#6461 = B_SPLINE_CURVE_WITH_KNOTS('',8,(#6462,#6463,#6464,#6465,#6466,
    #6467,#6468,#6469,#6470,#6471,#6472,#6473,#6474,#6475,#6476,#6477,
    #6478,#6479,#6480,#6481,#6482,#6483,#6484,#6485,#6486,#6487,#6488,
    #6489,#6490,#6491,#6492,#6493,#6494,#6495,#6496,#6497,#6498,#6499,
    #6500,#6501,#6502,#6503,#6504,#6505,#6506,#6507,#6508,#6509,#6510,
    #6511,#6512,#6513,#6514,#6515,#6516,#6517,#6518,#6519,#6520,#6521,
    #6522,#6523,#6524,#6525,#6526,#6527,#6528,#6529,#6530,#6531,#6532,
    #6533,#6534,#6535,#6536,#6537,#6538,#6539,#6540,#6541,#6542,#6543,
    #6544,#6545,#6546,#6547,#6548,#6549,#6550,#6551,#6552,#6553,#6554,
    #6555,#6556,#6557,#6558,#6559,#6560,#6561,#6562,#6563,#6564,#6565,
    #6566,#6567,#6568),.UNSPECIFIED.,.F.,.F.,(9,7,7,7,7,7,7,7,7,7,7,7,7,
    7,7,9),(0.,5.800123149196E-02,0.116002462984,0.174003694476,
    0.230004889127,0.288006120619,0.34400731527,0.402008546762,
    0.460009778254,0.516010972905,0.574012204397,0.630013399048,
    0.68801463054,0.746015862032,0.798016980238,1.),.UNSPECIFIED.);
#6462 = CARTESIAN_POINT('',(3.14159265359,4.825349884758));
#6463 = CARTESIAN_POINT('',(3.118816124304,4.825349884758));
#6464 = CARTESIAN_POINT('',(3.096039580059,4.825349884758));
#6465 = CARTESIAN_POINT('',(3.07326302584,4.825349884758));
#6466 = CARTESIAN_POINT('',(3.050486466636,4.825349884758));
#6467 = CARTESIAN_POINT('',(3.027709907431,4.825349884758));
#6468 = CARTESIAN_POINT('',(3.004933353213,4.825349884758));
#6469 = CARTESIAN_POINT('',(2.982156808968,4.825349884758));
#6470 = CARTESIAN_POINT('',(2.936603750396,4.825349884758));
#6471 = CARTESIAN_POINT('',(2.91382720615,4.825349884758));
#6472 = CARTESIAN_POINT('',(2.891050651932,4.825349884758));
#6473 = CARTESIAN_POINT('',(2.868274092728,4.825349884758));
#6474 = CARTESIAN_POINT('',(2.845497533523,4.825349884758));
#6475 = CARTESIAN_POINT('',(2.822720979305,4.825349884758));
#6476 = CARTESIAN_POINT('',(2.799944435059,4.825349884758));
#6477 = CARTESIAN_POINT('',(2.754391376488,4.825349884758));
#6478 = CARTESIAN_POINT('',(2.731614832242,4.825349884758));
#6479 = CARTESIAN_POINT('',(2.708838278024,4.825349884758));
#6480 = CARTESIAN_POINT('',(2.686061718819,4.825349884758));
#6481 = CARTESIAN_POINT('',(2.663285159615,4.825349884758));
#6482 = CARTESIAN_POINT('',(2.640508605397,4.825349884758));
#6483 = CARTESIAN_POINT('',(2.617732061151,4.825349884758));
#6484 = CARTESIAN_POINT('',(2.572964397932,4.825349884758));
#6485 = CARTESIAN_POINT('',(2.550973251449,4.825349884758));
#6486 = CARTESIAN_POINT('',(2.528982096599,4.825349884758));
#6487 = CARTESIAN_POINT('',(2.506990937565,4.825349884758));
#6488 = CARTESIAN_POINT('',(2.484999778531,4.825349884758));
#6489 = CARTESIAN_POINT('',(2.463008623681,4.825349884758));
#6490 = CARTESIAN_POINT('',(2.441017477197,4.825349884758));
#6491 = CARTESIAN_POINT('',(2.396249813978,4.825349884758));
#6492 = CARTESIAN_POINT('',(2.373473269733,4.825349884758));
#6493 = CARTESIAN_POINT('',(2.350696715515,4.825349884758));
#6494 = CARTESIAN_POINT('',(2.32792015631,4.825349884758));
#6495 = CARTESIAN_POINT('',(2.305143597106,4.825349884758));
#6496 = CARTESIAN_POINT('',(2.282367042887,4.825349884758));
#6497 = CARTESIAN_POINT('',(2.259590498642,4.825349884758));
#6498 = CARTESIAN_POINT('',(2.214822835423,4.825349884758));
#6499 = CARTESIAN_POINT('',(2.19283168894,4.825349884758));
#6500 = CARTESIAN_POINT('',(2.170840534089,4.825349884758));
#6501 = CARTESIAN_POINT('',(2.148849375056,4.825349884758));
#6502 = CARTESIAN_POINT('',(2.126858216022,4.825349884758));
#6503 = CARTESIAN_POINT('',(2.104867061171,4.825349884758));
#6504 = CARTESIAN_POINT('',(2.082875914688,4.825349884758));
#6505 = CARTESIAN_POINT('',(2.038108251469,4.825349884758));
#6506 = CARTESIAN_POINT('',(2.015331707224,4.825349884758));
#6507 = CARTESIAN_POINT('',(1.992555153006,4.825349884758));
#6508 = CARTESIAN_POINT('',(1.969778593801,4.825349884758));
#6509 = CARTESIAN_POINT('',(1.947002034596,4.825349884758));
#6510 = CARTESIAN_POINT('',(1.924225480378,4.825349884758));
#6511 = CARTESIAN_POINT('',(1.901448936133,4.825349884758));
#6512 = CARTESIAN_POINT('',(1.855895877561,4.825349884758));
#6513 = CARTESIAN_POINT('',(1.833119333316,4.825349884758));
#6514 = CARTESIAN_POINT('',(1.810342779097,4.825349884758));
#6515 = CARTESIAN_POINT('',(1.787566219893,4.825349884758));
#6516 = CARTESIAN_POINT('',(1.764789660688,4.825349884758));
#6517 = CARTESIAN_POINT('',(1.74201310647,4.825349884758));
#6518 = CARTESIAN_POINT('',(1.719236562225,4.825349884758));
#6519 = CARTESIAN_POINT('',(1.674468899006,4.825349884758));
#6520 = CARTESIAN_POINT('',(1.652477752522,4.825349884758));
#6521 = CARTESIAN_POINT('',(1.630486597672,4.825349884758));
#6522 = CARTESIAN_POINT('',(1.608495438638,4.825349884758));
#6523 = CARTESIAN_POINT('',(1.586504279604,4.825349884758));
#6524 = CARTESIAN_POINT('',(1.564513124754,4.825349884758));
#6525 = CARTESIAN_POINT('',(1.542521978271,4.825349884758));
#6526 = CARTESIAN_POINT('',(1.497754315052,4.825349884758));
#6527 = CARTESIAN_POINT('',(1.474977770806,4.825349884758));
#6528 = CARTESIAN_POINT('',(1.452201216588,4.825349884758));
#6529 = CARTESIAN_POINT('',(1.429424657383,4.825349884758));
#6530 = CARTESIAN_POINT('',(1.406648098179,4.825349884758));
#6531 = CARTESIAN_POINT('',(1.383871543961,4.825349884758));
#6532 = CARTESIAN_POINT('',(1.361094999715,4.825349884758));
#6533 = CARTESIAN_POINT('',(1.316327336496,4.825349884758));
#6534 = CARTESIAN_POINT('',(1.294336190013,4.825349884758));
#6535 = CARTESIAN_POINT('',(1.272345035163,4.825349884758));
#6536 = CARTESIAN_POINT('',(1.250353876129,4.825349884758));
#6537 = CARTESIAN_POINT('',(1.228362717095,4.825349884758));
#6538 = CARTESIAN_POINT('',(1.206371562245,4.825349884758));
#6539 = CARTESIAN_POINT('',(1.184380415761,4.825349884758));
#6540 = CARTESIAN_POINT('',(1.139612752542,4.825349884758));
#6541 = CARTESIAN_POINT('',(1.116836208297,4.825349884758));
#6542 = CARTESIAN_POINT('',(1.094059654079,4.825349884758));
#6543 = CARTESIAN_POINT('',(1.071283094874,4.825349884758));
#6544 = CARTESIAN_POINT('',(1.04850653567,4.825349884758));
#6545 = CARTESIAN_POINT('',(1.025729981451,4.825349884758));
#6546 = CARTESIAN_POINT('',(1.002953437206,4.825349884758));
#6547 = CARTESIAN_POINT('',(0.957400378634,4.825349884758));
#6548 = CARTESIAN_POINT('',(0.934623834389,4.825349884758));
#6549 = CARTESIAN_POINT('',(0.911847280171,4.825349884758));
#6550 = CARTESIAN_POINT('',(0.889070720966,4.825349884758));
#6551 = CARTESIAN_POINT('',(0.866294161761,4.825349884758));
#6552 = CARTESIAN_POINT('',(0.843517607543,4.825349884758));
#6553 = CARTESIAN_POINT('',(0.820741063298,4.825349884758));
#6554 = CARTESIAN_POINT('',(0.77754419187,4.825349884758));
#6555 = CARTESIAN_POINT('',(0.757123841065,4.825349884758));
#6556 = CARTESIAN_POINT('',(0.736703484486,4.825349884758));
#6557 = CARTESIAN_POINT('',(0.716283125019,4.825349884758));
#6558 = CARTESIAN_POINT('',(0.695862765552,4.825349884758));
#6559 = CARTESIAN_POINT('',(0.675442408972,4.825349884758));
#6560 = CARTESIAN_POINT('',(0.655022058167,4.825349884758));
#6561 = CARTESIAN_POINT('',(0.555284914528,4.825349884758));
#6562 = CARTESIAN_POINT('',(0.475945947923,4.825349884758));
#6563 = CARTESIAN_POINT('',(0.396618442016,4.825349884758));
#6564 = CARTESIAN_POINT('',(0.317300858013,4.825349884758));
#6565 = CARTESIAN_POINT('',(0.237983274009,4.825349884758));
#6566 = CARTESIAN_POINT('',(0.158655768103,4.825349884758));
#6567 = CARTESIAN_POINT('',(7.931680149754E-02,4.825349884758));
#6568 = CARTESIAN_POINT('',(0.,4.825349884758));
#6569 = ( GEOMETRIC_REPRESENTATION_CONTEXT(2) 
PARAMETRIC_REPRESENTATION_CONTEXT() REPRESENTATION_CONTEXT('2D SPACE',''
  ) );
#6570 = ORIENTED_EDGE('',*,*,#6571,.T.);
#6571 = EDGE_CURVE('',#6226,#3809,#6572,.T.);
#6572 = SEAM_CURVE('',#6573,(#6577,#6584),.PCURVE_S1.);
#6573 = LINE('',#6574,#6575);
#6574 = CARTESIAN_POINT('',(44.4,-1.087486357643E-14,-198.6));
#6575 = VECTOR('',#6576,1.);
#6576 = DIRECTION('',(0.,0.,1.));
#6577 = PCURVE('',#3825,#6578);
#6578 = DEFINITIONAL_REPRESENTATION('',(#6579),#6583);
#6579 = LINE('',#6580,#6581);
#6580 = CARTESIAN_POINT('',(0.,-0.));
#6581 = VECTOR('',#6582,1.);
#6582 = DIRECTION('',(0.,1.));
#6583 = ( GEOMETRIC_REPRESENTATION_CONTEXT(2) 
PARAMETRIC_REPRESENTATION_CONTEXT() REPRESENTATION_CONTEXT('2D SPACE',''
  ) );
#6584 = PCURVE('',#3825,#6585);
#6585 = DEFINITIONAL_REPRESENTATION('',(#6586),#6590);
#6586 = LINE('',#6587,#6588);
#6587 = CARTESIAN_POINT('',(6.28318530718,-0.));
#6588 = VECTOR('',#6589,1.);
#6589 = DIRECTION('',(0.,1.));
#6590 = ( GEOMETRIC_REPRESENTATION_CONTEXT(2) 
PARAMETRIC_REPRESENTATION_CONTEXT() REPRESENTATION_CONTEXT('2D SPACE',''
  ) );
#6591 = ORIENTED_EDGE('',*,*,#3806,.F.);
#6592 = ORIENTED_EDGE('',*,*,#4697,.F.);
#6593 = ORIENTED_EDGE('',*,*,#4767,.F.);
#6594 = ORIENTED_EDGE('',*,*,#4863,.T.);
#6595 = ORIENTED_EDGE('',*,*,#4586,.F.);
#6596 = ORIENTED_EDGE('',*,*,#4888,.F.);
#6597 = ORIENTED_EDGE('',*,*,#4958,.F.);
#6598 = ORIENTED_EDGE('',*,*,#5054,.T.);
#6599 = ORIENTED_EDGE('',*,*,#4479,.F.);
#6600 = ORIENTED_EDGE('',*,*,#5079,.F.);
#6601 = ORIENTED_EDGE('',*,*,#5149,.F.);
#6602 = ORIENTED_EDGE('',*,*,#5245,.T.);
#6603 = ORIENTED_EDGE('',*,*,#4372,.F.);
#6604 = ORIENTED_EDGE('',*,*,#5270,.F.);
#6605 = ORIENTED_EDGE('',*,*,#5340,.F.);
#6606 = ORIENTED_EDGE('',*,*,#5436,.T.);
#6607 = ORIENTED_EDGE('',*,*,#4265,.F.);
#6608 = ORIENTED_EDGE('',*,*,#5461,.F.);
#6609 = ORIENTED_EDGE('',*,*,#5531,.F.);
#6610 = ORIENTED_EDGE('',*,*,#5627,.T.);
#6611 = ORIENTED_EDGE('',*,*,#4158,.F.);
#6612 = ORIENTED_EDGE('',*,*,#5652,.F.);
#6613 = ORIENTED_EDGE('',*,*,#5722,.F.);
#6614 = ORIENTED_EDGE('',*,*,#5818,.T.);
#6615 = ORIENTED_EDGE('',*,*,#4051,.F.);
#6616 = ORIENTED_EDGE('',*,*,#5843,.F.);
#6617 = ORIENTED_EDGE('',*,*,#5913,.F.);
#6618 = ORIENTED_EDGE('',*,*,#6009,.T.);
#6619 = ORIENTED_EDGE('',*,*,#3944,.F.);
#6620 = ORIENTED_EDGE('',*,*,#6034,.F.);
#6621 = ORIENTED_EDGE('',*,*,#6104,.F.);
#6622 = ORIENTED_EDGE('',*,*,#6200,.T.);
#6623 = ORIENTED_EDGE('',*,*,#3837,.F.);
#6624 = ORIENTED_EDGE('',*,*,#6571,.F.);
#6625 = ORIENTED_EDGE('',*,*,#6626,.F.);
#6626 = EDGE_CURVE('',#6228,#6226,#6627,.T.);
#6627 = SURFACE_CURVE('',#6628,(#6680,#6735),.PCURVE_S1.);
#6628 = B_SPLINE_CURVE_WITH_KNOTS('',8,(#6629,#6630,#6631,#6632,#6633,
    #6634,#6635,#6636,#6637,#6638,#6639,#6640,#6641,#6642,#6643,#6644,
    #6645,#6646,#6647,#6648,#6649,#6650,#6651,#6652,#6653,#6654,#6655,
    #6656,#6657,#6658,#6659,#6660,#6661,#6662,#6663,#6664,#6665,#6666,
    #6667,#6668,#6669,#6670,#6671,#6672,#6673,#6674,#6675,#6676,#6677,
    #6678,#6679),.UNSPECIFIED.,.F.,.F.,(9,7,7,7,7,7,7,9),(0.,
    4.400469439246E-02,0.200015369509,0.433996324792,0.667977280075,
    0.707981550922,0.821992469784,1.),.UNSPECIFIED.);
#6629 = CARTESIAN_POINT('',(-44.4,5.437431788214E-15,-195.4861166431));
#6630 = CARTESIAN_POINT('',(-44.4,0.767176731443,-195.4861166431));
#6631 = CARTESIAN_POINT('',(-44.38485042944,1.534353963108,
    -195.4861166431));
#6632 = CARTESIAN_POINT('',(-44.35455130964,2.30118195187,
    -195.4861166431));
#6633 = CARTESIAN_POINT('',(-44.30911229167,3.067311621229,
    -195.4861166431));
#6634 = CARTESIAN_POINT('',(-44.24855265635,3.832394561306,
    -195.4861166431));
#6635 = CARTESIAN_POINT('',(-44.17290131427,4.596083028844,
    -195.4861166431));
#6636 = CARTESIAN_POINT('',(-44.08219680576,5.358029947212,
    -195.4861166431));
#6637 = CARTESIAN_POINT('',(-43.60171339458,8.811831242615,
    -195.4861166431));
#6638 = CARTESIAN_POINT('',(-43.03829857474,11.479806406417,
    -195.4861166431));
#6639 = CARTESIAN_POINT('',(-42.28837876303,14.105997429389,
    -195.4861166431));
#6640 = CARTESIAN_POINT('',(-41.35569193821,16.675208937525,
    -195.4861166431));
#6641 = CARTESIAN_POINT('',(-40.24537261957,19.172796473005,
    -195.4861166431));
#6642 = CARTESIAN_POINT('',(-38.9638805431,21.584649924417,
    -195.4861166431));
#6643 = CARTESIAN_POINT('',(-37.5190635304,23.897231065409,
    -195.4861166431));
#6644 = CARTESIAN_POINT('',(-33.5226503283,29.397821943502,
    -195.4861166431));
#6645 = CARTESIAN_POINT('',(-30.77723156489,32.447873883051,
    -195.4861166431));
#6646 = CARTESIAN_POINT('',(-27.71619015184,35.202379130493,
    -195.4861166431));
#6647 = CARTESIAN_POINT('',(-24.37742705183,37.624144382227,
    -195.4861166431));
#6648 = CARTESIAN_POINT('',(-20.80271982814,39.681753246697,
    -195.4861166431));
#6649 = CARTESIAN_POINT('',(-17.03781432029,41.349913972306,
    -195.4861166431));
#6650 = CARTESIAN_POINT('',(-13.13214473644,42.609233678592,
    -195.4861166431));
#6651 = CARTESIAN_POINT('',(-5.148454922332,44.288750625508,
    -195.4861166431));
#6652 = CARTESIAN_POINT('',(-1.066437298264,44.709788791931,
    -195.4861166431));
#6653 = CARTESIAN_POINT('',(3.05147192577,44.699924072257,
    -195.4861166431));
#6654 = CARTESIAN_POINT('',(7.15221501047,44.256988268601,
    -195.4861166431));
#6655 = CARTESIAN_POINT('',(11.183733271137,43.385698140048,
    -195.4861166431));
#6656 = CARTESIAN_POINT('',(15.095132294724,42.097974812751,
    -195.4861166431));
#6657 = CARTESIAN_POINT('',(18.836738138843,40.412588587523,
    -195.4861166431));
#6658 = CARTESIAN_POINT('',(22.963399240544,38.006956057204,
    -195.4861166431));
#6659 = CARTESIAN_POINT('',(23.559623081364,37.644895651085,
    -195.4861166431));
#6660 = CARTESIAN_POINT('',(24.149314751769,37.272150803628,
    -195.4861166431));
#6661 = CARTESIAN_POINT('',(24.732250999674,36.888859289196,
    -195.4861166431));
#6662 = CARTESIAN_POINT('',(25.308212244225,36.495164357893,
    -195.4861166431));
#6663 = CARTESIAN_POINT('',(25.876982575796,36.091214735569,
    -195.4861166431));
#6664 = CARTESIAN_POINT('',(26.438349755988,35.677164623816,
    -195.4861166431));
#6665 = CARTESIAN_POINT('',(28.570290938107,34.044812847624,
    -195.4861166431));
#6666 = CARTESIAN_POINT('',(30.086699529249,32.755673053254,
    -195.4861166431));
#6667 = CARTESIAN_POINT('',(31.536438228589,31.389487885513,
    -195.4861166431));
#6668 = CARTESIAN_POINT('',(32.914956357886,29.950305849608,
    -195.4861166431));
#6669 = CARTESIAN_POINT('',(34.218021236944,28.442466638609,
    -195.4861166431));
#6670 = CARTESIAN_POINT('',(35.441710762802,26.87059254912,
    -195.4861166431));
#6671 = CARTESIAN_POINT('',(36.582422654323,25.239595061297,
    -195.4861166431));
#6672 = CARTESIAN_POINT('',(39.283277518983,20.92403085631,
    -195.4861166431));
#6673 = CARTESIAN_POINT('',(40.719793303686,18.161404999669,
    -195.4861166431));
#6674 = CARTESIAN_POINT('',(41.933647291253,15.286995483372,
    -195.4861166431));
#6675 = CARTESIAN_POINT('',(42.914941723853,12.32187499448,
    -195.4861166431));
#6676 = CARTESIAN_POINT('',(43.656149666753,9.287820106409,
    -195.4861166431));
#6677 = CARTESIAN_POINT('',(44.152098820529,6.207283463785,
    -195.4861166431));
#6678 = CARTESIAN_POINT('',(44.4,3.103378789188,-195.4861166431));
#6679 = CARTESIAN_POINT('',(44.4,-1.529621224689E-14,-195.4861166431));
#6680 = PCURVE('',#3825,#6681);
#6681 = DEFINITIONAL_REPRESENTATION('',(#6682),#6734);
#6682 = B_SPLINE_CURVE_WITH_KNOTS('',8,(#6683,#6684,#6685,#6686,#6687,
    #6688,#6689,#6690,#6691,#6692,#6693,#6694,#6695,#6696,#6697,#6698,
    #6699,#6700,#6701,#6702,#6703,#6704,#6705,#6706,#6707,#6708,#6709,
    #6710,#6711,#6712,#6713,#6714,#6715,#6716,#6717,#6718,#6719,#6720,
    #6721,#6722,#6723,#6724,#6725,#6726,#6727,#6728,#6729,#6730,#6731,
    #6732,#6733),.UNSPECIFIED.,.F.,.F.,(9,7,7,7,7,7,7,9),(0.,
    4.400469439246E-02,0.200015369509,0.433996324792,0.667977280075,
    0.707981550922,0.821992469784,1.),.UNSPECIFIED.);
#6683 = CARTESIAN_POINT('',(3.14159265359,3.113883356832));
#6684 = CARTESIAN_POINT('',(3.124313898377,3.113883356832));
#6685 = CARTESIAN_POINT('',(3.107035139408,3.113883356832));
#6686 = CARTESIAN_POINT('',(3.089756377936,3.113883356832));
#6687 = CARTESIAN_POINT('',(3.072477615211,3.113883356832));
#6688 = CARTESIAN_POINT('',(3.055198852486,3.113883356832));
#6689 = CARTESIAN_POINT('',(3.037920091013,3.113883356832));
#6690 = CARTESIAN_POINT('',(3.020641332045,3.113883356832));
#6691 = CARTESIAN_POINT('',(2.942103879251,3.113883356832));
#6692 = CARTESIAN_POINT('',(2.880839111712,3.113883356832));
#6693 = CARTESIAN_POINT('',(2.819577043897,3.113883356832));
#6694 = CARTESIAN_POINT('',(2.758318349852,3.113883356832));
#6695 = CARTESIAN_POINT('',(2.697059655807,3.113883356832));
#6696 = CARTESIAN_POINT('',(2.635797587991,3.113883356832));
#6697 = CARTESIAN_POINT('',(2.574532820452,3.113883356832));
#6698 = CARTESIAN_POINT('',(2.421399842035,3.113883356832));
#6699 = CARTESIAN_POINT('',(2.329479605759,3.113883356832));
#6700 = CARTESIAN_POINT('',(2.237584182378,3.113883356832));
#6701 = CARTESIAN_POINT('',(2.145707782405,3.113883356832));
#6702 = CARTESIAN_POINT('',(2.053831382421,3.113883356832));
#6703 = CARTESIAN_POINT('',(1.961935959046,3.113883356832));
#6704 = CARTESIAN_POINT('',(1.870015722769,3.113883356832));
#6705 = CARTESIAN_POINT('',(1.686267161095,3.113883356832));
#6706 = CARTESIAN_POINT('',(1.594346924819,3.113883356832));
#6707 = CARTESIAN_POINT('',(1.502451501439,3.113883356832));
#6708 = CARTESIAN_POINT('',(1.410575101465,3.113883356832));
#6709 = CARTESIAN_POINT('',(1.31869870148,3.113883356832));
#6710 = CARTESIAN_POINT('',(1.226803278107,3.113883356832));
#6711 = CARTESIAN_POINT('',(1.134883041829,3.113883356832));
#6712 = CARTESIAN_POINT('',(1.027300800445,3.113883356832));
#6713 = CARTESIAN_POINT('',(1.011592837565,3.113883356832));
#6714 = CARTESIAN_POINT('',(0.995884873131,3.113883356832));
#6715 = CARTESIAN_POINT('',(0.98017690792,3.113883356832));
#6716 = CARTESIAN_POINT('',(0.964468942709,3.113883356832));
#6717 = CARTESIAN_POINT('',(0.948760978275,3.113883356832));
#6718 = CARTESIAN_POINT('',(0.933053015396,3.113883356832));
#6719 = CARTESIAN_POINT('',(0.872577859307,3.113883356832));
#6720 = CARTESIAN_POINT('',(0.82780937829,3.113883356832));
#6721 = CARTESIAN_POINT('',(0.783041468788,3.113883356832));
#6722 = CARTESIAN_POINT('',(0.738274273594,3.113883356832));
#6723 = CARTESIAN_POINT('',(0.693507078399,3.113883356832));
#6724 = CARTESIAN_POINT('',(0.648739168897,3.113883356832));
#6725 = CARTESIAN_POINT('',(0.60397068788,3.113883356832));
#6726 = CARTESIAN_POINT('',(0.489307573664,3.113883356832));
#6727 = CARTESIAN_POINT('',(0.419399814852,3.113883356832));
#6728 = CARTESIAN_POINT('',(0.349497995469,3.113883356833));
#6729 = CARTESIAN_POINT('',(0.279601746171,3.113883356831));
#6730 = CARTESIAN_POINT('',(0.209705496868,3.113883356833));
#6731 = CARTESIAN_POINT('',(0.139803677488,3.113883356832));
#6732 = CARTESIAN_POINT('',(6.98959186754E-02,3.113883356832));
#6733 = CARTESIAN_POINT('',(0.,3.113883356832));
#6734 = ( GEOMETRIC_REPRESENTATION_CONTEXT(2) 
PARAMETRIC_REPRESENTATION_CONTEXT() REPRESENTATION_CONTEXT('2D SPACE',''
  ) );
#6735 = PCURVE('',#6451,#6736);
#6736 = DEFINITIONAL_REPRESENTATION('',(#6737),#6789);
#6737 = B_SPLINE_CURVE_WITH_KNOTS('',8,(#6738,#6739,#6740,#6741,#6742,
    #6743,#6744,#6745,#6746,#6747,#6748,#6749,#6750,#6751,#6752,#6753,
    #6754,#6755,#6756,#6757,#6758,#6759,#6760,#6761,#6762,#6763,#6764,
    #6765,#6766,#6767,#6768,#6769,#6770,#6771,#6772,#6773,#6774,#6775,
    #6776,#6777,#6778,#6779,#6780,#6781,#6782,#6783,#6784,#6785,#6786,
    #6787,#6788),.UNSPECIFIED.,.F.,.F.,(9,7,7,7,7,7,7,9),(0.,
    4.400469439246E-02,0.200015369509,0.433996324792,0.667977280075,
    0.707981550922,0.821992469784,1.),.UNSPECIFIED.);
#6738 = CARTESIAN_POINT('',(6.28318530718,4.825349884758));
#6739 = CARTESIAN_POINT('',(6.265906551967,4.825349884758));
#6740 = CARTESIAN_POINT('',(6.248627792998,4.825349884758));
#6741 = CARTESIAN_POINT('',(6.231349031525,4.825349884758));
#6742 = CARTESIAN_POINT('',(6.214070268801,4.825349884758));
#6743 = CARTESIAN_POINT('',(6.196791506076,4.825349884758));
#6744 = CARTESIAN_POINT('',(6.179512744603,4.825349884758));
#6745 = CARTESIAN_POINT('',(6.162233985634,4.825349884758));
#6746 = CARTESIAN_POINT('',(6.083696532841,4.825349884758));
#6747 = CARTESIAN_POINT('',(6.022431765302,4.825349884758));
#6748 = CARTESIAN_POINT('',(5.961169697487,4.825349884758));
#6749 = CARTESIAN_POINT('',(5.899911003442,4.825349884758));
#6750 = CARTESIAN_POINT('',(5.838652309397,4.825349884758));
#6751 = CARTESIAN_POINT('',(5.777390241581,4.825349884758));
#6752 = CARTESIAN_POINT('',(5.716125474042,4.825349884758));
#6753 = CARTESIAN_POINT('',(5.562992495625,4.825349884758));
#6754 = CARTESIAN_POINT('',(5.471072259349,4.825349884758));
#6755 = CARTESIAN_POINT('',(5.379176835968,4.825349884758));
#6756 = CARTESIAN_POINT('',(5.287300435995,4.825349884758));
#6757 = CARTESIAN_POINT('',(5.195424036011,4.825349884758));
#6758 = CARTESIAN_POINT('',(5.103528612636,4.825349884758));
#6759 = CARTESIAN_POINT('',(5.011608376359,4.825349884758));
#6760 = CARTESIAN_POINT('',(4.827859814685,4.825349884758));
#6761 = CARTESIAN_POINT('',(4.735939578408,4.825349884758));
#6762 = CARTESIAN_POINT('',(4.64404415503,4.825349884758));
#6763 = CARTESIAN_POINT('',(4.552167755054,4.825349884758));
#6764 = CARTESIAN_POINT('',(4.460291355071,4.825349884758));
#6765 = CARTESIAN_POINT('',(4.368395931696,4.825349884758));
#6766 = CARTESIAN_POINT('',(4.276475695419,4.825349884758));
#6767 = CARTESIAN_POINT('',(4.168893454034,4.825349884758));
#6768 = CARTESIAN_POINT('',(4.153185491155,4.825349884758));
#6769 = CARTESIAN_POINT('',(4.137477526721,4.825349884758));
#6770 = CARTESIAN_POINT('',(4.12176956151,4.825349884758));
#6771 = CARTESIAN_POINT('',(4.106061596299,4.825349884758));
#6772 = CARTESIAN_POINT('',(4.090353631865,4.825349884758));
#6773 = CARTESIAN_POINT('',(4.074645668985,4.825349884758));
#6774 = CARTESIAN_POINT('',(4.014170512897,4.825349884758));
#6775 = CARTESIAN_POINT('',(3.96940203188,4.825349884758));
#6776 = CARTESIAN_POINT('',(3.924634122378,4.825349884758));
#6777 = CARTESIAN_POINT('',(3.879866927183,4.825349884758));
#6778 = CARTESIAN_POINT('',(3.835099731989,4.825349884758));
#6779 = CARTESIAN_POINT('',(3.790331822487,4.825349884758));
#6780 = CARTESIAN_POINT('',(3.74556334147,4.825349884758));
#6781 = CARTESIAN_POINT('',(3.630900227253,4.825349884758));
#6782 = CARTESIAN_POINT('',(3.560992468442,4.825349884758));
#6783 = CARTESIAN_POINT('',(3.49109064906,4.825349884758));
#6784 = CARTESIAN_POINT('',(3.421194399759,4.825349884758));
#6785 = CARTESIAN_POINT('',(3.35129815046,4.825349884758));
#6786 = CARTESIAN_POINT('',(3.281396331077,4.825349884758));
#6787 = CARTESIAN_POINT('',(3.211488572265,4.825349884758));
#6788 = CARTESIAN_POINT('',(3.14159265359,4.825349884758));
#6789 = ( GEOMETRIC_REPRESENTATION_CONTEXT(2) 
PARAMETRIC_REPRESENTATION_CONTEXT() REPRESENTATION_CONTEXT('2D SPACE',''
  ) );
#6790 = ADVANCED_FACE('',(#6791),#6451,.F.);
#6791 = FACE_BOUND('',#6792,.F.);
#6792 = EDGE_LOOP('',(#6793,#6794,#6818,#6964,#7318,#7319));
#6793 = ORIENTED_EDGE('',*,*,#6626,.F.);
#6794 = ORIENTED_EDGE('',*,*,#6795,.T.);
#6795 = EDGE_CURVE('',#6228,#6796,#6798,.T.);
#6796 = VERTEX_POINT('',#6797);
#6797 = CARTESIAN_POINT('',(-46.8,-5.73134702001E-15,-195.3464016239));
#6798 = SEAM_CURVE('',#6799,(#6804,#6811),.PCURVE_S1.);
#6799 = ELLIPSE('',#6800,393.8935,196.74);
#6800 = AXIS2_PLACEMENT_3D('',#6801,#6802,#6803);
#6801 = CARTESIAN_POINT('',(0.,0.,0.));
#6802 = DIRECTION('',(-1.224646799147E-16,1.,0.));
#6803 = DIRECTION('',(-1.,-1.224646799147E-16,0.));
#6804 = PCURVE('',#6451,#6805);
#6805 = DEFINITIONAL_REPRESENTATION('',(#6806),#6810);
#6806 = LINE('',#6807,#6808);
#6807 = CARTESIAN_POINT('',(0.,0.));
#6808 = VECTOR('',#6809,1.);
#6809 = DIRECTION('',(0.,1.));
#6810 = ( GEOMETRIC_REPRESENTATION_CONTEXT(2) 
PARAMETRIC_REPRESENTATION_CONTEXT() REPRESENTATION_CONTEXT('2D SPACE',''
  ) );
#6811 = PCURVE('',#6451,#6812);
#6812 = DEFINITIONAL_REPRESENTATION('',(#6813),#6817);
#6813 = LINE('',#6814,#6815);
#6814 = CARTESIAN_POINT('',(6.28318530718,0.));
#6815 = VECTOR('',#6816,1.);
#6816 = DIRECTION('',(0.,1.));
#6817 = ( GEOMETRIC_REPRESENTATION_CONTEXT(2) 
PARAMETRIC_REPRESENTATION_CONTEXT() REPRESENTATION_CONTEXT('2D SPACE',''
  ) );
#6818 = ORIENTED_EDGE('',*,*,#6819,.T.);
#6819 = EDGE_CURVE('',#6796,#6820,#6822,.T.);
#6820 = VERTEX_POINT('',#6821);
#6821 = CARTESIAN_POINT('',(46.8,-1.146269404002E-14,-195.3464016239));
#6822 = SURFACE_CURVE('',#6823,(#6868,#6916),.PCURVE_S1.);
#6823 = B_SPLINE_CURVE_WITH_KNOTS('',8,(#6824,#6825,#6826,#6827,#6828,
    #6829,#6830,#6831,#6832,#6833,#6834,#6835,#6836,#6837,#6838,#6839,
    #6840,#6841,#6842,#6843,#6844,#6845,#6846,#6847,#6848,#6849,#6850,
    #6851,#6852,#6853,#6854,#6855,#6856,#6857,#6858,#6859,#6860,#6861,
    #6862,#6863,#6864,#6865,#6866,#6867),.UNSPECIFIED.,.F.,.F.,(9,7,7,7,
    7,7,9),(0.,3.400506389091E-02,0.242011321923,0.485993582202,
    0.72997584248,0.809987545765,1.),.UNSPECIFIED.);
#6824 = CARTESIAN_POINT('',(-46.8,5.73134702001E-15,-195.3464016239));
#6825 = CARTESIAN_POINT('',(-46.8,0.6248627223,-195.3464016239));
#6826 = CARTESIAN_POINT('',(-46.79046511398,1.249725589861,
    -195.3464016239));
#6827 = CARTESIAN_POINT('',(-46.77139534674,1.874418649489,
    -195.3464016239));
#6828 = CARTESIAN_POINT('',(-46.74279432492,2.498772141608,
    -195.3464016239));
#6829 = CARTESIAN_POINT('',(-46.70466929705,3.122616500259,
    -195.3464016239));
#6830 = CARTESIAN_POINT('',(-46.65703113354,3.7457823531,-195.3464016239
    ));
#6831 = CARTESIAN_POINT('',(-46.59989432666,4.36810052141,
    -195.3464016239));
#6832 = CARTESIAN_POINT('',(-46.12578406999,8.789853631138,
    -195.3464016239));
#6833 = CARTESIAN_POINT('',(-45.36343242559,12.553463557022,
    -195.3464016239));
#6834 = CARTESIAN_POINT('',(-44.25017034525,16.239741355697,
    -195.3464016239));
#6835 = CARTESIAN_POINT('',(-42.79574108218,19.810676171727,
    -195.3464016239));
#6836 = CARTESIAN_POINT('',(-41.0142056998,23.230189532119,
    -195.3464016239));
#6837 = CARTESIAN_POINT('',(-38.92397366452,26.464215893775,
    -195.3464016239));
#6838 = CARTESIAN_POINT('',(-36.5477216385,29.480731435339,
    -195.3464016239));
#6839 = CARTESIAN_POINT('',(-30.82425209056,35.499374615846,
    -195.3464016239));
#6840 = CARTESIAN_POINT('',(-27.37721823515,38.41189502141,
    -195.3464016239));
#6841 = CARTESIAN_POINT('',(-23.61797752885,40.938971973218,
    -195.3464016239));
#6842 = CARTESIAN_POINT('',(-19.59765526638,43.042939515631,
    -195.3464016239));
#6843 = CARTESIAN_POINT('',(-15.37104851172,44.69383801407,
    -195.3464016239));
#6844 = CARTESIAN_POINT('',(-10.99673333118,45.870007777124,
    -195.3464016239));
#6845 = CARTESIAN_POINT('',(-6.536687464886,46.55761841037,
    -195.3464016239));
#6846 = CARTESIAN_POINT('',(2.42127159031,46.951864275501,
    -195.3464016239));
#6847 = CARTESIAN_POINT('',(6.924480593009,46.658732579749,
    -195.3464016239));
#6848 = CARTESIAN_POINT('',(11.385210882234,45.871399171412,
    -195.3464016239));
#6849 = CARTESIAN_POINT('',(15.740509331778,44.598196152581,
    -195.3464016239));
#6850 = CARTESIAN_POINT('',(19.930123523054,42.85555349231,
    -195.3464016239));
#6851 = CARTESIAN_POINT('',(23.896836269457,40.668501001905,
    -195.3464016239));
#6852 = CARTESIAN_POINT('',(27.586410947308,38.070067587349,
    -195.3464016239));
#6853 = CARTESIAN_POINT('',(32.052254601926,34.132896790852,
    -195.3464016239));
#6854 = CARTESIAN_POINT('',(33.120212369865,33.120991791557,
    -195.3464016239));
#6855 = CARTESIAN_POINT('',(34.151597773247,32.07095437497,
    -195.3464016239));
#6856 = CARTESIAN_POINT('',(35.144826080296,30.984332097769,
    -195.3464016239));
#6857 = CARTESIAN_POINT('',(36.098395500894,29.862745808919,
    -195.3464016239));
#6858 = CARTESIAN_POINT('',(37.010886191164,28.707888602718,
    -195.3464016239));
#6859 = CARTESIAN_POINT('',(37.880961416932,27.521526675142,
    -195.3464016239));
#6860 = CARTESIAN_POINT('',(40.669934889599,23.417676833107,
    -195.3464016239));
#6861 = CARTESIAN_POINT('',(42.386699994245,20.361880497167,
    -195.3464016239));
#6862 = CARTESIAN_POINT('',(43.840180362499,17.163436756119,
    -195.3464016239));
#6863 = CARTESIAN_POINT('',(45.016917053097,13.849011999851,
    -195.3464016239));
#6864 = CARTESIAN_POINT('',(45.906644057961,10.446291534932,
    -195.3464016239));
#6865 = CARTESIAN_POINT('',(46.50229074211,6.983943693915,
    -195.3464016239));
#6866 = CARTESIAN_POINT('',(46.8,3.491588776467,-195.3464016239));
#6867 = CARTESIAN_POINT('',(46.8,-1.61230345305E-14,-195.3464016239));
#6868 = PCURVE('',#6451,#6869);
#6869 = DEFINITIONAL_REPRESENTATION('',(#6870),#6915);
#6870 = B_SPLINE_CURVE_WITH_KNOTS('',8,(#6871,#6872,#6873,#6874,#6875,
    #6876,#6877,#6878,#6879,#6880,#6881,#6882,#6883,#6884,#6885,#6886,
    #6887,#6888,#6889,#6890,#6891,#6892,#6893,#6894,#6895,#6896,#6897,
    #6898,#6899,#6900,#6901,#6902,#6903,#6904,#6905,#6906,#6907,#6908,
    #6909,#6910,#6911,#6912,#6913,#6914),.UNSPECIFIED.,.F.,.F.,(9,7,7,7,
    7,7,9),(0.,3.400506389091E-02,0.242011321923,0.485993582202,
    0.72997584248,0.809987545765,1.),.UNSPECIFIED.);
#6871 = CARTESIAN_POINT('',(6.28318530718,4.831484156875));
#6872 = CARTESIAN_POINT('',(6.269833539609,4.831484156875));
#6873 = CARTESIAN_POINT('',(6.256481771004,4.831484156875));
#6874 = CARTESIAN_POINT('',(6.243130001709,4.831484156875));
#6875 = CARTESIAN_POINT('',(6.229778232069,4.831484156875));
#6876 = CARTESIAN_POINT('',(6.216426462428,4.831484156875));
#6877 = CARTESIAN_POINT('',(6.203074693133,4.831484156875));
#6878 = CARTESIAN_POINT('',(6.189722924528,4.831484156875));
#6879 = CARTESIAN_POINT('',(6.094699461843,4.831484156875));
#6880 = CARTESIAN_POINT('',(6.013002138072,4.831484156875));
#6881 = CARTESIAN_POINT('',(5.931318170939,4.831484156875));
#6882 = CARTESIAN_POINT('',(5.84964552098,4.831484156875));
#6883 = CARTESIAN_POINT('',(5.767972871036,4.831484156875));
#6884 = CARTESIAN_POINT('',(5.686288903894,4.831484156875));
#6885 = CARTESIAN_POINT('',(5.604591580126,4.831484156875));
#6886 = CARTESIAN_POINT('',(5.427122551972,4.831484156875));
#6887 = CARTESIAN_POINT('',(5.331268650622,4.831484156875));
#6888 = CARTESIAN_POINT('',(5.235445725846,4.831484156875));
#6889 = CARTESIAN_POINT('',(5.139645581272,4.831484156875));
#6890 = CARTESIAN_POINT('',(5.043845436703,4.831484156875));
#6891 = CARTESIAN_POINT('',(4.948022511923,4.831484156875));
#6892 = CARTESIAN_POINT('',(4.852168610575,4.831484156875));
#6893 = CARTESIAN_POINT('',(4.660573944496,4.831484156875));
#6894 = CARTESIAN_POINT('',(4.564720043146,4.831484156875));
#6895 = CARTESIAN_POINT('',(4.46889711837,4.831484156875));
#6896 = CARTESIAN_POINT('',(4.373096973796,4.831484156875));
#6897 = CARTESIAN_POINT('',(4.277296829225,4.831484156875));
#6898 = CARTESIAN_POINT('',(4.181473904448,4.831484156875));
#6899 = CARTESIAN_POINT('',(4.085620003098,4.831484156875));
#6900 = CARTESIAN_POINT('',(3.958406829506,4.831484156875));
#6901 = CARTESIAN_POINT('',(3.926990767829,4.831484156875));
#6902 = CARTESIAN_POINT('',(3.895574804444,4.831484156875));
#6903 = CARTESIAN_POINT('',(3.864158963916,4.831484156875));
#6904 = CARTESIAN_POINT('',(3.832743123388,4.831484156875));
#6905 = CARTESIAN_POINT('',(3.801327160002,4.831484156875));
#6906 = CARTESIAN_POINT('',(3.769911098325,4.831484156875));
#6907 = CARTESIAN_POINT('',(3.663888659984,4.831484156875));
#6908 = CARTESIAN_POINT('',(3.589265698999,4.831484156875));
#6909 = CARTESIAN_POINT('',(3.514651069488,4.831484156875));
#6910 = CARTESIAN_POINT('',(3.440043955681,4.831484156875));
#6911 = CARTESIAN_POINT('',(3.365436841874,4.831484156875));
#6912 = CARTESIAN_POINT('',(3.290822212362,4.831484156875));
#6913 = CARTESIAN_POINT('',(3.216199251378,4.831484156875));
#6914 = CARTESIAN_POINT('',(3.14159265359,4.831484156875));
#6915 = ( GEOMETRIC_REPRESENTATION_CONTEXT(2) 
PARAMETRIC_REPRESENTATION_CONTEXT() REPRESENTATION_CONTEXT('2D SPACE',''
  ) );
#6916 = PCURVE('',#530,#6917);
#6917 = DEFINITIONAL_REPRESENTATION('',(#6918),#6963);
#6918 = B_SPLINE_CURVE_WITH_KNOTS('',8,(#6919,#6920,#6921,#6922,#6923,
    #6924,#6925,#6926,#6927,#6928,#6929,#6930,#6931,#6932,#6933,#6934,
    #6935,#6936,#6937,#6938,#6939,#6940,#6941,#6942,#6943,#6944,#6945,
    #6946,#6947,#6948,#6949,#6950,#6951,#6952,#6953,#6954,#6955,#6956,
    #6957,#6958,#6959,#6960,#6961,#6962),.UNSPECIFIED.,.F.,.F.,(9,7,7,7,
    7,7,9),(0.,3.400506389091E-02,0.242011321923,0.485993582202,
    0.72997584248,0.809987545765,1.),.UNSPECIFIED.);
#6919 = CARTESIAN_POINT('',(3.14159265359,7.253598376053));
#6920 = CARTESIAN_POINT('',(3.128240886019,7.253598376053));
#6921 = CARTESIAN_POINT('',(3.114889117414,7.253598376053));
#6922 = CARTESIAN_POINT('',(3.101537348119,7.253598376053));
#6923 = CARTESIAN_POINT('',(3.088185578479,7.253598376053));
#6924 = CARTESIAN_POINT('',(3.074833808839,7.253598376053));
#6925 = CARTESIAN_POINT('',(3.061482039544,7.253598376053));
#6926 = CARTESIAN_POINT('',(3.048130270938,7.253598376053));
#6927 = CARTESIAN_POINT('',(2.953106808253,7.253598376053));
#6928 = CARTESIAN_POINT('',(2.871409484482,7.253598376053));
#6929 = CARTESIAN_POINT('',(2.789725517348,7.253598376053));
#6930 = CARTESIAN_POINT('',(2.708052867392,7.253598376053));
#6931 = CARTESIAN_POINT('',(2.626380217445,7.253598376053));
#6932 = CARTESIAN_POINT('',(2.544696250305,7.253598376053));
#6933 = CARTESIAN_POINT('',(2.462998926536,7.253598376053));
#6934 = CARTESIAN_POINT('',(2.285529898382,7.253598376053));
#6935 = CARTESIAN_POINT('',(2.189675997031,7.253598376053));
#6936 = CARTESIAN_POINT('',(2.093853072258,7.253598376053));
#6937 = CARTESIAN_POINT('',(1.998052927679,7.253598376053));
#6938 = CARTESIAN_POINT('',(1.902252783115,7.253598376053));
#6939 = CARTESIAN_POINT('',(1.806429858332,7.253598376053));
#6940 = CARTESIAN_POINT('',(1.710575956985,7.253598376053));
#6941 = CARTESIAN_POINT('',(1.518981290906,7.253598376053));
#6942 = CARTESIAN_POINT('',(1.423127389556,7.253598376053));
#6943 = CARTESIAN_POINT('',(1.32730446478,7.253598376053));
#6944 = CARTESIAN_POINT('',(1.231504320206,7.253598376053));
#6945 = CARTESIAN_POINT('',(1.135704175636,7.253598376053));
#6946 = CARTESIAN_POINT('',(1.039881250858,7.253598376053));
#6947 = CARTESIAN_POINT('',(0.944027349508,7.253598376053));
#6948 = CARTESIAN_POINT('',(0.816814175917,7.253598376053));
#6949 = CARTESIAN_POINT('',(0.78539811424,7.253598376053));
#6950 = CARTESIAN_POINT('',(0.753982150854,7.253598376053));
#6951 = CARTESIAN_POINT('',(0.722566310326,7.253598376053));
#6952 = CARTESIAN_POINT('',(0.691150469798,7.253598376053));
#6953 = CARTESIAN_POINT('',(0.659734506412,7.253598376053));
#6954 = CARTESIAN_POINT('',(0.628318444735,7.253598376053));
#6955 = CARTESIAN_POINT('',(0.522296006394,7.253598376053));
#6956 = CARTESIAN_POINT('',(0.44767304541,7.253598376053));
#6957 = CARTESIAN_POINT('',(0.373058415897,7.253598376053));
#6958 = CARTESIAN_POINT('',(0.298451302092,7.253598376052));
#6959 = CARTESIAN_POINT('',(0.223844188283,7.253598376054));
#6960 = CARTESIAN_POINT('',(0.149229558773,7.253598376052));
#6961 = CARTESIAN_POINT('',(7.460659778776E-02,7.253598376053));
#6962 = CARTESIAN_POINT('',(0.,7.253598376053));
#6963 = ( GEOMETRIC_REPRESENTATION_CONTEXT(2) 
PARAMETRIC_REPRESENTATION_CONTEXT() REPRESENTATION_CONTEXT('2D SPACE',''
  ) );
#6964 = ORIENTED_EDGE('',*,*,#6965,.T.);
#6965 = EDGE_CURVE('',#6820,#6796,#6966,.T.);
#6966 = SURFACE_CURVE('',#6967,(#7082,#7200),.PCURVE_S1.);
#6967 = B_SPLINE_CURVE_WITH_KNOTS('',8,(#6968,#6969,#6970,#6971,#6972,
    #6973,#6974,#6975,#6976,#6977,#6978,#6979,#6980,#6981,#6982,#6983,
    #6984,#6985,#6986,#6987,#6988,#6989,#6990,#6991,#6992,#6993,#6994,
    #6995,#6996,#6997,#6998,#6999,#7000,#7001,#7002,#7003,#7004,#7005,
    #7006,#7007,#7008,#7009,#7010,#7011,#7012,#7013,#7014,#7015,#7016,
    #7017,#7018,#7019,#7020,#7021,#7022,#7023,#7024,#7025,#7026,#7027,
    #7028,#7029,#7030,#7031,#7032,#7033,#7034,#7035,#7036,#7037,#7038,
    #7039,#7040,#7041,#7042,#7043,#7044,#7045,#7046,#7047,#7048,#7049,
    #7050,#7051,#7052,#7053,#7054,#7055,#7056,#7057,#7058,#7059,#7060,
    #7061,#7062,#7063,#7064,#7065,#7066,#7067,#7068,#7069,#7070,#7071,
    #7072,#7073,#7074,#7075,#7076,#7077,#7078,#7079,#7080,#7081),
  .UNSPECIFIED.,.F.,.F.,(9,7,7,7,7,7,7,7,7,7,7,7,7,7,7,7,9),(0.,
    4.800103617712E-02,0.10400222788,0.162003456318,0.220004684756,
    0.278005913194,0.336007141632,0.39400837007,0.452009598508,
    0.510010826946,0.556011822538,0.614013050976,0.650013836952,
    0.714015168774,0.752015997373,0.798016992964,1.),.UNSPECIFIED.);
#6968 = CARTESIAN_POINT('',(46.8,-1.42108547152E-14,-195.3464016239));
#6969 = CARTESIAN_POINT('',(46.8,-0.882158900184,-195.3464016239));
#6970 = CARTESIAN_POINT('',(46.78099620033,-1.764318615087,
    -195.3464016239));
#6971 = CARTESIAN_POINT('',(46.742988638852,-2.646000351285,
    -195.3464016239));
#6972 = CARTESIAN_POINT('',(46.685991723775,-3.526726400911,
    -195.3464016239));
#6973 = CARTESIAN_POINT('',(46.610034233652,-4.406020141656,
    -195.3464016239));
#6974 = CARTESIAN_POINT('',(46.515159317383,-5.283406036765,
    -195.3464016239));
#6975 = CARTESIAN_POINT('',(46.401424494214,-6.158409635042,
    -195.3464016239));
#6976 = CARTESIAN_POINT('',(46.114291720582,-8.048063183973,
    -195.3464016239));
#6977 = CARTESIAN_POINT('',(45.934108757191,-9.061684757679,
    -195.3464016239));
#6978 = CARTESIAN_POINT('',(45.728467176708,-10.07066996156,
    -195.3464016239));
#6979 = CARTESIAN_POINT('',(45.49750733793,-11.0742727805,
    -195.3464016239));
#6980 = CARTESIAN_POINT('',(45.241395545312,-12.07175351465,
    -195.3464016239));
#6981 = CARTESIAN_POINT('',(44.960324048961,-13.06237877943,
    -195.3464016239));
#6982 = CARTESIAN_POINT('',(44.654511044637,-14.04542150555,
    -195.3464016239));
#6983 = CARTESIAN_POINT('',(43.982093538276,-16.02971239361,
    -195.3464016239));
#6984 = CARTESIAN_POINT('',(43.613706690974,-17.03036064731,
    -195.3464016239));
#6985 = CARTESIAN_POINT('',(43.219311654579,-18.021304809,
    -195.3464016239));
#6986 = CARTESIAN_POINT('',(42.799208036871,-19.0017564567,
    -195.3464016239));
#6987 = CARTESIAN_POINT('',(42.353723530674,-19.97093963743,
    -195.3464016239));
#6988 = CARTESIAN_POINT('',(41.88321391386,-20.92809086729,
    -195.3464016239));
#6989 = CARTESIAN_POINT('',(41.388063049349,-21.8724591314,
    -195.3464016239));
#6990 = CARTESIAN_POINT('',(40.349302720865,-23.73415263647,
    -195.3464016239));
#6991 = CARTESIAN_POINT('',(39.805691211369,-24.65148154348,
    -195.3464016239));
#6992 = CARTESIAN_POINT('',(39.238260510421,-25.55455417398,
    -195.3464016239));
#6993 = CARTESIAN_POINT('',(38.647448132465,-26.44264944878,
    -195.3464016239));
#6994 = CARTESIAN_POINT('',(38.033716952586,-27.31506364051,
    -195.3464016239));
#6995 = CARTESIAN_POINT('',(37.397555206514,-28.17111037356,
    -195.3464016239));
#6996 = CARTESIAN_POINT('',(36.739476490618,-29.01012062413,
    -195.3464016239));
#6997 = CARTESIAN_POINT('',(35.380563033204,-30.65276481633,
    -195.3464016239));
#6998 = CARTESIAN_POINT('',(34.679725615718,-31.45640199263,
    -195.3464016239));
#6999 = CARTESIAN_POINT('',(33.958046648084,-32.24170272738,
    -195.3464016239));
#7000 = CARTESIAN_POINT('',(33.216087065486,-33.00803715886,
    -195.3464016239));
#7001 = CARTESIAN_POINT('',(32.454429599668,-33.75479708537,
    -195.3464016239));
#7002 = CARTESIAN_POINT('',(31.673678778928,-34.48139596525,
    -195.3464016239));
#7003 = CARTESIAN_POINT('',(30.874460928124,-35.18726891688,
    -195.3464016239));
#7004 = CARTESIAN_POINT('',(29.240387409213,-36.55647652045,
    -195.3464016239));
#7005 = CARTESIAN_POINT('',(28.405528523294,-37.21981386863,
    -195.3464016239));
#7006 = CARTESIAN_POINT('',(27.55349578371,-37.86134172228,
    -195.3464016239));
#7007 = CARTESIAN_POINT('',(26.684954974054,-38.4805422916,
    -195.3464016239));
#7008 = CARTESIAN_POINT('',(25.800589388717,-39.07692303789,
    -195.3464016239));
#7009 = CARTESIAN_POINT('',(24.901099832885,-39.65001667359,
    -195.3464016239));
#7010 = CARTESIAN_POINT('',(23.987204622541,-40.19938116225,
    -195.3464016239));
#7011 = CARTESIAN_POINT('',(22.132074546389,-41.2498182748,
    -195.3464016239));
#7012 = CARTESIAN_POINT('',(21.190836027465,-41.75089296722,
    -195.3464016239));
#7013 = CARTESIAN_POINT('',(20.236659970614,-42.22740721555,
    -195.3464016239));
#7014 = CARTESIAN_POINT('',(19.270294964014,-42.67897244572,
    -195.3464016239));
#7015 = CARTESIAN_POINT('',(18.292502241106,-43.1052280898,
    -195.3464016239));
#7016 = CARTESIAN_POINT('',(17.304055680593,-43.505841586,
    -195.3464016239));
#7017 = CARTESIAN_POINT('',(16.305741806436,-43.8805083787,
    -195.3464016239));
#7018 = CARTESIAN_POINT('',(14.290977769278,-44.57739545812,
    -195.3464016239));
#7019 = CARTESIAN_POINT('',(13.274523638812,-44.89961711714,
    -195.3464016239));
#7020 = CARTESIAN_POINT('',(12.249796642732,-45.19534056876,
    -195.3464016239));
#7021 = CARTESIAN_POINT('',(11.217603388355,-45.46431932015,
    -195.3464016239));
#7022 = CARTESIAN_POINT('',(10.178757844048,-45.70633671239,
    -195.3464016239));
#7023 = CARTESIAN_POINT('',(9.134081339218,-45.92120592049,
    -195.3464016239));
#7024 = CARTESIAN_POINT('',(8.084402564321,-46.10876995333,
    -195.3464016239));
#7025 = CARTESIAN_POINT('',(5.976712577393,-46.42903335413,
    -195.3464016239));
#7026 = CARTESIAN_POINT('',(4.918697214908,-46.56173335274,
    -195.3464016239));
#7027 = CARTESIAN_POINT('',(3.857347570311,-46.6668747254,
    -195.3464016239));
#7028 = CARTESIAN_POINT('',(2.793501563622,-46.74436122183,
    -195.3464016239));
#7029 = CARTESIAN_POINT('',(1.727998947969,-46.79412726561,
    -195.3464016239));
#7030 = CARTESIAN_POINT('',(0.661681309589,-46.81613795421,
    -195.3464016239));
#7031 = CARTESIAN_POINT('',(-0.404607932169,-46.81038905897,
    -195.3464016239));
#7032 = CARTESIAN_POINT('',(-2.315008696747,-46.7503522963,
    -195.3464016239));
#7033 = CARTESIAN_POINT('',(-3.159446310479,-46.70635301896,
    -195.3464016239));
#7034 = CARTESIAN_POINT('',(-4.002915255997,-46.64492245637,
    -195.3464016239));
#7035 = CARTESIAN_POINT('',(-4.844995681127,-46.56608596146,
    -195.3464016239));
#7036 = CARTESIAN_POINT('',(-5.685268991576,-46.46988097683,
    -195.3464016239));
#7037 = CARTESIAN_POINT('',(-6.523317850924,-46.35635703479,
    -195.3464016239));
#7038 = CARTESIAN_POINT('',(-7.358726180632,-46.22557575728,
    -195.3464016239));
#7039 = CARTESIAN_POINT('',(-9.240567213044,-45.89104650161,
    -195.3464016239));
#7040 = CARTESIAN_POINT('',(-10.28520098608,-45.6771631757,
    -195.3464016239));
#7041 = CARTESIAN_POINT('',(-11.32414788717,-45.43610900532,
    -195.3464016239));
#7042 = CARTESIAN_POINT('',(-12.35658343276,-45.16806175709,
    -195.3464016239));
#7043 = CARTESIAN_POINT('',(-13.38169124775,-44.87322883707,
    -195.3464016239));
#7044 = CARTESIAN_POINT('',(-14.3986630655,-44.55184729088,
    -195.3464016239));
#7045 = CARTESIAN_POINT('',(-15.40669872781,-44.20418380359,
    -195.3464016239));
#7046 = CARTESIAN_POINT('',(-17.02464570069,-43.59861441506,
    -195.3464016239));
#7047 = CARTESIAN_POINT('',(-17.64053831509,-43.35668269019,
    -195.3464016239));
#7048 = CARTESIAN_POINT('',(-18.25249505917,-43.1048102602,
    -195.3464016239));
#7049 = CARTESIAN_POINT('',(-18.86032880079,-42.84307203255,
    -195.3464016239));
#7050 = CARTESIAN_POINT('',(-19.46385424459,-42.57154708721,
    -195.3464016239));
#7051 = CARTESIAN_POINT('',(-20.06288793204,-42.29031867663,
    -195.3464016239));
#7052 = CARTESIAN_POINT('',(-20.65724824142,-41.99947422575,
    -195.3464016239));
#7053 = CARTESIAN_POINT('',(-22.29476702044,-41.16511673382,
    -195.3464016239));
#7054 = CARTESIAN_POINT('',(-23.32744382585,-40.60102427783,
    -195.3464016239));
#7055 = CARTESIAN_POINT('',(-24.34377274996,-40.00734437966,
    -195.3464016239));
#7056 = CARTESIAN_POINT('',(-25.34276539397,-39.38463177108,
    -195.3464016239));
#7057 = CARTESIAN_POINT('',(-26.32345801433,-38.73347950006,
    -195.3464016239));
#7058 = CARTESIAN_POINT('',(-27.28491152275,-38.05451893078,
    -195.3464016239));
#7059 = CARTESIAN_POINT('',(-28.22621148618,-37.34841974357,
    -195.3464016239));
#7060 = CARTESIAN_POINT('',(-29.69287105116,-36.18094992816,
    -195.3464016239));
#7061 = CARTESIAN_POINT('',(-30.23185654647,-35.73669120666,
    -195.3464016239));
#7062 = CARTESIAN_POINT('',(-30.76323892338,-35.28326159225,
    -195.3464016239));
#7063 = CARTESIAN_POINT('',(-31.28683627524,-34.82081311668,
    -195.3464016239));
#7064 = CARTESIAN_POINT('',(-31.80247047808,-34.34950202165,
    -195.3464016239));
#7065 = CARTESIAN_POINT('',(-32.30996719064,-33.86948875885,
    -195.3464016239));
#7066 = CARTESIAN_POINT('',(-32.80915585436,-33.38093798995,
    -195.3464016239));
#7067 = CARTESIAN_POINT('',(-33.89389161286,-32.28248466939,
    -195.3464016239));
#7068 = CARTESIAN_POINT('',(-34.47549546333,-31.6686868354,
    -195.3464016239));
#7069 = CARTESIAN_POINT('',(-35.04438522597,-31.04292488863,
    -195.3464016239));
#7070 = CARTESIAN_POINT('',(-35.60027412466,-30.40550652709,
    -195.3464016239));
#7071 = CARTESIAN_POINT('',(-36.14288462595,-29.75674734279,
    -195.3464016239));
#7072 = CARTESIAN_POINT('',(-36.67194843908,-29.09697082175,
    -195.3464016239));
#7073 = CARTESIAN_POINT('',(-37.18720651598,-28.426508344,
    -195.3464016239));
#7074 = CARTESIAN_POINT('',(-39.88910914288,-24.75637515523,
    -195.3464016239));
#7075 = CARTESIAN_POINT('',(-41.81944899717,-21.56672659244,
    -195.3464016239));
#7076 = CARTESIAN_POINT('',(-43.45713117748,-18.20648719415,
    -195.3464016239));
#7077 = CARTESIAN_POINT('',(-44.78507600085,-14.70726293213,
    -195.3464016239));
#7078 = CARTESIAN_POINT('',(-45.79021053184,-11.1020288946,
    -195.3464016239));
#7079 = CARTESIAN_POINT('',(-46.46351300239,-7.425090559509,
    -195.3464016239));
#7080 = CARTESIAN_POINT('',(-46.8,-3.712026271375,-195.3464016239));
#7081 = CARTESIAN_POINT('',(-46.8,-7.105427357601E-15,-195.3464016239));
#7082 = PCURVE('',#6451,#7083);
#7083 = DEFINITIONAL_REPRESENTATION('',(#7084),#7199);
#7084 = B_SPLINE_CURVE_WITH_KNOTS('',8,(#7085,#7086,#7087,#7088,#7089,
    #7090,#7091,#7092,#7093,#7094,#7095,#7096,#7097,#7098,#7099,#7100,
    #7101,#7102,#7103,#7104,#7105,#7106,#7107,#7108,#7109,#7110,#7111,
    #7112,#7113,#7114,#7115,#7116,#7117,#7118,#7119,#7120,#7121,#7122,
    #7123,#7124,#7125,#7126,#7127,#7128,#7129,#7130,#7131,#7132,#7133,
    #7134,#7135,#7136,#7137,#7138,#7139,#7140,#7141,#7142,#7143,#7144,
    #7145,#7146,#7147,#7148,#7149,#7150,#7151,#7152,#7153,#7154,#7155,
    #7156,#7157,#7158,#7159,#7160,#7161,#7162,#7163,#7164,#7165,#7166,
    #7167,#7168,#7169,#7170,#7171,#7172,#7173,#7174,#7175,#7176,#7177,
    #7178,#7179,#7180,#7181,#7182,#7183,#7184,#7185,#7186,#7187,#7188,
    #7189,#7190,#7191,#7192,#7193,#7194,#7195,#7196,#7197,#7198),
  .UNSPECIFIED.,.F.,.F.,(9,7,7,7,7,7,7,7,7,7,7,7,7,7,7,7,9),(0.,
    4.800103617712E-02,0.10400222788,0.162003456318,0.220004684756,
    0.278005913194,0.336007141632,0.39400837007,0.452009598508,
    0.510010826946,0.556011822538,0.614013050976,0.650013836952,
    0.714015168774,0.752015997373,0.798016992964,1.),.UNSPECIFIED.);
#7085 = CARTESIAN_POINT('',(3.14159265359,4.831484156875));
#7086 = CARTESIAN_POINT('',(3.122743104441,4.831484156875));
#7087 = CARTESIAN_POINT('',(3.103893549487,4.831484156875));
#7088 = CARTESIAN_POINT('',(3.085043990663,4.831484156875));
#7089 = CARTESIAN_POINT('',(3.066194429904,4.831484156875));
#7090 = CARTESIAN_POINT('',(3.047344869145,4.831484156875));
#7091 = CARTESIAN_POINT('',(3.028495310321,4.831484156875));
#7092 = CARTESIAN_POINT('',(3.009645755367,4.831484156875));
#7093 = CARTESIAN_POINT('',(2.968805072286,4.831484156875));
#7094 = CARTESIAN_POINT('',(2.946813925803,4.831484156875));
#7095 = CARTESIAN_POINT('',(2.924822770952,4.831484156875));
#7096 = CARTESIAN_POINT('',(2.902831611917,4.831484156875));
#7097 = CARTESIAN_POINT('',(2.880840452882,4.831484156875));
#7098 = CARTESIAN_POINT('',(2.858849298031,4.831484156875));
#7099 = CARTESIAN_POINT('',(2.836858151548,4.831484156875));
#7100 = CARTESIAN_POINT('',(2.792090488332,4.831484156875));
#7101 = CARTESIAN_POINT('',(2.769313944087,4.831484156875));
#7102 = CARTESIAN_POINT('',(2.746537389868,4.831484156875));
#7103 = CARTESIAN_POINT('',(2.723760830662,4.831484156875));
#7104 = CARTESIAN_POINT('',(2.700984271457,4.831484156875));
#7105 = CARTESIAN_POINT('',(2.678207717238,4.831484156875));
#7106 = CARTESIAN_POINT('',(2.655431172993,4.831484156875));
#7107 = CARTESIAN_POINT('',(2.609878114424,4.831484156875));
#7108 = CARTESIAN_POINT('',(2.587101570179,4.831484156875));
#7109 = CARTESIAN_POINT('',(2.56432501596,4.831484156875));
#7110 = CARTESIAN_POINT('',(2.541548456754,4.831484156875));
#7111 = CARTESIAN_POINT('',(2.518771897548,4.831484156875));
#7112 = CARTESIAN_POINT('',(2.495995343329,4.831484156875));
#7113 = CARTESIAN_POINT('',(2.473218799084,4.831484156875));
#7114 = CARTESIAN_POINT('',(2.427665740516,4.831484156875));
#7115 = CARTESIAN_POINT('',(2.404889196271,4.831484156875));
#7116 = CARTESIAN_POINT('',(2.382112642052,4.831484156875));
#7117 = CARTESIAN_POINT('',(2.359336082846,4.831484156875));
#7118 = CARTESIAN_POINT('',(2.33655952364,4.831484156875));
#7119 = CARTESIAN_POINT('',(2.313782969421,4.831484156875));
#7120 = CARTESIAN_POINT('',(2.291006425176,4.831484156875));
#7121 = CARTESIAN_POINT('',(2.245453366608,4.831484156875));
#7122 = CARTESIAN_POINT('',(2.222676822363,4.831484156875));
#7123 = CARTESIAN_POINT('',(2.199900268144,4.831484156875));
#7124 = CARTESIAN_POINT('',(2.177123708938,4.831484156875));
#7125 = CARTESIAN_POINT('',(2.154347149732,4.831484156875));
#7126 = CARTESIAN_POINT('',(2.131570595513,4.831484156875));
#7127 = CARTESIAN_POINT('',(2.108794051268,4.831484156875));
#7128 = CARTESIAN_POINT('',(2.0632409927,4.831484156875));
#7129 = CARTESIAN_POINT('',(2.040464448455,4.831484156875));
#7130 = CARTESIAN_POINT('',(2.017687894236,4.831484156875));
#7131 = CARTESIAN_POINT('',(1.99491133503,4.831484156875));
#7132 = CARTESIAN_POINT('',(1.972134775824,4.831484156875));
#7133 = CARTESIAN_POINT('',(1.949358221605,4.831484156875));
#7134 = CARTESIAN_POINT('',(1.92658167736,4.831484156875));
#7135 = CARTESIAN_POINT('',(1.881028618791,4.831484156875));
#7136 = CARTESIAN_POINT('',(1.858252074546,4.831484156875));
#7137 = CARTESIAN_POINT('',(1.835475520327,4.831484156875));
#7138 = CARTESIAN_POINT('',(1.812698961121,4.831484156875));
#7139 = CARTESIAN_POINT('',(1.789922401916,4.831484156875));
#7140 = CARTESIAN_POINT('',(1.767145847697,4.831484156875));
#7141 = CARTESIAN_POINT('',(1.744369303452,4.831484156875));
#7142 = CARTESIAN_POINT('',(1.698816244883,4.831484156875));
#7143 = CARTESIAN_POINT('',(1.676039700638,4.831484156875));
#7144 = CARTESIAN_POINT('',(1.653263146419,4.831484156875));
#7145 = CARTESIAN_POINT('',(1.630486587213,4.831484156875));
#7146 = CARTESIAN_POINT('',(1.607710028007,4.831484156875));
#7147 = CARTESIAN_POINT('',(1.584933473788,4.831484156875));
#7148 = CARTESIAN_POINT('',(1.562156929543,4.831484156875));
#7149 = CARTESIAN_POINT('',(1.521316247975,4.831484156875));
#7150 = CARTESIAN_POINT('',(1.503252090999,4.831484156875));
#7151 = CARTESIAN_POINT('',(1.485187930894,4.831484156875));
#7152 = CARTESIAN_POINT('',(1.467123769227,4.831484156875));
#7153 = CARTESIAN_POINT('',(1.449059607559,4.831484156875));
#7154 = CARTESIAN_POINT('',(1.430995447455,4.831484156875));
#7155 = CARTESIAN_POINT('',(1.412931290478,4.831484156875));
#7156 = CARTESIAN_POINT('',(1.37209060891,4.831484156875));
#7157 = CARTESIAN_POINT('',(1.349314064665,4.831484156875));
#7158 = CARTESIAN_POINT('',(1.326537510446,4.831484156875));
#7159 = CARTESIAN_POINT('',(1.30376095124,4.831484156875));
#7160 = CARTESIAN_POINT('',(1.280984392034,4.831484156875));
#7161 = CARTESIAN_POINT('',(1.258207837815,4.831484156875));
#7162 = CARTESIAN_POINT('',(1.23543129357,4.831484156875));
#7163 = CARTESIAN_POINT('',(1.198517598951,4.831484156875));
#7164 = CARTESIAN_POINT('',(1.18438043224,4.831484156875));
#7165 = CARTESIAN_POINT('',(1.17024326461,4.831484156875));
#7166 = CARTESIAN_POINT('',(1.156106096521,4.831484156875));
#7167 = CARTESIAN_POINT('',(1.141968928432,4.831484156875));
#7168 = CARTESIAN_POINT('',(1.127831760803,4.831484156875));
#7169 = CARTESIAN_POINT('',(1.113694594091,4.831484156875));
#7170 = CARTESIAN_POINT('',(1.074424716093,4.831484156875));
#7171 = CARTESIAN_POINT('',(1.049291978945,4.831484156875));
#7172 = CARTESIAN_POINT('',(1.024159225474,4.831484156875));
#7173 = CARTESIAN_POINT('',(0.999026463842,4.831484156875));
#7174 = CARTESIAN_POINT('',(0.973893702209,4.831484156875));
#7175 = CARTESIAN_POINT('',(0.948760948738,4.831484156875));
#7176 = CARTESIAN_POINT('',(0.92362821159,4.831484156875));
#7177 = CARTESIAN_POINT('',(0.883572935928,4.831484156875));
#7178 = CARTESIAN_POINT('',(0.868650371124,4.831484156875));
#7179 = CARTESIAN_POINT('',(0.853727805117,4.831484156875));
#7180 = CARTESIAN_POINT('',(0.838805238509,4.831484156875));
#7181 = CARTESIAN_POINT('',(0.8238826719,4.831484156875));
#7182 = CARTESIAN_POINT('',(0.808960105893,4.831484156875));
#7183 = CARTESIAN_POINT('',(0.79403754109,4.831484156875));
#7184 = CARTESIAN_POINT('',(0.761050825806,4.831484156875));
#7185 = CARTESIAN_POINT('',(0.74298666883,4.831484156875));
#7186 = CARTESIAN_POINT('',(0.724922508726,4.831484156875));
#7187 = CARTESIAN_POINT('',(0.706858347058,4.831484156875));
#7188 = CARTESIAN_POINT('',(0.68879418539,4.831484156875));
#7189 = CARTESIAN_POINT('',(0.670730025286,4.831484156875));
#7190 = CARTESIAN_POINT('',(0.65266586831,4.831484156875));
#7191 = CARTESIAN_POINT('',(0.555284915355,4.831484156875));
#7192 = CARTESIAN_POINT('',(0.475945947406,4.831484156875));
#7193 = CARTESIAN_POINT('',(0.396618441401,4.831484156875));
#7194 = CARTESIAN_POINT('',(0.317300858013,4.831484156875));
#7195 = CARTESIAN_POINT('',(0.237983274624,4.831484156875));
#7196 = CARTESIAN_POINT('',(0.158655768619,4.831484156875));
#7197 = CARTESIAN_POINT('',(7.931680067041E-02,4.831484156875));
#7198 = CARTESIAN_POINT('',(0.,4.831484156875));
#7199 = ( GEOMETRIC_REPRESENTATION_CONTEXT(2) 
PARAMETRIC_REPRESENTATION_CONTEXT() REPRESENTATION_CONTEXT('2D SPACE',''
  ) );
#7200 = PCURVE('',#530,#7201);
#7201 = DEFINITIONAL_REPRESENTATION('',(#7202),#7317);
#7202 = B_SPLINE_CURVE_WITH_KNOTS('',8,(#7203,#7204,#7205,#7206,#7207,
    #7208,#7209,#7210,#7211,#7212,#7213,#7214,#7215,#7216,#7217,#7218,
    #7219,#7220,#7221,#7222,#7223,#7224,#7225,#7226,#7227,#7228,#7229,
    #7230,#7231,#7232,#7233,#7234,#7235,#7236,#7237,#7238,#7239,#7240,
    #7241,#7242,#7243,#7244,#7245,#7246,#7247,#7248,#7249,#7250,#7251,
    #7252,#7253,#7254,#7255,#7256,#7257,#7258,#7259,#7260,#7261,#7262,
    #7263,#7264,#7265,#7266,#7267,#7268,#7269,#7270,#7271,#7272,#7273,
    #7274,#7275,#7276,#7277,#7278,#7279,#7280,#7281,#7282,#7283,#7284,
    #7285,#7286,#7287,#7288,#7289,#7290,#7291,#7292,#7293,#7294,#7295,
    #7296,#7297,#7298,#7299,#7300,#7301,#7302,#7303,#7304,#7305,#7306,
    #7307,#7308,#7309,#7310,#7311,#7312,#7313,#7314,#7315,#7316),
  .UNSPECIFIED.,.F.,.F.,(9,7,7,7,7,7,7,7,7,7,7,7,7,7,7,7,9),(0.,
    4.800103617712E-02,0.10400222788,0.162003456318,0.220004684756,
    0.278005913194,0.336007141632,0.39400837007,0.452009598508,
    0.510010826946,0.556011822538,0.614013050976,0.650013836952,
    0.714015168774,0.752015997373,0.798016992964,1.),.UNSPECIFIED.);
#7203 = CARTESIAN_POINT('',(6.28318530718,7.253598376053));
#7204 = CARTESIAN_POINT('',(6.26433575803,7.253598376053));
#7205 = CARTESIAN_POINT('',(6.245486203076,7.253598376053));
#7206 = CARTESIAN_POINT('',(6.226636644252,7.253598376053));
#7207 = CARTESIAN_POINT('',(6.207787083493,7.253598376053));
#7208 = CARTESIAN_POINT('',(6.188937522735,7.253598376053));
#7209 = CARTESIAN_POINT('',(6.170087963911,7.253598376053));
#7210 = CARTESIAN_POINT('',(6.151238408957,7.253598376053));
#7211 = CARTESIAN_POINT('',(6.110397725876,7.253598376053));
#7212 = CARTESIAN_POINT('',(6.088406579393,7.253598376053));
#7213 = CARTESIAN_POINT('',(6.066415424542,7.253598376053));
#7214 = CARTESIAN_POINT('',(6.044424265507,7.253598376053));
#7215 = CARTESIAN_POINT('',(6.022433106472,7.253598376053));
#7216 = CARTESIAN_POINT('',(6.000441951621,7.253598376053));
#7217 = CARTESIAN_POINT('',(5.978450805138,7.253598376053));
#7218 = CARTESIAN_POINT('',(5.933683141922,7.253598376053));
#7219 = CARTESIAN_POINT('',(5.910906597677,7.253598376053));
#7220 = CARTESIAN_POINT('',(5.888130043458,7.253598376053));
#7221 = CARTESIAN_POINT('',(5.865353484252,7.253598376053));
#7222 = CARTESIAN_POINT('',(5.842576925046,7.253598376053));
#7223 = CARTESIAN_POINT('',(5.819800370827,7.253598376053));
#7224 = CARTESIAN_POINT('',(5.797023826582,7.253598376053));
#7225 = CARTESIAN_POINT('',(5.751470768014,7.253598376053));
#7226 = CARTESIAN_POINT('',(5.728694223769,7.253598376053));
#7227 = CARTESIAN_POINT('',(5.70591766955,7.253598376053));
#7228 = CARTESIAN_POINT('',(5.683141110344,7.253598376053));
#7229 = CARTESIAN_POINT('',(5.660364551138,7.253598376053));
#7230 = CARTESIAN_POINT('',(5.637587996919,7.253598376053));
#7231 = CARTESIAN_POINT('',(5.614811452674,7.253598376053));
#7232 = CARTESIAN_POINT('',(5.569258394106,7.253598376053));
#7233 = CARTESIAN_POINT('',(5.546481849861,7.253598376053));
#7234 = CARTESIAN_POINT('',(5.523705295642,7.253598376053));
#7235 = CARTESIAN_POINT('',(5.500928736436,7.253598376053));
#7236 = CARTESIAN_POINT('',(5.47815217723,7.253598376053));
#7237 = CARTESIAN_POINT('',(5.455375623011,7.253598376053));
#7238 = CARTESIAN_POINT('',(5.432599078766,7.253598376053));
#7239 = CARTESIAN_POINT('',(5.387046020198,7.253598376053));
#7240 = CARTESIAN_POINT('',(5.364269475953,7.253598376053));
#7241 = CARTESIAN_POINT('',(5.341492921734,7.253598376053));
#7242 = CARTESIAN_POINT('',(5.318716362528,7.253598376053));
#7243 = CARTESIAN_POINT('',(5.295939803322,7.253598376053));
#7244 = CARTESIAN_POINT('',(5.273163249103,7.253598376053));
#7245 = CARTESIAN_POINT('',(5.250386704858,7.253598376053));
#7246 = CARTESIAN_POINT('',(5.204833646289,7.253598376053));
#7247 = CARTESIAN_POINT('',(5.182057102044,7.253598376053));
#7248 = CARTESIAN_POINT('',(5.159280547825,7.253598376053));
#7249 = CARTESIAN_POINT('',(5.136503988619,7.253598376053));
#7250 = CARTESIAN_POINT('',(5.113727429414,7.253598376053));
#7251 = CARTESIAN_POINT('',(5.090950875195,7.253598376053));
#7252 = CARTESIAN_POINT('',(5.06817433095,7.253598376053));
#7253 = CARTESIAN_POINT('',(5.022621272381,7.253598376053));
#7254 = CARTESIAN_POINT('',(4.999844728136,7.253598376053));
#7255 = CARTESIAN_POINT('',(4.977068173917,7.253598376053));
#7256 = CARTESIAN_POINT('',(4.954291614711,7.253598376053));
#7257 = CARTESIAN_POINT('',(4.931515055505,7.253598376053));
#7258 = CARTESIAN_POINT('',(4.908738501286,7.253598376053));
#7259 = CARTESIAN_POINT('',(4.885961957041,7.253598376053));
#7260 = CARTESIAN_POINT('',(4.840408898473,7.253598376053));
#7261 = CARTESIAN_POINT('',(4.817632354228,7.253598376053));
#7262 = CARTESIAN_POINT('',(4.794855800009,7.253598376053));
#7263 = CARTESIAN_POINT('',(4.772079240803,7.253598376053));
#7264 = CARTESIAN_POINT('',(4.749302681597,7.253598376053));
#7265 = CARTESIAN_POINT('',(4.726526127378,7.253598376053));
#7266 = CARTESIAN_POINT('',(4.703749583133,7.253598376053));
#7267 = CARTESIAN_POINT('',(4.662908901564,7.253598376053));
#7268 = CARTESIAN_POINT('',(4.644844744588,7.253598376053));
#7269 = CARTESIAN_POINT('',(4.626780584484,7.253598376053));
#7270 = CARTESIAN_POINT('',(4.608716422816,7.253598376053));
#7271 = CARTESIAN_POINT('',(4.590652261148,7.253598376053));
#7272 = CARTESIAN_POINT('',(4.572588101044,7.253598376053));
#7273 = CARTESIAN_POINT('',(4.554523944068,7.253598376053));
#7274 = CARTESIAN_POINT('',(4.5136832625,7.253598376053));
#7275 = CARTESIAN_POINT('',(4.490906718255,7.253598376053));
#7276 = CARTESIAN_POINT('',(4.468130164036,7.253598376053));
#7277 = CARTESIAN_POINT('',(4.44535360483,7.253598376053));
#7278 = CARTESIAN_POINT('',(4.422577045624,7.253598376053));
#7279 = CARTESIAN_POINT('',(4.399800491405,7.253598376053));
#7280 = CARTESIAN_POINT('',(4.37702394716,7.253598376053));
#7281 = CARTESIAN_POINT('',(4.340110252541,7.253598376053));
#7282 = CARTESIAN_POINT('',(4.325973085829,7.253598376053));
#7283 = CARTESIAN_POINT('',(4.3118359182,7.253598376053));
#7284 = CARTESIAN_POINT('',(4.297698750111,7.253598376053));
#7285 = CARTESIAN_POINT('',(4.283561582022,7.253598376053));
#7286 = CARTESIAN_POINT('',(4.269424414393,7.253598376053));
#7287 = CARTESIAN_POINT('',(4.255287247681,7.253598376053));
#7288 = CARTESIAN_POINT('',(4.216017369683,7.253598376053));
#7289 = CARTESIAN_POINT('',(4.190884632535,7.253598376053));
#7290 = CARTESIAN_POINT('',(4.165751879064,7.253598376053));
#7291 = CARTESIAN_POINT('',(4.140619117431,7.253598376053));
#7292 = CARTESIAN_POINT('',(4.115486355799,7.253598376053));
#7293 = CARTESIAN_POINT('',(4.090353602328,7.253598376053));
#7294 = CARTESIAN_POINT('',(4.06522086518,7.253598376053));
#7295 = CARTESIAN_POINT('',(4.025165589517,7.253598376053));
#7296 = CARTESIAN_POINT('',(4.010243024714,7.253598376053));
#7297 = CARTESIAN_POINT('',(3.995320458707,7.253598376053));
#7298 = CARTESIAN_POINT('',(3.980397892098,7.253598376053));
#7299 = CARTESIAN_POINT('',(3.96547532549,7.253598376053));
#7300 = CARTESIAN_POINT('',(3.950552759483,7.253598376053));
#7301 = CARTESIAN_POINT('',(3.935630194679,7.253598376053));
#7302 = CARTESIAN_POINT('',(3.902643479396,7.253598376053));
#7303 = CARTESIAN_POINT('',(3.88457932242,7.253598376053));
#7304 = CARTESIAN_POINT('',(3.866515162316,7.253598376053));
#7305 = CARTESIAN_POINT('',(3.848451000648,7.253598376053));
#7306 = CARTESIAN_POINT('',(3.83038683898,7.253598376053));
#7307 = CARTESIAN_POINT('',(3.812322678876,7.253598376053));
#7308 = CARTESIAN_POINT('',(3.794258521899,7.253598376053));
#7309 = CARTESIAN_POINT('',(3.696877568945,7.253598376053));
#7310 = CARTESIAN_POINT('',(3.617538600996,7.253598376053));
#7311 = CARTESIAN_POINT('',(3.538211094991,7.253598376053));
#7312 = CARTESIAN_POINT('',(3.458893511602,7.253598376053));
#7313 = CARTESIAN_POINT('',(3.379575928214,7.253598376053));
#7314 = CARTESIAN_POINT('',(3.300248422209,7.253598376053));
#7315 = CARTESIAN_POINT('',(3.22090945426,7.253598376053));
#7316 = CARTESIAN_POINT('',(3.14159265359,7.253598376053));
#7317 = ( GEOMETRIC_REPRESENTATION_CONTEXT(2) 
PARAMETRIC_REPRESENTATION_CONTEXT() REPRESENTATION_CONTEXT('2D SPACE',''
  ) );
#7318 = ORIENTED_EDGE('',*,*,#6795,.F.);
#7319 = ORIENTED_EDGE('',*,*,#6225,.F.);
#7320 = ADVANCED_FACE('',(#7321),#3020,.T.);
#7321 = FACE_BOUND('',#7322,.T.);
#7322 = EDGE_LOOP('',(#7323,#7324,#7347,#7374,#7375));
#7323 = ORIENTED_EDGE('',*,*,#2796,.F.);
#7324 = ORIENTED_EDGE('',*,*,#7325,.T.);
#7325 = EDGE_CURVE('',#2797,#7326,#7328,.T.);
#7326 = VERTEX_POINT('',#7327);
#7327 = CARTESIAN_POINT('',(20.,-4.898587196589E-15,-193.7));
#7328 = SEAM_CURVE('',#7329,(#7333,#7340),.PCURVE_S1.);
#7329 = LINE('',#7330,#7331);
#7330 = CARTESIAN_POINT('',(20.,-4.898587196589E-15,-198.6));
#7331 = VECTOR('',#7332,1.);
#7332 = DIRECTION('',(0.,0.,1.));
#7333 = PCURVE('',#3020,#7334);
#7334 = DEFINITIONAL_REPRESENTATION('',(#7335),#7339);
#7335 = LINE('',#7336,#7337);
#7336 = CARTESIAN_POINT('',(0.,-0.));
#7337 = VECTOR('',#7338,1.);
#7338 = DIRECTION('',(0.,1.));
#7339 = ( GEOMETRIC_REPRESENTATION_CONTEXT(2) 
PARAMETRIC_REPRESENTATION_CONTEXT() REPRESENTATION_CONTEXT('2D SPACE',''
  ) );
#7340 = PCURVE('',#3020,#7341);
#7341 = DEFINITIONAL_REPRESENTATION('',(#7342),#7346);
#7342 = LINE('',#7343,#7344);
#7343 = CARTESIAN_POINT('',(6.28318530718,-0.));
#7344 = VECTOR('',#7345,1.);
#7345 = DIRECTION('',(0.,1.));
#7346 = ( GEOMETRIC_REPRESENTATION_CONTEXT(2) 
PARAMETRIC_REPRESENTATION_CONTEXT() REPRESENTATION_CONTEXT('2D SPACE',''
  ) );
#7347 = ORIENTED_EDGE('',*,*,#7348,.F.);
#7348 = EDGE_CURVE('',#7326,#7326,#7349,.T.);
#7349 = SURFACE_CURVE('',#7350,(#7355,#7362),.PCURVE_S1.);
#7350 = CIRCLE('',#7351,20.);
#7351 = AXIS2_PLACEMENT_3D('',#7352,#7353,#7354);
#7352 = CARTESIAN_POINT('',(0.,0.,-193.7));
#7353 = DIRECTION('',(0.,0.,1.));
#7354 = DIRECTION('',(1.,0.,-0.));
#7355 = PCURVE('',#3020,#7356);
#7356 = DEFINITIONAL_REPRESENTATION('',(#7357),#7361);
#7357 = LINE('',#7358,#7359);
#7358 = CARTESIAN_POINT('',(0.,4.9));
#7359 = VECTOR('',#7360,1.);
#7360 = DIRECTION('',(1.,0.));
#7361 = ( GEOMETRIC_REPRESENTATION_CONTEXT(2) 
PARAMETRIC_REPRESENTATION_CONTEXT() REPRESENTATION_CONTEXT('2D SPACE',''
  ) );
#7362 = PCURVE('',#7363,#7368);
#7363 = PLANE('',#7364);
#7364 = AXIS2_PLACEMENT_3D('',#7365,#7366,#7367);
#7365 = CARTESIAN_POINT('',(0.,0.,-193.7));
#7366 = DIRECTION('',(0.,0.,1.));
#7367 = DIRECTION('',(1.,0.,-0.));
#7368 = DEFINITIONAL_REPRESENTATION('',(#7369),#7373);
#7369 = CIRCLE('',#7370,20.);
#7370 = AXIS2_PLACEMENT_2D('',#7371,#7372);
#7371 = CARTESIAN_POINT('',(0.,0.));
#7372 = DIRECTION('',(1.,0.));
#7373 = ( GEOMETRIC_REPRESENTATION_CONTEXT(2) 
PARAMETRIC_REPRESENTATION_CONTEXT() REPRESENTATION_CONTEXT('2D SPACE',''
  ) );
#7374 = ORIENTED_EDGE('',*,*,#7325,.F.);
#7375 = ORIENTED_EDGE('',*,*,#3136,.F.);
#7376 = ADVANCED_FACE('',(#7377,#7380,#7411,#7442,#7473,#7504),#7363,.T.
  );
#7377 = FACE_BOUND('',#7378,.T.);
#7378 = EDGE_LOOP('',(#7379));
#7379 = ORIENTED_EDGE('',*,*,#7348,.T.);
#7380 = FACE_BOUND('',#7381,.T.);
#7381 = EDGE_LOOP('',(#7382));
#7382 = ORIENTED_EDGE('',*,*,#7383,.F.);
#7383 = EDGE_CURVE('',#7384,#7384,#7386,.T.);
#7384 = VERTEX_POINT('',#7385);
#7385 = CARTESIAN_POINT('',(-6.3,-8.,-193.7));
#7386 = SURFACE_CURVE('',#7387,(#7392,#7399),.PCURVE_S1.);
#7387 = CIRCLE('',#7388,1.7);
#7388 = AXIS2_PLACEMENT_3D('',#7389,#7390,#7391);
#7389 = CARTESIAN_POINT('',(-8.,-8.,-193.7));
#7390 = DIRECTION('',(0.,0.,1.));
#7391 = DIRECTION('',(1.,0.,-0.));
#7392 = PCURVE('',#7363,#7393);
#7393 = DEFINITIONAL_REPRESENTATION('',(#7394),#7398);
#7394 = CIRCLE('',#7395,1.7);
#7395 = AXIS2_PLACEMENT_2D('',#7396,#7397);
#7396 = CARTESIAN_POINT('',(-8.,-8.));
#7397 = DIRECTION('',(1.,0.));
#7398 = ( GEOMETRIC_REPRESENTATION_CONTEXT(2) 
PARAMETRIC_REPRESENTATION_CONTEXT() REPRESENTATION_CONTEXT('2D SPACE',''
  ) );
#7399 = PCURVE('',#7400,#7405);
#7400 = CYLINDRICAL_SURFACE('',#7401,1.7);
#7401 = AXIS2_PLACEMENT_3D('',#7402,#7403,#7404);
#7402 = CARTESIAN_POINT('',(-8.,-8.,-198.7));
#7403 = DIRECTION('',(0.,0.,1.));
#7404 = DIRECTION('',(1.,0.,-0.));
#7405 = DEFINITIONAL_REPRESENTATION('',(#7406),#7410);
#7406 = LINE('',#7407,#7408);
#7407 = CARTESIAN_POINT('',(0.,5.));
#7408 = VECTOR('',#7409,1.);
#7409 = DIRECTION('',(1.,0.));
#7410 = ( GEOMETRIC_REPRESENTATION_CONTEXT(2) 
PARAMETRIC_REPRESENTATION_CONTEXT() REPRESENTATION_CONTEXT('2D SPACE',''
  ) );
#7411 = FACE_BOUND('',#7412,.T.);
#7412 = EDGE_LOOP('',(#7413));
#7413 = ORIENTED_EDGE('',*,*,#7414,.F.);
#7414 = EDGE_CURVE('',#7415,#7415,#7417,.T.);
#7415 = VERTEX_POINT('',#7416);
#7416 = CARTESIAN_POINT('',(9.7,-8.,-193.7));
#7417 = SURFACE_CURVE('',#7418,(#7423,#7430),.PCURVE_S1.);
#7418 = CIRCLE('',#7419,1.7);
#7419 = AXIS2_PLACEMENT_3D('',#7420,#7421,#7422);
#7420 = CARTESIAN_POINT('',(8.,-8.,-193.7));
#7421 = DIRECTION('',(0.,0.,1.));
#7422 = DIRECTION('',(1.,0.,-0.));
#7423 = PCURVE('',#7363,#7424);
#7424 = DEFINITIONAL_REPRESENTATION('',(#7425),#7429);
#7425 = CIRCLE('',#7426,1.7);
#7426 = AXIS2_PLACEMENT_2D('',#7427,#7428);
#7427 = CARTESIAN_POINT('',(8.,-8.));
#7428 = DIRECTION('',(1.,0.));
#7429 = ( GEOMETRIC_REPRESENTATION_CONTEXT(2) 
PARAMETRIC_REPRESENTATION_CONTEXT() REPRESENTATION_CONTEXT('2D SPACE',''
  ) );
#7430 = PCURVE('',#7431,#7436);
#7431 = CYLINDRICAL_SURFACE('',#7432,1.7);
#7432 = AXIS2_PLACEMENT_3D('',#7433,#7434,#7435);
#7433 = CARTESIAN_POINT('',(8.,-8.,-198.7));
#7434 = DIRECTION('',(0.,0.,1.));
#7435 = DIRECTION('',(1.,0.,-0.));
#7436 = DEFINITIONAL_REPRESENTATION('',(#7437),#7441);
#7437 = LINE('',#7438,#7439);
#7438 = CARTESIAN_POINT('',(0.,5.));
#7439 = VECTOR('',#7440,1.);
#7440 = DIRECTION('',(1.,0.));
#7441 = ( GEOMETRIC_REPRESENTATION_CONTEXT(2) 
PARAMETRIC_REPRESENTATION_CONTEXT() REPRESENTATION_CONTEXT('2D SPACE',''
  ) );
#7442 = FACE_BOUND('',#7443,.T.);
#7443 = EDGE_LOOP('',(#7444));
#7444 = ORIENTED_EDGE('',*,*,#7445,.F.);
#7445 = EDGE_CURVE('',#7446,#7446,#7448,.T.);
#7446 = VERTEX_POINT('',#7447);
#7447 = CARTESIAN_POINT('',(-6.3,8.,-193.7));
#7448 = SURFACE_CURVE('',#7449,(#7454,#7461),.PCURVE_S1.);
#7449 = CIRCLE('',#7450,1.7);
#7450 = AXIS2_PLACEMENT_3D('',#7451,#7452,#7453);
#7451 = CARTESIAN_POINT('',(-8.,8.,-193.7));
#7452 = DIRECTION('',(0.,0.,1.));
#7453 = DIRECTION('',(1.,0.,-0.));
#7454 = PCURVE('',#7363,#7455);
#7455 = DEFINITIONAL_REPRESENTATION('',(#7456),#7460);
#7456 = CIRCLE('',#7457,1.7);
#7457 = AXIS2_PLACEMENT_2D('',#7458,#7459);
#7458 = CARTESIAN_POINT('',(-8.,8.));
#7459 = DIRECTION('',(1.,0.));
#7460 = ( GEOMETRIC_REPRESENTATION_CONTEXT(2) 
PARAMETRIC_REPRESENTATION_CONTEXT() REPRESENTATION_CONTEXT('2D SPACE',''
  ) );
#7461 = PCURVE('',#7462,#7467);
#7462 = CYLINDRICAL_SURFACE('',#7463,1.7);
#7463 = AXIS2_PLACEMENT_3D('',#7464,#7465,#7466);
#7464 = CARTESIAN_POINT('',(-8.,8.,-198.7));
#7465 = DIRECTION('',(0.,0.,1.));
#7466 = DIRECTION('',(1.,0.,-0.));
#7467 = DEFINITIONAL_REPRESENTATION('',(#7468),#7472);
#7468 = LINE('',#7469,#7470);
#7469 = CARTESIAN_POINT('',(0.,5.));
#7470 = VECTOR('',#7471,1.);
#7471 = DIRECTION('',(1.,0.));
#7472 = ( GEOMETRIC_REPRESENTATION_CONTEXT(2) 
PARAMETRIC_REPRESENTATION_CONTEXT() REPRESENTATION_CONTEXT('2D SPACE',''
  ) );
#7473 = FACE_BOUND('',#7474,.T.);
#7474 = EDGE_LOOP('',(#7475));
#7475 = ORIENTED_EDGE('',*,*,#7476,.F.);
#7476 = EDGE_CURVE('',#7477,#7477,#7479,.T.);
#7477 = VERTEX_POINT('',#7478);
#7478 = CARTESIAN_POINT('',(4.5,-1.102182119233E-15,-193.7));
#7479 = SURFACE_CURVE('',#7480,(#7485,#7492),.PCURVE_S1.);
#7480 = CIRCLE('',#7481,4.5);
#7481 = AXIS2_PLACEMENT_3D('',#7482,#7483,#7484);
#7482 = CARTESIAN_POINT('',(0.,0.,-193.7));
#7483 = DIRECTION('',(0.,0.,1.));
#7484 = DIRECTION('',(1.,0.,-0.));
#7485 = PCURVE('',#7363,#7486);
#7486 = DEFINITIONAL_REPRESENTATION('',(#7487),#7491);
#7487 = CIRCLE('',#7488,4.5);
#7488 = AXIS2_PLACEMENT_2D('',#7489,#7490);
#7489 = CARTESIAN_POINT('',(0.,0.));
#7490 = DIRECTION('',(1.,0.));
#7491 = ( GEOMETRIC_REPRESENTATION_CONTEXT(2) 
PARAMETRIC_REPRESENTATION_CONTEXT() REPRESENTATION_CONTEXT('2D SPACE',''
  ) );
#7492 = PCURVE('',#7493,#7498);
#7493 = CYLINDRICAL_SURFACE('',#7494,4.5);
#7494 = AXIS2_PLACEMENT_3D('',#7495,#7496,#7497);
#7495 = CARTESIAN_POINT('',(0.,0.,-198.7));
#7496 = DIRECTION('',(0.,0.,1.));
#7497 = DIRECTION('',(1.,0.,-0.));
#7498 = DEFINITIONAL_REPRESENTATION('',(#7499),#7503);
#7499 = LINE('',#7500,#7501);
#7500 = CARTESIAN_POINT('',(0.,5.));
#7501 = VECTOR('',#7502,1.);
#7502 = DIRECTION('',(1.,0.));
#7503 = ( GEOMETRIC_REPRESENTATION_CONTEXT(2) 
PARAMETRIC_REPRESENTATION_CONTEXT() REPRESENTATION_CONTEXT('2D SPACE',''
  ) );
#7504 = FACE_BOUND('',#7505,.T.);
#7505 = EDGE_LOOP('',(#7506));
#7506 = ORIENTED_EDGE('',*,*,#7507,.F.);
#7507 = EDGE_CURVE('',#7508,#7508,#7510,.T.);
#7508 = VERTEX_POINT('',#7509);
#7509 = CARTESIAN_POINT('',(9.7,8.,-193.7));
#7510 = SURFACE_CURVE('',#7511,(#7516,#7523),.PCURVE_S1.);
#7511 = CIRCLE('',#7512,1.7);
#7512 = AXIS2_PLACEMENT_3D('',#7513,#7514,#7515);
#7513 = CARTESIAN_POINT('',(8.,8.,-193.7));
#7514 = DIRECTION('',(0.,0.,1.));
#7515 = DIRECTION('',(1.,0.,-0.));
#7516 = PCURVE('',#7363,#7517);
#7517 = DEFINITIONAL_REPRESENTATION('',(#7518),#7522);
#7518 = CIRCLE('',#7519,1.7);
#7519 = AXIS2_PLACEMENT_2D('',#7520,#7521);
#7520 = CARTESIAN_POINT('',(8.,8.));
#7521 = DIRECTION('',(1.,0.));
#7522 = ( GEOMETRIC_REPRESENTATION_CONTEXT(2) 
PARAMETRIC_REPRESENTATION_CONTEXT() REPRESENTATION_CONTEXT('2D SPACE',''
  ) );
#7523 = PCURVE('',#7524,#7529);
#7524 = CYLINDRICAL_SURFACE('',#7525,1.7);
#7525 = AXIS2_PLACEMENT_3D('',#7526,#7527,#7528);
#7526 = CARTESIAN_POINT('',(8.,8.,-198.7));
#7527 = DIRECTION('',(0.,0.,1.));
#7528 = DIRECTION('',(1.,0.,-0.));
#7529 = DEFINITIONAL_REPRESENTATION('',(#7530),#7534);
#7530 = LINE('',#7531,#7532);
#7531 = CARTESIAN_POINT('',(0.,5.));
#7532 = VECTOR('',#7533,1.);
#7533 = DIRECTION('',(1.,0.));
#7534 = ( GEOMETRIC_REPRESENTATION_CONTEXT(2) 
PARAMETRIC_REPRESENTATION_CONTEXT() REPRESENTATION_CONTEXT('2D SPACE',''
  ) );
#7535 = ADVANCED_FACE('',(#7536),#7524,.F.);
#7536 = FACE_BOUND('',#7537,.F.);
#7537 = EDGE_LOOP('',(#7538,#7539,#7562,#7589));
#7538 = ORIENTED_EDGE('',*,*,#7507,.F.);
#7539 = ORIENTED_EDGE('',*,*,#7540,.F.);
#7540 = EDGE_CURVE('',#7541,#7508,#7543,.T.);
#7541 = VERTEX_POINT('',#7542);
#7542 = CARTESIAN_POINT('',(9.7,8.,-195.7));
#7543 = SEAM_CURVE('',#7544,(#7548,#7555),.PCURVE_S1.);
#7544 = LINE('',#7545,#7546);
#7545 = CARTESIAN_POINT('',(9.7,8.,-198.7));
#7546 = VECTOR('',#7547,1.);
#7547 = DIRECTION('',(0.,0.,1.));
#7548 = PCURVE('',#7524,#7549);
#7549 = DEFINITIONAL_REPRESENTATION('',(#7550),#7554);
#7550 = LINE('',#7551,#7552);
#7551 = CARTESIAN_POINT('',(6.28318530718,-0.));
#7552 = VECTOR('',#7553,1.);
#7553 = DIRECTION('',(0.,1.));
#7554 = ( GEOMETRIC_REPRESENTATION_CONTEXT(2) 
PARAMETRIC_REPRESENTATION_CONTEXT() REPRESENTATION_CONTEXT('2D SPACE',''
  ) );
#7555 = PCURVE('',#7524,#7556);
#7556 = DEFINITIONAL_REPRESENTATION('',(#7557),#7561);
#7557 = LINE('',#7558,#7559);
#7558 = CARTESIAN_POINT('',(0.,-0.));
#7559 = VECTOR('',#7560,1.);
#7560 = DIRECTION('',(0.,1.));
#7561 = ( GEOMETRIC_REPRESENTATION_CONTEXT(2) 
PARAMETRIC_REPRESENTATION_CONTEXT() REPRESENTATION_CONTEXT('2D SPACE',''
  ) );
#7562 = ORIENTED_EDGE('',*,*,#7563,.T.);
#7563 = EDGE_CURVE('',#7541,#7541,#7564,.T.);
#7564 = SURFACE_CURVE('',#7565,(#7570,#7577),.PCURVE_S1.);
#7565 = CIRCLE('',#7566,1.7);
#7566 = AXIS2_PLACEMENT_3D('',#7567,#7568,#7569);
#7567 = CARTESIAN_POINT('',(8.,8.,-195.7));
#7568 = DIRECTION('',(0.,0.,1.));
#7569 = DIRECTION('',(1.,0.,-0.));
#7570 = PCURVE('',#7524,#7571);
#7571 = DEFINITIONAL_REPRESENTATION('',(#7572),#7576);
#7572 = LINE('',#7573,#7574);
#7573 = CARTESIAN_POINT('',(0.,3.));
#7574 = VECTOR('',#7575,1.);
#7575 = DIRECTION('',(1.,0.));
#7576 = ( GEOMETRIC_REPRESENTATION_CONTEXT(2) 
PARAMETRIC_REPRESENTATION_CONTEXT() REPRESENTATION_CONTEXT('2D SPACE',''
  ) );
#7577 = PCURVE('',#7578,#7583);
#7578 = PLANE('',#7579);
#7579 = AXIS2_PLACEMENT_3D('',#7580,#7581,#7582);
#7580 = CARTESIAN_POINT('',(0.,0.,-195.7));
#7581 = DIRECTION('',(0.,0.,1.));
#7582 = DIRECTION('',(1.,0.,-0.));
#7583 = DEFINITIONAL_REPRESENTATION('',(#7584),#7588);
#7584 = CIRCLE('',#7585,1.7);
#7585 = AXIS2_PLACEMENT_2D('',#7586,#7587);
#7586 = CARTESIAN_POINT('',(8.,8.));
#7587 = DIRECTION('',(1.,0.));
#7588 = ( GEOMETRIC_REPRESENTATION_CONTEXT(2) 
PARAMETRIC_REPRESENTATION_CONTEXT() REPRESENTATION_CONTEXT('2D SPACE',''
  ) );
#7589 = ORIENTED_EDGE('',*,*,#7540,.T.);
#7590 = ADVANCED_FACE('',(#7591,#7622,#7648,#7674,#7700,#7726),#7578,.F.
  );
#7591 = FACE_BOUND('',#7592,.F.);
#7592 = EDGE_LOOP('',(#7593));
#7593 = ORIENTED_EDGE('',*,*,#7594,.T.);
#7594 = EDGE_CURVE('',#7595,#7595,#7597,.T.);
#7595 = VERTEX_POINT('',#7596);
#7596 = CARTESIAN_POINT('',(19.14,-4.687947947136E-15,-195.7));
#7597 = SURFACE_CURVE('',#7598,(#7603,#7610),.PCURVE_S1.);
#7598 = CIRCLE('',#7599,19.14);
#7599 = AXIS2_PLACEMENT_3D('',#7600,#7601,#7602);
#7600 = CARTESIAN_POINT('',(0.,0.,-195.7));
#7601 = DIRECTION('',(0.,0.,1.));
#7602 = DIRECTION('',(1.,0.,-0.));
#7603 = PCURVE('',#7578,#7604);
#7604 = DEFINITIONAL_REPRESENTATION('',(#7605),#7609);
#7605 = CIRCLE('',#7606,19.14);
#7606 = AXIS2_PLACEMENT_2D('',#7607,#7608);
#7607 = CARTESIAN_POINT('',(0.,0.));
#7608 = DIRECTION('',(1.,0.));
#7609 = ( GEOMETRIC_REPRESENTATION_CONTEXT(2) 
PARAMETRIC_REPRESENTATION_CONTEXT() REPRESENTATION_CONTEXT('2D SPACE',''
  ) );
#7610 = PCURVE('',#7611,#7616);
#7611 = CYLINDRICAL_SURFACE('',#7612,19.14);
#7612 = AXIS2_PLACEMENT_3D('',#7613,#7614,#7615);
#7613 = CARTESIAN_POINT('',(0.,0.,-198.6));
#7614 = DIRECTION('',(0.,0.,1.));
#7615 = DIRECTION('',(1.,0.,-0.));
#7616 = DEFINITIONAL_REPRESENTATION('',(#7617),#7621);
#7617 = LINE('',#7618,#7619);
#7618 = CARTESIAN_POINT('',(0.,2.9));
#7619 = VECTOR('',#7620,1.);
#7620 = DIRECTION('',(1.,0.));
#7621 = ( GEOMETRIC_REPRESENTATION_CONTEXT(2) 
PARAMETRIC_REPRESENTATION_CONTEXT() REPRESENTATION_CONTEXT('2D SPACE',''
  ) );
#7622 = FACE_BOUND('',#7623,.F.);
#7623 = EDGE_LOOP('',(#7624));
#7624 = ORIENTED_EDGE('',*,*,#7625,.F.);
#7625 = EDGE_CURVE('',#7626,#7626,#7628,.T.);
#7626 = VERTEX_POINT('',#7627);
#7627 = CARTESIAN_POINT('',(-6.3,-8.,-195.7));
#7628 = SURFACE_CURVE('',#7629,(#7634,#7641),.PCURVE_S1.);
#7629 = CIRCLE('',#7630,1.7);
#7630 = AXIS2_PLACEMENT_3D('',#7631,#7632,#7633);
#7631 = CARTESIAN_POINT('',(-8.,-8.,-195.7));
#7632 = DIRECTION('',(0.,0.,1.));
#7633 = DIRECTION('',(1.,0.,-0.));
#7634 = PCURVE('',#7578,#7635);
#7635 = DEFINITIONAL_REPRESENTATION('',(#7636),#7640);
#7636 = CIRCLE('',#7637,1.7);
#7637 = AXIS2_PLACEMENT_2D('',#7638,#7639);
#7638 = CARTESIAN_POINT('',(-8.,-8.));
#7639 = DIRECTION('',(1.,0.));
#7640 = ( GEOMETRIC_REPRESENTATION_CONTEXT(2) 
PARAMETRIC_REPRESENTATION_CONTEXT() REPRESENTATION_CONTEXT('2D SPACE',''
  ) );
#7641 = PCURVE('',#7400,#7642);
#7642 = DEFINITIONAL_REPRESENTATION('',(#7643),#7647);
#7643 = LINE('',#7644,#7645);
#7644 = CARTESIAN_POINT('',(0.,3.));
#7645 = VECTOR('',#7646,1.);
#7646 = DIRECTION('',(1.,0.));
#7647 = ( GEOMETRIC_REPRESENTATION_CONTEXT(2) 
PARAMETRIC_REPRESENTATION_CONTEXT() REPRESENTATION_CONTEXT('2D SPACE',''
  ) );
#7648 = FACE_BOUND('',#7649,.F.);
#7649 = EDGE_LOOP('',(#7650));
#7650 = ORIENTED_EDGE('',*,*,#7651,.F.);
#7651 = EDGE_CURVE('',#7652,#7652,#7654,.T.);
#7652 = VERTEX_POINT('',#7653);
#7653 = CARTESIAN_POINT('',(9.7,-8.,-195.7));
#7654 = SURFACE_CURVE('',#7655,(#7660,#7667),.PCURVE_S1.);
#7655 = CIRCLE('',#7656,1.7);
#7656 = AXIS2_PLACEMENT_3D('',#7657,#7658,#7659);
#7657 = CARTESIAN_POINT('',(8.,-8.,-195.7));
#7658 = DIRECTION('',(0.,0.,1.));
#7659 = DIRECTION('',(1.,0.,-0.));
#7660 = PCURVE('',#7578,#7661);
#7661 = DEFINITIONAL_REPRESENTATION('',(#7662),#7666);
#7662 = CIRCLE('',#7663,1.7);
#7663 = AXIS2_PLACEMENT_2D('',#7664,#7665);
#7664 = CARTESIAN_POINT('',(8.,-8.));
#7665 = DIRECTION('',(1.,0.));
#7666 = ( GEOMETRIC_REPRESENTATION_CONTEXT(2) 
PARAMETRIC_REPRESENTATION_CONTEXT() REPRESENTATION_CONTEXT('2D SPACE',''
  ) );
#7667 = PCURVE('',#7431,#7668);
#7668 = DEFINITIONAL_REPRESENTATION('',(#7669),#7673);
#7669 = LINE('',#7670,#7671);
#7670 = CARTESIAN_POINT('',(0.,3.));
#7671 = VECTOR('',#7672,1.);
#7672 = DIRECTION('',(1.,0.));
#7673 = ( GEOMETRIC_REPRESENTATION_CONTEXT(2) 
PARAMETRIC_REPRESENTATION_CONTEXT() REPRESENTATION_CONTEXT('2D SPACE',''
  ) );
#7674 = FACE_BOUND('',#7675,.F.);
#7675 = EDGE_LOOP('',(#7676));
#7676 = ORIENTED_EDGE('',*,*,#7677,.F.);
#7677 = EDGE_CURVE('',#7678,#7678,#7680,.T.);
#7678 = VERTEX_POINT('',#7679);
#7679 = CARTESIAN_POINT('',(-6.3,8.,-195.7));
#7680 = SURFACE_CURVE('',#7681,(#7686,#7693),.PCURVE_S1.);
#7681 = CIRCLE('',#7682,1.7);
#7682 = AXIS2_PLACEMENT_3D('',#7683,#7684,#7685);
#7683 = CARTESIAN_POINT('',(-8.,8.,-195.7));
#7684 = DIRECTION('',(0.,0.,1.));
#7685 = DIRECTION('',(1.,0.,-0.));
#7686 = PCURVE('',#7578,#7687);
#7687 = DEFINITIONAL_REPRESENTATION('',(#7688),#7692);
#7688 = CIRCLE('',#7689,1.7);
#7689 = AXIS2_PLACEMENT_2D('',#7690,#7691);
#7690 = CARTESIAN_POINT('',(-8.,8.));
#7691 = DIRECTION('',(1.,0.));
#7692 = ( GEOMETRIC_REPRESENTATION_CONTEXT(2) 
PARAMETRIC_REPRESENTATION_CONTEXT() REPRESENTATION_CONTEXT('2D SPACE',''
  ) );
#7693 = PCURVE('',#7462,#7694);
#7694 = DEFINITIONAL_REPRESENTATION('',(#7695),#7699);
#7695 = LINE('',#7696,#7697);
#7696 = CARTESIAN_POINT('',(0.,3.));
#7697 = VECTOR('',#7698,1.);
#7698 = DIRECTION('',(1.,0.));
#7699 = ( GEOMETRIC_REPRESENTATION_CONTEXT(2) 
PARAMETRIC_REPRESENTATION_CONTEXT() REPRESENTATION_CONTEXT('2D SPACE',''
  ) );
#7700 = FACE_BOUND('',#7701,.F.);
#7701 = EDGE_LOOP('',(#7702));
#7702 = ORIENTED_EDGE('',*,*,#7703,.F.);
#7703 = EDGE_CURVE('',#7704,#7704,#7706,.T.);
#7704 = VERTEX_POINT('',#7705);
#7705 = CARTESIAN_POINT('',(4.5,-1.102182119233E-15,-195.7));
#7706 = SURFACE_CURVE('',#7707,(#7712,#7719),.PCURVE_S1.);
#7707 = CIRCLE('',#7708,4.5);
#7708 = AXIS2_PLACEMENT_3D('',#7709,#7710,#7711);
#7709 = CARTESIAN_POINT('',(0.,0.,-195.7));
#7710 = DIRECTION('',(0.,0.,1.));
#7711 = DIRECTION('',(1.,0.,-0.));
#7712 = PCURVE('',#7578,#7713);
#7713 = DEFINITIONAL_REPRESENTATION('',(#7714),#7718);
#7714 = CIRCLE('',#7715,4.5);
#7715 = AXIS2_PLACEMENT_2D('',#7716,#7717);
#7716 = CARTESIAN_POINT('',(0.,0.));
#7717 = DIRECTION('',(1.,0.));
#7718 = ( GEOMETRIC_REPRESENTATION_CONTEXT(2) 
PARAMETRIC_REPRESENTATION_CONTEXT() REPRESENTATION_CONTEXT('2D SPACE',''
  ) );
#7719 = PCURVE('',#7493,#7720);
#7720 = DEFINITIONAL_REPRESENTATION('',(#7721),#7725);
#7721 = LINE('',#7722,#7723);
#7722 = CARTESIAN_POINT('',(0.,3.));
#7723 = VECTOR('',#7724,1.);
#7724 = DIRECTION('',(1.,0.));
#7725 = ( GEOMETRIC_REPRESENTATION_CONTEXT(2) 
PARAMETRIC_REPRESENTATION_CONTEXT() REPRESENTATION_CONTEXT('2D SPACE',''
  ) );
#7726 = FACE_BOUND('',#7727,.F.);
#7727 = EDGE_LOOP('',(#7728));
#7728 = ORIENTED_EDGE('',*,*,#7563,.F.);
#7729 = ADVANCED_FACE('',(#7730),#7611,.F.);
#7730 = FACE_BOUND('',#7731,.F.);
#7731 = EDGE_LOOP('',(#7732,#8078,#8099,#8100,#8101));
#7732 = ORIENTED_EDGE('',*,*,#7733,.F.);
#7733 = EDGE_CURVE('',#7734,#7736,#7738,.T.);
#7734 = VERTEX_POINT('',#7735);
#7735 = CARTESIAN_POINT('',(19.14,-4.687947947136E-15,-196.5075949839));
#7736 = VERTEX_POINT('',#7737);
#7737 = CARTESIAN_POINT('',(-19.14,-2.343973973568E-15,-196.5075949839)
  );
#7738 = SURFACE_CURVE('',#7739,(#7847,#7958),.PCURVE_S1.);
#7739 = B_SPLINE_CURVE_WITH_KNOTS('',8,(#7740,#7741,#7742,#7743,#7744,
    #7745,#7746,#7747,#7748,#7749,#7750,#7751,#7752,#7753,#7754,#7755,
    #7756,#7757,#7758,#7759,#7760,#7761,#7762,#7763,#7764,#7765,#7766,
    #7767,#7768,#7769,#7770,#7771,#7772,#7773,#7774,#7775,#7776,#7777,
    #7778,#7779,#7780,#7781,#7782,#7783,#7784,#7785,#7786,#7787,#7788,
    #7789,#7790,#7791,#7792,#7793,#7794,#7795,#7796,#7797,#7798,#7799,
    #7800,#7801,#7802,#7803,#7804,#7805,#7806,#7807,#7808,#7809,#7810,
    #7811,#7812,#7813,#7814,#7815,#7816,#7817,#7818,#7819,#7820,#7821,
    #7822,#7823,#7824,#7825,#7826,#7827,#7828,#7829,#7830,#7831,#7832,
    #7833,#7834,#7835,#7836,#7837,#7838,#7839,#7840,#7841,#7842,#7843,
    #7844,#7845,#7846),.UNSPECIFIED.,.F.,.F.,(9,7,7,7,7,7,7,7,7,7,7,7,7,
    7,7,9),(0.,5.800116818119E-02,0.116002336362,0.174003504544,
    0.232004672725,0.290005840906,0.348007009087,0.406008177269,
    0.46400934545,0.522010513631,0.580011681812,0.638012849994,
    0.684013797698,0.742014965879,0.80001613406,1.),.UNSPECIFIED.);
#7740 = CARTESIAN_POINT('',(19.14,-7.105427357601E-15,-196.5075949839));
#7741 = CARTESIAN_POINT('',(19.14,-0.435942772024,-196.5075949839));
#7742 = CARTESIAN_POINT('',(19.128652230905,-0.871886401188,
    -196.5075949839));
#7743 = CARTESIAN_POINT('',(19.105956741053,-1.307485032216,
    -196.5075949839));
#7744 = CARTESIAN_POINT('',(19.071926093803,-1.742393953189,
    -196.5075949839));
#7745 = CARTESIAN_POINT('',(19.026585367531,-2.176269595551,
    -196.5075949839));
#7746 = CARTESIAN_POINT('',(18.96997215563,-2.608769534107,
    -196.5075949839));
#7747 = CARTESIAN_POINT('',(18.902136566513,-3.039552487022,
    -196.5075949839));
#7748 = CARTESIAN_POINT('',(18.744145880709,-3.89700414462,
    -196.5075949839));
#7749 = CARTESIAN_POINT('',(18.653990473383,-4.323674535206,
    -196.5075949839));
#7750 = CARTESIAN_POINT('',(18.552737720144,-4.747949366624,
    -196.5075949839));
#7751 = CARTESIAN_POINT('',(18.44046244015,-5.169491910143,
    -196.5075949839));
#7752 = CARTESIAN_POINT('',(18.317251553213,-5.587968829262,
    -196.5075949839));
#7753 = CARTESIAN_POINT('',(18.183204079795,-6.003050179702,
    -196.5075949839));
#7754 = CARTESIAN_POINT('',(18.038431141009,-6.414409409412,
    -196.5075949839));
#7755 = CARTESIAN_POINT('',(17.727680776232,-7.229037307726,
    -196.5075949839));
#7756 = CARTESIAN_POINT('',(17.56170273925,-7.632307578032,
    -196.5075949839));
#7757 = CARTESIAN_POINT('',(17.385245159769,-8.03121104412,
    -196.5075949839));
#7758 = CARTESIAN_POINT('',(17.19844263552,-8.425430109397,
    -196.5075949839));
#7759 = CARTESIAN_POINT('',(17.001441049869,-8.814652706051,
    -196.5075949839));
#7760 = CARTESIAN_POINT('',(16.794397571821,-9.198572295041,
    -196.5075949839));
#7761 = CARTESIAN_POINT('',(16.577480656014,-9.576887866106,
    -196.5075949839));
#7762 = CARTESIAN_POINT('',(16.124259429438,-10.32172000941,
    -196.5075949839));
#7763 = CARTESIAN_POINT('',(15.887954227554,-10.68823804612,
    -196.5075949839));
#7764 = CARTESIAN_POINT('',(15.642134259943,-11.04856261666,
    -196.5075949839));
#7765 = CARTESIAN_POINT('',(15.386989446429,-11.40240577207,
    -196.5075949839));
#7766 = CARTESIAN_POINT('',(15.122719803797,-11.74948704566,
    -196.5075949839));
#7767 = CARTESIAN_POINT('',(14.84953544579,-12.08953345302,
    -196.5075949839));
#7768 = CARTESIAN_POINT('',(14.567656583111,-12.42227949198,
    -196.5075949839));
#7769 = CARTESIAN_POINT('',(13.98697046373,-13.07265479339,
    -196.5075949839));
#7770 = CARTESIAN_POINT('',(13.688162065297,-13.39028533458,
    -196.5075949839));
#7771 = CARTESIAN_POINT('',(13.381118707899,-13.70010081078,
    -196.5075949839));
#7772 = CARTESIAN_POINT('',(13.066079345288,-14.00185245452,
    -196.5075949839));
#7773 = CARTESIAN_POINT('',(12.743291505194,-14.29530068638,
    -196.5075949839));
#7774 = CARTESIAN_POINT('',(12.41301128932,-14.58021511496,
    -196.5075949839));
#7775 = CARTESIAN_POINT('',(12.075503373344,-14.8563745369,
    -196.5075949839));
#7776 = CARTESIAN_POINT('',(11.386578640496,-15.39075933683,
    -196.5075949839));
#7777 = CARTESIAN_POINT('',(11.035160469077,-15.64898576551,
    -196.5075949839));
#7778 = CARTESIAN_POINT('',(10.67705980157,-15.89803428396,
    -196.5075949839));
#7779 = CARTESIAN_POINT('',(10.312556713996,-16.13770354282,
    -196.5075949839));
#7780 = CARTESIAN_POINT('',(9.941938049485,-16.36780278231,
    -196.5075949839));
#7781 = CARTESIAN_POINT('',(9.565497418279,-16.5881518322,
    -196.5075949839));
#7782 = CARTESIAN_POINT('',(9.183535197729,-16.79858111188,
    -196.5075949839));
#7783 = CARTESIAN_POINT('',(8.409181866866,-17.19928214869,
    -196.5075949839));
#7784 = CARTESIAN_POINT('',(8.016789234038,-17.38955469368,
    -196.5075949839));
#7785 = CARTESIAN_POINT('',(7.619487822706,-17.56959036005,
    -196.5075949839));
#7786 = CARTESIAN_POINT('',(7.217589557955,-17.73924188313,
    -196.5075949839));
#7787 = CARTESIAN_POINT('',(6.81141110106,-17.89837363876,
    -196.5075949839));
#7788 = CARTESIAN_POINT('',(6.401273849483,-18.04686164327,
    -196.5075949839));
#7789 = CARTESIAN_POINT('',(5.987503936881,-18.1845935535,
    -196.5075949839));
#7790 = CARTESIAN_POINT('',(5.15336052931,-18.43834378016,
    -196.5075949839));
#7791 = CARTESIAN_POINT('',(4.732985394268,-18.55436259549,
    -196.5075949839));
#7792 = CARTESIAN_POINT('',(4.309637725951,-18.65942450268,
    -196.5075949839));
#7793 = CARTESIAN_POINT('',(3.883650970795,-18.75344119762,
    -196.5075949839));
#7794 = CARTESIAN_POINT('',(3.455361123693,-18.8363366822,
    -196.5075949839));
#7795 = CARTESIAN_POINT('',(3.025106727994,-18.90804726437,
    -196.5075949839));
#7796 = CARTESIAN_POINT('',(2.593228875503,-18.96852155809,
    -196.5075949839));
#7797 = CARTESIAN_POINT('',(1.726913537458,-19.06691940861,
    -196.5075949839));
#7798 = CARTESIAN_POINT('',(1.292474348574,-19.10484315888,
    -196.5075949839));
#7799 = CARTESIAN_POINT('',(0.857097291001,-19.13145275022,
    -196.5075949839));
#7800 = CARTESIAN_POINT('',(0.421126292252,-19.14672176278,
    -196.5075949839));
#7801 = CARTESIAN_POINT('',(-1.509444381362E-02,-19.15063634081,
    -196.5075949839));
#7802 = CARTESIAN_POINT('',(-0.451220436994,-19.14319519267,
    -196.5075949839));
#7803 = CARTESIAN_POINT('',(-0.886906930743,-19.1244095908,
    -196.5075949839));
#7804 = CARTESIAN_POINT('',(-1.7567108536,-19.0641971527,-196.5075949839
    ));
#7805 = CARTESIAN_POINT('',(-2.190829992898,-19.02277019809,
    -196.5075949839));
#7806 = CARTESIAN_POINT('',(-2.623821283853,-18.97004644092,
    -196.5075949839));
#7807 = CARTESIAN_POINT('',(-3.05534170517,-18.90606222036,
    -196.5075949839));
#7808 = CARTESIAN_POINT('',(-3.485050240474,-18.83086628176,
    -196.5075949839));
#7809 = CARTESIAN_POINT('',(-3.912607878309,-18.74451977667,
    -196.5075949839));
#7810 = CARTESIAN_POINT('',(-4.337677612135,-18.64709626278,
    -196.5075949839));
#7811 = CARTESIAN_POINT('',(-5.182171268531,-18.43026714521,
    -196.5075949839));
#7812 = CARTESIAN_POINT('',(-5.601596851526,-18.3108611152,
    -196.5075949839));
#7813 = CARTESIAN_POINT('',(-6.01786621174,-18.1805496715,
    -196.5075949839));
#7814 = CARTESIAN_POINT('',(-6.430648591395,-18.03943070913,
    -196.5075949839));
#7815 = CARTESIAN_POINT('',(-6.83961745251,-17.8876139606,
    -196.5075949839));
#7816 = CARTESIAN_POINT('',(-7.244450476905,-17.72522099594,
    -196.5075949839));
#7817 = CARTESIAN_POINT('',(-7.644829566197,-17.55238522264,
    -196.5075949839));
#7818 = CARTESIAN_POINT('',(-8.354201653363,-17.22400813771,
    -196.5075949839));
#7819 = CARTESIAN_POINT('',(-8.664964184614,-17.07228675571,
    -196.5075949839));
#7820 = CARTESIAN_POINT('',(-8.972572073349,-16.91416013497,
    -196.5075949839));
#7821 = CARTESIAN_POINT('',(-9.276871365856,-16.74970501933,
    -196.5075949839));
#7822 = CARTESIAN_POINT('',(-9.577710516911,-16.57900250127,
    -196.5075949839));
#7823 = CARTESIAN_POINT('',(-9.874940389782,-16.40213802186,
    -196.5075949839));
#7824 = CARTESIAN_POINT('',(-10.16841425622,-16.21920137081,
    -196.5075949839));
#7825 = CARTESIAN_POINT('',(-10.82310209191,-15.79209002027,
    -196.5075949839));
#7826 = CARTESIAN_POINT('',(-11.18201674833,-15.54438881099,
    -196.5075949839));
#7827 = CARTESIAN_POINT('',(-11.53444212867,-15.28737207242,
    -196.5075949839));
#7828 = CARTESIAN_POINT('',(-11.88009639158,-15.02123867536,
    -196.5075949839));
#7829 = CARTESIAN_POINT('',(-12.21870549144,-14.74619734758,
    -196.5075949839));
#7830 = CARTESIAN_POINT('',(-12.55000317836,-14.46246667379,
    -196.5075949839));
#7831 = CARTESIAN_POINT('',(-12.8737309982,-14.17027509565,
    -196.5075949839));
#7832 = CARTESIAN_POINT('',(-13.50554558686,-13.56944672791,
    -196.5075949839));
#7833 = CARTESIAN_POINT('',(-13.81363359794,-13.26080875698,
    -196.5075949839));
#7834 = CARTESIAN_POINT('',(-14.11365173397,-12.94418536766,
    -196.5075949839));
#7835 = CARTESIAN_POINT('',(-14.40535885598,-12.61982320977,
    -196.5075949839));
#7836 = CARTESIAN_POINT('',(-14.68852327777,-12.28797721428,
    -196.5075949839));
#7837 = CARTESIAN_POINT('',(-14.96292276599,-11.94891059328,
    -196.5075949839));
#7838 = CARTESIAN_POINT('',(-15.22834454009,-11.60289484002,
    -196.5075949839));
#7839 = CARTESIAN_POINT('',(-16.3680849302,-10.03417677304,
    -196.5075949839));
#7840 = CARTESIAN_POINT('',(-17.14268126098,-8.738523630308,
    -196.5075949839));
#7841 = CARTESIAN_POINT('',(-17.79961019622,-7.375098532903,
    -196.5075949839));
#7842 = CARTESIAN_POINT('',(-18.33215050639,-5.956476773868,
    -196.5075949839));
#7843 = CARTESIAN_POINT('',(-18.73516129385,-4.49576832154,
    -196.5075949839));
#7844 = CARTESIAN_POINT('',(-19.00509578599,-3.006601107318,
    -196.5075949839));
#7845 = CARTESIAN_POINT('',(-19.14,-1.503099396293,-196.5075949839));
#7846 = CARTESIAN_POINT('',(-19.14,-3.552713678801E-15,-196.5075949839)
  );
#7847 = PCURVE('',#7611,#7848);
#7848 = DEFINITIONAL_REPRESENTATION('',(#7849),#7957);
#7849 = B_SPLINE_CURVE_WITH_KNOTS('',8,(#7850,#7851,#7852,#7853,#7854,
    #7855,#7856,#7857,#7858,#7859,#7860,#7861,#7862,#7863,#7864,#7865,
    #7866,#7867,#7868,#7869,#7870,#7871,#7872,#7873,#7874,#7875,#7876,
    #7877,#7878,#7879,#7880,#7881,#7882,#7883,#7884,#7885,#7886,#7887,
    #7888,#7889,#7890,#7891,#7892,#7893,#7894,#7895,#7896,#7897,#7898,
    #7899,#7900,#7901,#7902,#7903,#7904,#7905,#7906,#7907,#7908,#7909,
    #7910,#7911,#7912,#7913,#7914,#7915,#7916,#7917,#7918,#7919,#7920,
    #7921,#7922,#7923,#7924,#7925,#7926,#7927,#7928,#7929,#7930,#7931,
    #7932,#7933,#7934,#7935,#7936,#7937,#7938,#7939,#7940,#7941,#7942,
    #7943,#7944,#7945,#7946,#7947,#7948,#7949,#7950,#7951,#7952,#7953,
    #7954,#7955,#7956),.UNSPECIFIED.,.F.,.F.,(9,7,7,7,7,7,7,7,7,7,7,7,7,
    7,7,9),(0.,5.800116818119E-02,0.116002336362,0.174003504544,
    0.232004672725,0.290005840906,0.348007009087,0.406008177269,
    0.46400934545,0.522010513631,0.580011681812,0.638012849994,
    0.684013797698,0.742014965879,0.80001613406,1.),.UNSPECIFIED.);
#7850 = CARTESIAN_POINT('',(6.28318530718,2.092405016098));
#7851 = CARTESIAN_POINT('',(6.260408777816,2.092405016098));
#7852 = CARTESIAN_POINT('',(6.237632233559,2.092405016098));
#7853 = CARTESIAN_POINT('',(6.214855679375,2.092405016098));
#7854 = CARTESIAN_POINT('',(6.192079120226,2.092405016098));
#7855 = CARTESIAN_POINT('',(6.169302561077,2.092405016098));
#7856 = CARTESIAN_POINT('',(6.146526006892,2.092405016098));
#7857 = CARTESIAN_POINT('',(6.123749462635,2.092405016098));
#7858 = CARTESIAN_POINT('',(6.078196403908,2.092405016098));
#7859 = CARTESIAN_POINT('',(6.055419859651,2.092405016098));
#7860 = CARTESIAN_POINT('',(6.032643305466,2.092405016098));
#7861 = CARTESIAN_POINT('',(6.009866746317,2.092405016098));
#7862 = CARTESIAN_POINT('',(5.987090187168,2.092405016098));
#7863 = CARTESIAN_POINT('',(5.964313632984,2.092405016098));
#7864 = CARTESIAN_POINT('',(5.941537088727,2.092405016098));
#7865 = CARTESIAN_POINT('',(5.895984029999,2.092405016098));
#7866 = CARTESIAN_POINT('',(5.873207485743,2.092405016098));
#7867 = CARTESIAN_POINT('',(5.850430931558,2.092405016098));
#7868 = CARTESIAN_POINT('',(5.827654372409,2.092405016098));
#7869 = CARTESIAN_POINT('',(5.80487781326,2.092405016098));
#7870 = CARTESIAN_POINT('',(5.782101259075,2.092405016098));
#7871 = CARTESIAN_POINT('',(5.759324714819,2.092405016098));
#7872 = CARTESIAN_POINT('',(5.713771656091,2.092405016098));
#7873 = CARTESIAN_POINT('',(5.690995111835,2.092405016098));
#7874 = CARTESIAN_POINT('',(5.66821855765,2.092405016098));
#7875 = CARTESIAN_POINT('',(5.645441998501,2.092405016098));
#7876 = CARTESIAN_POINT('',(5.622665439352,2.092405016098));
#7877 = CARTESIAN_POINT('',(5.599888885167,2.092405016098));
#7878 = CARTESIAN_POINT('',(5.577112340911,2.092405016098));
#7879 = CARTESIAN_POINT('',(5.531559282183,2.092405016098));
#7880 = CARTESIAN_POINT('',(5.508782737927,2.092405016098));
#7881 = CARTESIAN_POINT('',(5.486006183742,2.092405016098));
#7882 = CARTESIAN_POINT('',(5.463229624593,2.092405016098));
#7883 = CARTESIAN_POINT('',(5.440453065444,2.092405016098));
#7884 = CARTESIAN_POINT('',(5.417676511259,2.092405016098));
#7885 = CARTESIAN_POINT('',(5.394899967003,2.092405016098));
#7886 = CARTESIAN_POINT('',(5.349346908275,2.092405016098));
#7887 = CARTESIAN_POINT('',(5.326570364018,2.092405016098));
#7888 = CARTESIAN_POINT('',(5.303793809834,2.092405016098));
#7889 = CARTESIAN_POINT('',(5.281017250685,2.092405016098));
#7890 = CARTESIAN_POINT('',(5.258240691536,2.092405016098));
#7891 = CARTESIAN_POINT('',(5.235464137351,2.092405016098));
#7892 = CARTESIAN_POINT('',(5.212687593094,2.092405016098));
#7893 = CARTESIAN_POINT('',(5.167134534367,2.092405016098));
#7894 = CARTESIAN_POINT('',(5.14435799011,2.092405016098));
#7895 = CARTESIAN_POINT('',(5.121581435925,2.092405016098));
#7896 = CARTESIAN_POINT('',(5.098804876776,2.092405016098));
#7897 = CARTESIAN_POINT('',(5.076028317627,2.092405016098));
#7898 = CARTESIAN_POINT('',(5.053251763443,2.092405016098));
#7899 = CARTESIAN_POINT('',(5.030475219186,2.092405016098));
#7900 = CARTESIAN_POINT('',(4.984922160458,2.092405016098));
#7901 = CARTESIAN_POINT('',(4.962145616202,2.092405016098));
#7902 = CARTESIAN_POINT('',(4.939369062017,2.092405016098));
#7903 = CARTESIAN_POINT('',(4.916592502868,2.092405016098));
#7904 = CARTESIAN_POINT('',(4.893815943719,2.092405016098));
#7905 = CARTESIAN_POINT('',(4.871039389534,2.092405016098));
#7906 = CARTESIAN_POINT('',(4.848262845278,2.092405016098));
#7907 = CARTESIAN_POINT('',(4.80270978655,2.092405016098));
#7908 = CARTESIAN_POINT('',(4.779933242294,2.092405016098));
#7909 = CARTESIAN_POINT('',(4.757156688109,2.092405016098));
#7910 = CARTESIAN_POINT('',(4.73438012896,2.092405016098));
#7911 = CARTESIAN_POINT('',(4.711603569811,2.092405016098));
#7912 = CARTESIAN_POINT('',(4.688827015626,2.092405016098));
#7913 = CARTESIAN_POINT('',(4.66605047137,2.092405016098));
#7914 = CARTESIAN_POINT('',(4.620497412642,2.092405016098));
#7915 = CARTESIAN_POINT('',(4.597720868386,2.092405016098));
#7916 = CARTESIAN_POINT('',(4.574944314201,2.092405016098));
#7917 = CARTESIAN_POINT('',(4.552167755052,2.092405016098));
#7918 = CARTESIAN_POINT('',(4.529391195903,2.092405016098));
#7919 = CARTESIAN_POINT('',(4.506614641718,2.092405016098));
#7920 = CARTESIAN_POINT('',(4.483838097461,2.092405016098));
#7921 = CARTESIAN_POINT('',(4.438285038734,2.092405016098));
#7922 = CARTESIAN_POINT('',(4.415508494477,2.092405016098));
#7923 = CARTESIAN_POINT('',(4.392731940293,2.092405016098));
#7924 = CARTESIAN_POINT('',(4.369955381144,2.092405016098));
#7925 = CARTESIAN_POINT('',(4.347178821995,2.092405016098));
#7926 = CARTESIAN_POINT('',(4.32440226781,2.092405016098));
#7927 = CARTESIAN_POINT('',(4.301625723553,2.092405016098));
#7928 = CARTESIAN_POINT('',(4.26078504188,2.092405016098));
#7929 = CARTESIAN_POINT('',(4.2427208849,2.092405016098));
#7930 = CARTESIAN_POINT('',(4.224656724807,2.092405016098));
#7931 = CARTESIAN_POINT('',(4.206592563157,2.092405016098));
#7932 = CARTESIAN_POINT('',(4.188528401507,2.092405016098));
#7933 = CARTESIAN_POINT('',(4.170464241413,2.092405016098));
#7934 = CARTESIAN_POINT('',(4.152400084434,2.092405016098));
#7935 = CARTESIAN_POINT('',(4.11155940276,2.092405016098));
#7936 = CARTESIAN_POINT('',(4.088782858504,2.092405016098));
#7937 = CARTESIAN_POINT('',(4.066006304319,2.092405016098));
#7938 = CARTESIAN_POINT('',(4.04322974517,2.092405016098));
#7939 = CARTESIAN_POINT('',(4.020453186021,2.092405016098));
#7940 = CARTESIAN_POINT('',(3.997676631836,2.092405016098));
#7941 = CARTESIAN_POINT('',(3.97490008758,2.092405016098));
#7942 = CARTESIAN_POINT('',(3.929347028852,2.092405016098));
#7943 = CARTESIAN_POINT('',(3.906570484596,2.092405016098));
#7944 = CARTESIAN_POINT('',(3.883793930411,2.092405016098));
#7945 = CARTESIAN_POINT('',(3.861017371262,2.092405016098));
#7946 = CARTESIAN_POINT('',(3.838240812113,2.092405016098));
#7947 = CARTESIAN_POINT('',(3.815464257928,2.092405016098));
#7948 = CARTESIAN_POINT('',(3.792687713672,2.092405016098));
#7949 = CARTESIAN_POINT('',(3.691379345421,2.092405016098));
#7950 = CARTESIAN_POINT('',(3.61282649836,2.092405016098));
#7951 = CARTESIAN_POINT('',(3.534284480562,2.092405016098));
#7952 = CARTESIAN_POINT('',(3.455751918949,2.092405016098));
#7953 = CARTESIAN_POINT('',(3.377219357335,2.092405016098));
#7954 = CARTESIAN_POINT('',(3.298677339539,2.092405016098));
#7955 = CARTESIAN_POINT('',(3.220124492477,2.092405016098));
#7956 = CARTESIAN_POINT('',(3.14159265359,2.092405016098));
#7957 = ( GEOMETRIC_REPRESENTATION_CONTEXT(2) 
PARAMETRIC_REPRESENTATION_CONTEXT() REPRESENTATION_CONTEXT('2D SPACE',''
  ) );
#7958 = PCURVE('',#7959,#7968);
#7959 = SURFACE_OF_REVOLUTION('',#7960,#7965);
#7960 = ELLIPSE('',#7961,393.8935,196.74);
#7961 = AXIS2_PLACEMENT_3D('',#7962,#7963,#7964);
#7962 = CARTESIAN_POINT('',(0.,0.,0.));
#7963 = DIRECTION('',(-1.224646799147E-16,1.,0.));
#7964 = DIRECTION('',(-1.,-1.224646799147E-16,0.));
#7965 = AXIS1_PLACEMENT('',#7966,#7967);
#7966 = CARTESIAN_POINT('',(0.,0.,0.));
#7967 = DIRECTION('',(0.,0.,1.));
#7968 = DEFINITIONAL_REPRESENTATION('',(#7969),#8077);
#7969 = B_SPLINE_CURVE_WITH_KNOTS('',8,(#7970,#7971,#7972,#7973,#7974,
    #7975,#7976,#7977,#7978,#7979,#7980,#7981,#7982,#7983,#7984,#7985,
    #7986,#7987,#7988,#7989,#7990,#7991,#7992,#7993,#7994,#7995,#7996,
    #7997,#7998,#7999,#8000,#8001,#8002,#8003,#8004,#8005,#8006,#8007,
    #8008,#8009,#8010,#8011,#8012,#8013,#8014,#8015,#8016,#8017,#8018,
    #8019,#8020,#8021,#8022,#8023,#8024,#8025,#8026,#8027,#8028,#8029,
    #8030,#8031,#8032,#8033,#8034,#8035,#8036,#8037,#8038,#8039,#8040,
    #8041,#8042,#8043,#8044,#8045,#8046,#8047,#8048,#8049,#8050,#8051,
    #8052,#8053,#8054,#8055,#8056,#8057,#8058,#8059,#8060,#8061,#8062,
    #8063,#8064,#8065,#8066,#8067,#8068,#8069,#8070,#8071,#8072,#8073,
    #8074,#8075,#8076),.UNSPECIFIED.,.F.,.F.,(9,7,7,7,7,7,7,7,7,7,7,7,7,
    7,7,9),(0.,5.800116818119E-02,0.116002336362,0.174003504544,
    0.232004672725,0.290005840906,0.348007009087,0.406008177269,
    0.46400934545,0.522010513631,0.580011681812,0.638012849994,
    0.684013797698,0.742014965879,0.80001613406,1.),.UNSPECIFIED.);
#7970 = CARTESIAN_POINT('',(3.14159265359,4.760999937735));
#7971 = CARTESIAN_POINT('',(3.118816124226,4.760999937735));
#7972 = CARTESIAN_POINT('',(3.09603957997,4.760999937735));
#7973 = CARTESIAN_POINT('',(3.073263025785,4.760999937735));
#7974 = CARTESIAN_POINT('',(3.050486466636,4.760999937735));
#7975 = CARTESIAN_POINT('',(3.027709907487,4.760999937735));
#7976 = CARTESIAN_POINT('',(3.004933353302,4.760999937735));
#7977 = CARTESIAN_POINT('',(2.982156809046,4.760999937735));
#7978 = CARTESIAN_POINT('',(2.936603750318,4.760999937735));
#7979 = CARTESIAN_POINT('',(2.913827206061,4.760999937735));
#7980 = CARTESIAN_POINT('',(2.891050651877,4.760999937735));
#7981 = CARTESIAN_POINT('',(2.868274092728,4.760999937735));
#7982 = CARTESIAN_POINT('',(2.845497533579,4.760999937735));
#7983 = CARTESIAN_POINT('',(2.822720979394,4.760999937735));
#7984 = CARTESIAN_POINT('',(2.799944435137,4.760999937735));
#7985 = CARTESIAN_POINT('',(2.75439137641,4.760999937735));
#7986 = CARTESIAN_POINT('',(2.731614832153,4.760999937735));
#7987 = CARTESIAN_POINT('',(2.708838277968,4.760999937735));
#7988 = CARTESIAN_POINT('',(2.686061718819,4.760999937735));
#7989 = CARTESIAN_POINT('',(2.66328515967,4.760999937735));
#7990 = CARTESIAN_POINT('',(2.640508605486,4.760999937735));
#7991 = CARTESIAN_POINT('',(2.617732061229,4.760999937735));
#7992 = CARTESIAN_POINT('',(2.572179002501,4.760999937735));
#7993 = CARTESIAN_POINT('',(2.549402458245,4.760999937735));
#7994 = CARTESIAN_POINT('',(2.52662590406,4.760999937735));
#7995 = CARTESIAN_POINT('',(2.503849344911,4.760999937735));
#7996 = CARTESIAN_POINT('',(2.481072785762,4.760999937735));
#7997 = CARTESIAN_POINT('',(2.458296231577,4.760999937735));
#7998 = CARTESIAN_POINT('',(2.435519687321,4.760999937735));
#7999 = CARTESIAN_POINT('',(2.389966628593,4.760999937735));
#8000 = CARTESIAN_POINT('',(2.367190084337,4.760999937735));
#8001 = CARTESIAN_POINT('',(2.344413530152,4.760999937735));
#8002 = CARTESIAN_POINT('',(2.321636971003,4.760999937735));
#8003 = CARTESIAN_POINT('',(2.298860411854,4.760999937735));
#8004 = CARTESIAN_POINT('',(2.276083857669,4.760999937735));
#8005 = CARTESIAN_POINT('',(2.253307313413,4.760999937735));
#8006 = CARTESIAN_POINT('',(2.207754254685,4.760999937735));
#8007 = CARTESIAN_POINT('',(2.184977710429,4.760999937735));
#8008 = CARTESIAN_POINT('',(2.162201156244,4.760999937735));
#8009 = CARTESIAN_POINT('',(2.139424597095,4.760999937735));
#8010 = CARTESIAN_POINT('',(2.116648037946,4.760999937735));
#8011 = CARTESIAN_POINT('',(2.093871483761,4.760999937735));
#8012 = CARTESIAN_POINT('',(2.071094939505,4.760999937735));
#8013 = CARTESIAN_POINT('',(2.025541880777,4.760999937735));
#8014 = CARTESIAN_POINT('',(2.00276533652,4.760999937735));
#8015 = CARTESIAN_POINT('',(1.979988782336,4.760999937735));
#8016 = CARTESIAN_POINT('',(1.957212223187,4.760999937735));
#8017 = CARTESIAN_POINT('',(1.934435664038,4.760999937735));
#8018 = CARTESIAN_POINT('',(1.911659109853,4.760999937735));
#8019 = CARTESIAN_POINT('',(1.888882565596,4.760999937735));
#8020 = CARTESIAN_POINT('',(1.843329506869,4.760999937735));
#8021 = CARTESIAN_POINT('',(1.820552962612,4.760999937735));
#8022 = CARTESIAN_POINT('',(1.797776408427,4.760999937735));
#8023 = CARTESIAN_POINT('',(1.774999849278,4.760999937735));
#8024 = CARTESIAN_POINT('',(1.752223290129,4.760999937735));
#8025 = CARTESIAN_POINT('',(1.729446735945,4.760999937735));
#8026 = CARTESIAN_POINT('',(1.706670191688,4.760999937735));
#8027 = CARTESIAN_POINT('',(1.66111713296,4.760999937735));
#8028 = CARTESIAN_POINT('',(1.638340588704,4.760999937735));
#8029 = CARTESIAN_POINT('',(1.615564034519,4.760999937735));
#8030 = CARTESIAN_POINT('',(1.59278747537,4.760999937735));
#8031 = CARTESIAN_POINT('',(1.570010916221,4.760999937735));
#8032 = CARTESIAN_POINT('',(1.547234362036,4.760999937735));
#8033 = CARTESIAN_POINT('',(1.52445781778,4.760999937735));
#8034 = CARTESIAN_POINT('',(1.478904759052,4.760999937735));
#8035 = CARTESIAN_POINT('',(1.456128214796,4.760999937735));
#8036 = CARTESIAN_POINT('',(1.433351660611,4.760999937735));
#8037 = CARTESIAN_POINT('',(1.410575101462,4.760999937735));
#8038 = CARTESIAN_POINT('',(1.387798542313,4.760999937735));
#8039 = CARTESIAN_POINT('',(1.365021988128,4.760999937735));
#8040 = CARTESIAN_POINT('',(1.342245443872,4.760999937735));
#8041 = CARTESIAN_POINT('',(1.296692385144,4.760999937735));
#8042 = CARTESIAN_POINT('',(1.273915840888,4.760999937735));
#8043 = CARTESIAN_POINT('',(1.251139286703,4.760999937735));
#8044 = CARTESIAN_POINT('',(1.228362727554,4.760999937735));
#8045 = CARTESIAN_POINT('',(1.205586168405,4.760999937735));
#8046 = CARTESIAN_POINT('',(1.18280961422,4.760999937735));
#8047 = CARTESIAN_POINT('',(1.160033069963,4.760999937735));
#8048 = CARTESIAN_POINT('',(1.11919238829,4.760999937735));
#8049 = CARTESIAN_POINT('',(1.101128231311,4.760999937735));
#8050 = CARTESIAN_POINT('',(1.083064071217,4.760999937735));
#8051 = CARTESIAN_POINT('',(1.064999909567,4.760999937735));
#8052 = CARTESIAN_POINT('',(1.046935747917,4.760999937735));
#8053 = CARTESIAN_POINT('',(1.028871587824,4.760999937735));
#8054 = CARTESIAN_POINT('',(1.010807430844,4.760999937735));
#8055 = CARTESIAN_POINT('',(0.969966749171,4.760999937735));
#8056 = CARTESIAN_POINT('',(0.947190204914,4.760999937735));
#8057 = CARTESIAN_POINT('',(0.924413650729,4.760999937735));
#8058 = CARTESIAN_POINT('',(0.90163709158,4.760999937735));
#8059 = CARTESIAN_POINT('',(0.878860532431,4.760999937735));
#8060 = CARTESIAN_POINT('',(0.856083978247,4.760999937735));
#8061 = CARTESIAN_POINT('',(0.83330743399,4.760999937735));
#8062 = CARTESIAN_POINT('',(0.787754375262,4.760999937735));
#8063 = CARTESIAN_POINT('',(0.764977831006,4.760999937735));
#8064 = CARTESIAN_POINT('',(0.742201276821,4.760999937735));
#8065 = CARTESIAN_POINT('',(0.719424717672,4.760999937735));
#8066 = CARTESIAN_POINT('',(0.696648158523,4.760999937735));
#8067 = CARTESIAN_POINT('',(0.673871604338,4.760999937735));
#8068 = CARTESIAN_POINT('',(0.651095060082,4.760999937735));
#8069 = CARTESIAN_POINT('',(0.549786691831,4.760999937735));
#8070 = CARTESIAN_POINT('',(0.47123384477,4.760999937735));
#8071 = CARTESIAN_POINT('',(0.392691826972,4.760999937735));
#8072 = CARTESIAN_POINT('',(0.314159265359,4.760999937735));
#8073 = CARTESIAN_POINT('',(0.235626703745,4.760999937735));
#8074 = CARTESIAN_POINT('',(0.157084685949,4.760999937735));
#8075 = CARTESIAN_POINT('',(7.853183888676E-02,4.760999937735));
#8076 = CARTESIAN_POINT('',(0.,4.760999937735));
#8077 = ( GEOMETRIC_REPRESENTATION_CONTEXT(2) 
PARAMETRIC_REPRESENTATION_CONTEXT() REPRESENTATION_CONTEXT('2D SPACE',''
  ) );
#8078 = ORIENTED_EDGE('',*,*,#8079,.T.);
#8079 = EDGE_CURVE('',#7734,#7595,#8080,.T.);
#8080 = SEAM_CURVE('',#8081,(#8085,#8092),.PCURVE_S1.);
#8081 = LINE('',#8082,#8083);
#8082 = CARTESIAN_POINT('',(19.14,-4.687947947136E-15,-198.6));
#8083 = VECTOR('',#8084,1.);
#8084 = DIRECTION('',(0.,0.,1.));
#8085 = PCURVE('',#7611,#8086);
#8086 = DEFINITIONAL_REPRESENTATION('',(#8087),#8091);
#8087 = LINE('',#8088,#8089);
#8088 = CARTESIAN_POINT('',(0.,-0.));
#8089 = VECTOR('',#8090,1.);
#8090 = DIRECTION('',(0.,1.));
#8091 = ( GEOMETRIC_REPRESENTATION_CONTEXT(2) 
PARAMETRIC_REPRESENTATION_CONTEXT() REPRESENTATION_CONTEXT('2D SPACE',''
  ) );
#8092 = PCURVE('',#7611,#8093);
#8093 = DEFINITIONAL_REPRESENTATION('',(#8094),#8098);
#8094 = LINE('',#8095,#8096);
#8095 = CARTESIAN_POINT('',(6.28318530718,-0.));
#8096 = VECTOR('',#8097,1.);
#8097 = DIRECTION('',(0.,1.));
#8098 = ( GEOMETRIC_REPRESENTATION_CONTEXT(2) 
PARAMETRIC_REPRESENTATION_CONTEXT() REPRESENTATION_CONTEXT('2D SPACE',''
  ) );
#8099 = ORIENTED_EDGE('',*,*,#7594,.F.);
#8100 = ORIENTED_EDGE('',*,*,#8079,.F.);
#8101 = ORIENTED_EDGE('',*,*,#8102,.F.);
#8102 = EDGE_CURVE('',#7736,#7734,#8103,.T.);
#8103 = SURFACE_CURVE('',#8104,(#8156,#8211),.PCURVE_S1.);
#8104 = B_SPLINE_CURVE_WITH_KNOTS('',8,(#8105,#8106,#8107,#8108,#8109,
    #8110,#8111,#8112,#8113,#8114,#8115,#8116,#8117,#8118,#8119,#8120,
    #8121,#8122,#8123,#8124,#8125,#8126,#8127,#8128,#8129,#8130,#8131,
    #8132,#8133,#8134,#8135,#8136,#8137,#8138,#8139,#8140,#8141,#8142,
    #8143,#8144,#8145,#8146,#8147,#8148,#8149,#8150,#8151,#8152,#8153,
    #8154,#8155),.UNSPECIFIED.,.F.,.F.,(9,7,7,7,7,7,7,9),(0.,
    4.200603073347E-02,0.208021773431,0.455999108316,0.705974391408,
    0.74598013645,0.807988990178,1.),.UNSPECIFIED.);
#8105 = CARTESIAN_POINT('',(-19.14,2.343973973568E-15,-196.5075949839));
#8106 = CARTESIAN_POINT('',(-19.14,0.315682871629,-196.5075949839));
#8107 = CARTESIAN_POINT('',(-19.1340495136,0.631365913885,
    -196.5075949839));
#8108 = CARTESIAN_POINT('',(-19.12214854778,0.946918022139,
    -196.5075949839));
#8109 = CARTESIAN_POINT('',(-19.10430055646,1.262208319499,
    -196.5075949839));
#8110 = CARTESIAN_POINT('',(-19.08051244055,1.577106156813,
    -196.5075949839));
#8111 = CARTESIAN_POINT('',(-19.05079454791,1.891481112666,
    -196.5075949839));
#8112 = CARTESIAN_POINT('',(-19.01516067335,2.205202993383,
    -196.5075949839));
#8113 = CARTESIAN_POINT('',(-18.80948334534,3.754935049977,
    -196.5075949839));
#8114 = CARTESIAN_POINT('',(-18.55317990446,4.979658303386,
    -196.5075949839));
#8115 = CARTESIAN_POINT('',(-18.20577284676,6.184061594215,
    -196.5075949839));
#8116 = CARTESIAN_POINT('',(-17.76921250717,7.360248813162,
    -196.5075949839));
#8117 = CARTESIAN_POINT('',(-17.24621732523,8.500633548145,
    -196.5075949839));
#8118 = CARTESIAN_POINT('',(-16.64022947733,9.597929168704,
    -196.5075949839));
#8119 = CARTESIAN_POINT('',(-15.95545326086,10.645173187356,
    -196.5075949839));
#8120 = CARTESIAN_POINT('',(-14.06404082532,13.115461836233,
    -196.5075949839));
#8121 = CARTESIAN_POINT('',(-12.76574153876,14.469998140585,
    -196.5075949839));
#8122 = CARTESIAN_POINT('',(-11.31919346469,15.676296195273,
    -196.5075949839));
#8123 = CARTESIAN_POINT('',(-9.744573398904,16.715999426844,
    -196.5075949839));
#8124 = CARTESIAN_POINT('',(-8.063982178221,17.573918018541,
    -196.5075949839));
#8125 = CARTESIAN_POINT('',(-6.301527420735,18.238304619363,
    -196.5075949839));
#8126 = CARTESIAN_POINT('',(-4.483124377597,18.700646494948,
    -196.5075949839));
#8127 = CARTESIAN_POINT('',(-0.776616231024,19.216285793654,
    -196.5075949839));
#8128 = CARTESIAN_POINT('',(1.114316147059,19.266589141962,
    -196.5075949839));
#8129 = CARTESIAN_POINT('',(3.006360318575,19.103809276438,
    -196.5075949839));
#8130 = CARTESIAN_POINT('',(4.871595293652,18.729141516321,
    -196.5075949839));
#8131 = CARTESIAN_POINT('',(6.682991879872,18.147488828187,
    -196.5075949839));
#8132 = CARTESIAN_POINT('',(8.414557527728,17.367739612664,
    -196.5075949839));
#8133 = CARTESIAN_POINT('',(10.041327465272,16.402454548295,
    -196.5075949839));
#8134 = CARTESIAN_POINT('',(11.779928617454,15.088514585927,
    -196.5075949839));
#8135 = CARTESIAN_POINT('',(12.016531742488,14.902937609631,
    -196.5075949839));
#8136 = CARTESIAN_POINT('',(12.249790469266,14.713122919734,
    -196.5075949839));
#8137 = CARTESIAN_POINT('',(12.479616316482,14.519140947286,
    -196.5075949839));
#8138 = CARTESIAN_POINT('',(12.705922655283,14.321064278541,
    -196.5075949839));
#8139 = CARTESIAN_POINT('',(12.928624709275,14.11896765495,
    -196.5075949839));
#8140 = CARTESIAN_POINT('',(13.147639554519,13.912927973165,
    -196.5075949839));
#8141 = CARTESIAN_POINT('',(13.696518020432,13.377673836495,
    -196.5075949839));
#8142 = CARTESIAN_POINT('',(14.021097695479,13.04303903348,
    -196.5075949839));
#8143 = CARTESIAN_POINT('',(14.336322586068,12.699415025197,
    -196.5075949839));
#8144 = CARTESIAN_POINT('',(14.641902679274,12.347107540267,
    -196.5075949839));
#8145 = CARTESIAN_POINT('',(14.937560507855,11.986432886734,
    -196.5075949839));
#8146 = CARTESIAN_POINT('',(15.223031150245,11.617717952064,
    -196.5075949839));
#8147 = CARTESIAN_POINT('',(15.498062230564,11.241300203146,
    -196.5075949839));
#8148 = CARTESIAN_POINT('',(16.580981454009,9.66917241001,
    -196.5075949839));
#8149 = CARTESIAN_POINT('',(17.297342948095,8.410017606898,
    -196.5075949839));
#8150 = CARTESIAN_POINT('',(17.904052463208,7.090708931072,
    -196.5075949839));
#8151 = CARTESIAN_POINT('',(18.395357580211,5.722472511273,
    -196.5075949839));
#8152 = CARTESIAN_POINT('',(18.766909836993,4.316983080884,
    -196.5075949839));
#8153 = CARTESIAN_POINT('',(19.015667620117,2.886321910944,
    -196.5075949839));
#8154 = CARTESIAN_POINT('',(19.14,1.442997253176,-196.5075949839));
#8155 = CARTESIAN_POINT('',(19.14,-6.593907711833E-15,-196.5075949839));
#8156 = PCURVE('',#7611,#8157);
#8157 = DEFINITIONAL_REPRESENTATION('',(#8158),#8210);
#8158 = B_SPLINE_CURVE_WITH_KNOTS('',8,(#8159,#8160,#8161,#8162,#8163,
    #8164,#8165,#8166,#8167,#8168,#8169,#8170,#8171,#8172,#8173,#8174,
    #8175,#8176,#8177,#8178,#8179,#8180,#8181,#8182,#8183,#8184,#8185,
    #8186,#8187,#8188,#8189,#8190,#8191,#8192,#8193,#8194,#8195,#8196,
    #8197,#8198,#8199,#8200,#8201,#8202,#8203,#8204,#8205,#8206,#8207,
    #8208,#8209),.UNSPECIFIED.,.F.,.F.,(9,7,7,7,7,7,7,9),(0.,
    4.200603073347E-02,0.208021773431,0.455999108316,0.705974391408,
    0.74598013645,0.807988990178,1.),.UNSPECIFIED.);
#8159 = CARTESIAN_POINT('',(3.14159265359,2.092405016098));
#8160 = CARTESIAN_POINT('',(3.125099295615,2.092405016098));
#8161 = CARTESIAN_POINT('',(3.108605934678,2.092405016098));
#8162 = CARTESIAN_POINT('',(3.092112571765,2.092405016098));
#8163 = CARTESIAN_POINT('',(3.075619207864,2.092405016098));
#8164 = CARTESIAN_POINT('',(3.059125843964,2.092405016098));
#8165 = CARTESIAN_POINT('',(3.042632481051,2.092405016098));
#8166 = CARTESIAN_POINT('',(3.026139120113,2.092405016098));
#8167 = CARTESIAN_POINT('',(2.94446090592,2.092405016098));
#8168 = CARTESIAN_POINT('',(2.879267837155,2.092405016098));
#8169 = CARTESIAN_POINT('',(2.814078421874,2.092405016098));
#8170 = CARTESIAN_POINT('',(2.748893571891,2.092405016098));
#8171 = CARTESIAN_POINT('',(2.683708721908,2.092405016098));
#8172 = CARTESIAN_POINT('',(2.618519306628,2.092405016098));
#8173 = CARTESIAN_POINT('',(2.553326237862,2.092405016098));
#8174 = CARTESIAN_POINT('',(2.390774911106,2.092405016098));
#8175 = CARTESIAN_POINT('',(2.293347384585,2.092405016098));
#8176 = CARTESIAN_POINT('',(2.195953462318,2.092405016098));
#8177 = CARTESIAN_POINT('',(2.098583892596,2.092405016098));
#8178 = CARTESIAN_POINT('',(2.001214322881,2.092405016098));
#8179 = CARTESIAN_POINT('',(1.90382040061,2.092405016098));
#8180 = CARTESIAN_POINT('',(1.80639287409,2.092405016098));
#8181 = CARTESIAN_POINT('',(1.610875453397,2.092405016098));
#8182 = CARTESIAN_POINT('',(1.512660962615,2.092405016098));
#8183 = CARTESIAN_POINT('',(1.414481543544,2.092405016098));
#8184 = CARTESIAN_POINT('',(1.316327321852,2.092405016098));
#8185 = CARTESIAN_POINT('',(1.218173100168,2.092405016098));
#8186 = CARTESIAN_POINT('',(1.119993681091,2.092405016098));
#8187 = CARTESIAN_POINT('',(1.021779190312,2.092405016098));
#8188 = CARTESIAN_POINT('',(0.907920279596,2.092405016098));
#8189 = CARTESIAN_POINT('',(0.892212316715,2.092405016098));
#8190 = CARTESIAN_POINT('',(0.876504352286,2.092405016098));
#8191 = CARTESIAN_POINT('',(0.860796387084,2.092405016098));
#8192 = CARTESIAN_POINT('',(0.845088421881,2.092405016098));
#8193 = CARTESIAN_POINT('',(0.829380457452,2.092405016098));
#8194 = CARTESIAN_POINT('',(0.813672494571,2.092405016098));
#8195 = CARTESIAN_POINT('',(0.773617215204,2.092405016098));
#8196 = CARTESIAN_POINT('',(0.749269875604,2.092405016098));
#8197 = CARTESIAN_POINT('',(0.724922522143,2.092405016098));
#8198 = CARTESIAN_POINT('',(0.700575161751,2.092405016098));
#8199 = CARTESIAN_POINT('',(0.676227801359,2.092405016098));
#8200 = CARTESIAN_POINT('',(0.651880447897,2.092405016098));
#8201 = CARTESIAN_POINT('',(0.627533108297,2.092405016098));
#8202 = CARTESIAN_POINT('',(0.527794083472,2.092405016098));
#8203 = CARTESIAN_POINT('',(0.452385264446,2.092405016098));
#8204 = CARTESIAN_POINT('',(0.376985111875,2.092405016098));
#8205 = CARTESIAN_POINT('',(0.301592894745,2.092405016098));
#8206 = CARTESIAN_POINT('',(0.226200677614,2.092405016098));
#8207 = CARTESIAN_POINT('',(0.150800525043,2.092405016098));
#8208 = CARTESIAN_POINT('',(7.539170601757E-02,2.092405016098));
#8209 = CARTESIAN_POINT('',(0.,2.092405016098));
#8210 = ( GEOMETRIC_REPRESENTATION_CONTEXT(2) 
PARAMETRIC_REPRESENTATION_CONTEXT() REPRESENTATION_CONTEXT('2D SPACE',''
  ) );
#8211 = PCURVE('',#7959,#8212);
#8212 = DEFINITIONAL_REPRESENTATION('',(#8213),#8265);
#8213 = B_SPLINE_CURVE_WITH_KNOTS('',8,(#8214,#8215,#8216,#8217,#8218,
    #8219,#8220,#8221,#8222,#8223,#8224,#8225,#8226,#8227,#8228,#8229,
    #8230,#8231,#8232,#8233,#8234,#8235,#8236,#8237,#8238,#8239,#8240,
    #8241,#8242,#8243,#8244,#8245,#8246,#8247,#8248,#8249,#8250,#8251,
    #8252,#8253,#8254,#8255,#8256,#8257,#8258,#8259,#8260,#8261,#8262,
    #8263,#8264),.UNSPECIFIED.,.F.,.F.,(9,7,7,7,7,7,7,9),(0.,
    4.200603073347E-02,0.208021773431,0.455999108316,0.705974391408,
    0.74598013645,0.807988990178,1.),.UNSPECIFIED.);
#8214 = CARTESIAN_POINT('',(6.28318530718,4.760999937735));
#8215 = CARTESIAN_POINT('',(6.266691949205,4.760999937735));
#8216 = CARTESIAN_POINT('',(6.250198588268,4.760999937735));
#8217 = CARTESIAN_POINT('',(6.233705225355,4.760999937735));
#8218 = CARTESIAN_POINT('',(6.217211861454,4.760999937735));
#8219 = CARTESIAN_POINT('',(6.200718497554,4.760999937735));
#8220 = CARTESIAN_POINT('',(6.184225134641,4.760999937735));
#8221 = CARTESIAN_POINT('',(6.167731773703,4.760999937735));
#8222 = CARTESIAN_POINT('',(6.08605355951,4.760999937735));
#8223 = CARTESIAN_POINT('',(6.020860490744,4.760999937735));
#8224 = CARTESIAN_POINT('',(5.955671075464,4.760999937735));
#8225 = CARTESIAN_POINT('',(5.890486225481,4.760999937735));
#8226 = CARTESIAN_POINT('',(5.825301375498,4.760999937735));
#8227 = CARTESIAN_POINT('',(5.760111960217,4.760999937735));
#8228 = CARTESIAN_POINT('',(5.694918891452,4.760999937735));
#8229 = CARTESIAN_POINT('',(5.532367564696,4.760999937735));
#8230 = CARTESIAN_POINT('',(5.434940038175,4.760999937735));
#8231 = CARTESIAN_POINT('',(5.337546115908,4.760999937735));
#8232 = CARTESIAN_POINT('',(5.240176546186,4.760999937735));
#8233 = CARTESIAN_POINT('',(5.14280697647,4.760999937735));
#8234 = CARTESIAN_POINT('',(5.0454130542,4.760999937735));
#8235 = CARTESIAN_POINT('',(4.94798552768,4.760999937735));
#8236 = CARTESIAN_POINT('',(4.752468106987,4.760999937735));
#8237 = CARTESIAN_POINT('',(4.654253616205,4.760999937735));
#8238 = CARTESIAN_POINT('',(4.556074197133,4.760999937735));
#8239 = CARTESIAN_POINT('',(4.457919975442,4.760999937735));
#8240 = CARTESIAN_POINT('',(4.359765753758,4.760999937735));
#8241 = CARTESIAN_POINT('',(4.261586334681,4.760999937735));
#8242 = CARTESIAN_POINT('',(4.163371843902,4.760999937735));
#8243 = CARTESIAN_POINT('',(4.049512933186,4.760999937735));
#8244 = CARTESIAN_POINT('',(4.033804970305,4.760999937735));
#8245 = CARTESIAN_POINT('',(4.018097005876,4.760999937735));
#8246 = CARTESIAN_POINT('',(4.002389040674,4.760999937735));
#8247 = CARTESIAN_POINT('',(3.986681075471,4.760999937735));
#8248 = CARTESIAN_POINT('',(3.970973111042,4.760999937735));
#8249 = CARTESIAN_POINT('',(3.955265148161,4.760999937735));
#8250 = CARTESIAN_POINT('',(3.915209868794,4.760999937735));
#8251 = CARTESIAN_POINT('',(3.890862529194,4.760999937735));
#8252 = CARTESIAN_POINT('',(3.866515175733,4.760999937735));
#8253 = CARTESIAN_POINT('',(3.84216781534,4.760999937735));
#8254 = CARTESIAN_POINT('',(3.817820454948,4.760999937735));
#8255 = CARTESIAN_POINT('',(3.793473101487,4.760999937735));
#8256 = CARTESIAN_POINT('',(3.769125761887,4.760999937735));
#8257 = CARTESIAN_POINT('',(3.669386737062,4.760999937735));
#8258 = CARTESIAN_POINT('',(3.593977918036,4.760999937735));
#8259 = CARTESIAN_POINT('',(3.518577765464,4.760999937735));
#8260 = CARTESIAN_POINT('',(3.443185548335,4.760999937735));
#8261 = CARTESIAN_POINT('',(3.367793331205,4.760999937735));
#8262 = CARTESIAN_POINT('',(3.292393178633,4.760999937735));
#8263 = CARTESIAN_POINT('',(3.216984359607,4.760999937735));
#8264 = CARTESIAN_POINT('',(3.14159265359,4.760999937735));
#8265 = ( GEOMETRIC_REPRESENTATION_CONTEXT(2) 
PARAMETRIC_REPRESENTATION_CONTEXT() REPRESENTATION_CONTEXT('2D SPACE',''
  ) );
#8266 = ADVANCED_FACE('',(#8267,#8688,#9125,#9569,#10006),#7959,.F.);
#8267 = FACE_BOUND('',#8268,.F.);
#8268 = EDGE_LOOP('',(#8269,#8375,#8397,#8398,#8399,#8400));
#8269 = ORIENTED_EDGE('',*,*,#8270,.F.);
#8270 = EDGE_CURVE('',#8271,#8273,#8275,.T.);
#8271 = VERTEX_POINT('',#8272);
#8272 = CARTESIAN_POINT('',(-4.5,-5.510910596163E-16,-196.7271606144));
#8273 = VERTEX_POINT('',#8274);
#8274 = CARTESIAN_POINT('',(4.5,-1.102182119233E-15,-196.7271606144));
#8275 = SURFACE_CURVE('',#8276,(#8307,#8341),.PCURVE_S1.);
#8276 = B_SPLINE_CURVE_WITH_KNOTS('',8,(#8277,#8278,#8279,#8280,#8281,
    #8282,#8283,#8284,#8285,#8286,#8287,#8288,#8289,#8290,#8291,#8292,
    #8293,#8294,#8295,#8296,#8297,#8298,#8299,#8300,#8301,#8302,#8303,
    #8304,#8305,#8306),.UNSPECIFIED.,.F.,.F.,(9,7,7,7,9),(0.,0.25,0.5,
    0.75,1.),.UNSPECIFIED.);
#8277 = CARTESIAN_POINT('',(-4.5,5.510910596163E-16,-196.7271606144));
#8278 = CARTESIAN_POINT('',(-4.5,0.441688171955,-196.7271606144));
#8279 = CARTESIAN_POINT('',(-4.450453672493,0.883639029402,
    -196.7271606144));
#8280 = CARTESIAN_POINT('',(-4.351258436232,1.318960530722,
    -196.7271606144));
#8281 = CARTESIAN_POINT('',(-4.203582755855,1.741180988046,
    -196.7271606144));
#8282 = CARTESIAN_POINT('',(-4.009450282356,2.144158411547,
    -196.7271606144));
#8283 = CARTESIAN_POINT('',(-3.771773120983,2.522118821372,
    -196.7271606144));
#8284 = CARTESIAN_POINT('',(-3.4943012169,2.869659813779,-196.7271606144
    ));
#8285 = CARTESIAN_POINT('',(-2.86965981378,3.494301216899,
    -196.7271606144));
#8286 = CARTESIAN_POINT('',(-2.522118821369,3.771773120986,
    -196.7271606144));
#8287 = CARTESIAN_POINT('',(-2.144158411554,4.00945028235,
    -196.7271606144));
#8288 = CARTESIAN_POINT('',(-1.741180988038,4.20358275586,
    -196.7271606144));
#8289 = CARTESIAN_POINT('',(-1.318960530729,4.35125843623,
    -196.7271606144));
#8290 = CARTESIAN_POINT('',(-0.883639029399,4.450453672494,
    -196.7271606144));
#8291 = CARTESIAN_POINT('',(-0.441688171956,4.5,-196.7271606144));
#8292 = CARTESIAN_POINT('',(0.441688171956,4.5,-196.7271606144));
#8293 = CARTESIAN_POINT('',(0.883639029397,4.450453672495,
    -196.7271606144));
#8294 = CARTESIAN_POINT('',(1.318960530732,4.351258436226,
    -196.7271606144));
#8295 = CARTESIAN_POINT('',(1.741180988033,4.203582755866,
    -196.7271606144));
#8296 = CARTESIAN_POINT('',(2.144158411556,4.009450282347,
    -196.7271606144));
#8297 = CARTESIAN_POINT('',(2.522118821368,3.771773120987,
    -196.7271606144));
#8298 = CARTESIAN_POINT('',(2.869659813779,3.4943012169,-196.7271606144)
  );
#8299 = CARTESIAN_POINT('',(3.4943012169,2.86965981378,-196.7271606144)
  );
#8300 = CARTESIAN_POINT('',(3.771773120982,2.522118821371,
    -196.7271606144));
#8301 = CARTESIAN_POINT('',(4.009450282357,2.144158411551,
    -196.7271606144));
#8302 = CARTESIAN_POINT('',(4.203582755852,1.741180988042,
    -196.7271606144));
#8303 = CARTESIAN_POINT('',(4.351258436234,1.318960530726,
    -196.7271606144));
#8304 = CARTESIAN_POINT('',(4.450453672493,0.883639029401,
    -196.7271606144));
#8305 = CARTESIAN_POINT('',(4.5,0.441688171956,-196.7271606144));
#8306 = CARTESIAN_POINT('',(4.5,-1.550291781779E-15,-196.7271606144));
#8307 = PCURVE('',#7959,#8308);
#8308 = DEFINITIONAL_REPRESENTATION('',(#8309),#8340);
#8309 = B_SPLINE_CURVE_WITH_KNOTS('',8,(#8310,#8311,#8312,#8313,#8314,
    #8315,#8316,#8317,#8318,#8319,#8320,#8321,#8322,#8323,#8324,#8325,
    #8326,#8327,#8328,#8329,#8330,#8331,#8332,#8333,#8334,#8335,#8336,
    #8337,#8338,#8339),.UNSPECIFIED.,.F.,.F.,(9,7,7,7,9),(0.,0.25,0.5,
    0.75,1.),.UNSPECIFIED.);
#8310 = CARTESIAN_POINT('',(6.28318530718,4.723813636779));
#8311 = CARTESIAN_POINT('',(6.185032380078,4.723813636779));
#8312 = CARTESIAN_POINT('',(6.086821144785,4.723813636779));
#8313 = CARTESIAN_POINT('',(5.988641713458,4.723813636779));
#8314 = CARTESIAN_POINT('',(5.890486225479,4.723813636779));
#8315 = CARTESIAN_POINT('',(5.792330737507,4.723813636779));
#8316 = CARTESIAN_POINT('',(5.694151306176,4.723813636779));
#8317 = CARTESIAN_POINT('',(5.595940070884,4.723813636779));
#8318 = CARTESIAN_POINT('',(5.399634216681,4.723813636779));
#8319 = CARTESIAN_POINT('',(5.301422981387,4.723813636779));
#8320 = CARTESIAN_POINT('',(5.20324355006,4.723813636779));
#8321 = CARTESIAN_POINT('',(5.105088062082,4.723813636779));
#8322 = CARTESIAN_POINT('',(5.006932574109,4.723813636779));
#8323 = CARTESIAN_POINT('',(4.908753142779,4.723813636779));
#8324 = CARTESIAN_POINT('',(4.810541907486,4.723813636779));
#8325 = CARTESIAN_POINT('',(4.614236053283,4.723813636779));
#8326 = CARTESIAN_POINT('',(4.516024817991,4.723813636779));
#8327 = CARTESIAN_POINT('',(4.417845386661,4.723813636779));
#8328 = CARTESIAN_POINT('',(4.319689898687,4.723813636779));
#8329 = CARTESIAN_POINT('',(4.22153441071,4.723813636779));
#8330 = CARTESIAN_POINT('',(4.123354979382,4.723813636779));
#8331 = CARTESIAN_POINT('',(4.025143744089,4.723813636779));
#8332 = CARTESIAN_POINT('',(3.828837889886,4.723813636779));
#8333 = CARTESIAN_POINT('',(3.730626654593,4.723813636779));
#8334 = CARTESIAN_POINT('',(3.632447223264,4.723813636779));
#8335 = CARTESIAN_POINT('',(3.534291735288,4.723813636779));
#8336 = CARTESIAN_POINT('',(3.436136247314,4.723813636779));
#8337 = CARTESIAN_POINT('',(3.337956815984,4.723813636779));
#8338 = CARTESIAN_POINT('',(3.239745580691,4.723813636779));
#8339 = CARTESIAN_POINT('',(3.14159265359,4.723813636779));
#8340 = ( GEOMETRIC_REPRESENTATION_CONTEXT(2) 
PARAMETRIC_REPRESENTATION_CONTEXT() REPRESENTATION_CONTEXT('2D SPACE',''
  ) );
#8341 = PCURVE('',#226,#8342);
#8342 = DEFINITIONAL_REPRESENTATION('',(#8343),#8374);
#8343 = B_SPLINE_CURVE_WITH_KNOTS('',8,(#8344,#8345,#8346,#8347,#8348,
    #8349,#8350,#8351,#8352,#8353,#8354,#8355,#8356,#8357,#8358,#8359,
    #8360,#8361,#8362,#8363,#8364,#8365,#8366,#8367,#8368,#8369,#8370,
    #8371,#8372,#8373),.UNSPECIFIED.,.F.,.F.,(9,7,7,7,9),(0.,0.25,0.5,
    0.75,1.),.UNSPECIFIED.);
#8344 = CARTESIAN_POINT('',(3.14159265359,1.972839385599));
#8345 = CARTESIAN_POINT('',(3.043439726489,1.972839385599));
#8346 = CARTESIAN_POINT('',(2.945228491195,1.972839385599));
#8347 = CARTESIAN_POINT('',(2.847049059867,1.972839385599));
#8348 = CARTESIAN_POINT('',(2.748893571891,1.972839385599));
#8349 = CARTESIAN_POINT('',(2.650738083917,1.972839385599));
#8350 = CARTESIAN_POINT('',(2.552558652586,1.972839385599));
#8351 = CARTESIAN_POINT('',(2.454347417294,1.972839385599));
#8352 = CARTESIAN_POINT('',(2.258041563091,1.972839385599));
#8353 = CARTESIAN_POINT('',(2.159830327798,1.972839385599));
#8354 = CARTESIAN_POINT('',(2.06165089647,1.972839385599));
#8355 = CARTESIAN_POINT('',(1.963495408492,1.972839385599));
#8356 = CARTESIAN_POINT('',(1.86533992052,1.972839385599));
#8357 = CARTESIAN_POINT('',(1.767160489189,1.972839385599));
#8358 = CARTESIAN_POINT('',(1.668949253896,1.972839385599));
#8359 = CARTESIAN_POINT('',(1.472643399694,1.972839385599));
#8360 = CARTESIAN_POINT('',(1.374432164401,1.972839385599));
#8361 = CARTESIAN_POINT('',(1.276252733071,1.972839385599));
#8362 = CARTESIAN_POINT('',(1.178097245097,1.972839385599));
#8363 = CARTESIAN_POINT('',(1.079941757121,1.972839385599));
#8364 = CARTESIAN_POINT('',(0.981762325792,1.972839385599));
#8365 = CARTESIAN_POINT('',(0.883551090499,1.972839385599));
#8366 = CARTESIAN_POINT('',(0.687245236296,1.972839385599));
#8367 = CARTESIAN_POINT('',(0.589034001004,1.972839385599));
#8368 = CARTESIAN_POINT('',(0.490854569673,1.972839385599));
#8369 = CARTESIAN_POINT('',(0.3926990817,1.972839385599));
#8370 = CARTESIAN_POINT('',(0.294543593723,1.972839385599));
#8371 = CARTESIAN_POINT('',(0.196364162395,1.972839385599));
#8372 = CARTESIAN_POINT('',(9.81529271013E-02,1.972839385599));
#8373 = CARTESIAN_POINT('',(0.,1.972839385599));
#8374 = ( GEOMETRIC_REPRESENTATION_CONTEXT(2) 
PARAMETRIC_REPRESENTATION_CONTEXT() REPRESENTATION_CONTEXT('2D SPACE',''
  ) );
#8375 = ORIENTED_EDGE('',*,*,#8376,.T.);
#8376 = EDGE_CURVE('',#8271,#7736,#8377,.T.);
#8377 = SEAM_CURVE('',#8378,(#8383,#8390),.PCURVE_S1.);
#8378 = ELLIPSE('',#8379,393.8935,196.74);
#8379 = AXIS2_PLACEMENT_3D('',#8380,#8381,#8382);
#8380 = CARTESIAN_POINT('',(0.,0.,0.));
#8381 = DIRECTION('',(-1.224646799147E-16,1.,0.));
#8382 = DIRECTION('',(-1.,-1.224646799147E-16,0.));
#8383 = PCURVE('',#7959,#8384);
#8384 = DEFINITIONAL_REPRESENTATION('',(#8385),#8389);
#8385 = LINE('',#8386,#8387);
#8386 = CARTESIAN_POINT('',(6.28318530718,0.));
#8387 = VECTOR('',#8388,1.);
#8388 = DIRECTION('',(0.,1.));
#8389 = ( GEOMETRIC_REPRESENTATION_CONTEXT(2) 
PARAMETRIC_REPRESENTATION_CONTEXT() REPRESENTATION_CONTEXT('2D SPACE',''
  ) );
#8390 = PCURVE('',#7959,#8391);
#8391 = DEFINITIONAL_REPRESENTATION('',(#8392),#8396);
#8392 = LINE('',#8393,#8394);
#8393 = CARTESIAN_POINT('',(0.,0.));
#8394 = VECTOR('',#8395,1.);
#8395 = DIRECTION('',(0.,1.));
#8396 = ( GEOMETRIC_REPRESENTATION_CONTEXT(2) 
PARAMETRIC_REPRESENTATION_CONTEXT() REPRESENTATION_CONTEXT('2D SPACE',''
  ) );
#8397 = ORIENTED_EDGE('',*,*,#8102,.T.);
#8398 = ORIENTED_EDGE('',*,*,#7733,.T.);
#8399 = ORIENTED_EDGE('',*,*,#8376,.F.);
#8400 = ORIENTED_EDGE('',*,*,#8401,.F.);
#8401 = EDGE_CURVE('',#8273,#8271,#8402,.T.);
#8402 = SURFACE_CURVE('',#8403,(#8496,#8592),.PCURVE_S1.);
#8403 = B_SPLINE_CURVE_WITH_KNOTS('',7,(#8404,#8405,#8406,#8407,#8408,
    #8409,#8410,#8411,#8412,#8413,#8414,#8415,#8416,#8417,#8418,#8419,
    #8420,#8421,#8422,#8423,#8424,#8425,#8426,#8427,#8428,#8429,#8430,
    #8431,#8432,#8433,#8434,#8435,#8436,#8437,#8438,#8439,#8440,#8441,
    #8442,#8443,#8444,#8445,#8446,#8447,#8448,#8449,#8450,#8451,#8452,
    #8453,#8454,#8455,#8456,#8457,#8458,#8459,#8460,#8461,#8462,#8463,
    #8464,#8465,#8466,#8467,#8468,#8469,#8470,#8471,#8472,#8473,#8474,
    #8475,#8476,#8477,#8478,#8479,#8480,#8481,#8482,#8483,#8484,#8485,
    #8486,#8487,#8488,#8489,#8490,#8491,#8492,#8493,#8494,#8495),
  .UNSPECIFIED.,.F.,.F.,(8,6,6,6,6,6,6,6,6,6,6,6,6,6,6,8),(0.,
    5.600151341901E-02,0.114003075588,0.170004589007,0.228006151177,
    0.286007713346,0.340009177148,0.398010739317,0.456012301486,
    0.514013863656,0.572015425825,0.630016987994,0.688018550164,
    0.734019808521,0.784021170837,1.),.UNSPECIFIED.);
#8404 = CARTESIAN_POINT('',(4.5,-1.7763568394E-15,-196.7271606144));
#8405 = CARTESIAN_POINT('',(4.5,-0.113097266979,-196.7271606144));
#8406 = CARTESIAN_POINT('',(4.496683806797,-0.226194752946,
    -196.7271606144));
#8407 = CARTESIAN_POINT('',(4.490051435918,-0.339175386749,
    -196.7271606144));
#8408 = CARTESIAN_POINT('',(4.480108017724,-0.451922548326,
    -196.7271606144));
#8409 = CARTESIAN_POINT('',(4.466863797412,-0.564320068701,
    -196.7271606144));
#8410 = CARTESIAN_POINT('',(4.45033413501,-0.676252229988,
    -196.7271606144));
#8411 = CARTESIAN_POINT('',(4.410037926569,-0.902932130799,
    -196.7271606144));
#8412 = CARTESIAN_POINT('',(4.386033916316,-1.017638144523,
    -196.7271606144));
#8413 = CARTESIAN_POINT('',(4.358550263847,-1.131593718934,
    -196.7271606144));
#8414 = CARTESIAN_POINT('',(4.327615457643,-1.244672325546,
    -196.7271606144));
#8415 = CARTESIAN_POINT('',(4.293263685448,-1.356748995016,
    -196.7271606144));
#8416 = CARTESIAN_POINT('',(4.255534834268,-1.467700317141,
    -196.7271606144));
#8417 = CARTESIAN_POINT('',(4.174830016771,-1.683325673441,
    -196.7271606144));
#8418 = CARTESIAN_POINT('',(4.132079686043,-1.788084671585,
    -196.7271606144));
#8419 = CARTESIAN_POINT('',(4.086264550183,-1.891571797761,
    -196.7271606144));
#8420 = CARTESIAN_POINT('',(4.037430293363,-1.99367962983,
    -196.7271606144));
#8421 = CARTESIAN_POINT('',(3.985627231933,-2.094302961045,
    -196.7271606144));
#8422 = CARTESIAN_POINT('',(3.930910314419,-2.193338800048,
    -196.7271606144));
#8423 = CARTESIAN_POINT('',(3.813711820035,-2.391510631449,
    -196.7271606144));
#8424 = CARTESIAN_POINT('',(3.751022472409,-2.490524306196,
    -196.7271606144));
#8425 = CARTESIAN_POINT('',(3.685337320993,-2.58761542307,
    -196.7271606144));
#8426 = CARTESIAN_POINT('',(3.616727399249,-2.682675468023,
    -196.7271606144));
#8427 = CARTESIAN_POINT('',(3.545268531749,-2.775599385009,
    -196.7271606144));
#8428 = CARTESIAN_POINT('',(3.471041334173,-2.866285575979,
    -196.7271606144));
#8429 = CARTESIAN_POINT('',(3.317221092453,-3.042986225797,
    -196.7271606144));
#8430 = CARTESIAN_POINT('',(3.237627705584,-3.129001078348,
    -196.7271606144));
#8431 = CARTESIAN_POINT('',(3.15543648841,-3.212582343664,
    -196.7271606144));
#8432 = CARTESIAN_POINT('',(3.07073696182,-3.293636175798,
    -196.7271606144));
#8433 = CARTESIAN_POINT('',(2.983622731885,-3.372072997733,
    -196.7271606144));
#8434 = CARTESIAN_POINT('',(2.894191489864,-3.447807501384,
    -196.7271606144));
#8435 = CARTESIAN_POINT('',(2.717218966464,-3.588678692055,
    -196.7271606144));
#8436 = CARTESIAN_POINT('',(2.629972379796,-3.654186308001,
    -196.7271606144));
#8437 = CARTESIAN_POINT('',(2.540887368789,-3.717216146084,
    -196.7271606144));
#8438 = CARTESIAN_POINT('',(2.450048510613,-3.777706552026,
    -196.7271606144));
#8439 = CARTESIAN_POINT('',(2.357542843019,-3.835599566613,
    -196.7271606144));
#8440 = CARTESIAN_POINT('',(2.263459864332,-3.890840925697,
    -196.7271606144));
#8441 = CARTESIAN_POINT('',(2.065244084771,-3.999810972649,
    -196.7271606144));
#8442 = CARTESIAN_POINT('',(1.960882667452,-4.053124729484,
    -196.7271606144));
#8443 = CARTESIAN_POINT('',(1.854921297488,-4.103258671755,
    -196.7271606144));
#8444 = CARTESIAN_POINT('',(1.747476354509,-4.150155555837,
    -196.7271606144));
#8445 = CARTESIAN_POINT('',(1.63866658179,-4.19376355342,-196.7271606144
    ));
#8446 = CARTESIAN_POINT('',(1.528613086249,-4.234036251516,
    -196.7271606144));
#8447 = CARTESIAN_POINT('',(1.30626559065,-4.307829053397,
    -196.7271606144));
#8448 = CARTESIAN_POINT('',(1.193971095182,-4.341349321598,
    -196.7271606144));
#8449 = CARTESIAN_POINT('',(1.080679334683,-4.371452495773,
    -196.7271606144));
#8450 = CARTESIAN_POINT('',(0.966515135018,-4.398103368611,
    -196.7271606144));
#8451 = CARTESIAN_POINT('',(0.851604665278,-4.421272486778,
    -196.7271606144));
#8452 = CARTESIAN_POINT('',(0.736075437784,-4.440936150914,
    -196.7271606144));
#8453 = CARTESIAN_POINT('',(0.504037178379,-4.473216680356,
    -196.7271606144));
#8454 = CARTESIAN_POINT('',(0.387527629467,-4.485833617586,
    -196.7271606144));
#8455 = CARTESIAN_POINT('',(0.270656522175,-4.49490931991,
    -196.7271606144));
#8456 = CARTESIAN_POINT('',(0.153552995668,-4.500431782033,
    -196.7271606144));
#8457 = CARTESIAN_POINT('',(3.63464674492E-02,-4.50239490078,
    -196.7271606144));
#8458 = CARTESIAN_POINT('',(-8.083336664232E-02,-4.500798475098,
    -196.7271606144));
#8459 = CARTESIAN_POINT('',(-0.314879698217,-4.490497937006,
    -196.7271606144));
#8460 = CARTESIAN_POINT('',(-0.431746717176,-4.481793801646,
    -196.7271606144));
#8461 = CARTESIAN_POINT('',(-0.548327616815,-4.469541539336,
    -196.7271606144));
#8462 = CARTESIAN_POINT('',(-0.664493220413,-4.453752744286,
    -196.7271606144));
#8463 = CARTESIAN_POINT('',(-0.780115147015,-4.434444865557,
    -196.7271606144));
#8464 = CARTESIAN_POINT('',(-0.89506581144,-4.411641207056,
    -196.7271606144));
#8465 = CARTESIAN_POINT('',(-1.123371037104,-4.359100648024,
    -196.7271606144));
#8466 = CARTESIAN_POINT('',(-1.236726107026,-4.329363630427,
    -196.7271606144));
#8467 = CARTESIAN_POINT('',(-1.349156853222,-4.296189070864,
    -196.7271606144));
#8468 = CARTESIAN_POINT('',(-1.460538338401,-4.259611779173,
    -196.7271606144));
#8469 = CARTESIAN_POINT('',(-1.570747468802,-4.219672178916,
    -196.7271606144));
#8470 = CARTESIAN_POINT('',(-1.679662994189,-4.176416307381,
    -196.7271606144));
#8471 = CARTESIAN_POINT('',(-1.894668021523,-4.083375323776,
    -196.7271606144));
#8472 = CARTESIAN_POINT('',(-2.000758002518,-4.033590004404,
    -196.7271606144));
#8473 = CARTESIAN_POINT('',(-2.10531605936,-3.980591543654,
    -196.7271606144));
#8474 = CARTESIAN_POINT('',(-2.208225630813,-3.924436814453,
    -196.7271606144));
#8475 = CARTESIAN_POINT('',(-2.309372985889,-3.865187876457,
    -196.7271606144));
#8476 = CARTESIAN_POINT('',(-2.408647223847,-3.802911976059,
    -196.7271606144));
#8477 = CARTESIAN_POINT('',(-2.583103760455,-3.685947045859,
    -196.7271606144));
#8478 = CARTESIAN_POINT('',(-2.659021259773,-3.632353973138,
    -196.7271606144));
#8479 = CARTESIAN_POINT('',(-2.733638937855,-3.57693842733,
    -196.7271606144));
#8480 = CARTESIAN_POINT('',(-2.806904398764,-3.519738349888,
    -196.7271606144));
#8481 = CARTESIAN_POINT('',(-2.878766684917,-3.460793524599,
    -196.7271606144));
#8482 = CARTESIAN_POINT('',(-2.94917627709,-3.40014557759,
    -196.7271606144));
#8483 = CARTESIAN_POINT('',(-3.092985974628,-3.270112332262,
    -196.7271606144));
#8484 = CARTESIAN_POINT('',(-3.166113891004,-3.200425700346,
    -196.7271606144));
#8485 = CARTESIAN_POINT('',(-3.237407081828,-3.128833937345,
    -196.7271606144));
#8486 = CARTESIAN_POINT('',(-3.306806156865,-3.055395140055,
    -196.7271606144));
#8487 = CARTESIAN_POINT('',(-3.374254097356,-2.980169646298,
    -196.7271606144));
#8488 = CARTESIAN_POINT('',(-3.439696256019,-2.903220034924,
    -196.7271606144));
#8489 = CARTESIAN_POINT('',(-3.776865375983,-2.485063174195,
    -196.7271606144));
#8490 = CARTESIAN_POINT('',(-4.012358746277,-2.114423017751,
    -196.7271606144));
#8491 = CARTESIAN_POINT('',(-4.205116316474,-1.71809954185,
    -196.7271606144));
#8492 = CARTESIAN_POINT('',(-4.351960766336,-1.302039461403,
    -196.7271606144));
#8493 = CARTESIAN_POINT('',(-4.450675086696,-0.872524314553,
    -196.7271606144));
#8494 = CARTESIAN_POINT('',(-4.5,-0.436177771139,-196.7271606144));
#8495 = CARTESIAN_POINT('',(-4.5,-8.881784197001E-16,-196.7271606144));
#8496 = PCURVE('',#7959,#8497);
#8497 = DEFINITIONAL_REPRESENTATION('',(#8498),#8591);
#8498 = B_SPLINE_CURVE_WITH_KNOTS('',7,(#8499,#8500,#8501,#8502,#8503,
    #8504,#8505,#8506,#8507,#8508,#8509,#8510,#8511,#8512,#8513,#8514,
    #8515,#8516,#8517,#8518,#8519,#8520,#8521,#8522,#8523,#8524,#8525,
    #8526,#8527,#8528,#8529,#8530,#8531,#8532,#8533,#8534,#8535,#8536,
    #8537,#8538,#8539,#8540,#8541,#8542,#8543,#8544,#8545,#8546,#8547,
    #8548,#8549,#8550,#8551,#8552,#8553,#8554,#8555,#8556,#8557,#8558,
    #8559,#8560,#8561,#8562,#8563,#8564,#8565,#8566,#8567,#8568,#8569,
    #8570,#8571,#8572,#8573,#8574,#8575,#8576,#8577,#8578,#8579,#8580,
    #8581,#8582,#8583,#8584,#8585,#8586,#8587,#8588,#8589,#8590),
  .UNSPECIFIED.,.F.,.F.,(8,6,6,6,6,6,6,6,6,6,6,6,6,6,6,8),(0.,
    5.600151341901E-02,0.114003075588,0.170004589007,0.228006151177,
    0.286007713346,0.340009177148,0.398010739317,0.456012301486,
    0.514013863656,0.572015425825,0.630016987994,0.688018550164,
    0.734019808521,0.784021170837,1.),.UNSPECIFIED.);
#8499 = CARTESIAN_POINT('',(3.14159265359,4.723813636779));
#8500 = CARTESIAN_POINT('',(3.116459927595,4.723813636779));
#8501 = CARTESIAN_POINT('',(3.091327186366,4.723813636779));
#8502 = CARTESIAN_POINT('',(3.066194435997,4.723813636779));
#8503 = CARTESIAN_POINT('',(3.041061682582,4.723813636779));
#8504 = CARTESIAN_POINT('',(3.015928932213,4.723813636779));
#8505 = CARTESIAN_POINT('',(2.990796190984,4.723813636779));
#8506 = CARTESIAN_POINT('',(2.939633144015,4.723813636779));
#8507 = CARTESIAN_POINT('',(2.913602804886,4.723813636779));
#8508 = CARTESIAN_POINT('',(2.887572454862,4.723813636779));
#8509 = CARTESIAN_POINT('',(2.861542101207,4.723813636779));
#8510 = CARTESIAN_POINT('',(2.835511751184,4.723813636779));
#8511 = CARTESIAN_POINT('',(2.809481412054,4.723813636779));
#8512 = CARTESIAN_POINT('',(2.758318365085,4.723813636779));
#8513 = CARTESIAN_POINT('',(2.733185623857,4.723813636779));
#8514 = CARTESIAN_POINT('',(2.708052873488,4.723813636779));
#8515 = CARTESIAN_POINT('',(2.682920120072,4.723813636779));
#8516 = CARTESIAN_POINT('',(2.657787369704,4.723813636779));
#8517 = CARTESIAN_POINT('',(2.632654628475,4.723813636779));
#8518 = CARTESIAN_POINT('',(2.581491581506,4.723813636779));
#8519 = CARTESIAN_POINT('',(2.555461242376,4.723813636779));
#8520 = CARTESIAN_POINT('',(2.529430892353,4.723813636779));
#8521 = CARTESIAN_POINT('',(2.503400538698,4.723813636779));
#8522 = CARTESIAN_POINT('',(2.477370188675,4.723813636779));
#8523 = CARTESIAN_POINT('',(2.451339849545,4.723813636779));
#8524 = CARTESIAN_POINT('',(2.399279207598,4.723813636779));
#8525 = CARTESIAN_POINT('',(2.373248868468,4.723813636779));
#8526 = CARTESIAN_POINT('',(2.347218518445,4.723813636779));
#8527 = CARTESIAN_POINT('',(2.32118816479,4.723813636779));
#8528 = CARTESIAN_POINT('',(2.295157814766,4.723813636779));
#8529 = CARTESIAN_POINT('',(2.269127475637,4.723813636779));
#8530 = CARTESIAN_POINT('',(2.218862024035,4.723813636779));
#8531 = CARTESIAN_POINT('',(2.194626880708,4.723813636779));
#8532 = CARTESIAN_POINT('',(2.17039172976,4.723813636779));
#8533 = CARTESIAN_POINT('',(2.146156576273,4.723813636779));
#8534 = CARTESIAN_POINT('',(2.121921425325,4.723813636779));
#8535 = CARTESIAN_POINT('',(2.097686281997,4.723813636779));
#8536 = CARTESIAN_POINT('',(2.047420830396,4.723813636779));
#8537 = CARTESIAN_POINT('',(2.021390491266,4.723813636779));
#8538 = CARTESIAN_POINT('',(1.995360141243,4.723813636779));
#8539 = CARTESIAN_POINT('',(1.969329787588,4.723813636779));
#8540 = CARTESIAN_POINT('',(1.943299437564,4.723813636779));
#8541 = CARTESIAN_POINT('',(1.917269098435,4.723813636779));
#8542 = CARTESIAN_POINT('',(1.865208456488,4.723813636779));
#8543 = CARTESIAN_POINT('',(1.839178117358,4.723813636779));
#8544 = CARTESIAN_POINT('',(1.813147767334,4.723813636779));
#8545 = CARTESIAN_POINT('',(1.78711741368,4.723813636779));
#8546 = CARTESIAN_POINT('',(1.761087063656,4.723813636779));
#8547 = CARTESIAN_POINT('',(1.735056724526,4.723813636779));
#8548 = CARTESIAN_POINT('',(1.682996082579,4.723813636779));
#8549 = CARTESIAN_POINT('',(1.65696574345,4.723813636779));
#8550 = CARTESIAN_POINT('',(1.630935393426,4.723813636779));
#8551 = CARTESIAN_POINT('',(1.604905039772,4.723813636779));
#8552 = CARTESIAN_POINT('',(1.578874689748,4.723813636779));
#8553 = CARTESIAN_POINT('',(1.552844350618,4.723813636779));
#8554 = CARTESIAN_POINT('',(1.500783708671,4.723813636779));
#8555 = CARTESIAN_POINT('',(1.474753369542,4.723813636779));
#8556 = CARTESIAN_POINT('',(1.448723019518,4.723813636779));
#8557 = CARTESIAN_POINT('',(1.422692665863,4.723813636779));
#8558 = CARTESIAN_POINT('',(1.39666231584,4.723813636779));
#8559 = CARTESIAN_POINT('',(1.37063197671,4.723813636779));
#8560 = CARTESIAN_POINT('',(1.318571334763,4.723813636779));
#8561 = CARTESIAN_POINT('',(1.292540995633,4.723813636779));
#8562 = CARTESIAN_POINT('',(1.26651064561,4.723813636779));
#8563 = CARTESIAN_POINT('',(1.240480291955,4.723813636779));
#8564 = CARTESIAN_POINT('',(1.214449941932,4.723813636779));
#8565 = CARTESIAN_POINT('',(1.188419602802,4.723813636779));
#8566 = CARTESIAN_POINT('',(1.136358960855,4.723813636779));
#8567 = CARTESIAN_POINT('',(1.110328621725,4.723813636779));
#8568 = CARTESIAN_POINT('',(1.084298271702,4.723813636779));
#8569 = CARTESIAN_POINT('',(1.058267918047,4.723813636779));
#8570 = CARTESIAN_POINT('',(1.032237568023,4.723813636779));
#8571 = CARTESIAN_POINT('',(1.006207228894,4.723813636779));
#8572 = CARTESIAN_POINT('',(0.959532161892,4.723813636779));
#8573 = CARTESIAN_POINT('',(0.938887410169,4.723813636779));
#8574 = CARTESIAN_POINT('',(0.918242655028,4.723813636779));
#8575 = CARTESIAN_POINT('',(0.897597898748,4.723813636779));
#8576 = CARTESIAN_POINT('',(0.876953143607,4.723813636779));
#8577 = CARTESIAN_POINT('',(0.856308391883,4.723813636779));
#8578 = CARTESIAN_POINT('',(0.813223706972,4.723813636779));
#8579 = CARTESIAN_POINT('',(0.790783759446,4.723813636779));
#8580 = CARTESIAN_POINT('',(0.768343806735,4.723813636779));
#8581 = CARTESIAN_POINT('',(0.745903852295,4.723813636779));
#8582 = CARTESIAN_POINT('',(0.723463899584,4.723813636779));
#8583 = CARTESIAN_POINT('',(0.701023952059,4.723813636779));
#8584 = CARTESIAN_POINT('',(0.581655619589,4.723813636779));
#8585 = CARTESIAN_POINT('',(0.484689700745,4.723813636779));
#8586 = CARTESIAN_POINT('',(0.38775455225,4.723813636779));
#8587 = CARTESIAN_POINT('',(0.290829460925,4.723813636779));
#8588 = CARTESIAN_POINT('',(0.19389431243,4.723813636779));
#8589 = CARTESIAN_POINT('',(9.692839358655E-02,4.723813636779));
#8590 = CARTESIAN_POINT('',(0.,4.723813636779));
#8591 = ( GEOMETRIC_REPRESENTATION_CONTEXT(2) 
PARAMETRIC_REPRESENTATION_CONTEXT() REPRESENTATION_CONTEXT('2D SPACE',''
  ) );
#8592 = PCURVE('',#226,#8593);
#8593 = DEFINITIONAL_REPRESENTATION('',(#8594),#8687);
#8594 = B_SPLINE_CURVE_WITH_KNOTS('',7,(#8595,#8596,#8597,#8598,#8599,
    #8600,#8601,#8602,#8603,#8604,#8605,#8606,#8607,#8608,#8609,#8610,
    #8611,#8612,#8613,#8614,#8615,#8616,#8617,#8618,#8619,#8620,#8621,
    #8622,#8623,#8624,#8625,#8626,#8627,#8628,#8629,#8630,#8631,#8632,
    #8633,#8634,#8635,#8636,#8637,#8638,#8639,#8640,#8641,#8642,#8643,
    #8644,#8645,#8646,#8647,#8648,#8649,#8650,#8651,#8652,#8653,#8654,
    #8655,#8656,#8657,#8658,#8659,#8660,#8661,#8662,#8663,#8664,#8665,
    #8666,#8667,#8668,#8669,#8670,#8671,#8672,#8673,#8674,#8675,#8676,
    #8677,#8678,#8679,#8680,#8681,#8682,#8683,#8684,#8685,#8686),
  .UNSPECIFIED.,.F.,.F.,(8,6,6,6,6,6,6,6,6,6,6,6,6,6,6,8),(0.,
    5.600151341901E-02,0.114003075588,0.170004589007,0.228006151177,
    0.286007713346,0.340009177148,0.398010739317,0.456012301486,
    0.514013863656,0.572015425825,0.630016987994,0.688018550164,
    0.734019808521,0.784021170837,1.),.UNSPECIFIED.);
#8595 = CARTESIAN_POINT('',(6.28318530718,1.972839385599));
#8596 = CARTESIAN_POINT('',(6.258052581184,1.972839385599));
#8597 = CARTESIAN_POINT('',(6.232919839956,1.972839385599));
#8598 = CARTESIAN_POINT('',(6.207787089587,1.972839385599));
#8599 = CARTESIAN_POINT('',(6.182654336171,1.972839385599));
#8600 = CARTESIAN_POINT('',(6.157521585803,1.972839385599));
#8601 = CARTESIAN_POINT('',(6.132388844574,1.972839385599));
#8602 = CARTESIAN_POINT('',(6.081225797605,1.972839385599));
#8603 = CARTESIAN_POINT('',(6.055195458475,1.972839385599));
#8604 = CARTESIAN_POINT('',(6.029165108452,1.972839385599));
#8605 = CARTESIAN_POINT('',(6.003134754797,1.972839385599));
#8606 = CARTESIAN_POINT('',(5.977104404774,1.972839385599));
#8607 = CARTESIAN_POINT('',(5.951074065644,1.972839385599));
#8608 = CARTESIAN_POINT('',(5.899911018675,1.972839385599));
#8609 = CARTESIAN_POINT('',(5.874778277446,1.972839385599));
#8610 = CARTESIAN_POINT('',(5.849645527078,1.972839385599));
#8611 = CARTESIAN_POINT('',(5.824512773662,1.972839385599));
#8612 = CARTESIAN_POINT('',(5.799380023293,1.972839385599));
#8613 = CARTESIAN_POINT('',(5.774247282065,1.972839385599));
#8614 = CARTESIAN_POINT('',(5.723084235096,1.972839385599));
#8615 = CARTESIAN_POINT('',(5.697053895966,1.972839385599));
#8616 = CARTESIAN_POINT('',(5.671023545943,1.972839385599));
#8617 = CARTESIAN_POINT('',(5.644993192288,1.972839385599));
#8618 = CARTESIAN_POINT('',(5.618962842265,1.972839385599));
#8619 = CARTESIAN_POINT('',(5.592932503135,1.972839385599));
#8620 = CARTESIAN_POINT('',(5.540871861188,1.972839385599));
#8621 = CARTESIAN_POINT('',(5.514841522058,1.972839385599));
#8622 = CARTESIAN_POINT('',(5.488811172035,1.972839385599));
#8623 = CARTESIAN_POINT('',(5.46278081838,1.972839385599));
#8624 = CARTESIAN_POINT('',(5.436750468356,1.972839385599));
#8625 = CARTESIAN_POINT('',(5.410720129227,1.972839385599));
#8626 = CARTESIAN_POINT('',(5.360454677625,1.972839385599));
#8627 = CARTESIAN_POINT('',(5.336219534298,1.972839385599));
#8628 = CARTESIAN_POINT('',(5.31198438335,1.972839385599));
#8629 = CARTESIAN_POINT('',(5.287749229862,1.972839385599));
#8630 = CARTESIAN_POINT('',(5.263514078915,1.972839385599));
#8631 = CARTESIAN_POINT('',(5.239278935587,1.972839385599));
#8632 = CARTESIAN_POINT('',(5.189013483986,1.972839385599));
#8633 = CARTESIAN_POINT('',(5.162983144856,1.972839385599));
#8634 = CARTESIAN_POINT('',(5.136952794832,1.972839385599));
#8635 = CARTESIAN_POINT('',(5.110922441178,1.972839385599));
#8636 = CARTESIAN_POINT('',(5.084892091154,1.972839385599));
#8637 = CARTESIAN_POINT('',(5.058861752024,1.972839385599));
#8638 = CARTESIAN_POINT('',(5.006801110077,1.972839385599));
#8639 = CARTESIAN_POINT('',(4.980770770948,1.972839385599));
#8640 = CARTESIAN_POINT('',(4.954740420924,1.972839385599));
#8641 = CARTESIAN_POINT('',(4.92871006727,1.972839385599));
#8642 = CARTESIAN_POINT('',(4.902679717246,1.972839385599));
#8643 = CARTESIAN_POINT('',(4.876649378116,1.972839385599));
#8644 = CARTESIAN_POINT('',(4.824588736169,1.972839385599));
#8645 = CARTESIAN_POINT('',(4.79855839704,1.972839385599));
#8646 = CARTESIAN_POINT('',(4.772528047016,1.972839385599));
#8647 = CARTESIAN_POINT('',(4.746497693361,1.972839385599));
#8648 = CARTESIAN_POINT('',(4.720467343338,1.972839385599));
#8649 = CARTESIAN_POINT('',(4.694437004208,1.972839385599));
#8650 = CARTESIAN_POINT('',(4.642376362261,1.972839385599));
#8651 = CARTESIAN_POINT('',(4.616346023131,1.972839385599));
#8652 = CARTESIAN_POINT('',(4.590315673108,1.972839385599));
#8653 = CARTESIAN_POINT('',(4.564285319453,1.972839385599));
#8654 = CARTESIAN_POINT('',(4.53825496943,1.972839385599));
#8655 = CARTESIAN_POINT('',(4.5122246303,1.972839385599));
#8656 = CARTESIAN_POINT('',(4.460163988353,1.972839385599));
#8657 = CARTESIAN_POINT('',(4.434133649223,1.972839385599));
#8658 = CARTESIAN_POINT('',(4.4081032992,1.972839385599));
#8659 = CARTESIAN_POINT('',(4.382072945545,1.972839385599));
#8660 = CARTESIAN_POINT('',(4.356042595521,1.972839385599));
#8661 = CARTESIAN_POINT('',(4.330012256392,1.972839385599));
#8662 = CARTESIAN_POINT('',(4.277951614445,1.972839385599));
#8663 = CARTESIAN_POINT('',(4.251921275315,1.972839385599));
#8664 = CARTESIAN_POINT('',(4.225890925291,1.972839385599));
#8665 = CARTESIAN_POINT('',(4.199860571637,1.972839385599));
#8666 = CARTESIAN_POINT('',(4.173830221613,1.972839385599));
#8667 = CARTESIAN_POINT('',(4.147799882483,1.972839385599));
#8668 = CARTESIAN_POINT('',(4.101124815482,1.972839385599));
#8669 = CARTESIAN_POINT('',(4.080480063758,1.972839385599));
#8670 = CARTESIAN_POINT('',(4.059835308617,1.972839385599));
#8671 = CARTESIAN_POINT('',(4.039190552337,1.972839385599));
#8672 = CARTESIAN_POINT('',(4.018545797196,1.972839385599));
#8673 = CARTESIAN_POINT('',(3.997901045473,1.972839385599));
#8674 = CARTESIAN_POINT('',(3.954816360562,1.972839385599));
#8675 = CARTESIAN_POINT('',(3.932376413036,1.972839385599));
#8676 = CARTESIAN_POINT('',(3.909936460325,1.972839385599));
#8677 = CARTESIAN_POINT('',(3.887496505885,1.972839385599));
#8678 = CARTESIAN_POINT('',(3.865056553174,1.972839385599));
#8679 = CARTESIAN_POINT('',(3.842616605649,1.972839385599));
#8680 = CARTESIAN_POINT('',(3.723248273179,1.972839385599));
#8681 = CARTESIAN_POINT('',(3.626282354335,1.972839385599));
#8682 = CARTESIAN_POINT('',(3.52934720584,1.972839385599));
#8683 = CARTESIAN_POINT('',(3.432422114515,1.972839385599));
#8684 = CARTESIAN_POINT('',(3.33548696602,1.972839385599));
#8685 = CARTESIAN_POINT('',(3.238521047176,1.972839385599));
#8686 = CARTESIAN_POINT('',(3.14159265359,1.972839385599));
#8687 = ( GEOMETRIC_REPRESENTATION_CONTEXT(2) 
PARAMETRIC_REPRESENTATION_CONTEXT() REPRESENTATION_CONTEXT('2D SPACE',''
  ) );
#8688 = FACE_BOUND('',#8689,.F.);
#8689 = EDGE_LOOP('',(#8690));
#8690 = ORIENTED_EDGE('',*,*,#8691,.T.);
#8691 = EDGE_CURVE('',#8692,#8692,#8694,.T.);
#8692 = VERTEX_POINT('',#8693);
#8693 = CARTESIAN_POINT('',(-6.3,-8.,-196.6742471628));
#8694 = SURFACE_CURVE('',#8695,(#8803,#8964),.PCURVE_S1.);
#8695 = B_SPLINE_CURVE_WITH_KNOTS('',8,(#8696,#8697,#8698,#8699,#8700,
    #8701,#8702,#8703,#8704,#8705,#8706,#8707,#8708,#8709,#8710,#8711,
    #8712,#8713,#8714,#8715,#8716,#8717,#8718,#8719,#8720,#8721,#8722,
    #8723,#8724,#8725,#8726,#8727,#8728,#8729,#8730,#8731,#8732,#8733,
    #8734,#8735,#8736,#8737,#8738,#8739,#8740,#8741,#8742,#8743,#8744,
    #8745,#8746,#8747,#8748,#8749,#8750,#8751,#8752,#8753,#8754,#8755,
    #8756,#8757,#8758,#8759,#8760,#8761,#8762,#8763,#8764,#8765,#8766,
    #8767,#8768,#8769,#8770,#8771,#8772,#8773,#8774,#8775,#8776,#8777,
    #8778,#8779,#8780,#8781,#8782,#8783,#8784,#8785,#8786,#8787,#8788,
    #8789,#8790,#8791,#8792,#8793,#8794,#8795,#8796,#8797,#8798,#8799,
    #8800,#8801,#8802),.UNSPECIFIED.,.T.,.F.,(9,7,7,7,7,7,7,7,7,7,7,7,7,
    7,7,9),(0.,0.209005715504,0.720053894536,1.,1.324343796958,
    1.533710493508,1.641277684546,1.831790784668,2.037540953023,
    2.419103070493,3.137552579665,3.338736735721,3.527240353088,
    3.633624571122,3.846251247486,4.132888154558),.UNSPECIFIED.);
#8696 = CARTESIAN_POINT('',(-6.3,-8.,-196.6742471628));
#8697 = CARTESIAN_POINT('',(-6.3,-7.932483795717,-196.6749323011));
#8698 = CARTESIAN_POINT('',(-6.303064559035,-7.864979042589,
    -196.675586222));
#8699 = CARTESIAN_POINT('',(-6.309191653329,-7.7976500496,
    -196.6762072791));
#8700 = CARTESIAN_POINT('',(-6.318368800645,-7.730659419644,
    -196.6767939496));
#8701 = CARTESIAN_POINT('',(-6.330573232929,-7.664167831734,
    -196.6773448344));
#8702 = CARTESIAN_POINT('',(-6.345772068956,-7.598333823199,
    -196.6778586587));
#8703 = CARTESIAN_POINT('',(-6.363922486964,-7.533313571891,
    -196.6783342727));
#8704 = CARTESIAN_POINT('',(-6.436440646849,-7.31264240358,
    -196.6798376593));
#8705 = CARTESIAN_POINT('',(-6.505261860212,-7.161745562938,
    -196.6806705174));
#8706 = CARTESIAN_POINT('',(-6.590663244329,-7.018893303963,
    -196.6812534935));
#8707 = CARTESIAN_POINT('',(-6.691515763735,-6.886167393701,
    -196.681576924));
#8708 = CARTESIAN_POINT('',(-6.806427242998,-6.765432725168,
    -196.6816360141));
#8709 = CARTESIAN_POINT('',(-6.933770676302,-6.658350101219,
    -196.6814304208));
#8710 = CARTESIAN_POINT('',(-7.071668565445,-6.566352666894,
    -196.6809646512));
#8711 = CARTESIAN_POINT('',(-7.298088358942,-6.449043786801,
    -196.6798574536));
#8712 = CARTESIAN_POINT('',(-7.380760680056,-6.412377979424,
    -196.6793906039));
#8713 = CARTESIAN_POINT('',(-7.465627230813,-6.380747598368,
    -196.6788503901));
#8714 = CARTESIAN_POINT('',(-7.552331499413,-6.354304615325,
    -196.6782388871));
#8715 = CARTESIAN_POINT('',(-7.640506082112,-6.333170933079,
    -196.6775585852));
#8716 = CARTESIAN_POINT('',(-7.729773628339,-6.317438384932,
    -196.6768123807));
#8717 = CARTESIAN_POINT('',(-7.819747451073,-6.307167114923,
    -196.6760035864));
#8718 = CARTESIAN_POINT('',(-8.014634684154,-6.296838727395,
    -196.6741307359));
#8719 = CARTESIAN_POINT('',(-8.119668611861,-6.298659104754,
    -196.6730464031));
#8720 = CARTESIAN_POINT('',(-8.224513073893,-6.307886318756,
    -196.6718888229));
#8721 = CARTESIAN_POINT('',(-8.328554455623,-6.32449708706,
    -196.6706644569));
#8722 = CARTESIAN_POINT('',(-8.431187141002,-6.348408166184,
    -196.6693802939));
#8723 = CARTESIAN_POINT('',(-8.531815469582,-6.379478445138,
    -196.6680438091));
#8724 = CARTESIAN_POINT('',(-8.629856549074,-6.417506963653,
    -196.666662956));
#8725 = CARTESIAN_POINT('',(-8.785994535616,-6.491093927591,
    -196.6643316556));
#8726 = CARTESIAN_POINT('',(-8.845935331268,-6.522751251423,
    -196.6634020924));
#8727 = CARTESIAN_POINT('',(-8.904415642288,-6.557128404162,
    -196.662459744));
#8728 = CARTESIAN_POINT('',(-8.961290546668,-6.594145834707,
    -196.6615068881));
#8729 = CARTESIAN_POINT('',(-9.016421054712,-6.63371504248,
    -196.6605458333));
#8730 = CARTESIAN_POINT('',(-9.069674295252,-6.675738756691,
    -196.6595789149));
#8731 = CARTESIAN_POINT('',(-9.120923701857,-6.720111115608,
    -196.6586084916));
#8732 = CARTESIAN_POINT('',(-9.195288608312,-6.790663177794,
    -196.6571377848));
#8733 = CARTESIAN_POINT('',(-9.219967590874,-6.8151984812,
    -196.6566383264));
#8734 = CARTESIAN_POINT('',(-9.244069953914,-6.840308322837,
    -196.6561388877));
#8735 = CARTESIAN_POINT('',(-9.267580061931,-6.865976785584,
    -196.6556397888));
#8736 = CARTESIAN_POINT('',(-9.290482836737,-6.892187468411,
    -196.6551413493));
#8737 = CARTESIAN_POINT('',(-9.31276375746,-6.918923486369,
    -196.654643888));
#8738 = CARTESIAN_POINT('',(-9.334408860541,-6.946167470597,
    -196.6541477227));
#8739 = CARTESIAN_POINT('',(-9.392590706918,-7.023021647458,
    -196.652777266));
#8740 = CARTESIAN_POINT('',(-9.42774055586,-7.073679691688,
    -196.6519064124));
#8741 = CARTESIAN_POINT('',(-9.460779574999,-7.125776148693,
    -196.6510423787));
#8742 = CARTESIAN_POINT('',(-9.491639323256,-7.179207812226,
    -196.6501869071));
#8743 = CARTESIAN_POINT('',(-9.520257677815,-7.233867967584,
    -196.6493417111));
#8744 = CARTESIAN_POINT('',(-9.54657888189,-7.289646537075,
    -196.6485084742));
#8745 = CARTESIAN_POINT('',(-9.570553592503,-7.346430225496,
    -196.647688847));
#8746 = CARTESIAN_POINT('',(-9.615450639951,-7.466387696156,
    -196.6460157101));
#8747 = CARTESIAN_POINT('',(-9.635975984176,-7.529710677213,
    -196.6451647146));
#8748 = CARTESIAN_POINT('',(-9.653661015114,-7.593924890032,
    -196.6443334967));
#8749 = CARTESIAN_POINT('',(-9.668461287915,-7.658881375458,
    -196.6435240194));
#8750 = CARTESIAN_POINT('',(-9.680341871109,-7.724429156796,
    -196.6427381701));
#8751 = CARTESIAN_POINT('',(-9.689277359012,-7.790415462696,
    -196.6419777576));
#8752 = CARTESIAN_POINT('',(-9.695251884151,-7.856685950027,
    -196.6412445097));
#8753 = CARTESIAN_POINT('',(-9.703836043543,-8.046221322536,
    -196.6392336956));
#8754 = CARTESIAN_POINT('',(-9.699209073265,-8.16981858449,
    -196.6380261967));
#8755 = CARTESIAN_POINT('',(-9.684333128082,-8.292866018537,
    -196.636928293));
#8756 = CARTESIAN_POINT('',(-9.659288852526,-8.414374600546,
    -196.6359492069));
#8757 = CARTESIAN_POINT('',(-9.624266317677,-8.533378267026,
    -196.635096817));
#8758 = CARTESIAN_POINT('',(-9.5795586918,-8.648937551694,
    -196.6343776853));
#8759 = CARTESIAN_POINT('',(-9.525565890332,-8.760145567944,
    -196.6337969594));
#8760 = CARTESIAN_POINT('',(-9.34464074055,-9.065708078443,
    -196.6325319064));
#8761 = CARTESIAN_POINT('',(-9.195133456043,-9.247229918492,
    -196.6322069588));
#8762 = CARTESIAN_POINT('',(-9.0177955776,-9.404316154289,
    -196.6324125109));
#8763 = CARTESIAN_POINT('',(-8.817493280069,-9.532268182379,
    -196.6331468637));
#8764 = CARTESIAN_POINT('',(-8.599668278977,-9.62740206033,
    -196.6343921686));
#8765 = CARTESIAN_POINT('',(-8.370405738282,-9.687236719911,
    -196.6361118295));
#8766 = CARTESIAN_POINT('',(-8.136301283417,-9.710354152252,
    -196.6382532759));
#8767 = CARTESIAN_POINT('',(-7.839624080306,-9.693666218332,
    -196.6414337721));
#8768 = CARTESIAN_POINT('',(-7.774875264085,-9.687178786139,
    -196.6421567808));
#8769 = CARTESIAN_POINT('',(-7.710425913375,-9.677862156979,
    -196.6429054619));
#8770 = CARTESIAN_POINT('',(-7.646420251922,-9.66573254899,
    -196.6436781864));
#8771 = CARTESIAN_POINT('',(-7.583000995751,-9.650814896037,
    -196.6444732525));
#8772 = CARTESIAN_POINT('',(-7.520309154647,-9.633142835642,
    -196.6452888874));
#8773 = CARTESIAN_POINT('',(-7.458483833656,-9.612758696911,
    -196.6461232491));
#8774 = CARTESIAN_POINT('',(-7.340673803656,-9.568120808203,
    -196.6477719603));
#8775 = CARTESIAN_POINT('',(-7.284565500143,-9.544191538955,
    -196.6485842713));
#8776 = CARTESIAN_POINT('',(-7.229449732305,-9.517967695314,
    -196.6494097931));
#8777 = CARTESIAN_POINT('',(-7.175436142596,-9.489497481436,
    -196.6502469232));
#8778 = CARTESIAN_POINT('',(-7.122631269878,-9.458835245536,
    -196.6510940288));
#8779 = CARTESIAN_POINT('',(-7.071138411646,-9.426041434369,
    -196.6519494478));
#8780 = CARTESIAN_POINT('',(-7.021057486259,-9.391182547733,
    -196.6528114912));
#8781 = CARTESIAN_POINT('',(-6.945072386085,-9.333533544045,
    -196.6541677199));
#8782 = CARTESIAN_POINT('',(-6.918140116558,-9.312101238005,
    -196.6546585619));
#8783 = CARTESIAN_POINT('',(-6.891705351838,-9.290047168372,
    -196.6551506637));
#8784 = CARTESIAN_POINT('',(-6.865784893762,-9.267384862162,
    -196.6556437173));
#8785 = CARTESIAN_POINT('',(-6.840395080747,-9.244128379873,
    -196.6561374142));
#8786 = CARTESIAN_POINT('',(-6.815551787791,-9.220292315474,
    -196.6566314452));
#8787 = CARTESIAN_POINT('',(-6.791270426471,-9.195891796413,
    -196.6571255005));
#8788 = CARTESIAN_POINT('',(-6.72018856872,-9.121077103621,
    -196.6586061489));
#8789 = CARTESIAN_POINT('',(-6.675114858331,-9.069018562164,
    -196.6595919014));
#8790 = CARTESIAN_POINT('',(-6.632464774891,-9.014892711945,
    -196.6605740321));
#8791 = CARTESIAN_POINT('',(-6.592349268786,-8.958832292928,
    -196.661550068));
#8792 = CARTESIAN_POINT('',(-6.554870098358,-8.900976716777,
    -196.6625175617));
#8793 = CARTESIAN_POINT('',(-6.52011964859,-8.841471851299,
    -196.6634740957));
#8794 = CARTESIAN_POINT('',(-6.488180749785,-8.780469804877,
    -196.6644172858));
#8795 = CARTESIAN_POINT('',(-6.419959156043,-8.634088181941,
    -196.6665951264));
#8796 = CARTESIAN_POINT('',(-6.386031200638,-8.547608254777,
    -196.6678170429));
#8797 = CARTESIAN_POINT('',(-6.357523967866,-8.459079262731,
    -196.6690047348));
#8798 = CARTESIAN_POINT('',(-6.334579502632,-8.368902047795,
    -196.6701526935));
#8799 = CARTESIAN_POINT('',(-6.317303410256,-8.277486026354,
    -196.6712556938));
#8800 = CARTESIAN_POINT('',(-6.305765754457,-8.185247709089,
    -196.6723087989));
#8801 = CARTESIAN_POINT('',(-6.3,-8.092609675066,-196.673307382));
#8802 = CARTESIAN_POINT('',(-6.3,-8.,-196.6742471628));
#8803 = PCURVE('',#7959,#8804);
#8804 = DEFINITIONAL_REPRESENTATION('',(#8805),#8963);
#8805 = B_SPLINE_CURVE_WITH_KNOTS('',3,(#8806,#8807,#8808,#8809,#8810,
    #8811,#8812,#8813,#8814,#8815,#8816,#8817,#8818,#8819,#8820,#8821,
    #8822,#8823,#8824,#8825,#8826,#8827,#8828,#8829,#8830,#8831,#8832,
    #8833,#8834,#8835,#8836,#8837,#8838,#8839,#8840,#8841,#8842,#8843,
    #8844,#8845,#8846,#8847,#8848,#8849,#8850,#8851,#8852,#8853,#8854,
    #8855,#8856,#8857,#8858,#8859,#8860,#8861,#8862,#8863,#8864,#8865,
    #8866,#8867,#8868,#8869,#8870,#8871,#8872,#8873,#8874,#8875,#8876,
    #8877,#8878,#8879,#8880,#8881,#8882,#8883,#8884,#8885,#8886,#8887,
    #8888,#8889,#8890,#8891,#8892,#8893,#8894,#8895,#8896,#8897,#8898,
    #8899,#8900,#8901,#8902,#8903,#8904,#8905,#8906,#8907,#8908,#8909,
    #8910,#8911,#8912,#8913,#8914,#8915,#8916,#8917,#8918,#8919,#8920,
    #8921,#8922,#8923,#8924,#8925,#8926,#8927,#8928,#8929,#8930,#8931,
    #8932,#8933,#8934,#8935,#8936,#8937,#8938,#8939,#8940,#8941,#8942,
    #8943,#8944,#8945,#8946,#8947,#8948,#8949,#8950,#8951,#8952,#8953,
    #8954,#8955,#8956,#8957,#8958,#8959,#8960,#8961,#8962),
  .UNSPECIFIED.,.T.,.F.,(4,1,1,1,1,1,1,1,1,1,1,1,1,1,1,1,1,1,1,1,1,1,1,1
    ,1,1,1,1,1,1,1,1,1,1,1,1,1,1,1,1,1,1,1,1,1,1,1,1,1,1,1,1,1,1,1,1,1,1
    ,1,1,1,1,1,1,1,1,1,1,1,1,1,1,1,1,1,1,1,1,1,1,1,1,1,1,1,1,1,1,1,1,1,1
    ,1,1,1,1,1,1,1,1,1,1,1,1,1,1,1,1,1,1,1,1,1,1,1,1,1,1,1,1,1,1,1,1,1,1
    ,1,1,1,1,1,1,1,1,1,1,1,1,1,1,1,1,1,1,1,1,1,1,1,1,1,1,1,1,4),(0.,
    2.683693606856E-02,5.367387213712E-02,8.051080820568E-02,
    0.107347744274,0.134184680343,0.161021616411,0.18785855248,
    0.214695488548,0.241532424617,0.268369360686,0.295206296754,
    0.322043232823,0.348880168891,0.37571710496,0.402554041028,
    0.429390977097,0.456227913165,0.483064849234,0.509901785303,
    0.536738721371,0.56357565744,0.590412593508,0.617249529577,
    0.644086465645,0.670923401714,0.697760337783,0.724597273851,
    0.75143420992,0.778271145988,0.805108082057,0.831945018125,
    0.858781954194,0.885618890262,0.912455826331,0.9392927624,
    0.966129698468,0.992966634537,1.019803570605,1.046640506674,
    1.073477442742,1.100314378811,1.127151314879,1.153988250948,
    1.180825187017,1.207662123085,1.234499059154,1.261335995222,
    1.288172931291,1.315009867359,1.341846803428,1.368683739496,
    1.395520675565,1.422357611634,1.449194547702,1.476031483771,
    1.502868419839,1.529705355908,1.556542291976,1.583379228045,
    1.610216164114,1.637053100182,1.663890036251,1.690726972319,
    1.717563908388,1.744400844456,1.771237780525,1.798074716593,
    1.824911652662,1.851748588731,1.878585524799,1.905422460868,
    1.932259396936,1.959096333005,1.985933269073,2.012770205142,
    2.03960714121,2.066444077279,2.093281013348,2.120117949416,
    2.146954885485,2.173791821553,2.200628757622,2.22746569369,
    2.254302629759,2.281139565827,2.307976501896,2.334813437965,
    2.361650374033,2.388487310102,2.41532424617,2.442161182239,
    2.468998118307,2.495835054376,2.522671990445,2.549508926513,
    2.576345862582,2.60318279865,2.630019734719,2.656856670787,
    2.683693606856,2.710530542924,2.737367478993,2.764204415062,
    2.79104135113,2.817878287199,2.844715223267,2.871552159336,
    2.898389095404,2.925226031473,2.952062967541,2.97889990361,
    3.005736839679,3.032573775747,3.059410711816,3.086247647884,
    3.113084583953,3.139921520021,3.16675845609,3.193595392158,
    3.220432328227,3.247269264296,3.274106200364,3.300943136433,
    3.327780072501,3.35461700857,3.381453944638,3.408290880707,
    3.435127816776,3.461964752844,3.488801688913,3.515638624981,
    3.54247556105,3.569312497118,3.596149433187,3.622986369255,
    3.649823305324,3.676660241393,3.703497177461,3.73033411353,
    3.757171049598,3.784007985667,3.810844921735,3.837681857804,
    3.864518793872,3.891355729941,3.91819266601,3.945029602078,
    3.971866538147,3.998703474215,4.025540410284,4.052377346352,
    4.079214282421,4.106051218489,4.132888154558),
  .QUASI_UNIFORM_KNOTS.);
#8806 = CARTESIAN_POINT('',(0.903723945903,4.738243591447));
#8807 = CARTESIAN_POINT('',(0.902319416348,4.738197465432));
#8808 = CARTESIAN_POINT('',(0.899422474174,4.738106858178));
#8809 = CARTESIAN_POINT('',(0.894820234094,4.737976178158));
#8810 = CARTESIAN_POINT('',(0.889967613633,4.737851028968));
#8811 = CARTESIAN_POINT('',(0.884872375006,4.737731698519));
#8812 = CARTESIAN_POINT('',(0.879543160907,4.737618465638));
#8813 = CARTESIAN_POINT('',(0.873989646989,4.737511598412));
#8814 = CARTESIAN_POINT('',(0.868222430917,4.737411352361));
#8815 = CARTESIAN_POINT('',(0.862253344112,4.737317973793));
#8816 = CARTESIAN_POINT('',(0.856094173613,4.737231680726));
#8817 = CARTESIAN_POINT('',(0.849758480093,4.737152690983));
#8818 = CARTESIAN_POINT('',(0.843260848813,4.737081206486));
#8819 = CARTESIAN_POINT('',(0.836616556129,4.737017409281));
#8820 = CARTESIAN_POINT('',(0.82984158817,4.736961462147));
#8821 = CARTESIAN_POINT('',(0.822952557,4.736913507983));
#8822 = CARTESIAN_POINT('',(0.815966636495,4.736873669532));
#8823 = CARTESIAN_POINT('',(0.808901485746,4.736842049027));
#8824 = CARTESIAN_POINT('',(0.801775169344,4.736818727887));
#8825 = CARTESIAN_POINT('',(0.794606072875,4.736803766438));
#8826 = CARTESIAN_POINT('',(0.787412815086,4.73679720366));
#8827 = CARTESIAN_POINT('',(0.780214157336,4.73679905698));
#8828 = CARTESIAN_POINT('',(0.7730289116,4.736809322093));
#8829 = CARTESIAN_POINT('',(0.765875846968,4.736827972836));
#8830 = CARTESIAN_POINT('',(0.758773599413,4.736854961078));
#8831 = CARTESIAN_POINT('',(0.751740571726,4.736890216742));
#8832 = CARTESIAN_POINT('',(0.744794877159,4.736933647478));
#8833 = CARTESIAN_POINT('',(0.737954131459,4.736985139863));
#8834 = CARTESIAN_POINT('',(0.731235826433,4.737044555023));
#8835 = CARTESIAN_POINT('',(0.724655447987,4.73711174618));
#8836 = CARTESIAN_POINT('',(0.718228296515,4.737186546293));
#8837 = CARTESIAN_POINT('',(0.711969309852,4.737268765962));
#8838 = CARTESIAN_POINT('',(0.705892421032,4.737358200521));
#8839 = CARTESIAN_POINT('',(0.700010688192,4.737454629445));
#8840 = CARTESIAN_POINT('',(0.694336227091,4.737557817768));
#8841 = CARTESIAN_POINT('',(0.688880205004,4.737667516931));
#8842 = CARTESIAN_POINT('',(0.683652829106,4.737783465656));
#8843 = CARTESIAN_POINT('',(0.678663336038,4.737905390948));
#8844 = CARTESIAN_POINT('',(0.673920020288,4.738033008197));
#8845 = CARTESIAN_POINT('',(0.669430141072,4.738166024349));
#8846 = CARTESIAN_POINT('',(0.665199763406,4.738304146139));
#8847 = CARTESIAN_POINT('',(0.66123440148,4.738447061202));
#8848 = CARTESIAN_POINT('',(0.657538466116,4.738594455628));
#8849 = CARTESIAN_POINT('',(0.654115455799,4.738746011072));
#8850 = CARTESIAN_POINT('',(0.650967969729,4.73890140664));
#8851 = CARTESIAN_POINT('',(0.648097768449,4.739060319372));
#8852 = CARTESIAN_POINT('',(0.645505820789,4.739222424965));
#8853 = CARTESIAN_POINT('',(0.643192352718,4.739387398311));
#8854 = CARTESIAN_POINT('',(0.641156893461,4.739554913966));
#8855 = CARTESIAN_POINT('',(0.639398318887,4.7397246465));
#8856 = CARTESIAN_POINT('',(0.637914894179,4.739896270822));
#8857 = CARTESIAN_POINT('',(0.636704305652,4.740069462179));
#8858 = CARTESIAN_POINT('',(0.635763626992,4.74024391216));
#8859 = CARTESIAN_POINT('',(0.635089543074,4.740419304286));
#8860 = CARTESIAN_POINT('',(0.634678275389,4.740595329687));
#8861 = CARTESIAN_POINT('',(0.634525651551,4.740771684073));
#8862 = CARTESIAN_POINT('',(0.634627139891,4.740948068601));
#8863 = CARTESIAN_POINT('',(0.634977890054,4.74112418973));
#8864 = CARTESIAN_POINT('',(0.635572767583,4.741299758985));
#8865 = CARTESIAN_POINT('',(0.636406389668,4.741474493838));
#8866 = CARTESIAN_POINT('',(0.637473158979,4.741648120482));
#8867 = CARTESIAN_POINT('',(0.63876728963,4.741820369976));
#8868 = CARTESIAN_POINT('',(0.640282835546,4.741990980702));
#8869 = CARTESIAN_POINT('',(0.642013720122,4.742159698165));
#8870 = CARTESIAN_POINT('',(0.64395375516,4.742326275069));
#8871 = CARTESIAN_POINT('',(0.646096647984,4.742490470099));
#8872 = CARTESIAN_POINT('',(0.648436048612,4.742652050349));
#8873 = CARTESIAN_POINT('',(0.650965554258,4.742810790354));
#8874 = CARTESIAN_POINT('',(0.653678723399,4.742966472046));
#8875 = CARTESIAN_POINT('',(0.656569080112,4.743118884241));
#8876 = CARTESIAN_POINT('',(0.659630136218,4.743267823016));
#8877 = CARTESIAN_POINT('',(0.662855440356,4.743413094024));
#8878 = CARTESIAN_POINT('',(0.6662384911,4.743554507531));
#8879 = CARTESIAN_POINT('',(0.669772834655,4.743691882638));
#8880 = CARTESIAN_POINT('',(0.673452044026,4.743825045981));
#8881 = CARTESIAN_POINT('',(0.677269716766,4.743953831524));
#8882 = CARTESIAN_POINT('',(0.681219497668,4.74407808095));
#8883 = CARTESIAN_POINT('',(0.685294976643,4.744197640578));
#8884 = CARTESIAN_POINT('',(0.689490060474,4.744312371762));
#8885 = CARTESIAN_POINT('',(0.693798508971,4.744422137003));
#8886 = CARTESIAN_POINT('',(0.6982139908,4.744526802983));
#8887 = CARTESIAN_POINT('',(0.702730302759,4.744626246273));
#8888 = CARTESIAN_POINT('',(0.707341304741,4.744720351163));
#8889 = CARTESIAN_POINT('',(0.712040929286,4.744809009697));
#8890 = CARTESIAN_POINT('',(0.716823169664,4.744892121209));
#8891 = CARTESIAN_POINT('',(0.721682071989,4.744969592066));
#8892 = CARTESIAN_POINT('',(0.726611725507,4.745041335465));
#8893 = CARTESIAN_POINT('',(0.731606248944,4.745107271261));
#8894 = CARTESIAN_POINT('',(0.736659787154,4.745167325962));
#8895 = CARTESIAN_POINT('',(0.741766462996,4.745221432446));
#8896 = CARTESIAN_POINT('',(0.746920490305,4.745269531009));
#8897 = CARTESIAN_POINT('',(0.752115679177,4.745311565729));
#8898 = CARTESIAN_POINT('',(0.757347202513,4.745347498603));
#8899 = CARTESIAN_POINT('',(0.762611312208,4.745377297787));
#8900 = CARTESIAN_POINT('',(0.767900919225,4.745400915985));
#8901 = CARTESIAN_POINT('',(0.773209979444,4.745418323132));
#8902 = CARTESIAN_POINT('',(0.778532342549,4.745429496828));
#8903 = CARTESIAN_POINT('',(0.783862036756,4.745434423907));
#8904 = CARTESIAN_POINT('',(0.78919317007,4.745433099176));
#8905 = CARTESIAN_POINT('',(0.794519935377,4.745425525061));
#8906 = CARTESIAN_POINT('',(0.799836588676,4.74541171114));
#8907 = CARTESIAN_POINT('',(0.805137435342,4.745391673819));
#8908 = CARTESIAN_POINT('',(0.810416814979,4.745365436086));
#8909 = CARTESIAN_POINT('',(0.815669087345,4.745333027333));
#8910 = CARTESIAN_POINT('',(0.820888618618,4.745294483254));
#8911 = CARTESIAN_POINT('',(0.826069768199,4.745249845805));
#8912 = CARTESIAN_POINT('',(0.831206875998,4.745199163225));
#8913 = CARTESIAN_POINT('',(0.836294250236,4.745142490119));
#8914 = CARTESIAN_POINT('',(0.841326155816,4.745079887593));
#8915 = CARTESIAN_POINT('',(0.846296803304,4.745011423453));
#8916 = CARTESIAN_POINT('',(0.851200338599,4.744937172465));
#8917 = CARTESIAN_POINT('',(0.856030833444,4.744857216667));
#8918 = CARTESIAN_POINT('',(0.860782276571,4.744771645769));
#8919 = CARTESIAN_POINT('',(0.86544856688,4.744680557583));
#8920 = CARTESIAN_POINT('',(0.870023503973,4.744584058651));
#8921 = CARTESIAN_POINT('',(0.874500794268,4.744482264539));
#8922 = CARTESIAN_POINT('',(0.878874005449,4.744375301788));
#8923 = CARTESIAN_POINT('',(0.88313672119,4.744263304144));
#8924 = CARTESIAN_POINT('',(0.887281956914,4.744146430644));
#8925 = CARTESIAN_POINT('',(0.891304382949,4.744024801548));
#8926 = CARTESIAN_POINT('',(0.895198434513,4.743898542366));
#8927 = CARTESIAN_POINT('',(0.898957538102,4.743767814294));
#8928 = CARTESIAN_POINT('',(0.902575361471,4.743632777685));
#8929 = CARTESIAN_POINT('',(0.906045474971,4.743493602193));
#8930 = CARTESIAN_POINT('',(0.909361439326,4.743350464436));
#8931 = CARTESIAN_POINT('',(0.912516782443,4.743203548937));
#8932 = CARTESIAN_POINT('',(0.915505000404,4.743053048451));
#8933 = CARTESIAN_POINT('',(0.91831964352,4.742899160494));
#8934 = CARTESIAN_POINT('',(0.920954210163,4.742742092965));
#8935 = CARTESIAN_POINT('',(0.923402237869,4.742582059978));
#8936 = CARTESIAN_POINT('',(0.925657296118,4.742419282957));
#8937 = CARTESIAN_POINT('',(0.927712999798,4.742253990731));
#8938 = CARTESIAN_POINT('',(0.929563021128,4.74208641976));
#8939 = CARTESIAN_POINT('',(0.931201099007,4.741916814771));
#8940 = CARTESIAN_POINT('',(0.932621096161,4.741745425643));
#8941 = CARTESIAN_POINT('',(0.933816981604,4.741572510578));
#8942 = CARTESIAN_POINT('',(0.934782875016,4.741398334258));
#8943 = CARTESIAN_POINT('',(0.93551306428,4.741223168384));
#8944 = CARTESIAN_POINT('',(0.936002040984,4.74104728973));
#8945 = CARTESIAN_POINT('',(0.936244521383,4.740870984651));
#8946 = CARTESIAN_POINT('',(0.936235488775,4.740694543837));
#8947 = CARTESIAN_POINT('',(0.93597022525,4.740518263412));
#8948 = CARTESIAN_POINT('',(0.935444349059,4.740342444695));
#8949 = CARTESIAN_POINT('',(0.934653853538,4.740167394154));
#8950 = CARTESIAN_POINT('',(0.933595151025,4.739993423646));
#8951 = CARTESIAN_POINT('',(0.932265111938,4.739820849072));
#8952 = CARTESIAN_POINT('',(0.930661057903,4.739649984102));
#8953 = CARTESIAN_POINT('',(0.928780932955,4.739481154872));
#8954 = CARTESIAN_POINT('',(0.92662325545,4.739314685773));
#8955 = CARTESIAN_POINT('',(0.924187177645,4.739150902284));
#8956 = CARTESIAN_POINT('',(0.92147252404,4.738990129815));
#8957 = CARTESIAN_POINT('',(0.918479841751,4.738832693494));
#8958 = CARTESIAN_POINT('',(0.915210440401,4.738678917617));
#8959 = CARTESIAN_POINT('',(0.91166647599,4.73852912492));
#8960 = CARTESIAN_POINT('',(0.907850880595,4.738383636329));
#8961 = CARTESIAN_POINT('',(0.905128875399,4.738289724361));
#8962 = CARTESIAN_POINT('',(0.903723945903,4.738243591447));
#8963 = ( GEOMETRIC_REPRESENTATION_CONTEXT(2) 
PARAMETRIC_REPRESENTATION_CONTEXT() REPRESENTATION_CONTEXT('2D SPACE',''
  ) );
#8964 = PCURVE('',#1091,#8965);
#8965 = DEFINITIONAL_REPRESENTATION('',(#8966),#9124);
#8966 = B_SPLINE_CURVE_WITH_KNOTS('',3,(#8967,#8968,#8969,#8970,#8971,
    #8972,#8973,#8974,#8975,#8976,#8977,#8978,#8979,#8980,#8981,#8982,
    #8983,#8984,#8985,#8986,#8987,#8988,#8989,#8990,#8991,#8992,#8993,
    #8994,#8995,#8996,#8997,#8998,#8999,#9000,#9001,#9002,#9003,#9004,
    #9005,#9006,#9007,#9008,#9009,#9010,#9011,#9012,#9013,#9014,#9015,
    #9016,#9017,#9018,#9019,#9020,#9021,#9022,#9023,#9024,#9025,#9026,
    #9027,#9028,#9029,#9030,#9031,#9032,#9033,#9034,#9035,#9036,#9037,
    #9038,#9039,#9040,#9041,#9042,#9043,#9044,#9045,#9046,#9047,#9048,
    #9049,#9050,#9051,#9052,#9053,#9054,#9055,#9056,#9057,#9058,#9059,
    #9060,#9061,#9062,#9063,#9064,#9065,#9066,#9067,#9068,#9069,#9070,
    #9071,#9072,#9073,#9074,#9075,#9076,#9077,#9078,#9079,#9080,#9081,
    #9082,#9083,#9084,#9085,#9086,#9087,#9088,#9089,#9090,#9091,#9092,
    #9093,#9094,#9095,#9096,#9097,#9098,#9099,#9100,#9101,#9102,#9103,
    #9104,#9105,#9106,#9107,#9108,#9109,#9110,#9111,#9112,#9113,#9114,
    #9115,#9116,#9117,#9118,#9119,#9120,#9121,#9122,#9123),
  .UNSPECIFIED.,.F.,.F.,(4,1,1,1,1,1,1,1,1,1,1,1,1,1,1,1,1,1,1,1,1,1,1,1
    ,1,1,1,1,1,1,1,1,1,1,1,1,1,1,1,1,1,1,1,1,1,1,1,1,1,1,1,1,1,1,1,1,1,1
    ,1,1,1,1,1,1,1,1,1,1,1,1,1,1,1,1,1,1,1,1,1,1,1,1,1,1,1,1,1,1,1,1,1,1
    ,1,1,1,1,1,1,1,1,1,1,1,1,1,1,1,1,1,1,1,1,1,1,1,1,1,1,1,1,1,1,1,1,1,1
    ,1,1,1,1,1,1,1,1,1,1,1,1,1,1,1,1,1,1,1,1,1,1,1,1,1,1,1,1,4),(0.,
    2.683693606856E-02,5.367387213712E-02,8.051080820568E-02,
    0.107347744274,0.134184680343,0.161021616411,0.18785855248,
    0.214695488548,0.241532424617,0.268369360686,0.295206296754,
    0.322043232823,0.348880168891,0.37571710496,0.402554041028,
    0.429390977097,0.456227913165,0.483064849234,0.509901785303,
    0.536738721371,0.56357565744,0.590412593508,0.617249529577,
    0.644086465645,0.670923401714,0.697760337783,0.724597273851,
    0.75143420992,0.778271145988,0.805108082057,0.831945018125,
    0.858781954194,0.885618890262,0.912455826331,0.9392927624,
    0.966129698468,0.992966634537,1.019803570605,1.046640506674,
    1.073477442742,1.100314378811,1.127151314879,1.153988250948,
    1.180825187017,1.207662123085,1.234499059154,1.261335995222,
    1.288172931291,1.315009867359,1.341846803428,1.368683739496,
    1.395520675565,1.422357611634,1.449194547702,1.476031483771,
    1.502868419839,1.529705355908,1.556542291976,1.583379228045,
    1.610216164114,1.637053100182,1.663890036251,1.690726972319,
    1.717563908388,1.744400844456,1.771237780525,1.798074716593,
    1.824911652662,1.851748588731,1.878585524799,1.905422460868,
    1.932259396936,1.959096333005,1.985933269073,2.012770205142,
    2.03960714121,2.066444077279,2.093281013348,2.120117949416,
    2.146954885485,2.173791821553,2.200628757622,2.22746569369,
    2.254302629759,2.281139565827,2.307976501896,2.334813437965,
    2.361650374033,2.388487310102,2.41532424617,2.442161182239,
    2.468998118307,2.495835054376,2.522671990445,2.549508926513,
    2.576345862582,2.60318279865,2.630019734719,2.656856670787,
    2.683693606856,2.710530542924,2.737367478993,2.764204415062,
    2.79104135113,2.817878287199,2.844715223267,2.871552159336,
    2.898389095404,2.925226031473,2.952062967541,2.97889990361,
    3.005736839679,3.032573775747,3.059410711816,3.086247647884,
    3.113084583953,3.139921520021,3.16675845609,3.193595392158,
    3.220432328227,3.247269264296,3.274106200364,3.300943136433,
    3.327780072501,3.35461700857,3.381453944638,3.408290880707,
    3.435127816776,3.461964752844,3.488801688913,3.515638624981,
    3.54247556105,3.569312497118,3.596149433187,3.622986369255,
    3.649823305324,3.676660241393,3.703497177461,3.73033411353,
    3.757171049598,3.784007985667,3.810844921735,3.837681857804,
    3.864518793872,3.891355729941,3.91819266601,3.945029602078,
    3.971866538147,3.998703474215,4.025540410284,4.052377346352,
    4.079214282421,4.106051218489,4.132888154558),
  .QUASI_UNIFORM_KNOTS.);
#8967 = CARTESIAN_POINT('',(-1.68753899743E-14,2.025752837142));
#8968 = CARTESIAN_POINT('',(1.359888689944E-02,2.025518235832));
#8969 = CARTESIAN_POINT('',(4.079449475598E-02,2.02505865863));
#8970 = CARTESIAN_POINT('',(8.158105984374E-02,2.024399249952));
#8971 = CARTESIAN_POINT('',(0.122360338095,2.023770901436));
#8972 = CARTESIAN_POINT('',(0.163132208814,2.023174638541));
#8973 = CARTESIAN_POINT('',(0.203896692183,2.022611435355));
#8974 = CARTESIAN_POINT('',(0.244653756176,2.022082208876));
#8975 = CARTESIAN_POINT('',(0.285403774077,2.021587815046));
#8976 = CARTESIAN_POINT('',(0.326145407452,2.021129069702));
#8977 = CARTESIAN_POINT('',(0.366883940191,2.020706659617));
#8978 = CARTESIAN_POINT('',(0.407618642324,2.020321284732));
#8979 = CARTESIAN_POINT('',(0.448348056308,2.019973585095));
#8980 = CARTESIAN_POINT('',(0.489071704484,2.019664125786));
#8981 = CARTESIAN_POINT('',(0.529789497925,2.019393403982));
#8982 = CARTESIAN_POINT('',(0.570501773844,2.019161849668));
#8983 = CARTESIAN_POINT('',(0.611209175557,2.01896982762));
#8984 = CARTESIAN_POINT('',(0.651912583786,2.01881763862));
#8985 = CARTESIAN_POINT('',(0.692613041432,2.018705520445));
#8986 = CARTESIAN_POINT('',(0.733311685343,2.018633648489));
#8987 = CARTESIAN_POINT('',(0.774009679287,2.018602136041));
#8988 = CARTESIAN_POINT('',(0.814708148009,2.018611034228));
#8989 = CARTESIAN_POINT('',(0.855408108763,2.018660331598));
#8990 = CARTESIAN_POINT('',(0.896110404983,2.018749953391));
#8991 = CARTESIAN_POINT('',(0.936815617306,2.018879760328));
#8992 = CARTESIAN_POINT('',(0.977524036873,2.019049547565));
#8993 = CARTESIAN_POINT('',(1.018235376848,2.019259041353));
#8994 = CARTESIAN_POINT('',(1.058949424729,2.019507902607));
#8995 = CARTESIAN_POINT('',(1.099663141129,2.019795703001));
#8996 = CARTESIAN_POINT('',(1.140381613492,2.020122006729));
#8997 = CARTESIAN_POINT('',(1.181106929066,2.020486307539));
#8998 = CARTESIAN_POINT('',(1.221838510591,2.020888014642));
#8999 = CARTESIAN_POINT('',(1.262576740518,2.021326483037));
#9000 = CARTESIAN_POINT('',(1.303321883655,2.021801006451));
#9001 = CARTESIAN_POINT('',(1.344074274451,2.02231081988));
#9002 = CARTESIAN_POINT('',(1.384834173346,2.022855099241));
#9003 = CARTESIAN_POINT('',(1.425601692731,2.023432961124));
#9004 = CARTESIAN_POINT('',(1.466376769865,2.024043463169));
#9005 = CARTESIAN_POINT('',(1.507158860908,2.024685599965));
#9006 = CARTESIAN_POINT('',(1.547947666499,2.025358314402));
#9007 = CARTESIAN_POINT('',(1.588745048803,2.026060535509));
#9008 = CARTESIAN_POINT('',(1.629549090043,2.026791078562));
#9009 = CARTESIAN_POINT('',(1.670359203623,2.027548729774));
#9010 = CARTESIAN_POINT('',(1.711174815115,2.028332228404));
#9011 = CARTESIAN_POINT('',(1.751995597481,2.029140273176));
#9012 = CARTESIAN_POINT('',(1.792821298291,2.029971521911));
#9013 = CARTESIAN_POINT('',(1.833651681334,2.030824592718));
#9014 = CARTESIAN_POINT('',(1.874486438773,2.031698064489));
#9015 = CARTESIAN_POINT('',(1.915325109802,2.032590477336));
#9016 = CARTESIAN_POINT('',(1.956166988687,2.033500332683));
#9017 = CARTESIAN_POINT('',(1.997011037827,2.034426093547));
#9018 = CARTESIAN_POINT('',(2.037855744527,2.035366183123));
#9019 = CARTESIAN_POINT('',(2.078702707996,2.036319071592));
#9020 = CARTESIAN_POINT('',(2.119550744624,2.037283143434));
#9021 = CARTESIAN_POINT('',(2.160399482132,2.038256782338));
#9022 = CARTESIAN_POINT('',(2.201248530454,2.039238355117));
#9023 = CARTESIAN_POINT('',(2.242097589237,2.040226217009));
#9024 = CARTESIAN_POINT('',(2.28294632337,2.041218711718));
#9025 = CARTESIAN_POINT('',(2.323794231556,2.042214171132));
#9026 = CARTESIAN_POINT('',(2.364640786938,2.043210921568));
#9027 = CARTESIAN_POINT('',(2.405486016605,2.044207300816));
#9028 = CARTESIAN_POINT('',(2.446329562233,2.0452016382));
#9029 = CARTESIAN_POINT('',(2.48717120235,2.046192270144));
#9030 = CARTESIAN_POINT('',(2.528010776624,2.047177541138));
#9031 = CARTESIAN_POINT('',(2.568848167806,2.048155806166));
#9032 = CARTESIAN_POINT('',(2.609682977389,2.049125425755));
#9033 = CARTESIAN_POINT('',(2.650515102843,2.050084782487));
#9034 = CARTESIAN_POINT('',(2.691344483491,2.051032277654));
#9035 = CARTESIAN_POINT('',(2.732171074277,2.051966333346));
#9036 = CARTESIAN_POINT('',(2.772994701836,2.052885391838));
#9037 = CARTESIAN_POINT('',(2.813815170467,2.053787920344));
#9038 = CARTESIAN_POINT('',(2.854632865203,2.054672427346));
#9039 = CARTESIAN_POINT('',(2.89544740556,2.055537435077));
#9040 = CARTESIAN_POINT('',(2.936258820574,2.056381507658));
#9041 = CARTESIAN_POINT('',(2.977067193421,2.057203245588));
#9042 = CARTESIAN_POINT('',(3.017872588164,2.058001286825));
#9043 = CARTESIAN_POINT('',(3.058675210224,2.058774311642));
#9044 = CARTESIAN_POINT('',(3.099474351875,2.059521025745));
#9045 = CARTESIAN_POINT('',(3.140272030501,2.060240227599));
#9046 = CARTESIAN_POINT('',(3.181068307401,2.060930723778));
#9047 = CARTESIAN_POINT('',(3.221862036906,2.061591349755));
#9048 = CARTESIAN_POINT('',(3.262652949881,2.062221007784));
#9049 = CARTESIAN_POINT('',(3.303440968605,2.062818655432));
#9050 = CARTESIAN_POINT('',(3.344226276461,2.063383307719));
#9051 = CARTESIAN_POINT('',(3.385009196123,2.063914036009));
#9052 = CARTESIAN_POINT('',(3.425790124652,2.064409968143));
#9053 = CARTESIAN_POINT('',(3.466569463407,2.064870288662));
#9054 = CARTESIAN_POINT('',(3.507347527203,2.065294239256));
#9055 = CARTESIAN_POINT('',(3.548124541005,2.065681120078));
#9056 = CARTESIAN_POINT('',(3.588900290699,2.066030289169));
#9057 = CARTESIAN_POINT('',(3.629675037948,2.066341170424));
#9058 = CARTESIAN_POINT('',(3.670445678057,2.066613231115));
#9059 = CARTESIAN_POINT('',(3.711219601876,2.066846074479));
#9060 = CARTESIAN_POINT('',(3.752012136062,2.067039364475));
#9061 = CARTESIAN_POINT('',(3.792812541926,2.067192686083));
#9062 = CARTESIAN_POINT('',(3.833618275043,2.067305757801));
#9063 = CARTESIAN_POINT('',(3.874425940068,2.067378370263));
#9064 = CARTESIAN_POINT('',(3.915233500719,2.067410396776));
#9065 = CARTESIAN_POINT('',(3.956039504853,2.067401785426));
#9066 = CARTESIAN_POINT('',(3.996843134956,2.06735255686));
#9067 = CARTESIAN_POINT('',(4.037644058353,2.067262801217));
#9068 = CARTESIAN_POINT('',(4.078442347796,2.067132675883));
#9069 = CARTESIAN_POINT('',(4.11923839633,2.066962403559));
#9070 = CARTESIAN_POINT('',(4.160032843765,2.066752270733));
#9071 = CARTESIAN_POINT('',(4.200826507526,2.066502626477));
#9072 = CARTESIAN_POINT('',(4.241620317658,2.06621388156));
#9073 = CARTESIAN_POINT('',(4.282415254197,2.06588650784));
#9074 = CARTESIAN_POINT('',(4.323212285768,2.065521037939));
#9075 = CARTESIAN_POINT('',(4.364012308187,2.065118065169));
#9076 = CARTESIAN_POINT('',(4.404816081964,2.064678243719));
#9077 = CARTESIAN_POINT('',(4.445624167155,2.064202289114));
#9078 = CARTESIAN_POINT('',(4.486436855046,2.063690978918));
#9079 = CARTESIAN_POINT('',(4.527254091447,2.063145153785));
#9080 = CARTESIAN_POINT('',(4.56807540253,2.062565718623));
#9081 = CARTESIAN_POINT('',(4.608899772335,2.061953644792));
#9082 = CARTESIAN_POINT('',(4.649725649939,2.061309970073));
#9083 = CARTESIAN_POINT('',(4.690550408076,2.06063580877));
#9084 = CARTESIAN_POINT('',(4.731371768413,2.059932325919));
#9085 = CARTESIAN_POINT('',(4.772181788617,2.059200847736));
#9086 = CARTESIAN_POINT('',(4.812988889659,2.05844245874));
#9087 = CARTESIAN_POINT('',(4.853800617979,2.057658278372));
#9088 = CARTESIAN_POINT('',(4.89461482112,2.056849646797));
#9089 = CARTESIAN_POINT('',(4.935432119396,2.056017894372));
#9090 = CARTESIAN_POINT('',(4.976252464578,2.055164402611));
#9091 = CARTESIAN_POINT('',(5.017075954599,2.054290587179));
#9092 = CARTESIAN_POINT('',(5.057902527504,2.053397901331));
#9093 = CARTESIAN_POINT('',(5.09873188284,2.05248783547));
#9094 = CARTESIAN_POINT('',(5.139564455545,2.051561893513));
#9095 = CARTESIAN_POINT('',(5.180399869375,2.050621624498));
#9096 = CARTESIAN_POINT('',(5.22123805738,2.049668595));
#9097 = CARTESIAN_POINT('',(5.262078964418,2.048704393251));
#9098 = CARTESIAN_POINT('',(5.302922515039,2.047730627264));
#9099 = CARTESIAN_POINT('',(5.343768538854,2.046748923836));
#9100 = CARTESIAN_POINT('',(5.384616597418,2.04576093));
#9101 = CARTESIAN_POINT('',(5.425466729143,2.044768292437));
#9102 = CARTESIAN_POINT('',(5.466318639891,2.043772674018));
#9103 = CARTESIAN_POINT('',(5.507172119701,2.042775740979));
#9104 = CARTESIAN_POINT('',(5.54802687048,2.041779164198));
#9105 = CARTESIAN_POINT('',(5.588882915845,2.040784606407));
#9106 = CARTESIAN_POINT('',(5.629739499057,2.039793745998));
#9107 = CARTESIAN_POINT('',(5.670596237773,2.03880824607));
#9108 = CARTESIAN_POINT('',(5.711452798754,2.037829759473));
#9109 = CARTESIAN_POINT('',(5.752308871724,2.036859926479));
#9110 = CARTESIAN_POINT('',(5.793164085303,2.035900373862));
#9111 = CARTESIAN_POINT('',(5.834017848915,2.034952715703));
#9112 = CARTESIAN_POINT('',(5.874869552568,2.034018545892));
#9113 = CARTESIAN_POINT('',(5.915719936238,2.033099404334));
#9114 = CARTESIAN_POINT('',(5.956567458123,2.032196856793));
#9115 = CARTESIAN_POINT('',(5.99741148632,2.03131241855));
#9116 = CARTESIAN_POINT('',(6.038251478364,2.030447571151));
#9117 = CARTESIAN_POINT('',(6.07908708443,2.029603757749));
#9118 = CARTESIAN_POINT('',(6.119918009126,2.028782383782));
#9119 = CARTESIAN_POINT('',(6.160743945431,2.027984816427));
#9120 = CARTESIAN_POINT('',(6.201564474787,2.02721238241));
#9121 = CARTESIAN_POINT('',(6.24237902655,2.02646637236));
#9122 = CARTESIAN_POINT('',(6.269584084092,2.02598747037));
#9123 = CARTESIAN_POINT('',(6.28318530718,2.025752837142));
#9124 = ( GEOMETRIC_REPRESENTATION_CONTEXT(2) 
PARAMETRIC_REPRESENTATION_CONTEXT() REPRESENTATION_CONTEXT('2D SPACE',''
  ) );
#9125 = FACE_BOUND('',#9126,.F.);
#9126 = EDGE_LOOP('',(#9127));
#9127 = ORIENTED_EDGE('',*,*,#9128,.T.);
#9128 = EDGE_CURVE('',#9129,#9129,#9131,.T.);
#9129 = VERTEX_POINT('',#9130);
#9130 = CARTESIAN_POINT('',(9.7,-8.,-196.6397417512));
#9131 = SURFACE_CURVE('',#9132,(#9247,#9408),.PCURVE_S1.);
#9132 = B_SPLINE_CURVE_WITH_KNOTS('',8,(#9133,#9134,#9135,#9136,#9137,
    #9138,#9139,#9140,#9141,#9142,#9143,#9144,#9145,#9146,#9147,#9148,
    #9149,#9150,#9151,#9152,#9153,#9154,#9155,#9156,#9157,#9158,#9159,
    #9160,#9161,#9162,#9163,#9164,#9165,#9166,#9167,#9168,#9169,#9170,
    #9171,#9172,#9173,#9174,#9175,#9176,#9177,#9178,#9179,#9180,#9181,
    #9182,#9183,#9184,#9185,#9186,#9187,#9188,#9189,#9190,#9191,#9192,
    #9193,#9194,#9195,#9196,#9197,#9198,#9199,#9200,#9201,#9202,#9203,
    #9204,#9205,#9206,#9207,#9208,#9209,#9210,#9211,#9212,#9213,#9214,
    #9215,#9216,#9217,#9218,#9219,#9220,#9221,#9222,#9223,#9224,#9225,
    #9226,#9227,#9228,#9229,#9230,#9231,#9232,#9233,#9234,#9235,#9236,
    #9237,#9238,#9239,#9240,#9241,#9242,#9243,#9244,#9245,#9246),
  .UNSPECIFIED.,.T.,.F.,(9,7,7,7,7,7,7,7,7,7,7,7,7,7,7,7,9),(0.,
    0.155607878573,0.230413681263,0.273923698211,0.366922450045,
    0.473494985566,0.581591987886,0.764366783472,0.909281584788,1.,
    1.159575947563,1.262583587297,1.315506247133,1.409237987218,
    1.510466308473,1.698193457907,2.033538984646),.UNSPECIFIED.);
#9133 = CARTESIAN_POINT('',(9.7,-8.,-196.6397417512));
#9134 = CARTESIAN_POINT('',(9.7,-7.897834563243,-196.6407786835));
#9135 = CARTESIAN_POINT('',(9.692982995742,-7.795650089906,
    -196.6418870221));
#9136 = CARTESIAN_POINT('',(9.678944482343,-7.694018904267,
    -196.6430610024));
#9137 = CARTESIAN_POINT('',(9.657937618362,-7.593503854068,
    -196.6442943709));
#9138 = CARTESIAN_POINT('',(9.630067968228,-7.494657694358,
    -196.6455804444));
#9139 = CARTESIAN_POINT('',(9.595491603576,-7.398021618321,
    -196.646912145));
#9140 = CARTESIAN_POINT('',(9.55441656346,-7.304122935098,
    -196.6482820085));
#9141 = CARTESIAN_POINT('',(9.484364740889,-7.169892971016,-196.65035527
    ));
#9142 = CARTESIAN_POINT('',(9.460180305887,-7.127062996766,
    -196.6510353985));
#9143 = CARTESIAN_POINT('',(9.434583283454,-7.085038052587,
    -196.6517216904));
#9144 = CARTESIAN_POINT('',(9.407605039955,-7.043872612229,
    -196.6524132743));
#9145 = CARTESIAN_POINT('',(9.379279393131,-7.003619542463,
    -196.6531092706));
#9146 = CARTESIAN_POINT('',(9.349642612094,-6.964330103075,
    -196.6538087908));
#9147 = CARTESIAN_POINT('',(9.318733417334,-6.926053946868,
    -196.654510938));
#9148 = CARTESIAN_POINT('',(9.267898830094,-6.867193502556,
    -196.6556242046));
#9149 = CARTESIAN_POINT('',(9.248788090127,-6.8459068621,-196.6560341862
    ));
#9150 = CARTESIAN_POINT('',(9.229268838461,-6.824988613206,
    -196.656444574));
#9151 = CARTESIAN_POINT('',(9.209349396217,-6.804447936555,
    -196.6568551904));
#9152 = CARTESIAN_POINT('',(9.189038327979,-6.784293778603,
    -196.6572658577));
#9153 = CARTESIAN_POINT('',(9.168344441798,-6.764534851577,
    -196.6576763979));
#9154 = CARTESIAN_POINT('',(9.147276789188,-6.745179633479,
    -196.6580866334));
#9155 = CARTESIAN_POINT('',(9.080035425637,-6.685746840351,
    -196.6593721953));
#9156 = CARTESIAN_POINT('',(9.032560601977,-6.647138939081,
    -196.6602458076));
#9157 = CARTESIAN_POINT('',(8.983511437798,-6.610493507235,
    -196.6611154766));
#9158 = CARTESIAN_POINT('',(8.932983337408,-6.575885660102,
    -196.6619794718));
#9159 = CARTESIAN_POINT('',(8.881075748459,-6.543384687827,
    -196.6628360808));
#9160 = CARTESIAN_POINT('',(8.827892044637,-6.513053957928,
    -196.6636836118));
#9161 = CARTESIAN_POINT('',(8.773539408339,-6.484950817831,
    -196.664520395));
#9162 = CARTESIAN_POINT('',(8.654630460515,-6.429532946368,
    -196.6662895019));
#9163 = CARTESIAN_POINT('',(8.589741006654,-6.40293120446,
    -196.6672179694));
#9164 = CARTESIAN_POINT('',(8.523627641428,-6.37939842969,
    -196.6681277081));
#9165 = CARTESIAN_POINT('',(8.4564613849,-6.3589999936,-196.6690163193)
  );
#9166 = CARTESIAN_POINT('',(8.388416673345,-6.341789431154,
    -196.6698814899));
#9167 = CARTESIAN_POINT('',(8.319671045048,-6.327808390647,
    -196.6707209961));
#9168 = CARTESIAN_POINT('',(8.250404826104,-6.317086583621,
    -196.6715327069));
#9169 = CARTESIAN_POINT('',(8.110201155801,-6.302090391068,
    -196.6731076534));
#9170 = CARTESIAN_POINT('',(8.039251600415,-6.297910172978,
    -196.6738700562));
#9171 = CARTESIAN_POINT('',(7.968142863647,-6.297119415471,
    -196.6745996754));
#9172 = CARTESIAN_POINT('',(7.897064971265,-6.29972343373,
    -196.6752945292));
#9173 = CARTESIAN_POINT('',(7.826206944507,-6.305714688725,
    -196.6759527765));
#9174 = CARTESIAN_POINT('',(7.755756483346,-6.315072952802,
    -196.6765727185));
#9175 = CARTESIAN_POINT('',(7.685899649779,-6.327765475261,
    -196.6771527997));
#9176 = CARTESIAN_POINT('',(7.500018809409,-6.370769608288,
    -196.6786026529));
#9177 = CARTESIAN_POINT('',(7.385426552649,-6.407198585176,
    -196.6793958164));
#9178 = CARTESIAN_POINT('',(7.273943690454,-6.452816234295,
    -196.6800641816));
#9179 = CARTESIAN_POINT('',(7.166419905851,-6.507304079345,
    -196.6806023601));
#9180 = CARTESIAN_POINT('',(7.063657808785,-6.570257438675,
    -196.6810063154));
#9181 = CARTESIAN_POINT('',(6.966412205367,-6.641192056027,
    -196.6812733033));
#9182 = CARTESIAN_POINT('',(6.875385482833,-6.719542935399,-196.68140193
    ));
#9183 = CARTESIAN_POINT('',(6.724486970675,-6.872137622106,
    -196.6813847183));
#9184 = CARTESIAN_POINT('',(6.662055582344,-6.943882315494,
    -196.6812902125));
#9185 = CARTESIAN_POINT('',(6.604244565499,-7.019568326522,
    -196.6811088279));
#9186 = CARTESIAN_POINT('',(6.551339921868,-7.098850301471,
    -196.6808411666));
#9187 = CARTESIAN_POINT('',(6.503596158792,-7.181361083184,
    -196.6804883711));
#9188 = CARTESIAN_POINT('',(6.461236494609,-7.266713031083,
    -196.6800521093));
#9189 = CARTESIAN_POINT('',(6.424451145261,-7.354498244597,
    -196.6795345893));
#9190 = CARTESIAN_POINT('',(6.373951351499,-7.500496966854,
    -196.6785655122));
#9191 = CARTESIAN_POINT('',(6.356753118192,-7.557493518908,
    -196.6781616572));
#9192 = CARTESIAN_POINT('',(6.341836624189,-7.615172724291,-196.67772772
    ));
#9193 = CARTESIAN_POINT('',(6.329233652038,-7.673428232698,
    -196.6772644569));
#9194 = CARTESIAN_POINT('',(6.3189700355,-7.732152072663,-196.6767727012
    ));
#9195 = CARTESIAN_POINT('',(6.311065560187,-7.791234758825,
    -196.6762533628));
#9196 = CARTESIAN_POINT('',(6.305533864217,-7.850565399207,
    -196.6757074284));
#9197 = CARTESIAN_POINT('',(6.296838727395,-8.014634684154,
    -196.6741307359));
#9198 = CARTESIAN_POINT('',(6.298659104754,-8.119668611861,
    -196.6730464031));
#9199 = CARTESIAN_POINT('',(6.307886318756,-8.224513073893,
    -196.6718888229));
#9200 = CARTESIAN_POINT('',(6.32449708706,-8.328554455623,
    -196.6706644569));
#9201 = CARTESIAN_POINT('',(6.348408166184,-8.431187141002,
    -196.6693802939));
#9202 = CARTESIAN_POINT('',(6.379478445138,-8.531815469582,
    -196.6680438091));
#9203 = CARTESIAN_POINT('',(6.417506963653,-8.629856549074,
    -196.666662956));
#9204 = CARTESIAN_POINT('',(6.491093927588,-8.78599453561,
    -196.6643316556));
#9205 = CARTESIAN_POINT('',(6.522751251417,-8.845935331256,
    -196.6634020924));
#9206 = CARTESIAN_POINT('',(6.557128404151,-8.904415642271,
    -196.662459744));
#9207 = CARTESIAN_POINT('',(6.594145834692,-8.961290546645,
    -196.6615068881));
#9208 = CARTESIAN_POINT('',(6.63371504246,-9.016421054684,
    -196.6605458333));
#9209 = CARTESIAN_POINT('',(6.675738756666,-9.06967429522,
    -196.6595789149));
#9210 = CARTESIAN_POINT('',(6.720111115577,-9.120923701821,
    -196.6586084916));
#9211 = CARTESIAN_POINT('',(6.790663177756,-9.195288608273,
    -196.6571377848));
#9212 = CARTESIAN_POINT('',(6.815198481161,-9.219967590835,
    -196.6566383264));
#9213 = CARTESIAN_POINT('',(6.840308322796,-9.244069953876,
    -196.6561388877));
#9214 = CARTESIAN_POINT('',(6.865976785542,-9.267580061894,
    -196.6556397888));
#9215 = CARTESIAN_POINT('',(6.892187468368,-9.290482836701,
    -196.6551413493));
#9216 = CARTESIAN_POINT('',(6.918923486325,-9.312763757424,
    -196.654643888));
#9217 = CARTESIAN_POINT('',(6.946167470552,-9.334408860506,
    -196.6541477227));
#9218 = CARTESIAN_POINT('',(7.02302164741,-9.392590706884,-196.652777266
    ));
#9219 = CARTESIAN_POINT('',(7.073679691638,-9.427740555827,
    -196.6519064124));
#9220 = CARTESIAN_POINT('',(7.125776148641,-9.460779574968,
    -196.6510423787));
#9221 = CARTESIAN_POINT('',(7.179207812172,-9.491639323227,
    -196.6501869071));
#9222 = CARTESIAN_POINT('',(7.233867967528,-9.520257677787,
    -196.6493417111));
#9223 = CARTESIAN_POINT('',(7.289646537017,-9.546578881863,
    -196.6485084742));
#9224 = CARTESIAN_POINT('',(7.346430225437,-9.570553592478,
    -196.647688847));
#9225 = CARTESIAN_POINT('',(7.466387696092,-9.61545063993,
    -196.6460157101));
#9226 = CARTESIAN_POINT('',(7.529710677145,-9.635975984156,
    -196.6451647146));
#9227 = CARTESIAN_POINT('',(7.593924889962,-9.653661015097,
    -196.6443334967));
#9228 = CARTESIAN_POINT('',(7.658881375385,-9.6684612879,-196.6435240194
    ));
#9229 = CARTESIAN_POINT('',(7.724429156721,-9.680341871096,
    -196.6427381701));
#9230 = CARTESIAN_POINT('',(7.790415462618,-9.689277359002,
    -196.6419777576));
#9231 = CARTESIAN_POINT('',(7.856685949947,-9.695251884144,
    -196.6412445097));
#9232 = CARTESIAN_POINT('',(8.046221322433,-9.703836043544,
    -196.6392336956));
#9233 = CARTESIAN_POINT('',(8.169818584368,-9.699209073274,
    -196.6380261967));
#9234 = CARTESIAN_POINT('',(8.292866018395,-9.684333128103,
    -196.636928293));
#9235 = CARTESIAN_POINT('',(8.414374600387,-9.659288852562,
    -196.6359492069));
#9236 = CARTESIAN_POINT('',(8.533378266852,-9.624266317731,
    -196.635096817));
#9237 = CARTESIAN_POINT('',(8.648937551506,-9.579558691874,
    -196.6343776853));
#9238 = CARTESIAN_POINT('',(8.760145567746,-9.525565890429,
    -196.6337969594));
#9239 = CARTESIAN_POINT('',(9.055472458395,-9.350701304388,
    -196.6325742827));
#9240 = CARTESIAN_POINT('',(9.228513417118,-9.210416172904,
    -196.6322418117));
#9241 = CARTESIAN_POINT('',(9.37987573314,-9.044941704039,
    -196.6323850483));
#9242 = CARTESIAN_POINT('',(9.505482123178,-8.858346243025,
    -196.6330040851));
#9243 = CARTESIAN_POINT('',(9.602088793704,-8.655205177981,
    -196.6340854011));
#9244 = CARTESIAN_POINT('',(9.66740165795,-8.440635266149,
    -196.6356003347));
#9245 = CARTESIAN_POINT('',(9.7,-8.220203988368,-196.6375067818));
#9246 = CARTESIAN_POINT('',(9.7,-8.,-196.6397417512));
#9247 = PCURVE('',#7959,#9248);
#9248 = DEFINITIONAL_REPRESENTATION('',(#9249),#9407);
#9249 = B_SPLINE_CURVE_WITH_KNOTS('',3,(#9250,#9251,#9252,#9253,#9254,
    #9255,#9256,#9257,#9258,#9259,#9260,#9261,#9262,#9263,#9264,#9265,
    #9266,#9267,#9268,#9269,#9270,#9271,#9272,#9273,#9274,#9275,#9276,
    #9277,#9278,#9279,#9280,#9281,#9282,#9283,#9284,#9285,#9286,#9287,
    #9288,#9289,#9290,#9291,#9292,#9293,#9294,#9295,#9296,#9297,#9298,
    #9299,#9300,#9301,#9302,#9303,#9304,#9305,#9306,#9307,#9308,#9309,
    #9310,#9311,#9312,#9313,#9314,#9315,#9316,#9317,#9318,#9319,#9320,
    #9321,#9322,#9323,#9324,#9325,#9326,#9327,#9328,#9329,#9330,#9331,
    #9332,#9333,#9334,#9335,#9336,#9337,#9338,#9339,#9340,#9341,#9342,
    #9343,#9344,#9345,#9346,#9347,#9348,#9349,#9350,#9351,#9352,#9353,
    #9354,#9355,#9356,#9357,#9358,#9359,#9360,#9361,#9362,#9363,#9364,
    #9365,#9366,#9367,#9368,#9369,#9370,#9371,#9372,#9373,#9374,#9375,
    #9376,#9377,#9378,#9379,#9380,#9381,#9382,#9383,#9384,#9385,#9386,
    #9387,#9388,#9389,#9390,#9391,#9392,#9393,#9394,#9395,#9396,#9397,
    #9398,#9399,#9400,#9401,#9402,#9403,#9404,#9405,#9406),
  .UNSPECIFIED.,.T.,.F.,(4,1,1,1,1,1,1,1,1,1,1,1,1,1,1,1,1,1,1,1,1,1,1,1
    ,1,1,1,1,1,1,1,1,1,1,1,1,1,1,1,1,1,1,1,1,1,1,1,1,1,1,1,1,1,1,1,1,1,1
    ,1,1,1,1,1,1,1,1,1,1,1,1,1,1,1,1,1,1,1,1,1,1,1,1,1,1,1,1,1,1,1,1,1,1
    ,1,1,1,1,1,1,1,1,1,1,1,1,1,1,1,1,1,1,1,1,1,1,1,1,1,1,1,1,1,1,1,1,1,1
    ,1,1,1,1,1,1,1,1,1,1,1,1,1,1,1,1,1,1,1,1,1,1,1,1,1,1,1,1,4),(0.,
    1.32047986016E-02,2.640959720319E-02,3.961439580479E-02,
    5.281919440639E-02,6.602399300799E-02,7.922879160958E-02,
    9.243359021118E-02,0.105638388813,0.118843187414,0.132047986016,
    0.145252784618,0.158457583219,0.171662381821,0.184867180422,
    0.198071979024,0.211276777626,0.224481576227,0.237686374829,
    0.25089117343,0.264095972032,0.277300770634,0.290505569235,
    0.303710367837,0.316915166438,0.33011996504,0.343324763642,
    0.356529562243,0.369734360845,0.382939159446,0.396143958048,
    0.40934875665,0.422553555251,0.435758353853,0.448963152454,
    0.462167951056,0.475372749658,0.488577548259,0.501782346861,
    0.514987145462,0.528191944064,0.541396742665,0.554601541267,
    0.567806339869,0.58101113847,0.594215937072,0.607420735673,
    0.620625534275,0.633830332877,0.647035131478,0.66023993008,
    0.673444728681,0.686649527283,0.699854325885,0.713059124486,
    0.726263923088,0.739468721689,0.752673520291,0.765878318893,
    0.779083117494,0.792287916096,0.805492714697,0.818697513299,
    0.831902311901,0.845107110502,0.858311909104,0.871516707705,
    0.884721506307,0.897926304909,0.91113110351,0.924335902112,
    0.937540700713,0.950745499315,0.963950297917,0.977155096518,
    0.99035989512,1.003564693721,1.016769492323,1.029974290925,
    1.043179089526,1.056383888128,1.069588686729,1.082793485331,
    1.095998283933,1.109203082534,1.122407881136,1.135612679737,
    1.148817478339,1.162022276941,1.175227075542,1.188431874144,
    1.201636672745,1.214841471347,1.228046269949,1.24125106855,
    1.254455867152,1.267660665753,1.280865464355,1.294070262957,
    1.307275061558,1.32047986016,1.333684658761,1.346889457363,
    1.360094255965,1.373299054566,1.386503853168,1.399708651769,
    1.412913450371,1.426118248973,1.439323047574,1.452527846176,
    1.465732644777,1.478937443379,1.492142241981,1.505347040582,
    1.518551839184,1.531756637785,1.544961436387,1.558166234988,
    1.57137103359,1.584575832192,1.597780630793,1.610985429395,
    1.624190227996,1.637395026598,1.6505998252,1.663804623801,
    1.677009422403,1.690214221004,1.703419019606,1.716623818208,
    1.729828616809,1.743033415411,1.756238214012,1.769443012614,
    1.782647811216,1.795852609817,1.809057408419,1.82226220702,
    1.835467005622,1.848671804224,1.861876602825,1.875081401427,
    1.888286200028,1.90149099863,1.914695797232,1.927900595833,
    1.941105394435,1.954310193036,1.967514991638,1.98071979024,
    1.993924588841,2.007129387443,2.020334186044,2.033538984646),
  .QUASI_UNIFORM_KNOTS.);
#9250 = CARTESIAN_POINT('',(2.451945983088,4.744315175696));
#9251 = CARTESIAN_POINT('',(2.453364519334,4.744277812241));
#9252 = CARTESIAN_POINT('',(2.456163972359,4.74420142375));
#9253 = CARTESIAN_POINT('',(2.460243933398,4.744082002588));
#9254 = CARTESIAN_POINT('',(2.464198316027,4.743957886763));
#9255 = CARTESIAN_POINT('',(2.468020759701,4.743829228977));
#9256 = CARTESIAN_POINT('',(2.47170489042,4.743696187965));
#9257 = CARTESIAN_POINT('',(2.475244314341,4.743558929495));
#9258 = CARTESIAN_POINT('',(2.478632613061,4.743417626382));
#9259 = CARTESIAN_POINT('',(2.481863341614,4.743272458822));
#9260 = CARTESIAN_POINT('',(2.484930030333,4.743123614644));
#9261 = CARTESIAN_POINT('',(2.487826185726,4.742971289877));
#9262 = CARTESIAN_POINT('',(2.490545309366,4.742815688379));
#9263 = CARTESIAN_POINT('',(2.493080864749,4.742657025182));
#9264 = CARTESIAN_POINT('',(2.495426470344,4.742495515116));
#9265 = CARTESIAN_POINT('',(2.49757573191,4.742331382666));
#9266 = CARTESIAN_POINT('',(2.499522285497,4.742164861218));
#9267 = CARTESIAN_POINT('',(2.501259850822,4.741996190593));
#9268 = CARTESIAN_POINT('',(2.502782233767,4.741825618102));
#9269 = CARTESIAN_POINT('',(2.504083339956,4.741653399067));
#9270 = CARTESIAN_POINT('',(2.505157222634,4.741479794615));
#9271 = CARTESIAN_POINT('',(2.505998088603,4.741305073166));
#9272 = CARTESIAN_POINT('',(2.506600332086,4.741129510018));
#9273 = CARTESIAN_POINT('',(2.50695856324,4.740953385582));
#9274 = CARTESIAN_POINT('',(2.507067639113,4.74077698862));
#9275 = CARTESIAN_POINT('',(2.506922699271,4.740600613026));
#9276 = CARTESIAN_POINT('',(2.506519201225,4.740424557723));
#9277 = CARTESIAN_POINT('',(2.505852959276,4.74024912679));
#9278 = CARTESIAN_POINT('',(2.504920182478,4.740074629026));
#9279 = CARTESIAN_POINT('',(2.503717529344,4.739901379279));
#9280 = CARTESIAN_POINT('',(2.502242108505,4.73972969243));
#9281 = CARTESIAN_POINT('',(2.500491584272,4.739559889624));
#9282 = CARTESIAN_POINT('',(2.498464188807,4.739392294411));
#9283 = CARTESIAN_POINT('',(2.496158761266,4.73922723123));
#9284 = CARTESIAN_POINT('',(2.49357479883,4.739065025331));
#9285 = CARTESIAN_POINT('',(2.490712508648,4.73890600235));
#9286 = CARTESIAN_POINT('',(2.487572849014,4.738750487421));
#9287 = CARTESIAN_POINT('',(2.484157614704,4.738598806107));
#9288 = CARTESIAN_POINT('',(2.480469349229,4.738451277814));
#9289 = CARTESIAN_POINT('',(2.476511518485,4.738308220324));
#9290 = CARTESIAN_POINT('',(2.472288509809,4.738169947695));
#9291 = CARTESIAN_POINT('',(2.467805616645,4.738036767276));
#9292 = CARTESIAN_POINT('',(2.463069082867,4.737908979479));
#9293 = CARTESIAN_POINT('',(2.458086131722,4.737786876871));
#9294 = CARTESIAN_POINT('',(2.452864968173,4.737670742912));
#9295 = CARTESIAN_POINT('',(2.447414870093,4.73756085249));
#9296 = CARTESIAN_POINT('',(2.441745913262,4.737457465394));
#9297 = CARTESIAN_POINT('',(2.435869158163,4.737360829744));
#9298 = CARTESIAN_POINT('',(2.429796873976,4.737271184246));
#9299 = CARTESIAN_POINT('',(2.423542130348,4.737188750138));
#9300 = CARTESIAN_POINT('',(2.41711886702,4.737113732576));
#9301 = CARTESIAN_POINT('',(2.410541826509,4.737046319463));
#9302 = CARTESIAN_POINT('',(2.403826514016,4.736986680925));
#9303 = CARTESIAN_POINT('',(2.396989140894,4.736934968607));
#9304 = CARTESIAN_POINT('',(2.390046563118,4.736891315001));
#9305 = CARTESIAN_POINT('',(2.383016214422,4.736855832775));
#9306 = CARTESIAN_POINT('',(2.375916026656,4.73682861412));
#9307 = CARTESIAN_POINT('',(2.36876437093,4.7368097301));
#9308 = CARTESIAN_POINT('',(2.361579897007,4.736799230083));
#9309 = CARTESIAN_POINT('',(2.354381732549,4.73679714104));
#9310 = CARTESIAN_POINT('',(2.347188291885,4.736803467469));
#9311 = CARTESIAN_POINT('',(2.340018230165,4.736818193575));
#9312 = CARTESIAN_POINT('',(2.332890420677,4.736841280962));
#9313 = CARTESIAN_POINT('',(2.325823345454,4.736872669425));
#9314 = CARTESIAN_POINT('',(2.318835148335,4.736912277387));
#9315 = CARTESIAN_POINT('',(2.311943515062,4.736960002471));
#9316 = CARTESIAN_POINT('',(2.305165605998,4.737015722063));
#9317 = CARTESIAN_POINT('',(2.298517979952,4.737079293915));
#9318 = CARTESIAN_POINT('',(2.292016534267,4.737150556671));
#9319 = CARTESIAN_POINT('',(2.285676426086,4.737229330751));
#9320 = CARTESIAN_POINT('',(2.279512093073,4.737315417841));
#9321 = CARTESIAN_POINT('',(2.273536926012,4.737408605758));
#9322 = CARTESIAN_POINT('',(2.2677634709,4.737508666474));
#9323 = CARTESIAN_POINT('',(2.262203396059,4.737615356799));
#9324 = CARTESIAN_POINT('',(2.256867365613,4.737728421083));
#9325 = CARTESIAN_POINT('',(2.251765070639,4.737847591511));
#9326 = CARTESIAN_POINT('',(2.246905201156,4.737972589847));
#9327 = CARTESIAN_POINT('',(2.242295543757,4.738103125679));
#9328 = CARTESIAN_POINT('',(2.237942621162,4.738238908733));
#9329 = CARTESIAN_POINT('',(2.233852324346,4.738379632228));
#9330 = CARTESIAN_POINT('',(2.230029551811,4.738524983341));
#9331 = CARTESIAN_POINT('',(2.226478229778,4.738674645454));
#9332 = CARTESIAN_POINT('',(2.22320137075,4.738828298725));
#9333 = CARTESIAN_POINT('',(2.220201122156,4.73898562098));
#9334 = CARTESIAN_POINT('',(2.217478817028,4.73914628839));
#9335 = CARTESIAN_POINT('',(2.215035022935,4.739309976064));
#9336 = CARTESIAN_POINT('',(2.212869588687,4.73947635863));
#9337 = CARTESIAN_POINT('',(2.210981691247,4.739645110344));
#9338 = CARTESIAN_POINT('',(2.209369870833,4.739815906537));
#9339 = CARTESIAN_POINT('',(2.208032097541,4.739988419616));
#9340 = CARTESIAN_POINT('',(2.206965698666,4.740162336122));
#9341 = CARTESIAN_POINT('',(2.206167545695,4.740337342235));
#9342 = CARTESIAN_POINT('',(2.205634070056,4.740513125231));
#9343 = CARTESIAN_POINT('',(2.205361276777,4.740689378647));
#9344 = CARTESIAN_POINT('',(2.205344795793,4.740865801017));
#9345 = CARTESIAN_POINT('',(2.205579919474,4.7410420962));
#9346 = CARTESIAN_POINT('',(2.206061640795,4.74121797351));
#9347 = CARTESIAN_POINT('',(2.206784685765,4.74139314675));
#9348 = CARTESIAN_POINT('',(2.207743553959,4.741567338818));
#9349 = CARTESIAN_POINT('',(2.208932540289,4.741740277881));
#9350 = CARTESIAN_POINT('',(2.210345771205,4.741911699144));
#9351 = CARTESIAN_POINT('',(2.211977220964,4.742081344231));
#9352 = CARTESIAN_POINT('',(2.213820758346,4.742248963188));
#9353 = CARTESIAN_POINT('',(2.215870126933,4.742414311158));
#9354 = CARTESIAN_POINT('',(2.218119002149,4.742577151464));
#9355 = CARTESIAN_POINT('',(2.220561002437,4.74273725512));
#9356 = CARTESIAN_POINT('',(2.223189700415,4.742894400545));
#9357 = CARTESIAN_POINT('',(2.225998637915,4.743048373547));
#9358 = CARTESIAN_POINT('',(2.228981313524,4.743198965995));
#9359 = CARTESIAN_POINT('',(2.232131279008,4.743345980102));
#9360 = CARTESIAN_POINT('',(2.235442036864,4.743489223214));
#9361 = CARTESIAN_POINT('',(2.238907112689,4.743628510445));
#9362 = CARTESIAN_POINT('',(2.242520064162,4.743763664873));
#9363 = CARTESIAN_POINT('',(2.246274477908,4.7438945171));
#9364 = CARTESIAN_POINT('',(2.25016396914,4.744020905042));
#9365 = CARTESIAN_POINT('',(2.254182175559,4.744142673495));
#9366 = CARTESIAN_POINT('',(2.258322765251,4.744259674358));
#9367 = CARTESIAN_POINT('',(2.262579716558,4.744371773767));
#9368 = CARTESIAN_POINT('',(2.266946627005,4.74447883319));
#9369 = CARTESIAN_POINT('',(2.271417262929,4.744580725523));
#9370 = CARTESIAN_POINT('',(2.275985446012,4.744677331261));
#9371 = CARTESIAN_POINT('',(2.28064507655,4.744768538929));
#9372 = CARTESIAN_POINT('',(2.285390118504,4.744854244472));
#9373 = CARTESIAN_POINT('',(2.290214593354,4.744934351004));
#9374 = CARTESIAN_POINT('',(2.295112569766,4.745008768547));
#9375 = CARTESIAN_POINT('',(2.300078154023,4.745077413868));
#9376 = CARTESIAN_POINT('',(2.305105474322,4.745140210344));
#9377 = CARTESIAN_POINT('',(2.310188681461,4.745197087996));
#9378 = CARTESIAN_POINT('',(2.315321882489,4.745247983218));
#9379 = CARTESIAN_POINT('',(2.320499318219,4.745292839928));
#9380 = CARTESIAN_POINT('',(2.325714624073,4.745331605712));
#9381 = CARTESIAN_POINT('',(2.330964732872,4.745364255322));
#9382 = CARTESIAN_POINT('',(2.33624314902,4.745390741318));
#9383 = CARTESIAN_POINT('',(2.341543670626,4.745411029133));
#9384 = CARTESIAN_POINT('',(2.346860190523,4.745425093092));
#9385 = CARTESIAN_POINT('',(2.352186726219,4.745432916482));
#9386 = CARTESIAN_POINT('',(2.357517389665,4.745434490685));
#9387 = CARTESIAN_POINT('',(2.362846374159,4.74542981472));
#9388 = CARTESIAN_POINT('',(2.368167937543,4.745418894793));
#9389 = CARTESIAN_POINT('',(2.373476387166,4.745401743976));
#9390 = CARTESIAN_POINT('',(2.378766065064,4.745378381954));
#9391 = CARTESIAN_POINT('',(2.384031333725,4.745348834849));
#9392 = CARTESIAN_POINT('',(2.389266562282,4.745313135122));
#9393 = CARTESIAN_POINT('',(2.394466113188,4.745271321534));
#9394 = CARTESIAN_POINT('',(2.39962432934,4.745223439171));
#9395 = CARTESIAN_POINT('',(2.404735521707,4.745169539534));
#9396 = CARTESIAN_POINT('',(2.409793957486,4.745109680686));
#9397 = CARTESIAN_POINT('',(2.414793848844,4.745043927459));
#9398 = CARTESIAN_POINT('',(2.419729342336,4.744972351725));
#9399 = CARTESIAN_POINT('',(2.424594509035,4.744895032738));
#9400 = CARTESIAN_POINT('',(2.429383335617,4.744812057535));
#9401 = CARTESIAN_POINT('',(2.434089716072,4.744723521446));
#9402 = CARTESIAN_POINT('',(2.438707445821,4.744629528564));
#9403 = CARTESIAN_POINT('',(2.443230212271,4.744530192804));
#9404 = CARTESIAN_POINT('',(2.447651604861,4.74442563716));
#9405 = CARTESIAN_POINT('',(2.450527241261,4.744352545868));
#9406 = CARTESIAN_POINT('',(2.451945983088,4.744315175696));
#9407 = ( GEOMETRIC_REPRESENTATION_CONTEXT(2) 
PARAMETRIC_REPRESENTATION_CONTEXT() REPRESENTATION_CONTEXT('2D SPACE',''
  ) );
#9408 = PCURVE('',#1352,#9409);
#9409 = DEFINITIONAL_REPRESENTATION('',(#9410),#9568);
#9410 = B_SPLINE_CURVE_WITH_KNOTS('',3,(#9411,#9412,#9413,#9414,#9415,
    #9416,#9417,#9418,#9419,#9420,#9421,#9422,#9423,#9424,#9425,#9426,
    #9427,#9428,#9429,#9430,#9431,#9432,#9433,#9434,#9435,#9436,#9437,
    #9438,#9439,#9440,#9441,#9442,#9443,#9444,#9445,#9446,#9447,#9448,
    #9449,#9450,#9451,#9452,#9453,#9454,#9455,#9456,#9457,#9458,#9459,
    #9460,#9461,#9462,#9463,#9464,#9465,#9466,#9467,#9468,#9469,#9470,
    #9471,#9472,#9473,#9474,#9475,#9476,#9477,#9478,#9479,#9480,#9481,
    #9482,#9483,#9484,#9485,#9486,#9487,#9488,#9489,#9490,#9491,#9492,
    #9493,#9494,#9495,#9496,#9497,#9498,#9499,#9500,#9501,#9502,#9503,
    #9504,#9505,#9506,#9507,#9508,#9509,#9510,#9511,#9512,#9513,#9514,
    #9515,#9516,#9517,#9518,#9519,#9520,#9521,#9522,#9523,#9524,#9525,
    #9526,#9527,#9528,#9529,#9530,#9531,#9532,#9533,#9534,#9535,#9536,
    #9537,#9538,#9539,#9540,#9541,#9542,#9543,#9544,#9545,#9546,#9547,
    #9548,#9549,#9550,#9551,#9552,#9553,#9554,#9555,#9556,#9557,#9558,
    #9559,#9560,#9561,#9562,#9563,#9564,#9565,#9566,#9567),
  .UNSPECIFIED.,.F.,.F.,(4,1,1,1,1,1,1,1,1,1,1,1,1,1,1,1,1,1,1,1,1,1,1,1
    ,1,1,1,1,1,1,1,1,1,1,1,1,1,1,1,1,1,1,1,1,1,1,1,1,1,1,1,1,1,1,1,1,1,1
    ,1,1,1,1,1,1,1,1,1,1,1,1,1,1,1,1,1,1,1,1,1,1,1,1,1,1,1,1,1,1,1,1,1,1
    ,1,1,1,1,1,1,1,1,1,1,1,1,1,1,1,1,1,1,1,1,1,1,1,1,1,1,1,1,1,1,1,1,1,1
    ,1,1,1,1,1,1,1,1,1,1,1,1,1,1,1,1,1,1,1,1,1,1,1,1,1,1,1,1,4),(0.,
    1.32047986016E-02,2.640959720319E-02,3.961439580479E-02,
    5.281919440639E-02,6.602399300799E-02,7.922879160958E-02,
    9.243359021118E-02,0.105638388813,0.118843187414,0.132047986016,
    0.145252784618,0.158457583219,0.171662381821,0.184867180422,
    0.198071979024,0.211276777626,0.224481576227,0.237686374829,
    0.25089117343,0.264095972032,0.277300770634,0.290505569235,
    0.303710367837,0.316915166438,0.33011996504,0.343324763642,
    0.356529562243,0.369734360845,0.382939159446,0.396143958048,
    0.40934875665,0.422553555251,0.435758353853,0.448963152454,
    0.462167951056,0.475372749658,0.488577548259,0.501782346861,
    0.514987145462,0.528191944064,0.541396742665,0.554601541267,
    0.567806339869,0.58101113847,0.594215937072,0.607420735673,
    0.620625534275,0.633830332877,0.647035131478,0.66023993008,
    0.673444728681,0.686649527283,0.699854325885,0.713059124486,
    0.726263923088,0.739468721689,0.752673520291,0.765878318893,
    0.779083117494,0.792287916096,0.805492714697,0.818697513299,
    0.831902311901,0.845107110502,0.858311909104,0.871516707705,
    0.884721506307,0.897926304909,0.91113110351,0.924335902112,
    0.937540700713,0.950745499315,0.963950297917,0.977155096518,
    0.99035989512,1.003564693721,1.016769492323,1.029974290925,
    1.043179089526,1.056383888128,1.069588686729,1.082793485331,
    1.095998283933,1.109203082534,1.122407881136,1.135612679737,
    1.148817478339,1.162022276941,1.175227075542,1.188431874144,
    1.201636672745,1.214841471347,1.228046269949,1.24125106855,
    1.254455867152,1.267660665753,1.280865464355,1.294070262957,
    1.307275061558,1.32047986016,1.333684658761,1.346889457363,
    1.360094255965,1.373299054566,1.386503853168,1.399708651769,
    1.412913450371,1.426118248973,1.439323047574,1.452527846176,
    1.465732644777,1.478937443379,1.492142241981,1.505347040582,
    1.518551839184,1.531756637785,1.544961436387,1.558166234988,
    1.57137103359,1.584575832192,1.597780630793,1.610985429395,
    1.624190227996,1.637395026598,1.6505998252,1.663804623801,
    1.677009422403,1.690214221004,1.703419019606,1.716623818208,
    1.729828616809,1.743033415411,1.756238214012,1.769443012614,
    1.782647811216,1.795852609817,1.809057408419,1.82226220702,
    1.835467005622,1.848671804224,1.861876602825,1.875081401427,
    1.888286200028,1.90149099863,1.914695797232,1.927900595833,
    1.941105394435,1.954310193036,1.967514991638,1.98071979024,
    1.993924588841,2.007129387443,2.020334186044,2.033538984646),
  .QUASI_UNIFORM_KNOTS.);
#9411 = CARTESIAN_POINT('',(1.306144734853E-14,2.060258248745));
#9412 = CARTESIAN_POINT('',(1.359956637533E-02,2.060023602798));
#9413 = CARTESIAN_POINT('',(4.080007607452E-02,2.059544699487));
#9414 = CARTESIAN_POINT('',(8.160444427947E-02,2.058798759626));
#9415 = CARTESIAN_POINT('',(0.122411757116,2.058026468624));
#9416 = CARTESIAN_POINT('',(0.163221816982,2.057229114839));
#9417 = CARTESIAN_POINT('',(0.204034609893,2.056408020739));
#9418 = CARTESIAN_POINT('',(0.244850270771,2.055564546956));
#9419 = CARTESIAN_POINT('',(0.28566899166,2.054700089983));
#9420 = CARTESIAN_POINT('',(0.32649094425,2.053816081918));
#9421 = CARTESIAN_POINT('',(0.367316215288,2.052913989514));
#9422 = CARTESIAN_POINT('',(0.40814467277,2.051995315115));
#9423 = CARTESIAN_POINT('',(0.448976076421,2.051061591888));
#9424 = CARTESIAN_POINT('',(0.489809244747,2.050114401131));
#9425 = CARTESIAN_POINT('',(0.53064496814,2.049155301896));
#9426 = CARTESIAN_POINT('',(0.571483389646,2.048185887897));
#9427 = CARTESIAN_POINT('',(0.612324242897,2.047207780312));
#9428 = CARTESIAN_POINT('',(0.653167461273,2.046222610751));
#9429 = CARTESIAN_POINT('',(0.694012886835,2.045232025304));
#9430 = CARTESIAN_POINT('',(0.734860120501,2.0442376854));
#9431 = CARTESIAN_POINT('',(0.775709029166,2.043241252801));
#9432 = CARTESIAN_POINT('',(0.816559344115,2.042244396392));
#9433 = CARTESIAN_POINT('',(0.85741072066,2.041248787873));
#9434 = CARTESIAN_POINT('',(0.898263095216,2.04025609024));
#9435 = CARTESIAN_POINT('',(0.939115878269,2.039267974396));
#9436 = CARTESIAN_POINT('',(0.979968630968,2.038286099836));
#9437 = CARTESIAN_POINT('',(1.020821015333,2.037312113001));
#9438 = CARTESIAN_POINT('',(1.061672675931,2.036347647161));
#9439 = CARTESIAN_POINT('',(1.10252324474,2.03539431946));
#9440 = CARTESIAN_POINT('',(1.143371915877,2.034453737797));
#9441 = CARTESIAN_POINT('',(1.184218752252,2.033527468226));
#9442 = CARTESIAN_POINT('',(1.225063060901,2.032617068731));
#9443 = CARTESIAN_POINT('',(1.265904168694,2.031724069205));
#9444 = CARTESIAN_POINT('',(1.306741625413,2.030849964179));
#9445 = CARTESIAN_POINT('',(1.347575048439,2.029996213716));
#9446 = CARTESIAN_POINT('',(1.388404026881,2.029164242776));
#9447 = CARTESIAN_POINT('',(1.429228140044,2.028355438516));
#9448 = CARTESIAN_POINT('',(1.47004646308,2.02757115739));
#9449 = CARTESIAN_POINT('',(1.510859095079,2.026812693755));
#9450 = CARTESIAN_POINT('',(1.551665628735,2.026081305939));
#9451 = CARTESIAN_POINT('',(1.592465475167,2.025378209048));
#9452 = CARTESIAN_POINT('',(1.633258386123,2.024704563123));
#9453 = CARTESIAN_POINT('',(1.674044218059,2.024061475828));
#9454 = CARTESIAN_POINT('',(1.714822851579,2.023450001872));
#9455 = CARTESIAN_POINT('',(1.755594248073,2.022871140975));
#9456 = CARTESIAN_POINT('',(1.796357812808,2.022325844913));
#9457 = CARTESIAN_POINT('',(1.837114415437,2.021814989701));
#9458 = CARTESIAN_POINT('',(1.877864818301,2.021339397011));
#9459 = CARTESIAN_POINT('',(1.91860808424,2.020899849929));
#9460 = CARTESIAN_POINT('',(1.95934429606,2.020497057637));
#9461 = CARTESIAN_POINT('',(2.000073707442,2.020131666849));
#9462 = CARTESIAN_POINT('',(2.040796859163,2.019804260348));
#9463 = CARTESIAN_POINT('',(2.08151444714,2.01951535854));
#9464 = CARTESIAN_POINT('',(2.122227263518,2.019265419774));
#9465 = CARTESIAN_POINT('',(2.162936124879,2.019054840559));
#9466 = CARTESIAN_POINT('',(2.203641794818,2.018883955374));
#9467 = CARTESIAN_POINT('',(2.244344942138,2.018753036173));
#9468 = CARTESIAN_POINT('',(2.285045946919,2.018662291488));
#9469 = CARTESIAN_POINT('',(2.325745249131,2.018611865392));
#9470 = CARTESIAN_POINT('',(2.366441634797,2.018601835392));
#9471 = CARTESIAN_POINT('',(2.407138354104,2.018632212729));
#9472 = CARTESIAN_POINT('',(2.44783714416,2.018702952925));
#9473 = CARTESIAN_POINT('',(2.48853776539,2.018813944364));
#9474 = CARTESIAN_POINT('',(2.529240846401,2.018965011105));
#9475 = CARTESIAN_POINT('',(2.569947013142,2.01915591352));
#9476 = CARTESIAN_POINT('',(2.610657022759,2.019386349067));
#9477 = CARTESIAN_POINT('',(2.651371630468,2.019655952553));
#9478 = CARTESIAN_POINT('',(2.692091541055,2.019964296208));
#9479 = CARTESIAN_POINT('',(2.732817294875,2.020310888898));
#9480 = CARTESIAN_POINT('',(2.773549321607,2.020695176838));
#9481 = CARTESIAN_POINT('',(2.814287363476,2.021116537066));
#9482 = CARTESIAN_POINT('',(2.855032293492,2.02157429713));
#9483 = CARTESIAN_POINT('',(2.895784548803,2.022067720981));
#9484 = CARTESIAN_POINT('',(2.936544074603,2.022596007988));
#9485 = CARTESIAN_POINT('',(2.977311021157,2.023158301577));
#9486 = CARTESIAN_POINT('',(3.018085404752,2.023753686084));
#9487 = CARTESIAN_POINT('',(3.05886729201,2.024381190919));
#9488 = CARTESIAN_POINT('',(3.099655910779,2.025039777231));
#9489 = CARTESIAN_POINT('',(3.140453046801,2.025728395818));
#9490 = CARTESIAN_POINT('',(3.181257537046,2.026445898918));
#9491 = CARTESIAN_POINT('',(3.222068376022,2.027191088698));
#9492 = CARTESIAN_POINT('',(3.26288494412,2.02796272513));
#9493 = CARTESIAN_POINT('',(3.303706823191,2.028759525632));
#9494 = CARTESIAN_POINT('',(3.344533732288,2.029580166636));
#9495 = CARTESIAN_POINT('',(3.385365439475,2.030423284414));
#9496 = CARTESIAN_POINT('',(3.426201677135,2.031287475691));
#9497 = CARTESIAN_POINT('',(3.467042078317,2.032171298568));
#9498 = CARTESIAN_POINT('',(3.507886019353,2.033073271152));
#9499 = CARTESIAN_POINT('',(3.548732793215,2.033991877781));
#9500 = CARTESIAN_POINT('',(3.589580514067,2.034925545896));
#9501 = CARTESIAN_POINT('',(3.630429982258,2.035872737713));
#9502 = CARTESIAN_POINT('',(3.671281080862,2.036831871848));
#9503 = CARTESIAN_POINT('',(3.712133021844,2.037801330691));
#9504 = CARTESIAN_POINT('',(3.752985445981,2.038779488693));
#9505 = CARTESIAN_POINT('',(3.793838022185,2.039764705975));
#9506 = CARTESIAN_POINT('',(3.834690429282,2.040755330777));
#9507 = CARTESIAN_POINT('',(3.875542305386,2.04174970122));
#9508 = CARTESIAN_POINT('',(3.916392951826,2.042746140979));
#9509 = CARTESIAN_POINT('',(3.957242340375,2.043742986626));
#9510 = CARTESIAN_POINT('',(3.998090168251,2.044738567644));
#9511 = CARTESIAN_POINT('',(4.038936228164,2.045731218244));
#9512 = CARTESIAN_POINT('',(4.07978021431,2.046719275579));
#9513 = CARTESIAN_POINT('',(4.120622179883,2.047701093529));
#9514 = CARTESIAN_POINT('',(4.161461689756,2.048675025264));
#9515 = CARTESIAN_POINT('',(4.202298556,2.049639443602));
#9516 = CARTESIAN_POINT('',(4.243132701561,2.050592740437));
#9517 = CARTESIAN_POINT('',(4.283964071685,2.051533327399));
#9518 = CARTESIAN_POINT('',(4.32479262161,2.052459638171));
#9519 = CARTESIAN_POINT('',(4.365617953635,2.053370122962));
#9520 = CARTESIAN_POINT('',(4.406440480071,2.054263276852));
#9521 = CARTESIAN_POINT('',(4.447259971506,2.055137610554));
#9522 = CARTESIAN_POINT('',(4.488076314836,2.055991669085));
#9523 = CARTESIAN_POINT('',(4.528889563793,2.056824035294));
#9524 = CARTESIAN_POINT('',(4.569699820544,2.057633329636));
#9525 = CARTESIAN_POINT('',(4.610507173114,2.058418211209));
#9526 = CARTESIAN_POINT('',(4.651311575793,2.059177377481));
#9527 = CARTESIAN_POINT('',(4.692112909237,2.059909567987));
#9528 = CARTESIAN_POINT('',(4.7329136284,2.060613611285));
#9529 = CARTESIAN_POINT('',(4.773712036292,2.061288308629));
#9530 = CARTESIAN_POINT('',(4.814507771033,2.061932536642));
#9531 = CARTESIAN_POINT('',(4.855300596564,2.062545225548));
#9532 = CARTESIAN_POINT('',(4.896090607119,2.063125363894));
#9533 = CARTESIAN_POINT('',(4.936878064345,2.06367199656));
#9534 = CARTESIAN_POINT('',(4.977663342204,2.064184224964));
#9535 = CARTESIAN_POINT('',(5.018446846067,2.064661207046));
#9536 = CARTESIAN_POINT('',(5.059228949961,2.065102157749));
#9537 = CARTESIAN_POINT('',(5.100009893835,2.06550634959));
#9538 = CARTESIAN_POINT('',(5.140789813412,2.06587311418));
#9539 = CARTESIAN_POINT('',(5.181568254691,2.066201841698));
#9540 = CARTESIAN_POINT('',(5.222345577266,2.066491989458));
#9541 = CARTESIAN_POINT('',(5.263117263823,2.066743057948));
#9542 = CARTESIAN_POINT('',(5.3039042182,2.06695474407));
#9543 = CARTESIAN_POINT('',(5.344700307862,2.067126622013));
#9544 = CARTESIAN_POINT('',(5.385501778412,2.06725837086));
#9545 = CARTESIAN_POINT('',(5.426305578773,2.067349749575));
#9546 = CARTESIAN_POINT('',(5.467109595848,2.067400597857));
#9547 = CARTESIAN_POINT('',(5.507912408223,2.067410830885));
#9548 = CARTESIAN_POINT('',(5.548713194149,2.067380436458));
#9549 = CARTESIAN_POINT('',(5.589511618874,2.067309472158));
#9550 = CARTESIAN_POINT('',(5.630307744057,2.067198063106));
#9551 = CARTESIAN_POINT('',(5.671101944235,2.067046400104));
#9552 = CARTESIAN_POINT('',(5.711894831312,2.06685473816));
#9553 = CARTESIAN_POINT('',(5.752687184217,2.066623395359));
#9554 = CARTESIAN_POINT('',(5.793479882317,2.066352752039));
#9555 = CARTESIAN_POINT('',(5.834273841062,2.066043250282));
#9556 = CARTESIAN_POINT('',(5.875069948577,2.065695393668));
#9557 = CARTESIAN_POINT('',(5.915869001968,2.065309747316));
#9558 = CARTESIAN_POINT('',(5.95667164202,2.064886938195));
#9559 = CARTESIAN_POINT('',(5.997478284979,2.064427655707));
#9560 = CARTESIAN_POINT('',(6.038289049507,2.063932652582));
#9561 = CARTESIAN_POINT('',(6.079103678087,2.063402746015));
#9562 = CARTESIAN_POINT('',(6.119921446324,2.06283881938));
#9563 = CARTESIAN_POINT('',(6.160741073683,2.062241823396));
#9564 = CARTESIAN_POINT('',(6.201560572448,2.061612781104));
#9565 = CARTESIAN_POINT('',(6.242377255926,2.060952780576));
#9566 = CARTESIAN_POINT('',(6.269583794831,2.060492937235));
#9567 = CARTESIAN_POINT('',(6.28318530718,2.060258248745));
#9568 = ( GEOMETRIC_REPRESENTATION_CONTEXT(2) 
PARAMETRIC_REPRESENTATION_CONTEXT() REPRESENTATION_CONTEXT('2D SPACE',''
  ) );
#9569 = FACE_BOUND('',#9570,.F.);
#9570 = EDGE_LOOP('',(#9571));
#9571 = ORIENTED_EDGE('',*,*,#9572,.T.);
#9572 = EDGE_CURVE('',#9573,#9573,#9575,.T.);
#9573 = VERTEX_POINT('',#9574);
#9574 = CARTESIAN_POINT('',(9.7,8.,-196.6397417512));
#9575 = SURFACE_CURVE('',#9576,(#9684,#9845),.PCURVE_S1.);
#9576 = B_SPLINE_CURVE_WITH_KNOTS('',8,(#9577,#9578,#9579,#9580,#9581,
    #9582,#9583,#9584,#9585,#9586,#9587,#9588,#9589,#9590,#9591,#9592,
    #9593,#9594,#9595,#9596,#9597,#9598,#9599,#9600,#9601,#9602,#9603,
    #9604,#9605,#9606,#9607,#9608,#9609,#9610,#9611,#9612,#9613,#9614,
    #9615,#9616,#9617,#9618,#9619,#9620,#9621,#9622,#9623,#9624,#9625,
    #9626,#9627,#9628,#9629,#9630,#9631,#9632,#9633,#9634,#9635,#9636,
    #9637,#9638,#9639,#9640,#9641,#9642,#9643,#9644,#9645,#9646,#9647,
    #9648,#9649,#9650,#9651,#9652,#9653,#9654,#9655,#9656,#9657,#9658,
    #9659,#9660,#9661,#9662,#9663,#9664,#9665,#9666,#9667,#9668,#9669,
    #9670,#9671,#9672,#9673,#9674,#9675,#9676,#9677,#9678,#9679,#9680,
    #9681,#9682,#9683),.UNSPECIFIED.,.T.,.F.,(9,7,7,7,7,7,7,7,7,7,7,7,7,
    7,7,9),(0.,0.114761375981,0.349130167016,0.414759396126,
    0.476252047107,0.510956142873,0.580318090285,0.650967515929,
    0.722627546351,0.84379323266,0.939860642419,1.052060642913,
    1.105790125919,1.19417925184,1.244256691835,1.34811209057),
  .UNSPECIFIED.);
#9577 = CARTESIAN_POINT('',(9.7,8.,-196.6397417512));
#9578 = CARTESIAN_POINT('',(9.7,8.113637767667,-196.63858838));
#9579 = CARTESIAN_POINT('',(9.691318599479,8.227272109324,
    -196.6375231481));
#9580 = CARTESIAN_POINT('',(9.673956881369,8.340113370125,
    -196.6365540612));
#9581 = CARTESIAN_POINT('',(9.648004866648,8.451389979459,
    -196.6356880388));
#9582 = CARTESIAN_POINT('',(9.613631323338,8.560349173282,
    -196.6349310104));
#9583 = CARTESIAN_POINT('',(9.571079711522,8.666259303896,
    -196.6342879325));
#9584 = CARTESIAN_POINT('',(9.520670264382,8.768413737168,
    -196.6337627286));
#9585 = CARTESIAN_POINT('',(9.344640740582,9.065708078397,
    -196.6325319064));
#9586 = CARTESIAN_POINT('',(9.195133456102,9.247229918426,
    -196.6322069588));
#9587 = CARTESIAN_POINT('',(9.017795577684,9.404316154219,
    -196.6324125109));
#9588 = CARTESIAN_POINT('',(8.817493280196,9.532268182299,
    -196.6331468637));
#9589 = CARTESIAN_POINT('',(8.599668279132,9.627402060263,
    -196.6343921686));
#9590 = CARTESIAN_POINT('',(8.370405738479,9.687236719861,
    -196.6361118295));
#9591 = CARTESIAN_POINT('',(8.136301283644,9.71035415223,-196.6382532759
    ));
#9592 = CARTESIAN_POINT('',(7.839624080552,9.693666218355,
    -196.6414337721));
#9593 = CARTESIAN_POINT('',(7.774875264324,9.687178786171,
    -196.6421567808));
#9594 = CARTESIAN_POINT('',(7.710425913606,9.677862157019,
    -196.6429054618));
#9595 = CARTESIAN_POINT('',(7.646420252145,9.665732549037,
    -196.6436781864));
#9596 = CARTESIAN_POINT('',(7.583000995965,9.650814896091,
    -196.6444732525));
#9597 = CARTESIAN_POINT('',(7.520309154852,9.633142835703,
    -196.6452888873));
#9598 = CARTESIAN_POINT('',(7.458483833852,9.612758696978,
    -196.6461232491));
#9599 = CARTESIAN_POINT('',(7.340673803838,9.568120808279,
    -196.6477719603));
#9600 = CARTESIAN_POINT('',(7.28456550032,9.544191539037,-196.6485842713
    ));
#9601 = CARTESIAN_POINT('',(7.229449732477,9.517967695401,
    -196.6494097931));
#9602 = CARTESIAN_POINT('',(7.175436142762,9.489497481529,
    -196.6502469232));
#9603 = CARTESIAN_POINT('',(7.122631270038,9.458835245632,
    -196.6510940288));
#9604 = CARTESIAN_POINT('',(7.071138411801,9.42604143447,-196.6519494478
    ));
#9605 = CARTESIAN_POINT('',(7.021057486408,9.391182547837,
    -196.6528114912));
#9606 = CARTESIAN_POINT('',(6.945072386225,9.333533544156,
    -196.6541677199));
#9607 = CARTESIAN_POINT('',(6.918140116696,9.312101238119,
    -196.6546585619));
#9608 = CARTESIAN_POINT('',(6.891705351973,9.290047168488,
    -196.6551506637));
#9609 = CARTESIAN_POINT('',(6.865784893895,9.267384862281,
    -196.6556437173));
#9610 = CARTESIAN_POINT('',(6.840395080877,9.244128379994,
    -196.6561374142));
#9611 = CARTESIAN_POINT('',(6.815551787918,9.220292315597,
    -196.6566314452));
#9612 = CARTESIAN_POINT('',(6.791270426595,9.195891796539,
    -196.6571255005));
#9613 = CARTESIAN_POINT('',(6.72018856885,9.121077103768,-196.6586061489
    ));
#9614 = CARTESIAN_POINT('',(6.675114858468,9.069018562331,
    -196.6595919014));
#9615 = CARTESIAN_POINT('',(6.632464775033,9.014892712133,
    -196.6605740321));
#9616 = CARTESIAN_POINT('',(6.592349268931,8.958832293138,-196.661550068
    ));
#9617 = CARTESIAN_POINT('',(6.554870098505,8.90097671701,-196.6625175617
    ));
#9618 = CARTESIAN_POINT('',(6.520119648738,8.841471851555,
    -196.6634740957));
#9619 = CARTESIAN_POINT('',(6.488180749931,8.780469805157,
    -196.6644172858));
#9620 = CARTESIAN_POINT('',(6.429532945438,8.654630458288,
    -196.6662895019));
#9621 = CARTESIAN_POINT('',(6.402931203603,8.589741004345,
    -196.6672179695));
#9622 = CARTESIAN_POINT('',(6.379398428914,8.523627639039,
    -196.6681277081));
#9623 = CARTESIAN_POINT('',(6.35899999291,8.456461382435,-196.6690163193
    ));
#9624 = CARTESIAN_POINT('',(6.341789430555,8.388416670807,
    -196.6698814899));
#9625 = CARTESIAN_POINT('',(6.327808390146,8.319671042441,
    -196.6707209961));
#9626 = CARTESIAN_POINT('',(6.317086583221,8.250404823434,-196.671532707
    ));
#9627 = CARTESIAN_POINT('',(6.302090390875,8.110201152921,
    -196.6731076534));
#9628 = CARTESIAN_POINT('',(6.297910172898,8.039251597389,
    -196.6738700562));
#9629 = CARTESIAN_POINT('',(6.297119415518,7.968142860479,
    -196.6745996754));
#9630 = CARTESIAN_POINT('',(6.299723433916,7.897064967963,
    -196.6752945292));
#9631 = CARTESIAN_POINT('',(6.305714689065,7.826206941077,
    -196.6759527766));
#9632 = CARTESIAN_POINT('',(6.315072953306,7.755756479799,
    -196.6765727185));
#9633 = CARTESIAN_POINT('',(6.327765475942,7.685899646122,
    -196.6771527998));
#9634 = CARTESIAN_POINT('',(6.370769609602,7.500018804934,
    -196.6786026529));
#9635 = CARTESIAN_POINT('',(6.407198587056,7.385426547505,
    -196.6793958164));
#9636 = CARTESIAN_POINT('',(6.452816236856,7.27394368471,-196.6800641817
    ));
#9637 = CARTESIAN_POINT('',(6.507304082693,7.166419899591,
    -196.6806023601));
#9638 = CARTESIAN_POINT('',(6.570257442903,7.063657802108,
    -196.6810063154));
#9639 = CARTESIAN_POINT('',(6.641192061216,6.966412198385,
    -196.6812733033));
#9640 = CARTESIAN_POINT('',(6.719542941617,6.875385475668,-196.68140193)
  );
#9641 = CARTESIAN_POINT('',(6.872137629577,6.724486964093,
    -196.6813847183));
#9642 = CARTESIAN_POINT('',(6.943882323085,6.662055576392,
    -196.6812902125));
#9643 = CARTESIAN_POINT('',(7.01956833418,6.604244560167,-196.6811088279
    ));
#9644 = CARTESIAN_POINT('',(7.098850309146,6.551339917142,
    -196.6808411665));
#9645 = CARTESIAN_POINT('',(7.181361090826,6.503596154655,-196.680488371
    ));
#9646 = CARTESIAN_POINT('',(7.266713038646,6.461236491039,
    -196.6800521092));
#9647 = CARTESIAN_POINT('',(7.354498252038,6.424451142231,
    -196.6795345892));
#9648 = CARTESIAN_POINT('',(7.549155475269,6.357120761997,
    -196.6782425378));
#9649 = CARTESIAN_POINT('',(7.656763531714,6.328658926466,
    -196.6774393973));
#9650 = CARTESIAN_POINT('',(7.766432467998,6.308252559445,
    -196.6765335966));
#9651 = CARTESIAN_POINT('',(7.877461629459,6.29607517324,-196.6755304832
    ));
#9652 = CARTESIAN_POINT('',(7.989135213827,6.292226862871,
    -196.6744363031));
#9653 = CARTESIAN_POINT('',(8.100703446438,6.296734605846,
    -196.6732583891));
#9654 = CARTESIAN_POINT('',(8.211450231452,6.309540527274,
    -196.6720045932));
#9655 = CARTESIAN_POINT('',(8.372948966604,6.34055893795,-196.67005094)
  );
#9656 = CARTESIAN_POINT('',(8.424889532455,6.352476189306,
    -196.6694029121));
#9657 = CARTESIAN_POINT('',(8.47639700552,6.366252081266,-196.6687404153
    ));
#9658 = CARTESIAN_POINT('',(8.527393188071,6.381868129914,
    -196.6680644306));
#9659 = CARTESIAN_POINT('',(8.57780110709,6.399301926818,-196.6673759662
    ));
#9660 = CARTESIAN_POINT('',(8.627545014272,6.418527139031,-196.666676058
    ));
#9661 = CARTESIAN_POINT('',(8.676550386019,6.439513509091,-196.665965769
    ));
#9662 = CARTESIAN_POINT('',(8.804025993737,6.499592053434,
    -196.6640624274));
#9663 = CARTESIAN_POINT('',(8.881115192868,6.541632807366,
    -196.6628534617));
#9664 = CARTESIAN_POINT('',(8.955682545329,6.58819624658,-196.6616241823
    ));
#9665 = CARTESIAN_POINT('',(9.027417149257,6.63910292605,-196.660379565)
  );
#9666 = CARTESIAN_POINT('',(9.096025547019,6.694149212422,
    -196.6591246539));
#9667 = CARTESIAN_POINT('',(9.161231948477,6.75310851426,-196.6578645475
    ));
#9668 = CARTESIAN_POINT('',(9.22277930696,6.815731356062,-196.6566043862
    ));
#9669 = CARTESIAN_POINT('',(9.313094333824,6.919144360929,
    -196.6546382916));
#9670 = CARTESIAN_POINT('',(9.344507920962,6.957633643082,-196.653928863
    ));
#9671 = CARTESIAN_POINT('',(9.374629331234,6.997162897203,-196.653221991
    ));
#9672 = CARTESIAN_POINT('',(9.403418428526,7.037681195287,
    -196.6525185998));
#9673 = CARTESIAN_POINT('',(9.430837618705,7.07913592665,-196.6518196051
    ));
#9674 = CARTESIAN_POINT('',(9.456851849616,7.121472797933,
    -196.6511259136));
#9675 = CARTESIAN_POINT('',(9.481428611083,7.164635833096,
    -196.6504384235));
#9676 = CARTESIAN_POINT('',(9.55246426743,7.299676815887,-196.6483469467
    ));
#9677 = CARTESIAN_POINT('',(9.59408284833,7.394098757384,-196.6469662566
    ));
#9678 = CARTESIAN_POINT('',(9.629121633859,7.49131327236,-196.6456239925
    ));
#9679 = CARTESIAN_POINT('',(9.657366945864,7.590782764599,
    -196.6443277801));
#9680 = CARTESIAN_POINT('',(9.678658461747,7.691955268774,
    -196.6430848501));
#9681 = CARTESIAN_POINT('',(9.692887699813,7.794266859299,
    -196.6419020284));
#9682 = CARTESIAN_POINT('',(9.7,7.897143166487,-196.6407857008));
#9683 = CARTESIAN_POINT('',(9.7,8.,-196.6397417512));
#9684 = PCURVE('',#7959,#9685);
#9685 = DEFINITIONAL_REPRESENTATION('',(#9686),#9844);
#9686 = B_SPLINE_CURVE_WITH_KNOTS('',3,(#9687,#9688,#9689,#9690,#9691,
    #9692,#9693,#9694,#9695,#9696,#9697,#9698,#9699,#9700,#9701,#9702,
    #9703,#9704,#9705,#9706,#9707,#9708,#9709,#9710,#9711,#9712,#9713,
    #9714,#9715,#9716,#9717,#9718,#9719,#9720,#9721,#9722,#9723,#9724,
    #9725,#9726,#9727,#9728,#9729,#9730,#9731,#9732,#9733,#9734,#9735,
    #9736,#9737,#9738,#9739,#9740,#9741,#9742,#9743,#9744,#9745,#9746,
    #9747,#9748,#9749,#9750,#9751,#9752,#9753,#9754,#9755,#9756,#9757,
    #9758,#9759,#9760,#9761,#9762,#9763,#9764,#9765,#9766,#9767,#9768,
    #9769,#9770,#9771,#9772,#9773,#9774,#9775,#9776,#9777,#9778,#9779,
    #9780,#9781,#9782,#9783,#9784,#9785,#9786,#9787,#9788,#9789,#9790,
    #9791,#9792,#9793,#9794,#9795,#9796,#9797,#9798,#9799,#9800,#9801,
    #9802,#9803,#9804,#9805,#9806,#9807,#9808,#9809,#9810,#9811,#9812,
    #9813,#9814,#9815,#9816,#9817,#9818,#9819,#9820,#9821,#9822,#9823,
    #9824,#9825,#9826,#9827,#9828,#9829,#9830,#9831,#9832,#9833,#9834,
    #9835,#9836,#9837,#9838,#9839,#9840,#9841,#9842,#9843),
  .UNSPECIFIED.,.T.,.F.,(4,1,1,1,1,1,1,1,1,1,1,1,1,1,1,1,1,1,1,1,1,1,1,1
    ,1,1,1,1,1,1,1,1,1,1,1,1,1,1,1,1,1,1,1,1,1,1,1,1,1,1,1,1,1,1,1,1,1,1
    ,1,1,1,1,1,1,1,1,1,1,1,1,1,1,1,1,1,1,1,1,1,1,1,1,1,1,1,1,1,1,1,1,1,1
    ,1,1,1,1,1,1,1,1,1,1,1,1,1,1,1,1,1,1,1,1,1,1,1,1,1,1,1,1,1,1,1,1,1,1
    ,1,1,1,1,1,1,1,1,1,1,1,1,1,1,1,1,1,1,1,1,1,1,1,1,1,1,1,1,4),(0.,
    8.753974614092E-03,1.750794922818E-02,2.626192384228E-02,
    3.501589845637E-02,4.376987307046E-02,5.252384768455E-02,
    6.127782229864E-02,7.003179691274E-02,7.878577152683E-02,
    8.753974614092E-02,9.629372075501E-02,0.105047695369,0.113801669983,
    0.122555644597,0.131309619211,0.140063593825,0.14881756844,
    0.157571543054,0.166325517668,0.175079492282,0.183833466896,
    0.19258744151,0.201341416124,0.210095390738,0.218849365352,
    0.227603339966,0.23635731458,0.245111289195,0.253865263809,
    0.262619238423,0.271373213037,0.280127187651,0.288881162265,
    0.297635136879,0.306389111493,0.315143086107,0.323897060721,
    0.332651035335,0.34140500995,0.350158984564,0.358912959178,
    0.367666933792,0.376420908406,0.38517488302,0.393928857634,
    0.402682832248,0.411436806862,0.420190781476,0.428944756091,
    0.437698730705,0.446452705319,0.455206679933,0.463960654547,
    0.472714629161,0.481468603775,0.490222578389,0.498976553003,
    0.507730527617,0.516484502231,0.525238476846,0.53399245146,
    0.542746426074,0.551500400688,0.560254375302,0.569008349916,
    0.57776232453,0.586516299144,0.595270273758,0.604024248372,
    0.612778222986,0.621532197601,0.630286172215,0.639040146829,
    0.647794121443,0.656548096057,0.665302070671,0.674056045285,
    0.682810019899,0.691563994513,0.700317969127,0.709071943741,
    0.717825918356,0.72657989297,0.735333867584,0.744087842198,
    0.752841816812,0.761595791426,0.77034976604,0.779103740654,
    0.787857715268,0.796611689882,0.805365664496,0.814119639111,
    0.822873613725,0.831627588339,0.840381562953,0.849135537567,
    0.857889512181,0.866643486795,0.875397461409,0.884151436023,
    0.892905410637,0.901659385251,0.910413359866,0.91916733448,
    0.927921309094,0.936675283708,0.945429258322,0.954183232936,
    0.96293720755,0.971691182164,0.980445156778,0.989199131392,
    0.997953106006,1.006707080621,1.015461055235,1.024215029849,
    1.032969004463,1.041722979077,1.050476953691,1.059230928305,
    1.067984902919,1.076738877533,1.085492852147,1.094246826762,
    1.103000801376,1.11175477599,1.120508750604,1.129262725218,
    1.138016699832,1.146770674446,1.15552464906,1.164278623674,
    1.173032598288,1.181786572902,1.190540547517,1.199294522131,
    1.208048496745,1.216802471359,1.225556445973,1.234310420587,
    1.243064395201,1.251818369815,1.260572344429,1.269326319043,
    1.278080293657,1.286834268272,1.295588242886,1.3043422175,
    1.313096192114,1.321850166728,1.330604141342,1.339358115956,
    1.34811209057),.QUASI_UNIFORM_KNOTS.);
#9687 = CARTESIAN_POINT('',(3.831239324091,4.744315175696));
#9688 = CARTESIAN_POINT('',(3.832657631707,4.744352534225));
#9689 = CARTESIAN_POINT('',(3.83553195897,4.74442559304));
#9690 = CARTESIAN_POINT('',(3.839950358569,4.744530082966));
#9691 = CARTESIAN_POINT('',(3.844469407805,4.744629347726));
#9692 = CARTESIAN_POINT('',(3.849082958471,4.744723272024));
#9693 = CARTESIAN_POINT('',(3.853784927198,4.744811747559));
#9694 = CARTESIAN_POINT('',(3.858569298564,4.744894673742));
#9695 = CARTESIAN_POINT('',(3.863430113373,4.744971957092));
#9696 = CARTESIAN_POINT('',(3.868361460339,4.745043511075));
#9697 = CARTESIAN_POINT('',(3.873357462166,4.74510925588));
#9698 = CARTESIAN_POINT('',(3.878412273768,4.745169118401));
#9699 = CARTESIAN_POINT('',(3.883520030447,4.745223031896));
#9700 = CARTESIAN_POINT('',(3.888674976809,4.745270937101));
#9701 = CARTESIAN_POINT('',(3.893870915145,4.745312778222));
#9702 = CARTESIAN_POINT('',(3.899103187243,4.745348518354));
#9703 = CARTESIAN_POINT('',(3.904367803445,4.74537812387));
#9704 = CARTESIAN_POINT('',(3.909657727451,4.745401548248));
#9705 = CARTESIAN_POINT('',(3.91496690848,4.745418761622));
#9706 = CARTESIAN_POINT('',(3.920289204667,4.74542974191));
#9707 = CARTESIAN_POINT('',(3.925618647874,4.745434476199));
#9708 = CARTESIAN_POINT('',(3.930949350328,4.745432959539));
#9709 = CARTESIAN_POINT('',(3.936275508313,4.745425194583));
#9710 = CARTESIAN_POINT('',(3.941591380807,4.745411191118));
#9711 = CARTESIAN_POINT('',(3.946891275671,4.745390965752));
#9712 = CARTESIAN_POINT('',(3.952169534552,4.745364541666));
#9713 = CARTESIAN_POINT('',(3.957420518815,4.745331948438));
#9714 = CARTESIAN_POINT('',(3.962638595839,4.745293221945));
#9715 = CARTESIAN_POINT('',(3.967818125832,4.745248404324));
#9716 = CARTESIAN_POINT('',(3.972953449142,4.745197543994));
#9717 = CARTESIAN_POINT('',(3.978038874078,4.745140695741));
#9718 = CARTESIAN_POINT('',(3.9830686653,4.745077920857));
#9719 = CARTESIAN_POINT('',(3.98803703283,4.745009287338));
#9720 = CARTESIAN_POINT('',(3.992938121738,4.744934870147));
#9721 = CARTESIAN_POINT('',(3.997766002696,4.744854751527));
#9722 = CARTESIAN_POINT('',(4.002514663134,4.744769021402));
#9723 = CARTESIAN_POINT('',(4.007178000497,4.744677777814));
#9724 = CARTESIAN_POINT('',(4.011749812674,4.744581127548));
#9725 = CARTESIAN_POINT('',(4.016223804699,4.744479186422));
#9726 = CARTESIAN_POINT('',(4.020593541214,4.744372081296));
#9727 = CARTESIAN_POINT('',(4.024852608863,4.744259946065));
#9728 = CARTESIAN_POINT('',(4.028994003683,4.744142940673));
#9729 = CARTESIAN_POINT('',(4.033012491419,4.74402118267));
#9730 = CARTESIAN_POINT('',(4.036902418938,4.743894800195));
#9731 = CARTESIAN_POINT('',(4.040657237364,4.743763953947));
#9732 = CARTESIAN_POINT('',(4.044270608697,4.743628804626));
#9733 = CARTESIAN_POINT('',(4.047736105553,4.743489522018));
#9734 = CARTESIAN_POINT('',(4.051047288869,4.74334628293));
#9735 = CARTESIAN_POINT('',(4.054197686788,4.743199272095));
#9736 = CARTESIAN_POINT('',(4.057180797628,4.743048682381));
#9737 = CARTESIAN_POINT('',(4.059990172728,4.742894711507));
#9738 = CARTESIAN_POINT('',(4.062619311761,4.742737567555));
#9739 = CARTESIAN_POINT('',(4.065061754751,4.742577464783));
#9740 = CARTESIAN_POINT('',(4.06731107363,4.742414624779));
#9741 = CARTESIAN_POINT('',(4.069360886146,4.742249276533));
#9742 = CARTESIAN_POINT('',(4.071204867534,4.742081656689));
#9743 = CARTESIAN_POINT('',(4.072836760776,4.741912010107));
#9744 = CARTESIAN_POINT('',(4.074250433233,4.741740586798));
#9745 = CARTESIAN_POINT('',(4.075439858764,4.741567645116));
#9746 = CARTESIAN_POINT('',(4.076399162804,4.741393449893));
#9747 = CARTESIAN_POINT('',(4.0771226397,4.741218272897));
#9748 = CARTESIAN_POINT('',(4.077604788143,4.741042391102));
#9749 = CARTESIAN_POINT('',(4.077840332416,4.740866090966));
#9750 = CARTESIAN_POINT('',(4.077824264754,4.740689663253));
#9751 = CARTESIAN_POINT('',(4.077551877055,4.740513404173));
#9752 = CARTESIAN_POINT('',(4.077018798352,4.740337615117));
#9753 = CARTESIAN_POINT('',(4.076221033743,4.740162602654));
#9754 = CARTESIAN_POINT('',(4.075155008556,4.739988678625));
#9755 = CARTESIAN_POINT('',(4.0738176068,4.739816159323));
#9756 = CARTESIAN_POINT('',(4.072206192738,4.739645360765));
#9757 = CARTESIAN_POINT('',(4.070318716197,4.739476606664));
#9758 = CARTESIAN_POINT('',(4.068153700868,4.73931022072));
#9759 = CARTESIAN_POINT('',(4.065710306363,4.73914652795));
#9760 = CARTESIAN_POINT('',(4.062988374384,4.738985853825));
#9761 = CARTESIAN_POINT('',(4.059988479908,4.738828523925));
#9762 = CARTESIAN_POINT('',(4.056711981646,4.73867486335));
#9763 = CARTESIAN_POINT('',(4.053161070942,4.738525196125));
#9764 = CARTESIAN_POINT('',(4.049338699793,4.738379839087));
#9765 = CARTESIAN_POINT('',(4.045248818474,4.738239109649));
#9766 = CARTESIAN_POINT('',(4.040896250407,4.738103318298));
#9767 = CARTESIAN_POINT('',(4.036286759413,4.737972769179));
#9768 = CARTESIAN_POINT('',(4.031427069228,4.737847758885));
#9769 = CARTESIAN_POINT('',(4.026324895576,4.737728575757));
#9770 = CARTESIAN_POINT('',(4.020988945057,4.737615498608));
#9771 = CARTESIAN_POINT('',(4.015428999072,4.737508797003));
#9772 = CARTESIAN_POINT('',(4.009655453045,4.73740872184));
#9773 = CARTESIAN_POINT('',(4.003680092733,4.737315519212));
#9774 = CARTESIAN_POINT('',(3.997515555799,4.737229418581));
#9775 = CARTESIAN_POINT('',(3.991175357289,4.73715063349));
#9776 = CARTESIAN_POINT('',(3.984673838897,4.737079360591));
#9777 = CARTESIAN_POINT('',(3.978026129205,4.737015779087));
#9778 = CARTESIAN_POINT('',(3.971248091591,4.736960050036));
#9779 = CARTESIAN_POINT('',(3.96435626634,4.736912315686));
#9780 = CARTESIAN_POINT('',(3.957367805544,4.736872698794));
#9781 = CARTESIAN_POINT('',(3.950300402065,4.736841301965));
#9782 = CARTESIAN_POINT('',(3.943172211936,4.736818207007));
#9783 = CARTESIAN_POINT('',(3.936001775309,4.736803474279));
#9784 = CARTESIAN_POINT('',(3.928807920791,4.736797142227));
#9785 = CARTESIAN_POINT('',(3.921609714071,4.736799226335));
#9786 = CARTESIAN_POINT('',(3.914425290626,4.736809721197));
#9787 = CARTESIAN_POINT('',(3.907273691456,4.736828599884));
#9788 = CARTESIAN_POINT('',(3.900173537128,4.736855813082));
#9789 = CARTESIAN_POINT('',(3.893143172856,4.736891289929));
#9790 = CARTESIAN_POINT('',(3.886200521522,4.736934938452));
#9791 = CARTESIAN_POINT('',(3.879363020199,4.736986646159));
#9792 = CARTESIAN_POINT('',(3.872647540694,4.737046280611));
#9793 = CARTESIAN_POINT('',(3.86607032158,4.737113690017));
#9794 = CARTESIAN_POINT('',(3.859646905663,4.73718870382));
#9795 = CARTESIAN_POINT('',(3.853392083169,4.737271133346));
#9796 = CARTESIAN_POINT('',(3.847319848365,4.737360772172));
#9797 = CARTESIAN_POINT('',(3.841443083042,4.73745740152));
#9798 = CARTESIAN_POINT('',(3.835773962834,4.737560784813));
#9799 = CARTESIAN_POINT('',(3.830323643416,4.737670672774));
#9800 = CARTESIAN_POINT('',(3.825102311391,4.737786803532));
#9801 = CARTESIAN_POINT('',(3.820119166096,4.7379089038));
#9802 = CARTESIAN_POINT('',(3.815382424703,4.738036689877));
#9803 = CARTESIAN_POINT('',(3.810899324516,4.738169868822));
#9804 = CARTESIAN_POINT('',(3.80667612963,4.738308139701));
#9805 = CARTESIAN_POINT('',(3.802718141907,4.738451194899));
#9806 = CARTESIAN_POINT('',(3.799029718367,4.738598721406));
#9807 = CARTESIAN_POINT('',(3.795614301996,4.738750401931));
#9808 = CARTESIAN_POINT('',(3.792474456862,4.738905915972));
#9809 = CARTESIAN_POINT('',(3.789611963324,4.739064939575));
#9810 = CARTESIAN_POINT('',(3.787027821986,4.739227145892));
#9811 = CARTESIAN_POINT('',(3.784722225332,4.739392209353));
#9812 = CARTESIAN_POINT('',(3.782694672861,4.739559804592));
#9813 = CARTESIAN_POINT('',(3.780943999122,4.739729607478));
#9814 = CARTESIAN_POINT('',(3.779468430826,4.739901295055));
#9815 = CARTESIAN_POINT('',(3.778265627041,4.740074546712));
#9816 = CARTESIAN_POINT('',(3.777332699391,4.740249049011));
#9817 = CARTESIAN_POINT('',(3.776666325072,4.740424484917));
#9818 = CARTESIAN_POINT('',(3.776262712334,4.740600544821));
#9819 = CARTESIAN_POINT('',(3.776117672411,4.740776924253));
#9820 = CARTESIAN_POINT('',(3.776226660243,4.740953324568));
#9821 = CARTESIAN_POINT('',(3.776584816542,4.74112945277));
#9822 = CARTESIAN_POINT('',(3.777187002903,4.741305021538));
#9823 = CARTESIAN_POINT('',(3.778027831313,4.741479749071));
#9824 = CARTESIAN_POINT('',(3.779101691773,4.741653359222));
#9825 = CARTESIAN_POINT('',(3.780402762824,4.741825580475));
#9826 = CARTESIAN_POINT('',(3.781925118349,4.741996155543));
#9827 = CARTESIAN_POINT('',(3.783662662242,4.742164828618));
#9828 = CARTESIAN_POINT('',(3.785609201242,4.742331352561));
#9829 = CARTESIAN_POINT('',(3.787758455569,4.742495487562));
#9830 = CARTESIAN_POINT('',(3.790104056326,4.742656999931));
#9831 = CARTESIAN_POINT('',(3.792639622422,4.742815666001));
#9832 = CARTESIAN_POINT('',(3.795358758878,4.742971270054));
#9833 = CARTESIAN_POINT('',(3.79825493091,4.743123597226));
#9834 = CARTESIAN_POINT('',(3.801321640308,4.743272443686));
#9835 = CARTESIAN_POINT('',(3.804552394125,4.743417613444));
#9836 = CARTESIAN_POINT('',(3.807940722995,4.743558918689));
#9837 = CARTESIAN_POINT('',(3.811480182095,4.743696179226));
#9838 = CARTESIAN_POINT('',(3.815164352899,4.743829222235));
#9839 = CARTESIAN_POINT('',(3.818986841139,4.743957881926));
#9840 = CARTESIAN_POINT('',(3.822941272001,4.74408199954));
#9841 = CARTESIAN_POINT('',(3.827021283742,4.744201422341));
#9842 = CARTESIAN_POINT('',(3.829820770945,4.744277811797));
#9843 = CARTESIAN_POINT('',(3.831239324091,4.744315175696));
#9844 = ( GEOMETRIC_REPRESENTATION_CONTEXT(2) 
PARAMETRIC_REPRESENTATION_CONTEXT() REPRESENTATION_CONTEXT('2D SPACE',''
  ) );
#9845 = PCURVE('',#1613,#9846);
#9846 = DEFINITIONAL_REPRESENTATION('',(#9847),#10005);
#9847 = B_SPLINE_CURVE_WITH_KNOTS('',3,(#9848,#9849,#9850,#9851,#9852,
    #9853,#9854,#9855,#9856,#9857,#9858,#9859,#9860,#9861,#9862,#9863,
    #9864,#9865,#9866,#9867,#9868,#9869,#9870,#9871,#9872,#9873,#9874,
    #9875,#9876,#9877,#9878,#9879,#9880,#9881,#9882,#9883,#9884,#9885,
    #9886,#9887,#9888,#9889,#9890,#9891,#9892,#9893,#9894,#9895,#9896,
    #9897,#9898,#9899,#9900,#9901,#9902,#9903,#9904,#9905,#9906,#9907,
    #9908,#9909,#9910,#9911,#9912,#9913,#9914,#9915,#9916,#9917,#9918,
    #9919,#9920,#9921,#9922,#9923,#9924,#9925,#9926,#9927,#9928,#9929,
    #9930,#9931,#9932,#9933,#9934,#9935,#9936,#9937,#9938,#9939,#9940,
    #9941,#9942,#9943,#9944,#9945,#9946,#9947,#9948,#9949,#9950,#9951,
    #9952,#9953,#9954,#9955,#9956,#9957,#9958,#9959,#9960,#9961,#9962,
    #9963,#9964,#9965,#9966,#9967,#9968,#9969,#9970,#9971,#9972,#9973,
    #9974,#9975,#9976,#9977,#9978,#9979,#9980,#9981,#9982,#9983,#9984,
    #9985,#9986,#9987,#9988,#9989,#9990,#9991,#9992,#9993,#9994,#9995,
    #9996,#9997,#9998,#9999,#10000,#10001,#10002,#10003,#10004),
  .UNSPECIFIED.,.F.,.F.,(4,1,1,1,1,1,1,1,1,1,1,1,1,1,1,1,1,1,1,1,1,1,1,1
    ,1,1,1,1,1,1,1,1,1,1,1,1,1,1,1,1,1,1,1,1,1,1,1,1,1,1,1,1,1,1,1,1,1,1
    ,1,1,1,1,1,1,1,1,1,1,1,1,1,1,1,1,1,1,1,1,1,1,1,1,1,1,1,1,1,1,1,1,1,1
    ,1,1,1,1,1,1,1,1,1,1,1,1,1,1,1,1,1,1,1,1,1,1,1,1,1,1,1,1,1,1,1,1,1,1
    ,1,1,1,1,1,1,1,1,1,1,1,1,1,1,1,1,1,1,1,1,1,1,1,1,1,1,1,1,4),(0.,
    8.753974614092E-03,1.750794922818E-02,2.626192384228E-02,
    3.501589845637E-02,4.376987307046E-02,5.252384768455E-02,
    6.127782229864E-02,7.003179691274E-02,7.878577152683E-02,
    8.753974614092E-02,9.629372075501E-02,0.105047695369,0.113801669983,
    0.122555644597,0.131309619211,0.140063593825,0.14881756844,
    0.157571543054,0.166325517668,0.175079492282,0.183833466896,
    0.19258744151,0.201341416124,0.210095390738,0.218849365352,
    0.227603339966,0.23635731458,0.245111289195,0.253865263809,
    0.262619238423,0.271373213037,0.280127187651,0.288881162265,
    0.297635136879,0.306389111493,0.315143086107,0.323897060721,
    0.332651035335,0.34140500995,0.350158984564,0.358912959178,
    0.367666933792,0.376420908406,0.38517488302,0.393928857634,
    0.402682832248,0.411436806862,0.420190781476,0.428944756091,
    0.437698730705,0.446452705319,0.455206679933,0.463960654547,
    0.472714629161,0.481468603775,0.490222578389,0.498976553003,
    0.507730527617,0.516484502231,0.525238476846,0.53399245146,
    0.542746426074,0.551500400688,0.560254375302,0.569008349916,
    0.57776232453,0.586516299144,0.595270273758,0.604024248372,
    0.612778222986,0.621532197601,0.630286172215,0.639040146829,
    0.647794121443,0.656548096057,0.665302070671,0.674056045285,
    0.682810019899,0.691563994513,0.700317969127,0.709071943741,
    0.717825918356,0.72657989297,0.735333867584,0.744087842198,
    0.752841816812,0.761595791426,0.77034976604,0.779103740654,
    0.787857715268,0.796611689882,0.805365664496,0.814119639111,
    0.822873613725,0.831627588339,0.840381562953,0.849135537567,
    0.857889512181,0.866643486795,0.875397461409,0.884151436023,
    0.892905410637,0.901659385251,0.910413359866,0.91916733448,
    0.927921309094,0.936675283708,0.945429258322,0.954183232936,
    0.96293720755,0.971691182164,0.980445156778,0.989199131392,
    0.997953106006,1.006707080621,1.015461055235,1.024215029849,
    1.032969004463,1.041722979077,1.050476953691,1.059230928305,
    1.067984902919,1.076738877533,1.085492852147,1.094246826762,
    1.103000801376,1.11175477599,1.120508750604,1.129262725218,
    1.138016699832,1.146770674446,1.15552464906,1.164278623674,
    1.173032598288,1.181786572902,1.190540547517,1.199294522131,
    1.208048496745,1.216802471359,1.225556445973,1.234310420587,
    1.243064395201,1.251818369815,1.260572344429,1.269326319043,
    1.278080293657,1.286834268272,1.295588242886,1.3043422175,
    1.313096192114,1.321850166728,1.330604141342,1.339358115956,
    1.34811209057),.QUASI_UNIFORM_KNOTS.);
#9848 = CARTESIAN_POINT('',(-1.15463194561E-14,2.060258248745));
#9849 = CARTESIAN_POINT('',(1.359731815452E-02,2.060492864202));
#9850 = CARTESIAN_POINT('',(4.079158764678E-02,2.06095250292));
#9851 = CARTESIAN_POINT('',(8.158128432156E-02,2.061612087145));
#9852 = CARTESIAN_POINT('',(0.122368511086,2.062240676984));
#9853 = CARTESIAN_POINT('',(0.163153048911,2.062837233358));
#9854 = CARTESIAN_POINT('',(0.203934912727,2.063400769375));
#9855 = CARTESIAN_POINT('',(0.244714324442,2.063930357357));
#9856 = CARTESIAN_POINT('',(0.285491617379,2.064425126535));
#9857 = CARTESIAN_POINT('',(0.326267171631,2.064884263672));
#9858 = CARTESIAN_POINT('',(0.367041318143,2.065307013142));
#9859 = CARTESIAN_POINT('',(0.40781434507,2.065692678147));
#9860 = CARTESIAN_POINT('',(0.44858611837,2.066040619784));
#9861 = CARTESIAN_POINT('',(0.489357119538,2.066350265439));
#9862 = CARTESIAN_POINT('',(0.530124161853,2.066621083886));
#9863 = CARTESIAN_POINT('',(0.570895922802,2.066852686132));
#9864 = CARTESIAN_POINT('',(0.611685820499,2.067044725286));
#9865 = CARTESIAN_POINT('',(0.652483523982,2.067196792034));
#9866 = CARTESIAN_POINT('',(0.693286426004,2.067308606876));
#9867 = CARTESIAN_POINT('',(0.734091186959,2.067379963209));
#9868 = CARTESIAN_POINT('',(0.774895788128,2.067410736704));
#9869 = CARTESIAN_POINT('',(0.815698799685,2.067400877745));
#9870 = CARTESIAN_POINT('',(0.856499420454,2.067350409146));
#9871 = CARTESIAN_POINT('',(0.897297331611,2.067259423119));
#9872 = CARTESIAN_POINT('',(0.938092616838,2.067128079038));
#9873 = CARTESIAN_POINT('',(0.978885677693,2.066956601524));
#9874 = CARTESIAN_POINT('',(1.01967716024,2.066745278922));
#9875 = CARTESIAN_POINT('',(1.06046788609,2.066494462115));
#9876 = CARTESIAN_POINT('',(1.101258787511,2.066204563638));
#9877 = CARTESIAN_POINT('',(1.14205084488,2.065876057089));
#9878 = CARTESIAN_POINT('',(1.182845025317,2.065509476802));
#9879 = CARTESIAN_POINT('',(1.223642221299,2.065105417788));
#9880 = CARTESIAN_POINT('',(1.264443188123,2.064664535929));
#9881 = CARTESIAN_POINT('',(1.305248478689,2.064187548437));
#9882 = CARTESIAN_POINT('',(1.346058375089,2.063675234578));
#9883 = CARTESIAN_POINT('',(1.386872811619,2.06312843672));
#9884 = CARTESIAN_POINT('',(1.427691300802,2.062548061506));
#9885 = CARTESIAN_POINT('',(1.468512809038,2.061935082096));
#9886 = CARTESIAN_POINT('',(1.509335769127,2.061290538018));
#9887 = CARTESIAN_POINT('',(1.550157516959,2.060615545719));
#9888 = CARTESIAN_POINT('',(1.590975796197,2.059911271222));
#9889 = CARTESIAN_POINT('',(1.631782446053,2.059179046373));
#9890 = CARTESIAN_POINT('',(1.672586852474,2.05841993875));
#9891 = CARTESIAN_POINT('',(1.713395697384,2.057635084139));
#9892 = CARTESIAN_POINT('',(1.754207066435,2.056825819424));
#9893 = CARTESIAN_POINT('',(1.795021519814,2.055993476895));
#9894 = CARTESIAN_POINT('',(1.835839025578,2.055139438583));
#9895 = CARTESIAN_POINT('',(1.876659676374,2.054265120963));
#9896 = CARTESIAN_POINT('',(1.917483400718,2.053371978151));
#9897 = CARTESIAN_POINT('',(1.95830991339,2.052461500771));
#9898 = CARTESIAN_POINT('',(1.999139641348,2.051535193418));
#9899 = CARTESIAN_POINT('',(2.039972203412,2.050594605636));
#9900 = CARTESIAN_POINT('',(2.080807538152,2.049641304204));
#9901 = CARTESIAN_POINT('',(2.121645589892,2.04867687761));
#9902 = CARTESIAN_POINT('',(2.162486282165,2.047702934054));
#9903 = CARTESIAN_POINT('',(2.203329437269,2.046721100587));
#9904 = CARTESIAN_POINT('',(2.244174621064,2.045733024137));
#9905 = CARTESIAN_POINT('',(2.285021874621,2.044740351239));
#9906 = CARTESIAN_POINT('',(2.325870900602,2.043744744671));
#9907 = CARTESIAN_POINT('',(2.366721485025,2.042747870522));
#9908 = CARTESIAN_POINT('',(2.407573343189,2.041751399016));
#9909 = CARTESIAN_POINT('',(2.448426479625,2.040756992936));
#9910 = CARTESIAN_POINT('',(2.489280138916,2.039766330153));
#9911 = CARTESIAN_POINT('',(2.530133944137,2.038781073064));
#9912 = CARTESIAN_POINT('',(2.570987562927,2.037802873853));
#9913 = CARTESIAN_POINT('',(2.611840685706,2.036833372048));
#9914 = CARTESIAN_POINT('',(2.652692932685,2.035874193825));
#9915 = CARTESIAN_POINT('',(2.693543727256,2.034926952034));
#9916 = CARTESIAN_POINT('',(2.734392379206,2.033993241612));
#9917 = CARTESIAN_POINT('',(2.775239063872,2.033074613868));
#9918 = CARTESIAN_POINT('',(2.816082795464,2.032172620199));
#9919 = CARTESIAN_POINT('',(2.856923106036,2.031288771268));
#9920 = CARTESIAN_POINT('',(2.897759565465,2.030424545278));
#9921 = CARTESIAN_POINT('',(2.938591800552,2.029581384837));
#9922 = CARTESIAN_POINT('',(2.979419380104,2.028760696884));
#9923 = CARTESIAN_POINT('',(3.020241735819,2.027963851778));
#9924 = CARTESIAN_POINT('',(3.061058083057,2.027192182683));
#9925 = CARTESIAN_POINT('',(3.101868789577,2.026446956549));
#9926 = CARTESIAN_POINT('',(3.142672994609,2.025729417457));
#9927 = CARTESIAN_POINT('',(3.183470389513,2.025040751454));
#9928 = CARTESIAN_POINT('',(3.224260757584,2.024382093308));
#9929 = CARTESIAN_POINT('',(3.265043999882,2.023754524233));
#9930 = CARTESIAN_POINT('',(3.305819988995,2.023159072559));
#9931 = CARTESIAN_POINT('',(3.346588630572,2.022596711659));
#9932 = CARTESIAN_POINT('',(3.387349281376,2.0220683659));
#9933 = CARTESIAN_POINT('',(3.428104008971,2.021574868359));
#9934 = CARTESIAN_POINT('',(3.468851817401,2.021117034068));
#9935 = CARTESIAN_POINT('',(3.50959253488,2.020695605959));
#9936 = CARTESIAN_POINT('',(3.550326273903,2.02031126304));
#9937 = CARTESIAN_POINT('',(3.591053458398,2.019964620017));
#9938 = CARTESIAN_POINT('',(3.631774710644,2.019656228777));
#9939 = CARTESIAN_POINT('',(3.6724907846,2.019386578946));
#9940 = CARTESIAN_POINT('',(3.713202492391,2.019156098255));
#9941 = CARTESIAN_POINT('',(3.753910635401,2.018965152538));
#9942 = CARTESIAN_POINT('',(3.794615931937,2.018814045378));
#9943 = CARTESIAN_POINT('',(3.835318946484,2.018703017471));
#9944 = CARTESIAN_POINT('',(3.876019993173,2.018632245439));
#9945 = CARTESIAN_POINT('',(3.916719103366,2.01860184109));
#9946 = CARTESIAN_POINT('',(3.957415711635,2.018611847393));
#9947 = CARTESIAN_POINT('',(3.998114647586,2.018662248717));
#9948 = CARTESIAN_POINT('',(4.038815182586,2.018752967734));
#9949 = CARTESIAN_POINT('',(4.079517919811,2.018883860603));
#9950 = CARTESIAN_POINT('',(4.120223389141,2.019054719725));
#9951 = CARTESIAN_POINT('',(4.160932319709,2.019265274181));
#9952 = CARTESIAN_POINT('',(4.201645469787,2.019515190328));
#9953 = CARTESIAN_POINT('',(4.242363578591,2.019804071909));
#9954 = CARTESIAN_POINT('',(4.28308728691,2.020131459867));
#9955 = CARTESIAN_POINT('',(4.323817058777,2.020496831699));
#9956 = CARTESIAN_POINT('',(4.364553112844,2.020899600812));
#9957 = CARTESIAN_POINT('',(4.405295281456,2.021339114236));
#9958 = CARTESIAN_POINT('',(4.446044863063,2.021814674751));
#9959 = CARTESIAN_POINT('',(4.486801647063,2.022325509814));
#9960 = CARTESIAN_POINT('',(4.527565797878,2.022870792104));
#9961 = CARTESIAN_POINT('',(4.568337382037,2.023449635414));
#9962 = CARTESIAN_POINT('',(4.609116402135,2.024061095922));
#9963 = CARTESIAN_POINT('',(4.64990273422,2.024704172665));
#9964 = CARTESIAN_POINT('',(4.690696140964,2.025377809038));
#9965 = CARTESIAN_POINT('',(4.731496311457,2.026080894832));
#9966 = CARTESIAN_POINT('',(4.772302921634,2.026812268729));
#9967 = CARTESIAN_POINT('',(4.813115693586,2.027570721004));
#9968 = CARTESIAN_POINT('',(4.853934394521,2.028354995611));
#9969 = CARTESIAN_POINT('',(4.894758835956,2.029163792448));
#9970 = CARTESIAN_POINT('',(4.935588461739,2.029995763761));
#9971 = CARTESIAN_POINT('',(4.976422388756,2.030849513688));
#9972 = CARTESIAN_POINT('',(5.017260261941,2.031723617388));
#9973 = CARTESIAN_POINT('',(5.058101669518,2.032616614219));
#9974 = CARTESIAN_POINT('',(5.098946241307,2.033527011297));
#9975 = CARTESIAN_POINT('',(5.139793450148,2.034453281964));
#9976 = CARTESIAN_POINT('',(5.180642732478,2.035393871109));
#9977 = CARTESIAN_POINT('',(5.221494479346,2.036347220817));
#9978 = CARTESIAN_POINT('',(5.262347373786,2.037311711429));
#9979 = CARTESIAN_POINT('',(5.303200868893,2.038285721291));
#9980 = CARTESIAN_POINT('',(5.3440545252,2.039267614905));
#9981 = CARTESIAN_POINT('',(5.384908073662,2.040255747337));
#9982 = CARTESIAN_POINT('',(5.425761289114,2.041248464161));
#9983 = CARTESIAN_POINT('',(5.46661392199,2.042244102647));
#9984 = CARTESIAN_POINT('',(5.507465595325,2.0432409921));
#9985 = CARTESIAN_POINT('',(5.548315773988,2.044237455982));
#9986 = CARTESIAN_POINT('',(5.589163454455,2.045231807405));
#9987 = CARTESIAN_POINT('',(5.630009406066,2.046222406588));
#9988 = CARTESIAN_POINT('',(5.670853119553,2.047207589338));
#9989 = CARTESIAN_POINT('',(5.711694480069,2.048185710551));
#9990 = CARTESIAN_POINT('',(5.752533427445,2.049155138689));
#9991 = CARTESIAN_POINT('',(5.79336961976,2.050114250761));
#9992 = CARTESIAN_POINT('',(5.834203413097,2.051061457923));
#9993 = CARTESIAN_POINT('',(5.87503537493,2.05199519584));
#9994 = CARTESIAN_POINT('',(5.915864366559,2.052913884188));
#9995 = CARTESIAN_POINT('',(5.95669015631,2.053815989945));
#9996 = CARTESIAN_POINT('',(5.997512624708,2.054700010998));
#9997 = CARTESIAN_POINT('',(6.038331865218,2.05556448068));
#9998 = CARTESIAN_POINT('',(6.079148053389,2.056407966906));
#9999 = CARTESIAN_POINT('',(6.11996138168,2.057229073124));
#10000 = CARTESIAN_POINT('',(6.160771982248,2.058026438574));
#10001 = CARTESIAN_POINT('',(6.20157983489,2.058798740612));
#10002 = CARTESIAN_POINT('',(6.24238473269,2.059544690656));
#10003 = CARTESIAN_POINT('',(6.269585578885,2.060023600007));
#10004 = CARTESIAN_POINT('',(6.28318530718,2.060258248745));
#10005 = ( GEOMETRIC_REPRESENTATION_CONTEXT(2) 
PARAMETRIC_REPRESENTATION_CONTEXT() REPRESENTATION_CONTEXT('2D SPACE',''
  ) );
#10006 = FACE_BOUND('',#10007,.F.);
#10007 = EDGE_LOOP('',(#10008));
#10008 = ORIENTED_EDGE('',*,*,#10009,.T.);
#10009 = EDGE_CURVE('',#10010,#10010,#10012,.T.);
#10010 = VERTEX_POINT('',#10011);
#10011 = CARTESIAN_POINT('',(-6.3,8.,-196.6742471628));
#10012 = SURFACE_CURVE('',#10013,(#10129,#10290),.PCURVE_S1.);
#10013 = B_SPLINE_CURVE_WITH_KNOTS('',8,(#10014,#10015,#10016,#10017,
    #10018,#10019,#10020,#10021,#10022,#10023,#10024,#10025,#10026,
    #10027,#10028,#10029,#10030,#10031,#10032,#10033,#10034,#10035,
    #10036,#10037,#10038,#10039,#10040,#10041,#10042,#10043,#10044,
    #10045,#10046,#10047,#10048,#10049,#10050,#10051,#10052,#10053,
    #10054,#10055,#10056,#10057,#10058,#10059,#10060,#10061,#10062,
    #10063,#10064,#10065,#10066,#10067,#10068,#10069,#10070,#10071,
    #10072,#10073,#10074,#10075,#10076,#10077,#10078,#10079,#10080,
    #10081,#10082,#10083,#10084,#10085,#10086,#10087,#10088,#10089,
    #10090,#10091,#10092,#10093,#10094,#10095,#10096,#10097,#10098,
    #10099,#10100,#10101,#10102,#10103,#10104,#10105,#10106,#10107,
    #10108,#10109,#10110,#10111,#10112,#10113,#10114,#10115,#10116,
    #10117,#10118,#10119,#10120,#10121,#10122,#10123,#10124,#10125,
    #10126,#10127,#10128),.UNSPECIFIED.,.T.,.F.,(9,7,7,7,7,7,7,7,7,7,7,7
    ,7,7,7,7,1,9),(0.,7.064863358708E-02,0.12173932674,0.147988402842,
    0.194478348477,0.244686518598,0.337797187022,0.513116776986,
    0.562210726319,0.608210308084,0.634170709286,0.686056918682,
    0.738906226315,0.792511516863,0.883149516251,0.955012748862,1.,
    1.008498910172),.UNSPECIFIED.);
#10014 = CARTESIAN_POINT('',(-6.3,8.,-196.6742471628));
#10015 = CARTESIAN_POINT('',(-6.3,8.093521707514,-196.6732981269));
#10016 = CARTESIAN_POINT('',(-6.305879877829,8.187072486515,
    -196.6722891232));
#10017 = CARTESIAN_POINT('',(-6.317645995317,8.280211338308,
    -196.6712245612));
#10018 = CARTESIAN_POINT('',(-6.335263471226,8.372503058229,
    -196.6701092098));
#10019 = CARTESIAN_POINT('',(-6.35865937838,8.46351882529,
    -196.6689481599));
#10020 = CARTESIAN_POINT('',(-6.387723868968,8.552837277051,
    -196.6677468011));
#10021 = CARTESIAN_POINT('',(-6.422309228012,8.640046069714,
    -196.666510816));
#10022 = CARTESIAN_POINT('',(-6.491093927589,8.785994535611,
    -196.6643316556));
#10023 = CARTESIAN_POINT('',(-6.522751251418,8.845935331258,
    -196.6634020924));
#10024 = CARTESIAN_POINT('',(-6.557128404153,8.904415642274,
    -196.662459744));
#10025 = CARTESIAN_POINT('',(-6.594145834694,8.961290546649,
    -196.6615068881));
#10026 = CARTESIAN_POINT('',(-6.633715042463,9.016421054689,
    -196.6605458333));
#10027 = CARTESIAN_POINT('',(-6.67573875667,9.069674295225,
    -196.6595789149));
#10028 = CARTESIAN_POINT('',(-6.720111115582,9.120923701827,
    -196.6586084916));
#10029 = CARTESIAN_POINT('',(-6.790663177762,9.19528860828,
    -196.6571377848));
#10030 = CARTESIAN_POINT('',(-6.815198481167,9.219967590842,
    -196.6566383264));
#10031 = CARTESIAN_POINT('',(-6.840308322803,9.244069953883,
    -196.6561388877));
#10032 = CARTESIAN_POINT('',(-6.86597678555,9.2675800619,-196.6556397888
    ));
#10033 = CARTESIAN_POINT('',(-6.892187468375,9.290482836707,
    -196.6551413493));
#10034 = CARTESIAN_POINT('',(-6.918923486332,9.31276375743,
    -196.654643888));
#10035 = CARTESIAN_POINT('',(-6.94616747056,9.334408860512,
    -196.6541477227));
#10036 = CARTESIAN_POINT('',(-7.023021647418,9.39259070689,
    -196.652777266));
#10037 = CARTESIAN_POINT('',(-7.073679691646,9.427740555833,
    -196.6519064124));
#10038 = CARTESIAN_POINT('',(-7.12577614865,9.460779574973,
    -196.6510423787));
#10039 = CARTESIAN_POINT('',(-7.179207812182,9.491639323231,
    -196.6501869071));
#10040 = CARTESIAN_POINT('',(-7.233867967537,9.520257677791,
    -196.6493417111));
#10041 = CARTESIAN_POINT('',(-7.289646537027,9.546578881868,
    -196.6485084742));
#10042 = CARTESIAN_POINT('',(-7.346430225447,9.570553592482,
    -196.647688847));
#10043 = CARTESIAN_POINT('',(-7.466387696103,9.615450639934,
    -196.6460157101));
#10044 = CARTESIAN_POINT('',(-7.529710677157,9.63597598416,
    -196.6451647146));
#10045 = CARTESIAN_POINT('',(-7.593924889974,9.653661015099,
    -196.6443334967));
#10046 = CARTESIAN_POINT('',(-7.658881375398,9.668461287903,
    -196.6435240194));
#10047 = CARTESIAN_POINT('',(-7.724429156733,9.680341871098,
    -196.6427381701));
#10048 = CARTESIAN_POINT('',(-7.790415462631,9.689277359004,
    -196.6419777576));
#10049 = CARTESIAN_POINT('',(-7.85668594996,9.695251884145,
    -196.6412445097));
#10050 = CARTESIAN_POINT('',(-8.04622132245,9.703836043544,
    -196.6392336956));
#10051 = CARTESIAN_POINT('',(-8.169818584388,9.699209073273,
    -196.6380261967));
#10052 = CARTESIAN_POINT('',(-8.292866018419,9.6843331281,-196.636928293
    ));
#10053 = CARTESIAN_POINT('',(-8.414374600414,9.659288852556,
    -196.6359492069));
#10054 = CARTESIAN_POINT('',(-8.533378266881,9.624266317722,
    -196.635096817));
#10055 = CARTESIAN_POINT('',(-8.648937551537,9.579558691862,
    -196.6343776853));
#10056 = CARTESIAN_POINT('',(-8.760145567779,9.525565890413,
    -196.6337969594));
#10057 = CARTESIAN_POINT('',(-9.065708078119,9.344640740774,
    -196.6325319064));
#10058 = CARTESIAN_POINT('',(-9.247229918045,9.195133456441,
    -196.6322069588));
#10059 = CARTESIAN_POINT('',(-9.404316153781,9.017795578207,
    -196.6324125109));
#10060 = CARTESIAN_POINT('',(-9.532268181848,8.817493280925,
    -196.6331468637));
#10061 = CARTESIAN_POINT('',(-9.627402059866,8.599668280074,
    -196.6343921686));
#10062 = CARTESIAN_POINT('',(-9.687236719566,8.370405739632,
    -196.6361118295));
#10063 = CARTESIAN_POINT('',(-9.7103541521,8.136301284985,
    -196.6382532759));
#10064 = CARTESIAN_POINT('',(-9.693666218494,7.839624082006,
    -196.6414337721));
#10065 = CARTESIAN_POINT('',(-9.687178786362,7.774875265733,
    -196.6421567808));
#10066 = CARTESIAN_POINT('',(-9.677862157258,7.710425914968,
    -196.6429054618));
#10067 = CARTESIAN_POINT('',(-9.66573254932,7.646420253459,
    -196.6436781864));
#10068 = CARTESIAN_POINT('',(-9.650814896414,7.583000997229,
    -196.6444732525));
#10069 = CARTESIAN_POINT('',(-9.633142836062,7.520309156065,
    -196.6452888873));
#10070 = CARTESIAN_POINT('',(-9.612758697369,7.458483835013,
    -196.6461232491));
#10071 = CARTESIAN_POINT('',(-9.568120808734,7.340673804916,
    -196.6477719603));
#10072 = CARTESIAN_POINT('',(-9.544191539523,7.284565501367,
    -196.6485842713));
#10073 = CARTESIAN_POINT('',(-9.517967695918,7.229449733492,
    -196.649409793));
#10074 = CARTESIAN_POINT('',(-9.489497482074,7.175436143744,
    -196.6502469232));
#10075 = CARTESIAN_POINT('',(-9.458835246204,7.122631270986,
    -196.6510940288));
#10076 = CARTESIAN_POINT('',(-9.426041435066,7.071138412714,
    -196.6519494478));
#10077 = CARTESIAN_POINT('',(-9.391182548455,7.021057487285,
    -196.6528114912));
#10078 = CARTESIAN_POINT('',(-9.33353354481,6.945072387052,
    -196.6541677199));
#10079 = CARTESIAN_POINT('',(-9.312101238789,6.918140117508,
    -196.6546585619));
#10080 = CARTESIAN_POINT('',(-9.290047169173,6.891705352771,
    -196.6551506637));
#10081 = CARTESIAN_POINT('',(-9.267384862981,6.865784894676,
    -196.6556437172));
#10082 = CARTESIAN_POINT('',(-9.244128380708,6.840395081643,
    -196.6561374142));
#10083 = CARTESIAN_POINT('',(-9.220292316325,6.815551788668,
    -196.6566314452));
#10084 = CARTESIAN_POINT('',(-9.19589179728,6.791270427328,
    -196.6571255005));
#10085 = CARTESIAN_POINT('',(-9.121077104636,6.720188569615,
    -196.6586061489));
#10086 = CARTESIAN_POINT('',(-9.069018563317,6.675114859274,
    -196.6595919013));
#10087 = CARTESIAN_POINT('',(-9.014892713243,6.632464775869,
    -196.660574032));
#10088 = CARTESIAN_POINT('',(-8.958832294376,6.592349269788,
    -196.661550068));
#10089 = CARTESIAN_POINT('',(-8.90097671838,6.554870099372,
    -196.6625175617));
#10090 = CARTESIAN_POINT('',(-8.84147185306,6.520119649603,
    -196.6634740956));
#10091 = CARTESIAN_POINT('',(-8.780469806799,6.488180750784,
    -196.6644172858));
#10092 = CARTESIAN_POINT('',(-8.654630460139,6.429532946211,
    -196.6662895019));
#10093 = CARTESIAN_POINT('',(-8.589741006263,6.402931204315,
    -196.6672179694));
#10094 = CARTESIAN_POINT('',(-8.523627641024,6.379398429559,
    -196.6681277081));
#10095 = CARTESIAN_POINT('',(-8.456461384484,6.358999993484,
    -196.6690163193));
#10096 = CARTESIAN_POINT('',(-8.388416672916,6.341789431052,
    -196.6698814899));
#10097 = CARTESIAN_POINT('',(-8.319671044607,6.327808390562,
    -196.6707209961));
#10098 = CARTESIAN_POINT('',(-8.250404825653,6.317086583553,
    -196.671532707));
#10099 = CARTESIAN_POINT('',(-8.110201155314,6.302090391036,
    -196.6731076534));
#10100 = CARTESIAN_POINT('',(-8.039251599904,6.297910172964,
    -196.6738700562));
#10101 = CARTESIAN_POINT('',(-7.968142863111,6.297119415479,
    -196.6745996754));
#10102 = CARTESIAN_POINT('',(-7.897064970707,6.299723433761,
    -196.6752945292));
#10103 = CARTESIAN_POINT('',(-7.826206943927,6.305714688783,
    -196.6759527766));
#10104 = CARTESIAN_POINT('',(-7.755756482747,6.315072952887,
    -196.6765727185));
#10105 = CARTESIAN_POINT('',(-7.68589964916,6.327765475376,
    -196.6771527997));
#10106 = CARTESIAN_POINT('',(-7.500018808652,6.37076960851,
    -196.6786026529));
#10107 = CARTESIAN_POINT('',(-7.385426551779,6.407198585493,
    -196.6793958164));
#10108 = CARTESIAN_POINT('',(-7.273943689483,6.452816234728,
    -196.6800641816));
#10109 = CARTESIAN_POINT('',(-7.166419904793,6.507304079911,
    -196.6806023601));
#10110 = CARTESIAN_POINT('',(-7.063657807656,6.57025743939,
    -196.6810063154));
#10111 = CARTESIAN_POINT('',(-6.966412204186,6.641192056904,
    -196.6812733033));
#10112 = CARTESIAN_POINT('',(-6.875385481622,6.71954293645,-196.68140193
    ));
#10113 = CARTESIAN_POINT('',(-6.724486969562,6.87213762337,
    -196.6813847183));
#10114 = CARTESIAN_POINT('',(-6.662055581339,6.943882316777,
    -196.6812902125));
#10115 = CARTESIAN_POINT('',(-6.604244564599,7.019568327816,
    -196.6811088279));
#10116 = CARTESIAN_POINT('',(-6.551339921069,7.098850302768,
    -196.6808411666));
#10117 = CARTESIAN_POINT('',(-6.503596158093,7.181361084474,
    -196.6804883711));
#10118 = CARTESIAN_POINT('',(-6.461236494007,7.266713032359,
    -196.6800521093));
#10119 = CARTESIAN_POINT('',(-6.424451144749,7.354498245852,
    -196.6795345893));
#10120 = CARTESIAN_POINT('',(-6.37395135117,7.500496967943,
    -196.6785655122));
#10121 = CARTESIAN_POINT('',(-6.353504058812,7.568261205421,
    -196.6780853616));
#10122 = CARTESIAN_POINT('',(-6.336282065338,7.63699039144,
    -196.677562689));
#10123 = CARTESIAN_POINT('',(-6.322338783459,7.706505797155,
    -196.6769987656));
#10124 = CARTESIAN_POINT('',(-6.311715714355,7.776626090105,
    -196.6763950097));
#10125 = CARTESIAN_POINT('',(-6.304442287373,7.847164996075,
    -196.6757530126));
#10126 = CARTESIAN_POINT('',(-6.300535702238,7.917934243781,
    -196.6750745098));
#10127 = CARTESIAN_POINT('',(-6.3,7.98874753211,-196.6743613502));
#10128 = CARTESIAN_POINT('',(-6.3,8.,-196.6742471628));
#10129 = PCURVE('',#7959,#10130);
#10130 = DEFINITIONAL_REPRESENTATION('',(#10131),#10289);
#10131 = B_SPLINE_CURVE_WITH_KNOTS('',3,(#10132,#10133,#10134,#10135,
    #10136,#10137,#10138,#10139,#10140,#10141,#10142,#10143,#10144,
    #10145,#10146,#10147,#10148,#10149,#10150,#10151,#10152,#10153,
    #10154,#10155,#10156,#10157,#10158,#10159,#10160,#10161,#10162,
    #10163,#10164,#10165,#10166,#10167,#10168,#10169,#10170,#10171,
    #10172,#10173,#10174,#10175,#10176,#10177,#10178,#10179,#10180,
    #10181,#10182,#10183,#10184,#10185,#10186,#10187,#10188,#10189,
    #10190,#10191,#10192,#10193,#10194,#10195,#10196,#10197,#10198,
    #10199,#10200,#10201,#10202,#10203,#10204,#10205,#10206,#10207,
    #10208,#10209,#10210,#10211,#10212,#10213,#10214,#10215,#10216,
    #10217,#10218,#10219,#10220,#10221,#10222,#10223,#10224,#10225,
    #10226,#10227,#10228,#10229,#10230,#10231,#10232,#10233,#10234,
    #10235,#10236,#10237,#10238,#10239,#10240,#10241,#10242,#10243,
    #10244,#10245,#10246,#10247,#10248,#10249,#10250,#10251,#10252,
    #10253,#10254,#10255,#10256,#10257,#10258,#10259,#10260,#10261,
    #10262,#10263,#10264,#10265,#10266,#10267,#10268,#10269,#10270,
    #10271,#10272,#10273,#10274,#10275,#10276,#10277,#10278,#10279,
    #10280,#10281,#10282,#10283,#10284,#10285,#10286,#10287,#10288),
  .UNSPECIFIED.,.T.,.F.,(4,1,1,1,1,1,1,1,1,1,1,1,1,1,1,1,1,1,1,1,1,1,1,1
    ,1,1,1,1,1,1,1,1,1,1,1,1,1,1,1,1,1,1,1,1,1,1,1,1,1,1,1,1,1,1,1,1,1,1
    ,1,1,1,1,1,1,1,1,1,1,1,1,1,1,1,1,1,1,1,1,1,1,1,1,1,1,1,1,1,1,1,1,1,1
    ,1,1,1,1,1,1,1,1,1,1,1,1,1,1,1,1,1,1,1,1,1,1,1,1,1,1,1,1,1,1,1,1,1,1
    ,1,1,1,1,1,1,1,1,1,1,1,1,1,1,1,1,1,1,1,1,1,1,1,1,1,1,1,1,4),(0.,
    6.548694221898E-03,1.30973884438E-02,1.964608266569E-02,
    2.619477688759E-02,3.274347110949E-02,3.929216533139E-02,
    4.584085955329E-02,5.238955377519E-02,5.893824799708E-02,
    6.548694221898E-02,7.203563644088E-02,7.858433066278E-02,
    8.513302488468E-02,9.168171910658E-02,9.823041332847E-02,
    0.10477910755,0.111327801772,0.117876495994,0.124425190216,
    0.130973884438,0.13752257866,0.144071272882,0.150619967104,
    0.157168661326,0.163717355547,0.170266049769,0.176814743991,
    0.183363438213,0.189912132435,0.196460826657,0.203009520879,
    0.209558215101,0.216106909323,0.222655603545,0.229204297766,
    0.235752991988,0.24230168621,0.248850380432,0.255399074654,
    0.261947768876,0.268496463098,0.27504515732,0.281593851542,
    0.288142545764,0.294691239985,0.301239934207,0.307788628429,
    0.314337322651,0.320886016873,0.327434711095,0.333983405317,
    0.340532099539,0.347080793761,0.353629487983,0.360178182204,
    0.366726876426,0.373275570648,0.37982426487,0.386372959092,
    0.392921653314,0.399470347536,0.406019041758,0.41256773598,
    0.419116430201,0.425665124423,0.432213818645,0.438762512867,
    0.445311207089,0.451859901311,0.458408595533,0.464957289755,
    0.471505983977,0.478054678199,0.48460337242,0.491152066642,
    0.497700760864,0.504249455086,0.510798149308,0.51734684353,
    0.523895537752,0.530444231974,0.536992926196,0.543541620418,
    0.550090314639,0.556639008861,0.563187703083,0.569736397305,
    0.576285091527,0.582833785749,0.589382479971,0.595931174193,
    0.602479868415,0.609028562637,0.615577256858,0.62212595108,
    0.628674645302,0.635223339524,0.641772033746,0.648320727968,
    0.65486942219,0.661418116412,0.667966810634,0.674515504856,
    0.681064199077,0.687612893299,0.694161587521,0.700710281743,
    0.707258975965,0.713807670187,0.720356364409,0.726905058631,
    0.733453752853,0.740002447075,0.746551141296,0.753099835518,
    0.75964852974,0.766197223962,0.772745918184,0.779294612406,
    0.785843306628,0.79239200085,0.798940695072,0.805489389293,
    0.812038083515,0.818586777737,0.825135471959,0.831684166181,
    0.838232860403,0.844781554625,0.851330248847,0.857878943069,
    0.864427637291,0.870976331512,0.877525025734,0.884073719956,
    0.890622414178,0.8971711084,0.903719802622,0.910268496844,
    0.916817191066,0.923365885288,0.92991457951,0.936463273731,
    0.943011967953,0.949560662175,0.956109356397,0.962658050619,
    0.969206744841,0.975755439063,0.982304133285,0.988852827507,
    0.995401521729,1.00195021595,1.008498910172),.QUASI_UNIFORM_KNOTS.);
#10132 = CARTESIAN_POINT('',(5.379461361277,4.738243591447));
#10133 = CARTESIAN_POINT('',(5.378056735192,4.738289714398));
#10134 = CARTESIAN_POINT('',(5.375335297578,4.738383605775));
#10135 = CARTESIAN_POINT('',(5.371520435313,4.738529061636));
#10136 = CARTESIAN_POINT('',(5.36797708529,4.738678819914));
#10137 = CARTESIAN_POINT('',(5.364708179026,4.738832559854));
#10138 = CARTESIAN_POINT('',(5.361715872079,4.738989958907));
#10139 = CARTESIAN_POINT('',(5.359001473837,4.739150692981));
#10140 = CARTESIAN_POINT('',(5.35656553152,4.739314437171));
#10141 = CARTESIAN_POINT('',(5.354407870132,4.739480866313));
#10142 = CARTESIAN_POINT('',(5.352527643087,4.739649655184));
#10143 = CARTESIAN_POINT('',(5.350923370087,4.739820479721));
#10144 = CARTESIAN_POINT('',(5.349592998869,4.739993013965));
#10145 = CARTESIAN_POINT('',(5.348533858425,4.740166943719));
#10146 = CARTESIAN_POINT('',(5.34774281584,4.740341954301));
#10147 = CARTESIAN_POINT('',(5.347216290142,4.740517733526));
#10148 = CARTESIAN_POINT('',(5.346950277842,4.740693975093));
#10149 = CARTESIAN_POINT('',(5.346940400931,4.740870377798));
#10150 = CARTESIAN_POINT('',(5.347181945177,4.741046645734));
#10151 = CARTESIAN_POINT('',(5.347669897942,4.741222488447));
#10152 = CARTESIAN_POINT('',(5.34839898069,4.741397619992));
#10153 = CARTESIAN_POINT('',(5.349363689385,4.741571763585));
#10154 = CARTESIAN_POINT('',(5.350558316137,4.741744647611));
#10155 = CARTESIAN_POINT('',(5.351976985334,4.741916007552));
#10156 = CARTESIAN_POINT('',(5.353613670072,4.742085585303));
#10157 = CARTESIAN_POINT('',(5.355462238321,4.742253131169));
#10158 = CARTESIAN_POINT('',(5.357516433307,4.742418400535));
#10159 = CARTESIAN_POINT('',(5.359769931181,4.742581157012));
#10160 = CARTESIAN_POINT('',(5.362216351274,4.742741171877));
#10161 = CARTESIAN_POINT('',(5.364849267452,4.74289822381));
#10162 = CARTESIAN_POINT('',(5.367662222909,4.743052098858));
#10163 = CARTESIAN_POINT('',(5.370648718187,4.743202589142));
#10164 = CARTESIAN_POINT('',(5.37380230816,4.743349497175));
#10165 = CARTESIAN_POINT('',(5.377116496287,4.743492630479));
#10166 = CARTESIAN_POINT('',(5.38058481162,4.74363180445));
#10167 = CARTESIAN_POINT('',(5.384200814662,4.743766842403));
#10168 = CARTESIAN_POINT('',(5.387958094802,4.743897575175));
#10169 = CARTESIAN_POINT('',(5.391850270639,4.744023840923));
#10170 = CARTESIAN_POINT('',(5.395870980405,4.744145484597));
#10171 = CARTESIAN_POINT('',(5.400013902993,4.744262358534));
#10172 = CARTESIAN_POINT('',(5.404273013425,4.744374328884));
#10173 = CARTESIAN_POINT('',(5.408641910664,4.744481257305));
#10174 = CARTESIAN_POINT('',(5.413114365787,4.744583016955));
#10175 = CARTESIAN_POINT('',(5.417684204138,4.74467948855));
#10176 = CARTESIAN_POINT('',(5.422345329735,4.74477056083));
#10177 = CARTESIAN_POINT('',(5.427091709992,4.744856129943));
#10178 = CARTESIAN_POINT('',(5.43191736963,4.744936099196));
#10179 = CARTESIAN_POINT('',(5.436816380287,4.745010378797));
#10180 = CARTESIAN_POINT('',(5.441782850989,4.745078885691));
#10181 = CARTESIAN_POINT('',(5.446810912229,4.74514154343));
#10182 = CARTESIAN_POINT('',(5.451894717348,4.745198282206));
#10183 = CARTESIAN_POINT('',(5.457028373501,4.745249038582));
#10184 = CARTESIAN_POINT('',(5.462206129074,4.745293756646));
#10185 = CARTESIAN_POINT('',(5.467421597476,4.74533238414));
#10186 = CARTESIAN_POINT('',(5.472672125084,4.745364898229));
#10187 = CARTESIAN_POINT('',(5.477951054943,4.745391249422));
#10188 = CARTESIAN_POINT('',(5.483252143181,4.74541140246));
#10189 = CARTESIAN_POINT('',(5.488569219929,4.745425331046));
#10190 = CARTESIAN_POINT('',(5.493896255856,4.745433018188));
#10191 = CARTESIAN_POINT('',(5.499227321355,4.745434455199));
#10192 = CARTESIAN_POINT('',(5.50455657566,4.745429641208));
#10193 = CARTESIAN_POINT('',(5.509878248949,4.745418582676));
#10194 = CARTESIAN_POINT('',(5.515186627216,4.745401293028));
#10195 = CARTESIAN_POINT('',(5.520476037184,4.745377792368));
#10196 = CARTESIAN_POINT('',(5.525740831915,4.745348107272));
#10197 = CARTESIAN_POINT('',(5.530975376889,4.745312270656));
#10198 = CARTESIAN_POINT('',(5.536174036583,4.745270321707));
#10199 = CARTESIAN_POINT('',(5.54133116154,4.745222305875));
#10200 = CARTESIAN_POINT('',(5.546441075944,4.745168274935));
#10201 = CARTESIAN_POINT('',(5.551498065728,4.745108287092));
#10202 = CARTESIAN_POINT('',(5.556496367288,4.745042407159));
#10203 = CARTESIAN_POINT('',(5.561430156835,4.744970706782));
#10204 = CARTESIAN_POINT('',(5.566293540508,4.744893264734));
#10205 = CARTESIAN_POINT('',(5.571080545314,4.744810167274));
#10206 = CARTESIAN_POINT('',(5.57578511104,4.744721508566));
#10207 = CARTESIAN_POINT('',(5.580401083254,4.744627391188));
#10208 = CARTESIAN_POINT('',(5.584922207601,4.744527926718));
#10209 = CARTESIAN_POINT('',(5.589342125396,4.744423236382));
#10210 = CARTESIAN_POINT('',(5.593654371377,4.744313451951));
#10211 = CARTESIAN_POINT('',(5.597852371398,4.744198716169));
#10212 = CARTESIAN_POINT('',(5.601929449474,4.744079185491));
#10213 = CARTESIAN_POINT('',(5.605881050024,4.743954956814));
#10214 = CARTESIAN_POINT('',(5.609700506705,4.743826190535));
#10215 = CARTESIAN_POINT('',(5.613381526176,4.743693043306));
#10216 = CARTESIAN_POINT('',(5.616917684145,4.743555681685));
#10217 = CARTESIAN_POINT('',(5.620302555896,4.743414278908));
#10218 = CARTESIAN_POINT('',(5.623529684605,4.743269015878));
#10219 = CARTESIAN_POINT('',(5.626592570504,4.743120082186));
#10220 = CARTESIAN_POINT('',(5.6294847498,4.742967672623));
#10221 = CARTESIAN_POINT('',(5.632199738901,4.742811990772));
#10222 = CARTESIAN_POINT('',(5.634731055631,4.742653248024));
#10223 = CARTESIAN_POINT('',(5.637072255409,4.742491662485));
#10224 = CARTESIAN_POINT('',(5.639216931862,4.742327459681));
#10225 = CARTESIAN_POINT('',(5.641158731722,4.74216087256));
#10226 = CARTESIAN_POINT('',(5.642891359725,4.741992142425));
#10227 = CARTESIAN_POINT('',(5.644408622697,4.741821516748));
#10228 = CARTESIAN_POINT('',(5.645704440996,4.741649250041));
#10229 = CARTESIAN_POINT('',(5.64677286454,4.741475604005));
#10230 = CARTESIAN_POINT('',(5.647608103487,4.741300847713));
#10231 = CARTESIAN_POINT('',(5.648204557192,4.741125254795));
#10232 = CARTESIAN_POINT('',(5.648556837894,4.740949108049));
#10233 = CARTESIAN_POINT('',(5.648659806983,4.740772696181));
#10234 = CARTESIAN_POINT('',(5.648508610318,4.740596312894));
#10235 = CARTESIAN_POINT('',(5.648098712748,4.740420257152));
#10236 = CARTESIAN_POINT('',(5.647425937407,4.740244833222));
#10237 = CARTESIAN_POINT('',(5.646486503509,4.74007035019));
#10238 = CARTESIAN_POINT('',(5.645277082127,4.739897123535));
#10239 = CARTESIAN_POINT('',(5.643794792286,4.739725467911));
#10240 = CARTESIAN_POINT('',(5.642037311809,4.739555704563));
#10241 = CARTESIAN_POINT('',(5.640002886813,4.739388157139));
#10242 = CARTESIAN_POINT('',(5.637690372019,4.739223150168));
#10243 = CARTESIAN_POINT('',(5.635099281515,4.739061008977));
#10244 = CARTESIAN_POINT('',(5.632229840855,4.738902059271));
#10245 = CARTESIAN_POINT('',(5.629083028049,4.738746626231));
#10246 = CARTESIAN_POINT('',(5.625660659615,4.738595035478));
#10247 = CARTESIAN_POINT('',(5.621965297826,4.73844760626));
#10248 = CARTESIAN_POINT('',(5.618000435437,4.73830465648));
#10249 = CARTESIAN_POINT('',(5.613770482246,4.738166500057));
#10250 = CARTESIAN_POINT('',(5.609280756792,4.738033444249));
#10251 = CARTESIAN_POINT('',(5.604537528535,4.737905789333));
#10252 = CARTESIAN_POINT('',(5.599548047717,4.737783827727));
#10253 = CARTESIAN_POINT('',(5.594320545458,4.737667842689));
#10254 = CARTESIAN_POINT('',(5.588864332155,4.737558108983));
#10255 = CARTESIAN_POINT('',(5.583189494931,4.737454885845));
#10256 = CARTESIAN_POINT('',(5.577307139105,4.737358421452));
#10257 = CARTESIAN_POINT('',(5.571229554759,4.737268954058));
#10258 = CARTESIAN_POINT('',(5.564969837827,4.737186704551));
#10259 = CARTESIAN_POINT('',(5.558541952041,4.737111877685));
#10260 = CARTESIAN_POINT('',(5.551960663408,4.737044660944));
#10261 = CARTESIAN_POINT('',(5.545241499376,4.736985224017));
#10262 = CARTESIAN_POINT('',(5.538400692237,4.736933718085));
#10263 = CARTESIAN_POINT('',(5.531455117357,4.736890275156));
#10264 = CARTESIAN_POINT('',(5.524422226177,4.73685500739));
#10265 = CARTESIAN_POINT('',(5.51731996622,4.736828006446));
#10266 = CARTESIAN_POINT('',(5.510166722743,4.736809342836));
#10267 = CARTESIAN_POINT('',(5.502981155517,4.736799065358));
#10268 = CARTESIAN_POINT('',(5.495782407242,4.736797200372));
#10269 = CARTESIAN_POINT('',(5.488588860827,4.73680375183));
#10270 = CARTESIAN_POINT('',(5.481419209877,4.736818703351));
#10271 = CARTESIAN_POINT('',(5.474292314707,4.736842015936));
#10272 = CARTESIAN_POINT('',(5.467226655065,4.736873628787));
#10273 = CARTESIAN_POINT('',(5.46024036662,4.736913459745));
#10274 = CARTESIAN_POINT('',(5.45335112561,4.73696140586));
#10275 = CARTESIAN_POINT('',(5.446576080475,4.737017343952));
#10276 = CARTESIAN_POINT('',(5.439931776122,4.737081131222));
#10277 = CARTESIAN_POINT('',(5.433434094204,4.73715260577));
#10278 = CARTESIAN_POINT('',(5.427098174075,4.737231587492));
#10279 = CARTESIAN_POINT('',(5.42093843559,4.737317877534));
#10280 = CARTESIAN_POINT('',(5.414968239648,4.737411263363));
#10281 = CARTESIAN_POINT('',(5.409200116287,4.737511516416));
#10282 = CARTESIAN_POINT('',(5.403645704082,4.737618393216));
#10283 = CARTESIAN_POINT('',(5.398315643249,4.73773163765));
#10284 = CARTESIAN_POINT('',(5.393219608711,4.737850981486));
#10285 = CARTESIAN_POINT('',(5.388366267199,4.737976145303));
#10286 = CARTESIAN_POINT('',(5.383763397951,4.738106840732));
#10287 = CARTESIAN_POINT('',(5.380866074883,4.738197459374));
#10288 = CARTESIAN_POINT('',(5.379461361277,4.738243591447));
#10289 = ( GEOMETRIC_REPRESENTATION_CONTEXT(2) 
PARAMETRIC_REPRESENTATION_CONTEXT() REPRESENTATION_CONTEXT('2D SPACE',''
  ) );
#10290 = PCURVE('',#1874,#10291);
#10291 = DEFINITIONAL_REPRESENTATION('',(#10292),#10450);
#10292 = B_SPLINE_CURVE_WITH_KNOTS('',3,(#10293,#10294,#10295,#10296,
    #10297,#10298,#10299,#10300,#10301,#10302,#10303,#10304,#10305,
    #10306,#10307,#10308,#10309,#10310,#10311,#10312,#10313,#10314,
    #10315,#10316,#10317,#10318,#10319,#10320,#10321,#10322,#10323,
    #10324,#10325,#10326,#10327,#10328,#10329,#10330,#10331,#10332,
    #10333,#10334,#10335,#10336,#10337,#10338,#10339,#10340,#10341,
    #10342,#10343,#10344,#10345,#10346,#10347,#10348,#10349,#10350,
    #10351,#10352,#10353,#10354,#10355,#10356,#10357,#10358,#10359,
    #10360,#10361,#10362,#10363,#10364,#10365,#10366,#10367,#10368,
    #10369,#10370,#10371,#10372,#10373,#10374,#10375,#10376,#10377,
    #10378,#10379,#10380,#10381,#10382,#10383,#10384,#10385,#10386,
    #10387,#10388,#10389,#10390,#10391,#10392,#10393,#10394,#10395,
    #10396,#10397,#10398,#10399,#10400,#10401,#10402,#10403,#10404,
    #10405,#10406,#10407,#10408,#10409,#10410,#10411,#10412,#10413,
    #10414,#10415,#10416,#10417,#10418,#10419,#10420,#10421,#10422,
    #10423,#10424,#10425,#10426,#10427,#10428,#10429,#10430,#10431,
    #10432,#10433,#10434,#10435,#10436,#10437,#10438,#10439,#10440,
    #10441,#10442,#10443,#10444,#10445,#10446,#10447,#10448,#10449),
  .UNSPECIFIED.,.F.,.F.,(4,1,1,1,1,1,1,1,1,1,1,1,1,1,1,1,1,1,1,1,1,1,1,1
    ,1,1,1,1,1,1,1,1,1,1,1,1,1,1,1,1,1,1,1,1,1,1,1,1,1,1,1,1,1,1,1,1,1,1
    ,1,1,1,1,1,1,1,1,1,1,1,1,1,1,1,1,1,1,1,1,1,1,1,1,1,1,1,1,1,1,1,1,1,1
    ,1,1,1,1,1,1,1,1,1,1,1,1,1,1,1,1,1,1,1,1,1,1,1,1,1,1,1,1,1,1,1,1,1,1
    ,1,1,1,1,1,1,1,1,1,1,1,1,1,1,1,1,1,1,1,1,1,1,1,1,1,1,1,1,4),(0.,
    6.548694221898E-03,1.30973884438E-02,1.964608266569E-02,
    2.619477688759E-02,3.274347110949E-02,3.929216533139E-02,
    4.584085955329E-02,5.238955377519E-02,5.893824799708E-02,
    6.548694221898E-02,7.203563644088E-02,7.858433066278E-02,
    8.513302488468E-02,9.168171910658E-02,9.823041332847E-02,
    0.10477910755,0.111327801772,0.117876495994,0.124425190216,
    0.130973884438,0.13752257866,0.144071272882,0.150619967104,
    0.157168661326,0.163717355547,0.170266049769,0.176814743991,
    0.183363438213,0.189912132435,0.196460826657,0.203009520879,
    0.209558215101,0.216106909323,0.222655603545,0.229204297766,
    0.235752991988,0.24230168621,0.248850380432,0.255399074654,
    0.261947768876,0.268496463098,0.27504515732,0.281593851542,
    0.288142545764,0.294691239985,0.301239934207,0.307788628429,
    0.314337322651,0.320886016873,0.327434711095,0.333983405317,
    0.340532099539,0.347080793761,0.353629487983,0.360178182204,
    0.366726876426,0.373275570648,0.37982426487,0.386372959092,
    0.392921653314,0.399470347536,0.406019041758,0.41256773598,
    0.419116430201,0.425665124423,0.432213818645,0.438762512867,
    0.445311207089,0.451859901311,0.458408595533,0.464957289755,
    0.471505983977,0.478054678199,0.48460337242,0.491152066642,
    0.497700760864,0.504249455086,0.510798149308,0.51734684353,
    0.523895537752,0.530444231974,0.536992926196,0.543541620418,
    0.550090314639,0.556639008861,0.563187703083,0.569736397305,
    0.576285091527,0.582833785749,0.589382479971,0.595931174193,
    0.602479868415,0.609028562637,0.615577256858,0.62212595108,
    0.628674645302,0.635223339524,0.641772033746,0.648320727968,
    0.65486942219,0.661418116412,0.667966810634,0.674515504856,
    0.681064199077,0.687612893299,0.694161587521,0.700710281743,
    0.707258975965,0.713807670187,0.720356364409,0.726905058631,
    0.733453752853,0.740002447075,0.746551141296,0.753099835518,
    0.75964852974,0.766197223962,0.772745918184,0.779294612406,
    0.785843306628,0.79239200085,0.798940695072,0.805489389293,
    0.812038083515,0.818586777737,0.825135471959,0.831684166181,
    0.838232860403,0.844781554625,0.851330248847,0.857878943069,
    0.864427637291,0.870976331512,0.877525025734,0.884073719956,
    0.890622414178,0.8971711084,0.903719802622,0.910268496844,
    0.916817191066,0.923365885288,0.92991457951,0.936463273731,
    0.943011967953,0.949560662175,0.956109356397,0.962658050619,
    0.969206744841,0.975755439063,0.982304133285,0.988852827507,
    0.995401521729,1.00195021595,1.008498910172),.QUASI_UNIFORM_KNOTS.);
#10293 = CARTESIAN_POINT('',(1.567373681824E-14,2.025752837142));
#10294 = CARTESIAN_POINT('',(1.359828590812E-02,2.025987419701));
#10295 = CARTESIAN_POINT('',(4.079748054873E-02,2.026466216414));
#10296 = CARTESIAN_POINT('',(8.160325795982E-02,2.027212057315));
#10297 = CARTESIAN_POINT('',(0.122415016662,2.027984311489));
#10298 = CARTESIAN_POINT('',(0.163232176472,2.028781688972));
#10299 = CARTESIAN_POINT('',(0.204054313411,2.029602863803));
#10300 = CARTESIAN_POINT('',(0.244881119804,2.030446469691));
#10301 = CARTESIAN_POINT('',(0.285712304001,2.031311102208));
#10302 = CARTESIAN_POINT('',(0.32654752563,2.032195319378));
#10303 = CARTESIAN_POINT('',(0.367386253903,2.033097640917));
#10304 = CARTESIAN_POINT('',(0.408227885798,2.034016553246));
#10305 = CARTESIAN_POINT('',(0.449070872448,2.034950491528));
#10306 = CARTESIAN_POINT('',(0.489915783546,2.035897912973));
#10307 = CARTESIAN_POINT('',(0.530762251351,2.036857230364));
#10308 = CARTESIAN_POINT('',(0.571609563276,2.037826827871));
#10309 = CARTESIAN_POINT('',(0.612457345189,2.038805079725));
#10310 = CARTESIAN_POINT('',(0.653305272228,2.039790346393));
#10311 = CARTESIAN_POINT('',(0.694153021282,2.040780976358));
#10312 = CARTESIAN_POINT('',(0.735000226435,2.04177530801));
#10313 = CARTESIAN_POINT('',(0.775846188531,2.042771665452));
#10314 = CARTESIAN_POINT('',(0.816690893907,2.043768386133));
#10315 = CARTESIAN_POINT('',(0.857534029927,2.044763799887));
#10316 = CARTESIAN_POINT('',(0.898375392683,2.045756241678));
#10317 = CARTESIAN_POINT('',(0.939214678975,2.046744049454));
#10318 = CARTESIAN_POINT('',(0.980051940772,2.047725577872));
#10319 = CARTESIAN_POINT('',(1.020886738032,2.048699180852));
#10320 = CARTESIAN_POINT('',(1.061718889874,2.049663232314));
#10321 = CARTESIAN_POINT('',(1.10254832029,2.050616125167));
#10322 = CARTESIAN_POINT('',(1.143374974821,2.051556272099));
#10323 = CARTESIAN_POINT('',(1.184198805434,2.052482107827));
#10324 = CARTESIAN_POINT('',(1.225019414058,2.053392083702));
#10325 = CARTESIAN_POINT('',(1.265837227449,2.054284696338));
#10326 = CARTESIAN_POINT('',(1.306651996596,2.055158457271));
#10327 = CARTESIAN_POINT('',(1.34746361957,2.056011913056));
#10328 = CARTESIAN_POINT('',(1.388272150993,2.056843647895));
#10329 = CARTESIAN_POINT('',(1.429077692312,2.057652283611));
#10330 = CARTESIAN_POINT('',(1.469880335659,2.058436480782));
#10331 = CARTESIAN_POINT('',(1.510680010196,2.059194937866));
#10332 = CARTESIAN_POINT('',(1.551476672593,2.059926397233));
#10333 = CARTESIAN_POINT('',(1.592272711534,2.060629687669));
#10334 = CARTESIAN_POINT('',(1.633066416674,2.061303611792));
#10335 = CARTESIAN_POINT('',(1.673857442713,2.061947048085));
#10336 = CARTESIAN_POINT('',(1.714645559003,2.062558928437));
#10337 = CARTESIAN_POINT('',(1.755430865398,2.063138243058));
#10338 = CARTESIAN_POINT('',(1.796213626622,2.063684038447));
#10339 = CARTESIAN_POINT('',(1.836994218147,2.064195417618));
#10340 = CARTESIAN_POINT('',(1.877773045073,2.064671540083));
#10341 = CARTESIAN_POINT('',(1.918550479854,2.065111622349));
#10342 = CARTESIAN_POINT('',(1.95932675808,2.065514938484));
#10343 = CARTESIAN_POINT('',(2.000102013635,2.065880821658));
#10344 = CARTESIAN_POINT('',(2.040875773,2.066208663603));
#10345 = CARTESIAN_POINT('',(2.081648433294,2.066497923234));
#10346 = CARTESIAN_POINT('',(2.12241529205,2.066748102511));
#10347 = CARTESIAN_POINT('',(2.163200434389,2.066958914523));
#10348 = CARTESIAN_POINT('',(2.20399642077,2.067129920659));
#10349 = CARTESIAN_POINT('',(2.244799152137,2.067260796008));
#10350 = CARTESIAN_POINT('',(2.285605084596,2.067351295985));
#10351 = CARTESIAN_POINT('',(2.326411746641,2.067401258975));
#10352 = CARTESIAN_POINT('',(2.367217404869,2.067410600194));
#10353 = CARTESIAN_POINT('',(2.408020985726,2.067379308686));
#10354 = CARTESIAN_POINT('',(2.448821951552,2.067307444178));
#10355 = CARTESIAN_POINT('',(2.489620207363,2.067195134599));
#10356 = CARTESIAN_POINT('',(2.530416014035,2.067042573986));
#10357 = CARTESIAN_POINT('',(2.571209911136,2.066850020788));
#10358 = CARTESIAN_POINT('',(2.612002645742,2.066617796523));
#10359 = CARTESIAN_POINT('',(2.652795105895,2.066346284752));
#10360 = CARTESIAN_POINT('',(2.69358825707,2.066035930356));
#10361 = CARTESIAN_POINT('',(2.734383080396,2.065687239081));
#10362 = CARTESIAN_POINT('',(2.775180511408,2.065300777358));
#10363 = CARTESIAN_POINT('',(2.815981378179,2.064877172374));
#10364 = CARTESIAN_POINT('',(2.85678633759,2.064417112408));
#10365 = CARTESIAN_POINT('',(2.897595808362,2.06392134743));
#10366 = CARTESIAN_POINT('',(2.938409899271,2.063390689976));
#10367 = CARTESIAN_POINT('',(2.979228330521,2.062826016332));
#10368 = CARTESIAN_POINT('',(3.020050346505,2.062228268007));
#10369 = CARTESIAN_POINT('',(3.060874615464,2.061598453646));
#10370 = CARTESIAN_POINT('',(3.101699119854,2.060937651073));
#10371 = CARTESIAN_POINT('',(3.142521008093,2.06024701069));
#10372 = CARTESIAN_POINT('',(3.183336500164,2.059527755932));
#10373 = CARTESIAN_POINT('',(3.224140482795,2.058781197101));
#10374 = CARTESIAN_POINT('',(3.264949896733,2.058008274069));
#10375 = CARTESIAN_POINT('',(3.305761600362,2.057210323478));
#10376 = CARTESIAN_POINT('',(3.346576413554,2.056388654771));
#10377 = CARTESIAN_POINT('',(3.387394216999,2.055544633487));
#10378 = CARTESIAN_POINT('',(3.428215144996,2.054679658562));
#10379 = CARTESIAN_POINT('',(3.469039229498,2.053795166159));
#10380 = CARTESIAN_POINT('',(3.509866141666,2.052892633409));
#10381 = CARTESIAN_POINT('',(3.550696149685,2.051973554824));
#10382 = CARTESIAN_POINT('',(3.591529161877,2.051039461398));
#10383 = CARTESIAN_POINT('',(3.632364960657,2.0500919124));
#10384 = CARTESIAN_POINT('',(3.673203503474,2.049132486269));
#10385 = CARTESIAN_POINT('',(3.714044727559,2.048162782368));
#10386 = CARTESIAN_POINT('',(3.754888534195,2.047184418672));
#10387 = CARTESIAN_POINT('',(3.795734543318,2.04619903489));
#10388 = CARTESIAN_POINT('',(3.8365826107,2.045208277383));
#10389 = CARTESIAN_POINT('',(3.877432590199,2.044213802048));
#10390 = CARTESIAN_POINT('',(3.918284258689,2.04321727325));
#10391 = CARTESIAN_POINT('',(3.959137246619,2.042220362711));
#10392 = CARTESIAN_POINT('',(3.999991642978,2.041224731925));
#10393 = CARTESIAN_POINT('',(4.040846880237,2.040232056385));
#10394 = CARTESIAN_POINT('',(4.081702426648,2.039244005763));
#10395 = CARTESIAN_POINT('',(4.122557934472,2.038262237494));
#10396 = CARTESIAN_POINT('',(4.163413100669,2.037288397232));
#10397 = CARTESIAN_POINT('',(4.20426756827,2.036324118238));
#10398 = CARTESIAN_POINT('',(4.245120941425,2.035371018175));
#10399 = CARTESIAN_POINT('',(4.285972304255,2.034430707344));
#10400 = CARTESIAN_POINT('',(4.326821807469,2.033504749466));
#10401 = CARTESIAN_POINT('',(4.367668764362,2.032594702003));
#10402 = CARTESIAN_POINT('',(4.408512506928,2.031702094323));
#10403 = CARTESIAN_POINT('',(4.449352587766,2.030828420403));
#10404 = CARTESIAN_POINT('',(4.490188625122,2.029975139721));
#10405 = CARTESIAN_POINT('',(4.531020206289,2.029143676635));
#10406 = CARTESIAN_POINT('',(4.571846908433,2.028335417636));
#10407 = CARTESIAN_POINT('',(4.612667795636,2.027551718618));
#10408 = CARTESIAN_POINT('',(4.653483006894,2.026793872322));
#10409 = CARTESIAN_POINT('',(4.694292092631,2.02606313696));
#10410 = CARTESIAN_POINT('',(4.735094483924,2.025360726298));
#10411 = CARTESIAN_POINT('',(4.775889933021,2.024687799339));
#10412 = CARTESIAN_POINT('',(4.816678300181,2.024045462592));
#10413 = CARTESIAN_POINT('',(4.857459463468,2.023434769652));
#10414 = CARTESIAN_POINT('',(4.898233391199,2.022856718953));
#10415 = CARTESIAN_POINT('',(4.938999451667,2.022312261501));
#10416 = CARTESIAN_POINT('',(4.979758631821,2.021802270518));
#10417 = CARTESIAN_POINT('',(5.020511565145,2.021327568034));
#10418 = CARTESIAN_POINT('',(5.061257362039,2.020888935076));
#10419 = CARTESIAN_POINT('',(5.101996105537,2.020487079405));
#10420 = CARTESIAN_POINT('',(5.142728059311,2.020122646172));
#10421 = CARTESIAN_POINT('',(5.183453768861,2.019796216647));
#10422 = CARTESIAN_POINT('',(5.22417393378,2.019508309714));
#10423 = CARTESIAN_POINT('',(5.264889347818,2.019259382195));
#10424 = CARTESIAN_POINT('',(5.305600827453,2.019049829053));
#10425 = CARTESIAN_POINT('',(5.346309134073,2.018879983198));
#10426 = CARTESIAN_POINT('',(5.387014933069,2.01875011498));
#10427 = CARTESIAN_POINT('',(5.427718595936,2.018660431276));
#10428 = CARTESIAN_POINT('',(5.468420562714,2.018611074477));
#10429 = CARTESIAN_POINT('',(5.509119575279,2.018602120246));
#10430 = CARTESIAN_POINT('',(5.549819086179,2.018633578313));
#10431 = CARTESIAN_POINT('',(5.590520624627,2.018705402513));
#10432 = CARTESIAN_POINT('',(5.631224017356,2.018817479433));
#10433 = CARTESIAN_POINT('',(5.671929882864,2.018969631385));
#10434 = CARTESIAN_POINT('',(5.712638854738,2.019161616991));
#10435 = CARTESIAN_POINT('',(5.753351690448,2.019393131957));
#10436 = CARTESIAN_POINT('',(5.79406914493,2.019663809324));
#10437 = CARTESIAN_POINT('',(5.834791920512,2.019973219537));
#10438 = CARTESIAN_POINT('',(5.875520552304,2.020320869632));
#10439 = CARTESIAN_POINT('',(5.916255465331,2.020706203992));
#10440 = CARTESIAN_POINT('',(5.956996383801,2.021128597633));
#10441 = CARTESIAN_POINT('',(5.997744235216,2.021587376911));
#10442 = CARTESIAN_POINT('',(6.038499410165,2.022081803563));
#10443 = CARTESIAN_POINT('',(6.079261900425,2.02261107586));
#10444 = CARTESIAN_POINT('',(6.120031836317,2.023174335066));
#10445 = CARTESIAN_POINT('',(6.160809203035,2.023770663566));
#10446 = CARTESIAN_POINT('',(6.201593853844,2.024399084446));
#10447 = CARTESIAN_POINT('',(6.242385551709,2.02505857019));
#10448 = CARTESIAN_POINT('',(6.269584635826,2.025518205008));
#10449 = CARTESIAN_POINT('',(6.28318530718,2.025752837142));
#10450 = ( GEOMETRIC_REPRESENTATION_CONTEXT(2) 
PARAMETRIC_REPRESENTATION_CONTEXT() REPRESENTATION_CONTEXT('2D SPACE',''
  ) );
#10451 = ADVANCED_FACE('',(#10452),#7493,.F.);
#10452 = FACE_BOUND('',#10453,.F.);
#10453 = EDGE_LOOP('',(#10454,#10455,#10476,#10477));
#10454 = ORIENTED_EDGE('',*,*,#7476,.F.);
#10455 = ORIENTED_EDGE('',*,*,#10456,.F.);
#10456 = EDGE_CURVE('',#7704,#7477,#10457,.T.);
#10457 = SEAM_CURVE('',#10458,(#10462,#10469),.PCURVE_S1.);
#10458 = LINE('',#10459,#10460);
#10459 = CARTESIAN_POINT('',(4.5,-1.102182119233E-15,-198.7));
#10460 = VECTOR('',#10461,1.);
#10461 = DIRECTION('',(0.,0.,1.));
#10462 = PCURVE('',#7493,#10463);
#10463 = DEFINITIONAL_REPRESENTATION('',(#10464),#10468);
#10464 = LINE('',#10465,#10466);
#10465 = CARTESIAN_POINT('',(6.28318530718,-0.));
#10466 = VECTOR('',#10467,1.);
#10467 = DIRECTION('',(0.,1.));
#10468 = ( GEOMETRIC_REPRESENTATION_CONTEXT(2) 
PARAMETRIC_REPRESENTATION_CONTEXT() REPRESENTATION_CONTEXT('2D SPACE',''
  ) );
#10469 = PCURVE('',#7493,#10470);
#10470 = DEFINITIONAL_REPRESENTATION('',(#10471),#10475);
#10471 = LINE('',#10472,#10473);
#10472 = CARTESIAN_POINT('',(0.,-0.));
#10473 = VECTOR('',#10474,1.);
#10474 = DIRECTION('',(0.,1.));
#10475 = ( GEOMETRIC_REPRESENTATION_CONTEXT(2) 
PARAMETRIC_REPRESENTATION_CONTEXT() REPRESENTATION_CONTEXT('2D SPACE',''
  ) );
#10476 = ORIENTED_EDGE('',*,*,#7703,.T.);
#10477 = ORIENTED_EDGE('',*,*,#10456,.T.);
#10478 = ADVANCED_FACE('',(#10479),#7462,.F.);
#10479 = FACE_BOUND('',#10480,.F.);
#10480 = EDGE_LOOP('',(#10481,#10482,#10503,#10504));
#10481 = ORIENTED_EDGE('',*,*,#7445,.F.);
#10482 = ORIENTED_EDGE('',*,*,#10483,.F.);
#10483 = EDGE_CURVE('',#7678,#7446,#10484,.T.);
#10484 = SEAM_CURVE('',#10485,(#10489,#10496),.PCURVE_S1.);
#10485 = LINE('',#10486,#10487);
#10486 = CARTESIAN_POINT('',(-6.3,8.,-198.7));
#10487 = VECTOR('',#10488,1.);
#10488 = DIRECTION('',(0.,0.,1.));
#10489 = PCURVE('',#7462,#10490);
#10490 = DEFINITIONAL_REPRESENTATION('',(#10491),#10495);
#10491 = LINE('',#10492,#10493);
#10492 = CARTESIAN_POINT('',(6.28318530718,-0.));
#10493 = VECTOR('',#10494,1.);
#10494 = DIRECTION('',(0.,1.));
#10495 = ( GEOMETRIC_REPRESENTATION_CONTEXT(2) 
PARAMETRIC_REPRESENTATION_CONTEXT() REPRESENTATION_CONTEXT('2D SPACE',''
  ) );
#10496 = PCURVE('',#7462,#10497);
#10497 = DEFINITIONAL_REPRESENTATION('',(#10498),#10502);
#10498 = LINE('',#10499,#10500);
#10499 = CARTESIAN_POINT('',(0.,-0.));
#10500 = VECTOR('',#10501,1.);
#10501 = DIRECTION('',(0.,1.));
#10502 = ( GEOMETRIC_REPRESENTATION_CONTEXT(2) 
PARAMETRIC_REPRESENTATION_CONTEXT() REPRESENTATION_CONTEXT('2D SPACE',''
  ) );
#10503 = ORIENTED_EDGE('',*,*,#7677,.T.);
#10504 = ORIENTED_EDGE('',*,*,#10483,.T.);
#10505 = ADVANCED_FACE('',(#10506),#7431,.F.);
#10506 = FACE_BOUND('',#10507,.F.);
#10507 = EDGE_LOOP('',(#10508,#10509,#10530,#10531));
#10508 = ORIENTED_EDGE('',*,*,#7414,.F.);
#10509 = ORIENTED_EDGE('',*,*,#10510,.F.);
#10510 = EDGE_CURVE('',#7652,#7415,#10511,.T.);
#10511 = SEAM_CURVE('',#10512,(#10516,#10523),.PCURVE_S1.);
#10512 = LINE('',#10513,#10514);
#10513 = CARTESIAN_POINT('',(9.7,-8.,-198.7));
#10514 = VECTOR('',#10515,1.);
#10515 = DIRECTION('',(0.,0.,1.));
#10516 = PCURVE('',#7431,#10517);
#10517 = DEFINITIONAL_REPRESENTATION('',(#10518),#10522);
#10518 = LINE('',#10519,#10520);
#10519 = CARTESIAN_POINT('',(6.28318530718,-0.));
#10520 = VECTOR('',#10521,1.);
#10521 = DIRECTION('',(0.,1.));
#10522 = ( GEOMETRIC_REPRESENTATION_CONTEXT(2) 
PARAMETRIC_REPRESENTATION_CONTEXT() REPRESENTATION_CONTEXT('2D SPACE',''
  ) );
#10523 = PCURVE('',#7431,#10524);
#10524 = DEFINITIONAL_REPRESENTATION('',(#10525),#10529);
#10525 = LINE('',#10526,#10527);
#10526 = CARTESIAN_POINT('',(0.,-0.));
#10527 = VECTOR('',#10528,1.);
#10528 = DIRECTION('',(0.,1.));
#10529 = ( GEOMETRIC_REPRESENTATION_CONTEXT(2) 
PARAMETRIC_REPRESENTATION_CONTEXT() REPRESENTATION_CONTEXT('2D SPACE',''
  ) );
#10530 = ORIENTED_EDGE('',*,*,#7651,.T.);
#10531 = ORIENTED_EDGE('',*,*,#10510,.T.);
#10532 = ADVANCED_FACE('',(#10533),#7400,.F.);
#10533 = FACE_BOUND('',#10534,.F.);
#10534 = EDGE_LOOP('',(#10535,#10536,#10557,#10558));
#10535 = ORIENTED_EDGE('',*,*,#7383,.F.);
#10536 = ORIENTED_EDGE('',*,*,#10537,.F.);
#10537 = EDGE_CURVE('',#7626,#7384,#10538,.T.);
#10538 = SEAM_CURVE('',#10539,(#10543,#10550),.PCURVE_S1.);
#10539 = LINE('',#10540,#10541);
#10540 = CARTESIAN_POINT('',(-6.3,-8.,-198.7));
#10541 = VECTOR('',#10542,1.);
#10542 = DIRECTION('',(0.,0.,1.));
#10543 = PCURVE('',#7400,#10544);
#10544 = DEFINITIONAL_REPRESENTATION('',(#10545),#10549);
#10545 = LINE('',#10546,#10547);
#10546 = CARTESIAN_POINT('',(6.28318530718,-0.));
#10547 = VECTOR('',#10548,1.);
#10548 = DIRECTION('',(0.,1.));
#10549 = ( GEOMETRIC_REPRESENTATION_CONTEXT(2) 
PARAMETRIC_REPRESENTATION_CONTEXT() REPRESENTATION_CONTEXT('2D SPACE',''
  ) );
#10550 = PCURVE('',#7400,#10551);
#10551 = DEFINITIONAL_REPRESENTATION('',(#10552),#10556);
#10552 = LINE('',#10553,#10554);
#10553 = CARTESIAN_POINT('',(0.,-0.));
#10554 = VECTOR('',#10555,1.);
#10555 = DIRECTION('',(0.,1.));
#10556 = ( GEOMETRIC_REPRESENTATION_CONTEXT(2) 
PARAMETRIC_REPRESENTATION_CONTEXT() REPRESENTATION_CONTEXT('2D SPACE',''
  ) );
#10557 = ORIENTED_EDGE('',*,*,#7625,.T.);
#10558 = ORIENTED_EDGE('',*,*,#10537,.T.);
#10559 = ADVANCED_FACE('',(#10560),#1874,.F.);
#10560 = FACE_BOUND('',#10561,.F.);
#10561 = EDGE_LOOP('',(#10562,#10563,#10584,#10585));
#10562 = ORIENTED_EDGE('',*,*,#10009,.F.);
#10563 = ORIENTED_EDGE('',*,*,#10564,.F.);
#10564 = EDGE_CURVE('',#1716,#10010,#10565,.T.);
#10565 = SEAM_CURVE('',#10566,(#10570,#10577),.PCURVE_S1.);
#10566 = LINE('',#10567,#10568);
#10567 = CARTESIAN_POINT('',(-6.3,8.,-198.7));
#10568 = VECTOR('',#10569,1.);
#10569 = DIRECTION('',(0.,0.,1.));
#10570 = PCURVE('',#1874,#10571);
#10571 = DEFINITIONAL_REPRESENTATION('',(#10572),#10576);
#10572 = LINE('',#10573,#10574);
#10573 = CARTESIAN_POINT('',(0.,-0.));
#10574 = VECTOR('',#10575,1.);
#10575 = DIRECTION('',(0.,1.));
#10576 = ( GEOMETRIC_REPRESENTATION_CONTEXT(2) 
PARAMETRIC_REPRESENTATION_CONTEXT() REPRESENTATION_CONTEXT('2D SPACE',''
  ) );
#10577 = PCURVE('',#1874,#10578);
#10578 = DEFINITIONAL_REPRESENTATION('',(#10579),#10583);
#10579 = LINE('',#10580,#10581);
#10580 = CARTESIAN_POINT('',(6.28318530718,-0.));
#10581 = VECTOR('',#10582,1.);
#10582 = DIRECTION('',(0.,1.));
#10583 = ( GEOMETRIC_REPRESENTATION_CONTEXT(2) 
PARAMETRIC_REPRESENTATION_CONTEXT() REPRESENTATION_CONTEXT('2D SPACE',''
  ) );
#10584 = ORIENTED_EDGE('',*,*,#1715,.T.);
#10585 = ORIENTED_EDGE('',*,*,#10564,.T.);
#10586 = ADVANCED_FACE('',(#10587),#1613,.F.);
#10587 = FACE_BOUND('',#10588,.F.);
#10588 = EDGE_LOOP('',(#10589,#10590,#10611,#10612));
#10589 = ORIENTED_EDGE('',*,*,#9572,.F.);
#10590 = ORIENTED_EDGE('',*,*,#10591,.F.);
#10591 = EDGE_CURVE('',#1455,#9573,#10592,.T.);
#10592 = SEAM_CURVE('',#10593,(#10597,#10604),.PCURVE_S1.);
#10593 = LINE('',#10594,#10595);
#10594 = CARTESIAN_POINT('',(9.7,8.,-198.7));
#10595 = VECTOR('',#10596,1.);
#10596 = DIRECTION('',(0.,0.,1.));
#10597 = PCURVE('',#1613,#10598);
#10598 = DEFINITIONAL_REPRESENTATION('',(#10599),#10603);
#10599 = LINE('',#10600,#10601);
#10600 = CARTESIAN_POINT('',(0.,-0.));
#10601 = VECTOR('',#10602,1.);
#10602 = DIRECTION('',(0.,1.));
#10603 = ( GEOMETRIC_REPRESENTATION_CONTEXT(2) 
PARAMETRIC_REPRESENTATION_CONTEXT() REPRESENTATION_CONTEXT('2D SPACE',''
  ) );
#10604 = PCURVE('',#1613,#10605);
#10605 = DEFINITIONAL_REPRESENTATION('',(#10606),#10610);
#10606 = LINE('',#10607,#10608);
#10607 = CARTESIAN_POINT('',(6.28318530718,-0.));
#10608 = VECTOR('',#10609,1.);
#10609 = DIRECTION('',(0.,1.));
#10610 = ( GEOMETRIC_REPRESENTATION_CONTEXT(2) 
PARAMETRIC_REPRESENTATION_CONTEXT() REPRESENTATION_CONTEXT('2D SPACE',''
  ) );
#10611 = ORIENTED_EDGE('',*,*,#1454,.T.);
#10612 = ORIENTED_EDGE('',*,*,#10591,.T.);
#10613 = ADVANCED_FACE('',(#10614),#1352,.F.);
#10614 = FACE_BOUND('',#10615,.F.);
#10615 = EDGE_LOOP('',(#10616,#10617,#10638,#10639));
#10616 = ORIENTED_EDGE('',*,*,#9128,.F.);
#10617 = ORIENTED_EDGE('',*,*,#10618,.F.);
#10618 = EDGE_CURVE('',#1194,#9129,#10619,.T.);
#10619 = SEAM_CURVE('',#10620,(#10624,#10631),.PCURVE_S1.);
#10620 = LINE('',#10621,#10622);
#10621 = CARTESIAN_POINT('',(9.7,-8.,-198.7));
#10622 = VECTOR('',#10623,1.);
#10623 = DIRECTION('',(0.,0.,1.));
#10624 = PCURVE('',#1352,#10625);
#10625 = DEFINITIONAL_REPRESENTATION('',(#10626),#10630);
#10626 = LINE('',#10627,#10628);
#10627 = CARTESIAN_POINT('',(0.,-0.));
#10628 = VECTOR('',#10629,1.);
#10629 = DIRECTION('',(0.,1.));
#10630 = ( GEOMETRIC_REPRESENTATION_CONTEXT(2) 
PARAMETRIC_REPRESENTATION_CONTEXT() REPRESENTATION_CONTEXT('2D SPACE',''
  ) );
#10631 = PCURVE('',#1352,#10632);
#10632 = DEFINITIONAL_REPRESENTATION('',(#10633),#10637);
#10633 = LINE('',#10634,#10635);
#10634 = CARTESIAN_POINT('',(6.28318530718,-0.));
#10635 = VECTOR('',#10636,1.);
#10636 = DIRECTION('',(0.,1.));
#10637 = ( GEOMETRIC_REPRESENTATION_CONTEXT(2) 
PARAMETRIC_REPRESENTATION_CONTEXT() REPRESENTATION_CONTEXT('2D SPACE',''
  ) );
#10638 = ORIENTED_EDGE('',*,*,#1193,.T.);
#10639 = ORIENTED_EDGE('',*,*,#10618,.T.);
#10640 = ADVANCED_FACE('',(#10641),#1091,.F.);
#10641 = FACE_BOUND('',#10642,.F.);
#10642 = EDGE_LOOP('',(#10643,#10644,#10665,#10666));
#10643 = ORIENTED_EDGE('',*,*,#8691,.F.);
#10644 = ORIENTED_EDGE('',*,*,#10645,.F.);
#10645 = EDGE_CURVE('',#926,#8692,#10646,.T.);
#10646 = SEAM_CURVE('',#10647,(#10651,#10658),.PCURVE_S1.);
#10647 = LINE('',#10648,#10649);
#10648 = CARTESIAN_POINT('',(-6.3,-8.,-198.7));
#10649 = VECTOR('',#10650,1.);
#10650 = DIRECTION('',(0.,0.,1.));
#10651 = PCURVE('',#1091,#10652);
#10652 = DEFINITIONAL_REPRESENTATION('',(#10653),#10657);
#10653 = LINE('',#10654,#10655);
#10654 = CARTESIAN_POINT('',(0.,-0.));
#10655 = VECTOR('',#10656,1.);
#10656 = DIRECTION('',(0.,1.));
#10657 = ( GEOMETRIC_REPRESENTATION_CONTEXT(2) 
PARAMETRIC_REPRESENTATION_CONTEXT() REPRESENTATION_CONTEXT('2D SPACE',''
  ) );
#10658 = PCURVE('',#1091,#10659);
#10659 = DEFINITIONAL_REPRESENTATION('',(#10660),#10664);
#10660 = LINE('',#10661,#10662);
#10661 = CARTESIAN_POINT('',(6.28318530718,-0.));
#10662 = VECTOR('',#10663,1.);
#10663 = DIRECTION('',(0.,1.));
#10664 = ( GEOMETRIC_REPRESENTATION_CONTEXT(2) 
PARAMETRIC_REPRESENTATION_CONTEXT() REPRESENTATION_CONTEXT('2D SPACE',''
  ) );
#10665 = ORIENTED_EDGE('',*,*,#925,.T.);
#10666 = ORIENTED_EDGE('',*,*,#10645,.T.);
#10667 = ADVANCED_FACE('',(#10668),#530,.T.);
#10668 = FACE_BOUND('',#10669,.T.);
#10669 = EDGE_LOOP('',(#10670,#10671,#10692,#10693,#10694,#10695));
#10670 = ORIENTED_EDGE('',*,*,#6819,.T.);
#10671 = ORIENTED_EDGE('',*,*,#10672,.F.);
#10672 = EDGE_CURVE('',#419,#6820,#10673,.T.);
#10673 = SEAM_CURVE('',#10674,(#10678,#10685),.PCURVE_S1.);
#10674 = LINE('',#10675,#10676);
#10675 = CARTESIAN_POINT('',(46.8,-1.146269404002E-14,-202.6));
#10676 = VECTOR('',#10677,1.);
#10677 = DIRECTION('',(0.,0.,1.));
#10678 = PCURVE('',#530,#10679);
#10679 = DEFINITIONAL_REPRESENTATION('',(#10680),#10684);
#10680 = LINE('',#10681,#10682);
#10681 = CARTESIAN_POINT('',(6.28318530718,-0.));
#10682 = VECTOR('',#10683,1.);
#10683 = DIRECTION('',(0.,1.));
#10684 = ( GEOMETRIC_REPRESENTATION_CONTEXT(2) 
PARAMETRIC_REPRESENTATION_CONTEXT() REPRESENTATION_CONTEXT('2D SPACE',''
  ) );
#10685 = PCURVE('',#530,#10686);
#10686 = DEFINITIONAL_REPRESENTATION('',(#10687),#10691);
#10687 = LINE('',#10688,#10689);
#10688 = CARTESIAN_POINT('',(0.,-0.));
#10689 = VECTOR('',#10690,1.);
#10690 = DIRECTION('',(0.,1.));
#10691 = ( GEOMETRIC_REPRESENTATION_CONTEXT(2) 
PARAMETRIC_REPRESENTATION_CONTEXT() REPRESENTATION_CONTEXT('2D SPACE',''
  ) );
#10692 = ORIENTED_EDGE('',*,*,#418,.F.);
#10693 = ORIENTED_EDGE('',*,*,#590,.F.);
#10694 = ORIENTED_EDGE('',*,*,#10672,.T.);
#10695 = ORIENTED_EDGE('',*,*,#6965,.T.);
#10696 = ADVANCED_FACE('',(#10697),#226,.F.);
#10697 = FACE_BOUND('',#10698,.F.);
#10698 = EDGE_LOOP('',(#10699,#10700,#10721,#10722,#10723,#10724));
#10699 = ORIENTED_EDGE('',*,*,#8270,.T.);
#10700 = ORIENTED_EDGE('',*,*,#10701,.F.);
#10701 = EDGE_CURVE('',#57,#8273,#10702,.T.);
#10702 = SEAM_CURVE('',#10703,(#10707,#10714),.PCURVE_S1.);
#10703 = LINE('',#10704,#10705);
#10704 = CARTESIAN_POINT('',(4.5,-1.102182119233E-15,-198.7));
#10705 = VECTOR('',#10706,1.);
#10706 = DIRECTION('',(0.,0.,1.));
#10707 = PCURVE('',#226,#10708);
#10708 = DEFINITIONAL_REPRESENTATION('',(#10709),#10713);
#10709 = LINE('',#10710,#10711);
#10710 = CARTESIAN_POINT('',(6.28318530718,-0.));
#10711 = VECTOR('',#10712,1.);
#10712 = DIRECTION('',(0.,1.));
#10713 = ( GEOMETRIC_REPRESENTATION_CONTEXT(2) 
PARAMETRIC_REPRESENTATION_CONTEXT() REPRESENTATION_CONTEXT('2D SPACE',''
  ) );
#10714 = PCURVE('',#226,#10715);
#10715 = DEFINITIONAL_REPRESENTATION('',(#10716),#10720);
#10716 = LINE('',#10717,#10718);
#10717 = CARTESIAN_POINT('',(0.,-0.));
#10718 = VECTOR('',#10719,1.);
#10719 = DIRECTION('',(0.,1.));
#10720 = ( GEOMETRIC_REPRESENTATION_CONTEXT(2) 
PARAMETRIC_REPRESENTATION_CONTEXT() REPRESENTATION_CONTEXT('2D SPACE',''
  ) );
#10721 = ORIENTED_EDGE('',*,*,#315,.F.);
#10722 = ORIENTED_EDGE('',*,*,#56,.F.);
#10723 = ORIENTED_EDGE('',*,*,#10701,.T.);
#10724 = ORIENTED_EDGE('',*,*,#8401,.T.);
#10725 = ( GEOMETRIC_REPRESENTATION_CONTEXT(3) 
GLOBAL_UNCERTAINTY_ASSIGNED_CONTEXT((#10729)) 
GLOBAL_UNIT_ASSIGNED_CONTEXT((#10726,#10727,#10728)) 
REPRESENTATION_CONTEXT('Context #1',
  '3D Context with UNIT and UNCERTAINTY') );
#10726 = ( LENGTH_UNIT() NAMED_UNIT(*) SI_UNIT(.MILLI.,.METRE.) );
#10727 = ( NAMED_UNIT(*) PLANE_ANGLE_UNIT() SI_UNIT($,.RADIAN.) );
#10728 = ( NAMED_UNIT(*) SI_UNIT($,.STERADIAN.) SOLID_ANGLE_UNIT() );
#10729 = UNCERTAINTY_MEASURE_WITH_UNIT(LENGTH_MEASURE(1.E-06),#10726,
  'distance_accuracy_value','confusion accuracy');
#10730 = PRODUCT_RELATED_PRODUCT_CATEGORY('part',$,(#7));
ENDSEC;
END-ISO-10303-21;
