ISO-10303-21;
HEADER;
FILE_DESCRIPTION(('Open CASCADE Model'),'2;1');
FILE_NAME('Open CASCADE Shape Model','2026-09-28T22:40:10',('Author'),(
    'Open CASCADE'),'Open CASCADE STEP processor 7.9','Open CASCADE 7.9'
  ,'Unknown');
FILE_SCHEMA(('AUTOMOTIVE_DESIGN { 1 0 10303 214 1 1 1 1 }'));
ENDSEC;
DATA;
#1 = APPLICATION_PROTOCOL_DEFINITION('international standard',
  'automotive_design',2000,#2);
#2 = APPLICATION_CONTEXT(
  'core data for automotive mechanical design processes');
#3 = SHAPE_DEFINITION_REPRESENTATION(#4,#10);
#4 = PRODUCT_DEFINITION_SHAPE('','',#5);
#5 = PRODUCT_DEFINITION('design','',#6,#9);
#6 = PRODUCT_DEFINITION_FORMATION('','',#7);
#7 = PRODUCT('Open CASCADE STEP translator 7.9 13',
  'Open CASCADE STEP translator 7.9 13','',(#8));
#8 = PRODUCT_CONTEXT('',#2,'mechanical');
#9 = PRODUCT_DEFINITION_CONTEXT('part definition',#2,'design');
#10 = ADVANCED_BREP_SHAPE_REPRESENTATION('',(#11,#15),#3185);
#11 = AXIS2_PLACEMENT_3D('',#12,#13,#14);
#12 = CARTESIAN_POINT('',(0.,0.,0.));
#13 = DIRECTION('',(0.,0.,1.));
#14 = DIRECTION('',(1.,0.,-0.));
#15 = MANIFOLD_SOLID_BREP('',#16);
#16 = CLOSED_SHELL('',(#17,#105,#160,#215,#270,#325,#380,#435,#490,#545,
    #600,#655,#710,#765,#820,#875,#930,#985,#1040,#1099,#1189,#1495,
    #2257,#2330,#2684,#2783,#2833,#2892,#2947,#2951,#3028,#3035,#3039,
    #3091,#3141,#3166,#3175));
#17 = ADVANCED_FACE('',(#18),#31,.F.);
#18 = FACE_BOUND('',#19,.F.);
#19 = EDGE_LOOP('',(#20,#54,#77,#104));
#20 = ORIENTED_EDGE('',*,*,#21,.T.);
#21 = EDGE_CURVE('',#22,#22,#24,.T.);
#22 = VERTEX_POINT('',#23);
#23 = CARTESIAN_POINT('',(28.574374157796,0.,0.));
#24 = SURFACE_CURVE('',#25,(#30,#42),.PCURVE_S1.);
#25 = CIRCLE('',#26,28.574374157796);
#26 = AXIS2_PLACEMENT_3D('',#27,#28,#29);
#27 = CARTESIAN_POINT('',(0.,0.,0.));
#28 = DIRECTION('',(0.,0.,1.));
#29 = DIRECTION('',(1.,0.,-0.));
#30 = PCURVE('',#31,#36);
#31 = CONICAL_SURFACE('',#32,28.574374157796,0.261799387799);
#32 = AXIS2_PLACEMENT_3D('',#33,#34,#35);
#33 = CARTESIAN_POINT('',(0.,0.,0.));
#34 = DIRECTION('',(-0.,-0.,-1.));
#35 = DIRECTION('',(1.,0.,-0.));
#36 = DEFINITIONAL_REPRESENTATION('',(#37),#41);
#37 = LINE('',#38,#39);
#38 = CARTESIAN_POINT('',(-0.,-0.));
#39 = VECTOR('',#40,1.);
#40 = DIRECTION('',(-1.,-0.));
#41 = ( GEOMETRIC_REPRESENTATION_CONTEXT(2) 
PARAMETRIC_REPRESENTATION_CONTEXT() REPRESENTATION_CONTEXT('2D SPACE',''
  ) );
#42 = PCURVE('',#43,#48);
#43 = PLANE('',#44);
#44 = AXIS2_PLACEMENT_3D('',#45,#46,#47);
#45 = CARTESIAN_POINT('',(0.,0.,0.));
#46 = DIRECTION('',(0.,0.,1.));
#47 = DIRECTION('',(1.,0.,-0.));
#48 = DEFINITIONAL_REPRESENTATION('',(#49),#53);
#49 = CIRCLE('',#50,28.574374157796);
#50 = AXIS2_PLACEMENT_2D('',#51,#52);
#51 = CARTESIAN_POINT('',(0.,0.));
#52 = DIRECTION('',(1.,0.));
#53 = ( GEOMETRIC_REPRESENTATION_CONTEXT(2) 
PARAMETRIC_REPRESENTATION_CONTEXT() REPRESENTATION_CONTEXT('2D SPACE',''
  ) );
#54 = ORIENTED_EDGE('',*,*,#55,.T.);
#55 = EDGE_CURVE('',#22,#56,#58,.T.);
#56 = VERTEX_POINT('',#57);
#57 = CARTESIAN_POINT('',(20.,0.,32.));
#58 = SEAM_CURVE('',#59,(#63,#70),.PCURVE_S1.);
#59 = LINE('',#60,#61);
#60 = CARTESIAN_POINT('',(28.574374157796,0.,0.));
#61 = VECTOR('',#62,1.);
#62 = DIRECTION('',(-0.258819045103,0.,0.965925826289));
#63 = PCURVE('',#31,#64);
#64 = DEFINITIONAL_REPRESENTATION('',(#65),#69);
#65 = LINE('',#66,#67);
#66 = CARTESIAN_POINT('',(-0.,-0.));
#67 = VECTOR('',#68,1.);
#68 = DIRECTION('',(-0.,-1.));
#69 = ( GEOMETRIC_REPRESENTATION_CONTEXT(2) 
PARAMETRIC_REPRESENTATION_CONTEXT() REPRESENTATION_CONTEXT('2D SPACE',''
  ) );
#70 = PCURVE('',#31,#71);
#71 = DEFINITIONAL_REPRESENTATION('',(#72),#76);
#72 = LINE('',#73,#74);
#73 = CARTESIAN_POINT('',(-6.28318530718,-0.));
#74 = VECTOR('',#75,1.);
#75 = DIRECTION('',(-0.,-1.));
#76 = ( GEOMETRIC_REPRESENTATION_CONTEXT(2) 
PARAMETRIC_REPRESENTATION_CONTEXT() REPRESENTATION_CONTEXT('2D SPACE',''
  ) );
#77 = ORIENTED_EDGE('',*,*,#78,.F.);
#78 = EDGE_CURVE('',#56,#56,#79,.T.);
#79 = SURFACE_CURVE('',#80,(#85,#92),.PCURVE_S1.);
#80 = CIRCLE('',#81,20.);
#81 = AXIS2_PLACEMENT_3D('',#82,#83,#84);
#82 = CARTESIAN_POINT('',(0.,0.,32.));
#83 = DIRECTION('',(0.,0.,1.));
#84 = DIRECTION('',(1.,0.,-0.));
#85 = PCURVE('',#31,#86);
#86 = DEFINITIONAL_REPRESENTATION('',(#87),#91);
#87 = LINE('',#88,#89);
#88 = CARTESIAN_POINT('',(-0.,-32.));
#89 = VECTOR('',#90,1.);
#90 = DIRECTION('',(-1.,-0.));
#91 = ( GEOMETRIC_REPRESENTATION_CONTEXT(2) 
PARAMETRIC_REPRESENTATION_CONTEXT() REPRESENTATION_CONTEXT('2D SPACE',''
  ) );
#92 = PCURVE('',#93,#98);
#93 = CONICAL_SURFACE('',#94,20.,9.817477042468E-02);
#94 = AXIS2_PLACEMENT_3D('',#95,#96,#97);
#95 = CARTESIAN_POINT('',(0.,0.,32.));
#96 = DIRECTION('',(0.,0.,1.));
#97 = DIRECTION('',(1.,0.,-0.));
#98 = DEFINITIONAL_REPRESENTATION('',(#99),#103);
#99 = LINE('',#100,#101);
#100 = CARTESIAN_POINT('',(0.,0.));
#101 = VECTOR('',#102,1.);
#102 = DIRECTION('',(1.,0.));
#103 = ( GEOMETRIC_REPRESENTATION_CONTEXT(2) 
PARAMETRIC_REPRESENTATION_CONTEXT() REPRESENTATION_CONTEXT('2D SPACE',''
  ) );
#104 = ORIENTED_EDGE('',*,*,#55,.F.);
#105 = ADVANCED_FACE('',(#106),#93,.F.);
#106 = FACE_BOUND('',#107,.F.);
#107 = EDGE_LOOP('',(#108,#109,#132,#159));
#108 = ORIENTED_EDGE('',*,*,#78,.T.);
#109 = ORIENTED_EDGE('',*,*,#110,.T.);
#110 = EDGE_CURVE('',#56,#111,#113,.T.);
#111 = VERTEX_POINT('',#112);
#112 = CARTESIAN_POINT('',(20.05764415879,0.,32.585270966048));
#113 = SEAM_CURVE('',#114,(#118,#125),.PCURVE_S1.);
#114 = LINE('',#115,#116);
#115 = CARTESIAN_POINT('',(20.,0.,32.));
#116 = VECTOR('',#117,1.);
#117 = DIRECTION('',(9.801714032956E-02,0.,0.995184726672));
#118 = PCURVE('',#93,#119);
#119 = DEFINITIONAL_REPRESENTATION('',(#120),#124);
#120 = LINE('',#121,#122);
#121 = CARTESIAN_POINT('',(0.,0.));
#122 = VECTOR('',#123,1.);
#123 = DIRECTION('',(0.,1.));
#124 = ( GEOMETRIC_REPRESENTATION_CONTEXT(2) 
PARAMETRIC_REPRESENTATION_CONTEXT() REPRESENTATION_CONTEXT('2D SPACE',''
  ) );
#125 = PCURVE('',#93,#126);
#126 = DEFINITIONAL_REPRESENTATION('',(#127),#131);
#127 = LINE('',#128,#129);
#128 = CARTESIAN_POINT('',(6.28318530718,0.));
#129 = VECTOR('',#130,1.);
#130 = DIRECTION('',(0.,1.));
#131 = ( GEOMETRIC_REPRESENTATION_CONTEXT(2) 
PARAMETRIC_REPRESENTATION_CONTEXT() REPRESENTATION_CONTEXT('2D SPACE',''
  ) );
#132 = ORIENTED_EDGE('',*,*,#133,.F.);
#133 = EDGE_CURVE('',#111,#111,#134,.T.);
#134 = SURFACE_CURVE('',#135,(#140,#147),.PCURVE_S1.);
#135 = CIRCLE('',#136,20.05764415879);
#136 = AXIS2_PLACEMENT_3D('',#137,#138,#139);
#137 = CARTESIAN_POINT('',(0.,0.,32.585270966048));
#138 = DIRECTION('',(0.,0.,1.));
#139 = DIRECTION('',(1.,0.,-0.));
#140 = PCURVE('',#93,#141);
#141 = DEFINITIONAL_REPRESENTATION('',(#142),#146);
#142 = LINE('',#143,#144);
#143 = CARTESIAN_POINT('',(0.,0.585270966048));
#144 = VECTOR('',#145,1.);
#145 = DIRECTION('',(1.,0.));
#146 = ( GEOMETRIC_REPRESENTATION_CONTEXT(2) 
PARAMETRIC_REPRESENTATION_CONTEXT() REPRESENTATION_CONTEXT('2D SPACE',''
  ) );
#147 = PCURVE('',#148,#153);
#148 = CONICAL_SURFACE('',#149,20.05764415879,0.294524311274);
#149 = AXIS2_PLACEMENT_3D('',#150,#151,#152);
#150 = CARTESIAN_POINT('',(0.,0.,32.585270966048));
#151 = DIRECTION('',(0.,0.,1.));
#152 = DIRECTION('',(1.,0.,-0.));
#153 = DEFINITIONAL_REPRESENTATION('',(#154),#158);
#154 = LINE('',#155,#156);
#155 = CARTESIAN_POINT('',(0.,0.));
#156 = VECTOR('',#157,1.);
#157 = DIRECTION('',(1.,0.));
#158 = ( GEOMETRIC_REPRESENTATION_CONTEXT(2) 
PARAMETRIC_REPRESENTATION_CONTEXT() REPRESENTATION_CONTEXT('2D SPACE',''
  ) );
#159 = ORIENTED_EDGE('',*,*,#110,.F.);
#160 = ADVANCED_FACE('',(#161),#148,.F.);
#161 = FACE_BOUND('',#162,.F.);
#162 = EDGE_LOOP('',(#163,#164,#187,#214));
#163 = ORIENTED_EDGE('',*,*,#133,.T.);
#164 = ORIENTED_EDGE('',*,*,#165,.T.);
#165 = EDGE_CURVE('',#111,#166,#168,.T.);
#166 = VERTEX_POINT('',#167);
#167 = CARTESIAN_POINT('',(20.228361402466,0.,33.148050297095));
#168 = SEAM_CURVE('',#169,(#173,#180),.PCURVE_S1.);
#169 = LINE('',#170,#171);
#170 = CARTESIAN_POINT('',(20.05764415879,0.,32.585270966048));
#171 = VECTOR('',#172,1.);
#172 = DIRECTION('',(0.290284677254,0.,0.956940335732));
#173 = PCURVE('',#148,#174);
#174 = DEFINITIONAL_REPRESENTATION('',(#175),#179);
#175 = LINE('',#176,#177);
#176 = CARTESIAN_POINT('',(0.,0.));
#177 = VECTOR('',#178,1.);
#178 = DIRECTION('',(0.,1.));
#179 = ( GEOMETRIC_REPRESENTATION_CONTEXT(2) 
PARAMETRIC_REPRESENTATION_CONTEXT() REPRESENTATION_CONTEXT('2D SPACE',''
  ) );
#180 = PCURVE('',#148,#181);
#181 = DEFINITIONAL_REPRESENTATION('',(#182),#186);
#182 = LINE('',#183,#184);
#183 = CARTESIAN_POINT('',(6.28318530718,0.));
#184 = VECTOR('',#185,1.);
#185 = DIRECTION('',(0.,1.));
#186 = ( GEOMETRIC_REPRESENTATION_CONTEXT(2) 
PARAMETRIC_REPRESENTATION_CONTEXT() REPRESENTATION_CONTEXT('2D SPACE',''
  ) );
#187 = ORIENTED_EDGE('',*,*,#188,.F.);
#188 = EDGE_CURVE('',#166,#166,#189,.T.);
#189 = SURFACE_CURVE('',#190,(#195,#202),.PCURVE_S1.);
#190 = CIRCLE('',#191,20.228361402466);
#191 = AXIS2_PLACEMENT_3D('',#192,#193,#194);
#192 = CARTESIAN_POINT('',(0.,0.,33.148050297095));
#193 = DIRECTION('',(0.,0.,1.));
#194 = DIRECTION('',(1.,0.,-0.));
#195 = PCURVE('',#148,#196);
#196 = DEFINITIONAL_REPRESENTATION('',(#197),#201);
#197 = LINE('',#198,#199);
#198 = CARTESIAN_POINT('',(0.,0.562779331047));
#199 = VECTOR('',#200,1.);
#200 = DIRECTION('',(1.,0.));
#201 = ( GEOMETRIC_REPRESENTATION_CONTEXT(2) 
PARAMETRIC_REPRESENTATION_CONTEXT() REPRESENTATION_CONTEXT('2D SPACE',''
  ) );
#202 = PCURVE('',#203,#208);
#203 = CONICAL_SURFACE('',#204,20.228361402466,0.490873852123);
#204 = AXIS2_PLACEMENT_3D('',#205,#206,#207);
#205 = CARTESIAN_POINT('',(0.,0.,33.148050297095));
#206 = DIRECTION('',(0.,0.,1.));
#207 = DIRECTION('',(1.,0.,-0.));
#208 = DEFINITIONAL_REPRESENTATION('',(#209),#213);
#209 = LINE('',#210,#211);
#210 = CARTESIAN_POINT('',(0.,0.));
#211 = VECTOR('',#212,1.);
#212 = DIRECTION('',(1.,0.));
#213 = ( GEOMETRIC_REPRESENTATION_CONTEXT(2) 
PARAMETRIC_REPRESENTATION_CONTEXT() REPRESENTATION_CONTEXT('2D SPACE',''
  ) );
#214 = ORIENTED_EDGE('',*,*,#165,.F.);
#215 = ADVANCED_FACE('',(#216),#203,.F.);
#216 = FACE_BOUND('',#217,.F.);
#217 = EDGE_LOOP('',(#218,#219,#242,#269));
#218 = ORIENTED_EDGE('',*,*,#188,.T.);
#219 = ORIENTED_EDGE('',*,*,#220,.T.);
#220 = EDGE_CURVE('',#166,#221,#223,.T.);
#221 = VERTEX_POINT('',#222);
#222 = CARTESIAN_POINT('',(20.505591163092,0.,33.666710699059));
#223 = SEAM_CURVE('',#224,(#228,#235),.PCURVE_S1.);
#224 = LINE('',#225,#226);
#225 = CARTESIAN_POINT('',(20.228361402466,0.,33.148050297095));
#226 = VECTOR('',#227,1.);
#227 = DIRECTION('',(0.471396736826,0.,0.881921264348));
#228 = PCURVE('',#203,#229);
#229 = DEFINITIONAL_REPRESENTATION('',(#230),#234);
#230 = LINE('',#231,#232);
#231 = CARTESIAN_POINT('',(0.,0.));
#232 = VECTOR('',#233,1.);
#233 = DIRECTION('',(0.,1.));
#234 = ( GEOMETRIC_REPRESENTATION_CONTEXT(2) 
PARAMETRIC_REPRESENTATION_CONTEXT() REPRESENTATION_CONTEXT('2D SPACE',''
  ) );
#235 = PCURVE('',#203,#236);
#236 = DEFINITIONAL_REPRESENTATION('',(#237),#241);
#237 = LINE('',#238,#239);
#238 = CARTESIAN_POINT('',(6.28318530718,0.));
#239 = VECTOR('',#240,1.);
#240 = DIRECTION('',(0.,1.));
#241 = ( GEOMETRIC_REPRESENTATION_CONTEXT(2) 
PARAMETRIC_REPRESENTATION_CONTEXT() REPRESENTATION_CONTEXT('2D SPACE',''
  ) );
#242 = ORIENTED_EDGE('',*,*,#243,.F.);
#243 = EDGE_CURVE('',#221,#221,#244,.T.);
#244 = SURFACE_CURVE('',#245,(#250,#257),.PCURVE_S1.);
#245 = CIRCLE('',#246,20.505591163092);
#246 = AXIS2_PLACEMENT_3D('',#247,#248,#249);
#247 = CARTESIAN_POINT('',(0.,0.,33.666710699059));
#248 = DIRECTION('',(0.,0.,1.));
#249 = DIRECTION('',(1.,0.,-0.));
#250 = PCURVE('',#203,#251);
#251 = DEFINITIONAL_REPRESENTATION('',(#252),#256);
#252 = LINE('',#253,#254);
#253 = CARTESIAN_POINT('',(0.,0.518660401964));
#254 = VECTOR('',#255,1.);
#255 = DIRECTION('',(1.,0.));
#256 = ( GEOMETRIC_REPRESENTATION_CONTEXT(2) 
PARAMETRIC_REPRESENTATION_CONTEXT() REPRESENTATION_CONTEXT('2D SPACE',''
  ) );
#257 = PCURVE('',#258,#263);
#258 = CONICAL_SURFACE('',#259,20.505591163092,0.687223392973);
#259 = AXIS2_PLACEMENT_3D('',#260,#261,#262);
#260 = CARTESIAN_POINT('',(0.,0.,33.666710699059));
#261 = DIRECTION('',(0.,0.,1.));
#262 = DIRECTION('',(1.,0.,-0.));
#263 = DEFINITIONAL_REPRESENTATION('',(#264),#268);
#264 = LINE('',#265,#266);
#265 = CARTESIAN_POINT('',(0.,0.));
#266 = VECTOR('',#267,1.);
#267 = DIRECTION('',(1.,0.));
#268 = ( GEOMETRIC_REPRESENTATION_CONTEXT(2) 
PARAMETRIC_REPRESENTATION_CONTEXT() REPRESENTATION_CONTEXT('2D SPACE',''
  ) );
#269 = ORIENTED_EDGE('',*,*,#220,.F.);
#270 = ADVANCED_FACE('',(#271),#258,.F.);
#271 = FACE_BOUND('',#272,.F.);
#272 = EDGE_LOOP('',(#273,#274,#297,#324));
#273 = ORIENTED_EDGE('',*,*,#243,.T.);
#274 = ORIENTED_EDGE('',*,*,#275,.T.);
#275 = EDGE_CURVE('',#221,#276,#278,.T.);
#276 = VERTEX_POINT('',#277);
#277 = CARTESIAN_POINT('',(20.87867965644,0.,34.12132034356));
#278 = SEAM_CURVE('',#279,(#283,#290),.PCURVE_S1.);
#279 = LINE('',#280,#281);
#280 = CARTESIAN_POINT('',(20.505591163092,0.,33.666710699059));
#281 = VECTOR('',#282,1.);
#282 = DIRECTION('',(0.634393284164,0.,0.773010453363));
#283 = PCURVE('',#258,#284);
#284 = DEFINITIONAL_REPRESENTATION('',(#285),#289);
#285 = LINE('',#286,#287);
#286 = CARTESIAN_POINT('',(0.,0.));
#287 = VECTOR('',#288,1.);
#288 = DIRECTION('',(0.,1.));
#289 = ( GEOMETRIC_REPRESENTATION_CONTEXT(2) 
PARAMETRIC_REPRESENTATION_CONTEXT() REPRESENTATION_CONTEXT('2D SPACE',''
  ) );
#290 = PCURVE('',#258,#291);
#291 = DEFINITIONAL_REPRESENTATION('',(#292),#296);
#292 = LINE('',#293,#294);
#293 = CARTESIAN_POINT('',(6.28318530718,0.));
#294 = VECTOR('',#295,1.);
#295 = DIRECTION('',(0.,1.));
#296 = ( GEOMETRIC_REPRESENTATION_CONTEXT(2) 
PARAMETRIC_REPRESENTATION_CONTEXT() REPRESENTATION_CONTEXT('2D SPACE',''
  ) );
#297 = ORIENTED_EDGE('',*,*,#298,.F.);
#298 = EDGE_CURVE('',#276,#276,#299,.T.);
#299 = SURFACE_CURVE('',#300,(#305,#312),.PCURVE_S1.);
#300 = CIRCLE('',#301,20.87867965644);
#301 = AXIS2_PLACEMENT_3D('',#302,#303,#304);
#302 = CARTESIAN_POINT('',(0.,0.,34.12132034356));
#303 = DIRECTION('',(0.,0.,1.));
#304 = DIRECTION('',(1.,0.,-0.));
#305 = PCURVE('',#258,#306);
#306 = DEFINITIONAL_REPRESENTATION('',(#307),#311);
#307 = LINE('',#308,#309);
#308 = CARTESIAN_POINT('',(0.,0.454609644501));
#309 = VECTOR('',#310,1.);
#310 = DIRECTION('',(1.,0.));
#311 = ( GEOMETRIC_REPRESENTATION_CONTEXT(2) 
PARAMETRIC_REPRESENTATION_CONTEXT() REPRESENTATION_CONTEXT('2D SPACE',''
  ) );
#312 = PCURVE('',#313,#318);
#313 = CONICAL_SURFACE('',#314,20.87867965644,0.883572933822);
#314 = AXIS2_PLACEMENT_3D('',#315,#316,#317);
#315 = CARTESIAN_POINT('',(0.,0.,34.12132034356));
#316 = DIRECTION('',(0.,0.,1.));
#317 = DIRECTION('',(1.,0.,-0.));
#318 = DEFINITIONAL_REPRESENTATION('',(#319),#323);
#319 = LINE('',#320,#321);
#320 = CARTESIAN_POINT('',(0.,0.));
#321 = VECTOR('',#322,1.);
#322 = DIRECTION('',(1.,0.));
#323 = ( GEOMETRIC_REPRESENTATION_CONTEXT(2) 
PARAMETRIC_REPRESENTATION_CONTEXT() REPRESENTATION_CONTEXT('2D SPACE',''
  ) );
#324 = ORIENTED_EDGE('',*,*,#275,.F.);
#325 = ADVANCED_FACE('',(#326),#313,.F.);
#326 = FACE_BOUND('',#327,.F.);
#327 = EDGE_LOOP('',(#328,#329,#352,#379));
#328 = ORIENTED_EDGE('',*,*,#298,.T.);
#329 = ORIENTED_EDGE('',*,*,#330,.T.);
#330 = EDGE_CURVE('',#276,#331,#333,.T.);
#331 = VERTEX_POINT('',#332);
#332 = CARTESIAN_POINT('',(21.333289300941,0.,34.494408836908));
#333 = SEAM_CURVE('',#334,(#338,#345),.PCURVE_S1.);
#334 = LINE('',#335,#336);
#335 = CARTESIAN_POINT('',(20.87867965644,0.,34.12132034356));
#336 = VECTOR('',#337,1.);
#337 = DIRECTION('',(0.773010453363,0.,0.634393284164));
#338 = PCURVE('',#313,#339);
#339 = DEFINITIONAL_REPRESENTATION('',(#340),#344);
#340 = LINE('',#341,#342);
#341 = CARTESIAN_POINT('',(0.,0.));
#342 = VECTOR('',#343,1.);
#343 = DIRECTION('',(0.,1.));
#344 = ( GEOMETRIC_REPRESENTATION_CONTEXT(2) 
PARAMETRIC_REPRESENTATION_CONTEXT() REPRESENTATION_CONTEXT('2D SPACE',''
  ) );
#345 = PCURVE('',#313,#346);
#346 = DEFINITIONAL_REPRESENTATION('',(#347),#351);
#347 = LINE('',#348,#349);
#348 = CARTESIAN_POINT('',(6.28318530718,0.));
#349 = VECTOR('',#350,1.);
#350 = DIRECTION('',(0.,1.));
#351 = ( GEOMETRIC_REPRESENTATION_CONTEXT(2) 
PARAMETRIC_REPRESENTATION_CONTEXT() REPRESENTATION_CONTEXT('2D SPACE',''
  ) );
#352 = ORIENTED_EDGE('',*,*,#353,.F.);
#353 = EDGE_CURVE('',#331,#331,#354,.T.);
#354 = SURFACE_CURVE('',#355,(#360,#367),.PCURVE_S1.);
#355 = CIRCLE('',#356,21.333289300941);
#356 = AXIS2_PLACEMENT_3D('',#357,#358,#359);
#357 = CARTESIAN_POINT('',(0.,0.,34.494408836908));
#358 = DIRECTION('',(0.,0.,1.));
#359 = DIRECTION('',(1.,0.,-0.));
#360 = PCURVE('',#313,#361);
#361 = DEFINITIONAL_REPRESENTATION('',(#362),#366);
#362 = LINE('',#363,#364);
#363 = CARTESIAN_POINT('',(0.,0.373088493348));
#364 = VECTOR('',#365,1.);
#365 = DIRECTION('',(1.,0.));
#366 = ( GEOMETRIC_REPRESENTATION_CONTEXT(2) 
PARAMETRIC_REPRESENTATION_CONTEXT() REPRESENTATION_CONTEXT('2D SPACE',''
  ) );
#367 = PCURVE('',#368,#373);
#368 = CONICAL_SURFACE('',#369,21.333289300941,1.079922474671);
#369 = AXIS2_PLACEMENT_3D('',#370,#371,#372);
#370 = CARTESIAN_POINT('',(0.,0.,34.494408836908));
#371 = DIRECTION('',(0.,0.,1.));
#372 = DIRECTION('',(1.,0.,-0.));
#373 = DEFINITIONAL_REPRESENTATION('',(#374),#378);
#374 = LINE('',#375,#376);
#375 = CARTESIAN_POINT('',(0.,0.));
#376 = VECTOR('',#377,1.);
#377 = DIRECTION('',(1.,0.));
#378 = ( GEOMETRIC_REPRESENTATION_CONTEXT(2) 
PARAMETRIC_REPRESENTATION_CONTEXT() REPRESENTATION_CONTEXT('2D SPACE',''
  ) );
#379 = ORIENTED_EDGE('',*,*,#330,.F.);
#380 = ADVANCED_FACE('',(#381),#368,.F.);
#381 = FACE_BOUND('',#382,.F.);
#382 = EDGE_LOOP('',(#383,#384,#407,#434));
#383 = ORIENTED_EDGE('',*,*,#353,.T.);
#384 = ORIENTED_EDGE('',*,*,#385,.T.);
#385 = EDGE_CURVE('',#331,#386,#388,.T.);
#386 = VERTEX_POINT('',#387);
#387 = CARTESIAN_POINT('',(21.851949702905,0.,34.771638597534));
#388 = SEAM_CURVE('',#389,(#393,#400),.PCURVE_S1.);
#389 = LINE('',#390,#391);
#390 = CARTESIAN_POINT('',(21.333289300941,0.,34.494408836908));
#391 = VECTOR('',#392,1.);
#392 = DIRECTION('',(0.881921264348,0.,0.471396736826));
#393 = PCURVE('',#368,#394);
#394 = DEFINITIONAL_REPRESENTATION('',(#395),#399);
#395 = LINE('',#396,#397);
#396 = CARTESIAN_POINT('',(0.,0.));
#397 = VECTOR('',#398,1.);
#398 = DIRECTION('',(0.,1.));
#399 = ( GEOMETRIC_REPRESENTATION_CONTEXT(2) 
PARAMETRIC_REPRESENTATION_CONTEXT() REPRESENTATION_CONTEXT('2D SPACE',''
  ) );
#400 = PCURVE('',#368,#401);
#401 = DEFINITIONAL_REPRESENTATION('',(#402),#406);
#402 = LINE('',#403,#404);
#403 = CARTESIAN_POINT('',(6.28318530718,0.));
#404 = VECTOR('',#405,1.);
#405 = DIRECTION('',(0.,1.));
#406 = ( GEOMETRIC_REPRESENTATION_CONTEXT(2) 
PARAMETRIC_REPRESENTATION_CONTEXT() REPRESENTATION_CONTEXT('2D SPACE',''
  ) );
#407 = ORIENTED_EDGE('',*,*,#408,.F.);
#408 = EDGE_CURVE('',#386,#386,#409,.T.);
#409 = SURFACE_CURVE('',#410,(#415,#422),.PCURVE_S1.);
#410 = CIRCLE('',#411,21.851949702905);
#411 = AXIS2_PLACEMENT_3D('',#412,#413,#414);
#412 = CARTESIAN_POINT('',(0.,0.,34.771638597534));
#413 = DIRECTION('',(0.,0.,1.));
#414 = DIRECTION('',(1.,0.,-0.));
#415 = PCURVE('',#368,#416);
#416 = DEFINITIONAL_REPRESENTATION('',(#417),#421);
#417 = LINE('',#418,#419);
#418 = CARTESIAN_POINT('',(0.,0.277229760626));
#419 = VECTOR('',#420,1.);
#420 = DIRECTION('',(1.,0.));
#421 = ( GEOMETRIC_REPRESENTATION_CONTEXT(2) 
PARAMETRIC_REPRESENTATION_CONTEXT() REPRESENTATION_CONTEXT('2D SPACE',''
  ) );
#422 = PCURVE('',#423,#428);
#423 = CONICAL_SURFACE('',#424,21.851949702905,1.276272015521);
#424 = AXIS2_PLACEMENT_3D('',#425,#426,#427);
#425 = CARTESIAN_POINT('',(0.,0.,34.771638597534));
#426 = DIRECTION('',(0.,0.,1.));
#427 = DIRECTION('',(1.,0.,-0.));
#428 = DEFINITIONAL_REPRESENTATION('',(#429),#433);
#429 = LINE('',#430,#431);
#430 = CARTESIAN_POINT('',(0.,0.));
#431 = VECTOR('',#432,1.);
#432 = DIRECTION('',(1.,0.));
#433 = ( GEOMETRIC_REPRESENTATION_CONTEXT(2) 
PARAMETRIC_REPRESENTATION_CONTEXT() REPRESENTATION_CONTEXT('2D SPACE',''
  ) );
#434 = ORIENTED_EDGE('',*,*,#385,.F.);
#435 = ADVANCED_FACE('',(#436),#423,.F.);
#436 = FACE_BOUND('',#437,.F.);
#437 = EDGE_LOOP('',(#438,#439,#462,#489));
#438 = ORIENTED_EDGE('',*,*,#408,.T.);
#439 = ORIENTED_EDGE('',*,*,#440,.T.);
#440 = EDGE_CURVE('',#386,#441,#443,.T.);
#441 = VERTEX_POINT('',#442);
#442 = CARTESIAN_POINT('',(22.414729033952,0.,34.94235584121));
#443 = SEAM_CURVE('',#444,(#448,#455),.PCURVE_S1.);
#444 = LINE('',#445,#446);
#445 = CARTESIAN_POINT('',(21.851949702905,0.,34.771638597534));
#446 = VECTOR('',#447,1.);
#447 = DIRECTION('',(0.956940335732,0.,0.290284677254));
#448 = PCURVE('',#423,#449);
#449 = DEFINITIONAL_REPRESENTATION('',(#450),#454);
#450 = LINE('',#451,#452);
#451 = CARTESIAN_POINT('',(0.,0.));
#452 = VECTOR('',#453,1.);
#453 = DIRECTION('',(0.,1.));
#454 = ( GEOMETRIC_REPRESENTATION_CONTEXT(2) 
PARAMETRIC_REPRESENTATION_CONTEXT() REPRESENTATION_CONTEXT('2D SPACE',''
  ) );
#455 = PCURVE('',#423,#456);
#456 = DEFINITIONAL_REPRESENTATION('',(#457),#461);
#457 = LINE('',#458,#459);
#458 = CARTESIAN_POINT('',(6.28318530718,0.));
#459 = VECTOR('',#460,1.);
#460 = DIRECTION('',(0.,1.));
#461 = ( GEOMETRIC_REPRESENTATION_CONTEXT(2) 
PARAMETRIC_REPRESENTATION_CONTEXT() REPRESENTATION_CONTEXT('2D SPACE',''
  ) );
#462 = ORIENTED_EDGE('',*,*,#463,.F.);
#463 = EDGE_CURVE('',#441,#441,#464,.T.);
#464 = SURFACE_CURVE('',#465,(#470,#477),.PCURVE_S1.);
#465 = CIRCLE('',#466,22.414729033952);
#466 = AXIS2_PLACEMENT_3D('',#467,#468,#469);
#467 = CARTESIAN_POINT('',(0.,0.,34.94235584121));
#468 = DIRECTION('',(0.,0.,1.));
#469 = DIRECTION('',(1.,0.,-0.));
#470 = PCURVE('',#423,#471);
#471 = DEFINITIONAL_REPRESENTATION('',(#472),#476);
#472 = LINE('',#473,#474);
#473 = CARTESIAN_POINT('',(0.,0.170717243676));
#474 = VECTOR('',#475,1.);
#475 = DIRECTION('',(1.,0.));
#476 = ( GEOMETRIC_REPRESENTATION_CONTEXT(2) 
PARAMETRIC_REPRESENTATION_CONTEXT() REPRESENTATION_CONTEXT('2D SPACE',''
  ) );
#477 = PCURVE('',#478,#483);
#478 = CONICAL_SURFACE('',#479,22.414729033952,1.47262155637);
#479 = AXIS2_PLACEMENT_3D('',#480,#481,#482);
#480 = CARTESIAN_POINT('',(0.,0.,34.94235584121));
#481 = DIRECTION('',(0.,0.,1.));
#482 = DIRECTION('',(1.,0.,-0.));
#483 = DEFINITIONAL_REPRESENTATION('',(#484),#488);
#484 = LINE('',#485,#486);
#485 = CARTESIAN_POINT('',(0.,0.));
#486 = VECTOR('',#487,1.);
#487 = DIRECTION('',(1.,0.));
#488 = ( GEOMETRIC_REPRESENTATION_CONTEXT(2) 
PARAMETRIC_REPRESENTATION_CONTEXT() REPRESENTATION_CONTEXT('2D SPACE',''
  ) );
#489 = ORIENTED_EDGE('',*,*,#440,.F.);
#490 = ADVANCED_FACE('',(#491),#478,.F.);
#491 = FACE_BOUND('',#492,.F.);
#492 = EDGE_LOOP('',(#493,#494,#517,#544));
#493 = ORIENTED_EDGE('',*,*,#463,.T.);
#494 = ORIENTED_EDGE('',*,*,#495,.T.);
#495 = EDGE_CURVE('',#441,#496,#498,.T.);
#496 = VERTEX_POINT('',#497);
#497 = CARTESIAN_POINT('',(23.,0.,35.));
#498 = SEAM_CURVE('',#499,(#503,#510),.PCURVE_S1.);
#499 = LINE('',#500,#501);
#500 = CARTESIAN_POINT('',(22.414729033952,0.,34.94235584121));
#501 = VECTOR('',#502,1.);
#502 = DIRECTION('',(0.995184726672,0.,9.801714032956E-02));
#503 = PCURVE('',#478,#504);
#504 = DEFINITIONAL_REPRESENTATION('',(#505),#509);
#505 = LINE('',#506,#507);
#506 = CARTESIAN_POINT('',(0.,0.));
#507 = VECTOR('',#508,1.);
#508 = DIRECTION('',(0.,1.));
#509 = ( GEOMETRIC_REPRESENTATION_CONTEXT(2) 
PARAMETRIC_REPRESENTATION_CONTEXT() REPRESENTATION_CONTEXT('2D SPACE',''
  ) );
#510 = PCURVE('',#478,#511);
#511 = DEFINITIONAL_REPRESENTATION('',(#512),#516);
#512 = LINE('',#513,#514);
#513 = CARTESIAN_POINT('',(6.28318530718,0.));
#514 = VECTOR('',#515,1.);
#515 = DIRECTION('',(0.,1.));
#516 = ( GEOMETRIC_REPRESENTATION_CONTEXT(2) 
PARAMETRIC_REPRESENTATION_CONTEXT() REPRESENTATION_CONTEXT('2D SPACE',''
  ) );
#517 = ORIENTED_EDGE('',*,*,#518,.F.);
#518 = EDGE_CURVE('',#496,#496,#519,.T.);
#519 = SURFACE_CURVE('',#520,(#525,#532),.PCURVE_S1.);
#520 = CIRCLE('',#521,23.);
#521 = AXIS2_PLACEMENT_3D('',#522,#523,#524);
#522 = CARTESIAN_POINT('',(0.,0.,35.));
#523 = DIRECTION('',(0.,0.,1.));
#524 = DIRECTION('',(1.,0.,-0.));
#525 = PCURVE('',#478,#526);
#526 = DEFINITIONAL_REPRESENTATION('',(#527),#531);
#527 = LINE('',#528,#529);
#528 = CARTESIAN_POINT('',(0.,5.764415879031E-02));
#529 = VECTOR('',#530,1.);
#530 = DIRECTION('',(1.,0.));
#531 = ( GEOMETRIC_REPRESENTATION_CONTEXT(2) 
PARAMETRIC_REPRESENTATION_CONTEXT() REPRESENTATION_CONTEXT('2D SPACE',''
  ) );
#532 = PCURVE('',#533,#538);
#533 = CYLINDRICAL_SURFACE('',#534,23.);
#534 = AXIS2_PLACEMENT_3D('',#535,#536,#537);
#535 = CARTESIAN_POINT('',(0.,0.,35.));
#536 = DIRECTION('',(-0.,-0.,-1.));
#537 = DIRECTION('',(1.,0.,0.));
#538 = DEFINITIONAL_REPRESENTATION('',(#539),#543);
#539 = LINE('',#540,#541);
#540 = CARTESIAN_POINT('',(-0.,0.));
#541 = VECTOR('',#542,1.);
#542 = DIRECTION('',(-1.,0.));
#543 = ( GEOMETRIC_REPRESENTATION_CONTEXT(2) 
PARAMETRIC_REPRESENTATION_CONTEXT() REPRESENTATION_CONTEXT('2D SPACE',''
  ) );
#544 = ORIENTED_EDGE('',*,*,#495,.F.);
#545 = ADVANCED_FACE('',(#546),#533,.T.);
#546 = FACE_BOUND('',#547,.F.);
#547 = EDGE_LOOP('',(#548,#549,#572,#599));
#548 = ORIENTED_EDGE('',*,*,#518,.T.);
#549 = ORIENTED_EDGE('',*,*,#550,.T.);
#550 = EDGE_CURVE('',#496,#551,#553,.T.);
#551 = VERTEX_POINT('',#552);
#552 = CARTESIAN_POINT('',(23.,0.,34.14));
#553 = SEAM_CURVE('',#554,(#558,#565),.PCURVE_S1.);
#554 = LINE('',#555,#556);
#555 = CARTESIAN_POINT('',(23.,0.,35.));
#556 = VECTOR('',#557,1.);
#557 = DIRECTION('',(0.,0.,-1.));
#558 = PCURVE('',#533,#559);
#559 = DEFINITIONAL_REPRESENTATION('',(#560),#564);
#560 = LINE('',#561,#562);
#561 = CARTESIAN_POINT('',(-0.,0.));
#562 = VECTOR('',#563,1.);
#563 = DIRECTION('',(-0.,1.));
#564 = ( GEOMETRIC_REPRESENTATION_CONTEXT(2) 
PARAMETRIC_REPRESENTATION_CONTEXT() REPRESENTATION_CONTEXT('2D SPACE',''
  ) );
#565 = PCURVE('',#533,#566);
#566 = DEFINITIONAL_REPRESENTATION('',(#567),#571);
#567 = LINE('',#568,#569);
#568 = CARTESIAN_POINT('',(-6.28318530718,0.));
#569 = VECTOR('',#570,1.);
#570 = DIRECTION('',(-0.,1.));
#571 = ( GEOMETRIC_REPRESENTATION_CONTEXT(2) 
PARAMETRIC_REPRESENTATION_CONTEXT() REPRESENTATION_CONTEXT('2D SPACE',''
  ) );
#572 = ORIENTED_EDGE('',*,*,#573,.F.);
#573 = EDGE_CURVE('',#551,#551,#574,.T.);
#574 = SURFACE_CURVE('',#575,(#580,#587),.PCURVE_S1.);
#575 = CIRCLE('',#576,23.);
#576 = AXIS2_PLACEMENT_3D('',#577,#578,#579);
#577 = CARTESIAN_POINT('',(0.,0.,34.14));
#578 = DIRECTION('',(0.,0.,1.));
#579 = DIRECTION('',(1.,0.,-0.));
#580 = PCURVE('',#533,#581);
#581 = DEFINITIONAL_REPRESENTATION('',(#582),#586);
#582 = LINE('',#583,#584);
#583 = CARTESIAN_POINT('',(-0.,0.86));
#584 = VECTOR('',#585,1.);
#585 = DIRECTION('',(-1.,0.));
#586 = ( GEOMETRIC_REPRESENTATION_CONTEXT(2) 
PARAMETRIC_REPRESENTATION_CONTEXT() REPRESENTATION_CONTEXT('2D SPACE',''
  ) );
#587 = PCURVE('',#588,#593);
#588 = CONICAL_SURFACE('',#589,23.,1.47262155637);
#589 = AXIS2_PLACEMENT_3D('',#590,#591,#592);
#590 = CARTESIAN_POINT('',(0.,0.,34.14));
#591 = DIRECTION('',(0.,0.,1.));
#592 = DIRECTION('',(1.,0.,0.));
#593 = DEFINITIONAL_REPRESENTATION('',(#594),#598);
#594 = LINE('',#595,#596);
#595 = CARTESIAN_POINT('',(0.,-0.));
#596 = VECTOR('',#597,1.);
#597 = DIRECTION('',(1.,-0.));
#598 = ( GEOMETRIC_REPRESENTATION_CONTEXT(2) 
PARAMETRIC_REPRESENTATION_CONTEXT() REPRESENTATION_CONTEXT('2D SPACE',''
  ) );
#599 = ORIENTED_EDGE('',*,*,#550,.F.);
#600 = ADVANCED_FACE('',(#601),#588,.T.);
#601 = FACE_BOUND('',#602,.F.);
#602 = EDGE_LOOP('',(#603,#604,#627,#654));
#603 = ORIENTED_EDGE('',*,*,#573,.T.);
#604 = ORIENTED_EDGE('',*,*,#605,.T.);
#605 = EDGE_CURVE('',#551,#606,#608,.T.);
#606 = VERTEX_POINT('',#607);
#607 = CARTESIAN_POINT('',(22.582506710885,0.,34.098880500063));
#608 = SEAM_CURVE('',#609,(#613,#620),.PCURVE_S1.);
#609 = LINE('',#610,#611);
#610 = CARTESIAN_POINT('',(23.,0.,34.14));
#611 = VECTOR('',#612,1.);
#612 = DIRECTION('',(-0.995184726672,0.,-9.801714032957E-02));
#613 = PCURVE('',#588,#614);
#614 = DEFINITIONAL_REPRESENTATION('',(#615),#619);
#615 = LINE('',#616,#617);
#616 = CARTESIAN_POINT('',(0.,-0.));
#617 = VECTOR('',#618,1.);
#618 = DIRECTION('',(0.,-1.));
#619 = ( GEOMETRIC_REPRESENTATION_CONTEXT(2) 
PARAMETRIC_REPRESENTATION_CONTEXT() REPRESENTATION_CONTEXT('2D SPACE',''
  ) );
#620 = PCURVE('',#588,#621);
#621 = DEFINITIONAL_REPRESENTATION('',(#622),#626);
#622 = LINE('',#623,#624);
#623 = CARTESIAN_POINT('',(6.28318530718,-0.));
#624 = VECTOR('',#625,1.);
#625 = DIRECTION('',(0.,-1.));
#626 = ( GEOMETRIC_REPRESENTATION_CONTEXT(2) 
PARAMETRIC_REPRESENTATION_CONTEXT() REPRESENTATION_CONTEXT('2D SPACE',''
  ) );
#627 = ORIENTED_EDGE('',*,*,#628,.F.);
#628 = EDGE_CURVE('',#606,#606,#629,.T.);
#629 = SURFACE_CURVE('',#630,(#635,#642),.PCURVE_S1.);
#630 = CIRCLE('',#631,22.582506710885);
#631 = AXIS2_PLACEMENT_3D('',#632,#633,#634);
#632 = CARTESIAN_POINT('',(0.,0.,34.098880500063));
#633 = DIRECTION('',(0.,0.,1.));
#634 = DIRECTION('',(1.,0.,-0.));
#635 = PCURVE('',#588,#636);
#636 = DEFINITIONAL_REPRESENTATION('',(#637),#641);
#637 = LINE('',#638,#639);
#638 = CARTESIAN_POINT('',(0.,-4.111949993709E-02));
#639 = VECTOR('',#640,1.);
#640 = DIRECTION('',(1.,-0.));
#641 = ( GEOMETRIC_REPRESENTATION_CONTEXT(2) 
PARAMETRIC_REPRESENTATION_CONTEXT() REPRESENTATION_CONTEXT('2D SPACE',''
  ) );
#642 = PCURVE('',#643,#648);
#643 = CONICAL_SURFACE('',#644,22.582506710885,1.276272015521);
#644 = AXIS2_PLACEMENT_3D('',#645,#646,#647);
#645 = CARTESIAN_POINT('',(0.,0.,34.098880500063));
#646 = DIRECTION('',(0.,0.,1.));
#647 = DIRECTION('',(1.,0.,0.));
#648 = DEFINITIONAL_REPRESENTATION('',(#649),#653);
#649 = LINE('',#650,#651);
#650 = CARTESIAN_POINT('',(0.,-0.));
#651 = VECTOR('',#652,1.);
#652 = DIRECTION('',(1.,-0.));
#653 = ( GEOMETRIC_REPRESENTATION_CONTEXT(2) 
PARAMETRIC_REPRESENTATION_CONTEXT() REPRESENTATION_CONTEXT('2D SPACE',''
  ) );
#654 = ORIENTED_EDGE('',*,*,#605,.F.);
#655 = ADVANCED_FACE('',(#656),#643,.T.);
#656 = FACE_BOUND('',#657,.F.);
#657 = EDGE_LOOP('',(#658,#659,#682,#709));
#658 = ORIENTED_EDGE('',*,*,#628,.T.);
#659 = ORIENTED_EDGE('',*,*,#660,.T.);
#660 = EDGE_CURVE('',#606,#661,#663,.T.);
#661 = VERTEX_POINT('',#662);
#662 = CARTESIAN_POINT('',(22.181057454739,0.,33.977102199574));
#663 = SEAM_CURVE('',#664,(#668,#675),.PCURVE_S1.);
#664 = LINE('',#665,#666);
#665 = CARTESIAN_POINT('',(22.582506710885,0.,34.098880500063));
#666 = VECTOR('',#667,1.);
#667 = DIRECTION('',(-0.956940335732,0.,-0.290284677254));
#668 = PCURVE('',#643,#669);
#669 = DEFINITIONAL_REPRESENTATION('',(#670),#674);
#670 = LINE('',#671,#672);
#671 = CARTESIAN_POINT('',(0.,-0.));
#672 = VECTOR('',#673,1.);
#673 = DIRECTION('',(0.,-1.));
#674 = ( GEOMETRIC_REPRESENTATION_CONTEXT(2) 
PARAMETRIC_REPRESENTATION_CONTEXT() REPRESENTATION_CONTEXT('2D SPACE',''
  ) );
#675 = PCURVE('',#643,#676);
#676 = DEFINITIONAL_REPRESENTATION('',(#677),#681);
#677 = LINE('',#678,#679);
#678 = CARTESIAN_POINT('',(6.28318530718,-0.));
#679 = VECTOR('',#680,1.);
#680 = DIRECTION('',(0.,-1.));
#681 = ( GEOMETRIC_REPRESENTATION_CONTEXT(2) 
PARAMETRIC_REPRESENTATION_CONTEXT() REPRESENTATION_CONTEXT('2D SPACE',''
  ) );
#682 = ORIENTED_EDGE('',*,*,#683,.F.);
#683 = EDGE_CURVE('',#661,#661,#684,.T.);
#684 = SURFACE_CURVE('',#685,(#690,#697),.PCURVE_S1.);
#685 = CIRCLE('',#686,22.181057454739);
#686 = AXIS2_PLACEMENT_3D('',#687,#688,#689);
#687 = CARTESIAN_POINT('',(0.,0.,33.977102199574));
#688 = DIRECTION('',(0.,0.,1.));
#689 = DIRECTION('',(1.,0.,-0.));
#690 = PCURVE('',#643,#691);
#691 = DEFINITIONAL_REPRESENTATION('',(#692),#696);
#692 = LINE('',#693,#694);
#693 = CARTESIAN_POINT('',(0.,-0.121778300489));
#694 = VECTOR('',#695,1.);
#695 = DIRECTION('',(1.,-0.));
#696 = ( GEOMETRIC_REPRESENTATION_CONTEXT(2) 
PARAMETRIC_REPRESENTATION_CONTEXT() REPRESENTATION_CONTEXT('2D SPACE',''
  ) );
#697 = PCURVE('',#698,#703);
#698 = CONICAL_SURFACE('',#699,22.181057454739,1.079922474671);
#699 = AXIS2_PLACEMENT_3D('',#700,#701,#702);
#700 = CARTESIAN_POINT('',(0.,0.,33.977102199574));
#701 = DIRECTION('',(0.,0.,1.));
#702 = DIRECTION('',(1.,0.,0.));
#703 = DEFINITIONAL_REPRESENTATION('',(#704),#708);
#704 = LINE('',#705,#706);
#705 = CARTESIAN_POINT('',(0.,-0.));
#706 = VECTOR('',#707,1.);
#707 = DIRECTION('',(1.,-0.));
#708 = ( GEOMETRIC_REPRESENTATION_CONTEXT(2) 
PARAMETRIC_REPRESENTATION_CONTEXT() REPRESENTATION_CONTEXT('2D SPACE',''
  ) );
#709 = ORIENTED_EDGE('',*,*,#660,.F.);
#710 = ADVANCED_FACE('',(#711),#698,.T.);
#711 = FACE_BOUND('',#712,.F.);
#712 = EDGE_LOOP('',(#713,#714,#737,#764));
#713 = ORIENTED_EDGE('',*,*,#683,.T.);
#714 = ORIENTED_EDGE('',*,*,#715,.T.);
#715 = EDGE_CURVE('',#661,#716,#718,.T.);
#716 = VERTEX_POINT('',#717);
#717 = CARTESIAN_POINT('',(21.811079701338,0.,33.779344970327));
#718 = SEAM_CURVE('',#719,(#723,#730),.PCURVE_S1.);
#719 = LINE('',#720,#721);
#720 = CARTESIAN_POINT('',(22.181057454739,0.,33.977102199574));
#721 = VECTOR('',#722,1.);
#722 = DIRECTION('',(-0.881921264348,0.,-0.471396736826));
#723 = PCURVE('',#698,#724);
#724 = DEFINITIONAL_REPRESENTATION('',(#725),#729);
#725 = LINE('',#726,#727);
#726 = CARTESIAN_POINT('',(0.,-0.));
#727 = VECTOR('',#728,1.);
#728 = DIRECTION('',(0.,-1.));
#729 = ( GEOMETRIC_REPRESENTATION_CONTEXT(2) 
PARAMETRIC_REPRESENTATION_CONTEXT() REPRESENTATION_CONTEXT('2D SPACE',''
  ) );
#730 = PCURVE('',#698,#731);
#731 = DEFINITIONAL_REPRESENTATION('',(#732),#736);
#732 = LINE('',#733,#734);
#733 = CARTESIAN_POINT('',(6.28318530718,-0.));
#734 = VECTOR('',#735,1.);
#735 = DIRECTION('',(0.,-1.));
#736 = ( GEOMETRIC_REPRESENTATION_CONTEXT(2) 
PARAMETRIC_REPRESENTATION_CONTEXT() REPRESENTATION_CONTEXT('2D SPACE',''
  ) );
#737 = ORIENTED_EDGE('',*,*,#738,.F.);
#738 = EDGE_CURVE('',#716,#716,#739,.T.);
#739 = SURFACE_CURVE('',#740,(#745,#752),.PCURVE_S1.);
#740 = CIRCLE('',#741,21.811079701338);
#741 = AXIS2_PLACEMENT_3D('',#742,#743,#744);
#742 = CARTESIAN_POINT('',(0.,0.,33.779344970327));
#743 = DIRECTION('',(0.,0.,1.));
#744 = DIRECTION('',(1.,0.,-0.));
#745 = PCURVE('',#698,#746);
#746 = DEFINITIONAL_REPRESENTATION('',(#747),#751);
#747 = LINE('',#748,#749);
#748 = CARTESIAN_POINT('',(0.,-0.197757229247));
#749 = VECTOR('',#750,1.);
#750 = DIRECTION('',(1.,-0.));
#751 = ( GEOMETRIC_REPRESENTATION_CONTEXT(2) 
PARAMETRIC_REPRESENTATION_CONTEXT() REPRESENTATION_CONTEXT('2D SPACE',''
  ) );
#752 = PCURVE('',#753,#758);
#753 = CONICAL_SURFACE('',#754,21.811079701338,0.883572933822);
#754 = AXIS2_PLACEMENT_3D('',#755,#756,#757);
#755 = CARTESIAN_POINT('',(0.,0.,33.779344970327));
#756 = DIRECTION('',(0.,0.,1.));
#757 = DIRECTION('',(1.,0.,0.));
#758 = DEFINITIONAL_REPRESENTATION('',(#759),#763);
#759 = LINE('',#760,#761);
#760 = CARTESIAN_POINT('',(0.,-0.));
#761 = VECTOR('',#762,1.);
#762 = DIRECTION('',(1.,-0.));
#763 = ( GEOMETRIC_REPRESENTATION_CONTEXT(2) 
PARAMETRIC_REPRESENTATION_CONTEXT() REPRESENTATION_CONTEXT('2D SPACE',''
  ) );
#764 = ORIENTED_EDGE('',*,*,#715,.F.);
#765 = ADVANCED_FACE('',(#766),#753,.T.);
#766 = FACE_BOUND('',#767,.F.);
#767 = EDGE_LOOP('',(#768,#769,#792,#819));
#768 = ORIENTED_EDGE('',*,*,#738,.T.);
#769 = ORIENTED_EDGE('',*,*,#770,.T.);
#770 = EDGE_CURVE('',#716,#771,#773,.T.);
#771 = VERTEX_POINT('',#772);
#772 = CARTESIAN_POINT('',(21.486791488261,0.,33.513208511739));
#773 = SEAM_CURVE('',#774,(#778,#785),.PCURVE_S1.);
#774 = LINE('',#775,#776);
#775 = CARTESIAN_POINT('',(21.811079701338,0.,33.779344970327));
#776 = VECTOR('',#777,1.);
#777 = DIRECTION('',(-0.773010453363,0.,-0.634393284164));
#778 = PCURVE('',#753,#779);
#779 = DEFINITIONAL_REPRESENTATION('',(#780),#784);
#780 = LINE('',#781,#782);
#781 = CARTESIAN_POINT('',(0.,-0.));
#782 = VECTOR('',#783,1.);
#783 = DIRECTION('',(0.,-1.));
#784 = ( GEOMETRIC_REPRESENTATION_CONTEXT(2) 
PARAMETRIC_REPRESENTATION_CONTEXT() REPRESENTATION_CONTEXT('2D SPACE',''
  ) );
#785 = PCURVE('',#753,#786);
#786 = DEFINITIONAL_REPRESENTATION('',(#787),#791);
#787 = LINE('',#788,#789);
#788 = CARTESIAN_POINT('',(6.28318530718,-0.));
#789 = VECTOR('',#790,1.);
#790 = DIRECTION('',(0.,-1.));
#791 = ( GEOMETRIC_REPRESENTATION_CONTEXT(2) 
PARAMETRIC_REPRESENTATION_CONTEXT() REPRESENTATION_CONTEXT('2D SPACE',''
  ) );
#792 = ORIENTED_EDGE('',*,*,#793,.F.);
#793 = EDGE_CURVE('',#771,#771,#794,.T.);
#794 = SURFACE_CURVE('',#795,(#800,#807),.PCURVE_S1.);
#795 = CIRCLE('',#796,21.486791488261);
#796 = AXIS2_PLACEMENT_3D('',#797,#798,#799);
#797 = CARTESIAN_POINT('',(0.,0.,33.513208511739));
#798 = DIRECTION('',(0.,0.,1.));
#799 = DIRECTION('',(1.,0.,-0.));
#800 = PCURVE('',#753,#801);
#801 = DEFINITIONAL_REPRESENTATION('',(#802),#806);
#802 = LINE('',#803,#804);
#803 = CARTESIAN_POINT('',(0.,-0.266136458588));
#804 = VECTOR('',#805,1.);
#805 = DIRECTION('',(1.,-0.));
#806 = ( GEOMETRIC_REPRESENTATION_CONTEXT(2) 
PARAMETRIC_REPRESENTATION_CONTEXT() REPRESENTATION_CONTEXT('2D SPACE',''
  ) );
#807 = PCURVE('',#808,#813);
#808 = CONICAL_SURFACE('',#809,21.486791488261,0.687223392973);
#809 = AXIS2_PLACEMENT_3D('',#810,#811,#812);
#810 = CARTESIAN_POINT('',(0.,0.,33.513208511739));
#811 = DIRECTION('',(0.,0.,1.));
#812 = DIRECTION('',(1.,0.,0.));
#813 = DEFINITIONAL_REPRESENTATION('',(#814),#818);
#814 = LINE('',#815,#816);
#815 = CARTESIAN_POINT('',(0.,-0.));
#816 = VECTOR('',#817,1.);
#817 = DIRECTION('',(1.,-0.));
#818 = ( GEOMETRIC_REPRESENTATION_CONTEXT(2) 
PARAMETRIC_REPRESENTATION_CONTEXT() REPRESENTATION_CONTEXT('2D SPACE',''
  ) );
#819 = ORIENTED_EDGE('',*,*,#770,.F.);
#820 = ADVANCED_FACE('',(#821),#808,.T.);
#821 = FACE_BOUND('',#822,.F.);
#822 = EDGE_LOOP('',(#823,#824,#847,#874));
#823 = ORIENTED_EDGE('',*,*,#793,.T.);
#824 = ORIENTED_EDGE('',*,*,#825,.T.);
#825 = EDGE_CURVE('',#771,#826,#828,.T.);
#826 = VERTEX_POINT('',#827);
#827 = CARTESIAN_POINT('',(21.220655029673,0.,33.188920298662));
#828 = SEAM_CURVE('',#829,(#833,#840),.PCURVE_S1.);
#829 = LINE('',#830,#831);
#830 = CARTESIAN_POINT('',(21.486791488261,0.,33.513208511739));
#831 = VECTOR('',#832,1.);
#832 = DIRECTION('',(-0.634393284164,0.,-0.773010453363));
#833 = PCURVE('',#808,#834);
#834 = DEFINITIONAL_REPRESENTATION('',(#835),#839);
#835 = LINE('',#836,#837);
#836 = CARTESIAN_POINT('',(0.,-0.));
#837 = VECTOR('',#838,1.);
#838 = DIRECTION('',(0.,-1.));
#839 = ( GEOMETRIC_REPRESENTATION_CONTEXT(2) 
PARAMETRIC_REPRESENTATION_CONTEXT() REPRESENTATION_CONTEXT('2D SPACE',''
  ) );
#840 = PCURVE('',#808,#841);
#841 = DEFINITIONAL_REPRESENTATION('',(#842),#846);
#842 = LINE('',#843,#844);
#843 = CARTESIAN_POINT('',(6.28318530718,-0.));
#844 = VECTOR('',#845,1.);
#845 = DIRECTION('',(0.,-1.));
#846 = ( GEOMETRIC_REPRESENTATION_CONTEXT(2) 
PARAMETRIC_REPRESENTATION_CONTEXT() REPRESENTATION_CONTEXT('2D SPACE',''
  ) );
#847 = ORIENTED_EDGE('',*,*,#848,.F.);
#848 = EDGE_CURVE('',#826,#826,#849,.T.);
#849 = SURFACE_CURVE('',#850,(#855,#862),.PCURVE_S1.);
#850 = CIRCLE('',#851,21.220655029673);
#851 = AXIS2_PLACEMENT_3D('',#852,#853,#854);
#852 = CARTESIAN_POINT('',(0.,0.,33.188920298662));
#853 = DIRECTION('',(0.,0.,1.));
#854 = DIRECTION('',(1.,0.,-0.));
#855 = PCURVE('',#808,#856);
#856 = DEFINITIONAL_REPRESENTATION('',(#857),#861);
#857 = LINE('',#858,#859);
#858 = CARTESIAN_POINT('',(0.,-0.324288213077));
#859 = VECTOR('',#860,1.);
#860 = DIRECTION('',(1.,-0.));
#861 = ( GEOMETRIC_REPRESENTATION_CONTEXT(2) 
PARAMETRIC_REPRESENTATION_CONTEXT() REPRESENTATION_CONTEXT('2D SPACE',''
  ) );
#862 = PCURVE('',#863,#868);
#863 = CONICAL_SURFACE('',#864,21.220655029673,0.490873852123);
#864 = AXIS2_PLACEMENT_3D('',#865,#866,#867);
#865 = CARTESIAN_POINT('',(0.,0.,33.188920298662));
#866 = DIRECTION('',(0.,0.,1.));
#867 = DIRECTION('',(1.,0.,0.));
#868 = DEFINITIONAL_REPRESENTATION('',(#869),#873);
#869 = LINE('',#870,#871);
#870 = CARTESIAN_POINT('',(0.,-0.));
#871 = VECTOR('',#872,1.);
#872 = DIRECTION('',(1.,-0.));
#873 = ( GEOMETRIC_REPRESENTATION_CONTEXT(2) 
PARAMETRIC_REPRESENTATION_CONTEXT() REPRESENTATION_CONTEXT('2D SPACE',''
  ) );
#874 = ORIENTED_EDGE('',*,*,#825,.F.);
#875 = ADVANCED_FACE('',(#876),#863,.T.);
#876 = FACE_BOUND('',#877,.F.);
#877 = EDGE_LOOP('',(#878,#879,#902,#929));
#878 = ORIENTED_EDGE('',*,*,#848,.T.);
#879 = ORIENTED_EDGE('',*,*,#880,.T.);
#880 = EDGE_CURVE('',#826,#881,#883,.T.);
#881 = VERTEX_POINT('',#882);
#882 = CARTESIAN_POINT('',(21.022897800426,0.,32.818942545261));
#883 = SEAM_CURVE('',#884,(#888,#895),.PCURVE_S1.);
#884 = LINE('',#885,#886);
#885 = CARTESIAN_POINT('',(21.220655029673,0.,33.188920298662));
#886 = VECTOR('',#887,1.);
#887 = DIRECTION('',(-0.471396736826,0.,-0.881921264348));
#888 = PCURVE('',#863,#889);
#889 = DEFINITIONAL_REPRESENTATION('',(#890),#894);
#890 = LINE('',#891,#892);
#891 = CARTESIAN_POINT('',(0.,-0.));
#892 = VECTOR('',#893,1.);
#893 = DIRECTION('',(0.,-1.));
#894 = ( GEOMETRIC_REPRESENTATION_CONTEXT(2) 
PARAMETRIC_REPRESENTATION_CONTEXT() REPRESENTATION_CONTEXT('2D SPACE',''
  ) );
#895 = PCURVE('',#863,#896);
#896 = DEFINITIONAL_REPRESENTATION('',(#897),#901);
#897 = LINE('',#898,#899);
#898 = CARTESIAN_POINT('',(6.28318530718,-0.));
#899 = VECTOR('',#900,1.);
#900 = DIRECTION('',(0.,-1.));
#901 = ( GEOMETRIC_REPRESENTATION_CONTEXT(2) 
PARAMETRIC_REPRESENTATION_CONTEXT() REPRESENTATION_CONTEXT('2D SPACE',''
  ) );
#902 = ORIENTED_EDGE('',*,*,#903,.F.);
#903 = EDGE_CURVE('',#881,#881,#904,.T.);
#904 = SURFACE_CURVE('',#905,(#910,#917),.PCURVE_S1.);
#905 = CIRCLE('',#906,21.022897800426);
#906 = AXIS2_PLACEMENT_3D('',#907,#908,#909);
#907 = CARTESIAN_POINT('',(0.,0.,32.818942545261));
#908 = DIRECTION('',(0.,0.,1.));
#909 = DIRECTION('',(1.,0.,-0.));
#910 = PCURVE('',#863,#911);
#911 = DEFINITIONAL_REPRESENTATION('',(#912),#916);
#912 = LINE('',#913,#914);
#913 = CARTESIAN_POINT('',(0.,-0.369977753401));
#914 = VECTOR('',#915,1.);
#915 = DIRECTION('',(1.,-0.));
#916 = ( GEOMETRIC_REPRESENTATION_CONTEXT(2) 
PARAMETRIC_REPRESENTATION_CONTEXT() REPRESENTATION_CONTEXT('2D SPACE',''
  ) );
#917 = PCURVE('',#918,#923);
#918 = CONICAL_SURFACE('',#919,21.022897800426,0.294524311274);
#919 = AXIS2_PLACEMENT_3D('',#920,#921,#922);
#920 = CARTESIAN_POINT('',(0.,0.,32.818942545261));
#921 = DIRECTION('',(0.,0.,1.));
#922 = DIRECTION('',(1.,0.,0.));
#923 = DEFINITIONAL_REPRESENTATION('',(#924),#928);
#924 = LINE('',#925,#926);
#925 = CARTESIAN_POINT('',(0.,-0.));
#926 = VECTOR('',#927,1.);
#927 = DIRECTION('',(1.,-0.));
#928 = ( GEOMETRIC_REPRESENTATION_CONTEXT(2) 
PARAMETRIC_REPRESENTATION_CONTEXT() REPRESENTATION_CONTEXT('2D SPACE',''
  ) );
#929 = ORIENTED_EDGE('',*,*,#880,.F.);
#930 = ADVANCED_FACE('',(#931),#918,.T.);
#931 = FACE_BOUND('',#932,.F.);
#932 = EDGE_LOOP('',(#933,#934,#957,#984));
#933 = ORIENTED_EDGE('',*,*,#903,.T.);
#934 = ORIENTED_EDGE('',*,*,#935,.T.);
#935 = EDGE_CURVE('',#881,#936,#938,.T.);
#936 = VERTEX_POINT('',#937);
#937 = CARTESIAN_POINT('',(20.901119499937,0.,32.417493289115));
#938 = SEAM_CURVE('',#939,(#943,#950),.PCURVE_S1.);
#939 = LINE('',#940,#941);
#940 = CARTESIAN_POINT('',(21.022897800426,0.,32.818942545261));
#941 = VECTOR('',#942,1.);
#942 = DIRECTION('',(-0.290284677254,0.,-0.956940335732));
#943 = PCURVE('',#918,#944);
#944 = DEFINITIONAL_REPRESENTATION('',(#945),#949);
#945 = LINE('',#946,#947);
#946 = CARTESIAN_POINT('',(0.,-0.));
#947 = VECTOR('',#948,1.);
#948 = DIRECTION('',(0.,-1.));
#949 = ( GEOMETRIC_REPRESENTATION_CONTEXT(2) 
PARAMETRIC_REPRESENTATION_CONTEXT() REPRESENTATION_CONTEXT('2D SPACE',''
  ) );
#950 = PCURVE('',#918,#951);
#951 = DEFINITIONAL_REPRESENTATION('',(#952),#956);
#952 = LINE('',#953,#954);
#953 = CARTESIAN_POINT('',(6.28318530718,-0.));
#954 = VECTOR('',#955,1.);
#955 = DIRECTION('',(0.,-1.));
#956 = ( GEOMETRIC_REPRESENTATION_CONTEXT(2) 
PARAMETRIC_REPRESENTATION_CONTEXT() REPRESENTATION_CONTEXT('2D SPACE',''
  ) );
#957 = ORIENTED_EDGE('',*,*,#958,.F.);
#958 = EDGE_CURVE('',#936,#936,#959,.T.);
#959 = SURFACE_CURVE('',#960,(#965,#972),.PCURVE_S1.);
#960 = CIRCLE('',#961,20.901119499937);
#961 = AXIS2_PLACEMENT_3D('',#962,#963,#964);
#962 = CARTESIAN_POINT('',(0.,0.,32.417493289115));
#963 = DIRECTION('',(0.,0.,1.));
#964 = DIRECTION('',(1.,0.,-0.));
#965 = PCURVE('',#918,#966);
#966 = DEFINITIONAL_REPRESENTATION('',(#967),#971);
#967 = LINE('',#968,#969);
#968 = CARTESIAN_POINT('',(0.,-0.401449256147));
#969 = VECTOR('',#970,1.);
#970 = DIRECTION('',(1.,-0.));
#971 = ( GEOMETRIC_REPRESENTATION_CONTEXT(2) 
PARAMETRIC_REPRESENTATION_CONTEXT() REPRESENTATION_CONTEXT('2D SPACE',''
  ) );
#972 = PCURVE('',#973,#978);
#973 = CONICAL_SURFACE('',#974,20.901119499937,9.817477042469E-02);
#974 = AXIS2_PLACEMENT_3D('',#975,#976,#977);
#975 = CARTESIAN_POINT('',(0.,0.,32.417493289115));
#976 = DIRECTION('',(0.,0.,1.));
#977 = DIRECTION('',(1.,0.,0.));
#978 = DEFINITIONAL_REPRESENTATION('',(#979),#983);
#979 = LINE('',#980,#981);
#980 = CARTESIAN_POINT('',(0.,-0.));
#981 = VECTOR('',#982,1.);
#982 = DIRECTION('',(1.,-0.));
#983 = ( GEOMETRIC_REPRESENTATION_CONTEXT(2) 
PARAMETRIC_REPRESENTATION_CONTEXT() REPRESENTATION_CONTEXT('2D SPACE',''
  ) );
#984 = ORIENTED_EDGE('',*,*,#935,.F.);
#985 = ADVANCED_FACE('',(#986),#973,.T.);
#986 = FACE_BOUND('',#987,.F.);
#987 = EDGE_LOOP('',(#988,#989,#1012,#1039));
#988 = ORIENTED_EDGE('',*,*,#958,.T.);
#989 = ORIENTED_EDGE('',*,*,#990,.T.);
#990 = EDGE_CURVE('',#936,#991,#993,.T.);
#991 = VERTEX_POINT('',#992);
#992 = CARTESIAN_POINT('',(20.86,0.,32.));
#993 = SEAM_CURVE('',#994,(#998,#1005),.PCURVE_S1.);
#994 = LINE('',#995,#996);
#995 = CARTESIAN_POINT('',(20.901119499937,0.,32.417493289115));
#996 = VECTOR('',#997,1.);
#997 = DIRECTION('',(-9.801714032957E-02,0.,-0.995184726672));
#998 = PCURVE('',#973,#999);
#999 = DEFINITIONAL_REPRESENTATION('',(#1000),#1004);
#1000 = LINE('',#1001,#1002);
#1001 = CARTESIAN_POINT('',(0.,-0.));
#1002 = VECTOR('',#1003,1.);
#1003 = DIRECTION('',(0.,-1.));
#1004 = ( GEOMETRIC_REPRESENTATION_CONTEXT(2) 
PARAMETRIC_REPRESENTATION_CONTEXT() REPRESENTATION_CONTEXT('2D SPACE',''
  ) );
#1005 = PCURVE('',#973,#1006);
#1006 = DEFINITIONAL_REPRESENTATION('',(#1007),#1011);
#1007 = LINE('',#1008,#1009);
#1008 = CARTESIAN_POINT('',(6.28318530718,-0.));
#1009 = VECTOR('',#1010,1.);
#1010 = DIRECTION('',(0.,-1.));
#1011 = ( GEOMETRIC_REPRESENTATION_CONTEXT(2) 
PARAMETRIC_REPRESENTATION_CONTEXT() REPRESENTATION_CONTEXT('2D SPACE',''
  ) );
#1012 = ORIENTED_EDGE('',*,*,#1013,.F.);
#1013 = EDGE_CURVE('',#991,#991,#1014,.T.);
#1014 = SURFACE_CURVE('',#1015,(#1020,#1027),.PCURVE_S1.);
#1015 = CIRCLE('',#1016,20.86);
#1016 = AXIS2_PLACEMENT_3D('',#1017,#1018,#1019);
#1017 = CARTESIAN_POINT('',(0.,0.,32.));
#1018 = DIRECTION('',(0.,0.,1.));
#1019 = DIRECTION('',(1.,0.,-0.));
#1020 = PCURVE('',#973,#1021);
#1021 = DEFINITIONAL_REPRESENTATION('',(#1022),#1026);
#1022 = LINE('',#1023,#1024);
#1023 = CARTESIAN_POINT('',(0.,-0.417493289115));
#1024 = VECTOR('',#1025,1.);
#1025 = DIRECTION('',(1.,-0.));
#1026 = ( GEOMETRIC_REPRESENTATION_CONTEXT(2) 
PARAMETRIC_REPRESENTATION_CONTEXT() REPRESENTATION_CONTEXT('2D SPACE',''
  ) );
#1027 = PCURVE('',#1028,#1033);
#1028 = CONICAL_SURFACE('',#1029,20.86,0.261799387799);
#1029 = AXIS2_PLACEMENT_3D('',#1030,#1031,#1032);
#1030 = CARTESIAN_POINT('',(0.,0.,32.));
#1031 = DIRECTION('',(-0.,-0.,-1.));
#1032 = DIRECTION('',(1.,0.,0.));
#1033 = DEFINITIONAL_REPRESENTATION('',(#1034),#1038);
#1034 = LINE('',#1035,#1036);
#1035 = CARTESIAN_POINT('',(-0.,0.));
#1036 = VECTOR('',#1037,1.);
#1037 = DIRECTION('',(-1.,0.));
#1038 = ( GEOMETRIC_REPRESENTATION_CONTEXT(2) 
PARAMETRIC_REPRESENTATION_CONTEXT() REPRESENTATION_CONTEXT('2D SPACE',''
  ) );
#1039 = ORIENTED_EDGE('',*,*,#990,.F.);
#1040 = ADVANCED_FACE('',(#1041),#1028,.T.);
#1041 = FACE_BOUND('',#1042,.F.);
#1042 = EDGE_LOOP('',(#1043,#1066,#1067,#1068));
#1043 = ORIENTED_EDGE('',*,*,#1044,.F.);
#1044 = EDGE_CURVE('',#991,#1045,#1047,.T.);
#1045 = VERTEX_POINT('',#1046);
#1046 = CARTESIAN_POINT('',(29.203937852305,0.,0.86));
#1047 = SEAM_CURVE('',#1048,(#1052,#1059),.PCURVE_S1.);
#1048 = LINE('',#1049,#1050);
#1049 = CARTESIAN_POINT('',(20.86,0.,32.));
#1050 = VECTOR('',#1051,1.);
#1051 = DIRECTION('',(0.258819045103,0.,-0.965925826289));
#1052 = PCURVE('',#1028,#1053);
#1053 = DEFINITIONAL_REPRESENTATION('',(#1054),#1058);
#1054 = LINE('',#1055,#1056);
#1055 = CARTESIAN_POINT('',(-0.,0.));
#1056 = VECTOR('',#1057,1.);
#1057 = DIRECTION('',(-0.,1.));
#1058 = ( GEOMETRIC_REPRESENTATION_CONTEXT(2) 
PARAMETRIC_REPRESENTATION_CONTEXT() REPRESENTATION_CONTEXT('2D SPACE',''
  ) );
#1059 = PCURVE('',#1028,#1060);
#1060 = DEFINITIONAL_REPRESENTATION('',(#1061),#1065);
#1061 = LINE('',#1062,#1063);
#1062 = CARTESIAN_POINT('',(-6.28318530718,0.));
#1063 = VECTOR('',#1064,1.);
#1064 = DIRECTION('',(-0.,1.));
#1065 = ( GEOMETRIC_REPRESENTATION_CONTEXT(2) 
PARAMETRIC_REPRESENTATION_CONTEXT() REPRESENTATION_CONTEXT('2D SPACE',''
  ) );
#1066 = ORIENTED_EDGE('',*,*,#1013,.T.);
#1067 = ORIENTED_EDGE('',*,*,#1044,.T.);
#1068 = ORIENTED_EDGE('',*,*,#1069,.T.);
#1069 = EDGE_CURVE('',#1045,#1045,#1070,.T.);
#1070 = SURFACE_CURVE('',#1071,(#1076,#1083),.PCURVE_S1.);
#1071 = CIRCLE('',#1072,29.203937852305);
#1072 = AXIS2_PLACEMENT_3D('',#1073,#1074,#1075);
#1073 = CARTESIAN_POINT('',(0.,0.,0.86));
#1074 = DIRECTION('',(0.,0.,-1.));
#1075 = DIRECTION('',(1.,0.,0.));
#1076 = PCURVE('',#1028,#1077);
#1077 = DEFINITIONAL_REPRESENTATION('',(#1078),#1082);
#1078 = LINE('',#1079,#1080);
#1079 = CARTESIAN_POINT('',(-6.28318530718,31.14));
#1080 = VECTOR('',#1081,1.);
#1081 = DIRECTION('',(1.,-0.));
#1082 = ( GEOMETRIC_REPRESENTATION_CONTEXT(2) 
PARAMETRIC_REPRESENTATION_CONTEXT() REPRESENTATION_CONTEXT('2D SPACE',''
  ) );
#1083 = PCURVE('',#1084,#1089);
#1084 = PLANE('',#1085);
#1085 = AXIS2_PLACEMENT_3D('',#1086,#1087,#1088);
#1086 = CARTESIAN_POINT('',(0.,0.,0.86));
#1087 = DIRECTION('',(0.,0.,1.));
#1088 = DIRECTION('',(1.,0.,-0.));
#1089 = DEFINITIONAL_REPRESENTATION('',(#1090),#1098);
#1090 = ( BOUNDED_CURVE() B_SPLINE_CURVE(2,(#1091,#1092,#1093,#1094,
#1095,#1096,#1097),.UNSPECIFIED.,.T.,.F.) B_SPLINE_CURVE_WITH_KNOTS((1,2
    ,2,2,2,1),(-2.094395102393,0.,2.094395102393,4.188790204786,
6.28318530718,8.377580409573),.UNSPECIFIED.) CURVE() 
GEOMETRIC_REPRESENTATION_ITEM() RATIONAL_B_SPLINE_CURVE((1.,0.5,1.,0.5,
1.,0.5,1.)) REPRESENTATION_ITEM('') );
#1091 = CARTESIAN_POINT('',(29.203937852305,0.));
#1092 = CARTESIAN_POINT('',(29.203937852305,-50.58270414127));
#1093 = CARTESIAN_POINT('',(-14.60196892615,-25.29135207063));
#1094 = CARTESIAN_POINT('',(-58.40787570461,-7.152901802665E-15));
#1095 = CARTESIAN_POINT('',(-14.60196892615,25.291352070638));
#1096 = CARTESIAN_POINT('',(29.203937852305,50.582704141276));
#1097 = CARTESIAN_POINT('',(29.203937852305,0.));
#1098 = ( GEOMETRIC_REPRESENTATION_CONTEXT(2) 
PARAMETRIC_REPRESENTATION_CONTEXT() REPRESENTATION_CONTEXT('2D SPACE',''
  ) );
#1099 = ADVANCED_FACE('',(#1100,#1186),#1084,.T.);
#1100 = FACE_BOUND('',#1101,.T.);
#1101 = EDGE_LOOP('',(#1102,#1133,#1162));
#1102 = ORIENTED_EDGE('',*,*,#1103,.T.);
#1103 = EDGE_CURVE('',#1104,#1106,#1108,.T.);
#1104 = VERTEX_POINT('',#1105);
#1105 = CARTESIAN_POINT('',(-31.,-2.949508433621,0.86));
#1106 = VERTEX_POINT('',#1107);
#1107 = CARTESIAN_POINT('',(31.14,0.,0.86));
#1108 = SURFACE_CURVE('',#1109,(#1114,#1121),.PCURVE_S1.);
#1109 = CIRCLE('',#1110,31.14);
#1110 = AXIS2_PLACEMENT_3D('',#1111,#1112,#1113);
#1111 = CARTESIAN_POINT('',(0.,0.,0.86));
#1112 = DIRECTION('',(0.,0.,1.));
#1113 = DIRECTION('',(1.,0.,-0.));
#1114 = PCURVE('',#1084,#1115);
#1115 = DEFINITIONAL_REPRESENTATION('',(#1116),#1120);
#1116 = CIRCLE('',#1117,31.14);
#1117 = AXIS2_PLACEMENT_2D('',#1118,#1119);
#1118 = CARTESIAN_POINT('',(0.,0.));
#1119 = DIRECTION('',(1.,0.));
#1120 = ( GEOMETRIC_REPRESENTATION_CONTEXT(2) 
PARAMETRIC_REPRESENTATION_CONTEXT() REPRESENTATION_CONTEXT('2D SPACE',''
  ) );
#1121 = PCURVE('',#1122,#1127);
#1122 = CYLINDRICAL_SURFACE('',#1123,31.14);
#1123 = AXIS2_PLACEMENT_3D('',#1124,#1125,#1126);
#1124 = CARTESIAN_POINT('',(0.,0.,27.46));
#1125 = DIRECTION('',(-0.,-0.,-1.));
#1126 = DIRECTION('',(1.,0.,0.));
#1127 = DEFINITIONAL_REPRESENTATION('',(#1128),#1132);
#1128 = LINE('',#1129,#1130);
#1129 = CARTESIAN_POINT('',(-0.,26.6));
#1130 = VECTOR('',#1131,1.);
#1131 = DIRECTION('',(-1.,0.));
#1132 = ( GEOMETRIC_REPRESENTATION_CONTEXT(2) 
PARAMETRIC_REPRESENTATION_CONTEXT() REPRESENTATION_CONTEXT('2D SPACE',''
  ) );
#1133 = ORIENTED_EDGE('',*,*,#1134,.T.);
#1134 = EDGE_CURVE('',#1106,#1135,#1137,.T.);
#1135 = VERTEX_POINT('',#1136);
#1136 = CARTESIAN_POINT('',(-31.,2.949508433621,0.86));
#1137 = SURFACE_CURVE('',#1138,(#1143,#1150),.PCURVE_S1.);
#1138 = CIRCLE('',#1139,31.14);
#1139 = AXIS2_PLACEMENT_3D('',#1140,#1141,#1142);
#1140 = CARTESIAN_POINT('',(0.,0.,0.86));
#1141 = DIRECTION('',(0.,0.,1.));
#1142 = DIRECTION('',(1.,0.,-0.));
#1143 = PCURVE('',#1084,#1144);
#1144 = DEFINITIONAL_REPRESENTATION('',(#1145),#1149);
#1145 = CIRCLE('',#1146,31.14);
#1146 = AXIS2_PLACEMENT_2D('',#1147,#1148);
#1147 = CARTESIAN_POINT('',(0.,0.));
#1148 = DIRECTION('',(1.,0.));
#1149 = ( GEOMETRIC_REPRESENTATION_CONTEXT(2) 
PARAMETRIC_REPRESENTATION_CONTEXT() REPRESENTATION_CONTEXT('2D SPACE',''
  ) );
#1150 = PCURVE('',#1151,#1156);
#1151 = CYLINDRICAL_SURFACE('',#1152,31.14);
#1152 = AXIS2_PLACEMENT_3D('',#1153,#1154,#1155);
#1153 = CARTESIAN_POINT('',(0.,0.,27.46));
#1154 = DIRECTION('',(-0.,-0.,-1.));
#1155 = DIRECTION('',(1.,0.,0.));
#1156 = DEFINITIONAL_REPRESENTATION('',(#1157),#1161);
#1157 = LINE('',#1158,#1159);
#1158 = CARTESIAN_POINT('',(-0.,26.6));
#1159 = VECTOR('',#1160,1.);
#1160 = DIRECTION('',(-1.,0.));
#1161 = ( GEOMETRIC_REPRESENTATION_CONTEXT(2) 
PARAMETRIC_REPRESENTATION_CONTEXT() REPRESENTATION_CONTEXT('2D SPACE',''
  ) );
#1162 = ORIENTED_EDGE('',*,*,#1163,.T.);
#1163 = EDGE_CURVE('',#1135,#1104,#1164,.T.);
#1164 = SURFACE_CURVE('',#1165,(#1169,#1175),.PCURVE_S1.);
#1165 = LINE('',#1166,#1167);
#1166 = CARTESIAN_POINT('',(-31.,0.,0.86));
#1167 = VECTOR('',#1168,1.);
#1168 = DIRECTION('',(0.,-1.,0.));
#1169 = PCURVE('',#1084,#1170);
#1170 = DEFINITIONAL_REPRESENTATION('',(#1171),#1174);
#1171 = B_SPLINE_CURVE_WITH_KNOTS('',1,(#1172,#1173),.UNSPECIFIED.,.F.,
  .F.,(2,2),(-14.9,14.9),.PIECEWISE_BEZIER_KNOTS.);
#1172 = CARTESIAN_POINT('',(-31.,14.9));
#1173 = CARTESIAN_POINT('',(-31.,-14.9));
#1174 = ( GEOMETRIC_REPRESENTATION_CONTEXT(2) 
PARAMETRIC_REPRESENTATION_CONTEXT() REPRESENTATION_CONTEXT('2D SPACE',''
  ) );
#1175 = PCURVE('',#1176,#1181);
#1176 = PLANE('',#1177);
#1177 = AXIS2_PLACEMENT_3D('',#1178,#1179,#1180);
#1178 = CARTESIAN_POINT('',(-31.,0.,13.76));
#1179 = DIRECTION('',(-1.,0.,0.));
#1180 = DIRECTION('',(0.,0.,-1.));
#1181 = DEFINITIONAL_REPRESENTATION('',(#1182),#1185);
#1182 = B_SPLINE_CURVE_WITH_KNOTS('',1,(#1183,#1184),.UNSPECIFIED.,.F.,
  .F.,(2,2),(-14.9,14.9),.PIECEWISE_BEZIER_KNOTS.);
#1183 = CARTESIAN_POINT('',(12.9,-14.9));
#1184 = CARTESIAN_POINT('',(12.9,14.9));
#1185 = ( GEOMETRIC_REPRESENTATION_CONTEXT(2) 
PARAMETRIC_REPRESENTATION_CONTEXT() REPRESENTATION_CONTEXT('2D SPACE',''
  ) );
#1186 = FACE_BOUND('',#1187,.T.);
#1187 = EDGE_LOOP('',(#1188));
#1188 = ORIENTED_EDGE('',*,*,#1069,.T.);
#1189 = ADVANCED_FACE('',(#1190),#1151,.F.);
#1190 = FACE_BOUND('',#1191,.T.);
#1191 = EDGE_LOOP('',(#1192,#1223,#1249,#1454,#1473,#1474));
#1192 = ORIENTED_EDGE('',*,*,#1193,.T.);
#1193 = EDGE_CURVE('',#1194,#1196,#1198,.T.);
#1194 = VERTEX_POINT('',#1195);
#1195 = CARTESIAN_POINT('',(31.14,0.,27.46));
#1196 = VERTEX_POINT('',#1197);
#1197 = CARTESIAN_POINT('',(-31.,2.949508433621,27.46));
#1198 = SURFACE_CURVE('',#1199,(#1204,#1211),.PCURVE_S1.);
#1199 = CIRCLE('',#1200,31.14);
#1200 = AXIS2_PLACEMENT_3D('',#1201,#1202,#1203);
#1201 = CARTESIAN_POINT('',(0.,0.,27.46));
#1202 = DIRECTION('',(0.,0.,1.));
#1203 = DIRECTION('',(1.,0.,-0.));
#1204 = PCURVE('',#1151,#1205);
#1205 = DEFINITIONAL_REPRESENTATION('',(#1206),#1210);
#1206 = LINE('',#1207,#1208);
#1207 = CARTESIAN_POINT('',(-0.,0.));
#1208 = VECTOR('',#1209,1.);
#1209 = DIRECTION('',(-1.,0.));
#1210 = ( GEOMETRIC_REPRESENTATION_CONTEXT(2) 
PARAMETRIC_REPRESENTATION_CONTEXT() REPRESENTATION_CONTEXT('2D SPACE',''
  ) );
#1211 = PCURVE('',#1212,#1217);
#1212 = CONICAL_SURFACE('',#1213,22.,0.785398163397);
#1213 = AXIS2_PLACEMENT_3D('',#1214,#1215,#1216);
#1214 = CARTESIAN_POINT('',(0.,0.,36.6));
#1215 = DIRECTION('',(-0.,-0.,-1.));
#1216 = DIRECTION('',(1.,0.,0.));
#1217 = DEFINITIONAL_REPRESENTATION('',(#1218),#1222);
#1218 = LINE('',#1219,#1220);
#1219 = CARTESIAN_POINT('',(-0.,9.14));
#1220 = VECTOR('',#1221,1.);
#1221 = DIRECTION('',(-1.,0.));
#1222 = ( GEOMETRIC_REPRESENTATION_CONTEXT(2) 
PARAMETRIC_REPRESENTATION_CONTEXT() REPRESENTATION_CONTEXT('2D SPACE',''
  ) );
#1223 = ORIENTED_EDGE('',*,*,#1224,.T.);
#1224 = EDGE_CURVE('',#1196,#1225,#1227,.T.);
#1225 = VERTEX_POINT('',#1226);
#1226 = CARTESIAN_POINT('',(-31.,2.949508433621,23.837221839376));
#1227 = SURFACE_CURVE('',#1228,(#1232,#1238),.PCURVE_S1.);
#1228 = LINE('',#1229,#1230);
#1229 = CARTESIAN_POINT('',(-31.,2.949508433621,27.46));
#1230 = VECTOR('',#1231,1.);
#1231 = DIRECTION('',(-0.,-0.,-1.));
#1232 = PCURVE('',#1151,#1233);
#1233 = DEFINITIONAL_REPRESENTATION('',(#1234),#1237);
#1234 = B_SPLINE_CURVE_WITH_KNOTS('',1,(#1235,#1236),.UNSPECIFIED.,.F.,
  .F.,(2,2),(-5.999999999062E-07,26.6000006),.PIECEWISE_BEZIER_KNOTS.);
#1235 = CARTESIAN_POINT('',(-3.046732777029,-5.999999999062E-07));
#1236 = CARTESIAN_POINT('',(-3.046732777029,26.6000006));
#1237 = ( GEOMETRIC_REPRESENTATION_CONTEXT(2) 
PARAMETRIC_REPRESENTATION_CONTEXT() REPRESENTATION_CONTEXT('2D SPACE',''
  ) );
#1238 = PCURVE('',#1239,#1244);
#1239 = PLANE('',#1240);
#1240 = AXIS2_PLACEMENT_3D('',#1241,#1242,#1243);
#1241 = CARTESIAN_POINT('',(-31.,0.,13.76));
#1242 = DIRECTION('',(-1.,0.,0.));
#1243 = DIRECTION('',(0.,0.,-1.));
#1244 = DEFINITIONAL_REPRESENTATION('',(#1245),#1248);
#1245 = B_SPLINE_CURVE_WITH_KNOTS('',1,(#1246,#1247),.UNSPECIFIED.,.F.,
  .F.,(2,2),(-5.999999999062E-07,26.6000006),.PIECEWISE_BEZIER_KNOTS.);
#1246 = CARTESIAN_POINT('',(-13.7000006,-2.949508433621));
#1247 = CARTESIAN_POINT('',(12.9000006,-2.949508433621));
#1248 = ( GEOMETRIC_REPRESENTATION_CONTEXT(2) 
PARAMETRIC_REPRESENTATION_CONTEXT() REPRESENTATION_CONTEXT('2D SPACE',''
  ) );
#1249 = ORIENTED_EDGE('',*,*,#1250,.F.);
#1250 = EDGE_CURVE('',#1251,#1225,#1253,.T.);
#1251 = VERTEX_POINT('',#1252);
#1252 = CARTESIAN_POINT('',(-31.,2.949508433621,3.682778160624));
#1253 = SURFACE_CURVE('',#1254,(#1317,#1383),.PCURVE_S1.);
#1254 = B_SPLINE_CURVE_WITH_KNOTS('',6,(#1255,#1256,#1257,#1258,#1259,
    #1260,#1261,#1262,#1263,#1264,#1265,#1266,#1267,#1268,#1269,#1270,
    #1271,#1272,#1273,#1274,#1275,#1276,#1277,#1278,#1279,#1280,#1281,
    #1282,#1283,#1284,#1285,#1286,#1287,#1288,#1289,#1290,#1291,#1292,
    #1293,#1294,#1295,#1296,#1297,#1298,#1299,#1300,#1301,#1302,#1303,
    #1304,#1305,#1306,#1307,#1308,#1309,#1310,#1311,#1312,#1313,#1314,
    #1315,#1316),.UNSPECIFIED.,.F.,.F.,(7,5,5,5,5,5,5,5,5,5,5,5,7),(0.,
    0.100113095114,0.174765760423,0.238937324414,0.294096024123,
    0.34066078069,0.500000926998,0.658356136088,0.705625836702,
    0.759960340186,0.824328659055,0.900931732552,1.),.UNSPECIFIED.);
#1255 = CARTESIAN_POINT('',(-31.,2.949508433621,3.682778160624));
#1256 = CARTESIAN_POINT('',(-30.94985822737,3.47650979208,3.837026521539
    ));
#1257 = CARTESIAN_POINT('',(-30.89082097442,3.982982998258,
    4.021171773287));
#1258 = CARTESIAN_POINT('',(-30.82454288802,4.467384990122,
    4.231991781809));
#1259 = CARTESIAN_POINT('',(-30.75274970753,4.928517212932,
    4.466299398208));
#1260 = CARTESIAN_POINT('',(-30.67714058213,5.365509632896,4.72091163597
    ));
#1261 = CARTESIAN_POINT('',(-30.54123879698,6.085246343892,
    5.195226384711));
#1262 = CARTESIAN_POINT('',(-30.48187311883,6.379316326665,
    5.407577036506));
#1263 = CARTESIAN_POINT('',(-30.4217558634,6.660178263125,5.628684005985
    ));
#1264 = CARTESIAN_POINT('',(-30.36139583422,6.928020846009,
    5.857667827997));
#1265 = CARTESIAN_POINT('',(-30.30124787567,7.183057294093,
    6.093755973714));
#1266 = CARTESIAN_POINT('',(-30.19053600837,7.633950205708,
    6.544758649129));
#1267 = CARTESIAN_POINT('',(-30.13980851243,7.833103050288,
    6.758007240467));
#1268 = CARTESIAN_POINT('',(-30.0897826055,8.023140002382,6.975617402063
    ));
#1269 = CARTESIAN_POINT('',(-30.04068563375,8.204212379807,
    7.197223178252));
#1270 = CARTESIAN_POINT('',(-29.99272150708,8.376466456188,
    7.422503545291));
#1271 = CARTESIAN_POINT('',(-29.90597511814,8.680646820868,
    7.847743557992));
#1272 = CARTESIAN_POINT('',(-29.86685005793,8.814837487164,
    8.046813166766));
#1273 = CARTESIAN_POINT('',(-29.82881500105,8.94269676758,8.248204031267
    ));
#1274 = CARTESIAN_POINT('',(-29.7919777905,9.064300078608,8.451744883004
    ));
#1275 = CARTESIAN_POINT('',(-29.75643632056,9.179717302686,
    8.657280452557));
#1276 = CARTESIAN_POINT('',(-29.69344267062,9.381279605638,
    9.039750147513));
#1277 = CARTESIAN_POINT('',(-29.66559369155,9.469181620686,
    9.216146956036));
#1278 = CARTESIAN_POINT('',(-29.63878533757,9.552755294697,
    9.393773953233));
#1279 = CARTESIAN_POINT('',(-29.61306723697,9.632033338072,
    9.572546582979));
#1280 = CARTESIAN_POINT('',(-29.58848490839,9.707044710253,9.75238367494
    ));
#1281 = CARTESIAN_POINT('',(-29.48498958279,10.019982485741,
    10.551969101091));
#1282 = CARTESIAN_POINT('',(-29.41866039423,10.212556837853,
    11.182462678473));
#1283 = CARTESIAN_POINT('',(-29.36780070505,10.356405990005,
    11.821323630013));
#1284 = CARTESIAN_POINT('',(-29.33351902628,10.452121698378,
    12.465642368406));
#1285 = CARTESIAN_POINT('',(-29.31637085316,10.5,13.112748782265));
#1286 = CARTESIAN_POINT('',(-29.31637085316,10.5,14.403250331397));
#1287 = CARTESIAN_POINT('',(-29.33330768203,10.452711778865,
    15.046360507384));
#1288 = CARTESIAN_POINT('',(-29.3671672351,10.358174662754,
    15.68673451319));
#1289 = CARTESIAN_POINT('',(-29.41740747054,10.216100288357,
    16.321749724192));
#1290 = CARTESIAN_POINT('',(-29.48294664866,10.02591225927,
    16.948551559672));
#1291 = CARTESIAN_POINT('',(-29.58575135046,9.715378098289,
    17.747512793823));
#1292 = CARTESIAN_POINT('',(-29.61060112865,9.639622825798,
    17.930170540695));
#1293 = CARTESIAN_POINT('',(-29.6366245642,9.559472713606,
    18.111737120595));
#1294 = CARTESIAN_POINT('',(-29.66377424398,9.474897650081,
    18.292127771626));
#1295 = CARTESIAN_POINT('',(-29.69199839456,9.385863548241,
    18.471254163831));
#1296 = CARTESIAN_POINT('',(-29.75485387366,9.18482222022,
    18.853363697896));
#1297 = CARTESIAN_POINT('',(-29.78981131512,9.071372975267,
    19.05590562512));
#1298 = CARTESIAN_POINT('',(-29.82602923311,8.951923285044,
    19.256517038053));
#1299 = CARTESIAN_POINT('',(-29.86341430931,8.826406599623,
    19.455049814591));
#1300 = CARTESIAN_POINT('',(-29.9018638804,8.694751145009,19.65134085334
    ));
#1301 = CARTESIAN_POINT('',(-29.98794427435,8.393548371302,
    20.074885001999));
#1302 = CARTESIAN_POINT('',(-30.03595843911,8.221495955561,
    20.301158279423));
#1303 = CARTESIAN_POINT('',(-30.08512558945,8.040580433605,
    20.523755033417));
#1304 = CARTESIAN_POINT('',(-30.1352409833,7.850654668884,
    20.742353129266));
#1305 = CARTESIAN_POINT('',(-30.18607626004,7.65156625888,
    20.956585228863));
#1306 = CARTESIAN_POINT('',(-30.2984302644,7.195134882535,
    21.415304192865));
#1307 = CARTESIAN_POINT('',(-30.36014839514,6.933890131963,
    21.657824139092));
#1308 = CARTESIAN_POINT('',(-30.42210131049,6.65916599404,
    21.892883137283));
#1309 = CARTESIAN_POINT('',(-30.48379811279,6.370732035659,
    22.11964759304));
#1310 = CARTESIAN_POINT('',(-30.5446880924,6.068385083946,
    22.337165347266));
#1311 = CARTESIAN_POINT('',(-30.68107540491,5.342714785948,
    22.812329937807));
#1312 = CARTESIAN_POINT('',(-30.7557373513,4.909288978631,
    23.063447960018));
#1313 = CARTESIAN_POINT('',(-30.82661386916,4.452228424091,
    23.294594957397));
#1314 = CARTESIAN_POINT('',(-30.89205381419,3.972401520581,
    23.50267342124));
#1315 = CARTESIAN_POINT('',(-30.95038311343,3.470993121043,
    23.684588156396));
#1316 = CARTESIAN_POINT('',(-31.,2.949508433621,23.837221839376));
#1317 = PCURVE('',#1151,#1318);
#1318 = DEFINITIONAL_REPRESENTATION('',(#1319),#1382);
#1319 = B_SPLINE_CURVE_WITH_KNOTS('',6,(#1320,#1321,#1322,#1323,#1324,
    #1325,#1326,#1327,#1328,#1329,#1330,#1331,#1332,#1333,#1334,#1335,
    #1336,#1337,#1338,#1339,#1340,#1341,#1342,#1343,#1344,#1345,#1346,
    #1347,#1348,#1349,#1350,#1351,#1352,#1353,#1354,#1355,#1356,#1357,
    #1358,#1359,#1360,#1361,#1362,#1363,#1364,#1365,#1366,#1367,#1368,
    #1369,#1370,#1371,#1372,#1373,#1374,#1375,#1376,#1377,#1378,#1379,
    #1380,#1381),.UNSPECIFIED.,.F.,.F.,(7,5,5,5,5,5,5,5,5,5,5,5,7),(0.,
    0.100113095114,0.174765760423,0.238937324414,0.294096024123,
    0.34066078069,0.500000926998,0.658356136088,0.705625836702,
    0.759960340186,0.824328659055,0.900931732552,1.),.UNSPECIFIED.);
#1320 = CARTESIAN_POINT('',(-3.046732777029,23.777221839376));
#1321 = CARTESIAN_POINT('',(-3.029732733208,23.622973478461));
#1322 = CARTESIAN_POINT('',(-3.013361905288,23.438828226713));
#1323 = CARTESIAN_POINT('',(-2.99766573739,23.228008218191));
#1324 = CARTESIAN_POINT('',(-2.982682377829,22.993700601792));
#1325 = CARTESIAN_POINT('',(-2.968442373519,22.73908836403));
#1326 = CARTESIAN_POINT('',(-2.944921020512,22.264773615289));
#1327 = CARTESIAN_POINT('',(-2.935287792993,22.052422963494));
#1328 = CARTESIAN_POINT('',(-2.926065050288,21.831315994015));
#1329 = CARTESIAN_POINT('',(-2.917248789013,21.602332172003));
#1330 = CARTESIAN_POINT('',(-2.908834463208,21.366244026286));
#1331 = CARTESIAN_POINT('',(-2.893924827722,20.915241350871));
#1332 = CARTESIAN_POINT('',(-2.887325462584,20.701992759533));
#1333 = CARTESIAN_POINT('',(-2.881015176529,20.484382597937));
#1334 = CARTESIAN_POINT('',(-2.874990648625,20.262776821748));
#1335 = CARTESIAN_POINT('',(-2.869248717392,20.037496454709));
#1336 = CARTESIAN_POINT('',(-2.859091112725,19.612256442008));
#1337 = CARTESIAN_POINT('',(-2.85460248809,19.413186833234));
#1338 = CARTESIAN_POINT('',(-2.850318810156,19.211795968733));
#1339 = CARTESIAN_POINT('',(-2.84623858609,19.008255116996));
#1340 = CARTESIAN_POINT('',(-2.842360465686,18.802719547443));
#1341 = CARTESIAN_POINT('',(-2.835578943108,18.420249852487));
#1342 = CARTESIAN_POINT('',(-2.832617882836,18.243853043964));
#1343 = CARTESIAN_POINT('',(-2.829799407881,18.066226046767));
#1344 = CARTESIAN_POINT('',(-2.827122959152,17.887453417021));
#1345 = CARTESIAN_POINT('',(-2.82458807113,17.70761632506));
#1346 = CARTESIAN_POINT('',(-2.814003361804,16.908030898909));
#1347 = CARTESIAN_POINT('',(-2.807463160078,16.277537321527));
#1348 = CARTESIAN_POINT('',(-2.802563534069,15.638676369987));
#1349 = CARTESIAN_POINT('',(-2.799298612325,14.994357631594));
#1350 = CARTESIAN_POINT('',(-2.79766545274,14.347251217735));
#1351 = CARTESIAN_POINT('',(-2.79766545274,13.056749668603));
#1352 = CARTESIAN_POINT('',(-2.799278484285,12.413639492617));
#1353 = CARTESIAN_POINT('',(-2.802503203598,11.77326548681));
#1354 = CARTESIAN_POINT('',(-2.807342466064,11.138250275808));
#1355 = CARTESIAN_POINT('',(-2.813801969514,10.511448440328));
#1356 = CARTESIAN_POINT('',(-2.824306431949,9.712487206177));
#1357 = CARTESIAN_POINT('',(-2.826866695556,9.529829459305));
#1358 = CARTESIAN_POINT('',(-2.829572807487,9.348262879405));
#1359 = CARTESIAN_POINT('',(-2.832425250286,9.167872228374));
#1360 = CARTESIAN_POINT('',(-2.83542460548,8.988745836169));
#1361 = CARTESIAN_POINT('',(-2.842188836112,8.606636302104));
#1362 = CARTESIAN_POINT('',(-2.846001039406,8.40409437488));
#1363 = CARTESIAN_POINT('',(-2.850009312623,8.203482961947));
#1364 = CARTESIAN_POINT('',(-2.854214939381,8.004950185409));
#1365 = CARTESIAN_POINT('',(-2.858619337758,7.80865914666));
#1366 = CARTESIAN_POINT('',(-2.868679125288,7.385114998001));
#1367 = CARTESIAN_POINT('',(-2.874415250379,7.158841720577));
#1368 = CARTESIAN_POINT('',(-2.880435508111,6.936244966583));
#1369 = CARTESIAN_POINT('',(-2.886743074182,6.717646870734));
#1370 = CARTESIAN_POINT('',(-2.893341289524,6.503414771137));
#1371 = CARTESIAN_POINT('',(-2.908436228661,6.044695807135));
#1372 = CARTESIAN_POINT('',(-2.917056148753,5.802175860908));
#1373 = CARTESIAN_POINT('',(-2.926099184921,5.567116862717));
#1374 = CARTESIAN_POINT('',(-2.935570244919,5.34035240696));
#1375 = CARTESIAN_POINT('',(-2.945473633366,5.122834652734));
#1376 = CARTESIAN_POINT('',(-2.969185124681,4.647670062193));
#1377 = CARTESIAN_POINT('',(-2.983307125012,4.396552039982));
#1378 = CARTESIAN_POINT('',(-2.998156847934,4.165405042603));
#1379 = CARTESIAN_POINT('',(-3.013703930231,3.95732657876));
#1380 = CARTESIAN_POINT('',(-3.029910690338,3.775411843604));
#1381 = CARTESIAN_POINT('',(-3.046732777029,3.622778160624));
#1382 = ( GEOMETRIC_REPRESENTATION_CONTEXT(2) 
PARAMETRIC_REPRESENTATION_CONTEXT() REPRESENTATION_CONTEXT('2D SPACE',''
  ) );
#1383 = PCURVE('',#1384,#1389);
#1384 = CYLINDRICAL_SURFACE('',#1385,10.5);
#1385 = AXIS2_PLACEMENT_3D('',#1386,#1387,#1388);
#1386 = CARTESIAN_POINT('',(-35.,0.,13.76));
#1387 = DIRECTION('',(1.,0.,0.));
#1388 = DIRECTION('',(-0.,0.,1.));
#1389 = DEFINITIONAL_REPRESENTATION('',(#1390),#1453);
#1390 = B_SPLINE_CURVE_WITH_KNOTS('',6,(#1391,#1392,#1393,#1394,#1395,
    #1396,#1397,#1398,#1399,#1400,#1401,#1402,#1403,#1404,#1405,#1406,
    #1407,#1408,#1409,#1410,#1411,#1412,#1413,#1414,#1415,#1416,#1417,
    #1418,#1419,#1420,#1421,#1422,#1423,#1424,#1425,#1426,#1427,#1428,
    #1429,#1430,#1431,#1432,#1433,#1434,#1435,#1436,#1437,#1438,#1439,
    #1440,#1441,#1442,#1443,#1444,#1445,#1446,#1447,#1448,#1449,#1450,
    #1451,#1452),.UNSPECIFIED.,.F.,.F.,(7,5,5,5,5,5,5,5,5,5,5,5,7),(0.,
    0.100113095114,0.174765760423,0.238937324414,0.294096024123,
    0.34066078069,0.500000926998,0.658356136088,0.705625836702,
    0.759960340186,0.824328659055,0.900931732552,1.),.UNSPECIFIED.);
#1391 = CARTESIAN_POINT('',(3.426330189724,4.));
#1392 = CARTESIAN_POINT('',(3.478626483966,4.050141772623));
#1393 = CARTESIAN_POINT('',(3.529846390127,4.109179025577));
#1394 = CARTESIAN_POINT('',(3.580019503322,4.175457111979));
#1395 = CARTESIAN_POINT('',(3.629156705492,4.247250292469));
#1396 = CARTESIAN_POINT('',(3.677250736501,4.322859417862));
#1397 = CARTESIAN_POINT('',(3.759343290541,4.458761203014));
#1398 = CARTESIAN_POINT('',(3.793857085389,4.518126881167));
#1399 = CARTESIAN_POINT('',(3.827856981367,4.578244136593));
#1400 = CARTESIAN_POINT('',(3.861377452117,4.638604165775));
#1401 = CARTESIAN_POINT('',(3.894451329611,4.698752124321));
#1402 = CARTESIAN_POINT('',(3.955188138205,4.809463991622));
#1403 = CARTESIAN_POINT('',(3.982960814631,4.860191487566));
#1404 = CARTESIAN_POINT('',(4.010453247791,4.910217394499));
#1405 = CARTESIAN_POINT('',(4.03768655967,4.959314366248));
#1406 = CARTESIAN_POINT('',(4.064681320893,5.007278492911));
#1407 = CARTESIAN_POINT('',(4.1144749779,5.094024881858));
#1408 = CARTESIAN_POINT('',(4.137330464172,5.133149942061));
#1409 = CARTESIAN_POINT('',(4.160036750832,5.171184998942));
#1410 = CARTESIAN_POINT('',(4.182605304359,5.208022209495));
#1411 = CARTESIAN_POINT('',(4.205047341138,5.243563679431));
#1412 = CARTESIAN_POINT('',(4.246221759096,5.306557329376));
#1413 = CARTESIAN_POINT('',(4.264986963199,5.334406308445));
#1414 = CARTESIAN_POINT('',(4.283675637538,5.361214662426));
#1415 = CARTESIAN_POINT('',(4.302293679753,5.386932763024));
#1416 = CARTESIAN_POINT('',(4.320846687361,5.411515091608));
#1417 = CARTESIAN_POINT('',(4.402622161457,5.515010417207));
#1418 = CARTESIAN_POINT('',(4.465223468256,5.581339605762));
#1419 = CARTESIAN_POINT('',(4.527331612393,5.632199294944));
#1420 = CARTESIAN_POINT('',(4.589116798701,5.666480973711));
#1421 = CARTESIAN_POINT('',(4.650746007267,5.68362914684));
#1422 = CARTESIAN_POINT('',(4.773650916708,5.68362914684));
#1423 = CARTESIAN_POINT('',(4.834899529911,5.666692317962));
#1424 = CARTESIAN_POINT('',(4.896301262983,5.632832764899));
#1425 = CARTESIAN_POINT('',(4.95801986192,5.582592529451));
#1426 = CARTESIAN_POINT('',(5.020222223896,5.51705335134));
#1427 = CARTESIAN_POINT('',(5.101859134694,5.414248649537));
#1428 = CARTESIAN_POINT('',(5.120687182432,5.389398871347));
#1429 = CARTESIAN_POINT('',(5.139581851653,5.363375435796));
#1430 = CARTESIAN_POINT('',(5.158548983562,5.336225756011));
#1431 = CARTESIAN_POINT('',(5.177594737154,5.308001605437));
#1432 = CARTESIAN_POINT('',(5.218715687185,5.245146126333));
#1433 = CARTESIAN_POINT('',(5.240817722339,5.210188684879));
#1434 = CARTESIAN_POINT('',(5.263042156991,5.173970766881));
#1435 = CARTESIAN_POINT('',(5.285399689286,5.13658569069));
#1436 = CARTESIAN_POINT('',(5.307901253195,5.098136119594));
#1437 = CARTESIAN_POINT('',(5.357398751403,5.01205572565));
#1438 = CARTESIAN_POINT('',(5.384456966313,4.964041560887));
#1439 = CARTESIAN_POINT('',(5.411753852244,4.914874410549));
#1440 = CARTESIAN_POINT('',(5.439310119845,4.8647590167));
#1441 = CARTESIAN_POINT('',(5.467147036916,4.81392373996));
#1442 = CARTESIAN_POINT('',(5.528776659123,4.701569735595));
#1443 = CARTESIAN_POINT('',(5.562698659947,4.63985160486));
#1444 = CARTESIAN_POINT('',(5.597090115766,4.577898689504));
#1445 = CARTESIAN_POINT('',(5.631986417468,4.516201887208));
#1446 = CARTESIAN_POINT('',(5.667424777575,4.455311907599));
#1447 = CARTESIAN_POINT('',(5.750034082311,4.318924595085));
#1448 = CARTESIAN_POINT('',(5.79766925099,4.244262648697));
#1449 = CARTESIAN_POINT('',(5.846328018354,4.173386130838));
#1450 = CARTESIAN_POINT('',(5.896001634236,4.107946185802));
#1451 = CARTESIAN_POINT('',(5.946698916477,4.049616886566));
#1452 = CARTESIAN_POINT('',(5.998447771046,4.));
#1453 = ( GEOMETRIC_REPRESENTATION_CONTEXT(2) 
PARAMETRIC_REPRESENTATION_CONTEXT() REPRESENTATION_CONTEXT('2D SPACE',''
  ) );
#1454 = ORIENTED_EDGE('',*,*,#1455,.T.);
#1455 = EDGE_CURVE('',#1251,#1135,#1456,.T.);
#1456 = SURFACE_CURVE('',#1457,(#1461,#1467),.PCURVE_S1.);
#1457 = LINE('',#1458,#1459);
#1458 = CARTESIAN_POINT('',(-31.,2.949508433621,27.46));
#1459 = VECTOR('',#1460,1.);
#1460 = DIRECTION('',(-0.,-0.,-1.));
#1461 = PCURVE('',#1151,#1462);
#1462 = DEFINITIONAL_REPRESENTATION('',(#1463),#1466);
#1463 = B_SPLINE_CURVE_WITH_KNOTS('',1,(#1464,#1465),.UNSPECIFIED.,.F.,
  .F.,(2,2),(-5.999999999062E-07,26.6000006),.PIECEWISE_BEZIER_KNOTS.);
#1464 = CARTESIAN_POINT('',(-3.046732777029,-5.999999999062E-07));
#1465 = CARTESIAN_POINT('',(-3.046732777029,26.6000006));
#1466 = ( GEOMETRIC_REPRESENTATION_CONTEXT(2) 
PARAMETRIC_REPRESENTATION_CONTEXT() REPRESENTATION_CONTEXT('2D SPACE',''
  ) );
#1467 = PCURVE('',#1176,#1468);
#1468 = DEFINITIONAL_REPRESENTATION('',(#1469),#1472);
#1469 = B_SPLINE_CURVE_WITH_KNOTS('',1,(#1470,#1471),.UNSPECIFIED.,.F.,
  .F.,(2,2),(-5.999999999062E-07,26.6000006),.PIECEWISE_BEZIER_KNOTS.);
#1470 = CARTESIAN_POINT('',(-13.7000006,-2.949508433621));
#1471 = CARTESIAN_POINT('',(12.9000006,-2.949508433621));
#1472 = ( GEOMETRIC_REPRESENTATION_CONTEXT(2) 
PARAMETRIC_REPRESENTATION_CONTEXT() REPRESENTATION_CONTEXT('2D SPACE',''
  ) );
#1473 = ORIENTED_EDGE('',*,*,#1134,.F.);
#1474 = ORIENTED_EDGE('',*,*,#1475,.F.);
#1475 = EDGE_CURVE('',#1194,#1106,#1476,.T.);
#1476 = SURFACE_CURVE('',#1477,(#1481,#1488),.PCURVE_S1.);
#1477 = LINE('',#1478,#1479);
#1478 = CARTESIAN_POINT('',(31.14,0.,27.46));
#1479 = VECTOR('',#1480,1.);
#1480 = DIRECTION('',(0.,0.,-1.));
#1481 = PCURVE('',#1151,#1482);
#1482 = DEFINITIONAL_REPRESENTATION('',(#1483),#1487);
#1483 = LINE('',#1484,#1485);
#1484 = CARTESIAN_POINT('',(-0.,0.));
#1485 = VECTOR('',#1486,1.);
#1486 = DIRECTION('',(-0.,1.));
#1487 = ( GEOMETRIC_REPRESENTATION_CONTEXT(2) 
PARAMETRIC_REPRESENTATION_CONTEXT() REPRESENTATION_CONTEXT('2D SPACE',''
  ) );
#1488 = PCURVE('',#1122,#1489);
#1489 = DEFINITIONAL_REPRESENTATION('',(#1490),#1494);
#1490 = LINE('',#1491,#1492);
#1491 = CARTESIAN_POINT('',(-6.28318530718,0.));
#1492 = VECTOR('',#1493,1.);
#1493 = DIRECTION('',(-0.,1.));
#1494 = ( GEOMETRIC_REPRESENTATION_CONTEXT(2) 
PARAMETRIC_REPRESENTATION_CONTEXT() REPRESENTATION_CONTEXT('2D SPACE',''
  ) );
#1495 = ADVANCED_FACE('',(#1496,#1832,#2047),#1384,.F.);
#1496 = FACE_BOUND('',#1497,.F.);
#1497 = EDGE_LOOP('',(#1498,#1528,#1551,#1578,#1579,#1605,#1606,#1634));
#1498 = ORIENTED_EDGE('',*,*,#1499,.F.);
#1499 = EDGE_CURVE('',#1500,#1502,#1504,.T.);
#1500 = VERTEX_POINT('',#1501);
#1501 = CARTESIAN_POINT('',(-31.,2.571758278209E-15,24.26));
#1502 = VERTEX_POINT('',#1503);
#1503 = CARTESIAN_POINT('',(-31.,-2.949508433621,23.837221839376));
#1504 = SURFACE_CURVE('',#1505,(#1510,#1517),.PCURVE_S1.);
#1505 = CIRCLE('',#1506,10.5);
#1506 = AXIS2_PLACEMENT_3D('',#1507,#1508,#1509);
#1507 = CARTESIAN_POINT('',(-31.,0.,13.76));
#1508 = DIRECTION('',(1.,0.,0.));
#1509 = DIRECTION('',(-0.,0.,1.));
#1510 = PCURVE('',#1384,#1511);
#1511 = DEFINITIONAL_REPRESENTATION('',(#1512),#1516);
#1512 = LINE('',#1513,#1514);
#1513 = CARTESIAN_POINT('',(0.,4.));
#1514 = VECTOR('',#1515,1.);
#1515 = DIRECTION('',(1.,0.));
#1516 = ( GEOMETRIC_REPRESENTATION_CONTEXT(2) 
PARAMETRIC_REPRESENTATION_CONTEXT() REPRESENTATION_CONTEXT('2D SPACE',''
  ) );
#1517 = PCURVE('',#1239,#1518);
#1518 = DEFINITIONAL_REPRESENTATION('',(#1519),#1527);
#1519 = ( BOUNDED_CURVE() B_SPLINE_CURVE(2,(#1520,#1521,#1522,#1523,
#1524,#1525,#1526),.UNSPECIFIED.,.T.,.F.) B_SPLINE_CURVE_WITH_KNOTS((1,2
    ,2,2,2,1),(-2.094395102393,0.,2.094395102393,4.188790204786,
6.28318530718,8.377580409573),.UNSPECIFIED.) CURVE() 
GEOMETRIC_REPRESENTATION_ITEM() RATIONAL_B_SPLINE_CURVE((1.,0.5,1.,0.5,
1.,0.5,1.)) REPRESENTATION_ITEM('') );
#1520 = CARTESIAN_POINT('',(-10.5,0.));
#1521 = CARTESIAN_POINT('',(-10.5,18.186533479473));
#1522 = CARTESIAN_POINT('',(5.25,9.093266739737));
#1523 = CARTESIAN_POINT('',(21.,2.571758278209E-15));
#1524 = CARTESIAN_POINT('',(5.25,-9.093266739737));
#1525 = CARTESIAN_POINT('',(-10.5,-18.18653347947));
#1526 = CARTESIAN_POINT('',(-10.5,0.));
#1527 = ( GEOMETRIC_REPRESENTATION_CONTEXT(2) 
PARAMETRIC_REPRESENTATION_CONTEXT() REPRESENTATION_CONTEXT('2D SPACE',''
  ) );
#1528 = ORIENTED_EDGE('',*,*,#1529,.F.);
#1529 = EDGE_CURVE('',#1530,#1500,#1532,.T.);
#1530 = VERTEX_POINT('',#1531);
#1531 = CARTESIAN_POINT('',(-35.,2.571758278209E-15,24.26));
#1532 = SEAM_CURVE('',#1533,(#1537,#1544),.PCURVE_S1.);
#1533 = LINE('',#1534,#1535);
#1534 = CARTESIAN_POINT('',(-35.,2.571758278209E-15,24.26));
#1535 = VECTOR('',#1536,1.);
#1536 = DIRECTION('',(1.,0.,0.));
#1537 = PCURVE('',#1384,#1538);
#1538 = DEFINITIONAL_REPRESENTATION('',(#1539),#1543);
#1539 = LINE('',#1540,#1541);
#1540 = CARTESIAN_POINT('',(6.28318530718,-0.));
#1541 = VECTOR('',#1542,1.);
#1542 = DIRECTION('',(0.,1.));
#1543 = ( GEOMETRIC_REPRESENTATION_CONTEXT(2) 
PARAMETRIC_REPRESENTATION_CONTEXT() REPRESENTATION_CONTEXT('2D SPACE',''
  ) );
#1544 = PCURVE('',#1384,#1545);
#1545 = DEFINITIONAL_REPRESENTATION('',(#1546),#1550);
#1546 = LINE('',#1547,#1548);
#1547 = CARTESIAN_POINT('',(0.,-0.));
#1548 = VECTOR('',#1549,1.);
#1549 = DIRECTION('',(0.,1.));
#1550 = ( GEOMETRIC_REPRESENTATION_CONTEXT(2) 
PARAMETRIC_REPRESENTATION_CONTEXT() REPRESENTATION_CONTEXT('2D SPACE',''
  ) );
#1551 = ORIENTED_EDGE('',*,*,#1552,.T.);
#1552 = EDGE_CURVE('',#1530,#1530,#1553,.T.);
#1553 = SURFACE_CURVE('',#1554,(#1559,#1566),.PCURVE_S1.);
#1554 = CIRCLE('',#1555,10.5);
#1555 = AXIS2_PLACEMENT_3D('',#1556,#1557,#1558);
#1556 = CARTESIAN_POINT('',(-35.,0.,13.76));
#1557 = DIRECTION('',(1.,0.,0.));
#1558 = DIRECTION('',(-0.,0.,1.));
#1559 = PCURVE('',#1384,#1560);
#1560 = DEFINITIONAL_REPRESENTATION('',(#1561),#1565);
#1561 = LINE('',#1562,#1563);
#1562 = CARTESIAN_POINT('',(0.,0.));
#1563 = VECTOR('',#1564,1.);
#1564 = DIRECTION('',(1.,0.));
#1565 = ( GEOMETRIC_REPRESENTATION_CONTEXT(2) 
PARAMETRIC_REPRESENTATION_CONTEXT() REPRESENTATION_CONTEXT('2D SPACE',''
  ) );
#1566 = PCURVE('',#1567,#1572);
#1567 = PLANE('',#1568);
#1568 = AXIS2_PLACEMENT_3D('',#1569,#1570,#1571);
#1569 = CARTESIAN_POINT('',(-35.,0.,13.76));
#1570 = DIRECTION('',(1.,0.,0.));
#1571 = DIRECTION('',(-0.,0.,1.));
#1572 = DEFINITIONAL_REPRESENTATION('',(#1573),#1577);
#1573 = CIRCLE('',#1574,10.5);
#1574 = AXIS2_PLACEMENT_2D('',#1575,#1576);
#1575 = CARTESIAN_POINT('',(0.,0.));
#1576 = DIRECTION('',(1.,0.));
#1577 = ( GEOMETRIC_REPRESENTATION_CONTEXT(2) 
PARAMETRIC_REPRESENTATION_CONTEXT() REPRESENTATION_CONTEXT('2D SPACE',''
  ) );
#1578 = ORIENTED_EDGE('',*,*,#1529,.T.);
#1579 = ORIENTED_EDGE('',*,*,#1580,.F.);
#1580 = EDGE_CURVE('',#1225,#1500,#1581,.T.);
#1581 = SURFACE_CURVE('',#1582,(#1587,#1594),.PCURVE_S1.);
#1582 = CIRCLE('',#1583,10.5);
#1583 = AXIS2_PLACEMENT_3D('',#1584,#1585,#1586);
#1584 = CARTESIAN_POINT('',(-31.,0.,13.76));
#1585 = DIRECTION('',(1.,0.,0.));
#1586 = DIRECTION('',(-0.,0.,1.));
#1587 = PCURVE('',#1384,#1588);
#1588 = DEFINITIONAL_REPRESENTATION('',(#1589),#1593);
#1589 = LINE('',#1590,#1591);
#1590 = CARTESIAN_POINT('',(0.,4.));
#1591 = VECTOR('',#1592,1.);
#1592 = DIRECTION('',(1.,0.));
#1593 = ( GEOMETRIC_REPRESENTATION_CONTEXT(2) 
PARAMETRIC_REPRESENTATION_CONTEXT() REPRESENTATION_CONTEXT('2D SPACE',''
  ) );
#1594 = PCURVE('',#1239,#1595);
#1595 = DEFINITIONAL_REPRESENTATION('',(#1596),#1604);
#1596 = ( BOUNDED_CURVE() B_SPLINE_CURVE(2,(#1597,#1598,#1599,#1600,
#1601,#1602,#1603),.UNSPECIFIED.,.T.,.F.) B_SPLINE_CURVE_WITH_KNOTS((1,2
    ,2,2,2,1),(-2.094395102393,0.,2.094395102393,4.188790204786,
6.28318530718,8.377580409573),.UNSPECIFIED.) CURVE() 
GEOMETRIC_REPRESENTATION_ITEM() RATIONAL_B_SPLINE_CURVE((1.,0.5,1.,0.5,
1.,0.5,1.)) REPRESENTATION_ITEM('') );
#1597 = CARTESIAN_POINT('',(-10.5,0.));
#1598 = CARTESIAN_POINT('',(-10.5,18.186533479473));
#1599 = CARTESIAN_POINT('',(5.25,9.093266739737));
#1600 = CARTESIAN_POINT('',(21.,2.571758278209E-15));
#1601 = CARTESIAN_POINT('',(5.25,-9.093266739737));
#1602 = CARTESIAN_POINT('',(-10.5,-18.18653347947));
#1603 = CARTESIAN_POINT('',(-10.5,0.));
#1604 = ( GEOMETRIC_REPRESENTATION_CONTEXT(2) 
PARAMETRIC_REPRESENTATION_CONTEXT() REPRESENTATION_CONTEXT('2D SPACE',''
  ) );
#1605 = ORIENTED_EDGE('',*,*,#1250,.F.);
#1606 = ORIENTED_EDGE('',*,*,#1607,.F.);
#1607 = EDGE_CURVE('',#1608,#1251,#1610,.T.);
#1608 = VERTEX_POINT('',#1609);
#1609 = CARTESIAN_POINT('',(-31.,-2.949508433621,3.682778160624));
#1610 = SURFACE_CURVE('',#1611,(#1616,#1623),.PCURVE_S1.);
#1611 = CIRCLE('',#1612,10.5);
#1612 = AXIS2_PLACEMENT_3D('',#1613,#1614,#1615);
#1613 = CARTESIAN_POINT('',(-31.,0.,13.76));
#1614 = DIRECTION('',(1.,0.,0.));
#1615 = DIRECTION('',(-0.,0.,1.));
#1616 = PCURVE('',#1384,#1617);
#1617 = DEFINITIONAL_REPRESENTATION('',(#1618),#1622);
#1618 = LINE('',#1619,#1620);
#1619 = CARTESIAN_POINT('',(0.,4.));
#1620 = VECTOR('',#1621,1.);
#1621 = DIRECTION('',(1.,0.));
#1622 = ( GEOMETRIC_REPRESENTATION_CONTEXT(2) 
PARAMETRIC_REPRESENTATION_CONTEXT() REPRESENTATION_CONTEXT('2D SPACE',''
  ) );
#1623 = PCURVE('',#1176,#1624);
#1624 = DEFINITIONAL_REPRESENTATION('',(#1625),#1633);
#1625 = ( BOUNDED_CURVE() B_SPLINE_CURVE(2,(#1626,#1627,#1628,#1629,
#1630,#1631,#1632),.UNSPECIFIED.,.T.,.F.) B_SPLINE_CURVE_WITH_KNOTS((1,2
    ,2,2,2,1),(-2.094395102393,0.,2.094395102393,4.188790204786,
6.28318530718,8.377580409573),.UNSPECIFIED.) CURVE() 
GEOMETRIC_REPRESENTATION_ITEM() RATIONAL_B_SPLINE_CURVE((1.,0.5,1.,0.5,
1.,0.5,1.)) REPRESENTATION_ITEM('') );
#1626 = CARTESIAN_POINT('',(-10.5,0.));
#1627 = CARTESIAN_POINT('',(-10.5,18.186533479473));
#1628 = CARTESIAN_POINT('',(5.25,9.093266739737));
#1629 = CARTESIAN_POINT('',(21.,2.571758278209E-15));
#1630 = CARTESIAN_POINT('',(5.25,-9.093266739737));
#1631 = CARTESIAN_POINT('',(-10.5,-18.18653347947));
#1632 = CARTESIAN_POINT('',(-10.5,0.));
#1633 = ( GEOMETRIC_REPRESENTATION_CONTEXT(2) 
PARAMETRIC_REPRESENTATION_CONTEXT() REPRESENTATION_CONTEXT('2D SPACE',''
  ) );
#1634 = ORIENTED_EDGE('',*,*,#1635,.F.);
#1635 = EDGE_CURVE('',#1502,#1608,#1636,.T.);
#1636 = SURFACE_CURVE('',#1637,(#1700,#1766),.PCURVE_S1.);
#1637 = B_SPLINE_CURVE_WITH_KNOTS('',6,(#1638,#1639,#1640,#1641,#1642,
    #1643,#1644,#1645,#1646,#1647,#1648,#1649,#1650,#1651,#1652,#1653,
    #1654,#1655,#1656,#1657,#1658,#1659,#1660,#1661,#1662,#1663,#1664,
    #1665,#1666,#1667,#1668,#1669,#1670,#1671,#1672,#1673,#1674,#1675,
    #1676,#1677,#1678,#1679,#1680,#1681,#1682,#1683,#1684,#1685,#1686,
    #1687,#1688,#1689,#1690,#1691,#1692,#1693,#1694,#1695,#1696,#1697,
    #1698,#1699),.UNSPECIFIED.,.F.,.F.,(7,5,5,5,5,5,5,5,5,5,5,5,7),(0.,
    0.100113092106,0.174765755174,0.238937318457,0.294096018597,
    0.340660775528,0.500000923084,0.658356133413,0.705625834397,
    0.759960338306,0.824328657679,0.900931731776,1.),.UNSPECIFIED.);
#1638 = CARTESIAN_POINT('',(-31.,-2.949508433621,23.837221839376));
#1639 = CARTESIAN_POINT('',(-30.94985822737,-3.47650979208,
    23.682973478461));
#1640 = CARTESIAN_POINT('',(-30.89082097442,-3.982982998258,
    23.498828226713));
#1641 = CARTESIAN_POINT('',(-30.82454288802,-4.467384990122,
    23.288008218191));
#1642 = CARTESIAN_POINT('',(-30.75274970753,-4.928517212932,
    23.053700601792));
#1643 = CARTESIAN_POINT('',(-30.67714058213,-5.365509632896,
    22.79908836403));
#1644 = CARTESIAN_POINT('',(-30.54123879698,-6.085246343903,
    22.324773615282));
#1645 = CARTESIAN_POINT('',(-30.48187311883,-6.37931632666,
    22.112422963495));
#1646 = CARTESIAN_POINT('',(-30.4217558634,-6.660178263114,
    21.891315994024));
#1647 = CARTESIAN_POINT('',(-30.36139583422,-6.928020846007,
    21.662332172006));
#1648 = CARTESIAN_POINT('',(-30.30124787567,-7.183057294101,
    21.426244026278));
#1649 = CARTESIAN_POINT('',(-30.1905360074,-7.633950209654,
    20.975241346923));
#1650 = CARTESIAN_POINT('',(-30.13980851272,-7.83310304892,
    20.761992760407));
#1651 = CARTESIAN_POINT('',(-30.08978260642,-8.023139998871,
    20.544382602066));
#1652 = CARTESIAN_POINT('',(-30.04068563395,-8.204212379306,
    20.322776823075));
#1653 = CARTESIAN_POINT('',(-29.9927215062,-8.376466459274,
    20.097496450395));
#1654 = CARTESIAN_POINT('',(-29.90597511814,-8.680646820866,
    19.67225644201));
#1655 = CARTESIAN_POINT('',(-29.86685005793,-8.814837487163,
    19.473186833235));
#1656 = CARTESIAN_POINT('',(-29.82881500105,-8.942696767579,
    19.271795968734));
#1657 = CARTESIAN_POINT('',(-29.7919777905,-9.064300078608,
    19.068255116997));
#1658 = CARTESIAN_POINT('',(-29.75643632057,-9.179717302686,
    18.862719547444));
#1659 = CARTESIAN_POINT('',(-29.69344267062,-9.381279605637,
    18.480249852489));
#1660 = CARTESIAN_POINT('',(-29.66559369155,-9.469181620685,
    18.303853043966));
#1661 = CARTESIAN_POINT('',(-29.63878533757,-9.552755294696,
    18.126226046769));
#1662 = CARTESIAN_POINT('',(-29.61306723697,-9.632033338071,
    17.947453417024));
#1663 = CARTESIAN_POINT('',(-29.58848490839,-9.707044710252,
    17.767616325063));
#1664 = CARTESIAN_POINT('',(-29.48498958279,-10.01998248574,
    16.968030898912));
#1665 = CARTESIAN_POINT('',(-29.41866039423,-10.21255683785,
    16.337537321529));
#1666 = CARTESIAN_POINT('',(-29.36780070505,-10.35640599,15.698676369987
    ));
#1667 = CARTESIAN_POINT('',(-29.33351902628,-10.45212169837,
    15.054357631595));
#1668 = CARTESIAN_POINT('',(-29.31637085316,-10.5,14.407251217735));
#1669 = CARTESIAN_POINT('',(-29.31637085316,-10.5,13.116749668603));
#1670 = CARTESIAN_POINT('',(-29.33330768203,-10.45271177886,
    12.473639492615));
#1671 = CARTESIAN_POINT('',(-29.3671672351,-10.35817466275,
    11.833265486812));
#1672 = CARTESIAN_POINT('',(-29.41740747054,-10.21610028835,
    11.198250275806));
#1673 = CARTESIAN_POINT('',(-29.48294664866,-10.02591225927,
    10.571448440328));
#1674 = CARTESIAN_POINT('',(-29.58575135046,-9.715378098289,
    9.772487206177));
#1675 = CARTESIAN_POINT('',(-29.61060112865,-9.639622825798,
    9.589829459305));
#1676 = CARTESIAN_POINT('',(-29.6366245642,-9.559472713606,
    9.408262879404));
#1677 = CARTESIAN_POINT('',(-29.66377424398,-9.474897650081,
    9.227872228373));
#1678 = CARTESIAN_POINT('',(-29.69199839456,-9.385863548241,
    9.048745836168));
#1679 = CARTESIAN_POINT('',(-29.75485387366,-9.18482222022,
    8.666636302104));
#1680 = CARTESIAN_POINT('',(-29.78981131512,-9.071372975267,
    8.46409437488));
#1681 = CARTESIAN_POINT('',(-29.82602923311,-8.951923285043,
    8.263482961946));
#1682 = CARTESIAN_POINT('',(-29.86341430931,-8.826406599622,
    8.064950185408));
#1683 = CARTESIAN_POINT('',(-29.9018638804,-8.694751145008,
    7.868659146659));
#1684 = CARTESIAN_POINT('',(-29.98794427435,-8.393548371301,7.445114998)
  );
#1685 = CARTESIAN_POINT('',(-30.03595843911,-8.22149595556,
    7.218841720576));
#1686 = CARTESIAN_POINT('',(-30.08512558945,-8.040580433604,
    6.996244966582));
#1687 = CARTESIAN_POINT('',(-30.1352409833,-7.850654668883,
    6.777646870733));
#1688 = CARTESIAN_POINT('',(-30.18607626004,-7.651566258879,
    6.563414771136));
#1689 = CARTESIAN_POINT('',(-30.2984302644,-7.195134882533,
    6.104695807133));
#1690 = CARTESIAN_POINT('',(-30.36014839514,-6.933890131962,
    5.862175860907));
#1691 = CARTESIAN_POINT('',(-30.42210131049,-6.659165994039,
    5.627116862716));
#1692 = CARTESIAN_POINT('',(-30.48379811279,-6.370732035657,
    5.400352406959));
#1693 = CARTESIAN_POINT('',(-30.5446880924,-6.068385083943,
    5.182834652733));
#1694 = CARTESIAN_POINT('',(-30.68107540491,-5.342714785947,
    4.707670062192));
#1695 = CARTESIAN_POINT('',(-30.7557373513,-4.909288978629,
    4.456552039981));
#1696 = CARTESIAN_POINT('',(-30.82661386916,-4.45222842409,
    4.225405042602));
#1697 = CARTESIAN_POINT('',(-30.89205381419,-3.97240152058,4.01732657876
    ));
#1698 = CARTESIAN_POINT('',(-30.95038311343,-3.470993121042,
    3.835411843604));
#1699 = CARTESIAN_POINT('',(-31.,-2.949508433621,3.682778160624));
#1700 = PCURVE('',#1384,#1701);
#1701 = DEFINITIONAL_REPRESENTATION('',(#1702),#1765);
#1702 = B_SPLINE_CURVE_WITH_KNOTS('',6,(#1703,#1704,#1705,#1706,#1707,
    #1708,#1709,#1710,#1711,#1712,#1713,#1714,#1715,#1716,#1717,#1718,
    #1719,#1720,#1721,#1722,#1723,#1724,#1725,#1726,#1727,#1728,#1729,
    #1730,#1731,#1732,#1733,#1734,#1735,#1736,#1737,#1738,#1739,#1740,
    #1741,#1742,#1743,#1744,#1745,#1746,#1747,#1748,#1749,#1750,#1751,
    #1752,#1753,#1754,#1755,#1756,#1757,#1758,#1759,#1760,#1761,#1762,
    #1763,#1764),.UNSPECIFIED.,.F.,.F.,(7,5,5,5,5,5,5,5,5,5,5,5,7),(0.,
    0.100113092106,0.174765755174,0.238937318457,0.294096018597,
    0.340660775528,0.500000923084,0.658356133413,0.705625834397,
    0.759960338306,0.824328657679,0.900931731776,1.),.UNSPECIFIED.);
#1703 = CARTESIAN_POINT('',(0.284737536134,4.));
#1704 = CARTESIAN_POINT('',(0.337033830377,4.050141772623));
#1705 = CARTESIAN_POINT('',(0.388253736538,4.109179025577));
#1706 = CARTESIAN_POINT('',(0.438426849732,4.175457111979));
#1707 = CARTESIAN_POINT('',(0.487564051902,4.247250292469));
#1708 = CARTESIAN_POINT('',(0.535658082911,4.322859417862));
#1709 = CARTESIAN_POINT('',(0.617750636953,4.458761203016));
#1710 = CARTESIAN_POINT('',(0.652264431799,4.518126881167));
#1711 = CARTESIAN_POINT('',(0.686264327776,4.578244136591));
#1712 = CARTESIAN_POINT('',(0.719784798527,4.638604165775));
#1713 = CARTESIAN_POINT('',(0.752858676022,4.698752124323));
#1714 = CARTESIAN_POINT('',(0.813595485147,4.809463992591));
#1715 = CARTESIAN_POINT('',(0.841368160894,4.860191487278));
#1716 = CARTESIAN_POINT('',(0.868860593683,4.910217393574));
#1717 = CARTESIAN_POINT('',(0.896093905953,4.959314366042));
#1718 = CARTESIAN_POINT('',(0.923088667809,5.007278493791));
#1719 = CARTESIAN_POINT('',(0.97288232431,5.094024881857));
#1720 = CARTESIAN_POINT('',(0.995737810582,5.133149942061));
#1721 = CARTESIAN_POINT('',(1.018444097242,5.171184998941));
#1722 = CARTESIAN_POINT('',(1.041012650769,5.208022209495));
#1723 = CARTESIAN_POINT('',(1.063454687548,5.24356367943));
#1724 = CARTESIAN_POINT('',(1.104629105506,5.306557329376));
#1725 = CARTESIAN_POINT('',(1.123394309609,5.334406308445));
#1726 = CARTESIAN_POINT('',(1.142082983948,5.361214662426));
#1727 = CARTESIAN_POINT('',(1.160701026163,5.386932763024));
#1728 = CARTESIAN_POINT('',(1.179254033771,5.411515091607));
#1729 = CARTESIAN_POINT('',(1.261029507867,5.515010417207));
#1730 = CARTESIAN_POINT('',(1.323630814666,5.581339605762));
#1731 = CARTESIAN_POINT('',(1.385738958803,5.632199294944));
#1732 = CARTESIAN_POINT('',(1.447524145111,5.666480973711));
#1733 = CARTESIAN_POINT('',(1.509153353677,5.68362914684));
#1734 = CARTESIAN_POINT('',(1.632058263118,5.68362914684));
#1735 = CARTESIAN_POINT('',(1.693306876322,5.666692317962));
#1736 = CARTESIAN_POINT('',(1.754708609393,5.632832764899));
#1737 = CARTESIAN_POINT('',(1.816427208331,5.582592529451));
#1738 = CARTESIAN_POINT('',(1.878629570306,5.51705335134));
#1739 = CARTESIAN_POINT('',(1.960266481104,5.414248649537));
#1740 = CARTESIAN_POINT('',(1.979094528843,5.389398871347));
#1741 = CARTESIAN_POINT('',(1.997989198063,5.363375435795));
#1742 = CARTESIAN_POINT('',(2.016956329972,5.336225756011));
#1743 = CARTESIAN_POINT('',(2.036002083564,5.308001605437));
#1744 = CARTESIAN_POINT('',(2.077123033596,5.245146126333));
#1745 = CARTESIAN_POINT('',(2.099225068749,5.210188684879));
#1746 = CARTESIAN_POINT('',(2.121449503401,5.173970766881));
#1747 = CARTESIAN_POINT('',(2.143807035696,5.13658569069));
#1748 = CARTESIAN_POINT('',(2.166308599606,5.098136119594));
#1749 = CARTESIAN_POINT('',(2.215806097813,5.01205572565));
#1750 = CARTESIAN_POINT('',(2.242864312724,4.964041560887));
#1751 = CARTESIAN_POINT('',(2.270161198654,4.914874410549));
#1752 = CARTESIAN_POINT('',(2.297717466255,4.8647590167));
#1753 = CARTESIAN_POINT('',(2.325554383327,4.81392373996));
#1754 = CARTESIAN_POINT('',(2.387184005533,4.701569735595));
#1755 = CARTESIAN_POINT('',(2.421106006358,4.63985160486));
#1756 = CARTESIAN_POINT('',(2.455497462176,4.577898689504));
#1757 = CARTESIAN_POINT('',(2.490393763878,4.516201887208));
#1758 = CARTESIAN_POINT('',(2.525832123985,4.455311907598));
#1759 = CARTESIAN_POINT('',(2.608441428722,4.318924595085));
#1760 = CARTESIAN_POINT('',(2.6560765974,4.244262648696));
#1761 = CARTESIAN_POINT('',(2.704735364765,4.173386130838));
#1762 = CARTESIAN_POINT('',(2.754408980646,4.107946185802));
#1763 = CARTESIAN_POINT('',(2.805106262887,4.049616886566));
#1764 = CARTESIAN_POINT('',(2.856855117456,4.));
#1765 = ( GEOMETRIC_REPRESENTATION_CONTEXT(2) 
PARAMETRIC_REPRESENTATION_CONTEXT() REPRESENTATION_CONTEXT('2D SPACE',''
  ) );
#1766 = PCURVE('',#1122,#1767);
#1767 = DEFINITIONAL_REPRESENTATION('',(#1768),#1831);
#1768 = B_SPLINE_CURVE_WITH_KNOTS('',6,(#1769,#1770,#1771,#1772,#1773,
    #1774,#1775,#1776,#1777,#1778,#1779,#1780,#1781,#1782,#1783,#1784,
    #1785,#1786,#1787,#1788,#1789,#1790,#1791,#1792,#1793,#1794,#1795,
    #1796,#1797,#1798,#1799,#1800,#1801,#1802,#1803,#1804,#1805,#1806,
    #1807,#1808,#1809,#1810,#1811,#1812,#1813,#1814,#1815,#1816,#1817,
    #1818,#1819,#1820,#1821,#1822,#1823,#1824,#1825,#1826,#1827,#1828,
    #1829,#1830),.UNSPECIFIED.,.F.,.F.,(7,5,5,5,5,5,5,5,5,5,5,5,7),(0.,
    0.100113092106,0.174765755174,0.238937318457,0.294096018597,
    0.340660775528,0.500000923084,0.658356133413,0.705625834397,
    0.759960338306,0.824328657679,0.900931731776,1.),.UNSPECIFIED.);
#1769 = CARTESIAN_POINT('',(-3.23645253015,3.622778160624));
#1770 = CARTESIAN_POINT('',(-3.253452573971,3.777026521539));
#1771 = CARTESIAN_POINT('',(-3.269823401892,3.961171773287));
#1772 = CARTESIAN_POINT('',(-3.285519569789,4.171991781809));
#1773 = CARTESIAN_POINT('',(-3.300502929351,4.406299398208));
#1774 = CARTESIAN_POINT('',(-3.31474293366,4.66091163597));
#1775 = CARTESIAN_POINT('',(-3.338264286668,5.135226384718));
#1776 = CARTESIAN_POINT('',(-3.347897514186,5.347577036505));
#1777 = CARTESIAN_POINT('',(-3.357120256891,5.568684005976));
#1778 = CARTESIAN_POINT('',(-3.365936518167,5.797667827994));
#1779 = CARTESIAN_POINT('',(-3.374350843972,6.033755973722));
#1780 = CARTESIAN_POINT('',(-3.389260479588,6.484758653077));
#1781 = CARTESIAN_POINT('',(-3.39585984455,6.698007239593));
#1782 = CARTESIAN_POINT('',(-3.402170130534,6.915617397934));
#1783 = CARTESIAN_POINT('',(-3.408194658538,7.137223176925));
#1784 = CARTESIAN_POINT('',(-3.41393658989,7.362503549605));
#1785 = CARTESIAN_POINT('',(-3.424094194455,7.78774355799));
#1786 = CARTESIAN_POINT('',(-3.42858281909,7.986813166765));
#1787 = CARTESIAN_POINT('',(-3.432866497023,8.188204031266));
#1788 = CARTESIAN_POINT('',(-3.436946721089,8.391744883003));
#1789 = CARTESIAN_POINT('',(-3.440824841494,8.597280452556));
#1790 = CARTESIAN_POINT('',(-3.447606364071,8.979750147511));
#1791 = CARTESIAN_POINT('',(-3.450567424344,9.156146956034));
#1792 = CARTESIAN_POINT('',(-3.453385899299,9.333773953231));
#1793 = CARTESIAN_POINT('',(-3.456062348028,9.512546582976));
#1794 = CARTESIAN_POINT('',(-3.458597236049,9.692383674937));
#1795 = CARTESIAN_POINT('',(-3.469181945376,10.491969101088));
#1796 = CARTESIAN_POINT('',(-3.475722147101,11.122462678471));
#1797 = CARTESIAN_POINT('',(-3.480621773111,11.761323630012));
#1798 = CARTESIAN_POINT('',(-3.483886694855,12.405642368405));
#1799 = CARTESIAN_POINT('',(-3.485519854439,13.052748782265));
#1800 = CARTESIAN_POINT('',(-3.485519854439,14.343250331397));
#1801 = CARTESIAN_POINT('',(-3.483906822895,14.986360507385));
#1802 = CARTESIAN_POINT('',(-3.480682103582,15.626734513189));
#1803 = CARTESIAN_POINT('',(-3.475842841115,16.261749724194));
#1804 = CARTESIAN_POINT('',(-3.469383337665,16.888551559672));
#1805 = CARTESIAN_POINT('',(-3.458878875231,17.687512793823));
#1806 = CARTESIAN_POINT('',(-3.456318611623,17.870170540695));
#1807 = CARTESIAN_POINT('',(-3.453612499692,18.051737120596));
#1808 = CARTESIAN_POINT('',(-3.450760056894,18.232127771627));
#1809 = CARTESIAN_POINT('',(-3.4477607017,18.411254163832));
#1810 = CARTESIAN_POINT('',(-3.440996471067,18.793363697896));
#1811 = CARTESIAN_POINT('',(-3.437184267773,18.99590562512));
#1812 = CARTESIAN_POINT('',(-3.433175994557,19.196517038054));
#1813 = CARTESIAN_POINT('',(-3.428970367799,19.395049814592));
#1814 = CARTESIAN_POINT('',(-3.424565969422,19.591340853341));
#1815 = CARTESIAN_POINT('',(-3.414506181892,20.014885002));
#1816 = CARTESIAN_POINT('',(-3.4087700568,20.241158279424));
#1817 = CARTESIAN_POINT('',(-3.402749799069,20.463755033418));
#1818 = CARTESIAN_POINT('',(-3.396442232997,20.682353129267));
#1819 = CARTESIAN_POINT('',(-3.389844017656,20.896585228864));
#1820 = CARTESIAN_POINT('',(-3.374749078519,21.355304192867));
#1821 = CARTESIAN_POINT('',(-3.366129158427,21.597824139093));
#1822 = CARTESIAN_POINT('',(-3.357086122259,21.832883137284));
#1823 = CARTESIAN_POINT('',(-3.34761506226,22.059647593041));
#1824 = CARTESIAN_POINT('',(-3.337711673813,22.277165347267));
#1825 = CARTESIAN_POINT('',(-3.314000182499,22.752329937808));
#1826 = CARTESIAN_POINT('',(-3.299878182168,23.003447960019));
#1827 = CARTESIAN_POINT('',(-3.285028459245,23.234594957398));
#1828 = CARTESIAN_POINT('',(-3.269481376949,23.44267342124));
#1829 = CARTESIAN_POINT('',(-3.253274616841,23.624588156396));
#1830 = CARTESIAN_POINT('',(-3.23645253015,23.777221839376));
#1831 = ( GEOMETRIC_REPRESENTATION_CONTEXT(2) 
PARAMETRIC_REPRESENTATION_CONTEXT() REPRESENTATION_CONTEXT('2D SPACE',''
  ) );
#1832 = FACE_BOUND('',#1833,.F.);
#1833 = EDGE_LOOP('',(#1834,#1869));
#1834 = ORIENTED_EDGE('',*,*,#1835,.F.);
#1835 = EDGE_CURVE('',#1836,#1838,#1840,.T.);
#1836 = VERTEX_POINT('',#1837);
#1837 = CARTESIAN_POINT('',(-31.,-7.937253933194,20.633863542434));
#1838 = VERTEX_POINT('',#1839);
#1839 = CARTESIAN_POINT('',(-31.,-7.937253933194,6.886136457566));
#1840 = SURFACE_CURVE('',#1841,(#1846,#1853),.PCURVE_S1.);
#1841 = CIRCLE('',#1842,10.5);
#1842 = AXIS2_PLACEMENT_3D('',#1843,#1844,#1845);
#1843 = CARTESIAN_POINT('',(-31.,0.,13.76));
#1844 = DIRECTION('',(1.,0.,0.));
#1845 = DIRECTION('',(-0.,0.,1.));
#1846 = PCURVE('',#1384,#1847);
#1847 = DEFINITIONAL_REPRESENTATION('',(#1848),#1852);
#1848 = LINE('',#1849,#1850);
#1849 = CARTESIAN_POINT('',(0.,4.));
#1850 = VECTOR('',#1851,1.);
#1851 = DIRECTION('',(1.,0.));
#1852 = ( GEOMETRIC_REPRESENTATION_CONTEXT(2) 
PARAMETRIC_REPRESENTATION_CONTEXT() REPRESENTATION_CONTEXT('2D SPACE',''
  ) );
#1853 = PCURVE('',#1854,#1859);
#1854 = PLANE('',#1855);
#1855 = AXIS2_PLACEMENT_3D('',#1856,#1857,#1858);
#1856 = CARTESIAN_POINT('',(-31.,0.,13.76));
#1857 = DIRECTION('',(-1.,0.,0.));
#1858 = DIRECTION('',(0.,0.,-1.));
#1859 = DEFINITIONAL_REPRESENTATION('',(#1860),#1868);
#1860 = ( BOUNDED_CURVE() B_SPLINE_CURVE(2,(#1861,#1862,#1863,#1864,
#1865,#1866,#1867),.UNSPECIFIED.,.T.,.F.) B_SPLINE_CURVE_WITH_KNOTS((1,2
    ,2,2,2,1),(-2.094395102393,0.,2.094395102393,4.188790204786,
6.28318530718,8.377580409573),.UNSPECIFIED.) CURVE() 
GEOMETRIC_REPRESENTATION_ITEM() RATIONAL_B_SPLINE_CURVE((1.,0.5,1.,0.5,
1.,0.5,1.)) REPRESENTATION_ITEM('') );
#1861 = CARTESIAN_POINT('',(-10.5,0.));
#1862 = CARTESIAN_POINT('',(-10.5,18.186533479473));
#1863 = CARTESIAN_POINT('',(5.25,9.093266739737));
#1864 = CARTESIAN_POINT('',(21.,2.571758278209E-15));
#1865 = CARTESIAN_POINT('',(5.25,-9.093266739737));
#1866 = CARTESIAN_POINT('',(-10.5,-18.18653347947));
#1867 = CARTESIAN_POINT('',(-10.5,0.));
#1868 = ( GEOMETRIC_REPRESENTATION_CONTEXT(2) 
PARAMETRIC_REPRESENTATION_CONTEXT() REPRESENTATION_CONTEXT('2D SPACE',''
  ) );
#1869 = ORIENTED_EDGE('',*,*,#1870,.T.);
#1870 = EDGE_CURVE('',#1836,#1838,#1871,.T.);
#1871 = SURFACE_CURVE('',#1872,(#1930,#1991),.PCURVE_S1.);
#1872 = B_SPLINE_CURVE_WITH_KNOTS('',6,(#1873,#1874,#1875,#1876,#1877,
    #1878,#1879,#1880,#1881,#1882,#1883,#1884,#1885,#1886,#1887,#1888,
    #1889,#1890,#1891,#1892,#1893,#1894,#1895,#1896,#1897,#1898,#1899,
    #1900,#1901,#1902,#1903,#1904,#1905,#1906,#1907,#1908,#1909,#1910,
    #1911,#1912,#1913,#1914,#1915,#1916,#1917,#1918,#1919,#1920,#1921,
    #1922,#1923,#1924,#1925,#1926,#1927,#1928,#1929),.UNSPECIFIED.,.F.,
  .F.,(7,5,5,5,5,5,5,5,5,5,5,7),(0.,9.685520301026E-02,0.176034123686,
    0.243330008754,0.301940232392,0.350771517376,0.499963487077,
    0.697986911847,0.756608724604,0.823918038451,0.903112920499,1.),
  .UNSPECIFIED.);
#1873 = CARTESIAN_POINT('',(-31.61593622972,-4.942931955601,
    23.023769410035));
#1874 = CARTESIAN_POINT('',(-31.55695529093,-5.320185297606,
    22.822475798653));
#1875 = CARTESIAN_POINT('',(-31.49506866428,-5.680626795358,
    22.606468224456));
#1876 = CARTESIAN_POINT('',(-31.43115467804,-6.024263586116,
    22.377384685034));
#1877 = CARTESIAN_POINT('',(-31.36601543393,-6.35120672631,
    22.13668732691));
#1878 = CARTESIAN_POINT('',(-31.30037273751,-6.66164326226,
    21.885682485325));
#1879 = CARTESIAN_POINT('',(-31.18131079948,-7.196287588892,
    21.412875392247));
#1880 = CARTESIAN_POINT('',(-31.12783395764,-7.42595238266,
    21.194051220066));
#1881 = CARTESIAN_POINT('',(-31.07476703498,-7.644989884914,
    20.969639930392));
#1882 = CARTESIAN_POINT('',(-31.0224089465,-7.853586045428,
    20.74014838056));
#1883 = CARTESIAN_POINT('',(-30.97102601864,-8.051925810442,
    20.50601851349));
#1884 = CARTESIAN_POINT('',(-30.87821174417,-8.400206063363,
    20.065013444278));
#1885 = CARTESIAN_POINT('',(-30.83644460737,-8.552942178029,
    19.85932222075));
#1886 = CARTESIAN_POINT('',(-30.79569917167,-8.698505569435,
    19.650795496112));
#1887 = CARTESIAN_POINT('',(-30.75610904348,-8.836993911314,
    19.439652382621));
#1888 = CARTESIAN_POINT('',(-30.71779487142,-8.968498697777,
    19.226089246926));
#1889 = CARTESIAN_POINT('',(-30.6487003241,-9.201629226515,
    18.822324009585));
#1890 = CARTESIAN_POINT('',(-30.61758695928,-9.304917729291,
    18.632669981937));
#1891 = CARTESIAN_POINT('',(-30.58759654486,-9.403023829269,
    18.441437717263));
#1892 = CARTESIAN_POINT('',(-30.55879556871,-9.495995219228,
    18.248741461714));
#1893 = CARTESIAN_POINT('',(-30.53124471359,-9.583874207095,
    18.054689617459));
#1894 = CARTESIAN_POINT('',(-30.48313204233,-9.735702372694,
    17.696665895915));
#1895 = CARTESIAN_POINT('',(-30.46217115848,-9.801197811143,
    17.533077748726));
#1896 = CARTESIAN_POINT('',(-30.44214802398,-9.863205370828,
    17.368679969928));
#1897 = CARTESIAN_POINT('',(-30.42309184468,-9.921744148014,
    17.203530664924));
#1898 = CARTESIAN_POINT('',(-30.4050292138,-9.976830995693,
    17.037686375713));
#1899 = CARTESIAN_POINT('',(-30.33590699947,-10.18628294067,
    16.362550304095));
#1900 = CARTESIAN_POINT('',(-30.29332192289,-10.31201923866,
    15.847862896761));
#1901 = CARTESIAN_POINT('',(-30.26092556327,-10.40606799138,
    15.328795665421));
#1902 = CARTESIAN_POINT('',(-30.23917535393,-10.46868589121,
    14.806851022195));
#1903 = CARTESIAN_POINT('',(-30.22829800038,-10.5,14.283449288708));
#1904 = CARTESIAN_POINT('',(-30.22829800038,-10.5,13.065222519342));
#1905 = CARTESIAN_POINT('',(-30.24746088327,-10.44483227165,
    12.370638862481));
#1906 = CARTESIAN_POINT('',(-30.28576606504,-10.33455589114,
    11.679459241462));
#1907 = CARTESIAN_POINT('',(-30.34251386163,-10.16874999191,
    10.994931965109));
#1908 = CARTESIAN_POINT('',(-30.4163059556,-9.946580061475,
    10.320658094353));
#1909 = CARTESIAN_POINT('',(-30.53120324979,-9.5840062414,9.465605029117
    ));
#1910 = CARTESIAN_POINT('',(-30.55875267011,-9.496133173413,
    9.27155038704));
#1911 = CARTESIAN_POINT('',(-30.58755228552,-9.403167686324,
    9.078851241391));
#1912 = CARTESIAN_POINT('',(-30.61754141655,-9.30506747548,
    8.887615992247));
#1913 = CARTESIAN_POINT('',(-30.6486535786,-9.201784851393,8.69795888293
    ));
#1914 = CARTESIAN_POINT('',(-30.71774578957,-8.968666709611,
    8.294186417198));
#1915 = CARTESIAN_POINT('',(-30.75605885792,-8.837168410748,
    8.080619121444));
#1916 = CARTESIAN_POINT('',(-30.79564800304,-8.698686524964,
    7.869471716111));
#1917 = CARTESIAN_POINT('',(-30.83639258186,-8.553129559488,
    7.660940557209));
#1918 = CARTESIAN_POINT('',(-30.87815899208,-8.400399846958,
    7.455244753383));
#1919 = CARTESIAN_POINT('',(-30.97097207715,-8.052133118264,
    7.014228918672));
#1920 = CARTESIAN_POINT('',(-31.02235460054,-7.853800421503,
    6.780092817211));
#1921 = CARTESIAN_POINT('',(-31.07471248412,-7.645211263338,
    6.55059482336));
#1922 = CARTESIAN_POINT('',(-31.1277794101,-7.426180694613,
    6.326176860982));
#1923 = CARTESIAN_POINT('',(-31.18125647246,-7.196522759272,
    6.107345767125));
#1924 = CARTESIAN_POINT('',(-31.30032775612,-6.661855985987,
    5.634489514081));
#1925 = CARTESIAN_POINT('',(-31.36597972762,-6.35138594031,
    5.383444613688));
#1926 = CARTESIAN_POINT('',(-31.43112839957,-6.024404869947,
    5.142709504926));
#1927 = CARTESIAN_POINT('',(-31.49505169695,-5.6807256124,4.913590997989
    ));
#1928 = CARTESIAN_POINT('',(-31.55694720303,-5.320237029367,
    4.697551804211));
#1929 = CARTESIAN_POINT('',(-31.61593622972,-4.942931955601,
    4.496230589965));
#1930 = PCURVE('',#1384,#1931);
#1931 = DEFINITIONAL_REPRESENTATION('',(#1932),#1990);
#1932 = B_SPLINE_CURVE_WITH_KNOTS('',6,(#1933,#1934,#1935,#1936,#1937,
    #1938,#1939,#1940,#1941,#1942,#1943,#1944,#1945,#1946,#1947,#1948,
    #1949,#1950,#1951,#1952,#1953,#1954,#1955,#1956,#1957,#1958,#1959,
    #1960,#1961,#1962,#1963,#1964,#1965,#1966,#1967,#1968,#1969,#1970,
    #1971,#1972,#1973,#1974,#1975,#1976,#1977,#1978,#1979,#1980,#1981,
    #1982,#1983,#1984,#1985,#1986,#1987,#1988,#1989),.UNSPECIFIED.,.F.,
  .F.,(7,5,5,5,5,5,5,5,5,5,5,7),(0.,9.685520301026E-02,0.176034123686,
    0.243330008754,0.301940232392,0.350771517376,0.499963487077,
    0.697986911847,0.756608724604,0.823918038451,0.903112920499,1.),
  .UNSPECIFIED.);
#1933 = CARTESIAN_POINT('',(0.490146816752,3.384063770271));
#1934 = CARTESIAN_POINT('',(0.530870341411,3.443044709061));
#1935 = CARTESIAN_POINT('',(0.570840970546,3.504931335714));
#1936 = CARTESIAN_POINT('',(0.610107243464,3.568845321958));
#1937 = CARTESIAN_POINT('',(0.648712419312,3.633984566067));
#1938 = CARTESIAN_POINT('',(0.68669599212,3.699627262486));
#1939 = CARTESIAN_POINT('',(0.754668982839,3.818689200512));
#1940 = CARTESIAN_POINT('',(0.784859799091,3.872166042357));
#1941 = CARTESIAN_POINT('',(0.814696348577,3.925232965015));
#1942 = CARTESIAN_POINT('',(0.844204993931,3.977591053499));
#1943 = CARTESIAN_POINT('',(0.873411305025,4.028973981355));
#1944 = CARTESIAN_POINT('',(0.926930081745,4.121788255828));
#1945 = CARTESIAN_POINT('',(0.95131916015,4.163555392623));
#1946 = CARTESIAN_POINT('',(0.975523349631,4.204300828327));
#1947 = CARTESIAN_POINT('',(0.999556836229,4.243890956513));
#1948 = CARTESIAN_POINT('',(1.023433475157,4.282205128577));
#1949 = CARTESIAN_POINT('',(1.067836924422,4.351299675892));
#1950 = CARTESIAN_POINT('',(1.088397844241,4.382413040712));
#1951 = CARTESIAN_POINT('',(1.108857963255,4.412403455139));
#1952 = CARTESIAN_POINT('',(1.129225263775,4.441204431282));
#1953 = CARTESIAN_POINT('',(1.149507297413,4.468755286409));
#1954 = CARTESIAN_POINT('',(1.186544115163,4.516867957663));
#1955 = CARTESIAN_POINT('',(1.203322794213,4.537828841514));
#1956 = CARTESIAN_POINT('',(1.220051336208,4.557851976017));
#1957 = CARTESIAN_POINT('',(1.23673368851,4.576908155317));
#1958 = CARTESIAN_POINT('',(1.253373631866,4.594970786191));
#1959 = CARTESIAN_POINT('',(1.320695502815,4.664093000522));
#1960 = CARTESIAN_POINT('',(1.371060375394,4.706678077105));
#1961 = CARTESIAN_POINT('',(1.421164172023,4.739074436721));
#1962 = CARTESIAN_POINT('',(1.471096253384,4.760824646068));
#1963 = CARTESIAN_POINT('',(1.520944013585,4.771701999616));
#1964 = CARTESIAN_POINT('',(1.636965610667,4.771701999616));
#1965 = CARTESIAN_POINT('',(1.703116481415,4.752539116725));
#1966 = CARTESIAN_POINT('',(1.76946437763,4.714233934951));
#1967 = CARTESIAN_POINT('',(1.836221011681,4.65748613837));
#1968 = CARTESIAN_POINT('',(1.903602284782,4.583694044391));
#1969 = CARTESIAN_POINT('',(1.992054612251,4.468796750202));
#1970 = CARTESIAN_POINT('',(2.012336656025,4.441247329882));
#1971 = CARTESIAN_POINT('',(2.032703960159,4.412447714472));
#1972 = CARTESIAN_POINT('',(2.053164076076,4.382458583443));
#1973 = CARTESIAN_POINT('',(2.073724985887,4.351346421391));
#1974 = CARTESIAN_POINT('',(2.118128441465,4.282254210421));
#1975 = CARTESIAN_POINT('',(2.142005093766,4.243941142079));
#1976 = CARTESIAN_POINT('',(2.166038584924,4.204351996951));
#1977 = CARTESIAN_POINT('',(2.190242770421,4.16360741814));
#1978 = CARTESIAN_POINT('',(2.214631835596,4.121841007912));
#1979 = CARTESIAN_POINT('',(2.268150618684,4.029027922843));
#1980 = CARTESIAN_POINT('',(2.297356947651,3.977645399451));
#1981 = CARTESIAN_POINT('',(2.326865598572,3.925287515874));
#1982 = CARTESIAN_POINT('',(2.356702141644,3.872220589896));
#1983 = CARTESIAN_POINT('',(2.386892939812,3.818743527535));
#1984 = CARTESIAN_POINT('',(2.454870633532,3.699672243875));
#1985 = CARTESIAN_POINT('',(2.492859072725,3.634020272375));
#1986 = CARTESIAN_POINT('',(2.531469265879,3.568871600422));
#1987 = CARTESIAN_POINT('',(2.57074072473,3.504948303048));
#1988 = CARTESIAN_POINT('',(2.610716727869,3.443052796962));
#1989 = CARTESIAN_POINT('',(2.651445836838,3.384063770271));
#1990 = ( GEOMETRIC_REPRESENTATION_CONTEXT(2) 
PARAMETRIC_REPRESENTATION_CONTEXT() REPRESENTATION_CONTEXT('2D SPACE',''
  ) );
#1991 = PCURVE('',#1992,#1997);
#1992 = CYLINDRICAL_SURFACE('',#1993,32.);
#1993 = AXIS2_PLACEMENT_3D('',#1994,#1995,#1996);
#1994 = CARTESIAN_POINT('',(0.,0.,0.));
#1995 = DIRECTION('',(0.,0.,1.));
#1996 = DIRECTION('',(1.,0.,-0.));
#1997 = DEFINITIONAL_REPRESENTATION('',(#1998),#2046);
#1998 = B_SPLINE_CURVE_WITH_KNOTS('',6,(#1999,#2000,#2001,#2002,#2003,
    #2004,#2005,#2006,#2007,#2008,#2009,#2010,#2011,#2012,#2013,#2014,
    #2015,#2016,#2017,#2018,#2019,#2020,#2021,#2022,#2023,#2024,#2025,
    #2026,#2027,#2028,#2029,#2030,#2031,#2032,#2033,#2034,#2035,#2036,
    #2037,#2038,#2039,#2040,#2041,#2042,#2043,#2044,#2045),
  .UNSPECIFIED.,.F.,.F.,(7,5,5,5,5,5,5,5,5,7),(0.155515464327,
    0.176034123686,0.243330008754,0.301940232392,0.350771517376,
    0.499963487077,0.697986911847,0.756608724604,0.823918038451,
    0.844454672757),.UNSPECIFIED.);
#1999 = CARTESIAN_POINT('',(3.392248316365,20.633863553641));
#2000 = CARTESIAN_POINT('',(3.393932261528,20.573585539213));
#2001 = CARTESIAN_POINT('',(3.395594844297,20.512993354808));
#2002 = CARTESIAN_POINT('',(3.397236135572,20.452094439657));
#2003 = CARTESIAN_POINT('',(3.398856206152,20.390895940134));
#2004 = CARTESIAN_POINT('',(3.400455126833,20.329404709698));
#2005 = CARTESIAN_POINT('',(3.40720788027,20.065013444278));
#2006 = CARTESIAN_POINT('',(3.412156030889,19.85932222075));
#2007 = CARTESIAN_POINT('',(3.416879608932,19.650795496112));
#2008 = CARTESIAN_POINT('',(3.421380641458,19.439652382621));
#2009 = CARTESIAN_POINT('',(3.425660994018,19.226089246926));
#2010 = CARTESIAN_POINT('',(3.433259558586,18.822324009585));
#2011 = CARTESIAN_POINT('',(3.436630554402,18.632669981937));
#2012 = CARTESIAN_POINT('',(3.439836379923,18.441437717263));
#2013 = CARTESIAN_POINT('',(3.442877920405,18.248741461714));
#2014 = CARTESIAN_POINT('',(3.445755924533,18.054689617459));
#2015 = CARTESIAN_POINT('',(3.450733081434,17.696665895915));
#2016 = CARTESIAN_POINT('',(3.452882067181,17.533077748726));
#2017 = CARTESIAN_POINT('',(3.45491831604,17.368679969928));
#2018 = CARTESIAN_POINT('',(3.456842132888,17.203530664924));
#2019 = CARTESIAN_POINT('',(3.458653773096,17.037686375713));
#2020 = CARTESIAN_POINT('',(3.465546364069,16.362550304095));
#2021 = CARTESIAN_POINT('',(3.469694749055,15.847862896761));
#2022 = CARTESIAN_POINT('',(3.472803214087,15.328795665421));
#2023 = CARTESIAN_POINT('',(3.474874735062,14.806851022195));
#2024 = CARTESIAN_POINT('',(3.475910647626,14.283449288708));
#2025 = CARTESIAN_POINT('',(3.475910647626,13.065222519342));
#2026 = CARTESIAN_POINT('',(3.474085610961,12.370638862481));
#2027 = CARTESIAN_POINT('',(3.470437497398,11.679459241462));
#2028 = CARTESIAN_POINT('',(3.464961042297,10.994931965109));
#2029 = CARTESIAN_POINT('',(3.457645983031,10.320658094353));
#2030 = CARTESIAN_POINT('',(3.445760249263,9.465605029117));
#2031 = CARTESIAN_POINT('',(3.442882435071,9.27155038704));
#2032 = CARTESIAN_POINT('',(3.43984108337,9.078851241391));
#2033 = CARTESIAN_POINT('',(3.436635445562,8.887615992247));
#2034 = CARTESIAN_POINT('',(3.433264636484,8.69795888293));
#2035 = CARTESIAN_POINT('',(3.425666463798,8.294186417198));
#2036 = CARTESIAN_POINT('',(3.421386315523,8.080619121444));
#2037 = CARTESIAN_POINT('',(3.41688548541,7.869471716111));
#2038 = CARTESIAN_POINT('',(3.412162107948,7.660940557209));
#2039 = CARTESIAN_POINT('',(3.407214156288,7.455244753383));
#2040 = CARTESIAN_POINT('',(3.400460593731,7.190805541157));
#2041 = CARTESIAN_POINT('',(3.398860637554,7.129271459987));
#2042 = CARTESIAN_POINT('',(3.397239502678,7.068030495866));
#2043 = CARTESIAN_POINT('',(3.395597118167,7.007089516007));
#2044 = CARTESIAN_POINT('',(3.393933413077,6.946455681325));
#2045 = CARTESIAN_POINT('',(3.392248316364,6.886136446375));
#2046 = ( GEOMETRIC_REPRESENTATION_CONTEXT(2) 
PARAMETRIC_REPRESENTATION_CONTEXT() REPRESENTATION_CONTEXT('2D SPACE',''
  ) );
#2047 = FACE_BOUND('',#2048,.F.);
#2048 = EDGE_LOOP('',(#2049,#2084));
#2049 = ORIENTED_EDGE('',*,*,#2050,.F.);
#2050 = EDGE_CURVE('',#2051,#2053,#2055,.T.);
#2051 = VERTEX_POINT('',#2052);
#2052 = CARTESIAN_POINT('',(-31.,7.937253933194,6.886136457566));
#2053 = VERTEX_POINT('',#2054);
#2054 = CARTESIAN_POINT('',(-31.,7.937253933194,20.633863542434));
#2055 = SURFACE_CURVE('',#2056,(#2061,#2068),.PCURVE_S1.);
#2056 = CIRCLE('',#2057,10.5);
#2057 = AXIS2_PLACEMENT_3D('',#2058,#2059,#2060);
#2058 = CARTESIAN_POINT('',(-31.,0.,13.76));
#2059 = DIRECTION('',(1.,0.,0.));
#2060 = DIRECTION('',(-0.,0.,1.));
#2061 = PCURVE('',#1384,#2062);
#2062 = DEFINITIONAL_REPRESENTATION('',(#2063),#2067);
#2063 = LINE('',#2064,#2065);
#2064 = CARTESIAN_POINT('',(0.,4.));
#2065 = VECTOR('',#2066,1.);
#2066 = DIRECTION('',(1.,0.));
#2067 = ( GEOMETRIC_REPRESENTATION_CONTEXT(2) 
PARAMETRIC_REPRESENTATION_CONTEXT() REPRESENTATION_CONTEXT('2D SPACE',''
  ) );
#2068 = PCURVE('',#2069,#2074);
#2069 = PLANE('',#2070);
#2070 = AXIS2_PLACEMENT_3D('',#2071,#2072,#2073);
#2071 = CARTESIAN_POINT('',(-31.,0.,13.76));
#2072 = DIRECTION('',(-1.,0.,0.));
#2073 = DIRECTION('',(0.,0.,-1.));
#2074 = DEFINITIONAL_REPRESENTATION('',(#2075),#2083);
#2075 = ( BOUNDED_CURVE() B_SPLINE_CURVE(2,(#2076,#2077,#2078,#2079,
#2080,#2081,#2082),.UNSPECIFIED.,.T.,.F.) B_SPLINE_CURVE_WITH_KNOTS((1,2
    ,2,2,2,1),(-2.094395102393,0.,2.094395102393,4.188790204786,
6.28318530718,8.377580409573),.UNSPECIFIED.) CURVE() 
GEOMETRIC_REPRESENTATION_ITEM() RATIONAL_B_SPLINE_CURVE((1.,0.5,1.,0.5,
1.,0.5,1.)) REPRESENTATION_ITEM('') );
#2076 = CARTESIAN_POINT('',(-10.5,0.));
#2077 = CARTESIAN_POINT('',(-10.5,18.186533479473));
#2078 = CARTESIAN_POINT('',(5.25,9.093266739737));
#2079 = CARTESIAN_POINT('',(21.,2.571758278209E-15));
#2080 = CARTESIAN_POINT('',(5.25,-9.093266739737));
#2081 = CARTESIAN_POINT('',(-10.5,-18.18653347947));
#2082 = CARTESIAN_POINT('',(-10.5,0.));
#2083 = ( GEOMETRIC_REPRESENTATION_CONTEXT(2) 
PARAMETRIC_REPRESENTATION_CONTEXT() REPRESENTATION_CONTEXT('2D SPACE',''
  ) );
#2084 = ORIENTED_EDGE('',*,*,#2085,.T.);
#2085 = EDGE_CURVE('',#2051,#2053,#2086,.T.);
#2086 = SURFACE_CURVE('',#2087,(#2145,#2206),.PCURVE_S1.);
#2087 = B_SPLINE_CURVE_WITH_KNOTS('',6,(#2088,#2089,#2090,#2091,#2092,
    #2093,#2094,#2095,#2096,#2097,#2098,#2099,#2100,#2101,#2102,#2103,
    #2104,#2105,#2106,#2107,#2108,#2109,#2110,#2111,#2112,#2113,#2114,
    #2115,#2116,#2117,#2118,#2119,#2120,#2121,#2122,#2123,#2124,#2125,
    #2126,#2127,#2128,#2129,#2130,#2131,#2132,#2133,#2134,#2135,#2136,
    #2137,#2138,#2139,#2140,#2141,#2142,#2143,#2144),.UNSPECIFIED.,.F.,
  .F.,(7,5,5,5,5,5,5,5,5,5,5,7),(0.,9.685520301344E-02,0.17603412369,
    0.243330008759,0.301940232398,0.350771517383,0.499963487086,
    0.697986911845,0.756608724603,0.823918038451,0.9031129205,1.),
  .UNSPECIFIED.);
#2088 = CARTESIAN_POINT('',(-31.61593622972,4.942931955601,
    4.496230589965));
#2089 = CARTESIAN_POINT('',(-31.55695529094,5.3201852976,4.697524201343)
  );
#2090 = CARTESIAN_POINT('',(-31.49506866428,5.680626795361,
    4.913531775545));
#2091 = CARTESIAN_POINT('',(-31.43115467804,6.024263586122,5.14261531497
    ));
#2092 = CARTESIAN_POINT('',(-31.36601543393,6.351206726311,
    5.383312673092));
#2093 = CARTESIAN_POINT('',(-31.30037273751,6.661643262254,5.63431751467
    ));
#2094 = CARTESIAN_POINT('',(-31.18131079948,7.196287588892,
    6.107124607753));
#2095 = CARTESIAN_POINT('',(-31.12783395764,7.425952382661,
    6.325948779934));
#2096 = CARTESIAN_POINT('',(-31.07476703498,7.644989884914,
    6.550360069609));
#2097 = CARTESIAN_POINT('',(-31.0224089465,7.853586045428,6.77985161944)
  );
#2098 = CARTESIAN_POINT('',(-30.97102601864,8.051925810443,7.01398148651
    ));
#2099 = CARTESIAN_POINT('',(-30.87821174417,8.400206063363,
    7.454986555722));
#2100 = CARTESIAN_POINT('',(-30.83644460737,8.552942178029,
    7.660677779251));
#2101 = CARTESIAN_POINT('',(-30.79569917167,8.698505569435,
    7.869204503888));
#2102 = CARTESIAN_POINT('',(-30.75610904348,8.836993911313,
    8.080347617379));
#2103 = CARTESIAN_POINT('',(-30.71779487142,8.968498697777,
    8.293910753074));
#2104 = CARTESIAN_POINT('',(-30.6487003241,9.201629226515,8.697675990415
    ));
#2105 = CARTESIAN_POINT('',(-30.61758695928,9.304917729291,
    8.887330018063));
#2106 = CARTESIAN_POINT('',(-30.58759654486,9.403023829269,
    9.078562282737));
#2107 = CARTESIAN_POINT('',(-30.55879556871,9.495995219228,
    9.271258538286));
#2108 = CARTESIAN_POINT('',(-30.53124471359,9.583874207095,
    9.465310382541));
#2109 = CARTESIAN_POINT('',(-30.48313204233,9.735702372694,
    9.823334104085));
#2110 = CARTESIAN_POINT('',(-30.46217115848,9.801197811143,
    9.986922251274));
#2111 = CARTESIAN_POINT('',(-30.44214802398,9.863205370828,
    10.151320030072));
#2112 = CARTESIAN_POINT('',(-30.42309184468,9.921744148014,
    10.316469335076));
#2113 = CARTESIAN_POINT('',(-30.4050292138,9.976830995693,
    10.482313624287));
#2114 = CARTESIAN_POINT('',(-30.33590699947,10.186282940677,
    11.157449695904));
#2115 = CARTESIAN_POINT('',(-30.29332192289,10.312019238669,
    11.672137103239));
#2116 = CARTESIAN_POINT('',(-30.26092556327,10.406067991388,
    12.19120433458));
#2117 = CARTESIAN_POINT('',(-30.23917535393,10.468685891213,
    12.713148977805));
#2118 = CARTESIAN_POINT('',(-30.22829800038,10.5,13.236550711292));
#2119 = CARTESIAN_POINT('',(-30.22829800038,10.5,14.454777480613));
#2120 = CARTESIAN_POINT('',(-30.24746088327,10.444832271666,
    15.149361137591));
#2121 = CARTESIAN_POINT('',(-30.28576606505,10.334555891121,
    15.840540758537));
#2122 = CARTESIAN_POINT('',(-30.34251386161,10.168749991948,
    16.525068034821));
#2123 = CARTESIAN_POINT('',(-30.41630595561,9.946580061457,
    17.19934190569));
#2124 = CARTESIAN_POINT('',(-30.53120324979,9.5840062414,18.054394970883
    ));
#2125 = CARTESIAN_POINT('',(-30.55875267011,9.496133173413,
    18.24844961296));
#2126 = CARTESIAN_POINT('',(-30.58755228552,9.403167686324,
    18.441148758609));
#2127 = CARTESIAN_POINT('',(-30.61754141655,9.30506747548,
    18.632384007753));
#2128 = CARTESIAN_POINT('',(-30.6486535786,9.201784851393,18.82204111707
    ));
#2129 = CARTESIAN_POINT('',(-30.71774578957,8.968666709612,
    19.225813582801));
#2130 = CARTESIAN_POINT('',(-30.75605885792,8.837168410749,
    19.439380878555));
#2131 = CARTESIAN_POINT('',(-30.79564800304,8.698686524964,
    19.650528283889));
#2132 = CARTESIAN_POINT('',(-30.83639258186,8.553129559488,
    19.859059442792));
#2133 = CARTESIAN_POINT('',(-30.87815899208,8.400399846958,
    20.064755246617));
#2134 = CARTESIAN_POINT('',(-30.97097207715,8.052133118264,
    20.505771081328));
#2135 = CARTESIAN_POINT('',(-31.02235460054,7.853800421504,
    20.739907182789));
#2136 = CARTESIAN_POINT('',(-31.07471248412,7.645211263338,
    20.96940517664));
#2137 = CARTESIAN_POINT('',(-31.1277794101,7.426180694612,
    21.193823139018));
#2138 = CARTESIAN_POINT('',(-31.18125647246,7.196522759272,
    21.412654232874));
#2139 = CARTESIAN_POINT('',(-31.30032775612,6.661855985992,
    21.885510485914));
#2140 = CARTESIAN_POINT('',(-31.36597972762,6.351385940309,
    22.136555386314));
#2141 = CARTESIAN_POINT('',(-31.43112839957,6.024404869942,
    22.377290495077));
#2142 = CARTESIAN_POINT('',(-31.49505169695,5.680725612398,
    22.606409002011));
#2143 = CARTESIAN_POINT('',(-31.55694720303,5.320237029372,
    22.822448195786));
#2144 = CARTESIAN_POINT('',(-31.61593622972,4.942931955601,
    23.023769410035));
#2145 = PCURVE('',#1384,#2146);
#2146 = DEFINITIONAL_REPRESENTATION('',(#2147),#2205);
#2147 = B_SPLINE_CURVE_WITH_KNOTS('',6,(#2148,#2149,#2150,#2151,#2152,
    #2153,#2154,#2155,#2156,#2157,#2158,#2159,#2160,#2161,#2162,#2163,
    #2164,#2165,#2166,#2167,#2168,#2169,#2170,#2171,#2172,#2173,#2174,
    #2175,#2176,#2177,#2178,#2179,#2180,#2181,#2182,#2183,#2184,#2185,
    #2186,#2187,#2188,#2189,#2190,#2191,#2192,#2193,#2194,#2195,#2196,
    #2197,#2198,#2199,#2200,#2201,#2202,#2203,#2204),.UNSPECIFIED.,.F.,
  .F.,(7,5,5,5,5,5,5,5,5,5,5,7),(0.,9.685520301344E-02,0.17603412369,
    0.243330008759,0.301940232398,0.350771517383,0.499963487086,
    0.697986911845,0.756608724603,0.823918038451,0.9031129205,1.),
  .UNSPECIFIED.);
#2148 = CARTESIAN_POINT('',(3.631739470342,3.384063770271));
#2149 = CARTESIAN_POINT('',(3.672462995,3.44304470906));
#2150 = CARTESIAN_POINT('',(3.712433624136,3.504931335714));
#2151 = CARTESIAN_POINT('',(3.751699897055,3.56884532196));
#2152 = CARTESIAN_POINT('',(3.790305072902,3.633984566068));
#2153 = CARTESIAN_POINT('',(3.828288645709,3.699627262485));
#2154 = CARTESIAN_POINT('',(3.896261636429,3.818689200512));
#2155 = CARTESIAN_POINT('',(3.926452452681,3.872166042357));
#2156 = CARTESIAN_POINT('',(3.956289002167,3.925232965015));
#2157 = CARTESIAN_POINT('',(3.985797647521,3.977591053499));
#2158 = CARTESIAN_POINT('',(4.015003958615,4.028973981355));
#2159 = CARTESIAN_POINT('',(4.068522735335,4.121788255828));
#2160 = CARTESIAN_POINT('',(4.09291181374,4.163555392623));
#2161 = CARTESIAN_POINT('',(4.11711600322,4.204300828327));
#2162 = CARTESIAN_POINT('',(4.141149489819,4.243890956513));
#2163 = CARTESIAN_POINT('',(4.165026128746,4.282205128576));
#2164 = CARTESIAN_POINT('',(4.209429578012,4.351299675892));
#2165 = CARTESIAN_POINT('',(4.22999049783,4.382413040712));
#2166 = CARTESIAN_POINT('',(4.250450616845,4.412403455139));
#2167 = CARTESIAN_POINT('',(4.270817917365,4.441204431282));
#2168 = CARTESIAN_POINT('',(4.291099951003,4.468755286409));
#2169 = CARTESIAN_POINT('',(4.328136768753,4.516867957663));
#2170 = CARTESIAN_POINT('',(4.344915447802,4.537828841514));
#2171 = CARTESIAN_POINT('',(4.361643989798,4.557851976017));
#2172 = CARTESIAN_POINT('',(4.3783263421,4.576908155317));
#2173 = CARTESIAN_POINT('',(4.394966285456,4.594970786191));
#2174 = CARTESIAN_POINT('',(4.462288156404,4.664093000522));
#2175 = CARTESIAN_POINT('',(4.512653028983,4.706678077105));
#2176 = CARTESIAN_POINT('',(4.562756825613,4.739074436721));
#2177 = CARTESIAN_POINT('',(4.612688906974,4.760824646068));
#2178 = CARTESIAN_POINT('',(4.662536667174,4.771701999616));
#2179 = CARTESIAN_POINT('',(4.778558264253,4.771701999616));
#2180 = CARTESIAN_POINT('',(4.844709135011,4.752539116727));
#2181 = CARTESIAN_POINT('',(4.91105703122,4.714233934942));
#2182 = CARTESIAN_POINT('',(4.977813665264,4.657486138381));
#2183 = CARTESIAN_POINT('',(5.045194938377,4.583694044385));
#2184 = CARTESIAN_POINT('',(5.133647265841,4.468796750202));
#2185 = CARTESIAN_POINT('',(5.153929309615,4.441247329882));
#2186 = CARTESIAN_POINT('',(5.174296613749,4.412447714472));
#2187 = CARTESIAN_POINT('',(5.194756729666,4.382458583443));
#2188 = CARTESIAN_POINT('',(5.215317639477,4.351346421391));
#2189 = CARTESIAN_POINT('',(5.259721095054,4.282254210421));
#2190 = CARTESIAN_POINT('',(5.283597747356,4.243941142079));
#2191 = CARTESIAN_POINT('',(5.307631238514,4.204351996951));
#2192 = CARTESIAN_POINT('',(5.331835424011,4.16360741814));
#2193 = CARTESIAN_POINT('',(5.356224489186,4.121841007912));
#2194 = CARTESIAN_POINT('',(5.409743272274,4.029027922843));
#2195 = CARTESIAN_POINT('',(5.438949601241,3.977645399451));
#2196 = CARTESIAN_POINT('',(5.468458252162,3.925287515874));
#2197 = CARTESIAN_POINT('',(5.498294795234,3.872220589896));
#2198 = CARTESIAN_POINT('',(5.528485593402,3.818743527535));
#2199 = CARTESIAN_POINT('',(5.596463287121,3.699672243876));
#2200 = CARTESIAN_POINT('',(5.634451726315,3.634020272375));
#2201 = CARTESIAN_POINT('',(5.673061919469,3.568871600421));
#2202 = CARTESIAN_POINT('',(5.71233337832,3.504948303048));
#2203 = CARTESIAN_POINT('',(5.752309381458,3.443052796963));
#2204 = CARTESIAN_POINT('',(5.793038490428,3.384063770271));
#2205 = ( GEOMETRIC_REPRESENTATION_CONTEXT(2) 
PARAMETRIC_REPRESENTATION_CONTEXT() REPRESENTATION_CONTEXT('2D SPACE',''
  ) );
#2206 = PCURVE('',#1992,#2207);
#2207 = DEFINITIONAL_REPRESENTATION('',(#2208),#2256);
#2208 = B_SPLINE_CURVE_WITH_KNOTS('',6,(#2209,#2210,#2211,#2212,#2213,
    #2214,#2215,#2216,#2217,#2218,#2219,#2220,#2221,#2222,#2223,#2224,
    #2225,#2226,#2227,#2228,#2229,#2230,#2231,#2232,#2233,#2234,#2235,
    #2236,#2237,#2238,#2239,#2240,#2241,#2242,#2243,#2244,#2245,#2246,
    #2247,#2248,#2249,#2250,#2251,#2252,#2253,#2254,#2255),
  .UNSPECIFIED.,.F.,.F.,(7,5,5,5,5,5,5,5,5,7),(0.155515464331,
    0.17603412369,0.243330008759,0.301940232398,0.350771517383,
    0.499963487086,0.697986911845,0.756608724603,0.823918038451,
    0.844454672756),.UNSPECIFIED.);
#2209 = CARTESIAN_POINT('',(9.174122297994,6.886136446359));
#2210 = CARTESIAN_POINT('',(9.172438352831,6.946414460787));
#2211 = CARTESIAN_POINT('',(9.170775770063,7.007006645192));
#2212 = CARTESIAN_POINT('',(9.169134478787,7.067905560343));
#2213 = CARTESIAN_POINT('',(9.167514408207,7.129104059866));
#2214 = CARTESIAN_POINT('',(9.165915487526,7.190595290302));
#2215 = CARTESIAN_POINT('',(9.159162734089,7.454986555722));
#2216 = CARTESIAN_POINT('',(9.15421458347,7.660677779251));
#2217 = CARTESIAN_POINT('',(9.149491005428,7.869204503888));
#2218 = CARTESIAN_POINT('',(9.144989972901,8.080347617379));
#2219 = CARTESIAN_POINT('',(9.140709620341,8.293910753074));
#2220 = CARTESIAN_POINT('',(9.133111055773,8.697675990415));
#2221 = CARTESIAN_POINT('',(9.129740059958,8.887330018063));
#2222 = CARTESIAN_POINT('',(9.126534234436,9.078562282737));
#2223 = CARTESIAN_POINT('',(9.123492693954,9.271258538286));
#2224 = CARTESIAN_POINT('',(9.120614689827,9.465310382541));
#2225 = CARTESIAN_POINT('',(9.115637532925,9.823334104085));
#2226 = CARTESIAN_POINT('',(9.113488547178,9.986922251274));
#2227 = CARTESIAN_POINT('',(9.111452298319,10.151320030072));
#2228 = CARTESIAN_POINT('',(9.109528481472,10.316469335076));
#2229 = CARTESIAN_POINT('',(9.107716841263,10.482313624287));
#2230 = CARTESIAN_POINT('',(9.10082425029,11.157449695904));
#2231 = CARTESIAN_POINT('',(9.096675865304,11.672137103239));
#2232 = CARTESIAN_POINT('',(9.093567400272,12.19120433458));
#2233 = CARTESIAN_POINT('',(9.091495879297,12.713148977805));
#2234 = CARTESIAN_POINT('',(9.090459966733,13.236550711292));
#2235 = CARTESIAN_POINT('',(9.090459966733,14.454777480613));
#2236 = CARTESIAN_POINT('',(9.092285003398,15.149361137591));
#2237 = CARTESIAN_POINT('',(9.095933116962,15.840540758537));
#2238 = CARTESIAN_POINT('',(9.101409572061,16.525068034821));
#2239 = CARTESIAN_POINT('',(9.108724631328,17.19934190569));
#2240 = CARTESIAN_POINT('',(9.120610365096,18.054394970883));
#2241 = CARTESIAN_POINT('',(9.123488179288,18.24844961296));
#2242 = CARTESIAN_POINT('',(9.126529530989,18.441148758609));
#2243 = CARTESIAN_POINT('',(9.129735168797,18.632384007753));
#2244 = CARTESIAN_POINT('',(9.133105977875,18.82204111707));
#2245 = CARTESIAN_POINT('',(9.140704150561,19.225813582801));
#2246 = CARTESIAN_POINT('',(9.144984298836,19.439380878555));
#2247 = CARTESIAN_POINT('',(9.149485128949,19.650528283889));
#2248 = CARTESIAN_POINT('',(9.154208506411,19.859059442792));
#2249 = CARTESIAN_POINT('',(9.159156458072,20.064755246617));
#2250 = CARTESIAN_POINT('',(9.165910020629,20.329194458843));
#2251 = CARTESIAN_POINT('',(9.167509976806,20.390728540013));
#2252 = CARTESIAN_POINT('',(9.169131111681,20.451969504134));
#2253 = CARTESIAN_POINT('',(9.170773496193,20.512910483993));
#2254 = CARTESIAN_POINT('',(9.172437201282,20.573544318675));
#2255 = CARTESIAN_POINT('',(9.174122297995,20.633863553625));
#2256 = ( GEOMETRIC_REPRESENTATION_CONTEXT(2) 
PARAMETRIC_REPRESENTATION_CONTEXT() REPRESENTATION_CONTEXT('2D SPACE',''
  ) );
#2257 = ADVANCED_FACE('',(#2258),#2069,.F.);
#2258 = FACE_BOUND('',#2259,.F.);
#2259 = EDGE_LOOP('',(#2260,#2281,#2310,#2329));
#2260 = ORIENTED_EDGE('',*,*,#2261,.T.);
#2261 = EDGE_CURVE('',#2053,#2262,#2264,.T.);
#2262 = VERTEX_POINT('',#2263);
#2263 = CARTESIAN_POINT('',(-31.,7.937253933194,26.369916732477));
#2264 = SURFACE_CURVE('',#2265,(#2269,#2275),.PCURVE_S1.);
#2265 = LINE('',#2266,#2267);
#2266 = CARTESIAN_POINT('',(-31.,7.937253933194,0.));
#2267 = VECTOR('',#2268,1.);
#2268 = DIRECTION('',(0.,0.,1.));
#2269 = PCURVE('',#2069,#2270);
#2270 = DEFINITIONAL_REPRESENTATION('',(#2271),#2274);
#2271 = B_SPLINE_CURVE_WITH_KNOTS('',1,(#2272,#2273),.UNSPECIFIED.,.F.,
  .F.,(2,2),(-6.E-07,27.816224263641),.PIECEWISE_BEZIER_KNOTS.);
#2272 = CARTESIAN_POINT('',(13.7600006,-7.937253933194));
#2273 = CARTESIAN_POINT('',(-14.05622426364,-7.937253933194));
#2274 = ( GEOMETRIC_REPRESENTATION_CONTEXT(2) 
PARAMETRIC_REPRESENTATION_CONTEXT() REPRESENTATION_CONTEXT('2D SPACE',''
  ) );
#2275 = PCURVE('',#1992,#2276);
#2276 = DEFINITIONAL_REPRESENTATION('',(#2277),#2280);
#2277 = B_SPLINE_CURVE_WITH_KNOTS('',1,(#2278,#2279),.UNSPECIFIED.,.F.,
  .F.,(2,2),(20.633863542434,26.369916732477),.PIECEWISE_BEZIER_KNOTS.);
#2278 = CARTESIAN_POINT('',(9.174122298433,20.633863542434));
#2279 = CARTESIAN_POINT('',(9.174122298433,26.369916732477));
#2280 = ( GEOMETRIC_REPRESENTATION_CONTEXT(2) 
PARAMETRIC_REPRESENTATION_CONTEXT() REPRESENTATION_CONTEXT('2D SPACE',''
  ) );
#2281 = ORIENTED_EDGE('',*,*,#2282,.T.);
#2282 = EDGE_CURVE('',#2262,#2283,#2285,.T.);
#2283 = VERTEX_POINT('',#2284);
#2284 = CARTESIAN_POINT('',(-31.,7.937253933194,1.150083267523));
#2285 = SURFACE_CURVE('',#2286,(#2291,#2298),.PCURVE_S1.);
#2286 = CIRCLE('',#2287,14.9);
#2287 = AXIS2_PLACEMENT_3D('',#2288,#2289,#2290);
#2288 = CARTESIAN_POINT('',(-31.,0.,13.76));
#2289 = DIRECTION('',(-1.,0.,0.));
#2290 = DIRECTION('',(0.,0.,-1.));
#2291 = PCURVE('',#2069,#2292);
#2292 = DEFINITIONAL_REPRESENTATION('',(#2293),#2297);
#2293 = CIRCLE('',#2294,14.9);
#2294 = AXIS2_PLACEMENT_2D('',#2295,#2296);
#2295 = CARTESIAN_POINT('',(0.,0.));
#2296 = DIRECTION('',(1.,0.));
#2297 = ( GEOMETRIC_REPRESENTATION_CONTEXT(2) 
PARAMETRIC_REPRESENTATION_CONTEXT() REPRESENTATION_CONTEXT('2D SPACE',''
  ) );
#2298 = PCURVE('',#2299,#2304);
#2299 = CYLINDRICAL_SURFACE('',#2300,14.9);
#2300 = AXIS2_PLACEMENT_3D('',#2301,#2302,#2303);
#2301 = CARTESIAN_POINT('',(-31.,0.,13.76));
#2302 = DIRECTION('',(-1.,0.,0.));
#2303 = DIRECTION('',(0.,0.,-1.));
#2304 = DEFINITIONAL_REPRESENTATION('',(#2305),#2309);
#2305 = LINE('',#2306,#2307);
#2306 = CARTESIAN_POINT('',(0.,0.));
#2307 = VECTOR('',#2308,1.);
#2308 = DIRECTION('',(1.,0.));
#2309 = ( GEOMETRIC_REPRESENTATION_CONTEXT(2) 
PARAMETRIC_REPRESENTATION_CONTEXT() REPRESENTATION_CONTEXT('2D SPACE',''
  ) );
#2310 = ORIENTED_EDGE('',*,*,#2311,.T.);
#2311 = EDGE_CURVE('',#2283,#2051,#2312,.T.);
#2312 = SURFACE_CURVE('',#2313,(#2317,#2323),.PCURVE_S1.);
#2313 = LINE('',#2314,#2315);
#2314 = CARTESIAN_POINT('',(-31.,7.937253933194,0.));
#2315 = VECTOR('',#2316,1.);
#2316 = DIRECTION('',(0.,0.,1.));
#2317 = PCURVE('',#2069,#2318);
#2318 = DEFINITIONAL_REPRESENTATION('',(#2319),#2322);
#2319 = B_SPLINE_CURVE_WITH_KNOTS('',1,(#2320,#2321),.UNSPECIFIED.,.F.,
  .F.,(2,2),(-6.E-07,27.816224263641),.PIECEWISE_BEZIER_KNOTS.);
#2320 = CARTESIAN_POINT('',(13.7600006,-7.937253933194));
#2321 = CARTESIAN_POINT('',(-14.05622426364,-7.937253933194));
#2322 = ( GEOMETRIC_REPRESENTATION_CONTEXT(2) 
PARAMETRIC_REPRESENTATION_CONTEXT() REPRESENTATION_CONTEXT('2D SPACE',''
  ) );
#2323 = PCURVE('',#1992,#2324);
#2324 = DEFINITIONAL_REPRESENTATION('',(#2325),#2328);
#2325 = B_SPLINE_CURVE_WITH_KNOTS('',1,(#2326,#2327),.UNSPECIFIED.,.F.,
  .F.,(2,2),(1.150083267523,6.886136457566),.PIECEWISE_BEZIER_KNOTS.);
#2326 = CARTESIAN_POINT('',(9.174122298433,1.150083267523));
#2327 = CARTESIAN_POINT('',(9.174122298433,6.886136457566));
#2328 = ( GEOMETRIC_REPRESENTATION_CONTEXT(2) 
PARAMETRIC_REPRESENTATION_CONTEXT() REPRESENTATION_CONTEXT('2D SPACE',''
  ) );
#2329 = ORIENTED_EDGE('',*,*,#2050,.T.);
#2330 = ADVANCED_FACE('',(#2331),#2299,.T.);
#2331 = FACE_BOUND('',#2332,.T.);
#2332 = EDGE_LOOP('',(#2333,#2364,#2386,#2424,#2448,#2480,#2595,#2625,
    #2626,#2664));
#2333 = ORIENTED_EDGE('',*,*,#2334,.F.);
#2334 = EDGE_CURVE('',#2335,#2337,#2339,.T.);
#2335 = VERTEX_POINT('',#2336);
#2336 = CARTESIAN_POINT('',(-44.,-5.715977606674,0.));
#2337 = VERTEX_POINT('',#2338);
#2338 = CARTESIAN_POINT('',(-44.,5.715977606674,0.));
#2339 = SURFACE_CURVE('',#2340,(#2345,#2352),.PCURVE_S1.);
#2340 = CIRCLE('',#2341,14.9);
#2341 = AXIS2_PLACEMENT_3D('',#2342,#2343,#2344);
#2342 = CARTESIAN_POINT('',(-44.,0.,13.76));
#2343 = DIRECTION('',(-1.,0.,0.));
#2344 = DIRECTION('',(0.,0.,-1.));
#2345 = PCURVE('',#2299,#2346);
#2346 = DEFINITIONAL_REPRESENTATION('',(#2347),#2351);
#2347 = LINE('',#2348,#2349);
#2348 = CARTESIAN_POINT('',(0.,13.));
#2349 = VECTOR('',#2350,1.);
#2350 = DIRECTION('',(1.,0.));
#2351 = ( GEOMETRIC_REPRESENTATION_CONTEXT(2) 
PARAMETRIC_REPRESENTATION_CONTEXT() REPRESENTATION_CONTEXT('2D SPACE',''
  ) );
#2352 = PCURVE('',#2353,#2358);
#2353 = PLANE('',#2354);
#2354 = AXIS2_PLACEMENT_3D('',#2355,#2356,#2357);
#2355 = CARTESIAN_POINT('',(-44.,0.,13.76));
#2356 = DIRECTION('',(-1.,0.,0.));
#2357 = DIRECTION('',(0.,0.,-1.));
#2358 = DEFINITIONAL_REPRESENTATION('',(#2359),#2363);
#2359 = CIRCLE('',#2360,14.9);
#2360 = AXIS2_PLACEMENT_2D('',#2361,#2362);
#2361 = CARTESIAN_POINT('',(0.,0.));
#2362 = DIRECTION('',(1.,0.));
#2363 = ( GEOMETRIC_REPRESENTATION_CONTEXT(2) 
PARAMETRIC_REPRESENTATION_CONTEXT() REPRESENTATION_CONTEXT('2D SPACE',''
  ) );
#2364 = ORIENTED_EDGE('',*,*,#2365,.F.);
#2365 = EDGE_CURVE('',#2366,#2335,#2368,.T.);
#2366 = VERTEX_POINT('',#2367);
#2367 = CARTESIAN_POINT('',(-31.48535532592,-5.715977606673,0.));
#2368 = SURFACE_CURVE('',#2369,(#2373,#2379),.PCURVE_S1.);
#2369 = LINE('',#2370,#2371);
#2370 = CARTESIAN_POINT('',(-31.,-5.715977606674,0.));
#2371 = VECTOR('',#2372,1.);
#2372 = DIRECTION('',(-1.,0.,0.));
#2373 = PCURVE('',#2299,#2374);
#2374 = DEFINITIONAL_REPRESENTATION('',(#2375),#2378);
#2375 = B_SPLINE_CURVE_WITH_KNOTS('',1,(#2376,#2377),.UNSPECIFIED.,.F.,
  .F.,(2,2),(-5.999999999062E-07,13.0000006),.PIECEWISE_BEZIER_KNOTS.);
#2376 = CARTESIAN_POINT('',(0.39371590669,-5.999999999062E-07));
#2377 = CARTESIAN_POINT('',(0.39371590669,13.0000006));
#2378 = ( GEOMETRIC_REPRESENTATION_CONTEXT(2) 
PARAMETRIC_REPRESENTATION_CONTEXT() REPRESENTATION_CONTEXT('2D SPACE',''
  ) );
#2379 = PCURVE('',#43,#2380);
#2380 = DEFINITIONAL_REPRESENTATION('',(#2381),#2385);
#2381 = LINE('',#2382,#2383);
#2382 = CARTESIAN_POINT('',(-31.,-5.715977606674));
#2383 = VECTOR('',#2384,1.);
#2384 = DIRECTION('',(-1.,0.));
#2385 = ( GEOMETRIC_REPRESENTATION_CONTEXT(2) 
PARAMETRIC_REPRESENTATION_CONTEXT() REPRESENTATION_CONTEXT('2D SPACE',''
  ) );
#2386 = ORIENTED_EDGE('',*,*,#2387,.T.);
#2387 = EDGE_CURVE('',#2366,#2388,#2390,.T.);
#2388 = VERTEX_POINT('',#2389);
#2389 = CARTESIAN_POINT('',(-31.,-7.937253933194,1.150083267523));
#2390 = SURFACE_CURVE('',#2391,(#2400,#2412),.PCURVE_S1.);
#2391 = B_SPLINE_CURVE_WITH_KNOTS('',4,(#2392,#2393,#2394,#2395,#2396,
    #2397,#2398,#2399),.UNSPECIFIED.,.F.,.F.,(5,3,5),(0.,0.417604282647,
    1.),.UNSPECIFIED.);
#2392 = CARTESIAN_POINT('',(-31.48535532592,-5.715977606674,
    -1.7763568394E-15));
#2393 = CARTESIAN_POINT('',(-31.44001757662,-5.965711815747,
    0.103740926358));
#2394 = CARTESIAN_POINT('',(-31.3928343346,-6.210582774735,
    0.212548247147));
#2395 = CARTESIAN_POINT('',(-31.34404280324,-6.450478639481,
    0.326072476317));
#2396 = CARTESIAN_POINT('',(-31.22387839848,-7.012961503744,
    0.608470276325));
#2397 = CARTESIAN_POINT('',(-31.15119792593,-7.330794608667,
    0.781493990872));
#2398 = CARTESIAN_POINT('',(-31.07639759625,-7.638873062572,
    0.962268727155));
#2399 = CARTESIAN_POINT('',(-30.9999994,-7.937256276573,1.150084742553)
  );
#2400 = PCURVE('',#2299,#2401);
#2401 = DEFINITIONAL_REPRESENTATION('',(#2402),#2411);
#2402 = B_SPLINE_CURVE_WITH_KNOTS('',4,(#2403,#2404,#2405,#2406,#2407,
    #2408,#2409,#2410),.UNSPECIFIED.,.F.,.F.,(5,3,5),(0.,0.417604282647,
    1.),.UNSPECIFIED.);
#2403 = CARTESIAN_POINT('',(0.39371590669,0.485355325929));
#2404 = CARTESIAN_POINT('',(0.41186519514,0.44001757662));
#2405 = CARTESIAN_POINT('',(0.429843509134,0.392834334604));
#2406 = CARTESIAN_POINT('',(0.447650838309,0.34404280324));
#2407 = CARTESIAN_POINT('',(0.489891976134,0.223878398482));
#2408 = CARTESIAN_POINT('',(0.514165654933,0.151197925936));
#2409 = CARTESIAN_POINT('',(0.538127213244,7.639759625797E-02));
#2410 = CARTESIAN_POINT('',(0.561789800019,-6.E-07));
#2411 = ( GEOMETRIC_REPRESENTATION_CONTEXT(2) 
PARAMETRIC_REPRESENTATION_CONTEXT() REPRESENTATION_CONTEXT('2D SPACE',''
  ) );
#2412 = PCURVE('',#1992,#2413);
#2413 = DEFINITIONAL_REPRESENTATION('',(#2414),#2423);
#2414 = B_SPLINE_CURVE_WITH_KNOTS('',4,(#2415,#2416,#2417,#2418,#2419,
    #2420,#2421,#2422),.UNSPECIFIED.,.F.,.F.,(5,3,5),(0.,0.417604282647,
    0.999998856526),.UNSPECIFIED.);
#2415 = CARTESIAN_POINT('',(3.321180740556,-1.7763568394E-15));
#2416 = CARTESIAN_POINT('',(3.329112498241,0.103740926358));
#2417 = CARTESIAN_POINT('',(3.336905025721,0.212548247147));
#2418 = CARTESIAN_POINT('',(3.344554887179,0.326072476317));
#2419 = CARTESIAN_POINT('',(3.362529090161,0.60846995341));
#2420 = CARTESIAN_POINT('',(3.372716693682,0.781493311444));
#2421 = CARTESIAN_POINT('',(3.382623068014,0.962267662357));
#2422 = CARTESIAN_POINT('',(3.392248315926,1.150083267523));
#2423 = ( GEOMETRIC_REPRESENTATION_CONTEXT(2) 
PARAMETRIC_REPRESENTATION_CONTEXT() REPRESENTATION_CONTEXT('2D SPACE',''
  ) );
#2424 = ORIENTED_EDGE('',*,*,#2425,.T.);
#2425 = EDGE_CURVE('',#2388,#2426,#2428,.T.);
#2426 = VERTEX_POINT('',#2427);
#2427 = CARTESIAN_POINT('',(-31.,-7.937253933194,26.369916732477));
#2428 = SURFACE_CURVE('',#2429,(#2434,#2441),.PCURVE_S1.);
#2429 = CIRCLE('',#2430,14.9);
#2430 = AXIS2_PLACEMENT_3D('',#2431,#2432,#2433);
#2431 = CARTESIAN_POINT('',(-31.,0.,13.76));
#2432 = DIRECTION('',(-1.,0.,0.));
#2433 = DIRECTION('',(0.,0.,-1.));
#2434 = PCURVE('',#2299,#2435);
#2435 = DEFINITIONAL_REPRESENTATION('',(#2436),#2440);
#2436 = LINE('',#2437,#2438);
#2437 = CARTESIAN_POINT('',(0.,0.));
#2438 = VECTOR('',#2439,1.);
#2439 = DIRECTION('',(1.,0.));
#2440 = ( GEOMETRIC_REPRESENTATION_CONTEXT(2) 
PARAMETRIC_REPRESENTATION_CONTEXT() REPRESENTATION_CONTEXT('2D SPACE',''
  ) );
#2441 = PCURVE('',#1854,#2442);
#2442 = DEFINITIONAL_REPRESENTATION('',(#2443),#2447);
#2443 = CIRCLE('',#2444,14.9);
#2444 = AXIS2_PLACEMENT_2D('',#2445,#2446);
#2445 = CARTESIAN_POINT('',(0.,0.));
#2446 = DIRECTION('',(1.,0.));
#2447 = ( GEOMETRIC_REPRESENTATION_CONTEXT(2) 
PARAMETRIC_REPRESENTATION_CONTEXT() REPRESENTATION_CONTEXT('2D SPACE',''
  ) );
#2448 = ORIENTED_EDGE('',*,*,#2449,.T.);
#2449 = EDGE_CURVE('',#2426,#2450,#2452,.T.);
#2450 = VERTEX_POINT('',#2451);
#2451 = CARTESIAN_POINT('',(-31.61593622972,-4.942931955601,
    27.816223663641));
#2452 = SURFACE_CURVE('',#2453,(#2460,#2470),.PCURVE_S1.);
#2453 = B_SPLINE_CURVE_WITH_KNOTS('',5,(#2454,#2455,#2456,#2457,#2458,
    #2459),.UNSPECIFIED.,.F.,.F.,(6,6),(0.,1.),
  .PIECEWISE_BEZIER_KNOTS.);
#2454 = CARTESIAN_POINT('',(-30.9999994,-7.937256276573,26.369915257447)
  );
#2455 = CARTESIAN_POINT('',(-31.13809054978,-7.397923110126,
    26.709396171723));
#2456 = CARTESIAN_POINT('',(-31.27140114013,-6.828448427588,
    27.027591478863));
#2457 = CARTESIAN_POINT('',(-31.39737180904,-6.229004791794,
    27.320807604319));
#2458 = CARTESIAN_POINT('',(-31.51318206193,-5.600167457603,
    27.585104041267));
#2459 = CARTESIAN_POINT('',(-31.61593649648,-4.94293024938,
    27.816224263641));
#2460 = PCURVE('',#2299,#2461);
#2461 = DEFINITIONAL_REPRESENTATION('',(#2462),#2469);
#2462 = B_SPLINE_CURVE_WITH_KNOTS('',5,(#2463,#2464,#2465,#2466,#2467,
    #2468),.UNSPECIFIED.,.F.,.F.,(6,6),(0.,1.),
  .PIECEWISE_BEZIER_KNOTS.);
#2463 = CARTESIAN_POINT('',(2.579802853571,-6.E-07));
#2464 = CARTESIAN_POINT('',(2.622573415897,0.138090549787));
#2465 = CARTESIAN_POINT('',(2.666294937657,0.27140114013));
#2466 = CARTESIAN_POINT('',(2.710988852305,0.397371809045));
#2467 = CARTESIAN_POINT('',(2.756687188322,0.513182061932));
#2468 = CARTESIAN_POINT('',(2.803444923251,0.615936496485));
#2469 = ( GEOMETRIC_REPRESENTATION_CONTEXT(2) 
PARAMETRIC_REPRESENTATION_CONTEXT() REPRESENTATION_CONTEXT('2D SPACE',''
  ) );
#2470 = PCURVE('',#1992,#2471);
#2471 = DEFINITIONAL_REPRESENTATION('',(#2472),#2479);
#2472 = B_SPLINE_CURVE_WITH_KNOTS('',5,(#2473,#2474,#2475,#2476,#2477,
    #2478),.UNSPECIFIED.,.F.,.F.,(6,6),(8.689912981761E-07,0.99999948079
    ),.PIECEWISE_BEZIER_KNOTS.);
#2473 = CARTESIAN_POINT('',(3.392248315926,26.369916732477));
#2474 = CARTESIAN_POINT('',(3.374850492619,26.709397101497));
#2475 = CARTESIAN_POINT('',(3.356577234705,27.027591912849));
#2476 = CARTESIAN_POINT('',(3.337442665101,27.320807606939));
#2477 = CARTESIAN_POINT('',(3.317468359797,27.585103693207));
#2478 = CARTESIAN_POINT('',(3.296680228391,27.816223663641));
#2479 = ( GEOMETRIC_REPRESENTATION_CONTEXT(2) 
PARAMETRIC_REPRESENTATION_CONTEXT() REPRESENTATION_CONTEXT('2D SPACE',''
  ) );
#2480 = ORIENTED_EDGE('',*,*,#2481,.T.);
#2481 = EDGE_CURVE('',#2450,#2482,#2484,.T.);
#2482 = VERTEX_POINT('',#2483);
#2483 = CARTESIAN_POINT('',(-31.61593622972,4.942931955601,
    27.816223663641));
#2484 = SURFACE_CURVE('',#2485,(#2518,#2554),.PCURVE_S1.);
#2485 = B_SPLINE_CURVE_WITH_KNOTS('',6,(#2486,#2487,#2488,#2489,#2490,
    #2491,#2492,#2493,#2494,#2495,#2496,#2497,#2498,#2499,#2500,#2501,
    #2502,#2503,#2504,#2505,#2506,#2507,#2508,#2509,#2510,#2511,#2512,
    #2513,#2514,#2515,#2516,#2517),.UNSPECIFIED.,.F.,.F.,(7,5,5,5,5,5,7)
  ,(0.,0.183999332796,0.287049191905,0.499059591063,0.713557302635,
    0.8166256971,1.),.UNSPECIFIED.);
#2486 = CARTESIAN_POINT('',(-31.61593622972,-4.942931955601,
    27.816223663641));
#2487 = CARTESIAN_POINT('',(-31.5623216565,-4.674299130086,
    27.910689560694));
#2488 = CARTESIAN_POINT('',(-31.5119564639,-4.399413817456,
    28.000431357888));
#2489 = CARTESIAN_POINT('',(-31.46497952098,-4.118361991228,
    28.085025229964));
#2490 = CARTESIAN_POINT('',(-31.42153654203,-3.831322712639,
    28.164014145555));
#2491 = CARTESIAN_POINT('',(-31.38177292385,-3.538590982557,
    28.236932720856));
#2492 = CARTESIAN_POINT('',(-31.32569463322,-3.073709403345,
    28.340519403321));
#2493 = CARTESIAN_POINT('',(-31.30676008758,-2.905169402739,
    28.37566183213));
#2494 = CARTESIAN_POINT('',(-31.28904730656,-2.735058466911,
    28.408680436997));
#2495 = CARTESIAN_POINT('',(-31.2725797189,-2.563467368848,
    28.439498498276));
#2496 = CARTESIAN_POINT('',(-31.25737931855,-2.390500998114,
    28.468043541771));
#2497 = CARTESIAN_POINT('',(-31.21484182348,-1.857843840418,
    28.54816416082));
#2498 = CARTESIAN_POINT('',(-31.19166229146,-1.494049667059,
    28.592184738001));
#2499 = CARTESIAN_POINT('',(-31.17411128377,-1.126021379891,
    28.625718258568));
#2500 = CARTESIAN_POINT('',(-31.1623163483,-0.75502228591,
    28.648322991759));
#2501 = CARTESIAN_POINT('',(-31.1563547428,-0.382462976225,
    28.659748777423));
#2502 = CARTESIAN_POINT('',(-31.15609450981,0.367002376961,
    28.66024753253));
#2503 = CARTESIAN_POINT('',(-31.16193350721,0.743987882567,
    28.649056738082));
#2504 = CARTESIAN_POINT('',(-31.1737455613,1.119410222685,
    28.626416479348));
#2505 = CARTESIAN_POINT('',(-31.19145142708,1.491807098969,
    28.59258287273));
#2506 = CARTESIAN_POINT('',(-31.21491930738,1.859869517973,
    28.548013011486));
#2507 = CARTESIAN_POINT('',(-31.25791184268,2.396648785799,
    28.46704308442));
#2508 = CARTESIAN_POINT('',(-31.27315261659,2.569606100533,
    28.438425219296));
#2509 = CARTESIAN_POINT('',(-31.28966052054,2.741185064522,
    28.407535206798));
#2510 = CARTESIAN_POINT('',(-31.30741351961,2.911280985959,
    28.374445648643));
#2511 = CARTESIAN_POINT('',(-31.32638815071,3.079803300541,
    28.33923336759));
#2512 = CARTESIAN_POINT('',(-31.38244885135,3.543563249057,
    28.235693285569));
#2513 = CARTESIAN_POINT('',(-31.42212719582,3.835223283208,
    28.162940260037));
#2514 = CARTESIAN_POINT('',(-31.46545846557,4.121226483325,
    28.084162800522));
#2515 = CARTESIAN_POINT('',(-31.51229874106,4.401281637092,
    27.999821496073));
#2516 = CARTESIAN_POINT('',(-31.56250381493,4.675211824758,
    27.910368607658));
#2517 = CARTESIAN_POINT('',(-31.61593622972,4.942931955601,
    27.816223663641));
#2518 = PCURVE('',#2299,#2519);
#2519 = DEFINITIONAL_REPRESENTATION('',(#2520),#2553);
#2520 = B_SPLINE_CURVE_WITH_KNOTS('',6,(#2521,#2522,#2523,#2524,#2525,
    #2526,#2527,#2528,#2529,#2530,#2531,#2532,#2533,#2534,#2535,#2536,
    #2537,#2538,#2539,#2540,#2541,#2542,#2543,#2544,#2545,#2546,#2547,
    #2548,#2549,#2550,#2551,#2552),.UNSPECIFIED.,.F.,.F.,(7,5,5,5,5,5,7)
  ,(0.,0.183999332796,0.287049191905,0.499059591063,0.713557302635,
    0.8166256971,1.),.UNSPECIFIED.);
#2521 = CARTESIAN_POINT('',(2.803444801866,0.615936229729));
#2522 = CARTESIAN_POINT('',(2.822556110276,0.562321656502));
#2523 = CARTESIAN_POINT('',(2.841958117339,0.511956463902));
#2524 = CARTESIAN_POINT('',(2.861648454067,0.464979520985));
#2525 = CARTESIAN_POINT('',(2.881620182943,0.421536542032));
#2526 = CARTESIAN_POINT('',(2.901860678445,0.381772923859));
#2527 = CARTESIAN_POINT('',(2.933825951387,0.325694633226));
#2528 = CARTESIAN_POINT('',(2.945379556573,0.306760087584));
#2529 = CARTESIAN_POINT('',(2.957007787315,0.289047306564));
#2530 = CARTESIAN_POINT('',(2.96870648749,0.272579718908));
#2531 = CARTESIAN_POINT('',(2.980470792376,0.25737931855));
#2532 = CARTESIAN_POINT('',(3.016621745432,0.214841823484));
#2533 = CARTESIAN_POINT('',(3.041205304065,0.191662291463));
#2534 = CARTESIAN_POINT('',(3.065991096822,0.174111283772));
#2535 = CARTESIAN_POINT('',(3.090919507077,0.162316348305));
#2536 = CARTESIAN_POINT('',(3.115923991882,0.156354742807));
#2537 = CARTESIAN_POINT('',(3.166223691153,0.156094509811));
#2538 = CARTESIAN_POINT('',(3.191524225859,0.161933507214));
#2539 = CARTESIAN_POINT('',(3.216748479518,0.173745561308));
#2540 = CARTESIAN_POINT('',(3.241827494214,0.191451427087));
#2541 = CARTESIAN_POINT('',(3.266699507667,0.214919307388));
#2542 = CARTESIAN_POINT('',(3.303132516523,0.257911842688));
#2543 = CARTESIAN_POINT('',(3.31489701845,0.273152616599));
#2544 = CARTESIAN_POINT('',(3.326595771692,0.289660520543));
#2545 = CARTESIAN_POINT('',(3.338223921669,0.307413519612));
#2546 = CARTESIAN_POINT('',(3.349777322907,0.326388150717));
#2547 = CARTESIAN_POINT('',(3.381668443137,0.382448851352));
#2548 = CARTESIAN_POINT('',(3.401836528878,0.422127195828));
#2549 = CARTESIAN_POINT('',(3.421737542789,0.465458465575));
#2550 = CARTESIAN_POINT('',(3.441359026474,0.512298741063));
#2551 = CARTESIAN_POINT('',(3.460694128616,0.562503814938));
#2552 = CARTESIAN_POINT('',(3.479740505314,0.615936229729));
#2553 = ( GEOMETRIC_REPRESENTATION_CONTEXT(2) 
PARAMETRIC_REPRESENTATION_CONTEXT() REPRESENTATION_CONTEXT('2D SPACE',''
  ) );
#2554 = PCURVE('',#2555,#2560);
#2555 = CONICAL_SURFACE('',#2556,32.,0.785398163397);
#2556 = AXIS2_PLACEMENT_3D('',#2557,#2558,#2559);
#2557 = CARTESIAN_POINT('',(0.,0.,27.816223663641));
#2558 = DIRECTION('',(-0.,-0.,-1.));
#2559 = DIRECTION('',(1.,0.,-0.));
#2560 = DEFINITIONAL_REPRESENTATION('',(#2561),#2594);
#2561 = B_SPLINE_CURVE_WITH_KNOTS('',6,(#2562,#2563,#2564,#2565,#2566,
    #2567,#2568,#2569,#2570,#2571,#2572,#2573,#2574,#2575,#2576,#2577,
    #2578,#2579,#2580,#2581,#2582,#2583,#2584,#2585,#2586,#2587,#2588,
    #2589,#2590,#2591,#2592,#2593),.UNSPECIFIED.,.F.,.F.,(7,5,5,5,5,5,7)
  ,(0.,0.183999332796,0.287049191905,0.499059591063,0.713557302635,
    0.8166256971,1.),.UNSPECIFIED.);
#2562 = CARTESIAN_POINT('',(-3.296680228391,-3.552713678801E-15));
#2563 = CARTESIAN_POINT('',(-3.288645008573,-9.446589705304E-02));
#2564 = CARTESIAN_POINT('',(-3.280344133304,-0.184207694247));
#2565 = CARTESIAN_POINT('',(-3.27178044418,-0.268801566323));
#2566 = CARTESIAN_POINT('',(-3.262960893505,-0.347790481914));
#2567 = CARTESIAN_POINT('',(-3.253897597243,-0.420709057216));
#2568 = CARTESIAN_POINT('',(-3.23940669421,-0.52429573968));
#2569 = CARTESIAN_POINT('',(-3.234133815487,-0.55943816849));
#2570 = CARTESIAN_POINT('',(-3.22879351929,-0.592456773356));
#2571 = CARTESIAN_POINT('',(-3.223389659356,-0.623274834635));
#2572 = CARTESIAN_POINT('',(-3.217926711476,-0.65181987813));
#2573 = CARTESIAN_POINT('',(-3.201059569337,-0.731940497179));
#2574 = CARTESIAN_POINT('',(-3.189479492842,-0.775961074361));
#2575 = CARTESIAN_POINT('',(-3.177716691877,-0.809494594927));
#2576 = CARTESIAN_POINT('',(-3.165825792888,-0.832099328118));
#2577 = CARTESIAN_POINT('',(-3.153868302911,-0.843525113782));
#2578 = CARTESIAN_POINT('',(-3.129813232529,-0.844023868889));
#2579 = CARTESIAN_POINT('',(-3.117713095367,-0.832833074441));
#2580 = CARTESIAN_POINT('',(-3.105679638669,-0.810192815707));
#2581 = CARTESIAN_POINT('',(-3.093776646038,-0.77635920909));
#2582 = CARTESIAN_POINT('',(-3.082060728279,-0.731789347846));
#2583 = CARTESIAN_POINT('',(-3.065064345912,-0.650819420779));
#2584 = CARTESIAN_POINT('',(-3.059602139969,-0.622201555655));
#2585 = CARTESIAN_POINT('',(-3.054199153465,-0.591311543157));
#2586 = CARTESIAN_POINT('',(-3.048859853393,-0.558221985002));
#2587 = CARTESIAN_POINT('',(-3.043588084188,-0.523009703949));
#2588 = CARTESIAN_POINT('',(-3.029133770959,-0.419469621928));
#2589 = CARTESIAN_POINT('',(-3.020104569891,-0.346716596396));
#2590 = CARTESIAN_POINT('',(-3.011317584081,-0.267939136881));
#2591 = CARTESIAN_POINT('',(-3.002784771166,-0.183597832432));
#2592 = CARTESIAN_POINT('',(-2.994512998509,-9.414494401702E-02));
#2593 = CARTESIAN_POINT('',(-2.986505078788,0.));
#2594 = ( GEOMETRIC_REPRESENTATION_CONTEXT(2) 
PARAMETRIC_REPRESENTATION_CONTEXT() REPRESENTATION_CONTEXT('2D SPACE',''
  ) );
#2595 = ORIENTED_EDGE('',*,*,#2596,.T.);
#2596 = EDGE_CURVE('',#2482,#2262,#2597,.T.);
#2597 = SURFACE_CURVE('',#2598,(#2605,#2615),.PCURVE_S1.);
#2598 = B_SPLINE_CURVE_WITH_KNOTS('',5,(#2599,#2600,#2601,#2602,#2603,
    #2604),.UNSPECIFIED.,.F.,.F.,(6,6),(0.,1.),
  .PIECEWISE_BEZIER_KNOTS.);
#2599 = CARTESIAN_POINT('',(-31.61593649648,4.94293024938,
    27.816224263641));
#2600 = CARTESIAN_POINT('',(-31.51318203615,5.600167622463,
    27.585103983294));
#2601 = CARTESIAN_POINT('',(-31.3973717868,6.229004877964,
    27.320807552722));
#2602 = CARTESIAN_POINT('',(-31.27140115034,6.828448362733,
    27.027591499068));
#2603 = CARTESIAN_POINT('',(-31.13809058523,7.397922971698,
    26.709396258857));
#2604 = CARTESIAN_POINT('',(-30.9999994,7.937256276573,26.369915257447)
  );
#2605 = PCURVE('',#2299,#2606);
#2606 = DEFINITIONAL_REPRESENTATION('',(#2607),#2614);
#2607 = B_SPLINE_CURVE_WITH_KNOTS('',5,(#2608,#2609,#2610,#2611,#2612,
    #2613),.UNSPECIFIED.,.F.,.F.,(6,6),(0.,1.),
  .PIECEWISE_BEZIER_KNOTS.);
#2608 = CARTESIAN_POINT('',(3.479740383928,0.615936496485));
#2609 = CARTESIAN_POINT('',(3.526498130586,0.513182036158));
#2610 = CARTESIAN_POINT('',(3.57219646149,0.397371786807));
#2611 = CARTESIAN_POINT('',(3.61689036511,0.271401150347));
#2612 = CARTESIAN_POINT('',(3.660611880305,0.13809058523));
#2613 = CARTESIAN_POINT('',(3.703382453609,-6.E-07));
#2614 = ( GEOMETRIC_REPRESENTATION_CONTEXT(2) 
PARAMETRIC_REPRESENTATION_CONTEXT() REPRESENTATION_CONTEXT('2D SPACE',''
  ) );
#2615 = PCURVE('',#1992,#2616);
#2616 = DEFINITIONAL_REPRESENTATION('',(#2617),#2624);
#2617 = B_SPLINE_CURVE_WITH_KNOTS('',5,(#2618,#2619,#2620,#2621,#2622,
    #2623),.UNSPECIFIED.,.F.,.F.,(6,6),(5.192100944136E-07,
    0.999999131009),.PIECEWISE_BEZIER_KNOTS.);
#2618 = CARTESIAN_POINT('',(9.269690385968,27.816223663641));
#2619 = CARTESIAN_POINT('',(9.248902249348,27.585103635234));
#2620 = CARTESIAN_POINT('',(9.22892794649,27.320807555342));
#2621 = CARTESIAN_POINT('',(9.209793381695,27.027591933054));
#2622 = CARTESIAN_POINT('',(9.191520126206,26.70939718863));
#2623 = CARTESIAN_POINT('',(9.174122298433,26.369916732477));
#2624 = ( GEOMETRIC_REPRESENTATION_CONTEXT(2) 
PARAMETRIC_REPRESENTATION_CONTEXT() REPRESENTATION_CONTEXT('2D SPACE',''
  ) );
#2625 = ORIENTED_EDGE('',*,*,#2282,.T.);
#2626 = ORIENTED_EDGE('',*,*,#2627,.T.);
#2627 = EDGE_CURVE('',#2283,#2628,#2630,.T.);
#2628 = VERTEX_POINT('',#2629);
#2629 = CARTESIAN_POINT('',(-31.48535532592,5.715977606673,0.));
#2630 = SURFACE_CURVE('',#2631,(#2640,#2652),.PCURVE_S1.);
#2631 = B_SPLINE_CURVE_WITH_KNOTS('',4,(#2632,#2633,#2634,#2635,#2636,
    #2637,#2638,#2639),.UNSPECIFIED.,.F.,.F.,(5,3,5),(0.,0.578655296013,
    1.),.UNSPECIFIED.);
#2632 = CARTESIAN_POINT('',(-30.9999994,7.937256276573,1.150084742553));
#2633 = CARTESIAN_POINT('',(-31.07590698626,7.640789204514,
    0.963474834361));
#2634 = CARTESIAN_POINT('',(-31.15023704494,7.334751458892,
    0.783816337854));
#2635 = CARTESIAN_POINT('',(-31.22247775516,7.019084223391,
    0.611804998986));
#2636 = CARTESIAN_POINT('',(-31.34273141318,6.456923350388,
    0.329123950913));
#2637 = CARTESIAN_POINT('',(-31.39198898872,6.214968749338,
    0.214497726961));
#2638 = CARTESIAN_POINT('',(-31.43961150751,5.967948568723,
    0.104670085509));
#2639 = CARTESIAN_POINT('',(-31.48535532592,5.715977606674,0.));
#2640 = PCURVE('',#2299,#2641);
#2641 = DEFINITIONAL_REPRESENTATION('',(#2642),#2651);
#2642 = B_SPLINE_CURVE_WITH_KNOTS('',4,(#2643,#2644,#2645,#2646,#2647,
    #2648,#2649,#2650),.UNSPECIFIED.,.F.,.F.,(5,3,5),(0.,0.578655296013,
    1.),.UNSPECIFIED.);
#2643 = CARTESIAN_POINT('',(5.721395507161,-6.E-07));
#2644 = CARTESIAN_POINT('',(5.744906138756,7.590698625958E-02));
#2645 = CARTESIAN_POINT('',(5.768711878503,0.150237044946));
#2646 = CARTESIAN_POINT('',(5.792825671585,0.222477755163));
#2647 = CARTESIAN_POINT('',(5.835056034474,0.34273141318));
#2648 = CARTESIAN_POINT('',(5.853019766435,0.391988988723));
#2649 = CARTESIAN_POINT('',(5.871157557318,0.439611507519));
#2650 = CARTESIAN_POINT('',(5.88946940049,0.485355325929));
#2651 = ( GEOMETRIC_REPRESENTATION_CONTEXT(2) 
PARAMETRIC_REPRESENTATION_CONTEXT() REPRESENTATION_CONTEXT('2D SPACE',''
  ) );
#2652 = PCURVE('',#1992,#2653);
#2653 = DEFINITIONAL_REPRESENTATION('',(#2654),#2663);
#2654 = B_SPLINE_CURVE_WITH_KNOTS('',4,(#2655,#2656,#2657,#2658,#2659,
    #2660,#2661,#2662),.UNSPECIFIED.,.F.,.F.,(5,3,5),(1.143473317682E-06
    ,0.578655296013,1.),.UNSPECIFIED.);
#2655 = CARTESIAN_POINT('',(9.174122298433,1.150083267523));
#2656 = CARTESIAN_POINT('',(9.183685735303,0.963473769298));
#2657 = CARTESIAN_POINT('',(9.193526685038,0.783815658035));
#2658 = CARTESIAN_POINT('',(9.203645266616,0.611804675748));
#2659 = CARTESIAN_POINT('',(9.221610212779,0.329123950913));
#2660 = CARTESIAN_POINT('',(9.229326012487,0.214497726961));
#2661 = CARTESIAN_POINT('',(9.23718707506,0.104670085509));
#2662 = CARTESIAN_POINT('',(9.245189873803,0.));
#2663 = ( GEOMETRIC_REPRESENTATION_CONTEXT(2) 
PARAMETRIC_REPRESENTATION_CONTEXT() REPRESENTATION_CONTEXT('2D SPACE',''
  ) );
#2664 = ORIENTED_EDGE('',*,*,#2665,.T.);
#2665 = EDGE_CURVE('',#2628,#2337,#2666,.T.);
#2666 = SURFACE_CURVE('',#2667,(#2671,#2677),.PCURVE_S1.);
#2667 = LINE('',#2668,#2669);
#2668 = CARTESIAN_POINT('',(-31.,5.715977606674,0.));
#2669 = VECTOR('',#2670,1.);
#2670 = DIRECTION('',(-1.,0.,0.));
#2671 = PCURVE('',#2299,#2672);
#2672 = DEFINITIONAL_REPRESENTATION('',(#2673),#2676);
#2673 = B_SPLINE_CURVE_WITH_KNOTS('',1,(#2674,#2675),.UNSPECIFIED.,.F.,
  .F.,(2,2),(-5.999999999062E-07,13.0000006),.PIECEWISE_BEZIER_KNOTS.);
#2674 = CARTESIAN_POINT('',(5.88946940049,-5.999999999062E-07));
#2675 = CARTESIAN_POINT('',(5.88946940049,13.0000006));
#2676 = ( GEOMETRIC_REPRESENTATION_CONTEXT(2) 
PARAMETRIC_REPRESENTATION_CONTEXT() REPRESENTATION_CONTEXT('2D SPACE',''
  ) );
#2677 = PCURVE('',#43,#2678);
#2678 = DEFINITIONAL_REPRESENTATION('',(#2679),#2683);
#2679 = LINE('',#2680,#2681);
#2680 = CARTESIAN_POINT('',(-31.,5.715977606674));
#2681 = VECTOR('',#2682,1.);
#2682 = DIRECTION('',(-1.,0.));
#2683 = ( GEOMETRIC_REPRESENTATION_CONTEXT(2) 
PARAMETRIC_REPRESENTATION_CONTEXT() REPRESENTATION_CONTEXT('2D SPACE',''
  ) );
#2684 = ADVANCED_FACE('',(#2685),#2555,.T.);
#2685 = FACE_BOUND('',#2686,.T.);
#2686 = EDGE_LOOP('',(#2687,#2712,#2733,#2734,#2755,#2756));
#2687 = ORIENTED_EDGE('',*,*,#2688,.F.);
#2688 = EDGE_CURVE('',#2689,#2691,#2693,.T.);
#2689 = VERTEX_POINT('',#2690);
#2690 = CARTESIAN_POINT('',(32.,0.,27.816223663641));
#2691 = VERTEX_POINT('',#2692);
#2692 = CARTESIAN_POINT('',(22.,0.,37.816223663641));
#2693 = SEAM_CURVE('',#2694,(#2698,#2705),.PCURVE_S1.);
#2694 = LINE('',#2695,#2696);
#2695 = CARTESIAN_POINT('',(32.,0.,27.816223663641));
#2696 = VECTOR('',#2697,1.);
#2697 = DIRECTION('',(-0.707106781187,0.,0.707106781187));
#2698 = PCURVE('',#2555,#2699);
#2699 = DEFINITIONAL_REPRESENTATION('',(#2700),#2704);
#2700 = LINE('',#2701,#2702);
#2701 = CARTESIAN_POINT('',(-0.,-0.));
#2702 = VECTOR('',#2703,1.);
#2703 = DIRECTION('',(-0.,-1.));
#2704 = ( GEOMETRIC_REPRESENTATION_CONTEXT(2) 
PARAMETRIC_REPRESENTATION_CONTEXT() REPRESENTATION_CONTEXT('2D SPACE',''
  ) );
#2705 = PCURVE('',#2555,#2706);
#2706 = DEFINITIONAL_REPRESENTATION('',(#2707),#2711);
#2707 = LINE('',#2708,#2709);
#2708 = CARTESIAN_POINT('',(-6.28318530718,-0.));
#2709 = VECTOR('',#2710,1.);
#2710 = DIRECTION('',(-0.,-1.));
#2711 = ( GEOMETRIC_REPRESENTATION_CONTEXT(2) 
PARAMETRIC_REPRESENTATION_CONTEXT() REPRESENTATION_CONTEXT('2D SPACE',''
  ) );
#2712 = ORIENTED_EDGE('',*,*,#2713,.T.);
#2713 = EDGE_CURVE('',#2689,#2482,#2714,.T.);
#2714 = SURFACE_CURVE('',#2715,(#2720,#2727),.PCURVE_S1.);
#2715 = CIRCLE('',#2716,32.);
#2716 = AXIS2_PLACEMENT_3D('',#2717,#2718,#2719);
#2717 = CARTESIAN_POINT('',(0.,0.,27.816223663641));
#2718 = DIRECTION('',(0.,0.,1.));
#2719 = DIRECTION('',(1.,0.,-0.));
#2720 = PCURVE('',#2555,#2721);
#2721 = DEFINITIONAL_REPRESENTATION('',(#2722),#2726);
#2722 = LINE('',#2723,#2724);
#2723 = CARTESIAN_POINT('',(-0.,-0.));
#2724 = VECTOR('',#2725,1.);
#2725 = DIRECTION('',(-1.,-0.));
#2726 = ( GEOMETRIC_REPRESENTATION_CONTEXT(2) 
PARAMETRIC_REPRESENTATION_CONTEXT() REPRESENTATION_CONTEXT('2D SPACE',''
  ) );
#2727 = PCURVE('',#1992,#2728);
#2728 = DEFINITIONAL_REPRESENTATION('',(#2729),#2732);
#2729 = B_SPLINE_CURVE_WITH_KNOTS('',1,(#2730,#2731),.UNSPECIFIED.,.F.,
  .F.,(2,2),(0.,2.986505078788),.PIECEWISE_BEZIER_KNOTS.);
#2730 = CARTESIAN_POINT('',(6.28318530718,27.816223663641));
#2731 = CARTESIAN_POINT('',(9.269690385968,27.816223663641));
#2732 = ( GEOMETRIC_REPRESENTATION_CONTEXT(2) 
PARAMETRIC_REPRESENTATION_CONTEXT() REPRESENTATION_CONTEXT('2D SPACE',''
  ) );
#2733 = ORIENTED_EDGE('',*,*,#2481,.F.);
#2734 = ORIENTED_EDGE('',*,*,#2735,.T.);
#2735 = EDGE_CURVE('',#2450,#2689,#2736,.T.);
#2736 = SURFACE_CURVE('',#2737,(#2742,#2749),.PCURVE_S1.);
#2737 = CIRCLE('',#2738,32.);
#2738 = AXIS2_PLACEMENT_3D('',#2739,#2740,#2741);
#2739 = CARTESIAN_POINT('',(0.,0.,27.816223663641));
#2740 = DIRECTION('',(0.,0.,1.));
#2741 = DIRECTION('',(1.,0.,-0.));
#2742 = PCURVE('',#2555,#2743);
#2743 = DEFINITIONAL_REPRESENTATION('',(#2744),#2748);
#2744 = LINE('',#2745,#2746);
#2745 = CARTESIAN_POINT('',(-0.,-0.));
#2746 = VECTOR('',#2747,1.);
#2747 = DIRECTION('',(-1.,-0.));
#2748 = ( GEOMETRIC_REPRESENTATION_CONTEXT(2) 
PARAMETRIC_REPRESENTATION_CONTEXT() REPRESENTATION_CONTEXT('2D SPACE',''
  ) );
#2749 = PCURVE('',#1992,#2750);
#2750 = DEFINITIONAL_REPRESENTATION('',(#2751),#2754);
#2751 = B_SPLINE_CURVE_WITH_KNOTS('',1,(#2752,#2753),.UNSPECIFIED.,.F.,
  .F.,(2,2),(3.296680228391,6.28318530718),.PIECEWISE_BEZIER_KNOTS.);
#2752 = CARTESIAN_POINT('',(3.296680228391,27.816223663641));
#2753 = CARTESIAN_POINT('',(6.28318530718,27.816223663641));
#2754 = ( GEOMETRIC_REPRESENTATION_CONTEXT(2) 
PARAMETRIC_REPRESENTATION_CONTEXT() REPRESENTATION_CONTEXT('2D SPACE',''
  ) );
#2755 = ORIENTED_EDGE('',*,*,#2688,.T.);
#2756 = ORIENTED_EDGE('',*,*,#2757,.F.);
#2757 = EDGE_CURVE('',#2691,#2691,#2758,.T.);
#2758 = SURFACE_CURVE('',#2759,(#2764,#2771),.PCURVE_S1.);
#2759 = CIRCLE('',#2760,22.);
#2760 = AXIS2_PLACEMENT_3D('',#2761,#2762,#2763);
#2761 = CARTESIAN_POINT('',(0.,0.,37.816223663641));
#2762 = DIRECTION('',(0.,0.,1.));
#2763 = DIRECTION('',(1.,0.,-0.));
#2764 = PCURVE('',#2555,#2765);
#2765 = DEFINITIONAL_REPRESENTATION('',(#2766),#2770);
#2766 = LINE('',#2767,#2768);
#2767 = CARTESIAN_POINT('',(-0.,-10.));
#2768 = VECTOR('',#2769,1.);
#2769 = DIRECTION('',(-1.,-0.));
#2770 = ( GEOMETRIC_REPRESENTATION_CONTEXT(2) 
PARAMETRIC_REPRESENTATION_CONTEXT() REPRESENTATION_CONTEXT('2D SPACE',''
  ) );
#2771 = PCURVE('',#2772,#2777);
#2772 = CYLINDRICAL_SURFACE('',#2773,22.);
#2773 = AXIS2_PLACEMENT_3D('',#2774,#2775,#2776);
#2774 = CARTESIAN_POINT('',(0.,0.,37.816223663641));
#2775 = DIRECTION('',(-0.,-0.,-1.));
#2776 = DIRECTION('',(1.,0.,0.));
#2777 = DEFINITIONAL_REPRESENTATION('',(#2778),#2782);
#2778 = LINE('',#2779,#2780);
#2779 = CARTESIAN_POINT('',(-0.,0.));
#2780 = VECTOR('',#2781,1.);
#2781 = DIRECTION('',(-1.,0.));
#2782 = ( GEOMETRIC_REPRESENTATION_CONTEXT(2) 
PARAMETRIC_REPRESENTATION_CONTEXT() REPRESENTATION_CONTEXT('2D SPACE',''
  ) );
#2783 = ADVANCED_FACE('',(#2784),#2772,.F.);
#2784 = FACE_BOUND('',#2785,.T.);
#2785 = EDGE_LOOP('',(#2786,#2787,#2810,#2832));
#2786 = ORIENTED_EDGE('',*,*,#2757,.T.);
#2787 = ORIENTED_EDGE('',*,*,#2788,.T.);
#2788 = EDGE_CURVE('',#2691,#2789,#2791,.T.);
#2789 = VERTEX_POINT('',#2790);
#2790 = CARTESIAN_POINT('',(22.,0.,36.6));
#2791 = SEAM_CURVE('',#2792,(#2796,#2803),.PCURVE_S1.);
#2792 = LINE('',#2793,#2794);
#2793 = CARTESIAN_POINT('',(22.,0.,37.816223663641));
#2794 = VECTOR('',#2795,1.);
#2795 = DIRECTION('',(0.,0.,-1.));
#2796 = PCURVE('',#2772,#2797);
#2797 = DEFINITIONAL_REPRESENTATION('',(#2798),#2802);
#2798 = LINE('',#2799,#2800);
#2799 = CARTESIAN_POINT('',(-0.,0.));
#2800 = VECTOR('',#2801,1.);
#2801 = DIRECTION('',(-0.,1.));
#2802 = ( GEOMETRIC_REPRESENTATION_CONTEXT(2) 
PARAMETRIC_REPRESENTATION_CONTEXT() REPRESENTATION_CONTEXT('2D SPACE',''
  ) );
#2803 = PCURVE('',#2772,#2804);
#2804 = DEFINITIONAL_REPRESENTATION('',(#2805),#2809);
#2805 = LINE('',#2806,#2807);
#2806 = CARTESIAN_POINT('',(-6.28318530718,0.));
#2807 = VECTOR('',#2808,1.);
#2808 = DIRECTION('',(-0.,1.));
#2809 = ( GEOMETRIC_REPRESENTATION_CONTEXT(2) 
PARAMETRIC_REPRESENTATION_CONTEXT() REPRESENTATION_CONTEXT('2D SPACE',''
  ) );
#2810 = ORIENTED_EDGE('',*,*,#2811,.F.);
#2811 = EDGE_CURVE('',#2789,#2789,#2812,.T.);
#2812 = SURFACE_CURVE('',#2813,(#2818,#2825),.PCURVE_S1.);
#2813 = CIRCLE('',#2814,22.);
#2814 = AXIS2_PLACEMENT_3D('',#2815,#2816,#2817);
#2815 = CARTESIAN_POINT('',(0.,0.,36.6));
#2816 = DIRECTION('',(0.,0.,1.));
#2817 = DIRECTION('',(1.,0.,-0.));
#2818 = PCURVE('',#2772,#2819);
#2819 = DEFINITIONAL_REPRESENTATION('',(#2820),#2824);
#2820 = LINE('',#2821,#2822);
#2821 = CARTESIAN_POINT('',(-0.,1.216223663641));
#2822 = VECTOR('',#2823,1.);
#2823 = DIRECTION('',(-1.,0.));
#2824 = ( GEOMETRIC_REPRESENTATION_CONTEXT(2) 
PARAMETRIC_REPRESENTATION_CONTEXT() REPRESENTATION_CONTEXT('2D SPACE',''
  ) );
#2825 = PCURVE('',#1212,#2826);
#2826 = DEFINITIONAL_REPRESENTATION('',(#2827),#2831);
#2827 = LINE('',#2828,#2829);
#2828 = CARTESIAN_POINT('',(-0.,0.));
#2829 = VECTOR('',#2830,1.);
#2830 = DIRECTION('',(-1.,0.));
#2831 = ( GEOMETRIC_REPRESENTATION_CONTEXT(2) 
PARAMETRIC_REPRESENTATION_CONTEXT() REPRESENTATION_CONTEXT('2D SPACE',''
  ) );
#2832 = ORIENTED_EDGE('',*,*,#2788,.F.);
#2833 = ADVANCED_FACE('',(#2834,#2857),#2353,.T.);
#2834 = FACE_BOUND('',#2835,.T.);
#2835 = EDGE_LOOP('',(#2836,#2856));
#2836 = ORIENTED_EDGE('',*,*,#2837,.F.);
#2837 = EDGE_CURVE('',#2335,#2337,#2838,.T.);
#2838 = SURFACE_CURVE('',#2839,(#2843,#2849),.PCURVE_S1.);
#2839 = LINE('',#2840,#2841);
#2840 = CARTESIAN_POINT('',(-44.,-50.,0.));
#2841 = VECTOR('',#2842,1.);
#2842 = DIRECTION('',(0.,1.,-0.));
#2843 = PCURVE('',#2353,#2844);
#2844 = DEFINITIONAL_REPRESENTATION('',(#2845),#2848);
#2845 = B_SPLINE_CURVE_WITH_KNOTS('',1,(#2846,#2847),.UNSPECIFIED.,.F.,
  .F.,(2,2),(35.1,64.9),.PIECEWISE_BEZIER_KNOTS.);
#2846 = CARTESIAN_POINT('',(13.76,14.9));
#2847 = CARTESIAN_POINT('',(13.76,-14.9));
#2848 = ( GEOMETRIC_REPRESENTATION_CONTEXT(2) 
PARAMETRIC_REPRESENTATION_CONTEXT() REPRESENTATION_CONTEXT('2D SPACE',''
  ) );
#2849 = PCURVE('',#43,#2850);
#2850 = DEFINITIONAL_REPRESENTATION('',(#2851),#2855);
#2851 = LINE('',#2852,#2853);
#2852 = CARTESIAN_POINT('',(-44.,-50.));
#2853 = VECTOR('',#2854,1.);
#2854 = DIRECTION('',(0.,1.));
#2855 = ( GEOMETRIC_REPRESENTATION_CONTEXT(2) 
PARAMETRIC_REPRESENTATION_CONTEXT() REPRESENTATION_CONTEXT('2D SPACE',''
  ) );
#2856 = ORIENTED_EDGE('',*,*,#2334,.T.);
#2857 = FACE_BOUND('',#2858,.T.);
#2858 = EDGE_LOOP('',(#2859));
#2859 = ORIENTED_EDGE('',*,*,#2860,.T.);
#2860 = EDGE_CURVE('',#2861,#2861,#2863,.T.);
#2861 = VERTEX_POINT('',#2862);
#2862 = CARTESIAN_POINT('',(-44.,3.086109933851E-15,26.36));
#2863 = SURFACE_CURVE('',#2864,(#2869,#2880),.PCURVE_S1.);
#2864 = CIRCLE('',#2865,12.6);
#2865 = AXIS2_PLACEMENT_3D('',#2866,#2867,#2868);
#2866 = CARTESIAN_POINT('',(-44.,0.,13.76));
#2867 = DIRECTION('',(1.,0.,0.));
#2868 = DIRECTION('',(-0.,0.,1.));
#2869 = PCURVE('',#2353,#2870);
#2870 = DEFINITIONAL_REPRESENTATION('',(#2871),#2879);
#2871 = ( BOUNDED_CURVE() B_SPLINE_CURVE(2,(#2872,#2873,#2874,#2875,
#2876,#2877,#2878),.UNSPECIFIED.,.T.,.F.) B_SPLINE_CURVE_WITH_KNOTS((1,2
    ,2,2,2,1),(-2.094395102393,0.,2.094395102393,4.188790204786,
6.28318530718,8.377580409573),.UNSPECIFIED.) CURVE() 
GEOMETRIC_REPRESENTATION_ITEM() RATIONAL_B_SPLINE_CURVE((1.,0.5,1.,0.5,
1.,0.5,1.)) REPRESENTATION_ITEM('') );
#2872 = CARTESIAN_POINT('',(-12.6,0.));
#2873 = CARTESIAN_POINT('',(-12.6,21.823840175368));
#2874 = CARTESIAN_POINT('',(6.3,10.911920087684));
#2875 = CARTESIAN_POINT('',(25.2,3.086109933851E-15));
#2876 = CARTESIAN_POINT('',(6.3,-10.91192008768));
#2877 = CARTESIAN_POINT('',(-12.6,-21.82384017536));
#2878 = CARTESIAN_POINT('',(-12.6,0.));
#2879 = ( GEOMETRIC_REPRESENTATION_CONTEXT(2) 
PARAMETRIC_REPRESENTATION_CONTEXT() REPRESENTATION_CONTEXT('2D SPACE',''
  ) );
#2880 = PCURVE('',#2881,#2886);
#2881 = CYLINDRICAL_SURFACE('',#2882,12.6);
#2882 = AXIS2_PLACEMENT_3D('',#2883,#2884,#2885);
#2883 = CARTESIAN_POINT('',(-44.01,0.,13.76));
#2884 = DIRECTION('',(1.,0.,0.));
#2885 = DIRECTION('',(-0.,0.,1.));
#2886 = DEFINITIONAL_REPRESENTATION('',(#2887),#2891);
#2887 = LINE('',#2888,#2889);
#2888 = CARTESIAN_POINT('',(0.,9.999999999998E-03));
#2889 = VECTOR('',#2890,1.);
#2890 = DIRECTION('',(1.,0.));
#2891 = ( GEOMETRIC_REPRESENTATION_CONTEXT(2) 
PARAMETRIC_REPRESENTATION_CONTEXT() REPRESENTATION_CONTEXT('2D SPACE',''
  ) );
#2892 = ADVANCED_FACE('',(#2893),#2881,.F.);
#2893 = FACE_BOUND('',#2894,.F.);
#2894 = EDGE_LOOP('',(#2895,#2918,#2945,#2946));
#2895 = ORIENTED_EDGE('',*,*,#2896,.T.);
#2896 = EDGE_CURVE('',#2861,#2897,#2899,.T.);
#2897 = VERTEX_POINT('',#2898);
#2898 = CARTESIAN_POINT('',(-35.01,3.086109933851E-15,26.36));
#2899 = SEAM_CURVE('',#2900,(#2904,#2911),.PCURVE_S1.);
#2900 = LINE('',#2901,#2902);
#2901 = CARTESIAN_POINT('',(-44.01,3.086109933851E-15,26.36));
#2902 = VECTOR('',#2903,1.);
#2903 = DIRECTION('',(1.,0.,0.));
#2904 = PCURVE('',#2881,#2905);
#2905 = DEFINITIONAL_REPRESENTATION('',(#2906),#2910);
#2906 = LINE('',#2907,#2908);
#2907 = CARTESIAN_POINT('',(6.28318530718,-0.));
#2908 = VECTOR('',#2909,1.);
#2909 = DIRECTION('',(0.,1.));
#2910 = ( GEOMETRIC_REPRESENTATION_CONTEXT(2) 
PARAMETRIC_REPRESENTATION_CONTEXT() REPRESENTATION_CONTEXT('2D SPACE',''
  ) );
#2911 = PCURVE('',#2881,#2912);
#2912 = DEFINITIONAL_REPRESENTATION('',(#2913),#2917);
#2913 = LINE('',#2914,#2915);
#2914 = CARTESIAN_POINT('',(0.,-0.));
#2915 = VECTOR('',#2916,1.);
#2916 = DIRECTION('',(0.,1.));
#2917 = ( GEOMETRIC_REPRESENTATION_CONTEXT(2) 
PARAMETRIC_REPRESENTATION_CONTEXT() REPRESENTATION_CONTEXT('2D SPACE',''
  ) );
#2918 = ORIENTED_EDGE('',*,*,#2919,.F.);
#2919 = EDGE_CURVE('',#2897,#2897,#2920,.T.);
#2920 = SURFACE_CURVE('',#2921,(#2926,#2933),.PCURVE_S1.);
#2921 = CIRCLE('',#2922,12.6);
#2922 = AXIS2_PLACEMENT_3D('',#2923,#2924,#2925);
#2923 = CARTESIAN_POINT('',(-35.01,0.,13.76));
#2924 = DIRECTION('',(1.,0.,0.));
#2925 = DIRECTION('',(-0.,0.,1.));
#2926 = PCURVE('',#2881,#2927);
#2927 = DEFINITIONAL_REPRESENTATION('',(#2928),#2932);
#2928 = LINE('',#2929,#2930);
#2929 = CARTESIAN_POINT('',(0.,9.));
#2930 = VECTOR('',#2931,1.);
#2931 = DIRECTION('',(1.,0.));
#2932 = ( GEOMETRIC_REPRESENTATION_CONTEXT(2) 
PARAMETRIC_REPRESENTATION_CONTEXT() REPRESENTATION_CONTEXT('2D SPACE',''
  ) );
#2933 = PCURVE('',#2934,#2939);
#2934 = PLANE('',#2935);
#2935 = AXIS2_PLACEMENT_3D('',#2936,#2937,#2938);
#2936 = CARTESIAN_POINT('',(-35.01,0.,13.76));
#2937 = DIRECTION('',(1.,0.,0.));
#2938 = DIRECTION('',(-0.,0.,1.));
#2939 = DEFINITIONAL_REPRESENTATION('',(#2940),#2944);
#2940 = CIRCLE('',#2941,12.6);
#2941 = AXIS2_PLACEMENT_2D('',#2942,#2943);
#2942 = CARTESIAN_POINT('',(0.,0.));
#2943 = DIRECTION('',(1.,0.));
#2944 = ( GEOMETRIC_REPRESENTATION_CONTEXT(2) 
PARAMETRIC_REPRESENTATION_CONTEXT() REPRESENTATION_CONTEXT('2D SPACE',''
  ) );
#2945 = ORIENTED_EDGE('',*,*,#2896,.F.);
#2946 = ORIENTED_EDGE('',*,*,#2860,.T.);
#2947 = ADVANCED_FACE('',(#2948),#2934,.F.);
#2948 = FACE_BOUND('',#2949,.F.);
#2949 = EDGE_LOOP('',(#2950));
#2950 = ORIENTED_EDGE('',*,*,#2919,.T.);
#2951 = ADVANCED_FACE('',(#2952),#1992,.T.);
#2952 = FACE_BOUND('',#2953,.T.);
#2953 = EDGE_LOOP('',(#2954,#2955,#2956,#2957,#2976,#2977,#2996,#2997,
    #3023,#3024,#3025,#3026,#3027));
#2954 = ORIENTED_EDGE('',*,*,#2713,.F.);
#2955 = ORIENTED_EDGE('',*,*,#2735,.F.);
#2956 = ORIENTED_EDGE('',*,*,#2449,.F.);
#2957 = ORIENTED_EDGE('',*,*,#2958,.F.);
#2958 = EDGE_CURVE('',#1836,#2426,#2959,.T.);
#2959 = SURFACE_CURVE('',#2960,(#2964,#2970),.PCURVE_S1.);
#2960 = LINE('',#2961,#2962);
#2961 = CARTESIAN_POINT('',(-31.,-7.937253933194,0.));
#2962 = VECTOR('',#2963,1.);
#2963 = DIRECTION('',(0.,0.,1.));
#2964 = PCURVE('',#1992,#2965);
#2965 = DEFINITIONAL_REPRESENTATION('',(#2966),#2969);
#2966 = B_SPLINE_CURVE_WITH_KNOTS('',1,(#2967,#2968),.UNSPECIFIED.,.F.,
  .F.,(2,2),(20.633863542434,26.369916732477),.PIECEWISE_BEZIER_KNOTS.);
#2967 = CARTESIAN_POINT('',(3.392248315926,20.633863542434));
#2968 = CARTESIAN_POINT('',(3.392248315926,26.369916732477));
#2969 = ( GEOMETRIC_REPRESENTATION_CONTEXT(2) 
PARAMETRIC_REPRESENTATION_CONTEXT() REPRESENTATION_CONTEXT('2D SPACE',''
  ) );
#2970 = PCURVE('',#1854,#2971);
#2971 = DEFINITIONAL_REPRESENTATION('',(#2972),#2975);
#2972 = B_SPLINE_CURVE_WITH_KNOTS('',1,(#2973,#2974),.UNSPECIFIED.,.F.,
  .F.,(2,2),(-6.E-07,27.816224263641),.PIECEWISE_BEZIER_KNOTS.);
#2973 = CARTESIAN_POINT('',(13.7600006,7.937253933194));
#2974 = CARTESIAN_POINT('',(-14.05622426364,7.937253933194));
#2975 = ( GEOMETRIC_REPRESENTATION_CONTEXT(2) 
PARAMETRIC_REPRESENTATION_CONTEXT() REPRESENTATION_CONTEXT('2D SPACE',''
  ) );
#2976 = ORIENTED_EDGE('',*,*,#1870,.T.);
#2977 = ORIENTED_EDGE('',*,*,#2978,.F.);
#2978 = EDGE_CURVE('',#2388,#1838,#2979,.T.);
#2979 = SURFACE_CURVE('',#2980,(#2984,#2990),.PCURVE_S1.);
#2980 = LINE('',#2981,#2982);
#2981 = CARTESIAN_POINT('',(-31.,-7.937253933194,0.));
#2982 = VECTOR('',#2983,1.);
#2983 = DIRECTION('',(0.,0.,1.));
#2984 = PCURVE('',#1992,#2985);
#2985 = DEFINITIONAL_REPRESENTATION('',(#2986),#2989);
#2986 = B_SPLINE_CURVE_WITH_KNOTS('',1,(#2987,#2988),.UNSPECIFIED.,.F.,
  .F.,(2,2),(1.150083267523,6.886136457566),.PIECEWISE_BEZIER_KNOTS.);
#2987 = CARTESIAN_POINT('',(3.392248315926,1.150083267523));
#2988 = CARTESIAN_POINT('',(3.392248315926,6.886136457566));
#2989 = ( GEOMETRIC_REPRESENTATION_CONTEXT(2) 
PARAMETRIC_REPRESENTATION_CONTEXT() REPRESENTATION_CONTEXT('2D SPACE',''
  ) );
#2990 = PCURVE('',#1854,#2991);
#2991 = DEFINITIONAL_REPRESENTATION('',(#2992),#2995);
#2992 = B_SPLINE_CURVE_WITH_KNOTS('',1,(#2993,#2994),.UNSPECIFIED.,.F.,
  .F.,(2,2),(-6.E-07,27.816224263641),.PIECEWISE_BEZIER_KNOTS.);
#2993 = CARTESIAN_POINT('',(13.7600006,7.937253933194));
#2994 = CARTESIAN_POINT('',(-14.05622426364,7.937253933194));
#2995 = ( GEOMETRIC_REPRESENTATION_CONTEXT(2) 
PARAMETRIC_REPRESENTATION_CONTEXT() REPRESENTATION_CONTEXT('2D SPACE',''
  ) );
#2996 = ORIENTED_EDGE('',*,*,#2387,.F.);
#2997 = ORIENTED_EDGE('',*,*,#2998,.F.);
#2998 = EDGE_CURVE('',#2628,#2366,#2999,.T.);
#2999 = SURFACE_CURVE('',#3000,(#3005,#3012),.PCURVE_S1.);
#3000 = CIRCLE('',#3001,32.);
#3001 = AXIS2_PLACEMENT_3D('',#3002,#3003,#3004);
#3002 = CARTESIAN_POINT('',(0.,0.,0.));
#3003 = DIRECTION('',(0.,0.,-1.));
#3004 = DIRECTION('',(-0.983917353935,0.178624300209,0.));
#3005 = PCURVE('',#1992,#3006);
#3006 = DEFINITIONAL_REPRESENTATION('',(#3007),#3011);
#3007 = LINE('',#3008,#3009);
#3008 = CARTESIAN_POINT('',(9.245189873803,0.));
#3009 = VECTOR('',#3010,1.);
#3010 = DIRECTION('',(-1.,-0.));
#3011 = ( GEOMETRIC_REPRESENTATION_CONTEXT(2) 
PARAMETRIC_REPRESENTATION_CONTEXT() REPRESENTATION_CONTEXT('2D SPACE',''
  ) );
#3012 = PCURVE('',#43,#3013);
#3013 = DEFINITIONAL_REPRESENTATION('',(#3014),#3022);
#3014 = ( BOUNDED_CURVE() B_SPLINE_CURVE(2,(#3015,#3016,#3017,#3018,
#3019,#3020,#3021),.UNSPECIFIED.,.T.,.F.) B_SPLINE_CURVE_WITH_KNOTS((1,2
    ,2,2,2,1),(-2.094395102393,0.,2.094395102393,4.188790204786,
6.28318530718,8.377580409573),.UNSPECIFIED.) CURVE() 
GEOMETRIC_REPRESENTATION_ITEM() RATIONAL_B_SPLINE_CURVE((1.,0.5,1.,0.5,
1.,0.5,1.)) REPRESENTATION_ITEM('') );
#3015 = CARTESIAN_POINT('',(-31.48535532592,5.715977606673));
#3016 = CARTESIAN_POINT('',(-21.58499169624,60.250212725541));
#3017 = CARTESIAN_POINT('',(20.692859477806,24.409128756098));
#3018 = CARTESIAN_POINT('',(62.970710651858,-11.43195521334));
#3019 = CARTESIAN_POINT('',(10.792495848123,-30.12510636277));
#3020 = CARTESIAN_POINT('',(-41.38571895561,-48.81825751219));
#3021 = CARTESIAN_POINT('',(-31.48535532592,5.715977606673));
#3022 = ( GEOMETRIC_REPRESENTATION_CONTEXT(2) 
PARAMETRIC_REPRESENTATION_CONTEXT() REPRESENTATION_CONTEXT('2D SPACE',''
  ) );
#3023 = ORIENTED_EDGE('',*,*,#2627,.F.);
#3024 = ORIENTED_EDGE('',*,*,#2311,.T.);
#3025 = ORIENTED_EDGE('',*,*,#2085,.T.);
#3026 = ORIENTED_EDGE('',*,*,#2261,.T.);
#3027 = ORIENTED_EDGE('',*,*,#2596,.F.);
#3028 = ADVANCED_FACE('',(#3029),#1854,.F.);
#3029 = FACE_BOUND('',#3030,.F.);
#3030 = EDGE_LOOP('',(#3031,#3032,#3033,#3034));
#3031 = ORIENTED_EDGE('',*,*,#2978,.F.);
#3032 = ORIENTED_EDGE('',*,*,#2425,.T.);
#3033 = ORIENTED_EDGE('',*,*,#2958,.F.);
#3034 = ORIENTED_EDGE('',*,*,#1835,.T.);
#3035 = ADVANCED_FACE('',(#3036),#1567,.T.);
#3036 = FACE_BOUND('',#3037,.F.);
#3037 = EDGE_LOOP('',(#3038));
#3038 = ORIENTED_EDGE('',*,*,#1552,.F.);
#3039 = ADVANCED_FACE('',(#3040),#1239,.F.);
#3040 = FACE_BOUND('',#3041,.F.);
#3041 = EDGE_LOOP('',(#3042,#3069,#3070,#3071,#3072));
#3042 = ORIENTED_EDGE('',*,*,#3043,.F.);
#3043 = EDGE_CURVE('',#1196,#3044,#3046,.T.);
#3044 = VERTEX_POINT('',#3045);
#3045 = CARTESIAN_POINT('',(-31.,-2.949508433621,27.46));
#3046 = SURFACE_CURVE('',#3047,(#3052,#3059),.PCURVE_S1.);
#3047 = HYPERBOLA('',#3048,31.,31.);
#3048 = AXIS2_PLACEMENT_3D('',#3049,#3050,#3051);
#3049 = CARTESIAN_POINT('',(-31.,0.,58.6));
#3050 = DIRECTION('',(-1.,0.,0.));
#3051 = DIRECTION('',(-0.,0.,-1.));
#3052 = PCURVE('',#1239,#3053);
#3053 = DEFINITIONAL_REPRESENTATION('',(#3054),#3058);
#3054 = ( BOUNDED_CURVE() B_SPLINE_CURVE(2,(#3055,#3056,#3057),
.UNSPECIFIED.,.F.,.F.) B_SPLINE_CURVE_WITH_KNOTS((3,3),(
    -9.500246189572E-02,9.500246189572E-02),.PIECEWISE_BEZIER_KNOTS.) 
CURVE() GEOMETRIC_REPRESENTATION_ITEM() RATIONAL_B_SPLINE_CURVE((1.,
1.004516129032,1.)) REPRESENTATION_ITEM('') );
#3055 = CARTESIAN_POINT('',(-13.7,-2.949508433621));
#3056 = CARTESIAN_POINT('',(-13.97937058445,0.));
#3057 = CARTESIAN_POINT('',(-13.7,2.949508433621));
#3058 = ( GEOMETRIC_REPRESENTATION_CONTEXT(2) 
PARAMETRIC_REPRESENTATION_CONTEXT() REPRESENTATION_CONTEXT('2D SPACE',''
  ) );
#3059 = PCURVE('',#1212,#3060);
#3060 = DEFINITIONAL_REPRESENTATION('',(#3061),#3068);
#3061 = B_SPLINE_CURVE_WITH_KNOTS('',5,(#3062,#3063,#3064,#3065,#3066,
    #3067),.UNSPECIFIED.,.F.,.F.,(6,6),(-9.500246189572E-02,
    9.500246189572E-02),.PIECEWISE_BEZIER_KNOTS.);
#3062 = CARTESIAN_POINT('',(-3.046732777029,9.14));
#3063 = CARTESIAN_POINT('',(-3.084562915999,9.02791577497));
#3064 = CARTESIAN_POINT('',(-3.122563259641,8.972042118816));
#3065 = CARTESIAN_POINT('',(-3.160622047539,8.972042118816));
#3066 = CARTESIAN_POINT('',(-3.198622391181,9.02791577497));
#3067 = CARTESIAN_POINT('',(-3.23645253015,9.14));
#3068 = ( GEOMETRIC_REPRESENTATION_CONTEXT(2) 
PARAMETRIC_REPRESENTATION_CONTEXT() REPRESENTATION_CONTEXT('2D SPACE',''
  ) );
#3069 = ORIENTED_EDGE('',*,*,#1224,.T.);
#3070 = ORIENTED_EDGE('',*,*,#1580,.T.);
#3071 = ORIENTED_EDGE('',*,*,#1499,.T.);
#3072 = ORIENTED_EDGE('',*,*,#3073,.F.);
#3073 = EDGE_CURVE('',#3044,#1502,#3074,.T.);
#3074 = SURFACE_CURVE('',#3075,(#3079,#3085),.PCURVE_S1.);
#3075 = LINE('',#3076,#3077);
#3076 = CARTESIAN_POINT('',(-31.,-2.949508433621,27.46));
#3077 = VECTOR('',#3078,1.);
#3078 = DIRECTION('',(-0.,-0.,-1.));
#3079 = PCURVE('',#1239,#3080);
#3080 = DEFINITIONAL_REPRESENTATION('',(#3081),#3084);
#3081 = B_SPLINE_CURVE_WITH_KNOTS('',1,(#3082,#3083),.UNSPECIFIED.,.F.,
  .F.,(2,2),(-5.999999999062E-07,26.6000006),.PIECEWISE_BEZIER_KNOTS.);
#3082 = CARTESIAN_POINT('',(-13.7000006,2.949508433621));
#3083 = CARTESIAN_POINT('',(12.9000006,2.949508433621));
#3084 = ( GEOMETRIC_REPRESENTATION_CONTEXT(2) 
PARAMETRIC_REPRESENTATION_CONTEXT() REPRESENTATION_CONTEXT('2D SPACE',''
  ) );
#3085 = PCURVE('',#1122,#3086);
#3086 = DEFINITIONAL_REPRESENTATION('',(#3087),#3090);
#3087 = B_SPLINE_CURVE_WITH_KNOTS('',1,(#3088,#3089),.UNSPECIFIED.,.F.,
  .F.,(2,2),(-5.999999999062E-07,26.6000006),.PIECEWISE_BEZIER_KNOTS.);
#3088 = CARTESIAN_POINT('',(-3.23645253015,-5.999999999062E-07));
#3089 = CARTESIAN_POINT('',(-3.23645253015,26.6000006));
#3090 = ( GEOMETRIC_REPRESENTATION_CONTEXT(2) 
PARAMETRIC_REPRESENTATION_CONTEXT() REPRESENTATION_CONTEXT('2D SPACE',''
  ) );
#3091 = ADVANCED_FACE('',(#3092),#1212,.F.);
#3092 = FACE_BOUND('',#3093,.T.);
#3093 = EDGE_LOOP('',(#3094,#3115,#3116,#3117,#3139,#3140));
#3094 = ORIENTED_EDGE('',*,*,#3095,.F.);
#3095 = EDGE_CURVE('',#2789,#1194,#3096,.T.);
#3096 = SEAM_CURVE('',#3097,(#3101,#3108),.PCURVE_S1.);
#3097 = LINE('',#3098,#3099);
#3098 = CARTESIAN_POINT('',(22.,0.,36.6));
#3099 = VECTOR('',#3100,1.);
#3100 = DIRECTION('',(0.707106781187,0.,-0.707106781187));
#3101 = PCURVE('',#1212,#3102);
#3102 = DEFINITIONAL_REPRESENTATION('',(#3103),#3107);
#3103 = LINE('',#3104,#3105);
#3104 = CARTESIAN_POINT('',(-0.,0.));
#3105 = VECTOR('',#3106,1.);
#3106 = DIRECTION('',(-0.,1.));
#3107 = ( GEOMETRIC_REPRESENTATION_CONTEXT(2) 
PARAMETRIC_REPRESENTATION_CONTEXT() REPRESENTATION_CONTEXT('2D SPACE',''
  ) );
#3108 = PCURVE('',#1212,#3109);
#3109 = DEFINITIONAL_REPRESENTATION('',(#3110),#3114);
#3110 = LINE('',#3111,#3112);
#3111 = CARTESIAN_POINT('',(-6.28318530718,0.));
#3112 = VECTOR('',#3113,1.);
#3113 = DIRECTION('',(-0.,1.));
#3114 = ( GEOMETRIC_REPRESENTATION_CONTEXT(2) 
PARAMETRIC_REPRESENTATION_CONTEXT() REPRESENTATION_CONTEXT('2D SPACE',''
  ) );
#3115 = ORIENTED_EDGE('',*,*,#2811,.T.);
#3116 = ORIENTED_EDGE('',*,*,#3095,.T.);
#3117 = ORIENTED_EDGE('',*,*,#3118,.F.);
#3118 = EDGE_CURVE('',#3044,#1194,#3119,.T.);
#3119 = SURFACE_CURVE('',#3120,(#3125,#3132),.PCURVE_S1.);
#3120 = CIRCLE('',#3121,31.14);
#3121 = AXIS2_PLACEMENT_3D('',#3122,#3123,#3124);
#3122 = CARTESIAN_POINT('',(0.,0.,27.46));
#3123 = DIRECTION('',(0.,0.,1.));
#3124 = DIRECTION('',(1.,0.,-0.));
#3125 = PCURVE('',#1212,#3126);
#3126 = DEFINITIONAL_REPRESENTATION('',(#3127),#3131);
#3127 = LINE('',#3128,#3129);
#3128 = CARTESIAN_POINT('',(-0.,9.14));
#3129 = VECTOR('',#3130,1.);
#3130 = DIRECTION('',(-1.,0.));
#3131 = ( GEOMETRIC_REPRESENTATION_CONTEXT(2) 
PARAMETRIC_REPRESENTATION_CONTEXT() REPRESENTATION_CONTEXT('2D SPACE',''
  ) );
#3132 = PCURVE('',#1122,#3133);
#3133 = DEFINITIONAL_REPRESENTATION('',(#3134),#3138);
#3134 = LINE('',#3135,#3136);
#3135 = CARTESIAN_POINT('',(-0.,0.));
#3136 = VECTOR('',#3137,1.);
#3137 = DIRECTION('',(-1.,0.));
#3138 = ( GEOMETRIC_REPRESENTATION_CONTEXT(2) 
PARAMETRIC_REPRESENTATION_CONTEXT() REPRESENTATION_CONTEXT('2D SPACE',''
  ) );
#3139 = ORIENTED_EDGE('',*,*,#3043,.F.);
#3140 = ORIENTED_EDGE('',*,*,#1193,.F.);
#3141 = ADVANCED_FACE('',(#3142),#1176,.F.);
#3142 = FACE_BOUND('',#3143,.F.);
#3143 = EDGE_LOOP('',(#3144,#3145,#3146,#3147));
#3144 = ORIENTED_EDGE('',*,*,#1607,.T.);
#3145 = ORIENTED_EDGE('',*,*,#1455,.T.);
#3146 = ORIENTED_EDGE('',*,*,#1163,.T.);
#3147 = ORIENTED_EDGE('',*,*,#3148,.F.);
#3148 = EDGE_CURVE('',#1608,#1104,#3149,.T.);
#3149 = SURFACE_CURVE('',#3150,(#3154,#3160),.PCURVE_S1.);
#3150 = LINE('',#3151,#3152);
#3151 = CARTESIAN_POINT('',(-31.,-2.949508433621,27.46));
#3152 = VECTOR('',#3153,1.);
#3153 = DIRECTION('',(-0.,-0.,-1.));
#3154 = PCURVE('',#1176,#3155);
#3155 = DEFINITIONAL_REPRESENTATION('',(#3156),#3159);
#3156 = B_SPLINE_CURVE_WITH_KNOTS('',1,(#3157,#3158),.UNSPECIFIED.,.F.,
  .F.,(2,2),(-5.999999999062E-07,26.6000006),.PIECEWISE_BEZIER_KNOTS.);
#3157 = CARTESIAN_POINT('',(-13.7000006,2.949508433621));
#3158 = CARTESIAN_POINT('',(12.9000006,2.949508433621));
#3159 = ( GEOMETRIC_REPRESENTATION_CONTEXT(2) 
PARAMETRIC_REPRESENTATION_CONTEXT() REPRESENTATION_CONTEXT('2D SPACE',''
  ) );
#3160 = PCURVE('',#1122,#3161);
#3161 = DEFINITIONAL_REPRESENTATION('',(#3162),#3165);
#3162 = B_SPLINE_CURVE_WITH_KNOTS('',1,(#3163,#3164),.UNSPECIFIED.,.F.,
  .F.,(2,2),(-5.999999999062E-07,26.6000006),.PIECEWISE_BEZIER_KNOTS.);
#3163 = CARTESIAN_POINT('',(-3.23645253015,-5.999999999062E-07));
#3164 = CARTESIAN_POINT('',(-3.23645253015,26.6000006));
#3165 = ( GEOMETRIC_REPRESENTATION_CONTEXT(2) 
PARAMETRIC_REPRESENTATION_CONTEXT() REPRESENTATION_CONTEXT('2D SPACE',''
  ) );
#3166 = ADVANCED_FACE('',(#3167),#1122,.F.);
#3167 = FACE_BOUND('',#3168,.T.);
#3168 = EDGE_LOOP('',(#3169,#3170,#3171,#3172,#3173,#3174));
#3169 = ORIENTED_EDGE('',*,*,#3073,.F.);
#3170 = ORIENTED_EDGE('',*,*,#3118,.T.);
#3171 = ORIENTED_EDGE('',*,*,#1475,.T.);
#3172 = ORIENTED_EDGE('',*,*,#1103,.F.);
#3173 = ORIENTED_EDGE('',*,*,#3148,.F.);
#3174 = ORIENTED_EDGE('',*,*,#1635,.F.);
#3175 = ADVANCED_FACE('',(#3176,#3179),#43,.F.);
#3176 = FACE_BOUND('',#3177,.F.);
#3177 = EDGE_LOOP('',(#3178));
#3178 = ORIENTED_EDGE('',*,*,#21,.F.);
#3179 = FACE_BOUND('',#3180,.F.);
#3180 = EDGE_LOOP('',(#3181,#3182,#3183,#3184));
#3181 = ORIENTED_EDGE('',*,*,#2998,.F.);
#3182 = ORIENTED_EDGE('',*,*,#2665,.T.);
#3183 = ORIENTED_EDGE('',*,*,#2837,.F.);
#3184 = ORIENTED_EDGE('',*,*,#2365,.F.);
#3185 = ( GEOMETRIC_REPRESENTATION_CONTEXT(3) 
GLOBAL_UNCERTAINTY_ASSIGNED_CONTEXT((#3189)) 
GLOBAL_UNIT_ASSIGNED_CONTEXT((#3186,#3187,#3188)) REPRESENTATION_CONTEXT
('Context #1','3D Context with UNIT and UNCERTAINTY') );
#3186 = ( LENGTH_UNIT() NAMED_UNIT(*) SI_UNIT(.MILLI.,.METRE.) );
#3187 = ( NAMED_UNIT(*) PLANE_ANGLE_UNIT() SI_UNIT($,.RADIAN.) );
#3188 = ( NAMED_UNIT(*) SI_UNIT($,.STERADIAN.) SOLID_ANGLE_UNIT() );
#3189 = UNCERTAINTY_MEASURE_WITH_UNIT(LENGTH_MEASURE(1.E-07),#3186,
  'distance_accuracy_value','confusion accuracy');
#3190 = PRODUCT_RELATED_PRODUCT_CATEGORY('part',$,(#7));
ENDSEC;
END-ISO-10303-21;
