DBRep_DrawableShape

CASCADE Topology V3, (c) Open Cascade
Locations 644
1
              1               0               0               0 
              0               1               0               0 
              0               0               1               0 
1
0.923879532511287 0.38268343236509               0               0 
-0.38268343236509 0.923879532511287               0               0 
              0               0               1             -12 
1
              1               0               0               0 
              0               1               0               0 
              0               0               1               0 
1
-0.592752310333733 0.659739608440829 0.461939766255693 361.787057715562 
0.659739608440829 0.726726906549294 -0.191341716182425 -149.857105996734 
-0.461939766255693 0.191341716182425 -0.866025403784439 80.9276951545867 
2  1 1 2 1 3 -1 4 1 0
1
              1               0               0               0 
              0               1               0               0 
              0               0               1               0 
1
0.923879532511287 0.38268343236509               0               0 
-0.38268343236509 0.923879532511287               0               0 
              0               0               1             -12 
1
              1               0               0               0 
              0               1               0               0 
              0               0               1               0 
2  6 1 7 -1 8 -1 0
1
-0.592752310333733 0.659739608440829 0.461939766255693 361.787057715562 
0.659739608440829 0.726726906549294 -0.191341716182425 -149.857105996734 
-0.461939766255693 0.191341716182425 -0.866025403784439 80.9276951545867 
2  10 -1 6 1 7 -1 8 -1 0
1
              1               0               0               0 
              0               1               0               0 
              0               0               1               0 
1
0.923879532511287 0.38268343236509               0               0 
-0.38268343236509 0.923879532511287               0               0 
              0               0               1             -12 
2  12 1 13 -1 8 -1 0
1
-0.592752310333733 0.659739608440829 0.461939766255693 361.787057715562 
0.659739608440829 0.726726906549294 -0.191341716182425 -149.857105996734 
-0.461939766255693 0.191341716182425 -0.866025403784439 80.9276951545867 
2  15 -1 12 1 13 -1 8 -1 0
1
              1               0               0               0 
              0               1               0               0 
              0               0               1               0 
1
0.923879532511287 0.38268343236509               0               0 
-0.38268343236509 0.923879532511287               0               0 
              0               0               1             -12 
2  17 1 18 -1 8 -1 0
1
-0.592752310333733 0.659739608440829 0.461939766255693 361.787057715562 
0.659739608440829 0.726726906549294 -0.191341716182425 -149.857105996734 
-0.461939766255693 0.191341716182425 -0.866025403784439 80.9276951545867 
2  20 -1 17 1 18 -1 8 -1 0
1
              1               0               0               0 
              0               1               0               0 
              0               0               1               0 
1
0.923879532511287 0.38268343236509               0               0 
-0.38268343236509 0.923879532511287               0               0 
              0               0               1             -12 
2  22 1 23 -1 8 -1 0
1
-0.592752310333733 0.659739608440829 0.461939766255693 361.787057715562 
0.659739608440829 0.726726906549294 -0.191341716182425 -149.857105996734 
-0.461939766255693 0.191341716182425 -0.866025403784439 80.9276951545867 
2  25 -1 22 1 23 -1 8 -1 0
1
              1               0               0               0 
              0               1               0               0 
              0               0               1               0 
1
0.923879532511287 0.38268343236509               0               0 
-0.38268343236509 0.923879532511287               0               0 
              0               0               1             -12 
2  27 1 28 -1 8 -1 0
1
-0.592752310333733 0.659739608440829 0.461939766255693 361.787057715562 
0.659739608440829 0.726726906549294 -0.191341716182425 -149.857105996734 
-0.461939766255693 0.191341716182425 -0.866025403784439 80.9276951545867 
2  30 -1 27 1 28 -1 8 -1 0
1
              1               0               0               0 
              0               1               0               0 
              0               0               1               0 
1
0.923879532511287 0.38268343236509               0               0 
-0.38268343236509 0.923879532511287               0               0 
              0               0               1             -12 
2  32 1 33 -1 8 -1 0
1
-0.592752310333733 0.659739608440829 0.461939766255693 361.787057715562 
0.659739608440829 0.726726906549294 -0.191341716182425 -149.857105996734 
-0.461939766255693 0.191341716182425 -0.866025403784439 80.9276951545867 
2  35 -1 32 1 33 -1 8 -1 0
1
              1               0               0               0 
              0               1               0               0 
              0               0               1               0 
1
0.923879532511287 0.38268343236509               0               0 
-0.38268343236509 0.923879532511287               0               0 
              0               0               1             -12 
2  37 1 38 -1 8 -1 0
1
-0.592752310333733 0.659739608440829 0.461939766255693 361.787057715562 
0.659739608440829 0.726726906549294 -0.191341716182425 -149.857105996734 
-0.461939766255693 0.191341716182425 -0.866025403784439 80.9276951545867 
2  40 -1 37 1 38 -1 8 -1 0
1
              1               0               0               0 
              0               1               0               0 
              0               0               1               0 
1
0.923879532511287 0.38268343236509               0               0 
-0.38268343236509 0.923879532511287               0               0 
              0               0               1             -12 
2  42 1 43 -1 8 -1 0
1
-0.592752310333733 0.659739608440829 0.461939766255693 361.787057715562 
0.659739608440829 0.726726906549294 -0.191341716182425 -149.857105996734 
-0.461939766255693 0.191341716182425 -0.866025403784439 80.9276951545867 
2  45 -1 42 1 43 -1 8 -1 0
1
              1               0               0               0 
              0               1               0               0 
              0               0               1               0 
1
0.923879532511287 0.38268343236509               0               0 
-0.38268343236509 0.923879532511287               0               0 
              0               0               1             -12 
2  47 1 48 -1 8 -1 0
1
-0.592752310333733 0.659739608440829 0.461939766255693 361.787057715562 
0.659739608440829 0.726726906549294 -0.191341716182425 -149.857105996734 
-0.461939766255693 0.191341716182425 -0.866025403784439 80.9276951545867 
2  50 -1 47 1 48 -1 8 -1 0
1
              1               0               0               0 
              0               1               0               0 
              0               0               1               0 
1
0.923879532511287 0.38268343236509               0               0 
-0.38268343236509 0.923879532511287               0               0 
              0               0               1             -12 
2  52 1 53 -1 8 -1 0
1
-0.592752310333733 0.659739608440829 0.461939766255693 361.787057715562 
0.659739608440829 0.726726906549294 -0.191341716182425 -149.857105996734 
-0.461939766255693 0.191341716182425 -0.866025403784439 80.9276951545867 
2  55 -1 52 1 53 -1 8 -1 0
1
              1               0               0               0 
              0               1               0               0 
              0               0               1               0 
1
0.923879532511287 0.38268343236509               0               0 
-0.38268343236509 0.923879532511287               0               0 
              0               0               1             -12 
2  57 1 58 -1 8 -1 0
1
-0.592752310333733 0.659739608440829 0.461939766255693 361.787057715562 
0.659739608440829 0.726726906549294 -0.191341716182425 -149.857105996734 
-0.461939766255693 0.191341716182425 -0.866025403784439 80.9276951545867 
2  60 -1 57 1 58 -1 8 -1 0
1
              1               0               0               0 
              0               1               0               0 
              0               0               1               0 
1
0.923879532511287 0.38268343236509               0               0 
-0.38268343236509 0.923879532511287               0               0 
              0               0               1             -12 
2  62 1 63 -1 8 -1 0
1
-0.592752310333733 0.659739608440829 0.461939766255693 361.787057715562 
0.659739608440829 0.726726906549294 -0.191341716182425 -149.857105996734 
-0.461939766255693 0.191341716182425 -0.866025403784439 80.9276951545867 
2  65 -1 62 1 63 -1 8 -1 0
1
              1               0               0               0 
              0               1               0               0 
              0               0               1               0 
1
0.923879532511287 0.38268343236509               0               0 
-0.38268343236509 0.923879532511287               0               0 
              0               0               1             -12 
2  67 1 68 -1 8 -1 0
1
-0.592752310333733 0.659739608440829 0.461939766255693 361.787057715562 
0.659739608440829 0.726726906549294 -0.191341716182425 -149.857105996734 
-0.461939766255693 0.191341716182425 -0.866025403784439 80.9276951545867 
2  70 -1 67 1 68 -1 8 -1 0
1
              1               0               0               0 
              0               1               0               0 
              0               0               1               0 
1
0.923879532511287 0.38268343236509               0               0 
-0.38268343236509 0.923879532511287               0               0 
              0               0               1             -12 
2  72 1 73 -1 8 -1 0
1
-0.592752310333733 0.659739608440829 0.461939766255693 361.787057715562 
0.659739608440829 0.726726906549294 -0.191341716182425 -149.857105996734 
-0.461939766255693 0.191341716182425 -0.866025403784439 80.9276951545867 
2  75 -1 72 1 73 -1 8 -1 0
1
              1               0               0               0 
              0               1               0               0 
              0               0               1               0 
1
0.923879532511287 0.38268343236509               0               0 
-0.38268343236509 0.923879532511287               0               0 
              0               0               1             -12 
2  77 1 78 -1 8 -1 0
1
-0.592752310333733 0.659739608440829 0.461939766255693 361.787057715562 
0.659739608440829 0.726726906549294 -0.191341716182425 -149.857105996734 
-0.461939766255693 0.191341716182425 -0.866025403784439 80.9276951545867 
2  80 -1 77 1 78 -1 8 -1 0
1
              1               0               0               0 
              0               1               0               0 
              0               0               1               0 
1
0.923879532511287 0.38268343236509               0               0 
-0.38268343236509 0.923879532511287               0               0 
              0               0               1             -12 
2  82 1 83 -1 8 -1 0
1
-0.592752310333733 0.659739608440829 0.461939766255693 361.787057715562 
0.659739608440829 0.726726906549294 -0.191341716182425 -149.857105996734 
-0.461939766255693 0.191341716182425 -0.866025403784439 80.9276951545867 
2  85 -1 82 1 83 -1 8 -1 0
1
              1               0               0               0 
              0               1               0               0 
              0               0               1               0 
1
0.923879532511287 0.38268343236509               0               0 
-0.38268343236509 0.923879532511287               0               0 
              0               0               1             -12 
2  87 1 88 -1 8 -1 0
1
-0.592752310333733 0.659739608440829 0.461939766255693 361.787057715562 
0.659739608440829 0.726726906549294 -0.191341716182425 -149.857105996734 
-0.461939766255693 0.191341716182425 -0.866025403784439 80.9276951545867 
2  90 -1 87 1 88 -1 8 -1 0
1
              1               0               0               0 
              0               1               0               0 
              0               0               1               0 
1
0.923879532511287 0.38268343236509               0               0 
-0.38268343236509 0.923879532511287               0               0 
              0               0               1             -12 
2  92 1 93 -1 8 -1 0
1
-0.592752310333733 0.659739608440829 0.461939766255693 361.787057715562 
0.659739608440829 0.726726906549294 -0.191341716182425 -149.857105996734 
-0.461939766255693 0.191341716182425 -0.866025403784439 80.9276951545867 
2  95 -1 92 1 93 -1 8 -1 0
1
              1               0               0               0 
              0               1               0               0 
              0               0               1               0 
1
0.923879532511287 0.38268343236509               0               0 
-0.38268343236509 0.923879532511287               0               0 
              0               0               1             -12 
2  97 1 98 -1 8 -1 0
1
-0.592752310333733 0.659739608440829 0.461939766255693 361.787057715562 
0.659739608440829 0.726726906549294 -0.191341716182425 -149.857105996734 
-0.461939766255693 0.191341716182425 -0.866025403784439 80.9276951545867 
2  100 -1 97 1 98 -1 8 -1 0
1
              1               0               0               0 
              0               1               0               0 
              0               0               1               0 
1
0.923879532511287 0.38268343236509               0               0 
-0.38268343236509 0.923879532511287               0               0 
              0               0               1             -12 
2  102 1 103 -1 8 -1 0
1
-0.592752310333733 0.659739608440829 0.461939766255693 361.787057715562 
0.659739608440829 0.726726906549294 -0.191341716182425 -149.857105996734 
-0.461939766255693 0.191341716182425 -0.866025403784439 80.9276951545867 
2  105 -1 102 1 103 -1 8 -1 0
1
              1               0               0               0 
              0               1               0               0 
              0               0               1               0 
1
0.923879532511287 0.38268343236509               0               0 
-0.38268343236509 0.923879532511287               0               0 
              0               0               1             -12 
2  107 1 108 -1 8 -1 0
1
-0.592752310333733 0.659739608440829 0.461939766255693 361.787057715562 
0.659739608440829 0.726726906549294 -0.191341716182425 -149.857105996734 
-0.461939766255693 0.191341716182425 -0.866025403784439 80.9276951545867 
2  110 -1 107 1 108 -1 8 -1 0
1
              1               0               0               0 
              0               1               0               0 
              0               0               1               0 
1
0.923879532511287 0.38268343236509               0               0 
-0.38268343236509 0.923879532511287               0               0 
              0               0               1             -12 
2  112 1 113 -1 8 -1 0
1
-0.592752310333733 0.659739608440829 0.461939766255693 361.787057715562 
0.659739608440829 0.726726906549294 -0.191341716182425 -149.857105996734 
-0.461939766255693 0.191341716182425 -0.866025403784439 80.9276951545867 
2  115 -1 112 1 113 -1 8 -1 0
1
              1               0               0               0 
              0               1               0               0 
              0               0               1               0 
1
0.923879532511287 0.38268343236509               0               0 
-0.38268343236509 0.923879532511287               0               0 
              0               0               1             -12 
1
              1               0               0               0 
              0               1               0               0 
              0               0               1               0 
2  117 1 118 -1 119 -1 0
1
-0.592752310333733 0.659739608440829 0.461939766255693 361.787057715562 
0.659739608440829 0.726726906549294 -0.191341716182425 -149.857105996734 
-0.461939766255693 0.191341716182425 -0.866025403784439 80.9276951545867 
2  121 -1 117 1 118 -1 119 -1 0
1
              1               0               0               0 
              0               1               0               0 
              0               0               1               0 
1
0.923879532511287 0.38268343236509               0               0 
-0.38268343236509 0.923879532511287               0               0 
              0               0               1             -12 
2  123 1 124 -1 119 -1 0
1
-0.592752310333733 0.659739608440829 0.461939766255693 361.787057715562 
0.659739608440829 0.726726906549294 -0.191341716182425 -149.857105996734 
-0.461939766255693 0.191341716182425 -0.866025403784439 80.9276951545867 
2  126 -1 123 1 124 -1 119 -1 0
1
              1               0               0               0 
              0               1               0               0 
              0               0               1               0 
1
0.923879532511287 0.38268343236509               0               0 
-0.38268343236509 0.923879532511287               0               0 
              0               0               1             -12 
2  128 1 129 -1 119 -1 0
1
-0.592752310333733 0.659739608440829 0.461939766255693 361.787057715562 
0.659739608440829 0.726726906549294 -0.191341716182425 -149.857105996734 
-0.461939766255693 0.191341716182425 -0.866025403784439 80.9276951545867 
2  131 -1 128 1 129 -1 119 -1 0
1
              1               0               0               0 
              0               1               0               0 
              0               0               1               0 
1
0.923879532511287 0.38268343236509               0               0 
-0.38268343236509 0.923879532511287               0               0 
              0               0               1             -12 
2  133 1 134 -1 119 -1 0
1
-0.592752310333733 0.659739608440829 0.461939766255693 361.787057715562 
0.659739608440829 0.726726906549294 -0.191341716182425 -149.857105996734 
-0.461939766255693 0.191341716182425 -0.866025403784439 80.9276951545867 
2  136 -1 133 1 134 -1 119 -1 0
1
              1               0               0               0 
              0               1               0               0 
              0               0               1               0 
1
0.923879532511287 0.38268343236509               0               0 
-0.38268343236509 0.923879532511287               0               0 
              0               0               1             -12 
2  138 1 139 -1 119 -1 0
1
-0.592752310333733 0.659739608440829 0.461939766255693 361.787057715562 
0.659739608440829 0.726726906549294 -0.191341716182425 -149.857105996734 
-0.461939766255693 0.191341716182425 -0.866025403784439 80.9276951545867 
2  141 -1 138 1 139 -1 119 -1 0
1
              1               0               0               0 
              0               1               0               0 
              0               0               1               0 
1
0.923879532511287 0.38268343236509               0               0 
-0.38268343236509 0.923879532511287               0               0 
              0               0               1             -12 
2  143 1 144 -1 119 -1 0
1
-0.592752310333733 0.659739608440829 0.461939766255693 361.787057715562 
0.659739608440829 0.726726906549294 -0.191341716182425 -149.857105996734 
-0.461939766255693 0.191341716182425 -0.866025403784439 80.9276951545867 
2  146 -1 143 1 144 -1 119 -1 0
1
              1               0               0               0 
              0               1               0               0 
              0               0               1               0 
1
0.923879532511287 0.38268343236509               0               0 
-0.38268343236509 0.923879532511287               0               0 
              0               0               1             -12 
2  148 1 149 -1 119 -1 0
1
-0.592752310333733 0.659739608440829 0.461939766255693 361.787057715562 
0.659739608440829 0.726726906549294 -0.191341716182425 -149.857105996734 
-0.461939766255693 0.191341716182425 -0.866025403784439 80.9276951545867 
2  151 -1 148 1 149 -1 119 -1 0
1
              1               0               0               0 
              0               1               0               0 
              0               0               1               0 
1
0.923879532511287 0.38268343236509               0               0 
-0.38268343236509 0.923879532511287               0               0 
              0               0               1             -12 
2  153 1 154 -1 119 -1 0
1
-0.592752310333733 0.659739608440829 0.461939766255693 361.787057715562 
0.659739608440829 0.726726906549294 -0.191341716182425 -149.857105996734 
-0.461939766255693 0.191341716182425 -0.866025403784439 80.9276951545867 
2  156 -1 153 1 154 -1 119 -1 0
1
              1               0               0               0 
              0               1               0               0 
              0               0               1               0 
1
0.923879532511287 0.38268343236509               0               0 
-0.38268343236509 0.923879532511287               0               0 
              0               0               1             -12 
2  158 1 159 -1 119 -1 0
1
-0.592752310333733 0.659739608440829 0.461939766255693 361.787057715562 
0.659739608440829 0.726726906549294 -0.191341716182425 -149.857105996734 
-0.461939766255693 0.191341716182425 -0.866025403784439 80.9276951545867 
2  161 -1 158 1 159 -1 119 -1 0
1
              1               0               0               0 
              0               1               0               0 
              0               0               1               0 
1
0.923879532511287 0.38268343236509               0               0 
-0.38268343236509 0.923879532511287               0               0 
              0               0               1             -12 
1
              1               0               0               0 
              0               1               0               0 
              0               0               1               0 
2  163 1 164 -1 165 -1 0
1
-0.592752310333733 0.659739608440829 0.461939766255693 361.787057715562 
0.659739608440829 0.726726906549294 -0.191341716182425 -149.857105996734 
-0.461939766255693 0.191341716182425 -0.866025403784439 80.9276951545867 
2  167 -1 163 1 164 -1 165 -1 0
1
              1               0               0               0 
              0               1               0               0 
              0               0               1               0 
1
0.923879532511287 0.38268343236509               0               0 
-0.38268343236509 0.923879532511287               0               0 
              0               0               1             -12 
2  169 1 170 -1 165 -1 0
1
-0.592752310333733 0.659739608440829 0.461939766255693 361.787057715562 
0.659739608440829 0.726726906549294 -0.191341716182425 -149.857105996734 
-0.461939766255693 0.191341716182425 -0.866025403784439 80.9276951545867 
2  172 -1 169 1 170 -1 165 -1 0
1
              1               0               0               0 
              0               1               0               0 
              0               0               1               0 
1
0.923879532511287 0.38268343236509               0               0 
-0.38268343236509 0.923879532511287               0               0 
              0               0               1             -12 
2  174 1 175 -1 165 -1 0
1
-0.592752310333733 0.659739608440829 0.461939766255693 361.787057715562 
0.659739608440829 0.726726906549294 -0.191341716182425 -149.857105996734 
-0.461939766255693 0.191341716182425 -0.866025403784439 80.9276951545867 
2  177 -1 174 1 175 -1 165 -1 0
1
              1               0               0               0 
              0               1               0               0 
              0               0               1               0 
1
0.923879532511287 0.38268343236509               0               0 
-0.38268343236509 0.923879532511287               0               0 
              0               0               1             -12 
2  179 1 180 -1 165 -1 0
1
-0.592752310333733 0.659739608440829 0.461939766255693 361.787057715562 
0.659739608440829 0.726726906549294 -0.191341716182425 -149.857105996734 
-0.461939766255693 0.191341716182425 -0.866025403784439 80.9276951545867 
2  182 -1 179 1 180 -1 165 -1 0
1
              1               0               0               0 
              0               1               0               0 
              0               0               1               0 
1
0.923879532511287 0.38268343236509               0               0 
-0.38268343236509 0.923879532511287               0               0 
              0               0               1             -12 
2  184 1 185 -1 165 -1 0
1
-0.592752310333733 0.659739608440829 0.461939766255693 361.787057715562 
0.659739608440829 0.726726906549294 -0.191341716182425 -149.857105996734 
-0.461939766255693 0.191341716182425 -0.866025403784439 80.9276951545867 
2  187 -1 184 1 185 -1 165 -1 0
1
              1               0               0               0 
              0               1               0               0 
              0               0               1               0 
1
0.923879532511287 0.38268343236509               0               0 
-0.38268343236509 0.923879532511287               0               0 
              0               0               1             -12 
2  189 1 190 -1 165 -1 0
1
-0.592752310333733 0.659739608440829 0.461939766255693 361.787057715562 
0.659739608440829 0.726726906549294 -0.191341716182425 -149.857105996734 
-0.461939766255693 0.191341716182425 -0.866025403784439 80.9276951545867 
2  192 -1 189 1 190 -1 165 -1 0
1
              1               0               0               0 
              0               1               0               0 
              0               0               1               0 
1
0.923879532511287 0.38268343236509               0               0 
-0.38268343236509 0.923879532511287               0               0 
              0               0               1             -12 
2  194 1 195 -1 165 -1 0
1
-0.592752310333733 0.659739608440829 0.461939766255693 361.787057715562 
0.659739608440829 0.726726906549294 -0.191341716182425 -149.857105996734 
-0.461939766255693 0.191341716182425 -0.866025403784439 80.9276951545867 
2  197 -1 194 1 195 -1 165 -1 0
1
              1               0               0               0 
              0               1               0               0 
              0               0               1               0 
1
0.923879532511287 0.38268343236509               0               0 
-0.38268343236509 0.923879532511287               0               0 
              0               0               1             -12 
2  199 1 200 -1 165 -1 0
1
-0.592752310333733 0.659739608440829 0.461939766255693 361.787057715562 
0.659739608440829 0.726726906549294 -0.191341716182425 -149.857105996734 
-0.461939766255693 0.191341716182425 -0.866025403784439 80.9276951545867 
2  202 -1 199 1 200 -1 165 -1 0
1
              1               0               0               0 
              0               1               0               0 
              0               0               1               0 
1
0.923879532511287 0.38268343236509               0               0 
-0.38268343236509 0.923879532511287               0               0 
              0               0               1             -12 
2  204 1 205 -1 165 -1 0
1
-0.592752310333733 0.659739608440829 0.461939766255693 361.787057715562 
0.659739608440829 0.726726906549294 -0.191341716182425 -149.857105996734 
-0.461939766255693 0.191341716182425 -0.866025403784439 80.9276951545867 
2  207 -1 204 1 205 -1 165 -1 0
1
              1               0               0               0 
              0               1               0               0 
              0               0               1               0 
1
0.923879532511287 0.38268343236509               0               0 
-0.38268343236509 0.923879532511287               0               0 
              0               0               1             -12 
2  209 1 210 -1 165 -1 0
1
-0.592752310333733 0.659739608440829 0.461939766255693 361.787057715562 
0.659739608440829 0.726726906549294 -0.191341716182425 -149.857105996734 
-0.461939766255693 0.191341716182425 -0.866025403784439 80.9276951545867 
2  212 -1 209 1 210 -1 165 -1 0
1
              1               0               0               0 
              0               1               0               0 
              0               0               1               0 
1
0.923879532511287 0.38268343236509               0               0 
-0.38268343236509 0.923879532511287               0               0 
              0               0               1             -12 
2  214 1 215 -1 165 -1 0
1
-0.592752310333733 0.659739608440829 0.461939766255693 361.787057715562 
0.659739608440829 0.726726906549294 -0.191341716182425 -149.857105996734 
-0.461939766255693 0.191341716182425 -0.866025403784439 80.9276951545867 
2  217 -1 214 1 215 -1 165 -1 0
1
              1               0               0               0 
              0               1               0               0 
              0               0               1               0 
1
0.923879532511287 0.38268343236509               0               0 
-0.38268343236509 0.923879532511287               0               0 
              0               0               1             -12 
2  219 1 220 -1 165 -1 0
1
-0.592752310333733 0.659739608440829 0.461939766255693 361.787057715562 
0.659739608440829 0.726726906549294 -0.191341716182425 -149.857105996734 
-0.461939766255693 0.191341716182425 -0.866025403784439 80.9276951545867 
2  222 -1 219 1 220 -1 165 -1 0
1
              1               0               0               0 
              0               1               0               0 
              0               0               1               0 
1
0.923879532511287 0.38268343236509               0               0 
-0.38268343236509 0.923879532511287               0               0 
              0               0               1             -12 
2  224 1 225 -1 165 -1 0
1
-0.592752310333733 0.659739608440829 0.461939766255693 361.787057715562 
0.659739608440829 0.726726906549294 -0.191341716182425 -149.857105996734 
-0.461939766255693 0.191341716182425 -0.866025403784439 80.9276951545867 
2  227 -1 224 1 225 -1 165 -1 0
1
              1               0               0               0 
              0               1               0               0 
              0               0               1               0 
1
0.923879532511287 0.38268343236509               0               0 
-0.38268343236509 0.923879532511287               0               0 
              0               0               1             -12 
1
              1               0               0               0 
              0               1               0               0 
              0               0               1               0 
2  229 1 230 -1 231 -1 0
1
-0.592752310333733 0.659739608440829 0.461939766255693 361.787057715562 
0.659739608440829 0.726726906549294 -0.191341716182425 -149.857105996734 
-0.461939766255693 0.191341716182425 -0.866025403784439 80.9276951545867 
2  233 -1 229 1 230 -1 231 -1 0
1
              1               0               0               0 
              0               1               0               0 
              0               0               1               0 
1
0.923879532511287 0.38268343236509               0               0 
-0.38268343236509 0.923879532511287               0               0 
              0               0               1             -12 
2  235 1 236 -1 231 -1 0
1
-0.592752310333733 0.659739608440829 0.461939766255693 361.787057715562 
0.659739608440829 0.726726906549294 -0.191341716182425 -149.857105996734 
-0.461939766255693 0.191341716182425 -0.866025403784439 80.9276951545867 
2  238 -1 235 1 236 -1 231 -1 0
1
              1               0               0               0 
              0               1               0               0 
              0               0               1               0 
1
0.923879532511287 0.38268343236509               0               0 
-0.38268343236509 0.923879532511287               0               0 
              0               0               1             -12 
2  240 1 241 -1 231 -1 0
1
-0.592752310333733 0.659739608440829 0.461939766255693 361.787057715562 
0.659739608440829 0.726726906549294 -0.191341716182425 -149.857105996734 
-0.461939766255693 0.191341716182425 -0.866025403784439 80.9276951545867 
2  243 -1 240 1 241 -1 231 -1 0
1
              1               0               0               0 
              0               1               0               0 
              0               0               1               0 
1
0.923879532511287 0.38268343236509               0               0 
-0.38268343236509 0.923879532511287               0               0 
              0               0               1             -12 
2  245 1 246 -1 1 -1 0
1
-0.592752310333733 0.659739608440829 0.461939766255693 361.787057715562 
0.659739608440829 0.726726906549294 -0.191341716182425 -149.857105996734 
-0.461939766255693 0.191341716182425 -0.866025403784439 80.9276951545867 
2  248 -1 245 1 246 -1 1 -1 0
1
              1               0               0               0 
              0               1               0               0 
              0               0               1               0 
1
0.923879532511287 0.38268343236509               0               0 
-0.38268343236509 0.923879532511287               0               0 
              0               0               1             -12 
2  250 1 251 -1 1 -1 0
1
-0.592752310333733 0.659739608440829 0.461939766255693 361.787057715562 
0.659739608440829 0.726726906549294 -0.191341716182425 -149.857105996734 
-0.461939766255693 0.191341716182425 -0.866025403784439 80.9276951545867 
2  253 -1 250 1 251 -1 1 -1 0
1
              1               0               0               0 
              0               1               0               0 
              0               0               1               0 
1
0.923879532511287 0.38268343236509               0               0 
-0.38268343236509 0.923879532511287               0               0 
              0               0               1             -12 
2  255 1 256 -1 1 -1 0
1
-0.592752310333733 0.659739608440829 0.461939766255693 361.787057715562 
0.659739608440829 0.726726906549294 -0.191341716182425 -149.857105996734 
-0.461939766255693 0.191341716182425 -0.866025403784439 80.9276951545867 
2  258 -1 255 1 256 -1 1 -1 0
1
              1               0               0               0 
              0               1               0               0 
              0               0               1               0 
1
0.923879532511287 0.38268343236509               0               0 
-0.38268343236509 0.923879532511287               0               0 
              0               0               1             -12 
2  260 1 261 -1 1 -1 0
1
-0.592752310333733 0.659739608440829 0.461939766255693 361.787057715562 
0.659739608440829 0.726726906549294 -0.191341716182425 -149.857105996734 
-0.461939766255693 0.191341716182425 -0.866025403784439 80.9276951545867 
2  263 -1 260 1 261 -1 1 -1 0
1
              1               0               0               0 
              0               1               0               0 
              0               0               1               0 
1
0.923879532511287 0.38268343236509               0               0 
-0.38268343236509 0.923879532511287               0               0 
              0               0               1             -12 
2  265 1 266 -1 1 -1 0
1
-0.592752310333733 0.659739608440829 0.461939766255693 361.787057715562 
0.659739608440829 0.726726906549294 -0.191341716182425 -149.857105996734 
-0.461939766255693 0.191341716182425 -0.866025403784439 80.9276951545867 
2  268 -1 265 1 266 -1 1 -1 0
1
              1               0               0               0 
              0               1               0               0 
              0               0               1               0 
1
0.923879532511287 0.38268343236509               0               0 
-0.38268343236509 0.923879532511287               0               0 
              0               0               1             -12 
2  270 1 271 -1 1 -1 0
1
-0.592752310333733 0.659739608440829 0.461939766255693 361.787057715562 
0.659739608440829 0.726726906549294 -0.191341716182425 -149.857105996734 
-0.461939766255693 0.191341716182425 -0.866025403784439 80.9276951545867 
2  273 -1 270 1 271 -1 1 -1 0
1
              1               0               0               0 
              0               1               0               0 
              0               0               1               0 
1
0.923879532511287 0.38268343236509               0               0 
-0.38268343236509 0.923879532511287               0               0 
              0               0               1             -12 
2  275 1 276 -1 1 -1 0
1
-0.592752310333733 0.659739608440829 0.461939766255693 361.787057715562 
0.659739608440829 0.726726906549294 -0.191341716182425 -149.857105996734 
-0.461939766255693 0.191341716182425 -0.866025403784439 80.9276951545867 
2  278 -1 275 1 276 -1 1 -1 0
1
              1               0               0               0 
              0               1               0               0 
              0               0               1               0 
1
0.923879532511287 0.38268343236509               0               0 
-0.38268343236509 0.923879532511287               0               0 
              0               0               1             -12 
2  280 1 281 -1 1 -1 0
1
-0.592752310333733 0.659739608440829 0.461939766255693 361.787057715562 
0.659739608440829 0.726726906549294 -0.191341716182425 -149.857105996734 
-0.461939766255693 0.191341716182425 -0.866025403784439 80.9276951545867 
2  283 -1 280 1 281 -1 1 -1 0
1
              1               0               0               0 
              0               1               0               0 
              0               0               1               0 
1
0.923879532511287 0.38268343236509               0               0 
-0.38268343236509 0.923879532511287               0               0 
              0               0               1             -12 
2  285 1 286 -1 1 -1 0
1
-0.592752310333733 0.659739608440829 0.461939766255693 361.787057715562 
0.659739608440829 0.726726906549294 -0.191341716182425 -149.857105996734 
-0.461939766255693 0.191341716182425 -0.866025403784439 80.9276951545867 
2  288 -1 285 1 286 -1 1 -1 0
1
              1               0               0               0 
              0               1               0               0 
              0               0               1               0 
1
0.923879532511287 0.38268343236509               0               0 
-0.38268343236509 0.923879532511287               0               0 
              0               0               1             -12 
2  290 1 291 -1 1 -1 0
1
-0.592752310333733 0.659739608440829 0.461939766255693 361.787057715562 
0.659739608440829 0.726726906549294 -0.191341716182425 -149.857105996734 
-0.461939766255693 0.191341716182425 -0.866025403784439 80.9276951545867 
2  293 -1 290 1 291 -1 1 -1 0
1
              1               0               0               0 
              0               1               0               0 
              0               0               1               0 
1
0.923879532511287 0.38268343236509               0               0 
-0.38268343236509 0.923879532511287               0               0 
              0               0               1             -12 
2  295 1 296 -1 1 -1 0
1
-0.592752310333733 0.659739608440829 0.461939766255693 361.787057715562 
0.659739608440829 0.726726906549294 -0.191341716182425 -149.857105996734 
-0.461939766255693 0.191341716182425 -0.866025403784439 80.9276951545867 
2  298 -1 295 1 296 -1 1 -1 0
1
              1               0               0               0 
              0               1               0               0 
              0               0               1               0 
1
0.923879532511287 0.38268343236509               0               0 
-0.38268343236509 0.923879532511287               0               0 
              0               0               1             -12 
2  300 1 301 -1 1 -1 0
1
-0.592752310333733 0.659739608440829 0.461939766255693 361.787057715562 
0.659739608440829 0.726726906549294 -0.191341716182425 -149.857105996734 
-0.461939766255693 0.191341716182425 -0.866025403784439 80.9276951545867 
2  303 -1 300 1 301 -1 1 -1 0
1
              1               0               0               0 
              0               1               0               0 
              0               0               1               0 
1
0.923879532511287 0.38268343236509               0               0 
-0.38268343236509 0.923879532511287               0               0 
              0               0               1             -12 
2  305 1 306 -1 1 -1 0
1
-0.592752310333733 0.659739608440829 0.461939766255693 361.787057715562 
0.659739608440829 0.726726906549294 -0.191341716182425 -149.857105996734 
-0.461939766255693 0.191341716182425 -0.866025403784439 80.9276951545867 
2  308 -1 305 1 306 -1 1 -1 0
1
              1               0               0               0 
              0               1               0               0 
              0               0               1               0 
1
0.923879532511287 0.38268343236509               0               0 
-0.38268343236509 0.923879532511287               0               0 
              0               0               1             -12 
2  310 1 311 -1 1 -1 0
1
-0.592752310333733 0.659739608440829 0.461939766255693 361.787057715562 
0.659739608440829 0.726726906549294 -0.191341716182425 -149.857105996734 
-0.461939766255693 0.191341716182425 -0.866025403784439 80.9276951545867 
2  313 -1 310 1 311 -1 1 -1 0
1
              1               0               0               0 
              0               1               0               0 
              0               0               1               0 
1
0.923879532511287 0.38268343236509               0               0 
-0.38268343236509 0.923879532511287               0               0 
              0               0               1             -12 
2  315 1 316 -1 1 -1 0
1
-0.592752310333733 0.659739608440829 0.461939766255693 361.787057715562 
0.659739608440829 0.726726906549294 -0.191341716182425 -149.857105996734 
-0.461939766255693 0.191341716182425 -0.866025403784439 80.9276951545867 
2  318 -1 315 1 316 -1 1 -1 0
1
              1               0               0               0 
              0               1               0               0 
              0               0               1               0 
1
0.923879532511287 0.38268343236509               0               0 
-0.38268343236509 0.923879532511287               0               0 
              0               0               1             -12 
2  320 1 321 -1 1 -1 0
1
-0.592752310333733 0.659739608440829 0.461939766255693 361.787057715562 
0.659739608440829 0.726726906549294 -0.191341716182425 -149.857105996734 
-0.461939766255693 0.191341716182425 -0.866025403784439 80.9276951545867 
2  323 -1 320 1 321 -1 1 -1 0
1
              1               0               0               0 
              0               1               0               0 
              0               0               1               0 
1
0.923879532511287 0.38268343236509               0               0 
-0.38268343236509 0.923879532511287               0               0 
              0               0               1             -12 
2  325 1 326 -1 1 -1 0
1
-0.592752310333733 0.659739608440829 0.461939766255693 361.787057715562 
0.659739608440829 0.726726906549294 -0.191341716182425 -149.857105996734 
-0.461939766255693 0.191341716182425 -0.866025403784439 80.9276951545867 
2  328 -1 325 1 326 -1 1 -1 0
1
              1               0               0               0 
              0               1               0               0 
              0               0               1               0 
1
0.923879532511287 0.38268343236509               0               0 
-0.38268343236509 0.923879532511287               0               0 
              0               0               1             -12 
2  330 1 331 -1 1 -1 0
1
-0.592752310333733 0.659739608440829 0.461939766255693 361.787057715562 
0.659739608440829 0.726726906549294 -0.191341716182425 -149.857105996734 
-0.461939766255693 0.191341716182425 -0.866025403784439 80.9276951545867 
2  333 -1 330 1 331 -1 1 -1 0
1
              1               0               0               0 
              0               1               0               0 
              0               0               1               0 
1
0.923879532511287 0.38268343236509               0               0 
-0.38268343236509 0.923879532511287               0               0 
              0               0               1             -12 
2  335 1 336 -1 1 -1 0
1
-0.592752310333733 0.659739608440829 0.461939766255693 361.787057715562 
0.659739608440829 0.726726906549294 -0.191341716182425 -149.857105996734 
-0.461939766255693 0.191341716182425 -0.866025403784439 80.9276951545867 
2  338 -1 335 1 336 -1 1 -1 0
1
              1               0               0               0 
              0               1               0               0 
              0               0               1               0 
1
0.923879532511287 0.38268343236509               0               0 
-0.38268343236509 0.923879532511287               0               0 
              0               0               1             -12 
2  340 1 341 -1 1 -1 0
1
-0.592752310333733 0.659739608440829 0.461939766255693 361.787057715562 
0.659739608440829 0.726726906549294 -0.191341716182425 -149.857105996734 
-0.461939766255693 0.191341716182425 -0.866025403784439 80.9276951545867 
2  343 -1 340 1 341 -1 1 -1 0
1
              1               0               0               0 
              0               1               0               0 
              0               0               1               0 
1
0.923879532511287 0.38268343236509               0               0 
-0.38268343236509 0.923879532511287               0               0 
              0               0               1             -12 
2  345 1 346 -1 1 -1 0
1
-0.592752310333733 0.659739608440829 0.461939766255693 361.787057715562 
0.659739608440829 0.726726906549294 -0.191341716182425 -149.857105996734 
-0.461939766255693 0.191341716182425 -0.866025403784439 80.9276951545867 
2  348 -1 345 1 346 -1 1 -1 0
1
              1               0               0               0 
              0               1               0               0 
              0               0               1               0 
1
0.923879532511287 0.38268343236509               0               0 
-0.38268343236509 0.923879532511287               0               0 
              0               0               1             -12 
2  350 1 351 -1 1 -1 0
1
-0.592752310333733 0.659739608440829 0.461939766255693 361.787057715562 
0.659739608440829 0.726726906549294 -0.191341716182425 -149.857105996734 
-0.461939766255693 0.191341716182425 -0.866025403784439 80.9276951545867 
2  353 -1 350 1 351 -1 1 -1 0
1
              1               0               0               0 
              0               1               0               0 
              0               0               1               0 
1
0.923879532511287 0.38268343236509               0               0 
-0.38268343236509 0.923879532511287               0               0 
              0               0               1             -12 
2  355 1 356 -1 1 -1 0
1
-0.592752310333733 0.659739608440829 0.461939766255693 361.787057715562 
0.659739608440829 0.726726906549294 -0.191341716182425 -149.857105996734 
-0.461939766255693 0.191341716182425 -0.866025403784439 80.9276951545867 
2  358 -1 355 1 356 -1 1 -1 0
1
              1               0               0               0 
              0               1               0               0 
              0               0               1               0 
1
0.923879532511287 0.38268343236509               0               0 
-0.38268343236509 0.923879532511287               0               0 
              0               0               1             -12 
2  360 1 361 -1 1 -1 0
1
-0.592752310333733 0.659739608440829 0.461939766255693 361.787057715562 
0.659739608440829 0.726726906549294 -0.191341716182425 -149.857105996734 
-0.461939766255693 0.191341716182425 -0.866025403784439 80.9276951545867 
2  363 -1 360 1 361 -1 1 -1 0
1
              1               0               0               0 
              0               1               0               0 
              0               0               1               0 
1
0.923879532511287 0.38268343236509               0               0 
-0.38268343236509 0.923879532511287               0               0 
              0               0               1             -12 
2  365 1 366 -1 1 -1 0
1
-0.592752310333733 0.659739608440829 0.461939766255693 361.787057715562 
0.659739608440829 0.726726906549294 -0.191341716182425 -149.857105996734 
-0.461939766255693 0.191341716182425 -0.866025403784439 80.9276951545867 
2  368 -1 365 1 366 -1 1 -1 0
1
              1               0               0               0 
              0               1               0               0 
              0               0               1               0 
1
0.923879532511287 0.38268343236509               0               0 
-0.38268343236509 0.923879532511287               0               0 
              0               0               1             -12 
2  370 1 371 -1 1 -1 0
1
-0.592752310333733 0.659739608440829 0.461939766255693 361.787057715562 
0.659739608440829 0.726726906549294 -0.191341716182425 -149.857105996734 
-0.461939766255693 0.191341716182425 -0.866025403784439 80.9276951545867 
2  373 -1 370 1 371 -1 1 -1 0
1
              1               0               0               0 
              0               1               0               0 
              0               0               1               0 
1
0.923879532511287 0.38268343236509               0               0 
-0.38268343236509 0.923879532511287               0               0 
              0               0               1             -12 
2  375 1 376 -1 1 -1 0
1
-0.592752310333733 0.659739608440829 0.461939766255693 361.787057715562 
0.659739608440829 0.726726906549294 -0.191341716182425 -149.857105996734 
-0.461939766255693 0.191341716182425 -0.866025403784439 80.9276951545867 
2  378 -1 375 1 376 -1 1 -1 0
1
              1               0               0               0 
              0               1               0               0 
              0               0               1               0 
1
0.923879532511287 0.38268343236509               0               0 
-0.38268343236509 0.923879532511287               0               0 
              0               0               1             -12 
2  380 1 381 -1 1 -1 0
1
-0.592752310333733 0.659739608440829 0.461939766255693 361.787057715562 
0.659739608440829 0.726726906549294 -0.191341716182425 -149.857105996734 
-0.461939766255693 0.191341716182425 -0.866025403784439 80.9276951545867 
2  383 -1 380 1 381 -1 1 -1 0
1
              1               0               0               0 
              0               1               0               0 
              0               0               1               0 
1
0.923879532511287 0.38268343236509               0               0 
-0.38268343236509 0.923879532511287               0               0 
              0               0               1             -12 
2  385 1 386 -1 1 -1 0
1
-0.592752310333733 0.659739608440829 0.461939766255693 361.787057715562 
0.659739608440829 0.726726906549294 -0.191341716182425 -149.857105996734 
-0.461939766255693 0.191341716182425 -0.866025403784439 80.9276951545867 
2  388 -1 385 1 386 -1 1 -1 0
1
              1               0               0               0 
              0               1               0               0 
              0               0               1               0 
1
0.923879532511287 0.38268343236509               0               0 
-0.38268343236509 0.923879532511287               0               0 
              0               0               1             -12 
2  390 1 391 -1 1 -1 0
1
-0.592752310333733 0.659739608440829 0.461939766255693 361.787057715562 
0.659739608440829 0.726726906549294 -0.191341716182425 -149.857105996734 
-0.461939766255693 0.191341716182425 -0.866025403784439 80.9276951545867 
2  393 -1 390 1 391 -1 1 -1 0
1
              1               0               0               0 
              0               1               0               0 
              0               0               1               0 
1
0.923879532511287 0.38268343236509               0               0 
-0.38268343236509 0.923879532511287               0               0 
              0               0               1             -12 
2  395 1 396 -1 1 -1 0
1
-0.592752310333733 0.659739608440829 0.461939766255693 361.787057715562 
0.659739608440829 0.726726906549294 -0.191341716182425 -149.857105996734 
-0.461939766255693 0.191341716182425 -0.866025403784439 80.9276951545867 
2  398 -1 395 1 396 -1 1 -1 0
1
              1               0               0               0 
              0               1               0               0 
              0               0               1               0 
1
0.923879532511287 0.38268343236509               0               0 
-0.38268343236509 0.923879532511287               0               0 
              0               0               1             -12 
2  400 1 401 -1 1 -1 0
1
-0.592752310333733 0.659739608440829 0.461939766255693 361.787057715562 
0.659739608440829 0.726726906549294 -0.191341716182425 -149.857105996734 
-0.461939766255693 0.191341716182425 -0.866025403784439 80.9276951545867 
2  403 -1 400 1 401 -1 1 -1 0
1
              1               0               0               0 
              0               1               0               0 
              0               0               1               0 
1
0.923879532511287 0.38268343236509               0               0 
-0.38268343236509 0.923879532511287               0               0 
              0               0               1             -12 
2  405 1 406 -1 1 -1 0
1
-0.592752310333733 0.659739608440829 0.461939766255693 361.787057715562 
0.659739608440829 0.726726906549294 -0.191341716182425 -149.857105996734 
-0.461939766255693 0.191341716182425 -0.866025403784439 80.9276951545867 
2  408 -1 405 1 406 -1 1 -1 0
1
              1               0               0               0 
              0               1               0               0 
              0               0               1               0 
1
0.923879532511287 0.38268343236509               0               0 
-0.38268343236509 0.923879532511287               0               0 
              0               0               1             -12 
2  410 1 411 -1 1 -1 0
1
-0.592752310333733 0.659739608440829 0.461939766255693 361.787057715562 
0.659739608440829 0.726726906549294 -0.191341716182425 -149.857105996734 
-0.461939766255693 0.191341716182425 -0.866025403784439 80.9276951545867 
2  413 -1 410 1 411 -1 1 -1 0
1
              1               0               0               0 
              0               1               0               0 
              0               0               1               0 
1
0.923879532511287 0.38268343236509               0               0 
-0.38268343236509 0.923879532511287               0               0 
              0               0               1             -12 
2  415 1 416 -1 1 -1 0
1
-0.592752310333733 0.659739608440829 0.461939766255693 361.787057715562 
0.659739608440829 0.726726906549294 -0.191341716182425 -149.857105996734 
-0.461939766255693 0.191341716182425 -0.866025403784439 80.9276951545867 
2  418 -1 415 1 416 -1 1 -1 0
1
              1               0               0               0 
              0               1               0               0 
              0               0               1               0 
1
0.923879532511287 0.38268343236509               0               0 
-0.38268343236509 0.923879532511287               0               0 
              0               0               1             -12 
2  420 1 421 -1 1 -1 0
1
-0.592752310333733 0.659739608440829 0.461939766255693 361.787057715562 
0.659739608440829 0.726726906549294 -0.191341716182425 -149.857105996734 
-0.461939766255693 0.191341716182425 -0.866025403784439 80.9276951545867 
2  423 -1 420 1 421 -1 1 -1 0
1
              1               0               0               0 
              0               1               0               0 
              0               0               1               0 
1
0.923879532511287 0.38268343236509               0               0 
-0.38268343236509 0.923879532511287               0               0 
              0               0               1             -12 
2  425 1 426 -1 1 -1 0
1
-0.592752310333733 0.659739608440829 0.461939766255693 361.787057715562 
0.659739608440829 0.726726906549294 -0.191341716182425 -149.857105996734 
-0.461939766255693 0.191341716182425 -0.866025403784439 80.9276951545867 
2  428 -1 425 1 426 -1 1 -1 0
1
              1               0               0               0 
              0               1               0               0 
              0               0               1               0 
1
0.923879532511287 0.38268343236509               0               0 
-0.38268343236509 0.923879532511287               0               0 
              0               0               1             -12 
2  430 1 431 -1 1 -1 0
1
-0.592752310333733 0.659739608440829 0.461939766255693 361.787057715562 
0.659739608440829 0.726726906549294 -0.191341716182425 -149.857105996734 
-0.461939766255693 0.191341716182425 -0.866025403784439 80.9276951545867 
2  433 -1 430 1 431 -1 1 -1 0
1
              1               0               0               0 
              0               1               0               0 
              0               0               1               0 
1
0.923879532511287 0.38268343236509               0               0 
-0.38268343236509 0.923879532511287               0               0 
              0               0               1             -12 
2  435 1 436 -1 1 -1 0
1
-0.592752310333733 0.659739608440829 0.461939766255693 361.787057715562 
0.659739608440829 0.726726906549294 -0.191341716182425 -149.857105996734 
-0.461939766255693 0.191341716182425 -0.866025403784439 80.9276951545867 
2  438 -1 435 1 436 -1 1 -1 0
1
              1               0               0               0 
              0               1               0               0 
              0               0               1               0 
1
0.923879532511287 0.38268343236509               0               0 
-0.38268343236509 0.923879532511287               0               0 
              0               0               1             -12 
2  440 1 441 -1 1 -1 0
1
-0.592752310333733 0.659739608440829 0.461939766255693 361.787057715562 
0.659739608440829 0.726726906549294 -0.191341716182425 -149.857105996734 
-0.461939766255693 0.191341716182425 -0.866025403784439 80.9276951545867 
2  443 -1 440 1 441 -1 1 -1 0
1
              1               0               0               0 
              0               1               0               0 
              0               0               1               0 
1
0.923879532511287 0.38268343236509               0               0 
-0.38268343236509 0.923879532511287               0               0 
              0               0               1             -12 
2  445 1 446 -1 1 -1 0
1
-0.592752310333733 0.659739608440829 0.461939766255693 361.787057715562 
0.659739608440829 0.726726906549294 -0.191341716182425 -149.857105996734 
-0.461939766255693 0.191341716182425 -0.866025403784439 80.9276951545867 
2  448 -1 445 1 446 -1 1 -1 0
1
              1               0               0               0 
              0               1               0               0 
              0               0               1               0 
1
0.923879532511287 0.38268343236509               0               0 
-0.38268343236509 0.923879532511287               0               0 
              0               0               1             -12 
2  450 1 451 -1 1 -1 0
1
-0.592752310333733 0.659739608440829 0.461939766255693 361.787057715562 
0.659739608440829 0.726726906549294 -0.191341716182425 -149.857105996734 
-0.461939766255693 0.191341716182425 -0.866025403784439 80.9276951545867 
2  453 -1 450 1 451 -1 1 -1 0
1
              1               0               0               0 
              0               1               0               0 
              0               0               1               0 
1
0.923879532511287 0.38268343236509               0               0 
-0.38268343236509 0.923879532511287               0               0 
              0               0               1             -12 
2  455 1 456 -1 1 -1 0
1
-0.592752310333733 0.659739608440829 0.461939766255693 361.787057715562 
0.659739608440829 0.726726906549294 -0.191341716182425 -149.857105996734 
-0.461939766255693 0.191341716182425 -0.866025403784439 80.9276951545867 
2  458 -1 455 1 456 -1 1 -1 0
1
              1               0               0               0 
              0               1               0               0 
              0               0               1               0 
1
0.923879532511287 0.38268343236509               0               0 
-0.38268343236509 0.923879532511287               0               0 
              0               0               1             -12 
2  460 1 461 -1 1 -1 0
1
-0.592752310333733 0.659739608440829 0.461939766255693 361.787057715562 
0.659739608440829 0.726726906549294 -0.191341716182425 -149.857105996734 
-0.461939766255693 0.191341716182425 -0.866025403784439 80.9276951545867 
2  463 -1 460 1 461 -1 1 -1 0
1
              1               0               0               0 
              0               1               0               0 
              0               0               1               0 
1
0.923879532511287 0.38268343236509               0               0 
-0.38268343236509 0.923879532511287               0               0 
              0               0               1             -12 
2  465 1 466 -1 1 -1 0
1
-0.592752310333733 0.659739608440829 0.461939766255693 361.787057715562 
0.659739608440829 0.726726906549294 -0.191341716182425 -149.857105996734 
-0.461939766255693 0.191341716182425 -0.866025403784439 80.9276951545867 
2  468 -1 465 1 466 -1 1 -1 0
1
              1               0               0               0 
              0               1               0               0 
              0               0               1               0 
1
0.923879532511287 0.38268343236509               0               0 
-0.38268343236509 0.923879532511287               0               0 
              0               0               1             -12 
2  470 1 471 -1 1 -1 0
1
-0.592752310333733 0.659739608440829 0.461939766255693 361.787057715562 
0.659739608440829 0.726726906549294 -0.191341716182425 -149.857105996734 
-0.461939766255693 0.191341716182425 -0.866025403784439 80.9276951545867 
2  473 -1 470 1 471 -1 1 -1 0
1
              1               0               0               0 
              0               1               0               0 
              0               0               1               0 
1
0.923879532511287 0.38268343236509               0               0 
-0.38268343236509 0.923879532511287               0               0 
              0               0               1             -12 
2  475 1 476 -1 1 -1 0
1
-0.592752310333733 0.659739608440829 0.461939766255693 361.787057715562 
0.659739608440829 0.726726906549294 -0.191341716182425 -149.857105996734 
-0.461939766255693 0.191341716182425 -0.866025403784439 80.9276951545867 
2  478 -1 475 1 476 -1 1 -1 0
1
              1               0               0               0 
              0               1               0               0 
              0               0               1               0 
1
0.923879532511287 0.38268343236509               0               0 
-0.38268343236509 0.923879532511287               0               0 
              0               0               1             -12 
2  480 1 481 -1 1 -1 0
1
-0.592752310333733 0.659739608440829 0.461939766255693 361.787057715562 
0.659739608440829 0.726726906549294 -0.191341716182425 -149.857105996734 
-0.461939766255693 0.191341716182425 -0.866025403784439 80.9276951545867 
2  483 -1 480 1 481 -1 1 -1 0
1
              1               0               0               0 
              0               1               0               0 
              0               0               1               0 
1
0.923879532511287 0.38268343236509               0               0 
-0.38268343236509 0.923879532511287               0               0 
              0               0               1             -12 
2  485 1 486 -1 1 -1 0
1
-0.592752310333733 0.659739608440829 0.461939766255693 361.787057715562 
0.659739608440829 0.726726906549294 -0.191341716182425 -149.857105996734 
-0.461939766255693 0.191341716182425 -0.866025403784439 80.9276951545867 
2  488 -1 485 1 486 -1 1 -1 0
1
              1               0               0               0 
              0               1               0               0 
              0               0               1               0 
1
0.923879532511287 0.38268343236509               0               0 
-0.38268343236509 0.923879532511287               0               0 
              0               0               1             -12 
2  490 1 491 -1 1 -1 0
1
-0.592752310333733 0.659739608440829 0.461939766255693 361.787057715562 
0.659739608440829 0.726726906549294 -0.191341716182425 -149.857105996734 
-0.461939766255693 0.191341716182425 -0.866025403784439 80.9276951545867 
2  493 -1 490 1 491 -1 1 -1 0
1
              1               0               0               0 
              0               1               0               0 
              0               0               1               0 
1
0.923879532511287 0.38268343236509               0               0 
-0.38268343236509 0.923879532511287               0               0 
              0               0               1             -12 
2  495 1 496 -1 1 -1 0
1
-0.592752310333733 0.659739608440829 0.461939766255693 361.787057715562 
0.659739608440829 0.726726906549294 -0.191341716182425 -149.857105996734 
-0.461939766255693 0.191341716182425 -0.866025403784439 80.9276951545867 
2  498 -1 495 1 496 -1 1 -1 0
1
              1               0               0               0 
              0               1               0               0 
              0               0               1               0 
1
0.923879532511287 0.38268343236509               0               0 
-0.38268343236509 0.923879532511287               0               0 
              0               0               1             -12 
2  500 1 501 -1 1 -1 0
1
-0.592752310333733 0.659739608440829 0.461939766255693 361.787057715562 
0.659739608440829 0.726726906549294 -0.191341716182425 -149.857105996734 
-0.461939766255693 0.191341716182425 -0.866025403784439 80.9276951545867 
2  503 -1 500 1 501 -1 1 -1 0
1
              1               0               0               0 
              0               1               0               0 
              0               0               1               0 
1
0.923879532511287 0.38268343236509               0               0 
-0.38268343236509 0.923879532511287               0               0 
              0               0               1             -12 
2  505 1 506 -1 1 -1 0
1
-0.592752310333733 0.659739608440829 0.461939766255693 361.787057715562 
0.659739608440829 0.726726906549294 -0.191341716182425 -149.857105996734 
-0.461939766255693 0.191341716182425 -0.866025403784439 80.9276951545867 
2  508 -1 505 1 506 -1 1 -1 0
1
              1               0               0               0 
              0               1               0               0 
              0               0               1               0 
1
0.923879532511287 0.38268343236509               0               0 
-0.38268343236509 0.923879532511287               0               0 
              0               0               1             -12 
2  510 1 511 -1 1 -1 0
1
-0.592752310333733 0.659739608440829 0.461939766255693 361.787057715562 
0.659739608440829 0.726726906549294 -0.191341716182425 -149.857105996734 
-0.461939766255693 0.191341716182425 -0.866025403784439 80.9276951545867 
2  513 -1 510 1 511 -1 1 -1 0
1
              1               0               0               0 
              0               1               0               0 
              0               0               1               0 
1
0.923879532511287 0.38268343236509               0               0 
-0.38268343236509 0.923879532511287               0               0 
              0               0               1             -12 
2  515 1 516 -1 1 -1 0
1
-0.592752310333733 0.659739608440829 0.461939766255693 361.787057715562 
0.659739608440829 0.726726906549294 -0.191341716182425 -149.857105996734 
-0.461939766255693 0.191341716182425 -0.866025403784439 80.9276951545867 
2  518 -1 515 1 516 -1 1 -1 0
1
              1               0               0               0 
              0               1               0               0 
              0               0               1               0 
1
0.923879532511287 0.38268343236509               0               0 
-0.38268343236509 0.923879532511287               0               0 
              0               0               1             -12 
2  520 1 521 -1 1 -1 0
1
-0.592752310333733 0.659739608440829 0.461939766255693 361.787057715562 
0.659739608440829 0.726726906549294 -0.191341716182425 -149.857105996734 
-0.461939766255693 0.191341716182425 -0.866025403784439 80.9276951545867 
2  523 -1 520 1 521 -1 1 -1 0
1
              1               0               0               0 
              0               1               0               0 
              0               0               1               0 
1
0.923879532511287 0.38268343236509               0               0 
-0.38268343236509 0.923879532511287               0               0 
              0               0               1             -12 
2  525 1 526 -1 1 -1 0
1
-0.592752310333733 0.659739608440829 0.461939766255693 361.787057715562 
0.659739608440829 0.726726906549294 -0.191341716182425 -149.857105996734 
-0.461939766255693 0.191341716182425 -0.866025403784439 80.9276951545867 
2  528 -1 525 1 526 -1 1 -1 0
1
              1               0               0               0 
              0               1               0               0 
              0               0               1               0 
1
0.923879532511287 0.38268343236509               0               0 
-0.38268343236509 0.923879532511287               0               0 
              0               0               1             -12 
2  530 1 531 -1 1 -1 0
1
-0.592752310333733 0.659739608440829 0.461939766255693 361.787057715562 
0.659739608440829 0.726726906549294 -0.191341716182425 -149.857105996734 
-0.461939766255693 0.191341716182425 -0.866025403784439 80.9276951545867 
2  533 -1 530 1 531 -1 1 -1 0
1
              1               0               0               0 
              0               1               0               0 
              0               0               1               0 
1
0.923879532511287 0.38268343236509               0               0 
-0.38268343236509 0.923879532511287               0               0 
              0               0               1             -12 
2  535 1 536 -1 1 -1 0
1
-0.592752310333733 0.659739608440829 0.461939766255693 361.787057715562 
0.659739608440829 0.726726906549294 -0.191341716182425 -149.857105996734 
-0.461939766255693 0.191341716182425 -0.866025403784439 80.9276951545867 
2  538 -1 535 1 536 -1 1 -1 0
1
              1               0               0               0 
              0               1               0               0 
              0               0               1               0 
1
0.923879532511287 0.38268343236509               0               0 
-0.38268343236509 0.923879532511287               0               0 
              0               0               1             -12 
2  540 1 541 -1 1 -1 0
1
-0.592752310333733 0.659739608440829 0.461939766255693 361.787057715562 
0.659739608440829 0.726726906549294 -0.191341716182425 -149.857105996734 
-0.461939766255693 0.191341716182425 -0.866025403784439 80.9276951545867 
2  543 -1 540 1 541 -1 1 -1 0
1
              1               0               0               0 
              0               1               0               0 
              0               0               1               0 
1
0.923879532511287 0.38268343236509               0               0 
-0.38268343236509 0.923879532511287               0               0 
              0               0               1             -12 
2  545 1 546 -1 1 -1 0
1
-0.592752310333733 0.659739608440829 0.461939766255693 361.787057715562 
0.659739608440829 0.726726906549294 -0.191341716182425 -149.857105996734 
-0.461939766255693 0.191341716182425 -0.866025403784439 80.9276951545867 
2  548 -1 545 1 546 -1 1 -1 0
1
              1               0               0               0 
              0               1               0               0 
              0               0               1               0 
1
0.923879532511287 0.38268343236509               0               0 
-0.38268343236509 0.923879532511287               0               0 
              0               0               1             -12 
2  550 1 551 -1 1 -1 0
1
-0.592752310333733 0.659739608440829 0.461939766255693 361.787057715562 
0.659739608440829 0.726726906549294 -0.191341716182425 -149.857105996734 
-0.461939766255693 0.191341716182425 -0.866025403784439 80.9276951545867 
2  553 -1 550 1 551 -1 1 -1 0
1
              1               0               0               0 
              0               1               0               0 
              0               0               1               0 
1
0.923879532511287 0.38268343236509               0               0 
-0.38268343236509 0.923879532511287               0               0 
              0               0               1             -12 
2  555 1 556 -1 1 -1 0
1
-0.592752310333733 0.659739608440829 0.461939766255693 361.787057715562 
0.659739608440829 0.726726906549294 -0.191341716182425 -149.857105996734 
-0.461939766255693 0.191341716182425 -0.866025403784439 80.9276951545867 
2  558 -1 555 1 556 -1 1 -1 0
1
              1               0               0               0 
              0               1               0               0 
              0               0               1               0 
1
0.923879532511287 0.38268343236509               0               0 
-0.38268343236509 0.923879532511287               0               0 
              0               0               1             -12 
2  560 1 561 -1 1 -1 0
1
-0.592752310333733 0.659739608440829 0.461939766255693 361.787057715562 
0.659739608440829 0.726726906549294 -0.191341716182425 -149.857105996734 
-0.461939766255693 0.191341716182425 -0.866025403784439 80.9276951545867 
2  563 -1 560 1 561 -1 1 -1 0
1
              1               0               0               0 
              0               1               0               0 
              0               0               1               0 
1
0.923879532511287 0.38268343236509               0               0 
-0.38268343236509 0.923879532511287               0               0 
              0               0               1             -12 
2  565 1 566 -1 1 -1 0
1
-0.592752310333733 0.659739608440829 0.461939766255693 361.787057715562 
0.659739608440829 0.726726906549294 -0.191341716182425 -149.857105996734 
-0.461939766255693 0.191341716182425 -0.866025403784439 80.9276951545867 
2  568 -1 565 1 566 -1 1 -1 0
1
              1               0               0               0 
              0               1               0               0 
              0               0               1               0 
1
0.923879532511287 0.38268343236509               0               0 
-0.38268343236509 0.923879532511287               0               0 
              0               0               1             -12 
2  570 1 571 -1 1 -1 0
1
-0.592752310333733 0.659739608440829 0.461939766255693 361.787057715562 
0.659739608440829 0.726726906549294 -0.191341716182425 -149.857105996734 
-0.461939766255693 0.191341716182425 -0.866025403784439 80.9276951545867 
2  573 -1 570 1 571 -1 1 -1 0
1
              1               0               0               0 
              0               1               0               0 
              0               0               1               0 
1
0.923879532511287 0.38268343236509               0               0 
-0.38268343236509 0.923879532511287               0               0 
              0               0               1             -12 
2  575 1 576 -1 1 -1 0
1
-0.592752310333733 0.659739608440829 0.461939766255693 361.787057715562 
0.659739608440829 0.726726906549294 -0.191341716182425 -149.857105996734 
-0.461939766255693 0.191341716182425 -0.866025403784439 80.9276951545867 
2  578 -1 575 1 576 -1 1 -1 0
1
              1               0               0               0 
              0               1               0               0 
              0               0               1               0 
1
0.923879532511287 0.38268343236509               0               0 
-0.38268343236509 0.923879532511287               0               0 
              0               0               1             -12 
2  580 1 581 -1 1 -1 0
1
-0.592752310333733 0.659739608440829 0.461939766255693 361.787057715562 
0.659739608440829 0.726726906549294 -0.191341716182425 -149.857105996734 
-0.461939766255693 0.191341716182425 -0.866025403784439 80.9276951545867 
2  583 -1 580 1 581 -1 1 -1 0
1
              1               0               0               0 
              0               1               0               0 
              0               0               1               0 
1
0.923879532511287 0.38268343236509               0               0 
-0.38268343236509 0.923879532511287               0               0 
              0               0               1             -12 
2  585 1 586 -1 1 -1 0
1
-0.592752310333733 0.659739608440829 0.461939766255693 361.787057715562 
0.659739608440829 0.726726906549294 -0.191341716182425 -149.857105996734 
-0.461939766255693 0.191341716182425 -0.866025403784439 80.9276951545867 
2  588 -1 585 1 586 -1 1 -1 0
1
              1               0               0               0 
              0               1               0               0 
              0               0               1               0 
1
0.923879532511287 0.38268343236509               0               0 
-0.38268343236509 0.923879532511287               0               0 
              0               0               1             -12 
2  590 1 591 -1 1 -1 0
1
-0.592752310333733 0.659739608440829 0.461939766255693 361.787057715562 
0.659739608440829 0.726726906549294 -0.191341716182425 -149.857105996734 
-0.461939766255693 0.191341716182425 -0.866025403784439 80.9276951545867 
2  593 -1 590 1 591 -1 1 -1 0
1
              1               0               0               0 
              0               1               0               0 
              0               0               1               0 
1
0.923879532511287 0.38268343236509               0               0 
-0.38268343236509 0.923879532511287               0               0 
              0               0               1             -12 
2  595 1 596 -1 1 -1 0
1
-0.592752310333733 0.659739608440829 0.461939766255693 361.787057715562 
0.659739608440829 0.726726906549294 -0.191341716182425 -149.857105996734 
-0.461939766255693 0.191341716182425 -0.866025403784439 80.9276951545867 
2  598 -1 595 1 596 -1 1 -1 0
1
              1               0               0               0 
              0               1               0               0 
              0               0               1               0 
1
0.923879532511287 0.38268343236509               0               0 
-0.38268343236509 0.923879532511287               0               0 
              0               0               1             -12 
2  600 1 601 -1 1 -1 0
1
-0.592752310333733 0.659739608440829 0.461939766255693 361.787057715562 
0.659739608440829 0.726726906549294 -0.191341716182425 -149.857105996734 
-0.461939766255693 0.191341716182425 -0.866025403784439 80.9276951545867 
2  603 -1 600 1 601 -1 1 -1 0
1
              1               0               0               0 
              0               1               0               0 
              0               0               1               0 
1
0.923879532511287 0.38268343236509               0               0 
-0.38268343236509 0.923879532511287               0               0 
              0               0               1             -12 
2  605 1 606 -1 1 -1 0
1
-0.592752310333733 0.659739608440829 0.461939766255693 361.787057715562 
0.659739608440829 0.726726906549294 -0.191341716182425 -149.857105996734 
-0.461939766255693 0.191341716182425 -0.866025403784439 80.9276951545867 
2  608 -1 605 1 606 -1 1 -1 0
1
              1               0               0               0 
              0               1               0               0 
              0               0               1               0 
1
0.923879532511287 0.38268343236509               0               0 
-0.38268343236509 0.923879532511287               0               0 
              0               0               1             -12 
2  610 1 611 -1 1 -1 0
1
-0.592752310333733 0.659739608440829 0.461939766255693 361.787057715562 
0.659739608440829 0.726726906549294 -0.191341716182425 -149.857105996734 
-0.461939766255693 0.191341716182425 -0.866025403784439 80.9276951545867 
2  613 -1 610 1 611 -1 1 -1 0
1
              1               0               0               0 
              0               1               0               0 
              0               0               1               0 
1
0.923879532511287 0.38268343236509               0               0 
-0.38268343236509 0.923879532511287               0               0 
              0               0               1             -12 
2  615 1 616 -1 1 -1 0
1
-0.592752310333733 0.659739608440829 0.461939766255693 361.787057715562 
0.659739608440829 0.726726906549294 -0.191341716182425 -149.857105996734 
-0.461939766255693 0.191341716182425 -0.866025403784439 80.9276951545867 
2  618 -1 615 1 616 -1 1 -1 0
1
              1               0               0               0 
              0               1               0               0 
              0               0               1               0 
1
0.923879532511287 0.38268343236509               0               0 
-0.38268343236509 0.923879532511287               0               0 
              0               0               1             -12 
2  620 1 621 -1 1 -1 0
1
-0.592752310333733 0.659739608440829 0.461939766255693 361.787057715562 
0.659739608440829 0.726726906549294 -0.191341716182425 -149.857105996734 
-0.461939766255693 0.191341716182425 -0.866025403784439 80.9276951545867 
2  623 -1 620 1 621 -1 1 -1 0
1
              1               0               0               0 
              0               1               0               0 
              0               0               1               0 
1
0.923879532511287 0.38268343236509               0               0 
-0.38268343236509 0.923879532511287               0               0 
              0               0               1             -12 
2  625 1 626 -1 1 -1 0
1
-0.592752310333733 0.659739608440829 0.461939766255693 361.787057715562 
0.659739608440829 0.726726906549294 -0.191341716182425 -149.857105996734 
-0.461939766255693 0.191341716182425 -0.866025403784439 80.9276951545867 
2  628 -1 625 1 626 -1 1 -1 0
1
              1               0               0               0 
              0               1               0               0 
              0               0               1               0 
1
0.923879532511287 0.38268343236509               0               0 
-0.38268343236509 0.923879532511287               0               0 
              0               0               1             -12 
2  630 1 631 -1 1 -1 0
1
-0.592752310333733 0.659739608440829 0.461939766255693 361.787057715562 
0.659739608440829 0.726726906549294 -0.191341716182425 -149.857105996734 
-0.461939766255693 0.191341716182425 -0.866025403784439 80.9276951545867 
2  633 -1 630 1 631 -1 1 -1 0
1
              1               0               0               0 
              0               1               0               0 
              0               0               1               0 
1
0.923879532511287 0.38268343236509               0               0 
-0.38268343236509 0.923879532511287               0               0 
              0               0               1             -12 
2  635 1 636 -1 1 -1 0
1
-0.592752310333733 0.659739608440829 0.461939766255693 361.787057715562 
0.659739608440829 0.726726906549294 -0.191341716182425 -149.857105996734 
-0.461939766255693 0.191341716182425 -0.866025403784439 80.9276951545867 
2  638 -1 635 1 636 -1 1 -1 0
2  3 1 2 -1 1 -1 0
2  4 -1 3 1 2 -1 1 -1 0
2  2 -1 1 -1 0
2  3 -1 4 1 0
2  1 1 2 1 0
Curve2ds 525
1 0 0 0 1 
7 1 0  10 27 4  54.944318679636012 38.773122855951755  1.1325565747149673 45.542867656779549 36.513062785620093  1.1325565747149748 36.395110712291412 33.991023681031422  1.132556574714934 27.534132584194879 31.215029190940115  1.1325565747150454 18.991872638389893 28.194304009151267  1.1325565747148369 10.798924443245966 24.939229877561033  1.1325565747151221 2.9843442833900724 21.461292638569972  1.1325565747148345 -4.4245320879524286 17.773021952699651  1.1325565747150423 -11.402260047410351 13.887922523001322  1.1325565747149418 -21.187051476874785 7.7866400589969373  1.1325565747149846 -29.901528591901183 1.3091170707205464  1.1325565747149564 -32.68478528823627 -0.88996124046030189  1.1325565747149988 -35.343966746288743 -3.1269931345969582  1.1325565747149182 -37.876710865647766 -5.3999816609430837  1.1325565747150155 -40.280804670019677 -7.7068869695360718  1.1325565747149333 -42.554189253667602 -10.045630738506674  1.1325565747149824 -44.694964436406735 -12.414101660650587  1.1325565747149675 -48.707820605858132 -17.20622256073927  1.1325565747149571 -52.176995093785052 -22.100077024541434  1.1325565747149868 -53.774088591087036 -24.570281509357404  1.1325565747148776 -55.232279402213038 -27.06158853260759  1.1325565747151438 -56.550324781358825 -29.571812639720267  1.1325565747147353 -57.727148291499986 -32.098765897623316  1.1325565747151864 -58.761836899062246 -34.64026715225701  1.1325565747148121 -59.653634162779468 -37.194149170924582  1.1325565747150459 -60.401930764756514 -39.758260430404214  1.1325565747149446 -61.006257454156668 -42.330461734494975  1.1325565747149671
 5.1616053782088862 11 5.6644230660807562 8 5.9158319100166921 8 6.1672407539526271 11
1 0 5.1616053782088862 1 0 
7 0 0  10 11 2  -11.383171966327353 6.4761791192815954  -12.093460219265401 2.6549942148025858  -11.470799944602945 -1.4165396813139461  -9.4136477058931192 -5.2117185109823065  -6.0658143558799669 -8.159354109746161  -1.818392872834494 -9.7825289484254778  2.7286009149136827 -9.7940747564707671  6.9120367602549804 -8.2463640953630115  10.195566180853644 -5.4439201215354984  12.239729461145052 -1.8680998564242635  12.950017714083051 1.9530850480547026 
 0 11 3.1415926535897918 11
1 3.1415926535897918 0 0 1 
7 1 0  10 27 4  66.051080721648432 16.6552039452108  1.1325565747149673 57.29639515770252 14.719924433037804  1.1325565747149748 48.809576086914831 12.556095626294081  1.132556574714934 40.626179422959154 10.176377190035396  1.1325565747150454 32.780551160873557 7.5956851835939858  1.1325565747148369 25.30552848705301 4.8314041396118199  1.1325565747151221 18.23210326623412 1.903658578545631  1.1325565747148345 11.58883503361568 -1.1642876791518546  1.1325565747150423 5.401156371444273 -4.3456359085699034  1.1325565747149418 -3.1659536756033333 -9.2413644287395869  1.1325565747149846 -10.631353625254548 -14.246124013531599  1.1325565747149564 -12.995736005348135 -15.922240494762704  1.1325565747149988 -15.234817737863295 -17.601774833607948  1.1325565747149182 -17.347919820188821 -19.280125055893478  1.1325565747150155 -19.334989740441841 -20.952585511151085  1.1325565747149333 -21.196706844061424 -22.614445595265973  1.1325565747149824 -22.934588395387351 -24.261154016014039  1.1325565747149675 -26.16752434563935 -27.515960760002834  1.1325565747149571 -28.927965353325476 -30.679768632100245  1.1325565747149868 -30.193351699987545 -32.235478111161179  1.1325565747148776 -31.348062138566689 -33.762252771154195  1.1325565747151438 -32.39708106561676 -35.258369444875896  1.1325565747147353 -33.346084523272594 -36.723459366154053  1.1325565747151864 -34.201125218291338 -38.158908657318086  1.1325565747148121 -34.968078153795489 -39.568114371342567  1.1325565747150459 -35.651930764756372 -40.956379748280874  1.1325565747149446 -36.256257454156668 -42.330461734494939  1.1325565747149671
 5.1616053782088862 11 5.6644230660807562 8 5.9158319100166921 8 6.1672407539526271 11
1 0 6.1672407539526271 1 0 
7 0 0  10 11 2  9.7925120233509819 -8.6962180442147456  11.279864413658171 -5.105431731507335  11.51517322710813 -0.99328827010104892  10.289865267701504 3.1460206199177256  7.6261608346522962 6.7239002232518796  3.8077371753555775 9.1926907306915044  -0.63799459672122139 10.147025484486084  -5.0514609941896582 9.5006060223835416  -8.844817946888087 7.4400962039647478  -11.586154015996181 4.3659832195286317  -13.07350640630335 0.77519690682123432 
 0 11 3.1415926535897918 11
7 0 0  7 8 2  0 3.1415926535895355  0 3.5902667197126092  0 4.0393891761908405  0 4.4877602190902763  0 4.9370177416786296  0 5.3853887845779624  0 5.8345112410562505  0 6.2831853071793278 
 0 8 3.1415926535897918 8
7 0 0  1 2 2  66.051080721648447 16.655203945210786  54.944318679635998 38.773122855951769 
 0 2 24.750000000000028 2
1 12.950017714083071 1.9530850480546997 -0.98315917900648175 0.18275127560512638 
1 0 3.141592653589536 1 0 
2 0 0 1 0 -0 1 0.62499999999822375
1 25.37500000000361 0 -1 0 
1 -21.975394621033274 12.687500000001805 0.86602540378443871 -0.49999999999999994 
1 25.37500000000361 0 -1 0 
1 -21.975394621033274 12.687500000001805 0.86602540378443871 -0.49999999999999994 
1 25.37500000000361 0 -1 0 
1 -21.975394621033274 12.687500000001805 0.86602540378443871 -0.49999999999999994 
1 25.37500000000361 0 -1 0 
1 -21.975394621033274 12.687500000001805 0.86602540378443871 -0.49999999999999994 
1 25.37500000000361 0 -1 0 
1 -21.975394621033274 12.687500000001805 0.86602540378443871 -0.49999999999999994 
1 25.37500000000361 0 -1 0 
1 -21.975394621033274 12.687500000001805 0.86602540378443871 -0.49999999999999994 
1 25.37500000000361 0 -1 0 
1 -21.975394621033274 12.687500000001805 0.86602540378443871 -0.49999999999999994 
1 25.37500000000361 0 -1 0 
1 -21.975394621033274 12.687500000001805 0.86602540378443871 -0.49999999999999994 
1 25.37500000000361 0 -1 0 
1 -21.975394621033274 12.687500000001805 0.86602540378443871 -0.49999999999999994 
1 25.37500000000361 0 -1 0 
1 -21.975394621033274 12.687500000001805 0.86602540378443871 -0.49999999999999994 
1 25.37500000000361 0 -1 0 
1 -21.975394621033274 12.687500000001805 0.86602540378443871 -0.49999999999999994 
1 25.37500000000361 0 -1 0 
1 -21.975394621033274 12.687500000001805 0.86602540378443871 -0.49999999999999994 
1 25.37500000000361 0 -1 0 
1 -21.975394621033274 12.687500000001805 0.86602540378443871 -0.49999999999999994 
1 25.37500000000361 0 -1 0 
1 -21.975394621033274 12.687500000001805 0.86602540378443871 -0.49999999999999994 
1 25.37500000000361 0 -1 0 
1 -21.975394621033274 12.687500000001805 0.86602540378443871 -0.49999999999999994 
1 25.37500000000361 0 -1 0 
1 -21.975394621033274 12.687500000001805 0.86602540378443871 -0.49999999999999994 
1 25.37500000000361 0 -1 0 
1 -21.975394621033274 12.687500000001805 0.86602540378443871 -0.49999999999999994 
1 25.37500000000361 0 -1 0 
1 -21.975394621033274 12.687500000001805 0.86602540378443871 -0.49999999999999994 
1 25.37500000000361 0 -1 0 
1 -21.975394621033274 12.687500000001805 0.86602540378443871 -0.49999999999999994 
1 25.37500000000361 0 -1 0 
1 -21.975394621033274 12.687500000001805 0.86602540378443871 -0.49999999999999994 
1 25.37500000000361 0 -1 0 
1 -21.975394621033274 12.687500000001805 0.86602540378443871 -0.49999999999999994 
1 25.37500000000361 0 -1 0 
1 -21.975394621033274 12.687500000001805 0.86602540378443871 -0.49999999999999994 
1 25.37500000000361 0 -1 0 
1 -21.975394621033274 12.687500000001805 0.86602540378443871 -0.49999999999999994 
1 25.37500000000361 0 -1 0 
1 -21.975394621033274 12.687500000001805 0.86602540378443871 -0.49999999999999994 
1 25.37500000000361 0 -1 0 
1 -21.975394621033274 12.687500000001805 0.86602540378443871 -0.49999999999999994 
1 25.37500000000361 0 -1 0 
1 -21.975394621033274 12.687500000001805 0.86602540378443871 -0.49999999999999994 
1 25.37500000000361 0 -1 0 
1 -21.975394621033274 12.687500000001805 0.86602540378443871 -0.49999999999999994 
1 25.37500000000361 0 -1 0 
1 -21.975394621033274 12.687500000001805 0.86602540378443871 -0.49999999999999994 
1 25.37500000000361 0 -1 0 
1 -21.975394621033274 12.687500000001805 0.86602540378443871 -0.49999999999999994 
1 25.37500000000361 0 -1 0 
1 -21.975394621033274 12.687500000001805 0.86602540378443871 -0.49999999999999994 
1 25.37500000000361 0 -1 0 
1 -21.975394621033274 12.687500000001805 0.86602540378443871 -0.49999999999999994 
1 25.37500000000361 0 -1 0 
1 -21.975394621033274 12.687500000001805 0.86602540378443871 -0.49999999999999994 
1 25.37500000000361 0 -1 0 
1 -21.975394621033274 12.687500000001805 0.86602540378443871 -0.49999999999999994 
1 25.37500000000361 0 -1 0 
1 -21.975394621033274 12.687500000001805 0.86602540378443871 -0.49999999999999994 
1 25.37500000000361 0 -1 0 
1 -21.975394621033274 12.687500000001805 0.86602540378443871 -0.49999999999999994 
1 25.37500000000361 0 -1 0 
1 -21.975394621033274 12.687500000001805 0.86602540378443871 -0.49999999999999994 
1 25.37500000000361 0 -1 0 
1 -21.975394621033274 12.687500000001805 0.86602540378443871 -0.49999999999999994 
1 25.37500000000361 0 -1 0 
1 -21.975394621033274 12.687500000001805 0.86602540378443871 -0.49999999999999994 
1 25.37500000000361 0 -1 0 
1 -21.975394621033274 12.687500000001805 0.86602540378443871 -0.49999999999999994 
1 25.37500000000361 0 -1 0 
1 -21.975394621033274 12.687500000001805 0.86602540378443871 -0.49999999999999994 
1 25.37500000000361 0 -1 0 
1 -21.975394621033274 12.687500000001805 0.86602540378443871 -0.49999999999999994 
1 25.37500000000361 0 -1 0 
1 -21.975394621033274 12.687500000001805 0.86602540378443871 -0.49999999999999994 
1 25.37500000000361 0 -1 0 
1 -21.975394621033274 12.687500000001805 0.86602540378443871 -0.49999999999999994 
1 25.37500000000361 0 -1 0 
1 -21.975394621033274 12.687500000001805 0.86602540378443871 -0.49999999999999994 
1 25.37500000000361 0 -1 0 
1 -21.975394621033274 12.687500000001805 0.86602540378443871 -0.49999999999999994 
1 25.37500000000361 0 -1 0 
1 -21.975394621033274 12.687500000001805 0.86602540378443871 -0.49999999999999994 
1 25.37500000000361 0 -1 0 
1 -21.975394621033274 12.687500000001805 0.86602540378443871 -0.49999999999999994 
1 25.37500000000361 0 -1 0 
1 -21.975394621033274 12.687500000001805 0.86602540378443871 -0.49999999999999994 
1 25.37500000000361 0 -1 0 
1 -21.975394621033274 12.687500000001805 0.86602540378443871 -0.49999999999999994 
1 25.37500000000361 0 -1 0 
1 -21.975394621033274 12.687500000001805 0.86602540378443871 -0.49999999999999994 
1 25.37500000000361 0 -1 0 
1 -21.975394621033274 12.687500000001805 0.86602540378443871 -0.49999999999999994 
1 25.37500000000361 0 -1 0 
1 -21.975394621033274 12.687500000001805 0.86602540378443871 -0.49999999999999994 
1 25.37500000000361 0 -1 0 
1 -21.975394621033274 12.687500000001805 0.86602540378443871 -0.49999999999999994 
1 25.37500000000361 0 -1 0 
1 -21.975394621033274 12.687500000001805 0.86602540378443871 -0.49999999999999994 
1 25.37500000000361 0 -1 0 
1 -21.975394621033274 12.687500000001805 0.86602540378443871 -0.49999999999999994 
1 25.37500000000361 0 -1 0 
1 -21.975394621033274 12.687500000001805 0.86602540378443871 -0.49999999999999994 
1 25.37500000000361 0 -1 0 
1 -21.975394621033274 12.687500000001805 0.86602540378443871 -0.49999999999999994 
1 25.37500000000361 0 -1 0 
1 -21.975394621033274 12.687500000001805 0.86602540378443871 -0.49999999999999994 
1 25.37500000000361 0 -1 0 
1 -21.975394621033274 12.687500000001805 0.86602540378443871 -0.49999999999999994 
1 25.37500000000361 0 -1 0 
1 -21.975394621033274 12.687500000001805 0.86602540378443871 -0.49999999999999994 
1 25.37500000000361 0 -1 0 
1 -21.975394621033274 12.687500000001805 0.86602540378443871 -0.49999999999999994 
1 25.37500000000361 0 -1 0 
1 -21.975394621033274 12.687500000001805 0.86602540378443871 -0.49999999999999994 
1 25.37500000000361 0 -1 0 
1 -21.975394621033274 12.687500000001805 0.86602540378443871 -0.49999999999999994 
1 25.37500000000361 0 -1 0 
1 -21.975394621033274 12.687500000001805 0.86602540378443871 -0.49999999999999994 
1 25.37500000000361 0 -1 0 
1 -21.975394621033274 12.687500000001805 0.86602540378443871 -0.49999999999999994 
1 25.37500000000361 0 -1 0 
1 -21.975394621033274 12.687500000001805 0.86602540378443871 -0.49999999999999994 
1 25.37500000000361 0 -1 0 
1 -21.975394621033274 12.687500000001805 0.86602540378443871 -0.49999999999999994 
1 25.37500000000361 0 -1 0 
1 -21.975394621033274 12.687500000001805 0.86602540378443871 -0.49999999999999994 
1 25.37500000000361 0 -1 0 
1 -21.975394621033274 12.687500000001805 0.86602540378443871 -0.49999999999999994 
1 25.37500000000361 0 -1 0 
1 -21.975394621033274 12.687500000001805 0.86602540378443871 -0.49999999999999994 
1 25.37500000000361 0 -1 0 
1 -21.975394621033274 12.687500000001805 0.86602540378443871 -0.49999999999999994 
1 25.37500000000361 0 -1 0 
1 -21.975394621033274 12.687500000001805 0.86602540378443871 -0.49999999999999994 
1 25.37500000000361 0 -1 0 
1 -21.975394621033274 12.687500000001805 0.86602540378443871 -0.49999999999999994 
1 25.37500000000361 0 -1 0 
1 -21.975394621033274 12.687500000001805 0.86602540378443871 -0.49999999999999994 
1 25.37500000000361 0 -1 0 
1 -21.975394621033274 12.687500000001805 0.86602540378443871 -0.49999999999999994 
1 25.37500000000361 0 -1 0 
1 -21.975394621033274 12.687500000001805 0.86602540378443871 -0.49999999999999994 
1 25.37500000000361 0 -1 0 
1 -21.975394621033274 12.687500000001805 0.86602540378443871 -0.49999999999999994 
1 25.37500000000361 0 -1 0 
1 -21.975394621033274 12.687500000001805 0.86602540378443871 -0.49999999999999994 
1 25.37500000000361 0 -1 0 
1 -21.975394621033274 12.687500000001805 0.86602540378443871 -0.49999999999999994 
1 25.37500000000361 0 -1 0 
1 -21.975394621033274 12.687500000001805 0.86602540378443871 -0.49999999999999994 
1 25.37500000000361 0 -1 0 
1 -21.975394621033274 12.687500000001805 0.86602540378443871 -0.49999999999999994 
1 25.37500000000361 0 -1 0 
1 -21.975394621033274 12.687500000001805 0.86602540378443871 -0.49999999999999994 
1 25.37500000000361 0 -1 0 
1 -21.975394621033274 12.687500000001805 0.86602540378443871 -0.49999999999999994 
1 25.37500000000361 0 -1 0 
1 -21.975394621033274 12.687500000001805 0.86602540378443871 -0.49999999999999994 
1 25.37500000000361 0 -1 0 
1 -21.975394621033274 12.687500000001805 0.86602540378443871 -0.49999999999999994 
1 25.37500000000361 0 -1 0 
1 -21.975394621033274 12.687500000001805 0.86602540378443871 -0.49999999999999994 
1 25.37500000000361 0 -1 0 
1 -21.975394621033274 12.687500000001805 0.86602540378443871 -0.49999999999999994 
1 25.37500000000361 0 -1 0 
1 -21.975394621033274 12.687500000001805 0.86602540378443871 -0.49999999999999994 
1 25.37500000000361 0 -1 0 
1 -21.975394621033274 12.687500000001805 0.86602540378443871 -0.49999999999999994 
1 25.37500000000361 0 -1 0 
1 -21.975394621033274 12.687500000001805 0.86602540378443871 -0.49999999999999994 
1 25.37500000000361 0 -1 0 
1 -21.975394621033274 12.687500000001805 0.86602540378443871 -0.49999999999999994 
1 25.37500000000361 0 -1 0 
1 -21.975394621033274 12.687500000001805 0.86602540378443871 -0.49999999999999994 
1 25.37500000000361 0 -1 0 
1 -21.975394621033274 12.687500000001805 0.86602540378443871 -0.49999999999999994 
1 25.37500000000361 0 -1 0 
1 -21.975394621033274 12.687500000001805 0.86602540378443871 -0.49999999999999994 
1 25.37500000000361 0 -1 0 
1 -21.975394621033274 12.687500000001805 0.86602540378443871 -0.49999999999999994 
1 25.37500000000361 0 -1 0 
1 -21.975394621033274 12.687500000001805 0.86602540378443871 -0.49999999999999994 
1 25.37500000000361 0 -1 0 
1 -21.975394621033274 12.687500000001805 0.86602540378443871 -0.49999999999999994 
1 25.37500000000361 0 -1 0 
1 -21.975394621033274 12.687500000001805 0.86602540378443871 -0.49999999999999994 
1 25.37500000000361 0 -1 0 
1 -21.975394621033274 12.687500000001805 0.86602540378443871 -0.49999999999999994 
1 25.37500000000361 0 -1 0 
1 -21.975394621033274 12.687500000001805 0.86602540378443871 -0.49999999999999994 
1 25.37500000000361 0 -1 0 
1 -21.975394621033274 12.687500000001805 0.86602540378443871 -0.49999999999999994 
1 25.37500000000361 0 -1 0 
1 -21.975394621033274 12.687500000001805 0.86602540378443871 -0.49999999999999994 
1 25.37500000000361 0 -1 0 
1 -21.975394621033274 12.687500000001805 0.86602540378443871 -0.49999999999999994 
1 25.37500000000361 0 -1 0 
1 -21.975394621033274 12.687500000001805 0.86602540378443871 -0.49999999999999994 
1 25.37500000000361 0 -1 0 
1 -21.975394621033274 12.687500000001805 0.86602540378443871 -0.49999999999999994 
1 25.37500000000361 0 -1 0 
1 -21.975394621033274 12.687500000001805 0.86602540378443871 -0.49999999999999994 
1 25.37500000000361 0 -1 0 
1 -21.975394621033274 12.687500000001805 0.86602540378443871 -0.49999999999999994 
1 25.37500000000361 0 -1 0 
1 -21.975394621033274 12.687500000001805 0.86602540378443871 -0.49999999999999994 
1 25.37500000000361 0 -1 0 
1 -21.975394621033274 12.687500000001805 0.86602540378443871 -0.49999999999999994 
1 25.37500000000361 0 -1 0 
1 -21.975394621033274 12.687500000001805 0.86602540378443871 -0.49999999999999994 
1 25.37500000000361 0 -1 0 
1 -21.975394621033274 12.687500000001805 0.86602540378443871 -0.49999999999999994 
1 25.37500000000361 0 -1 0 
1 -21.975394621033274 12.687500000001805 0.86602540378443871 -0.49999999999999994 
1 25.37500000000361 0 -1 0 
1 -21.975394621033274 12.687500000001805 0.86602540378443871 -0.49999999999999994 
1 25.37500000000361 0 -1 0 
1 -21.975394621033274 12.687500000001805 0.86602540378443871 -0.49999999999999994 
1 25.37500000000361 0 -1 0 
1 -21.975394621033274 12.687500000001805 0.86602540378443871 -0.49999999999999994 
1 25.37500000000361 0 -1 0 
1 -21.975394621033274 12.687500000001805 0.86602540378443871 -0.49999999999999994 
1 25.37500000000361 0 -1 0 
1 -21.975394621033274 12.687500000001805 0.86602540378443871 -0.49999999999999994 
1 25.37500000000361 0 -1 0 
1 -21.975394621033274 12.687500000001805 0.86602540378443871 -0.49999999999999994 
1 25.37500000000361 0 -1 0 
1 -21.975394621033274 12.687500000001805 0.86602540378443871 -0.49999999999999994 
1 25.37500000000361 0 -1 0 
1 -21.975394621033274 12.687500000001805 0.86602540378443871 -0.49999999999999994 
1 25.37500000000361 0 -1 0 
1 -21.975394621033274 12.687500000001805 0.86602540378443871 -0.49999999999999994 
1 25.37500000000361 0 -1 0 
1 -21.975394621033274 12.687500000001805 0.86602540378443871 -0.49999999999999994 
1 25.37500000000361 0 -1 0 
1 -21.975394621033274 12.687500000001805 0.86602540378443871 -0.49999999999999994 
1 25.37500000000361 0 -1 0 
1 -21.975394621033274 12.687500000001805 0.86602540378443871 -0.49999999999999994 
1 25.37500000000361 0 -1 0 
1 -21.975394621033274 12.687500000001805 0.86602540378443871 -0.49999999999999994 
1 25.37500000000361 0 -1 0 
1 -21.975394621033274 12.687500000001805 0.86602540378443871 -0.49999999999999994 
1 25.37500000000361 0 -1 0 
1 -21.975394621033274 12.687500000001805 0.86602540378443871 -0.49999999999999994 
1 -13.073506406306478 0.77519690682296982 0.92387953251128674 -0.38268343236508989 
1 0 6.283185307179326 1 0 
2 0 0 1 0 -0 1 25.375000000001805
1 0 3.141592653589536 0 1 
1 2.6179938779915219 3.1415926535895369 0 1 
1 0 3.141592653589536 0 1 
1 2.6179938779915219 3.1415926535895369 0 1 
1 0 3.141592653589536 0 1 
1 2.6179938779915219 3.1415926535895369 0 1 
1 0 3.141592653589536 0 1 
1 2.6179938779915219 3.1415926535895369 0 1 
1 0 3.141592653589536 0 1 
1 2.6179938779915219 3.1415926535895369 0 1 
1 0 3.141592653589536 0 1 
1 2.6179938779915219 3.1415926535895369 0 1 
1 0 3.141592653589536 0 1 
1 2.6179938779915219 3.1415926535895369 0 1 
1 0 3.141592653589536 0 1 
1 2.6179938779915219 3.1415926535895369 0 1 
1 0 3.141592653589536 0 1 
1 2.6179938779915219 3.1415926535895369 0 1 
1 0 3.141592653589536 0 1 
1 2.6179938779915219 3.1415926535895369 0 1 
1 0 3.141592653589536 0 1 
1 2.6179938779915219 3.1415926535895369 0 1 
1 0 3.141592653589536 0 1 
1 2.6179938779915219 3.1415926535895369 0 1 
1 0 3.141592653589536 0 1 
1 2.6179938779915219 3.1415926535895369 0 1 
1 0 3.141592653589536 0 1 
1 2.6179938779915219 3.1415926535895369 0 1 
1 0 3.141592653589536 0 1 
1 2.6179938779915219 3.1415926535895369 0 1 
1 0 3.141592653589536 0 1 
1 2.6179938779915219 3.1415926535895369 0 1 
1 0 3.141592653589536 0 1 
1 2.6179938779915219 3.1415926535895369 0 1 
1 0 3.141592653589536 0 1 
1 2.6179938779915219 3.1415926535895369 0 1 
1 0 3.141592653589536 0 1 
1 2.6179938779915219 3.1415926535895369 0 1 
1 0 3.141592653589536 0 1 
1 2.6179938779915219 3.1415926535895369 0 1 
1 0 3.141592653589536 0 1 
1 2.6179938779915219 3.1415926535895369 0 1 
1 0 3.141592653589536 0 1 
1 2.6179938779915219 3.1415926535895369 0 1 
1 0 3.141592653589536 0 1 
1 2.6179938779915219 3.1415926535895369 0 1 
1 0 3.141592653589536 0 1 
1 2.6179938779915219 3.1415926535895369 0 1 
1 0 3.141592653589536 0 1 
1 2.6179938779915219 3.1415926535895369 0 1 
1 0 3.141592653589536 0 1 
1 2.6179938779915219 3.1415926535895369 0 1 
1 0 3.141592653589536 0 1 
1 2.6179938779915219 3.1415926535895369 0 1 
1 0 3.141592653589536 0 1 
1 2.6179938779915219 3.1415926535895369 0 1 
1 0 3.141592653589536 0 1 
1 2.6179938779915219 3.1415926535895369 0 1 
1 0 3.141592653589536 0 1 
1 2.6179938779915219 3.1415926535895369 0 1 
1 0 3.141592653589536 0 1 
1 2.6179938779915219 3.1415926535895369 0 1 
1 0 3.141592653589536 0 1 
1 2.6179938779915219 3.1415926535895369 0 1 
1 0 3.141592653589536 0 1 
1 2.6179938779915219 3.1415926535895369 0 1 
1 0 3.141592653589536 0 1 
1 2.6179938779915219 3.1415926535895369 0 1 
1 0 3.141592653589536 0 1 
1 2.6179938779915219 3.1415926535895369 0 1 
1 0 3.141592653589536 0 1 
1 2.6179938779915219 3.1415926535895369 0 1 
1 0 3.141592653589536 0 1 
1 2.6179938779915219 3.1415926535895369 0 1 
1 0 3.141592653589536 0 1 
1 2.6179938779915219 3.1415926535895369 0 1 
1 0 3.141592653589536 0 1 
1 2.6179938779915219 3.1415926535895369 0 1 
1 0 3.141592653589536 0 1 
1 2.6179938779915219 3.1415926535895369 0 1 
1 0 3.141592653589536 0 1 
1 2.6179938779915219 3.1415926535895369 0 1 
1 0 3.141592653589536 0 1 
1 2.6179938779915219 3.1415926535895369 0 1 
1 0 3.141592653589536 0 1 
1 2.6179938779915219 3.1415926535895369 0 1 
1 0 3.141592653589536 0 1 
1 2.6179938779915219 3.1415926535895369 0 1 
1 0 3.141592653589536 0 1 
1 2.6179938779915219 3.1415926535895369 0 1 
1 0 3.141592653589536 0 1 
1 2.6179938779915219 3.1415926535895369 0 1 
1 0 3.141592653589536 0 1 
1 2.6179938779915219 3.1415926535895369 0 1 
1 0 3.141592653589536 0 1 
1 2.6179938779915219 3.1415926535895369 0 1 
1 0 3.141592653589536 0 1 
1 2.6179938779915219 3.1415926535895369 0 1 
1 0 3.141592653589536 0 1 
1 2.6179938779915219 3.1415926535895369 0 1 
1 0 3.141592653589536 0 1 
1 2.6179938779915219 3.1415926535895369 0 1 
1 0 3.141592653589536 0 1 
1 2.6179938779915219 3.1415926535895369 0 1 
1 0 3.141592653589536 0 1 
1 2.6179938779915219 3.1415926535895369 0 1 
1 0 3.141592653589536 0 1 
1 2.6179938779915219 3.1415926535895369 0 1 
1 0 3.141592653589536 0 1 
1 2.6179938779915219 3.1415926535895369 0 1 
1 0 3.141592653589536 0 1 
1 2.6179938779915219 3.1415926535895369 0 1 
1 0 3.141592653589536 0 1 
1 2.6179938779915219 3.1415926535895369 0 1 
1 0 3.141592653589536 0 1 
1 2.6179938779915219 3.1415926535895369 0 1 
1 0 3.141592653589536 0 1 
1 2.6179938779915219 3.1415926535895369 0 1 
1 0 3.141592653589536 0 1 
1 2.6179938779915219 3.1415926535895369 0 1 
1 0 3.141592653589536 0 1 
1 2.6179938779915219 3.1415926535895369 0 1 
1 0 3.141592653589536 0 1 
1 2.6179938779915219 3.1415926535895369 0 1 
1 0 3.141592653589536 0 1 
1 2.6179938779915219 3.1415926535895369 0 1 
1 0 3.141592653589536 0 1 
1 2.6179938779915219 3.1415926535895369 0 1 
1 0 3.141592653589536 0 1 
1 2.6179938779915219 3.1415926535895369 0 1 
1 0 3.141592653589536 0 1 
1 2.6179938779915219 3.1415926535895369 0 1 
1 0 3.141592653589536 0 1 
1 2.6179938779915219 3.1415926535895369 0 1 
1 0 3.141592653589536 0 1 
1 2.6179938779915219 3.1415926535895369 0 1 
1 0 3.141592653589536 0 1 
1 2.6179938779915219 3.1415926535895369 0 1 
1 0 3.141592653589536 0 1 
1 2.6179938779915219 3.1415926535895369 0 1 
1 0 3.141592653589536 0 1 
1 2.6179938779915219 3.1415926535895369 0 1 
1 0 3.141592653589536 0 1 
1 2.6179938779915219 3.1415926535895369 0 1 
1 0 3.141592653589536 0 1 
1 2.6179938779915219 3.1415926535895369 0 1 
1 0 3.141592653589536 0 1 
1 2.6179938779915219 3.1415926535895369 0 1 
1 0 3.141592653589536 0 1 
1 2.6179938779915219 3.1415926535895369 0 1 
1 0 3.141592653589536 0 1 
1 2.6179938779915219 3.1415926535895369 0 1 
1 0 3.141592653589536 0 1 
1 2.6179938779915219 3.1415926535895369 0 1 
1 0 3.141592653589536 0 1 
1 2.6179938779915219 3.1415926535895369 0 1 
1 0 3.141592653589536 0 1 
1 2.6179938779915219 3.1415926535895369 0 1 
1 0 3.141592653589536 0 1 
1 2.6179938779915219 3.1415926535895369 0 1 
1 0 3.141592653589536 0 1 
1 2.6179938779915219 3.1415926535895369 0 1 
1 0 3.141592653589536 0 1 
1 2.6179938779915219 3.1415926535895369 0 1 
1 0 3.141592653589536 0 1 
1 2.6179938779915219 3.1415926535895369 0 1 
1 0 3.141592653589536 0 1 
1 2.6179938779915219 3.1415926535895369 0 1 
1 0 3.141592653589536 0 1 
1 2.6179938779915219 3.1415926535895369 0 1 
1 0 3.141592653589536 0 1 
1 2.6179938779915219 3.1415926535895369 0 1 
1 0 3.141592653589536 0 1 
1 2.6179938779915219 3.1415926535895369 0 1 
1 0 3.141592653589536 0 1 
1 2.6179938779915219 3.1415926535895369 0 1 
1 0 3.141592653589536 0 1 
1 2.6179938779915219 3.1415926535895369 0 1 
1 0 3.141592653589536 0 1 
1 2.6179938779915219 3.1415926535895369 0 1 
1 0 3.141592653589536 0 1 
1 2.6179938779915219 3.1415926535895369 0 1 
1 0 3.141592653589536 0 1 
1 2.6179938779915219 3.1415926535895369 0 1 
1 0 3.141592653589536 0 1 
1 2.6179938779915219 3.1415926535895369 0 1 
1 0 3.141592653589536 0 1 
1 2.6179938779915219 3.1415926535895369 0 1 
1 0 3.141592653589536 0 1 
1 2.6179938779915219 3.1415926535895369 0 1 
1 0 3.141592653589536 0 1 
1 2.6179938779915219 3.1415926535895369 0 1 
1 0 3.141592653589536 0 1 
1 2.6179938779915219 3.1415926535895369 0 1 
1 0 3.141592653589536 0 1 
1 2.6179938779915219 3.1415926535895369 0 1 
1 0 3.141592653589536 0 1 
1 2.6179938779915219 3.1415926535895369 0 1 
1 0 3.141592653589536 0 1 
1 2.6179938779915219 3.1415926535895369 0 1 
1 0 3.141592653589536 0 1 
1 2.6179938779915219 3.1415926535895369 0 1 
1 0 3.141592653589536 0 1 
1 2.6179938779915219 3.1415926535895369 0 1 
1 0 3.141592653589536 0 1 
1 2.6179938779915219 3.1415926535895369 0 1 
1 0 3.141592653589536 0 1 
1 2.6179938779915219 3.1415926535895369 0 1 
1 0 3.141592653589536 0 1 
1 2.6179938779915219 3.1415926535895369 0 1 
1 0 3.141592653589536 0 1 
1 2.6179938779915219 3.1415926535895369 0 1 
1 0 3.141592653589536 0 1 
1 2.6179938779915219 3.1415926535895369 0 1 
1 0 3.141592653589536 0 1 
1 2.6179938779915219 3.1415926535895369 0 1 
1 0 3.141592653589536 0 1 
1 2.6179938779915219 3.1415926535895369 0 1 
1 0 3.141592653589536 0 1 
1 2.6179938779915219 3.1415926535895369 0 1 
1 0 3.141592653589536 0 1 
1 2.6179938779915219 3.1415926535895369 0 1 
1 0 3.141592653589536 0 1 
1 2.6179938779915219 3.1415926535895369 0 1 
1 0 3.141592653589536 0 1 
1 2.6179938779915219 3.1415926535895369 0 1 
1 0 3.141592653589536 0 1 
1 2.6179938779915219 3.1415926535895369 0 1 
1 0 3.141592653589536 0 1 
1 2.6179938779915219 3.1415926535895369 0 1 
1 0 3.141592653589536 0 1 
1 2.6179938779915219 3.1415926535895369 0 1 
1 0 3.141592653589536 0 1 
1 2.6179938779915219 3.1415926535895369 0 1 
1 0 3.141592653589536 0 1 
1 2.6179938779915219 3.1415926535895369 0 1 
1 0 3.141592653589536 0 1 
1 2.6179938779915219 3.1415926535895369 0 1 
1 0 3.141592653589536 0 1 
1 2.6179938779915219 3.1415926535895369 0 1 
1 0 3.141592653589536 0 1 
1 2.6179938779915219 3.1415926535895369 0 1 
1 0 3.141592653589536 0 1 
1 2.6179938779915219 3.1415926535895369 0 1 
1 0 3.141592653589536 0 1 
1 2.6179938779915219 3.1415926535895369 0 1 
1 0 3.141592653589536 0 1 
1 2.6179938779915219 3.1415926535895369 0 1 
1 0 3.141592653589536 0 1 
1 2.6179938779915219 3.1415926535895369 0 1 
1 0 3.141592653589536 0 1 
1 2.6179938779915219 3.1415926535895369 0 1 
1 0 3.141592653589536 0 1 
1 2.6179938779915219 3.1415926535895369 0 1 
2 -1.6404971914759869 -3.9605105686963924 0.92387953251128674 -0.38268343236508989 0.38268343236508989 0.92387953251128674 12.374999999999993
Curves 18
7 1 0  10 27 4  83.208677817409992 -34.466162859104486 -93.103584590446644  1.1325565747149673 91.894485993334357 -38.063942405743532 -90.843524520114983  1.1325565747149748 100.34591140273506 -41.564637431701541 -88.321485415526311  1.132556574714934 108.53238773331327 -44.955586955874381 -85.545490925435004  1.1325565747150454 116.4244068586341 -48.224568312088309 -82.524765743646157  1.1325565747148369 123.9937040070521 -51.359873848597189 -79.269691612055922  1.1325565747151221 131.21343467191238 -54.350384206661417 -75.791754373064862  1.1325565747148345 138.0583439103018 -57.185638446416391 -72.10348368719454  1.1325565747150423 144.50492395547693 -59.855899332051102 -68.218384257496211  1.1325565747149418 153.5448924870509 -63.600376901255231 -62.117101793491827  1.1325565747149846 161.59601953016178 -66.935262914900562 -55.639578805215436  1.1325565747149564 164.16741342563091 -68.000369140606779 -53.440500494034588  1.1325565747149988 166.62417674795864 -69.017993828256991 -51.203468599897931  1.1325565747149182 168.96412720092349 -69.987233041154141 -48.930480073551806  1.1325565747150155 171.18522026101917 -70.907239909940586 -46.623574764958818  1.1325565747149333 173.28555374737871 -71.77722652549555 -44.284830995988216  1.1325565747149824 175.26337212241927 -72.596465720348746 -41.916360073844302  1.1325565747149675 178.97076780428711 -74.132119292861702 -37.124239173755619  1.1325565747149571 182.17586710839313 -75.459714893374965 -32.230384709953455  1.1325565747149868 183.65138910205712 -76.070896114730843 -29.760180225137486  1.1325565747148776 184.99858174695288 -76.628921579374733 -27.268873201887299  1.1325565747151438 186.21629689566615 -77.133315709080676 -24.758649094774622  1.1325565747147353 187.30354005006427 -77.58366656922793 -22.231695836871573  1.1325565747151864 188.25946767711318 -77.979624757000138 -19.690194582237879  1.1325565747148121 189.08338091621141 -78.320900794852435 -17.136312563570307  1.1325565747150459 189.77471683102559 -78.607261506924516 -14.572201304090676  1.1325565747149446 190.33304189031273 -78.838527318693906 -11.999999999999915  1.1325565747149671
 5.1616053782088862 11 5.6644230660807562 8 5.9158319100166921 8 6.1672407539526271 11
7 1 0  6 7 2  83.208677817409992 -34.466162859104486 -93.103584590446644  1.1325565747149673 85.917730750114842 -27.925930527781816 -93.103584590446616  1.0363466313412377 86.368315847864807 -21.392288516502219 -88.953463175713324  0.99231630935362858 84.12107941117641 -17.751746613314815 -82.044625135076259  0.97646189969331665 79.957791420926782 -18.73696235694046 -75.135787094438911  0.99231630935363124 75.656420627026321 -23.675556707082244 -70.985665679705733  1.0363466313412362 72.947367694321457 -30.215789038404871 -70.98566567970569  1.1325565747149673
 0 7 3.1415926535897918 7
7 1 0  10 27 4  72.947367694321457 -30.215789038404871 -70.98566567970569  1.1325565747149673 81.035642500423307 -33.566062159292343 -69.050386167532693  1.1325565747149748 88.876440936049548 -36.813827211165204 -66.88655736078897  1.132556574714934 96.436913620301894 -39.94547753492661 -64.506838924530285  1.1325565747150454 103.68532899133042 -42.947869487332838 -61.926146918088875  1.1325565747148369 110.59134944473657 -45.808436821143971 -59.161865874106709  1.1325565747151221 117.12634223099516 -48.515319463237034 -56.234120313040521  1.1325565747148345 123.26392178009719 -51.057588152609178 -53.166174055343035  1.1325565747150423 128.98059144983262 -53.42551026142489 -49.984825825924986  1.1325565747149418 136.89556907507227 -56.704001339677156 -45.089097305755303  1.1325565747149846 143.79269929056554 -59.560886216388532 -40.084337720963291  1.1325565747149564 145.97710377856455 -60.465696181025784 -38.408221239732185  1.1325565747149988 148.04574556285493 -61.322555663771347 -36.728686900886942  1.1325565747149182 149.99799732682277 -62.131204821572751 -35.050336678601411  1.1325565747150155 151.8338105558131 -62.891623559005239 -33.377876223343804  1.1325565747149333 153.55381288317358 -63.604071850310767 -31.716016139228916  1.1325565747149824 155.15940607837251 -64.269130327416292 -30.06930771848085  1.1325565747149675 158.14624943273026 -65.506321353475172 -26.814500974492056  1.1325565747149571 160.69656438043631 -66.562696393137855 -23.650693102394644  1.1325565747149868 161.86562892683654 -67.046938783546636 -22.094983623333711  1.1325565747148776 162.93244226701719 -67.488827337569333 -20.568208963340695  1.1325565747151438 163.90160938293536 -67.890269501189607 -19.072092289618993  1.1325565747147353 164.77837425374636 -68.253437401690789 -17.607002368340837  1.1325565747151864 165.56832885133809 -68.580647309673239 -16.171553077176803  1.1325565747148121 166.27690097085008 -68.874147491493844 -14.762347363152321  1.1325565747150459 166.90869840137111 -69.135846555888435 -13.374081986214016  1.1325565747149446 167.4670234606584 -69.367112367657924 -11.99999999999995  1.1325565747149671
 5.1616053782088862 11 5.6644230660807562 8 5.9158319100166921 8 6.1672407539526271 11
7 1 0  6 7 2  190.33304189031273 -78.838527318693906 -11.999999999999915  1.1325565747149671 193.04209482301758 -72.298294987371236 -11.999999999999908  1.0363466313412375 191.12758083162393 -64.784996857012104 -11.999999999999908  0.99231630935362847 184.94308933079628 -59.513590507736076 -11.999999999999915  0.97646189969331654 176.84254627640729 -58.867941805273034 -11.999999999999936  0.99231630935363113 170.17607639336327 -62.826880036335297 -11.99999999999995  1.0363466313412359 167.4670234606584 -69.367112367657924 -11.99999999999995  1.1325565747149671
 0 7 3.1415926535897918 7
7 0 0  1 2 2  72.947367694321429 -30.215789038404878 -70.985665679705676  83.208677817410006 -34.466162859104472 -93.103584590446658 
 0 2 24.750000000000028 2
2 190.91046659813236 -79.077704463921947 -12 0.38268343236485014 0.92387953251138599 0 -0.92387953251138599 0.38268343236485014 0 0 -0 1 0.6249999999982333
1 181.26499999999638 0 0 1 0 0 
2 190.9104665981348 -79.077704463916021 -12 0.38268343236485014 0.92387953251138599 0 -0.92387953251138599 0.38268343236485014 0 0 -0 1 25.375000000001805
2 193.63999999999996 0 0 0 0 1 1 0 -0 -0 1 0 12.375
7 1 0  10 27 4  83.208677817409992 34.466162859104486 -93.103584590446644  1.1325565747149673 91.894485993334357 38.063942405743532 -90.843524520114983  1.1325565747149748 100.34591140273506 41.564637431701541 -88.321485415526311  1.132556574714934 108.53238773331327 44.955586955874381 -85.545490925435004  1.1325565747150454 116.4244068586341 48.224568312088309 -82.524765743646157  1.1325565747148369 123.9937040070521 51.359873848597189 -79.269691612055922  1.1325565747151221 131.21343467191238 54.350384206661417 -75.791754373064862  1.1325565747148345 138.0583439103018 57.185638446416391 -72.10348368719454  1.1325565747150423 144.50492395547693 59.855899332051102 -68.218384257496211  1.1325565747149418 153.5448924870509 63.600376901255231 -62.117101793491827  1.1325565747149846 161.59601953016178 66.935262914900562 -55.639578805215436  1.1325565747149564 164.16741342563091 68.000369140606779 -53.440500494034588  1.1325565747149988 166.62417674795864 69.017993828256991 -51.203468599897931  1.1325565747149182 168.96412720092349 69.987233041154141 -48.930480073551806  1.1325565747150155 171.18522026101917 70.907239909940586 -46.623574764958818  1.1325565747149333 173.28555374737871 71.77722652549555 -44.284830995988216  1.1325565747149824 175.26337212241927 72.596465720348746 -41.916360073844302  1.1325565747149675 178.97076780428711 74.132119292861702 -37.124239173755619  1.1325565747149571 182.17586710839313 75.459714893374965 -32.230384709953455  1.1325565747149868 183.65138910205712 76.070896114730843 -29.760180225137486  1.1325565747148776 184.99858174695288 76.628921579374733 -27.268873201887299  1.1325565747151438 186.21629689566615 77.133315709080676 -24.758649094774622  1.1325565747147353 187.30354005006427 77.58366656922793 -22.231695836871573  1.1325565747151864 188.25946767711318 77.979624757000138 -19.690194582237879  1.1325565747148121 189.08338091621141 78.320900794852435 -17.136312563570307  1.1325565747150459 189.77471683102559 78.607261506924516 -14.572201304090676  1.1325565747149446 190.33304189031273 78.838527318693906 -11.999999999999915  1.1325565747149671
 5.1616053782088862 11 5.6644230660807562 8 5.9158319100166921 8 6.1672407539526271 11
7 1 0  6 7 2  83.208677817409992 34.466162859104486 -93.103584590446644  1.1325565747149673 85.917730750114842 27.925930527781816 -93.103584590446616  1.0363466313412377 86.368315847864807 21.392288516502219 -88.953463175713324  0.99231630935362858 84.12107941117641 17.751746613314815 -82.044625135076259  0.97646189969331665 79.957791420926782 18.73696235694046 -75.135787094438911  0.99231630935363124 75.656420627026321 23.675556707082244 -70.985665679705733  1.0363466313412362 72.947367694321457 30.215789038404871 -70.98566567970569  1.1325565747149673
 0 7 3.1415926535897918 7
7 1 0  10 27 4  72.947367694321457 30.215789038404871 -70.98566567970569  1.1325565747149673 81.035642500423307 33.566062159292343 -69.050386167532693  1.1325565747149748 88.876440936049548 36.813827211165204 -66.88655736078897  1.132556574714934 96.436913620301894 39.94547753492661 -64.506838924530285  1.1325565747150454 103.68532899133042 42.947869487332838 -61.926146918088875  1.1325565747148369 110.59134944473657 45.808436821143971 -59.161865874106709  1.1325565747151221 117.12634223099516 48.515319463237034 -56.234120313040521  1.1325565747148345 123.26392178009719 51.057588152609178 -53.166174055343035  1.1325565747150423 128.98059144983262 53.42551026142489 -49.984825825924986  1.1325565747149418 136.89556907507227 56.704001339677156 -45.089097305755303  1.1325565747149846 143.79269929056554 59.560886216388532 -40.084337720963291  1.1325565747149564 145.97710377856455 60.465696181025784 -38.408221239732185  1.1325565747149988 148.04574556285493 61.322555663771347 -36.728686900886942  1.1325565747149182 149.99799732682277 62.131204821572751 -35.050336678601411  1.1325565747150155 151.8338105558131 62.891623559005239 -33.377876223343804  1.1325565747149333 153.55381288317358 63.604071850310767 -31.716016139228916  1.1325565747149824 155.15940607837251 64.269130327416292 -30.06930771848085  1.1325565747149675 158.14624943273026 65.506321353475172 -26.814500974492056  1.1325565747149571 160.69656438043631 66.562696393137855 -23.650693102394644  1.1325565747149868 161.86562892683654 67.046938783546636 -22.094983623333711  1.1325565747148776 162.93244226701719 67.488827337569333 -20.568208963340695  1.1325565747151438 163.90160938293536 67.890269501189607 -19.072092289618993  1.1325565747147353 164.77837425374636 68.253437401690789 -17.607002368340837  1.1325565747151864 165.56832885133809 68.580647309673239 -16.171553077176803  1.1325565747148121 166.27690097085008 68.874147491493844 -14.762347363152321  1.1325565747150459 166.90869840137111 69.135846555888435 -13.374081986214016  1.1325565747149446 167.4670234606584 69.367112367657924 -11.99999999999995  1.1325565747149671
 5.1616053782088862 11 5.6644230660807562 8 5.9158319100166921 8 6.1672407539526271 11
7 1 0  6 7 2  190.33304189031273 78.838527318693906 -11.999999999999915  1.1325565747149671 193.04209482301758 72.298294987371236 -11.999999999999908  1.0363466313412375 191.12758083162393 64.784996857012104 -11.999999999999908  0.99231630935362847 184.94308933079628 59.513590507736076 -11.999999999999915  0.97646189969331654 176.84254627640729 58.867941805273034 -11.999999999999936  0.99231630935363113 170.17607639336327 62.826880036335297 -11.99999999999995  1.0363466313412359 167.4670234606584 69.367112367657924 -11.99999999999995  1.1325565747149671
 0 7 3.1415926535897918 7
7 0 0  1 2 2  72.947367694321429 30.215789038404878 -70.985665679705676  83.208677817410006 34.466162859104472 -93.103584590446658 
 0 2 24.750000000000028 2
2 190.91046659813236 79.077704463921947 -12 -0.38268343236485014 0.92387953251138599 0 -0.92387953251138599 -0.38268343236485014 -0 -0 -0 1 0.6249999999982333
1 239.25397339629231 161.65549582018252 -33.479949400405701 0.78033008589050379 -0.6123724356950907 0.12682648404407154 
2 190.9104665981348 79.077704463916021 -12 -0.38268343236485014 0.92387953251138599 0 -0.92387953251138599 -0.38268343236485014 -0 -0 -0 1 25.375000000001805
2 248.9105582091901 154.07738692845356 -31.910471660359864 -0.12682648404407132 -0.35355339059312335 -0.92677669529672868 0.78033008589050379 -0.6123724356950907 0.12682648404407154 -0.61237243569509081 -0.70710678118723236 0.35355339059312324 12.375
Polygon3D 0
PolygonOnTriangulations 0
Surfaces 265
9 1 1 0 0 6 10 7 27 2 4 83.208677817409992 -34.466162859104486 -93.103584590446644  1.1325565747149673 91.894485993334357 -38.063942405743532 -90.843524520114983  1.1325565747149748 100.34591140273506 -41.564637431701541 -88.321485415526311  1.132556574714934 108.53238773331327 -44.955586955874381 -85.545490925435004  1.1325565747150454 116.42440685863411 -48.224568312088309 -82.524765743646157  1.1325565747148369 123.99370400705212 -51.359873848597189 -79.269691612055922  1.1325565747151221 131.21343467191238 -54.350384206661417 -75.791754373064862  1.1325565747148345 138.0583439103018 -57.185638446416391 -72.10348368719454  1.1325565747150423 144.50492395547693 -59.855899332051102 -68.218384257496211  1.1325565747149418 153.5448924870509 -63.600376901255231 -62.117101793491827  1.1325565747149846 161.59601953016178 -66.935262914900562 -55.639578805215436  1.1325565747149564 164.16741342563091 -68.000369140606779 -53.440500494034588  1.1325565747149988 166.62417674795864 -69.017993828256991 -51.203468599897931  1.1325565747149182 168.96412720092349 -69.987233041154141 -48.930480073551806  1.1325565747150155 171.18522026101917 -70.907239909940586 -46.623574764958818  1.1325565747149333 173.28555374737871 -71.77722652549555 -44.284830995988216  1.1325565747149824 175.26337212241927 -72.596465720348746 -41.916360073844302  1.1325565747149675 178.97076780428711 -74.132119292861702 -37.124239173755619  1.1325565747149571 182.17586710839313 -75.459714893374965 -32.230384709953455  1.1325565747149868 183.65138910205712 -76.070896114730843 -29.760180225137482  1.1325565747148776 184.99858174695288 -76.628921579374733 -27.268873201887299  1.1325565747151438 186.21629689566615 -77.133315709080676 -24.758649094774622  1.1325565747147353 187.30354005006427 -77.58366656922793 -22.231695836871573  1.1325565747151864 188.25946767711318 -77.979624757000138 -19.690194582237879  1.1325565747148121 189.08338091621141 -78.320900794852435 -17.136312563570307  1.1325565747150459 189.77471683102559 -78.607261506924516 -14.572201304090676  1.1325565747149446 190.33304189031273 -78.838527318693906 -11.999999999999915  1.1325565747149671 
85.917730750114842 -27.925930527781816 -93.103584590446616  1.0363466313412377 94.603538926037842 -31.523710074420521 -90.84352452011592  1.0363466313412315 103.05496433544491 -35.024405100380065 -88.321485415522744  1.0363466313412601 111.241440666008 -38.415354624549437 -85.545490925442607  1.0363466313411882 119.13345979135296 -41.684335980768495 -82.524765743635044  1.0363466313413083 126.70275693974304 -44.819641517272046 -79.269691612067504  1.0363466313411653 133.92248760462712 -47.810151875340182 -75.791754373056136  1.0363466313412879 140.7673968430019 -50.645406115093223 -72.10348368719913  1.0363466313412137 147.21397688818311 -53.315667000728482 -68.218384257494776  1.0363466313412437 156.2539454197551 -57.060144569932632 -62.117101793492552  1.0363466313412348 164.30507246286683 -60.395030583577764 -55.639578805215187  1.0363466313412368 166.87646635833542 -61.460136809284698 -53.440500494034993  1.0363466313412386 169.33322968066378 -62.477761496933162 -51.203468599897576  1.0363466313412404 171.67318013362831 -63.447000709832942 -48.930480073551792  1.0363466313412297 173.89427319372382 -64.367007578616608 -46.623574764959251  1.0363466313412473 175.99460668008376 -65.236994194173619 -44.28483099598764  1.0363466313412291 177.97242505512395 -66.056233389025891 -41.916360073844615  1.0363466313412444 181.67982073699227 -67.591886961539117 -37.124239173755186  1.0363466313412237 184.88492004109759 -68.919482562052295 -32.230384709953967  1.0363466313412579 186.36044203476328 -69.530663783407903 -29.760180225135656  1.0363466313411624 187.70763467965531 -70.08868924805266 -27.268873201890578  1.0363466313413663 188.92534982837378 -70.593083377757154 -24.758649094770771  1.0363466313410941 190.0125929827669 -71.043434237906112 -22.2316958368746  1.0363466313413483 190.96852060981917 -71.439392425676772 -19.690194582236266  1.0363466313411751 191.79243384891583 -71.780668463530176 -17.136312563570826  1.0363466313412646 192.48376976373055 -72.067029175601718 -14.572201304090648  1.0363466313412311 193.04209482301758 -72.298294987371236 -11.999999999999908  1.0363466313412375 
86.368315847864807 -21.392288516502219 -88.953463175713324  0.99231630935362858 94.942005155637787 -24.943626907354982 -86.754343682791259  0.99231630935362514 103.27885486329978 -28.396863123734839 -84.29951778365772  0.99231630935364057 111.3478702723074 -31.739158741143036 -81.597879011388954  0.99231630935360216 119.1191260593658 -34.958118284813352 -78.659719965738304  0.99231630935366444 126.56396851441255 -38.041872999424626 -75.496736365436178  0.99231630935359538 133.65521759179495 -40.979164541441598 -72.122034981212252  0.99231630935365067 140.3674062020516 -43.759444097017138 -68.550159590217987  0.99231630935361725 146.67702866581178 -46.37297529495968 -64.797109334703634  0.99231630935363235 155.5059082214928 -50.030016947481769 -58.922032385745638  0.99231630935362736 163.3405037289667 -53.275212662384568 -52.720853069958842  0.99231630935362702 165.83928441730328 -54.310241512889576 -50.619901309396646  0.99231630935363657 168.22322210386247 -55.297700834514927 -48.48747611683055  0.99231630935361692 170.49042626283261 -56.236807545828547 -46.326063239607805  0.99231630935363591 172.63922689414107 -57.126869910152955 -44.138202728262812  0.99231630935362747 174.66819650155719 -57.967296639187218 -41.926466816005536  0.9923163093536278 176.57617197247069 -58.757605955914833 -39.693424639462854  0.99231630935363013 180.14836598112052 -60.237257161725523 -35.189759467336337  0.99231630935362358 183.23060406168673 -61.513961977158793 -30.620524305996025  0.99231630935363691 184.64862355614434 -62.101324883473076 -28.321912154183945  0.99231630935359683 185.94320690441603 -62.637558863948165 -26.011586281647645  0.9923163093536832 187.11428545418968 -63.12263548187093 -23.691645401148865  0.9923163093535653 188.16203527128951 -63.55662766608485 -21.363936104236267  0.9923163093536792 189.08682035609601 -63.93968619049469 -19.029970194953982  0.99231630935359916 189.88909143020561 -64.271997750088673 -16.690870844758905  0.99231630935364168 190.56925577233619 -64.553731045242543 -14.347390793726696  0.99231630935362525 191.12758083162393 -64.784996857012104 -11.999999999999908  0.99231630935362847 
84.12107941117641 -17.751746613314815 -82.044625135076259  0.97646189969331665 92.508120902188296 -21.225772947077658 -79.946955343824143  0.97646189969331132 100.65423282470745 -24.600002985994969 -77.604021388157037  0.97646189969333608 108.52770733210912 -27.861302909957978 -75.026164924983959  0.9764618996932769 116.097924580305 -30.996989564273861 -72.225456330866351  0.97646189969336394 123.3355833811938 -33.994925999428006 -69.215778743082112  0.97646189969328179 130.21294510677183 -36.843622499511198 -66.012937343052684  0.97646189969333008 136.70418950050697 -39.532383964072039 -62.634828871268624  0.97646189969331632 142.78581435796625 -42.051475461298381 -59.101605041710897  0.97646189969331432 151.26328743637191 -45.56295978502628 -53.603099549623337  0.97646189969331876 158.73741606567444 -48.658845230204605 -47.861958263089754  0.97646189969331521 161.11531525740838 -49.643803325377064 -45.924360866881806  0.97646189969331698 163.37801781071721 -50.581045410572997 -43.966077750396053  0.97646189969332631 165.5241189191845 -51.469989595925327 -41.990408376071841  0.97646189969329078 167.55257206372605 -52.310202399031539 -40.000725494155787  0.97646189969335018 169.46273997058731 -53.10141985246419 -38.000423567606099  0.97646189969329344 171.2544457557064 -53.843568688442453 -35.992833896163191  0.9764618996933242 174.60156527381966 -55.229990987728762 -31.969370074123788  0.97646189969330865 177.47927239972523 -56.421976307816486 -27.940538906173611  0.97646189969332464 178.80156566975813 -56.969688113698943 -25.92758192423873  0.97646189969329211 180.00856866229461 -57.469645123032279 -23.91854108260706  0.97646189969335706 181.10200979461288 -57.922563269695075 -21.915370692206828  0.97646189969326491 182.08401380721494 -58.32932265001984 -19.91934910259603  0.97646189969336827 182.95695491953691 -58.690906697896494 -17.930873829714855  0.97646189969327823 183.72319759884124 -59.008294807733549 -15.949329963357499  0.97646189969333608 184.38476427150911 -59.282324695966551 -13.973141645153433  0.9764618996933111 184.94308933079628 -59.513590507736076 -11.999999999999915  0.97646189969331654 
79.957791420926782 -18.73696235694046 -75.135787094438911  0.99231630935363124 88.158185095176989 -22.133676633613803 -73.139567004857341  0.99231630935362114 96.113559232555772 -25.428900495066564 -70.908524992653668  0.99231630935367032 103.7914928383463 -28.609204725589251 -68.454450838584322  0.99231630935354687 111.16067154768763 -31.661618490542729 -65.791192695985188  0.99231630935375226 118.1911466944093 -34.573736646249941 -62.934821120737496  0.99231630935350745 124.85462106819078 -37.33383810438869 -59.903839704885542  0.99231630935372239 131.12492124539949 -39.931081477943373 -56.719498152322956  0.99231630935358484 136.97854849655985 -42.35573327444888 -53.406100748716518  0.99231630935364412 145.10461509768976 -45.721660269384557 -48.284166713501797  0.99231630935362547 152.21827684882081 -48.668235444837471 -43.003063456219749  0.99231630935363091 154.47529454395271 -49.603122784677375 -41.228820424370156  0.99231630935363224 156.61676196400984 -50.490147633445055 -39.44467938395448  0.99231630935364179 158.64176002197573 -51.328929292833465 -37.65475351254463  0.99231630935360138 160.54986567974967 -52.119292534724707 -35.863248260040841  0.9923163093536671 162.34123188605591 -52.861300712553273 -34.074380319210555  0.99231630935360726 164.01666798538102 -53.555289067783335 -32.292243152862731  0.99231630935364201 167.13871301295697 -54.84848246054473 -28.74898068091057  0.99231630935361215 169.81188918420293 -55.955748285287427 -25.260553506352917  0.99231630935365822 171.03845622980836 -56.463808990737014 -23.533251694284242  0.99231630935352744 172.1578788666169 -56.927489028930779 -21.82549588358529  0.99231630935382031 173.17368258146729 -57.348248704330416 -20.139095983239798  0.9923163093534032 174.08994078958668 -57.72777528076945 -18.474762100978644  0.99231630935382531 174.91103792941087 -58.067884852110303 -16.831777464460664  0.99231630935351156 175.64125221391834 -58.370349512191815 -15.207789081962915  0.99231630935368254 176.28422121711992 -58.636675993503452 -13.598892496578372  0.99231630935361892 176.84254627640729 -58.867941805273034 -11.999999999999936  0.99231630935363113 
75.656420627026321 -23.675556707082244 -70.985665679705733  1.0363466313412362 83.744695433125514 -27.025829827969325 -69.050386167532949  1.0363466313412255 91.585493868764161 -30.273594879843614 -66.886557360788302  1.0363466313412761 99.145966552987346 -33.405245203602576 -64.506838924531692  1.0363466313411516 106.39438192406136 -36.407637156011148 -61.926146918087383  1.0363466313413532 113.30040237741625 -39.268204489821642 -59.161865874107725  1.0363466313411214 119.83539516371771 -41.975087131913043 -56.234120313040449  1.0363466313413146 125.97297471279343 -44.517355821287822 -53.166174055342722  1.0363466313411984 131.68964438254005 -46.885277930101758 -49.984825825925348  1.036346631341247 139.60462200777579 -50.163769008354855 -45.089097305754883  1.0363466313412293 146.50175222327087 -53.020653885065776 -40.084337720963809  1.0363466313412391 148.68615671126875 -53.925463849703171 -38.408221239729713  1.0363466313412166 150.75479849556038 -54.782323332448854 -36.728686900892392  1.0363466313412806 152.70705025952768 -55.590972490249918 -35.050336678594121  1.0363466313411744 154.54286348851761 -56.351391227682754 -33.377876223350604  1.0363466313412923 156.26286581587877 -57.063839518988082 -31.716016139224855  1.036346631341202 157.86845901107731 -57.728897996093686 -30.069307718482133  1.0363466313412484 160.85530236543528 -58.966089022152552 -26.814500974490972  1.0363466313412206 163.40561731314111 -60.022464061815207 -23.650693102395582  1.0363466313412544 164.5746818595417 -60.506706452224037 -22.094983623331544  1.0363466313411771 165.64149519972173 -60.948595006246691 -20.568208963343494  1.0363466313413268 166.6106623156405 -61.35003716986688 -19.072092289617203  1.0363466313411442 167.4874271864513 -61.713205070368382 -17.607002368340829  1.0363466313413003 168.27738178404283 -62.040414978350356 -16.171553077178089  1.0363466313412042 168.98595390355516 -62.333915160171394 -14.762347363151072  1.0363466313412473 169.61775133407593 -62.59561422456575 -13.374081986214527  1.0363466313412339 170.17607639336327 -62.826880036335297 -11.99999999999995  1.0363466313412359 
72.947367694321457 -30.215789038404871 -70.98566567970569  1.1325565747149673 81.035642500423307 -33.566062159292343 -69.050386167532693  1.1325565747149748 88.876440936049548 -36.813827211165204 -66.88655736078897  1.132556574714934 96.436913620301894 -39.94547753492661 -64.506838924530285  1.1325565747150454 103.68532899133042 -42.947869487332838 -61.926146918088875  1.1325565747148369 110.59134944473657 -45.808436821143971 -59.161865874106709  1.1325565747151221 117.12634223099516 -48.515319463237034 -56.234120313040521  1.1325565747148345 123.26392178009721 -51.057588152609178 -53.166174055343035  1.1325565747150423 128.98059144983262 -53.42551026142489 -49.984825825924986  1.1325565747149418 136.89556907507227 -56.704001339677156 -45.089097305755303  1.1325565747149846 143.79269929056554 -59.560886216388525 -40.084337720963291  1.1325565747149564 145.97710377856455 -60.465696181025784 -38.408221239732185  1.1325565747149988 148.04574556285493 -61.322555663771347 -36.728686900886942  1.1325565747149182 149.99799732682277 -62.131204821572751 -35.050336678601411  1.1325565747150155 151.8338105558131 -62.891623559005247 -33.377876223343804  1.1325565747149333 153.55381288317358 -63.604071850310774 -31.716016139228913  1.1325565747149824 155.15940607837251 -64.269130327416292 -30.06930771848085  1.1325565747149675 158.14624943273026 -65.506321353475172 -26.814500974492056  1.1325565747149571 160.69656438043631 -66.562696393137855 -23.650693102394644  1.1325565747149868 161.86562892683654 -67.046938783546636 -22.094983623333711  1.1325565747148776 162.93244226701719 -67.488827337569333 -20.568208963340695  1.1325565747151438 163.90160938293536 -67.890269501189607 -19.072092289618993  1.1325565747147353 164.77837425374636 -68.253437401690789 -17.607002368340837  1.1325565747151864 165.56832885133809 -68.580647309673239 -16.171553077176803  1.1325565747148121 166.27690097085008 -68.874147491493844 -14.762347363152323  1.1325565747150459 166.90869840137111 -69.135846555888435 -13.374081986214016  1.1325565747149446 167.4670234606584 -69.367112367657924 -11.99999999999995  1.1325565747149671 

0 7
3.1415926535897918 7

5.1616053782088862 11
5.6644230660807562 8
5.9158319100166921 8
6.1672407539526271 11

1 133.97060927330327 -55.492443320388901 -54.330461734494889 0.38268343236509006 0.92387953251128674 -5.1999999999999997e-16 -0.92387953251128674 0.38268343236509006 -2.4651903288156613e-32 -1.9899538482984674e-16 -4.8041735690586902e-16 -1 
1 79.718519947341889 -28.380465380057917 -82.04462513507616 0.82562798316678399 -0.34198630810242681 0.44875806230353221 -0.47755209697914824 5.5511151231257815e-17 0.87860343424711151 -0.30047034476428292 -0.93970493511020359 -0.16331627857247091 
1 180.54052986696175 -70.14230927447916 -11.999999999999927 -1.59e-15 6.5999999999999998e-16 1 1 0 1.59e-15 1.0494e-30 1 -6.5999999999999998e-16 
5 190.91046659813358 -79.077704463918991 -12 -0.38268343236485014 -0.92387953251138599 -0 -0.92387953251138599 0.38268343236485014 0 -0 -0 1 13.000000000000039 12.375
1 133.97060927330327 -55.492443320388901 -54.330461734494889 0.38268343236509006 0.92387953251128674 -5.1999999999999997e-16 -0.92387953251128674 0.38268343236509006 -2.4651903288156613e-32 -1.9899538482984674e-16 -4.8041735690586902e-16 -1 
1 190.9104665981348 -79.077704463916021 -12 -0.38268343236485014 -0.92387953251138599 -0 -0.92387953251138599 0.38268343236485014 0 -0 -0 1 
1 190.9104665981348 -79.077704463916021 -12 -0.38268343236485014 -0.92387953251138599 -0 -0.92387953251138599 0.38268343236485014 0 -0 -0 1 
1 190.9104665981348 -79.077704463916021 -12 -0.38268343236485014 -0.92387953251138599 -0 -0.92387953251138599 0.38268343236485014 0 -0 -0 1 
1 190.9104665981348 -79.077704463916021 -12 -0.38268343236485014 -0.92387953251138599 -0 -0.92387953251138599 0.38268343236485014 0 -0 -0 1 
1 190.9104665981348 -79.077704463916021 -12 -0.38268343236485014 -0.92387953251138599 -0 -0.92387953251138599 0.38268343236485014 0 -0 -0 1 
1 190.9104665981348 -79.077704463916021 -12 -0.38268343236485014 -0.92387953251138599 -0 -0.92387953251138599 0.38268343236485014 0 -0 -0 1 
1 190.9104665981348 -79.077704463916021 -12 -0.38268343236485014 -0.92387953251138599 -0 -0.92387953251138599 0.38268343236485014 0 -0 -0 1 
1 190.9104665981348 -79.077704463916021 -12 -0.38268343236485014 -0.92387953251138599 -0 -0.92387953251138599 0.38268343236485014 0 -0 -0 1 
1 190.9104665981348 -79.077704463916021 -12 -0.38268343236485014 -0.92387953251138599 -0 -0.92387953251138599 0.38268343236485014 0 -0 -0 1 
1 190.9104665981348 -79.077704463916021 -12 -0.38268343236485014 -0.92387953251138599 -0 -0.92387953251138599 0.38268343236485014 0 -0 -0 1 
1 190.9104665981348 -79.077704463916021 -12 -0.38268343236485014 -0.92387953251138599 -0 -0.92387953251138599 0.38268343236485014 0 -0 -0 1 
1 190.9104665981348 -79.077704463916021 -12 -0.38268343236485014 -0.92387953251138599 -0 -0.92387953251138599 0.38268343236485014 0 -0 -0 1 
1 190.9104665981348 -79.077704463916021 -12 -0.38268343236485014 -0.92387953251138599 -0 -0.92387953251138599 0.38268343236485014 0 -0 -0 1 
1 190.9104665981348 -79.077704463916021 -12 -0.38268343236485014 -0.92387953251138599 -0 -0.92387953251138599 0.38268343236485014 0 -0 -0 1 
1 190.9104665981348 -79.077704463916021 -12 -0.38268343236485014 -0.92387953251138599 -0 -0.92387953251138599 0.38268343236485014 0 -0 -0 1 
1 190.9104665981348 -79.077704463916021 -12 -0.38268343236485014 -0.92387953251138599 -0 -0.92387953251138599 0.38268343236485014 0 -0 -0 1 
1 190.9104665981348 -79.077704463916021 -12 -0.38268343236485014 -0.92387953251138599 -0 -0.92387953251138599 0.38268343236485014 0 -0 -0 1 
1 190.9104665981348 -79.077704463916021 -12 -0.38268343236485014 -0.92387953251138599 -0 -0.92387953251138599 0.38268343236485014 0 -0 -0 1 
1 190.9104665981348 -79.077704463916021 -12 -0.38268343236485014 -0.92387953251138599 -0 -0.92387953251138599 0.38268343236485014 0 -0 -0 1 
1 190.9104665981348 -79.077704463916021 -12 -0.38268343236485014 -0.92387953251138599 -0 -0.92387953251138599 0.38268343236485014 0 -0 -0 1 
1 190.9104665981348 -79.077704463916021 -12 -0.38268343236485014 -0.92387953251138599 -0 -0.92387953251138599 0.38268343236485014 0 -0 -0 1 
1 190.9104665981348 -79.077704463916021 -12 -0.38268343236485014 -0.92387953251138599 -0 -0.92387953251138599 0.38268343236485014 0 -0 -0 1 
1 190.9104665981348 -79.077704463916021 -12 -0.38268343236485014 -0.92387953251138599 -0 -0.92387953251138599 0.38268343236485014 0 -0 -0 1 
1 190.9104665981348 -79.077704463916021 -12 -0.38268343236485014 -0.92387953251138599 -0 -0.92387953251138599 0.38268343236485014 0 -0 -0 1 
1 190.9104665981348 -79.077704463916021 -12 -0.38268343236485014 -0.92387953251138599 -0 -0.92387953251138599 0.38268343236485014 0 -0 -0 1 
1 190.9104665981348 -79.077704463916021 -12 -0.38268343236485014 -0.92387953251138599 -0 -0.92387953251138599 0.38268343236485014 0 -0 -0 1 
1 190.9104665981348 -79.077704463916021 -12 -0.38268343236485014 -0.92387953251138599 -0 -0.92387953251138599 0.38268343236485014 0 -0 -0 1 
1 190.9104665981348 -79.077704463916021 -12 -0.38268343236485014 -0.92387953251138599 -0 -0.92387953251138599 0.38268343236485014 0 -0 -0 1 
1 190.9104665981348 -79.077704463916021 -12 -0.38268343236485014 -0.92387953251138599 -0 -0.92387953251138599 0.38268343236485014 0 -0 -0 1 
1 190.9104665981348 -79.077704463916021 -12 -0.38268343236485014 -0.92387953251138599 -0 -0.92387953251138599 0.38268343236485014 0 -0 -0 1 
1 190.9104665981348 -79.077704463916021 -12 -0.38268343236485014 -0.92387953251138599 -0 -0.92387953251138599 0.38268343236485014 0 -0 -0 1 
1 190.9104665981348 -79.077704463916021 -12 -0.38268343236485014 -0.92387953251138599 -0 -0.92387953251138599 0.38268343236485014 0 -0 -0 1 
1 190.9104665981348 -79.077704463916021 -12 -0.38268343236485014 -0.92387953251138599 -0 -0.92387953251138599 0.38268343236485014 0 -0 -0 1 
1 190.9104665981348 -79.077704463916021 -12 -0.38268343236485014 -0.92387953251138599 -0 -0.92387953251138599 0.38268343236485014 0 -0 -0 1 
1 190.9104665981348 -79.077704463916021 -12 -0.38268343236485014 -0.92387953251138599 -0 -0.92387953251138599 0.38268343236485014 0 -0 -0 1 
1 190.9104665981348 -79.077704463916021 -12 -0.38268343236485014 -0.92387953251138599 -0 -0.92387953251138599 0.38268343236485014 0 -0 -0 1 
1 190.9104665981348 -79.077704463916021 -12 -0.38268343236485014 -0.92387953251138599 -0 -0.92387953251138599 0.38268343236485014 0 -0 -0 1 
1 190.9104665981348 -79.077704463916021 -12 -0.38268343236485014 -0.92387953251138599 -0 -0.92387953251138599 0.38268343236485014 0 -0 -0 1 
1 190.9104665981348 -79.077704463916021 -12 -0.38268343236485014 -0.92387953251138599 -0 -0.92387953251138599 0.38268343236485014 0 -0 -0 1 
1 190.9104665981348 -79.077704463916021 -12 -0.38268343236485014 -0.92387953251138599 -0 -0.92387953251138599 0.38268343236485014 0 -0 -0 1 
1 190.9104665981348 -79.077704463916021 -12 -0.38268343236485014 -0.92387953251138599 -0 -0.92387953251138599 0.38268343236485014 0 -0 -0 1 
1 190.9104665981348 -79.077704463916021 -12 -0.38268343236485014 -0.92387953251138599 -0 -0.92387953251138599 0.38268343236485014 0 -0 -0 1 
1 190.9104665981348 -79.077704463916021 -12 -0.38268343236485014 -0.92387953251138599 -0 -0.92387953251138599 0.38268343236485014 0 -0 -0 1 
1 190.9104665981348 -79.077704463916021 -12 -0.38268343236485014 -0.92387953251138599 -0 -0.92387953251138599 0.38268343236485014 0 -0 -0 1 
1 190.9104665981348 -79.077704463916021 -12 -0.38268343236485014 -0.92387953251138599 -0 -0.92387953251138599 0.38268343236485014 0 -0 -0 1 
1 190.9104665981348 -79.077704463916021 -12 -0.38268343236485014 -0.92387953251138599 -0 -0.92387953251138599 0.38268343236485014 0 -0 -0 1 
1 190.9104665981348 -79.077704463916021 -12 -0.38268343236485014 -0.92387953251138599 -0 -0.92387953251138599 0.38268343236485014 0 -0 -0 1 
1 190.9104665981348 -79.077704463916021 -12 -0.38268343236485014 -0.92387953251138599 -0 -0.92387953251138599 0.38268343236485014 0 -0 -0 1 
1 190.9104665981348 -79.077704463916021 -12 -0.38268343236485014 -0.92387953251138599 -0 -0.92387953251138599 0.38268343236485014 0 -0 -0 1 
1 190.9104665981348 -79.077704463916021 -12 -0.38268343236485014 -0.92387953251138599 -0 -0.92387953251138599 0.38268343236485014 0 -0 -0 1 
1 190.9104665981348 -79.077704463916021 -12 -0.38268343236485014 -0.92387953251138599 -0 -0.92387953251138599 0.38268343236485014 0 -0 -0 1 
1 190.9104665981348 -79.077704463916021 -12 -0.38268343236485014 -0.92387953251138599 -0 -0.92387953251138599 0.38268343236485014 0 -0 -0 1 
1 190.9104665981348 -79.077704463916021 -12 -0.38268343236485014 -0.92387953251138599 -0 -0.92387953251138599 0.38268343236485014 0 -0 -0 1 
1 190.9104665981348 -79.077704463916021 -12 -0.38268343236485014 -0.92387953251138599 -0 -0.92387953251138599 0.38268343236485014 0 -0 -0 1 
1 190.9104665981348 -79.077704463916021 -12 -0.38268343236485014 -0.92387953251138599 -0 -0.92387953251138599 0.38268343236485014 0 -0 -0 1 
1 190.9104665981348 -79.077704463916021 -12 -0.38268343236485014 -0.92387953251138599 -0 -0.92387953251138599 0.38268343236485014 0 -0 -0 1 
1 190.9104665981348 -79.077704463916021 -12 -0.38268343236485014 -0.92387953251138599 -0 -0.92387953251138599 0.38268343236485014 0 -0 -0 1 
1 190.9104665981348 -79.077704463916021 -12 -0.38268343236485014 -0.92387953251138599 -0 -0.92387953251138599 0.38268343236485014 0 -0 -0 1 
1 190.9104665981348 -79.077704463916021 -12 -0.38268343236485014 -0.92387953251138599 -0 -0.92387953251138599 0.38268343236485014 0 -0 -0 1 
1 190.9104665981348 -79.077704463916021 -12 -0.38268343236485014 -0.92387953251138599 -0 -0.92387953251138599 0.38268343236485014 0 -0 -0 1 
1 190.9104665981348 -79.077704463916021 -12 -0.38268343236485014 -0.92387953251138599 -0 -0.92387953251138599 0.38268343236485014 0 -0 -0 1 
1 190.9104665981348 -79.077704463916021 -12 -0.38268343236485014 -0.92387953251138599 -0 -0.92387953251138599 0.38268343236485014 0 -0 -0 1 
1 190.9104665981348 -79.077704463916021 -12 -0.38268343236485014 -0.92387953251138599 -0 -0.92387953251138599 0.38268343236485014 0 -0 -0 1 
1 190.9104665981348 -79.077704463916021 -12 -0.38268343236485014 -0.92387953251138599 -0 -0.92387953251138599 0.38268343236485014 0 -0 -0 1 
1 190.9104665981348 -79.077704463916021 -12 -0.38268343236485014 -0.92387953251138599 -0 -0.92387953251138599 0.38268343236485014 0 -0 -0 1 
1 190.9104665981348 -79.077704463916021 -12 -0.38268343236485014 -0.92387953251138599 -0 -0.92387953251138599 0.38268343236485014 0 -0 -0 1 
1 190.9104665981348 -79.077704463916021 -12 -0.38268343236485014 -0.92387953251138599 -0 -0.92387953251138599 0.38268343236485014 0 -0 -0 1 
1 190.9104665981348 -79.077704463916021 -12 -0.38268343236485014 -0.92387953251138599 -0 -0.92387953251138599 0.38268343236485014 0 -0 -0 1 
1 190.9104665981348 -79.077704463916021 -12 -0.38268343236485014 -0.92387953251138599 -0 -0.92387953251138599 0.38268343236485014 0 -0 -0 1 
1 190.9104665981348 -79.077704463916021 -12 -0.38268343236485014 -0.92387953251138599 -0 -0.92387953251138599 0.38268343236485014 0 -0 -0 1 
1 190.9104665981348 -79.077704463916021 -12 -0.38268343236485014 -0.92387953251138599 -0 -0.92387953251138599 0.38268343236485014 0 -0 -0 1 
1 190.9104665981348 -79.077704463916021 -12 -0.38268343236485014 -0.92387953251138599 -0 -0.92387953251138599 0.38268343236485014 0 -0 -0 1 
1 190.9104665981348 -79.077704463916021 -12 -0.38268343236485014 -0.92387953251138599 -0 -0.92387953251138599 0.38268343236485014 0 -0 -0 1 
1 190.9104665981348 -79.077704463916021 -12 -0.38268343236485014 -0.92387953251138599 -0 -0.92387953251138599 0.38268343236485014 0 -0 -0 1 
1 190.9104665981348 -79.077704463916021 -12 -0.38268343236485014 -0.92387953251138599 -0 -0.92387953251138599 0.38268343236485014 0 -0 -0 1 
1 190.9104665981348 -79.077704463916021 -12 -0.38268343236485014 -0.92387953251138599 -0 -0.92387953251138599 0.38268343236485014 0 -0 -0 1 
1 190.9104665981348 -79.077704463916021 -12 -0.38268343236485014 -0.92387953251138599 -0 -0.92387953251138599 0.38268343236485014 0 -0 -0 1 
1 190.9104665981348 -79.077704463916021 -12 -0.38268343236485014 -0.92387953251138599 -0 -0.92387953251138599 0.38268343236485014 0 -0 -0 1 
1 190.9104665981348 -79.077704463916021 -12 -0.38268343236485014 -0.92387953251138599 -0 -0.92387953251138599 0.38268343236485014 0 -0 -0 1 
1 190.9104665981348 -79.077704463916021 -12 -0.38268343236485014 -0.92387953251138599 -0 -0.92387953251138599 0.38268343236485014 0 -0 -0 1 
1 190.9104665981348 -79.077704463916021 -12 -0.38268343236485014 -0.92387953251138599 -0 -0.92387953251138599 0.38268343236485014 0 -0 -0 1 
1 190.9104665981348 -79.077704463916021 -12 -0.38268343236485014 -0.92387953251138599 -0 -0.92387953251138599 0.38268343236485014 0 -0 -0 1 
1 190.9104665981348 -79.077704463916021 -12 -0.38268343236485014 -0.92387953251138599 -0 -0.92387953251138599 0.38268343236485014 0 -0 -0 1 
1 190.9104665981348 -79.077704463916021 -12 -0.38268343236485014 -0.92387953251138599 -0 -0.92387953251138599 0.38268343236485014 0 -0 -0 1 
1 190.9104665981348 -79.077704463916021 -12 -0.38268343236485014 -0.92387953251138599 -0 -0.92387953251138599 0.38268343236485014 0 -0 -0 1 
1 190.9104665981348 -79.077704463916021 -12 -0.38268343236485014 -0.92387953251138599 -0 -0.92387953251138599 0.38268343236485014 0 -0 -0 1 
1 190.9104665981348 -79.077704463916021 -12 -0.38268343236485014 -0.92387953251138599 -0 -0.92387953251138599 0.38268343236485014 0 -0 -0 1 
1 190.9104665981348 -79.077704463916021 -12 -0.38268343236485014 -0.92387953251138599 -0 -0.92387953251138599 0.38268343236485014 0 -0 -0 1 
1 190.9104665981348 -79.077704463916021 -12 -0.38268343236485014 -0.92387953251138599 -0 -0.92387953251138599 0.38268343236485014 0 -0 -0 1 
1 190.9104665981348 -79.077704463916021 -12 -0.38268343236485014 -0.92387953251138599 -0 -0.92387953251138599 0.38268343236485014 0 -0 -0 1 
1 190.9104665981348 -79.077704463916021 -12 -0.38268343236485014 -0.92387953251138599 -0 -0.92387953251138599 0.38268343236485014 0 -0 -0 1 
1 190.9104665981348 -79.077704463916021 -12 -0.38268343236485014 -0.92387953251138599 -0 -0.92387953251138599 0.38268343236485014 0 -0 -0 1 
1 190.9104665981348 -79.077704463916021 -12 -0.38268343236485014 -0.92387953251138599 -0 -0.92387953251138599 0.38268343236485014 0 -0 -0 1 
1 190.9104665981348 -79.077704463916021 -12 -0.38268343236485014 -0.92387953251138599 -0 -0.92387953251138599 0.38268343236485014 0 -0 -0 1 
1 190.9104665981348 -79.077704463916021 -12 -0.38268343236485014 -0.92387953251138599 -0 -0.92387953251138599 0.38268343236485014 0 -0 -0 1 
1 190.9104665981348 -79.077704463916021 -12 -0.38268343236485014 -0.92387953251138599 -0 -0.92387953251138599 0.38268343236485014 0 -0 -0 1 
1 190.9104665981348 -79.077704463916021 -12 -0.38268343236485014 -0.92387953251138599 -0 -0.92387953251138599 0.38268343236485014 0 -0 -0 1 
1 190.9104665981348 -79.077704463916021 -12 -0.38268343236485014 -0.92387953251138599 -0 -0.92387953251138599 0.38268343236485014 0 -0 -0 1 
1 190.9104665981348 -79.077704463916021 -12 -0.38268343236485014 -0.92387953251138599 -0 -0.92387953251138599 0.38268343236485014 0 -0 -0 1 
1 190.9104665981348 -79.077704463916021 -12 -0.38268343236485014 -0.92387953251138599 -0 -0.92387953251138599 0.38268343236485014 0 -0 -0 1 
1 190.9104665981348 -79.077704463916021 -12 -0.38268343236485014 -0.92387953251138599 -0 -0.92387953251138599 0.38268343236485014 0 -0 -0 1 
1 190.9104665981348 -79.077704463916021 -12 -0.38268343236485014 -0.92387953251138599 -0 -0.92387953251138599 0.38268343236485014 0 -0 -0 1 
1 190.9104665981348 -79.077704463916021 -12 -0.38268343236485014 -0.92387953251138599 -0 -0.92387953251138599 0.38268343236485014 0 -0 -0 1 
1 190.9104665981348 -79.077704463916021 -12 -0.38268343236485014 -0.92387953251138599 -0 -0.92387953251138599 0.38268343236485014 0 -0 -0 1 
1 190.9104665981348 -79.077704463916021 -12 -0.38268343236485014 -0.92387953251138599 -0 -0.92387953251138599 0.38268343236485014 0 -0 -0 1 
1 190.9104665981348 -79.077704463916021 -12 -0.38268343236485014 -0.92387953251138599 -0 -0.92387953251138599 0.38268343236485014 0 -0 -0 1 
1 190.9104665981348 -79.077704463916021 -12 -0.38268343236485014 -0.92387953251138599 -0 -0.92387953251138599 0.38268343236485014 0 -0 -0 1 
1 190.9104665981348 -79.077704463916021 -12 -0.38268343236485014 -0.92387953251138599 -0 -0.92387953251138599 0.38268343236485014 0 -0 -0 1 
1 190.9104665981348 -79.077704463916021 -12 -0.38268343236485014 -0.92387953251138599 -0 -0.92387953251138599 0.38268343236485014 0 -0 -0 1 
1 190.9104665981348 -79.077704463916021 -12 -0.38268343236485014 -0.92387953251138599 -0 -0.92387953251138599 0.38268343236485014 0 -0 -0 1 
1 190.9104665981348 -79.077704463916021 -12 -0.38268343236485014 -0.92387953251138599 -0 -0.92387953251138599 0.38268343236485014 0 -0 -0 1 
1 190.9104665981348 -79.077704463916021 -12 -0.38268343236485014 -0.92387953251138599 -0 -0.92387953251138599 0.38268343236485014 0 -0 -0 1 
1 190.9104665981348 -79.077704463916021 -12 -0.38268343236485014 -0.92387953251138599 -0 -0.92387953251138599 0.38268343236485014 0 -0 -0 1 
1 190.9104665981348 -79.077704463916021 -12 -0.38268343236485014 -0.92387953251138599 -0 -0.92387953251138599 0.38268343236485014 0 -0 -0 1 
1 190.9104665981348 -79.077704463916021 -12 -0.38268343236485014 -0.92387953251138599 -0 -0.92387953251138599 0.38268343236485014 0 -0 -0 1 
1 190.9104665981348 -79.077704463916021 -12 -0.38268343236485014 -0.92387953251138599 -0 -0.92387953251138599 0.38268343236485014 0 -0 -0 1 
1 190.9104665981348 -79.077704463916021 -12 -0.38268343236485014 -0.92387953251138599 -0 -0.92387953251138599 0.38268343236485014 0 -0 -0 1 
1 190.9104665981348 -79.077704463916021 -12 -0.38268343236485014 -0.92387953251138599 -0 -0.92387953251138599 0.38268343236485014 0 -0 -0 1 
1 190.9104665981348 -79.077704463916021 -12 -0.38268343236485014 -0.92387953251138599 -0 -0.92387953251138599 0.38268343236485014 0 -0 -0 1 
1 190.9104665981348 -79.077704463916021 -12 -0.38268343236485014 -0.92387953251138599 -0 -0.92387953251138599 0.38268343236485014 0 -0 -0 1 
1 190.9104665981348 -79.077704463916021 -12 -0.38268343236485014 -0.92387953251138599 -0 -0.92387953251138599 0.38268343236485014 0 -0 -0 1 
1 190.9104665981348 -79.077704463916021 -12 -0.38268343236485014 -0.92387953251138599 -0 -0.92387953251138599 0.38268343236485014 0 -0 -0 1 
1 190.9104665981348 -79.077704463916021 -12 -0.38268343236485014 -0.92387953251138599 -0 -0.92387953251138599 0.38268343236485014 0 -0 -0 1 
1 190.9104665981348 -79.077704463916021 -12 -0.38268343236485014 -0.92387953251138599 -0 -0.92387953251138599 0.38268343236485014 0 -0 -0 1 
1 190.9104665981348 -79.077704463916021 -12 -0.38268343236485014 -0.92387953251138599 -0 -0.92387953251138599 0.38268343236485014 0 -0 -0 1 
1 190.9104665981348 -79.077704463916021 -12 -0.38268343236485014 -0.92387953251138599 -0 -0.92387953251138599 0.38268343236485014 0 -0 -0 1 
1 190.9104665981348 -79.077704463916021 -12 -0.38268343236485014 -0.92387953251138599 -0 -0.92387953251138599 0.38268343236485014 0 -0 -0 1 
1 180.54052986696155 -70.142309274479615 -12.000000000000002 0 0 1 1 0 -0 -0 1 0 
5 190.91046659813358 -79.077704463918991 -12 -0.38268343236485014 -0.92387953251138599 -0 -0.92387953251138599 0.38268343236485014 0 -0 -0 1 13.000000000000039 12.375
5 190.91046659813358 -79.077704463918991 -12 -0.38268343236485014 -0.92387953251138599 -0 -0.92387953251138599 0.38268343236485014 0 -0 -0 1 13.000000000000039 12.375
5 190.91046659813358 -79.077704463918991 -12 -0.38268343236485014 -0.92387953251138599 -0 -0.92387953251138599 0.38268343236485014 0 -0 -0 1 13.000000000000039 12.375
5 190.91046659813358 -79.077704463918991 -12 -0.38268343236485014 -0.92387953251138599 -0 -0.92387953251138599 0.38268343236485014 0 -0 -0 1 13.000000000000039 12.375
5 190.91046659813358 -79.077704463918991 -12 -0.38268343236485014 -0.92387953251138599 -0 -0.92387953251138599 0.38268343236485014 0 -0 -0 1 13.000000000000039 12.375
5 190.91046659813358 -79.077704463918991 -12 -0.38268343236485014 -0.92387953251138599 -0 -0.92387953251138599 0.38268343236485014 0 -0 -0 1 13.000000000000039 12.375
5 190.91046659813358 -79.077704463918991 -12 -0.38268343236485014 -0.92387953251138599 -0 -0.92387953251138599 0.38268343236485014 0 -0 -0 1 13.000000000000039 12.375
5 190.91046659813358 -79.077704463918991 -12 -0.38268343236485014 -0.92387953251138599 -0 -0.92387953251138599 0.38268343236485014 0 -0 -0 1 13.000000000000039 12.375
5 190.91046659813358 -79.077704463918991 -12 -0.38268343236485014 -0.92387953251138599 -0 -0.92387953251138599 0.38268343236485014 0 -0 -0 1 13.000000000000039 12.375
5 190.91046659813358 -79.077704463918991 -12 -0.38268343236485014 -0.92387953251138599 -0 -0.92387953251138599 0.38268343236485014 0 -0 -0 1 13.000000000000039 12.375
5 190.91046659813358 -79.077704463918991 -12 -0.38268343236485014 -0.92387953251138599 -0 -0.92387953251138599 0.38268343236485014 0 -0 -0 1 13.000000000000039 12.375
5 190.91046659813358 -79.077704463918991 -12 -0.38268343236485014 -0.92387953251138599 -0 -0.92387953251138599 0.38268343236485014 0 -0 -0 1 13.000000000000039 12.375
5 190.91046659813358 -79.077704463918991 -12 -0.38268343236485014 -0.92387953251138599 -0 -0.92387953251138599 0.38268343236485014 0 -0 -0 1 13.000000000000039 12.375
5 190.91046659813358 -79.077704463918991 -12 -0.38268343236485014 -0.92387953251138599 -0 -0.92387953251138599 0.38268343236485014 0 -0 -0 1 13.000000000000039 12.375
5 190.91046659813358 -79.077704463918991 -12 -0.38268343236485014 -0.92387953251138599 -0 -0.92387953251138599 0.38268343236485014 0 -0 -0 1 13.000000000000039 12.375
5 190.91046659813358 -79.077704463918991 -12 -0.38268343236485014 -0.92387953251138599 -0 -0.92387953251138599 0.38268343236485014 0 -0 -0 1 13.000000000000039 12.375
5 190.91046659813358 -79.077704463918991 -12 -0.38268343236485014 -0.92387953251138599 -0 -0.92387953251138599 0.38268343236485014 0 -0 -0 1 13.000000000000039 12.375
5 190.91046659813358 -79.077704463918991 -12 -0.38268343236485014 -0.92387953251138599 -0 -0.92387953251138599 0.38268343236485014 0 -0 -0 1 13.000000000000039 12.375
5 190.91046659813358 -79.077704463918991 -12 -0.38268343236485014 -0.92387953251138599 -0 -0.92387953251138599 0.38268343236485014 0 -0 -0 1 13.000000000000039 12.375
5 190.91046659813358 -79.077704463918991 -12 -0.38268343236485014 -0.92387953251138599 -0 -0.92387953251138599 0.38268343236485014 0 -0 -0 1 13.000000000000039 12.375
5 190.91046659813358 -79.077704463918991 -12 -0.38268343236485014 -0.92387953251138599 -0 -0.92387953251138599 0.38268343236485014 0 -0 -0 1 13.000000000000039 12.375
5 190.91046659813358 -79.077704463918991 -12 -0.38268343236485014 -0.92387953251138599 -0 -0.92387953251138599 0.38268343236485014 0 -0 -0 1 13.000000000000039 12.375
5 190.91046659813358 -79.077704463918991 -12 -0.38268343236485014 -0.92387953251138599 -0 -0.92387953251138599 0.38268343236485014 0 -0 -0 1 13.000000000000039 12.375
5 190.91046659813358 -79.077704463918991 -12 -0.38268343236485014 -0.92387953251138599 -0 -0.92387953251138599 0.38268343236485014 0 -0 -0 1 13.000000000000039 12.375
5 190.91046659813358 -79.077704463918991 -12 -0.38268343236485014 -0.92387953251138599 -0 -0.92387953251138599 0.38268343236485014 0 -0 -0 1 13.000000000000039 12.375
5 190.91046659813358 -79.077704463918991 -12 -0.38268343236485014 -0.92387953251138599 -0 -0.92387953251138599 0.38268343236485014 0 -0 -0 1 13.000000000000039 12.375
5 190.91046659813358 -79.077704463918991 -12 -0.38268343236485014 -0.92387953251138599 -0 -0.92387953251138599 0.38268343236485014 0 -0 -0 1 13.000000000000039 12.375
5 190.91046659813358 -79.077704463918991 -12 -0.38268343236485014 -0.92387953251138599 -0 -0.92387953251138599 0.38268343236485014 0 -0 -0 1 13.000000000000039 12.375
5 190.91046659813358 -79.077704463918991 -12 -0.38268343236485014 -0.92387953251138599 -0 -0.92387953251138599 0.38268343236485014 0 -0 -0 1 13.000000000000039 12.375
5 190.91046659813358 -79.077704463918991 -12 -0.38268343236485014 -0.92387953251138599 -0 -0.92387953251138599 0.38268343236485014 0 -0 -0 1 13.000000000000039 12.375
5 190.91046659813358 -79.077704463918991 -12 -0.38268343236485014 -0.92387953251138599 -0 -0.92387953251138599 0.38268343236485014 0 -0 -0 1 13.000000000000039 12.375
5 190.91046659813358 -79.077704463918991 -12 -0.38268343236485014 -0.92387953251138599 -0 -0.92387953251138599 0.38268343236485014 0 -0 -0 1 13.000000000000039 12.375
5 190.91046659813358 -79.077704463918991 -12 -0.38268343236485014 -0.92387953251138599 -0 -0.92387953251138599 0.38268343236485014 0 -0 -0 1 13.000000000000039 12.375
5 190.91046659813358 -79.077704463918991 -12 -0.38268343236485014 -0.92387953251138599 -0 -0.92387953251138599 0.38268343236485014 0 -0 -0 1 13.000000000000039 12.375
5 190.91046659813358 -79.077704463918991 -12 -0.38268343236485014 -0.92387953251138599 -0 -0.92387953251138599 0.38268343236485014 0 -0 -0 1 13.000000000000039 12.375
5 190.91046659813358 -79.077704463918991 -12 -0.38268343236485014 -0.92387953251138599 -0 -0.92387953251138599 0.38268343236485014 0 -0 -0 1 13.000000000000039 12.375
5 190.91046659813358 -79.077704463918991 -12 -0.38268343236485014 -0.92387953251138599 -0 -0.92387953251138599 0.38268343236485014 0 -0 -0 1 13.000000000000039 12.375
5 190.91046659813358 -79.077704463918991 -12 -0.38268343236485014 -0.92387953251138599 -0 -0.92387953251138599 0.38268343236485014 0 -0 -0 1 13.000000000000039 12.375
5 190.91046659813358 -79.077704463918991 -12 -0.38268343236485014 -0.92387953251138599 -0 -0.92387953251138599 0.38268343236485014 0 -0 -0 1 13.000000000000039 12.375
5 190.91046659813358 -79.077704463918991 -12 -0.38268343236485014 -0.92387953251138599 -0 -0.92387953251138599 0.38268343236485014 0 -0 -0 1 13.000000000000039 12.375
5 190.91046659813358 -79.077704463918991 -12 -0.38268343236485014 -0.92387953251138599 -0 -0.92387953251138599 0.38268343236485014 0 -0 -0 1 13.000000000000039 12.375
5 190.91046659813358 -79.077704463918991 -12 -0.38268343236485014 -0.92387953251138599 -0 -0.92387953251138599 0.38268343236485014 0 -0 -0 1 13.000000000000039 12.375
5 190.91046659813358 -79.077704463918991 -12 -0.38268343236485014 -0.92387953251138599 -0 -0.92387953251138599 0.38268343236485014 0 -0 -0 1 13.000000000000039 12.375
5 190.91046659813358 -79.077704463918991 -12 -0.38268343236485014 -0.92387953251138599 -0 -0.92387953251138599 0.38268343236485014 0 -0 -0 1 13.000000000000039 12.375
5 190.91046659813358 -79.077704463918991 -12 -0.38268343236485014 -0.92387953251138599 -0 -0.92387953251138599 0.38268343236485014 0 -0 -0 1 13.000000000000039 12.375
5 190.91046659813358 -79.077704463918991 -12 -0.38268343236485014 -0.92387953251138599 -0 -0.92387953251138599 0.38268343236485014 0 -0 -0 1 13.000000000000039 12.375
5 190.91046659813358 -79.077704463918991 -12 -0.38268343236485014 -0.92387953251138599 -0 -0.92387953251138599 0.38268343236485014 0 -0 -0 1 13.000000000000039 12.375
5 190.91046659813358 -79.077704463918991 -12 -0.38268343236485014 -0.92387953251138599 -0 -0.92387953251138599 0.38268343236485014 0 -0 -0 1 13.000000000000039 12.375
5 190.91046659813358 -79.077704463918991 -12 -0.38268343236485014 -0.92387953251138599 -0 -0.92387953251138599 0.38268343236485014 0 -0 -0 1 13.000000000000039 12.375
5 190.91046659813358 -79.077704463918991 -12 -0.38268343236485014 -0.92387953251138599 -0 -0.92387953251138599 0.38268343236485014 0 -0 -0 1 13.000000000000039 12.375
5 190.91046659813358 -79.077704463918991 -12 -0.38268343236485014 -0.92387953251138599 -0 -0.92387953251138599 0.38268343236485014 0 -0 -0 1 13.000000000000039 12.375
5 190.91046659813358 -79.077704463918991 -12 -0.38268343236485014 -0.92387953251138599 -0 -0.92387953251138599 0.38268343236485014 0 -0 -0 1 13.000000000000039 12.375
5 190.91046659813358 -79.077704463918991 -12 -0.38268343236485014 -0.92387953251138599 -0 -0.92387953251138599 0.38268343236485014 0 -0 -0 1 13.000000000000039 12.375
5 190.91046659813358 -79.077704463918991 -12 -0.38268343236485014 -0.92387953251138599 -0 -0.92387953251138599 0.38268343236485014 0 -0 -0 1 13.000000000000039 12.375
5 190.91046659813358 -79.077704463918991 -12 -0.38268343236485014 -0.92387953251138599 -0 -0.92387953251138599 0.38268343236485014 0 -0 -0 1 13.000000000000039 12.375
5 190.91046659813358 -79.077704463918991 -12 -0.38268343236485014 -0.92387953251138599 -0 -0.92387953251138599 0.38268343236485014 0 -0 -0 1 13.000000000000039 12.375
5 190.91046659813358 -79.077704463918991 -12 -0.38268343236485014 -0.92387953251138599 -0 -0.92387953251138599 0.38268343236485014 0 -0 -0 1 13.000000000000039 12.375
5 190.91046659813358 -79.077704463918991 -12 -0.38268343236485014 -0.92387953251138599 -0 -0.92387953251138599 0.38268343236485014 0 -0 -0 1 13.000000000000039 12.375
5 190.91046659813358 -79.077704463918991 -12 -0.38268343236485014 -0.92387953251138599 -0 -0.92387953251138599 0.38268343236485014 0 -0 -0 1 13.000000000000039 12.375
5 190.91046659813358 -79.077704463918991 -12 -0.38268343236485014 -0.92387953251138599 -0 -0.92387953251138599 0.38268343236485014 0 -0 -0 1 13.000000000000039 12.375
5 190.91046659813358 -79.077704463918991 -12 -0.38268343236485014 -0.92387953251138599 -0 -0.92387953251138599 0.38268343236485014 0 -0 -0 1 13.000000000000039 12.375
5 190.91046659813358 -79.077704463918991 -12 -0.38268343236485014 -0.92387953251138599 -0 -0.92387953251138599 0.38268343236485014 0 -0 -0 1 13.000000000000039 12.375
5 190.91046659813358 -79.077704463918991 -12 -0.38268343236485014 -0.92387953251138599 -0 -0.92387953251138599 0.38268343236485014 0 -0 -0 1 13.000000000000039 12.375
5 190.91046659813358 -79.077704463918991 -12 -0.38268343236485014 -0.92387953251138599 -0 -0.92387953251138599 0.38268343236485014 0 -0 -0 1 13.000000000000039 12.375
5 190.91046659813358 -79.077704463918991 -12 -0.38268343236485014 -0.92387953251138599 -0 -0.92387953251138599 0.38268343236485014 0 -0 -0 1 13.000000000000039 12.375
5 190.91046659813358 -79.077704463918991 -12 -0.38268343236485014 -0.92387953251138599 -0 -0.92387953251138599 0.38268343236485014 0 -0 -0 1 13.000000000000039 12.375
5 190.91046659813358 -79.077704463918991 -12 -0.38268343236485014 -0.92387953251138599 -0 -0.92387953251138599 0.38268343236485014 0 -0 -0 1 13.000000000000039 12.375
5 190.91046659813358 -79.077704463918991 -12 -0.38268343236485014 -0.92387953251138599 -0 -0.92387953251138599 0.38268343236485014 0 -0 -0 1 13.000000000000039 12.375
5 190.91046659813358 -79.077704463918991 -12 -0.38268343236485014 -0.92387953251138599 -0 -0.92387953251138599 0.38268343236485014 0 -0 -0 1 13.000000000000039 12.375
5 190.91046659813358 -79.077704463918991 -12 -0.38268343236485014 -0.92387953251138599 -0 -0.92387953251138599 0.38268343236485014 0 -0 -0 1 13.000000000000039 12.375
5 190.91046659813358 -79.077704463918991 -12 -0.38268343236485014 -0.92387953251138599 -0 -0.92387953251138599 0.38268343236485014 0 -0 -0 1 13.000000000000039 12.375
5 190.91046659813358 -79.077704463918991 -12 -0.38268343236485014 -0.92387953251138599 -0 -0.92387953251138599 0.38268343236485014 0 -0 -0 1 13.000000000000039 12.375
5 190.91046659813358 -79.077704463918991 -12 -0.38268343236485014 -0.92387953251138599 -0 -0.92387953251138599 0.38268343236485014 0 -0 -0 1 13.000000000000039 12.375
5 190.91046659813358 -79.077704463918991 -12 -0.38268343236485014 -0.92387953251138599 -0 -0.92387953251138599 0.38268343236485014 0 -0 -0 1 13.000000000000039 12.375
5 190.91046659813358 -79.077704463918991 -12 -0.38268343236485014 -0.92387953251138599 -0 -0.92387953251138599 0.38268343236485014 0 -0 -0 1 13.000000000000039 12.375
5 190.91046659813358 -79.077704463918991 -12 -0.38268343236485014 -0.92387953251138599 -0 -0.92387953251138599 0.38268343236485014 0 -0 -0 1 13.000000000000039 12.375
5 190.91046659813358 -79.077704463918991 -12 -0.38268343236485014 -0.92387953251138599 -0 -0.92387953251138599 0.38268343236485014 0 -0 -0 1 13.000000000000039 12.375
5 190.91046659813358 -79.077704463918991 -12 -0.38268343236485014 -0.92387953251138599 -0 -0.92387953251138599 0.38268343236485014 0 -0 -0 1 13.000000000000039 12.375
5 190.91046659813358 -79.077704463918991 -12 -0.38268343236485014 -0.92387953251138599 -0 -0.92387953251138599 0.38268343236485014 0 -0 -0 1 13.000000000000039 12.375
5 190.91046659813358 -79.077704463918991 -12 -0.38268343236485014 -0.92387953251138599 -0 -0.92387953251138599 0.38268343236485014 0 -0 -0 1 13.000000000000039 12.375
5 190.91046659813358 -79.077704463918991 -12 -0.38268343236485014 -0.92387953251138599 -0 -0.92387953251138599 0.38268343236485014 0 -0 -0 1 13.000000000000039 12.375
5 190.91046659813358 -79.077704463918991 -12 -0.38268343236485014 -0.92387953251138599 -0 -0.92387953251138599 0.38268343236485014 0 -0 -0 1 13.000000000000039 12.375
5 190.91046659813358 -79.077704463918991 -12 -0.38268343236485014 -0.92387953251138599 -0 -0.92387953251138599 0.38268343236485014 0 -0 -0 1 13.000000000000039 12.375
5 190.91046659813358 -79.077704463918991 -12 -0.38268343236485014 -0.92387953251138599 -0 -0.92387953251138599 0.38268343236485014 0 -0 -0 1 13.000000000000039 12.375
5 190.91046659813358 -79.077704463918991 -12 -0.38268343236485014 -0.92387953251138599 -0 -0.92387953251138599 0.38268343236485014 0 -0 -0 1 13.000000000000039 12.375
5 190.91046659813358 -79.077704463918991 -12 -0.38268343236485014 -0.92387953251138599 -0 -0.92387953251138599 0.38268343236485014 0 -0 -0 1 13.000000000000039 12.375
5 190.91046659813358 -79.077704463918991 -12 -0.38268343236485014 -0.92387953251138599 -0 -0.92387953251138599 0.38268343236485014 0 -0 -0 1 13.000000000000039 12.375
5 190.91046659813358 -79.077704463918991 -12 -0.38268343236485014 -0.92387953251138599 -0 -0.92387953251138599 0.38268343236485014 0 -0 -0 1 13.000000000000039 12.375
5 190.91046659813358 -79.077704463918991 -12 -0.38268343236485014 -0.92387953251138599 -0 -0.92387953251138599 0.38268343236485014 0 -0 -0 1 13.000000000000039 12.375
5 190.91046659813358 -79.077704463918991 -12 -0.38268343236485014 -0.92387953251138599 -0 -0.92387953251138599 0.38268343236485014 0 -0 -0 1 13.000000000000039 12.375
5 190.91046659813358 -79.077704463918991 -12 -0.38268343236485014 -0.92387953251138599 -0 -0.92387953251138599 0.38268343236485014 0 -0 -0 1 13.000000000000039 12.375
5 190.91046659813358 -79.077704463918991 -12 -0.38268343236485014 -0.92387953251138599 -0 -0.92387953251138599 0.38268343236485014 0 -0 -0 1 13.000000000000039 12.375
5 190.91046659813358 -79.077704463918991 -12 -0.38268343236485014 -0.92387953251138599 -0 -0.92387953251138599 0.38268343236485014 0 -0 -0 1 13.000000000000039 12.375
5 190.91046659813358 -79.077704463918991 -12 -0.38268343236485014 -0.92387953251138599 -0 -0.92387953251138599 0.38268343236485014 0 -0 -0 1 13.000000000000039 12.375
5 190.91046659813358 -79.077704463918991 -12 -0.38268343236485014 -0.92387953251138599 -0 -0.92387953251138599 0.38268343236485014 0 -0 -0 1 13.000000000000039 12.375
5 190.91046659813358 -79.077704463918991 -12 -0.38268343236485014 -0.92387953251138599 -0 -0.92387953251138599 0.38268343236485014 0 -0 -0 1 13.000000000000039 12.375
5 190.91046659813358 -79.077704463918991 -12 -0.38268343236485014 -0.92387953251138599 -0 -0.92387953251138599 0.38268343236485014 0 -0 -0 1 13.000000000000039 12.375
5 190.91046659813358 -79.077704463918991 -12 -0.38268343236485014 -0.92387953251138599 -0 -0.92387953251138599 0.38268343236485014 0 -0 -0 1 13.000000000000039 12.375
5 190.91046659813358 -79.077704463918991 -12 -0.38268343236485014 -0.92387953251138599 -0 -0.92387953251138599 0.38268343236485014 0 -0 -0 1 13.000000000000039 12.375
5 190.91046659813358 -79.077704463918991 -12 -0.38268343236485014 -0.92387953251138599 -0 -0.92387953251138599 0.38268343236485014 0 -0 -0 1 13.000000000000039 12.375
5 190.91046659813358 -79.077704463918991 -12 -0.38268343236485014 -0.92387953251138599 -0 -0.92387953251138599 0.38268343236485014 0 -0 -0 1 13.000000000000039 12.375
5 190.91046659813358 -79.077704463918991 -12 -0.38268343236485014 -0.92387953251138599 -0 -0.92387953251138599 0.38268343236485014 0 -0 -0 1 13.000000000000039 12.375
5 190.91046659813358 -79.077704463918991 -12 -0.38268343236485014 -0.92387953251138599 -0 -0.92387953251138599 0.38268343236485014 0 -0 -0 1 13.000000000000039 12.375
5 190.91046659813358 -79.077704463918991 -12 -0.38268343236485014 -0.92387953251138599 -0 -0.92387953251138599 0.38268343236485014 0 -0 -0 1 13.000000000000039 12.375
5 190.91046659813358 -79.077704463918991 -12 -0.38268343236485014 -0.92387953251138599 -0 -0.92387953251138599 0.38268343236485014 0 -0 -0 1 13.000000000000039 12.375
5 190.91046659813358 -79.077704463918991 -12 -0.38268343236485014 -0.92387953251138599 -0 -0.92387953251138599 0.38268343236485014 0 -0 -0 1 13.000000000000039 12.375
5 190.91046659813358 -79.077704463918991 -12 -0.38268343236485014 -0.92387953251138599 -0 -0.92387953251138599 0.38268343236485014 0 -0 -0 1 13.000000000000039 12.375
5 190.91046659813358 -79.077704463918991 -12 -0.38268343236485014 -0.92387953251138599 -0 -0.92387953251138599 0.38268343236485014 0 -0 -0 1 13.000000000000039 12.375
5 190.91046659813358 -79.077704463918991 -12 -0.38268343236485014 -0.92387953251138599 -0 -0.92387953251138599 0.38268343236485014 0 -0 -0 1 13.000000000000039 12.375
5 190.91046659813358 -79.077704463918991 -12 -0.38268343236485014 -0.92387953251138599 -0 -0.92387953251138599 0.38268343236485014 0 -0 -0 1 13.000000000000039 12.375
5 190.91046659813358 -79.077704463918991 -12 -0.38268343236485014 -0.92387953251138599 -0 -0.92387953251138599 0.38268343236485014 0 -0 -0 1 13.000000000000039 12.375
5 190.91046659813358 -79.077704463918991 -12 -0.38268343236485014 -0.92387953251138599 -0 -0.92387953251138599 0.38268343236485014 0 -0 -0 1 13.000000000000039 12.375
5 190.91046659813358 -79.077704463918991 -12 -0.38268343236485014 -0.92387953251138599 -0 -0.92387953251138599 0.38268343236485014 0 -0 -0 1 13.000000000000039 12.375
5 190.91046659813358 -79.077704463918991 -12 -0.38268343236485014 -0.92387953251138599 -0 -0.92387953251138599 0.38268343236485014 0 -0 -0 1 13.000000000000039 12.375
5 190.91046659813358 -79.077704463918991 -12 -0.38268343236485014 -0.92387953251138599 -0 -0.92387953251138599 0.38268343236485014 0 -0 -0 1 13.000000000000039 12.375
5 190.91046659813358 -79.077704463918991 -12 -0.38268343236485014 -0.92387953251138599 -0 -0.92387953251138599 0.38268343236485014 0 -0 -0 1 13.000000000000039 12.375
5 190.91046659813358 -79.077704463918991 -12 -0.38268343236485014 -0.92387953251138599 -0 -0.92387953251138599 0.38268343236485014 0 -0 -0 1 13.000000000000039 12.375
5 190.91046659813358 -79.077704463918991 -12 -0.38268343236485014 -0.92387953251138599 -0 -0.92387953251138599 0.38268343236485014 0 -0 -0 1 13.000000000000039 12.375
5 190.91046659813358 -79.077704463918991 -12 -0.38268343236485014 -0.92387953251138599 -0 -0.92387953251138599 0.38268343236485014 0 -0 -0 1 13.000000000000039 12.375
5 190.91046659813358 -79.077704463918991 -12 -0.38268343236485014 -0.92387953251138599 -0 -0.92387953251138599 0.38268343236485014 0 -0 -0 1 13.000000000000039 12.375
5 190.91046659813358 -79.077704463918991 -12 -0.38268343236485014 -0.92387953251138599 -0 -0.92387953251138599 0.38268343236485014 0 -0 -0 1 13.000000000000039 12.375
5 190.91046659813358 -79.077704463918991 -12 -0.38268343236485014 -0.92387953251138599 -0 -0.92387953251138599 0.38268343236485014 0 -0 -0 1 13.000000000000039 12.375
5 190.91046659813358 -79.077704463918991 -12 -0.38268343236485014 -0.92387953251138599 -0 -0.92387953251138599 0.38268343236485014 0 -0 -0 1 13.000000000000039 12.375
5 190.91046659813358 -79.077704463918991 -12 -0.38268343236485014 -0.92387953251138599 -0 -0.92387953251138599 0.38268343236485014 0 -0 -0 1 13.000000000000039 12.375
5 190.91046659813358 -79.077704463918991 -12 -0.38268343236485014 -0.92387953251138599 -0 -0.92387953251138599 0.38268343236485014 0 -0 -0 1 13.000000000000039 12.375
5 190.91046659813358 -79.077704463918991 -12 -0.38268343236485014 -0.92387953251138599 -0 -0.92387953251138599 0.38268343236485014 0 -0 -0 1 13.000000000000039 12.375
9 1 1 0 0 6 10 7 27 2 4 83.208677817409992 34.466162859104486 -93.103584590446644  1.1325565747149673 91.894485993334357 38.063942405743532 -90.843524520114983  1.1325565747149748 100.34591140273506 41.564637431701541 -88.321485415526311  1.132556574714934 108.53238773331327 44.955586955874381 -85.545490925435004  1.1325565747150454 116.42440685863411 48.224568312088309 -82.524765743646157  1.1325565747148369 123.99370400705212 51.359873848597189 -79.269691612055922  1.1325565747151221 131.21343467191238 54.350384206661417 -75.791754373064862  1.1325565747148345 138.0583439103018 57.185638446416391 -72.10348368719454  1.1325565747150423 144.50492395547693 59.855899332051102 -68.218384257496211  1.1325565747149418 153.5448924870509 63.600376901255231 -62.117101793491827  1.1325565747149846 161.59601953016178 66.935262914900562 -55.639578805215436  1.1325565747149564 164.16741342563091 68.000369140606779 -53.440500494034588  1.1325565747149988 166.62417674795864 69.017993828256991 -51.203468599897931  1.1325565747149182 168.96412720092349 69.987233041154141 -48.930480073551806  1.1325565747150155 171.18522026101917 70.907239909940586 -46.623574764958818  1.1325565747149333 173.28555374737871 71.77722652549555 -44.284830995988216  1.1325565747149824 175.26337212241927 72.596465720348746 -41.916360073844302  1.1325565747149675 178.97076780428711 74.132119292861702 -37.124239173755619  1.1325565747149571 182.17586710839313 75.459714893374965 -32.230384709953455  1.1325565747149868 183.65138910205712 76.070896114730843 -29.760180225137482  1.1325565747148776 184.99858174695288 76.628921579374733 -27.268873201887299  1.1325565747151438 186.21629689566615 77.133315709080676 -24.758649094774622  1.1325565747147353 187.30354005006427 77.58366656922793 -22.231695836871573  1.1325565747151864 188.25946767711318 77.979624757000138 -19.690194582237879  1.1325565747148121 189.08338091621141 78.320900794852435 -17.136312563570307  1.1325565747150459 189.77471683102559 78.607261506924516 -14.572201304090676  1.1325565747149446 190.33304189031273 78.838527318693906 -11.999999999999915  1.1325565747149671 
85.917730750114842 27.925930527781816 -93.103584590446616  1.0363466313412377 94.603538926037842 31.523710074420521 -90.84352452011592  1.0363466313412315 103.05496433544491 35.024405100380065 -88.321485415522744  1.0363466313412601 111.241440666008 38.415354624549437 -85.545490925442607  1.0363466313411882 119.13345979135296 41.684335980768495 -82.524765743635044  1.0363466313413083 126.70275693974304 44.819641517272046 -79.269691612067504  1.0363466313411653 133.92248760462712 47.810151875340182 -75.791754373056136  1.0363466313412879 140.7673968430019 50.645406115093223 -72.10348368719913  1.0363466313412137 147.21397688818311 53.315667000728482 -68.218384257494776  1.0363466313412437 156.2539454197551 57.060144569932632 -62.117101793492552  1.0363466313412348 164.30507246286683 60.395030583577764 -55.639578805215187  1.0363466313412368 166.87646635833542 61.460136809284698 -53.440500494034993  1.0363466313412386 169.33322968066378 62.477761496933162 -51.203468599897576  1.0363466313412404 171.67318013362831 63.447000709832942 -48.930480073551792  1.0363466313412297 173.89427319372382 64.367007578616608 -46.623574764959251  1.0363466313412473 175.99460668008376 65.236994194173619 -44.28483099598764  1.0363466313412291 177.97242505512395 66.056233389025891 -41.916360073844615  1.0363466313412444 181.67982073699227 67.591886961539117 -37.124239173755186  1.0363466313412237 184.88492004109759 68.919482562052295 -32.230384709953967  1.0363466313412579 186.36044203476328 69.530663783407903 -29.760180225135656  1.0363466313411624 187.70763467965531 70.08868924805266 -27.268873201890578  1.0363466313413663 188.92534982837378 70.593083377757154 -24.758649094770771  1.0363466313410941 190.0125929827669 71.043434237906112 -22.2316958368746  1.0363466313413483 190.96852060981917 71.439392425676772 -19.690194582236266  1.0363466313411751 191.79243384891583 71.780668463530176 -17.136312563570826  1.0363466313412646 192.48376976373055 72.067029175601718 -14.572201304090648  1.0363466313412311 193.04209482301758 72.298294987371236 -11.999999999999908  1.0363466313412375 
86.368315847864807 21.392288516502219 -88.953463175713324  0.99231630935362858 94.942005155637787 24.943626907354982 -86.754343682791259  0.99231630935362514 103.27885486329978 28.396863123734839 -84.29951778365772  0.99231630935364057 111.3478702723074 31.739158741143036 -81.597879011388954  0.99231630935360216 119.1191260593658 34.958118284813352 -78.659719965738304  0.99231630935366444 126.56396851441255 38.041872999424626 -75.496736365436178  0.99231630935359538 133.65521759179495 40.979164541441598 -72.122034981212252  0.99231630935365067 140.3674062020516 43.759444097017138 -68.550159590217987  0.99231630935361725 146.67702866581178 46.37297529495968 -64.797109334703634  0.99231630935363235 155.5059082214928 50.030016947481769 -58.922032385745638  0.99231630935362736 163.3405037289667 53.275212662384568 -52.720853069958842  0.99231630935362702 165.83928441730328 54.310241512889576 -50.619901309396646  0.99231630935363657 168.22322210386247 55.297700834514927 -48.48747611683055  0.99231630935361692 170.49042626283261 56.236807545828547 -46.326063239607805  0.99231630935363591 172.63922689414107 57.126869910152955 -44.138202728262812  0.99231630935362747 174.66819650155719 57.967296639187218 -41.926466816005536  0.9923163093536278 176.57617197247069 58.757605955914833 -39.693424639462854  0.99231630935363013 180.14836598112052 60.237257161725523 -35.189759467336337  0.99231630935362358 183.23060406168673 61.513961977158793 -30.620524305996025  0.99231630935363691 184.64862355614434 62.101324883473076 -28.321912154183945  0.99231630935359683 185.94320690441603 62.637558863948165 -26.011586281647645  0.9923163093536832 187.11428545418968 63.12263548187093 -23.691645401148865  0.9923163093535653 188.16203527128951 63.55662766608485 -21.363936104236267  0.9923163093536792 189.08682035609601 63.93968619049469 -19.029970194953982  0.99231630935359916 189.88909143020561 64.271997750088673 -16.690870844758905  0.99231630935364168 190.56925577233619 64.553731045242543 -14.347390793726696  0.99231630935362525 191.12758083162393 64.784996857012104 -11.999999999999908  0.99231630935362847 
84.12107941117641 17.751746613314815 -82.044625135076259  0.97646189969331665 92.508120902188296 21.225772947077658 -79.946955343824143  0.97646189969331132 100.65423282470745 24.600002985994969 -77.604021388157037  0.97646189969333608 108.52770733210912 27.861302909957978 -75.026164924983959  0.9764618996932769 116.097924580305 30.996989564273861 -72.225456330866351  0.97646189969336394 123.3355833811938 33.994925999428006 -69.215778743082112  0.97646189969328179 130.21294510677183 36.843622499511198 -66.012937343052684  0.97646189969333008 136.70418950050697 39.532383964072039 -62.634828871268624  0.97646189969331632 142.78581435796625 42.051475461298381 -59.101605041710897  0.97646189969331432 151.26328743637191 45.56295978502628 -53.603099549623337  0.97646189969331876 158.73741606567444 48.658845230204605 -47.861958263089754  0.97646189969331521 161.11531525740838 49.643803325377064 -45.924360866881806  0.97646189969331698 163.37801781071721 50.581045410572997 -43.966077750396053  0.97646189969332631 165.5241189191845 51.469989595925327 -41.990408376071841  0.97646189969329078 167.55257206372605 52.310202399031539 -40.000725494155787  0.97646189969335018 169.46273997058731 53.10141985246419 -38.000423567606099  0.97646189969329344 171.2544457557064 53.843568688442453 -35.992833896163191  0.9764618996933242 174.60156527381966 55.229990987728762 -31.969370074123788  0.97646189969330865 177.47927239972523 56.421976307816486 -27.940538906173611  0.97646189969332464 178.80156566975813 56.969688113698943 -25.92758192423873  0.97646189969329211 180.00856866229461 57.469645123032279 -23.91854108260706  0.97646189969335706 181.10200979461288 57.922563269695075 -21.915370692206828  0.97646189969326491 182.08401380721494 58.32932265001984 -19.91934910259603  0.97646189969336827 182.95695491953691 58.690906697896494 -17.930873829714855  0.97646189969327823 183.72319759884124 59.008294807733549 -15.949329963357499  0.97646189969333608 184.38476427150911 59.282324695966551 -13.973141645153433  0.9764618996933111 184.94308933079628 59.513590507736076 -11.999999999999915  0.97646189969331654 
79.957791420926782 18.73696235694046 -75.135787094438911  0.99231630935363124 88.158185095176989 22.133676633613803 -73.139567004857341  0.99231630935362114 96.113559232555772 25.428900495066564 -70.908524992653668  0.99231630935367032 103.7914928383463 28.609204725589251 -68.454450838584322  0.99231630935354687 111.16067154768763 31.661618490542729 -65.791192695985188  0.99231630935375226 118.1911466944093 34.573736646249941 -62.934821120737496  0.99231630935350745 124.85462106819078 37.33383810438869 -59.903839704885542  0.99231630935372239 131.12492124539949 39.931081477943373 -56.719498152322956  0.99231630935358484 136.97854849655985 42.35573327444888 -53.406100748716518  0.99231630935364412 145.10461509768976 45.721660269384557 -48.284166713501797  0.99231630935362547 152.21827684882081 48.668235444837471 -43.003063456219749  0.99231630935363091 154.47529454395271 49.603122784677375 -41.228820424370156  0.99231630935363224 156.61676196400984 50.490147633445055 -39.44467938395448  0.99231630935364179 158.64176002197573 51.328929292833465 -37.65475351254463  0.99231630935360138 160.54986567974967 52.119292534724707 -35.863248260040841  0.9923163093536671 162.34123188605591 52.861300712553273 -34.074380319210555  0.99231630935360726 164.01666798538102 53.555289067783335 -32.292243152862731  0.99231630935364201 167.13871301295697 54.84848246054473 -28.74898068091057  0.99231630935361215 169.81188918420293 55.955748285287427 -25.260553506352917  0.99231630935365822 171.03845622980836 56.463808990737014 -23.533251694284242  0.99231630935352744 172.1578788666169 56.927489028930779 -21.82549588358529  0.99231630935382031 173.17368258146729 57.348248704330416 -20.139095983239798  0.9923163093534032 174.08994078958668 57.72777528076945 -18.474762100978644  0.99231630935382531 174.91103792941087 58.067884852110303 -16.831777464460664  0.99231630935351156 175.64125221391834 58.370349512191815 -15.207789081962915  0.99231630935368254 176.28422121711992 58.636675993503452 -13.598892496578372  0.99231630935361892 176.84254627640729 58.867941805273034 -11.999999999999936  0.99231630935363113 
75.656420627026321 23.675556707082244 -70.985665679705733  1.0363466313412362 83.744695433125514 27.025829827969325 -69.050386167532949  1.0363466313412255 91.585493868764161 30.273594879843614 -66.886557360788302  1.0363466313412761 99.145966552987346 33.405245203602576 -64.506838924531692  1.0363466313411516 106.39438192406136 36.407637156011148 -61.926146918087383  1.0363466313413532 113.30040237741625 39.268204489821642 -59.161865874107725  1.0363466313411214 119.83539516371771 41.975087131913043 -56.234120313040449  1.0363466313413146 125.97297471279343 44.517355821287822 -53.166174055342722  1.0363466313411984 131.68964438254005 46.885277930101758 -49.984825825925348  1.036346631341247 139.60462200777579 50.163769008354855 -45.089097305754883  1.0363466313412293 146.50175222327087 53.020653885065776 -40.084337720963809  1.0363466313412391 148.68615671126875 53.925463849703171 -38.408221239729713  1.0363466313412166 150.75479849556038 54.782323332448854 -36.728686900892392  1.0363466313412806 152.70705025952768 55.590972490249918 -35.050336678594121  1.0363466313411744 154.54286348851761 56.351391227682754 -33.377876223350604  1.0363466313412923 156.26286581587877 57.063839518988082 -31.716016139224855  1.036346631341202 157.86845901107731 57.728897996093686 -30.069307718482133  1.0363466313412484 160.85530236543528 58.966089022152552 -26.814500974490972  1.0363466313412206 163.40561731314111 60.022464061815207 -23.650693102395582  1.0363466313412544 164.5746818595417 60.506706452224037 -22.094983623331544  1.0363466313411771 165.64149519972173 60.948595006246691 -20.568208963343494  1.0363466313413268 166.6106623156405 61.35003716986688 -19.072092289617203  1.0363466313411442 167.4874271864513 61.713205070368382 -17.607002368340829  1.0363466313413003 168.27738178404283 62.040414978350356 -16.171553077178089  1.0363466313412042 168.98595390355516 62.333915160171394 -14.762347363151072  1.0363466313412473 169.61775133407593 62.59561422456575 -13.374081986214527  1.0363466313412339 170.17607639336327 62.826880036335297 -11.99999999999995  1.0363466313412359 
72.947367694321457 30.215789038404871 -70.98566567970569  1.1325565747149673 81.035642500423307 33.566062159292343 -69.050386167532693  1.1325565747149748 88.876440936049548 36.813827211165204 -66.88655736078897  1.132556574714934 96.436913620301894 39.94547753492661 -64.506838924530285  1.1325565747150454 103.68532899133042 42.947869487332838 -61.926146918088875  1.1325565747148369 110.59134944473657 45.808436821143971 -59.161865874106709  1.1325565747151221 117.12634223099516 48.515319463237034 -56.234120313040521  1.1325565747148345 123.26392178009721 51.057588152609178 -53.166174055343035  1.1325565747150423 128.98059144983262 53.42551026142489 -49.984825825924986  1.1325565747149418 136.89556907507227 56.704001339677156 -45.089097305755303  1.1325565747149846 143.79269929056554 59.560886216388525 -40.084337720963291  1.1325565747149564 145.97710377856455 60.465696181025784 -38.408221239732185  1.1325565747149988 148.04574556285493 61.322555663771347 -36.728686900886942  1.1325565747149182 149.99799732682277 62.131204821572751 -35.050336678601411  1.1325565747150155 151.8338105558131 62.891623559005247 -33.377876223343804  1.1325565747149333 153.55381288317358 63.604071850310774 -31.716016139228913  1.1325565747149824 155.15940607837251 64.269130327416292 -30.06930771848085  1.1325565747149675 158.14624943273026 65.506321353475172 -26.814500974492056  1.1325565747149571 160.69656438043631 66.562696393137855 -23.650693102394644  1.1325565747149868 161.86562892683654 67.046938783546636 -22.094983623333711  1.1325565747148776 162.93244226701719 67.488827337569333 -20.568208963340695  1.1325565747151438 163.90160938293536 67.890269501189607 -19.072092289618993  1.1325565747147353 164.77837425374636 68.253437401690789 -17.607002368340837  1.1325565747151864 165.56832885133809 68.580647309673239 -16.171553077176803  1.1325565747148121 166.27690097085008 68.874147491493844 -14.762347363152323  1.1325565747150459 166.90869840137111 69.135846555888435 -13.374081986214016  1.1325565747149446 167.4670234606584 69.367112367657924 -11.99999999999995  1.1325565747149671 

0 7
3.1415926535897918 7

5.1616053782088862 11
5.6644230660807562 8
5.9158319100166921 8
6.1672407539526271 11

5 190.91046659813358 79.077704463918991 -12 -0.38268343236485014 0.92387953251138599 -0 -0.92387953251138599 -0.38268343236485014 -0 -0 -0 1 13.000000000000039 12.375
1 133.97060927330327 55.492443320388901 -54.330461734494889 0.38268343236509006 -0.92387953251128674 -5.1999999999999997e-16 -0.92387953251128674 -0.38268343236509006 -2.4651903288156613e-32 -1.9899538482984674e-16 4.8041735690586902e-16 -1 
1 79.718519947341889 28.380465380057917 -82.04462513507616 0.82562798316678399 0.34198630810242681 0.44875806230353221 -0.47755209697914824 -5.5511151231257815e-17 0.87860343424711151 -0.30047034476428297 0.9397049351102037 -0.16331627857247094 
1 285.34091924289464 45.299088819423304 -42.394849882013581 0.25247141782517862 0.27810634699017334 0.92677669529672868 0.12948729810868387 -0.95890104954049193 0.25247141782517862 -0.95890104954049193 -0.056263993405412507 0.27810634699017334 
Triangulations 0

TShapes 55
Ve
2.70630272e-06
83.20867781741 -34.4661628591045 -93.1035845904467
0 0

0101101
*
Ve
3.05495673816441e-06
190.333041890313 -78.8385273186939 -11.9999999999999
0 0

0101101
*
Ed
 1e-07 1 1 0
1  1 0 5.16160537820889 6.16724075395263
2  1 1 0 5.16160537820889 6.16724075395263
2  2 2 0 5.16160537820889 6.16724075395263
0

0101000
+55 0 -54 0 *
Ve
2.70630272e-06
72.9473676943214 -30.2157890384049 -70.9856656797057
0 0

0101101
*
Ed
 2.70630272e-06 1 1 0
1  2 0 0 3.14159265358979
2  3 1 0 0 3.14159265358979
2  4 3 0 0 3.14159265358979
4 C0 1 0 3 0
0

0101000
+55 0 -52 0 *
Ve
3.05495673816441e-06
167.467023460658 -69.3671123676579 -11.9999999999999
0 0

0101101
*
Ed
 1.062978e-07 1 1 0
1  3 0 5.16160537820889 6.16724075395263
2  5 1 0 5.16160537820889 6.16724075395263
2  6 2 0 5.16160537820889 6.16724075395263
0

0101000
+52 0 -50 0 *
Ed
 3.05495673816441e-06 1 1 0
1  4 0 0 3.14159265358979
2  7 1 0 0 3.14159265358979
2  8 4 0 0 3.14159265358979
4 C0 1 0 4 0
2  9 5 0 0 3.14159265358979
0

0101000
+54 0 -50 0 *
Wi

0101100
-53 0 +51 0 +49 0 -48 0 *
Fa
0  1e-07 1 0

0101000
+47 0 *
Ed
 1e-07 1 1 0
1  5 0 0 24.75
2  10 2 0 0 24.75
2  11 3 0 0 24.75
4 C0 2 0 3 0
0

0101000
+52 0 -55 0 *
Ve
1.00001791e-07
206.015000000002 0 0
0 0

0101101
*
Ed
 1.00001791e-07 1 1 0
1  6 0 0 2.61799387799149
2  12 5 0 0 2.61799387799149
2  13 7 0 0 2.61799387799149
0

0101000
+54 0 -44 5 *
Ve
1.00001791e-07
181.264999999998 1e-15 0
0 0

0101101
*
Ed
 1e-07 1 1 0
1  7 0 0 24.7500000000072
2  14 8 9 0 24.7500000000072
2  15 8 11 0 24.7500000000072
2  16 9 14 0 24.7500000000072
2  17 9 16 0 24.7500000000072
2  18 10 19 0 24.7500000000072
2  19 10 21 0 24.7500000000072
2  20 11 24 0 24.7500000000072
2  21 11 26 0 24.7500000000072
2  22 12 29 0 24.7500000000072
2  23 12 31 0 24.7500000000072
2  24 13 34 0 24.7500000000072
2  25 13 36 0 24.7500000000072
2  26 14 39 0 24.7500000000072
2  27 14 41 0 24.7500000000072
2  28 15 44 0 24.7500000000072
2  29 15 46 0 24.7500000000072
2  30 16 49 0 24.7500000000072
2  31 16 51 0 24.7500000000072
2  32 17 54 0 24.7500000000072
2  33 17 56 0 24.7500000000072
2  34 18 59 0 24.7500000000072
2  35 18 61 0 24.7500000000072
2  36 19 64 0 24.7500000000072
2  37 19 66 0 24.7500000000072
2  38 20 69 0 24.7500000000072
2  39 20 71 0 24.7500000000072
2  40 21 74 0 24.7500000000072
2  41 21 76 0 24.7500000000072
2  42 22 79 0 24.7500000000072
2  43 22 81 0 24.7500000000072
2  44 23 84 0 24.7500000000072
2  45 23 86 0 24.7500000000072
2  46 24 89 0 24.7500000000072
2  47 24 91 0 24.7500000000072
2  48 25 94 0 24.7500000000072
2  49 25 96 0 24.7500000000072
2  50 26 99 0 24.7500000000072
2  51 26 101 0 24.7500000000072
2  52 27 104 0 24.7500000000072
2  53 27 106 0 24.7500000000072
2  54 28 109 0 24.7500000000072
2  55 28 111 0 24.7500000000072
2  56 29 114 0 24.7500000000072
2  57 29 116 0 24.7500000000072
2  58 30 120 0 24.7500000000072
2  59 30 122 0 24.7500000000072
2  60 31 125 0 24.7500000000072
2  61 31 127 0 24.7500000000072
2  62 32 130 0 24.7500000000072
2  63 32 132 0 24.7500000000072
2  64 33 135 0 24.7500000000072
2  65 33 137 0 24.7500000000072
2  66 34 140 0 24.7500000000072
2  67 34 142 0 24.7500000000072
2  68 35 145 0 24.7500000000072
2  69 35 147 0 24.7500000000072
2  70 36 150 0 24.7500000000072
2  71 36 152 0 24.7500000000072
2  72 37 155 0 24.7500000000072
2  73 37 157 0 24.7500000000072
2  74 38 160 0 24.7500000000072
2  75 38 162 0 24.7500000000072
2  76 39 166 0 24.7500000000072
2  77 39 168 0 24.7500000000072
2  78 40 171 0 24.7500000000072
2  79 40 173 0 24.7500000000072
2  80 41 176 0 24.7500000000072
2  81 41 178 0 24.7500000000072
2  82 42 181 0 24.7500000000072
2  83 42 183 0 24.7500000000072
2  84 43 186 0 24.7500000000072
2  85 43 188 0 24.7500000000072
2  86 44 191 0 24.7500000000072
2  87 44 193 0 24.7500000000072
2  88 45 196 0 24.7500000000072
2  89 45 198 0 24.7500000000072
2  90 46 201 0 24.7500000000072
2  91 46 203 0 24.7500000000072
2  92 47 206 0 24.7500000000072
2  93 47 208 0 24.7500000000072
2  94 48 211 0 24.7500000000072
2  95 48 213 0 24.7500000000072
2  96 49 216 0 24.7500000000072
2  97 49 218 0 24.7500000000072
2  98 50 221 0 24.7500000000072
2  99 50 223 0 24.7500000000072
2  100 51 226 0 24.7500000000072
2  101 51 228 0 24.7500000000072
2  102 52 232 0 24.7500000000072
2  103 52 234 0 24.7500000000072
2  104 53 237 0 24.7500000000072
2  105 53 239 0 24.7500000000072
2  106 54 242 0 24.7500000000072
2  107 54 244 0 24.7500000000072
2  108 55 247 0 24.7500000000072
2  109 55 249 0 24.7500000000072
2  110 56 252 0 24.7500000000072
2  111 56 254 0 24.7500000000072
2  112 57 257 0 24.7500000000072
2  113 57 259 0 24.7500000000072
2  114 58 262 0 24.7500000000072
2  115 58 264 0 24.7500000000072
2  116 59 267 0 24.7500000000072
2  117 59 269 0 24.7500000000072
2  118 60 272 0 24.7500000000072
2  119 60 274 0 24.7500000000072
2  120 61 277 0 24.7500000000072
2  121 61 279 0 24.7500000000072
2  122 62 282 0 24.7500000000072
2  123 62 284 0 24.7500000000072
2  124 63 287 0 24.7500000000072
2  125 63 289 0 24.7500000000072
2  126 64 292 0 24.7500000000072
2  127 64 294 0 24.7500000000072
2  128 65 297 0 24.7500000000072
2  129 65 299 0 24.7500000000072
2  130 66 302 0 24.7500000000072
2  131 66 304 0 24.7500000000072
2  132 67 307 0 24.7500000000072
2  133 67 309 0 24.7500000000072
2  134 68 312 0 24.7500000000072
2  135 68 314 0 24.7500000000072
2  136 69 317 0 24.7500000000072
2  137 69 319 0 24.7500000000072
2  138 70 322 0 24.7500000000072
2  139 70 324 0 24.7500000000072
2  140 71 327 0 24.7500000000072
2  141 71 329 0 24.7500000000072
2  142 72 332 0 24.7500000000072
2  143 72 334 0 24.7500000000072
2  144 73 337 0 24.7500000000072
2  145 73 339 0 24.7500000000072
2  146 74 342 0 24.7500000000072
2  147 74 344 0 24.7500000000072
2  148 75 347 0 24.7500000000072
2  149 75 349 0 24.7500000000072
2  150 76 352 0 24.7500000000072
2  151 76 354 0 24.7500000000072
2  152 77 357 0 24.7500000000072
2  153 77 359 0 24.7500000000072
2  154 78 362 0 24.7500000000072
2  155 78 364 0 24.7500000000072
2  156 79 367 0 24.7500000000072
2  157 79 369 0 24.7500000000072
2  158 80 372 0 24.7500000000072
2  159 80 374 0 24.7500000000072
2  160 81 377 0 24.7500000000072
2  161 81 379 0 24.7500000000072
2  162 82 382 0 24.7500000000072
2  163 82 384 0 24.7500000000072
2  164 83 387 0 24.7500000000072
2  165 83 389 0 24.7500000000072
2  166 84 392 0 24.7500000000072
2  167 84 394 0 24.7500000000072
2  168 85 397 0 24.7500000000072
2  169 85 399 0 24.7500000000072
2  170 86 402 0 24.7500000000072
2  171 86 404 0 24.7500000000072
2  172 87 407 0 24.7500000000072
2  173 87 409 0 24.7500000000072
2  174 88 412 0 24.7500000000072
2  175 88 414 0 24.7500000000072
2  176 89 417 0 24.7500000000072
2  177 89 419 0 24.7500000000072
2  178 90 422 0 24.7500000000072
2  179 90 424 0 24.7500000000072
2  180 91 427 0 24.7500000000072
2  181 91 429 0 24.7500000000072
2  182 92 432 0 24.7500000000072
2  183 92 434 0 24.7500000000072
2  184 93 437 0 24.7500000000072
2  185 93 439 0 24.7500000000072
2  186 94 442 0 24.7500000000072
2  187 94 444 0 24.7500000000072
2  188 95 447 0 24.7500000000072
2  189 95 449 0 24.7500000000072
2  190 96 452 0 24.7500000000072
2  191 96 454 0 24.7500000000072
2  192 97 457 0 24.7500000000072
2  193 97 459 0 24.7500000000072
2  194 98 462 0 24.7500000000072
2  195 98 464 0 24.7500000000072
2  196 99 467 0 24.7500000000072
2  197 99 469 0 24.7500000000072
2  198 100 472 0 24.7500000000072
2  199 100 474 0 24.7500000000072
2  200 101 477 0 24.7500000000072
2  201 101 479 0 24.7500000000072
2  202 102 482 0 24.7500000000072
2  203 102 484 0 24.7500000000072
2  204 103 487 0 24.7500000000072
2  205 103 489 0 24.7500000000072
2  206 104 492 0 24.7500000000072
2  207 104 494 0 24.7500000000072
2  208 105 497 0 24.7500000000072
2  209 105 499 0 24.7500000000072
2  210 106 502 0 24.7500000000072
2  211 106 504 0 24.7500000000072
2  212 107 507 0 24.7500000000072
2  213 107 509 0 24.7500000000072
2  214 108 512 0 24.7500000000072
2  215 108 514 0 24.7500000000072
2  216 109 517 0 24.7500000000072
2  217 109 519 0 24.7500000000072
2  218 110 522 0 24.7500000000072
2  219 110 524 0 24.7500000000072
2  220 111 527 0 24.7500000000072
2  221 111 529 0 24.7500000000072
2  222 112 532 0 24.7500000000072
2  223 112 534 0 24.7500000000072
2  224 113 537 0 24.7500000000072
2  225 113 539 0 24.7500000000072
2  226 114 542 0 24.7500000000072
2  227 114 544 0 24.7500000000072
2  228 115 547 0 24.7500000000072
2  229 115 549 0 24.7500000000072
2  230 116 552 0 24.7500000000072
2  231 116 554 0 24.7500000000072
2  232 117 557 0 24.7500000000072
2  233 117 559 0 24.7500000000072
2  234 118 562 0 24.7500000000072
2  235 118 564 0 24.7500000000072
2  236 119 567 0 24.7500000000072
2  237 119 569 0 24.7500000000072
2  238 120 572 0 24.7500000000072
2  239 120 574 0 24.7500000000072
2  240 121 577 0 24.7500000000072
2  241 121 579 0 24.7500000000072
2  242 122 582 0 24.7500000000072
2  243 122 584 0 24.7500000000072
2  244 123 587 0 24.7500000000072
2  245 123 589 0 24.7500000000072
2  246 124 592 0 24.7500000000072
2  247 124 594 0 24.7500000000072
2  248 125 597 0 24.7500000000072
2  249 125 599 0 24.7500000000072
2  250 126 602 0 24.7500000000072
2  251 126 604 0 24.7500000000072
2  252 127 607 0 24.7500000000072
2  253 127 609 0 24.7500000000072
2  254 128 612 0 24.7500000000072
2  255 128 614 0 24.7500000000072
2  256 129 617 0 24.7500000000072
2  257 129 619 0 24.7500000000072
2  258 130 622 0 24.7500000000072
2  259 130 624 0 24.7500000000072
2  260 131 627 0 24.7500000000072
2  261 131 629 0 24.7500000000072
2  262 132 632 0 24.7500000000072
2  263 132 634 0 24.7500000000072
2  264 133 637 0 24.7500000000072
2  265 133 639 0 24.7500000000072
2  266 7 640 0 24.7500000000072
2  267 7 641 0 24.7500000000072
2  268 134 642 0 24.7500000000072
0

0101000
+42 0 -44 0 *
Ed
 1.00001791e-07 1 1 0
1  8 0 0 2.61799387799149
2  269 5 0 0 2.61799387799149
2  270 7 0 0 2.61799387799149
0

0101000
+50 0 -42 5 *
Wi

0101100
-49 0 +45 0 +53 0 +43 0 -41 5 -40 0 *
Fa
0  0 6 0

0101000
+39 0 *
Wi

0101100
+51 0 +45 0 *
Fa
0  1e-07 3 0

0111000
+37 0 *
Ed
 1e-07 1 1 0
1  9 0 0 3.14159265358979
2  271 135 9 0 3.14159265358979
2  272 135 11 0 3.14159265358979
2  273 136 14 0 3.14159265358979
2  274 136 16 0 3.14159265358979
2  275 137 19 0 3.14159265358979
2  276 137 21 0 3.14159265358979
2  277 138 24 0 3.14159265358979
2  278 138 26 0 3.14159265358979
2  279 139 29 0 3.14159265358979
2  280 139 31 0 3.14159265358979
2  281 140 34 0 3.14159265358979
2  282 140 36 0 3.14159265358979
2  283 141 39 0 3.14159265358979
2  284 141 41 0 3.14159265358979
2  285 142 44 0 3.14159265358979
2  286 142 46 0 3.14159265358979
2  287 143 49 0 3.14159265358979
2  288 143 51 0 3.14159265358979
2  289 144 54 0 3.14159265358979
2  290 144 56 0 3.14159265358979
2  291 145 59 0 3.14159265358979
2  292 145 61 0 3.14159265358979
2  293 146 64 0 3.14159265358979
2  294 146 66 0 3.14159265358979
2  295 147 69 0 3.14159265358979
2  296 147 71 0 3.14159265358979
2  297 148 74 0 3.14159265358979
2  298 148 76 0 3.14159265358979
2  299 149 79 0 3.14159265358979
2  300 149 81 0 3.14159265358979
2  301 150 84 0 3.14159265358979
2  302 150 86 0 3.14159265358979
2  303 151 89 0 3.14159265358979
2  304 151 91 0 3.14159265358979
2  305 152 94 0 3.14159265358979
2  306 152 96 0 3.14159265358979
2  307 153 99 0 3.14159265358979
2  308 153 101 0 3.14159265358979
2  309 154 104 0 3.14159265358979
2  310 154 106 0 3.14159265358979
2  311 155 109 0 3.14159265358979
2  312 155 111 0 3.14159265358979
2  313 156 114 0 3.14159265358979
2  314 156 116 0 3.14159265358979
2  315 157 120 0 3.14159265358979
2  316 157 122 0 3.14159265358979
2  317 158 125 0 3.14159265358979
2  318 158 127 0 3.14159265358979
2  319 159 130 0 3.14159265358979
2  320 159 132 0 3.14159265358979
2  321 160 135 0 3.14159265358979
2  322 160 137 0 3.14159265358979
2  323 161 140 0 3.14159265358979
2  324 161 142 0 3.14159265358979
2  325 162 145 0 3.14159265358979
2  326 162 147 0 3.14159265358979
2  327 163 150 0 3.14159265358979
2  328 163 152 0 3.14159265358979
2  329 164 155 0 3.14159265358979
2  330 164 157 0 3.14159265358979
2  331 165 160 0 3.14159265358979
2  332 165 162 0 3.14159265358979
2  333 166 166 0 3.14159265358979
2  334 166 168 0 3.14159265358979
2  335 167 171 0 3.14159265358979
2  336 167 173 0 3.14159265358979
2  337 168 176 0 3.14159265358979
2  338 168 178 0 3.14159265358979
2  339 169 181 0 3.14159265358979
2  340 169 183 0 3.14159265358979
2  341 170 186 0 3.14159265358979
2  342 170 188 0 3.14159265358979
2  343 171 191 0 3.14159265358979
2  344 171 193 0 3.14159265358979
2  345 172 196 0 3.14159265358979
2  346 172 198 0 3.14159265358979
2  347 173 201 0 3.14159265358979
2  348 173 203 0 3.14159265358979
2  349 174 206 0 3.14159265358979
2  350 174 208 0 3.14159265358979
2  351 175 211 0 3.14159265358979
2  352 175 213 0 3.14159265358979
2  353 176 216 0 3.14159265358979
2  354 176 218 0 3.14159265358979
2  355 177 221 0 3.14159265358979
2  356 177 223 0 3.14159265358979
2  357 178 226 0 3.14159265358979
2  358 178 228 0 3.14159265358979
2  359 179 232 0 3.14159265358979
2  360 179 234 0 3.14159265358979
2  361 180 237 0 3.14159265358979
2  362 180 239 0 3.14159265358979
2  363 181 242 0 3.14159265358979
2  364 181 244 0 3.14159265358979
2  365 182 247 0 3.14159265358979
2  366 182 249 0 3.14159265358979
2  367 183 252 0 3.14159265358979
2  368 183 254 0 3.14159265358979
2  369 184 257 0 3.14159265358979
2  370 184 259 0 3.14159265358979
2  371 185 262 0 3.14159265358979
2  372 185 264 0 3.14159265358979
2  373 186 267 0 3.14159265358979
2  374 186 269 0 3.14159265358979
2  375 187 272 0 3.14159265358979
2  376 187 274 0 3.14159265358979
2  377 188 277 0 3.14159265358979
2  378 188 279 0 3.14159265358979
2  379 189 282 0 3.14159265358979
2  380 189 284 0 3.14159265358979
2  381 190 287 0 3.14159265358979
2  382 190 289 0 3.14159265358979
2  383 191 292 0 3.14159265358979
2  384 191 294 0 3.14159265358979
2  385 192 297 0 3.14159265358979
2  386 192 299 0 3.14159265358979
2  387 193 302 0 3.14159265358979
2  388 193 304 0 3.14159265358979
2  389 194 307 0 3.14159265358979
2  390 194 309 0 3.14159265358979
2  391 195 312 0 3.14159265358979
2  392 195 314 0 3.14159265358979
2  393 196 317 0 3.14159265358979
2  394 196 319 0 3.14159265358979
2  395 197 322 0 3.14159265358979
2  396 197 324 0 3.14159265358979
2  397 198 327 0 3.14159265358979
2  398 198 329 0 3.14159265358979
2  399 199 332 0 3.14159265358979
2  400 199 334 0 3.14159265358979
2  401 200 337 0 3.14159265358979
2  402 200 339 0 3.14159265358979
2  403 201 342 0 3.14159265358979
2  404 201 344 0 3.14159265358979
2  405 202 347 0 3.14159265358979
2  406 202 349 0 3.14159265358979
2  407 203 352 0 3.14159265358979
2  408 203 354 0 3.14159265358979
2  409 204 357 0 3.14159265358979
2  410 204 359 0 3.14159265358979
2  411 205 362 0 3.14159265358979
2  412 205 364 0 3.14159265358979
2  413 206 367 0 3.14159265358979
2  414 206 369 0 3.14159265358979
2  415 207 372 0 3.14159265358979
2  416 207 374 0 3.14159265358979
2  417 208 377 0 3.14159265358979
2  418 208 379 0 3.14159265358979
2  419 209 382 0 3.14159265358979
2  420 209 384 0 3.14159265358979
2  421 210 387 0 3.14159265358979
2  422 210 389 0 3.14159265358979
2  423 211 392 0 3.14159265358979
2  424 211 394 0 3.14159265358979
2  425 212 397 0 3.14159265358979
2  426 212 399 0 3.14159265358979
2  427 213 402 0 3.14159265358979
2  428 213 404 0 3.14159265358979
2  429 214 407 0 3.14159265358979
2  430 214 409 0 3.14159265358979
2  431 215 412 0 3.14159265358979
2  432 215 414 0 3.14159265358979
2  433 216 417 0 3.14159265358979
2  434 216 419 0 3.14159265358979
2  435 217 422 0 3.14159265358979
2  436 217 424 0 3.14159265358979
2  437 218 427 0 3.14159265358979
2  438 218 429 0 3.14159265358979
2  439 219 432 0 3.14159265358979
2  440 219 434 0 3.14159265358979
2  441 220 437 0 3.14159265358979
2  442 220 439 0 3.14159265358979
2  443 221 442 0 3.14159265358979
2  444 221 444 0 3.14159265358979
2  445 222 447 0 3.14159265358979
2  446 222 449 0 3.14159265358979
2  447 223 452 0 3.14159265358979
2  448 223 454 0 3.14159265358979
2  449 224 457 0 3.14159265358979
2  450 224 459 0 3.14159265358979
2  451 225 462 0 3.14159265358979
2  452 225 464 0 3.14159265358979
2  453 226 467 0 3.14159265358979
2  454 226 469 0 3.14159265358979
2  455 227 472 0 3.14159265358979
2  456 227 474 0 3.14159265358979
2  457 228 477 0 3.14159265358979
2  458 228 479 0 3.14159265358979
2  459 229 482 0 3.14159265358979
2  460 229 484 0 3.14159265358979
2  461 230 487 0 3.14159265358979
2  462 230 489 0 3.14159265358979
2  463 231 492 0 3.14159265358979
2  464 231 494 0 3.14159265358979
2  465 232 497 0 3.14159265358979
2  466 232 499 0 3.14159265358979
2  467 233 502 0 3.14159265358979
2  468 233 504 0 3.14159265358979
2  469 234 507 0 3.14159265358979
2  470 234 509 0 3.14159265358979
2  471 235 512 0 3.14159265358979
2  472 235 514 0 3.14159265358979
2  473 236 517 0 3.14159265358979
2  474 236 519 0 3.14159265358979
2  475 237 522 0 3.14159265358979
2  476 237 524 0 3.14159265358979
2  477 238 527 0 3.14159265358979
2  478 238 529 0 3.14159265358979
2  479 239 532 0 3.14159265358979
2  480 239 534 0 3.14159265358979
2  481 240 537 0 3.14159265358979
2  482 240 539 0 3.14159265358979
2  483 241 542 0 3.14159265358979
2  484 241 544 0 3.14159265358979
2  485 242 547 0 3.14159265358979
2  486 242 549 0 3.14159265358979
2  487 243 552 0 3.14159265358979
2  488 243 554 0 3.14159265358979
2  489 244 557 0 3.14159265358979
2  490 244 559 0 3.14159265358979
2  491 245 562 0 3.14159265358979
2  492 245 564 0 3.14159265358979
2  493 246 567 0 3.14159265358979
2  494 246 569 0 3.14159265358979
2  495 247 572 0 3.14159265358979
2  496 247 574 0 3.14159265358979
2  497 248 577 0 3.14159265358979
2  498 248 579 0 3.14159265358979
2  499 249 582 0 3.14159265358979
2  500 249 584 0 3.14159265358979
2  501 250 587 0 3.14159265358979
2  502 250 589 0 3.14159265358979
2  503 251 592 0 3.14159265358979
2  504 251 594 0 3.14159265358979
2  505 252 597 0 3.14159265358979
2  506 252 599 0 3.14159265358979
2  507 253 602 0 3.14159265358979
2  508 253 604 0 3.14159265358979
2  509 254 607 0 3.14159265358979
2  510 254 609 0 3.14159265358979
2  511 255 612 0 3.14159265358979
2  512 255 614 0 3.14159265358979
2  513 256 617 0 3.14159265358979
2  514 256 619 0 3.14159265358979
2  515 257 622 0 3.14159265358979
2  516 257 624 0 3.14159265358979
2  517 258 627 0 3.14159265358979
2  518 258 629 0 3.14159265358979
2  519 259 632 0 3.14159265358979
2  520 259 634 0 3.14159265358979
2  521 260 637 0 3.14159265358979
2  522 260 639 0 3.14159265358979
2  523 5 640 0 3.14159265358979
2  524 5 641 0 3.14159265358979
2  525 134 642 0 3.14159265358979
0

0101000
+44 0 -42 0 *
Wi

0101100
+43 0 +35 5 -40 0 -48 0 *
Fa
0  1e-07 5 0

0101000
+34 0 *
Wi

0101100
+35 0 +41 0 *
Fa
0  1e-07 134 0

0111000
+32 644 *
Sh

0101100
+46 0 +38 0 -36 0 -33 0 +31 643 *
So

0100000
+30 0 *
Ve
2.70630272e-06
83.20867781741 34.4661628591045 -93.1035845904467
0 0

0101101
*
Ve
3.05495673816441e-06
190.333041890313 78.8385273186939 -11.9999999999999
0 0

0101101
*
Ed
 1e-07 1 1 0
1  10 0 5.16160537820889 6.16724075395263
2  1 261 0 5.16160537820889 6.16724075395263
0

0101000
+28 0 -27 0 *
Ve
2.70630272e-06
72.9473676943214 30.2157890384049 -70.9856656797057
0 0

0101101
*
Ed
 2.70630272e-06 1 1 0
1  11 0 0 3.14159265358979
2  3 261 0 0 3.14159265358979
0

0101000
+28 0 -25 0 *
Ve
3.05495673816441e-06
167.467023460658 69.3671123676579 -11.9999999999999
0 0

0101101
*
Ed
 1.062978e-07 1 1 0
1  12 0 5.16160537820889 6.16724075395263
2  5 261 0 5.16160537820889 6.16724075395263
0

0101000
+25 0 -23 0 *
Ed
 3.05495673816441e-06 1 1 0
1  13 0 0 3.14159265358979
2  7 261 0 0 3.14159265358979
2  9 262 0 0 3.14159265358979
0

0101000
+27 0 -23 0 *
Wi

0101100
-26 0 +24 0 +22 0 -21 0 *
Fa
0  1e-07 261 0

0101000
+20 0 *
Ed
 1e-07 1 1 0
1  14 0 0 24.75
0

0101000
+25 0 -28 0 *
Ve
1.00001791e-07
191.410531063875 79.2848379476935 -11.6875000000009
0 0

0101101
*
Ed
 1.00001791e-07 1 1 0
1  15 0 0 2.61799387799149
2  12 262 0 0 2.61799387799149
0

0101000
+27 0 -17 0 *
Ve
1.00001791e-07
211.213083907367 87.4873239050645 0.687500000000881
0 0

0101101
*
Ed
 1e-07 1 1 0
1  16 0 0 24.7500000000072
0

0101000
+15 641 -17 641 *
Ed
 1.00001791e-07 1 1 0
1  17 0 0 2.61799387799149
2  269 262 0 0 2.61799387799149
0

0101000
+23 0 -15 0 *
Wi

0101100
-22 0 +18 0 +26 0 +16 0 -14 5 -13 0 *
Fa
0  0 263 0

0101000
+12 0 *
Wi

0101100
+24 0 +18 0 *
Fa
0  1e-07 264 0

0111000
+10 0 *
Ed
 1e-07 1 1 0
1  18 0 0 3.14159265358979
2  524 262 641 0 3.14159265358979
0

0101000
+17 641 -15 641 *
Wi

0101100
+16 0 +8 5 -13 0 -21 0 *
Fa
0  1e-07 262 0

0101000
+7 0 *
Wi

0101100
+8 0 +14 0 *
Fa
0  1e-07 265 0

0111000
+5 644 *
Sh

0101100
-19 0 -11 0 +9 0 +6 0 -4 643 *
So

0100000
+3 0 *
Co

1100000
+29 0 +2 0 *

+1 0 