ISO-10303-21;
HEADER;
FILE_DESCRIPTION(('Open CASCADE Model'),'2;1');
FILE_NAME('Open CASCADE Shape Model','2026-09-28T22:40:12',('Author'),(
    'Open CASCADE'),'Open CASCADE STEP processor 7.9','Open CASCADE 7.9'
  ,'Unknown');
FILE_SCHEMA(('AUTOMOTIVE_DESIGN { 1 0 10303 214 1 1 1 1 }'));
ENDSEC;
DATA;
#1 = APPLICATION_PROTOCOL_DEFINITION('international standard',
  'automotive_design',2000,#2);
#2 = APPLICATION_CONTEXT(
  'core data for automotive mechanical design processes');
#3 = SHAPE_DEFINITION_REPRESENTATION(#4,#10);
#4 = PRODUCT_DEFINITION_SHAPE('','',#5);
#5 = PRODUCT_DEFINITION('design','',#6,#9);
#6 = PRODUCT_DEFINITION_FORMATION('','',#7);
#7 = PRODUCT('Open CASCADE STEP translator 7.9 13',
  'Open CASCADE STEP translator 7.9 13','',(#8));
#8 = PRODUCT_CONTEXT('',#2,'mechanical');
#9 = PRODUCT_DEFINITION_CONTEXT('part definition',#2,'design');
#10 = ADVANCED_BREP_SHAPE_REPRESENTATION('',(#11,#15),#4671);
#11 = AXIS2_PLACEMENT_3D('',#12,#13,#14);
#12 = CARTESIAN_POINT('',(0.,0.,0.));
#13 = DIRECTION('',(0.,0.,1.));
#14 = DIRECTION('',(1.,0.,-0.));
#15 = MANIFOLD_SOLID_BREP('',#16);
#16 = CLOSED_SHELL('',(#17,#105,#160,#215,#270,#325,#380,#435,#490,#545,
    #600,#655,#710,#765,#820,#875,#930,#985,#1040,#1099,#1164,#1752,
    #1833,#1888,#1998,#3577,#3728,#3787,#3842,#3846,#4317,#4359,#4546,
    #4621,#4647,#4654,#4661));
#17 = ADVANCED_FACE('',(#18),#31,.F.);
#18 = FACE_BOUND('',#19,.F.);
#19 = EDGE_LOOP('',(#20,#54,#77,#104));
#20 = ORIENTED_EDGE('',*,*,#21,.T.);
#21 = EDGE_CURVE('',#22,#22,#24,.T.);
#22 = VERTEX_POINT('',#23);
#23 = CARTESIAN_POINT('',(31.074374157796,0.,0.));
#24 = SURFACE_CURVE('',#25,(#30,#42),.PCURVE_S1.);
#25 = CIRCLE('',#26,31.074374157796);
#26 = AXIS2_PLACEMENT_3D('',#27,#28,#29);
#27 = CARTESIAN_POINT('',(0.,0.,0.));
#28 = DIRECTION('',(0.,0.,1.));
#29 = DIRECTION('',(1.,0.,-0.));
#30 = PCURVE('',#31,#36);
#31 = CONICAL_SURFACE('',#32,31.074374157796,0.261799387799);
#32 = AXIS2_PLACEMENT_3D('',#33,#34,#35);
#33 = CARTESIAN_POINT('',(0.,0.,0.));
#34 = DIRECTION('',(-0.,-0.,-1.));
#35 = DIRECTION('',(1.,0.,-0.));
#36 = DEFINITIONAL_REPRESENTATION('',(#37),#41);
#37 = LINE('',#38,#39);
#38 = CARTESIAN_POINT('',(-0.,-0.));
#39 = VECTOR('',#40,1.);
#40 = DIRECTION('',(-1.,-0.));
#41 = ( GEOMETRIC_REPRESENTATION_CONTEXT(2) 
PARAMETRIC_REPRESENTATION_CONTEXT() REPRESENTATION_CONTEXT('2D SPACE',''
  ) );
#42 = PCURVE('',#43,#48);
#43 = PLANE('',#44);
#44 = AXIS2_PLACEMENT_3D('',#45,#46,#47);
#45 = CARTESIAN_POINT('',(0.,0.,0.));
#46 = DIRECTION('',(0.,0.,1.));
#47 = DIRECTION('',(1.,0.,-0.));
#48 = DEFINITIONAL_REPRESENTATION('',(#49),#53);
#49 = CIRCLE('',#50,31.074374157796);
#50 = AXIS2_PLACEMENT_2D('',#51,#52);
#51 = CARTESIAN_POINT('',(0.,0.));
#52 = DIRECTION('',(1.,0.));
#53 = ( GEOMETRIC_REPRESENTATION_CONTEXT(2) 
PARAMETRIC_REPRESENTATION_CONTEXT() REPRESENTATION_CONTEXT('2D SPACE',''
  ) );
#54 = ORIENTED_EDGE('',*,*,#55,.T.);
#55 = EDGE_CURVE('',#22,#56,#58,.T.);
#56 = VERTEX_POINT('',#57);
#57 = CARTESIAN_POINT('',(22.5,0.,32.));
#58 = SEAM_CURVE('',#59,(#63,#70),.PCURVE_S1.);
#59 = LINE('',#60,#61);
#60 = CARTESIAN_POINT('',(31.074374157796,0.,0.));
#61 = VECTOR('',#62,1.);
#62 = DIRECTION('',(-0.258819045103,0.,0.965925826289));
#63 = PCURVE('',#31,#64);
#64 = DEFINITIONAL_REPRESENTATION('',(#65),#69);
#65 = LINE('',#66,#67);
#66 = CARTESIAN_POINT('',(-0.,-0.));
#67 = VECTOR('',#68,1.);
#68 = DIRECTION('',(-0.,-1.));
#69 = ( GEOMETRIC_REPRESENTATION_CONTEXT(2) 
PARAMETRIC_REPRESENTATION_CONTEXT() REPRESENTATION_CONTEXT('2D SPACE',''
  ) );
#70 = PCURVE('',#31,#71);
#71 = DEFINITIONAL_REPRESENTATION('',(#72),#76);
#72 = LINE('',#73,#74);
#73 = CARTESIAN_POINT('',(-6.28318530718,-0.));
#74 = VECTOR('',#75,1.);
#75 = DIRECTION('',(-0.,-1.));
#76 = ( GEOMETRIC_REPRESENTATION_CONTEXT(2) 
PARAMETRIC_REPRESENTATION_CONTEXT() REPRESENTATION_CONTEXT('2D SPACE',''
  ) );
#77 = ORIENTED_EDGE('',*,*,#78,.F.);
#78 = EDGE_CURVE('',#56,#56,#79,.T.);
#79 = SURFACE_CURVE('',#80,(#85,#92),.PCURVE_S1.);
#80 = CIRCLE('',#81,22.5);
#81 = AXIS2_PLACEMENT_3D('',#82,#83,#84);
#82 = CARTESIAN_POINT('',(0.,0.,32.));
#83 = DIRECTION('',(0.,0.,1.));
#84 = DIRECTION('',(1.,0.,-0.));
#85 = PCURVE('',#31,#86);
#86 = DEFINITIONAL_REPRESENTATION('',(#87),#91);
#87 = LINE('',#88,#89);
#88 = CARTESIAN_POINT('',(-0.,-32.));
#89 = VECTOR('',#90,1.);
#90 = DIRECTION('',(-1.,-0.));
#91 = ( GEOMETRIC_REPRESENTATION_CONTEXT(2) 
PARAMETRIC_REPRESENTATION_CONTEXT() REPRESENTATION_CONTEXT('2D SPACE',''
  ) );
#92 = PCURVE('',#93,#98);
#93 = CONICAL_SURFACE('',#94,22.5,9.817477042468E-02);
#94 = AXIS2_PLACEMENT_3D('',#95,#96,#97);
#95 = CARTESIAN_POINT('',(0.,0.,32.));
#96 = DIRECTION('',(0.,0.,1.));
#97 = DIRECTION('',(1.,0.,-0.));
#98 = DEFINITIONAL_REPRESENTATION('',(#99),#103);
#99 = LINE('',#100,#101);
#100 = CARTESIAN_POINT('',(0.,0.));
#101 = VECTOR('',#102,1.);
#102 = DIRECTION('',(1.,0.));
#103 = ( GEOMETRIC_REPRESENTATION_CONTEXT(2) 
PARAMETRIC_REPRESENTATION_CONTEXT() REPRESENTATION_CONTEXT('2D SPACE',''
  ) );
#104 = ORIENTED_EDGE('',*,*,#55,.F.);
#105 = ADVANCED_FACE('',(#106),#93,.F.);
#106 = FACE_BOUND('',#107,.F.);
#107 = EDGE_LOOP('',(#108,#109,#132,#159));
#108 = ORIENTED_EDGE('',*,*,#78,.T.);
#109 = ORIENTED_EDGE('',*,*,#110,.T.);
#110 = EDGE_CURVE('',#56,#111,#113,.T.);
#111 = VERTEX_POINT('',#112);
#112 = CARTESIAN_POINT('',(22.567251518589,0.,32.682816127056));
#113 = SEAM_CURVE('',#114,(#118,#125),.PCURVE_S1.);
#114 = LINE('',#115,#116);
#115 = CARTESIAN_POINT('',(22.5,0.,32.));
#116 = VECTOR('',#117,1.);
#117 = DIRECTION('',(9.801714032956E-02,0.,0.995184726672));
#118 = PCURVE('',#93,#119);
#119 = DEFINITIONAL_REPRESENTATION('',(#120),#124);
#120 = LINE('',#121,#122);
#121 = CARTESIAN_POINT('',(0.,0.));
#122 = VECTOR('',#123,1.);
#123 = DIRECTION('',(0.,1.));
#124 = ( GEOMETRIC_REPRESENTATION_CONTEXT(2) 
PARAMETRIC_REPRESENTATION_CONTEXT() REPRESENTATION_CONTEXT('2D SPACE',''
  ) );
#125 = PCURVE('',#93,#126);
#126 = DEFINITIONAL_REPRESENTATION('',(#127),#131);
#127 = LINE('',#128,#129);
#128 = CARTESIAN_POINT('',(6.28318530718,0.));
#129 = VECTOR('',#130,1.);
#130 = DIRECTION('',(0.,1.));
#131 = ( GEOMETRIC_REPRESENTATION_CONTEXT(2) 
PARAMETRIC_REPRESENTATION_CONTEXT() REPRESENTATION_CONTEXT('2D SPACE',''
  ) );
#132 = ORIENTED_EDGE('',*,*,#133,.F.);
#133 = EDGE_CURVE('',#111,#111,#134,.T.);
#134 = SURFACE_CURVE('',#135,(#140,#147),.PCURVE_S1.);
#135 = CIRCLE('',#136,22.567251518589);
#136 = AXIS2_PLACEMENT_3D('',#137,#138,#139);
#137 = CARTESIAN_POINT('',(0.,0.,32.682816127056));
#138 = DIRECTION('',(0.,0.,1.));
#139 = DIRECTION('',(1.,0.,-0.));
#140 = PCURVE('',#93,#141);
#141 = DEFINITIONAL_REPRESENTATION('',(#142),#146);
#142 = LINE('',#143,#144);
#143 = CARTESIAN_POINT('',(0.,0.682816127056));
#144 = VECTOR('',#145,1.);
#145 = DIRECTION('',(1.,0.));
#146 = ( GEOMETRIC_REPRESENTATION_CONTEXT(2) 
PARAMETRIC_REPRESENTATION_CONTEXT() REPRESENTATION_CONTEXT('2D SPACE',''
  ) );
#147 = PCURVE('',#148,#153);
#148 = CONICAL_SURFACE('',#149,22.567251518589,0.294524311274);
#149 = AXIS2_PLACEMENT_3D('',#150,#151,#152);
#150 = CARTESIAN_POINT('',(0.,0.,32.682816127056));
#151 = DIRECTION('',(0.,0.,1.));
#152 = DIRECTION('',(1.,0.,-0.));
#153 = DEFINITIONAL_REPRESENTATION('',(#154),#158);
#154 = LINE('',#155,#156);
#155 = CARTESIAN_POINT('',(0.,0.));
#156 = VECTOR('',#157,1.);
#157 = DIRECTION('',(1.,0.));
#158 = ( GEOMETRIC_REPRESENTATION_CONTEXT(2) 
PARAMETRIC_REPRESENTATION_CONTEXT() REPRESENTATION_CONTEXT('2D SPACE',''
  ) );
#159 = ORIENTED_EDGE('',*,*,#110,.F.);
#160 = ADVANCED_FACE('',(#161),#148,.F.);
#161 = FACE_BOUND('',#162,.F.);
#162 = EDGE_LOOP('',(#163,#164,#187,#214));
#163 = ORIENTED_EDGE('',*,*,#133,.T.);
#164 = ORIENTED_EDGE('',*,*,#165,.T.);
#165 = EDGE_CURVE('',#111,#166,#168,.T.);
#166 = VERTEX_POINT('',#167);
#167 = CARTESIAN_POINT('',(22.76642163621,0.,33.339392013278));
#168 = SEAM_CURVE('',#169,(#173,#180),.PCURVE_S1.);
#169 = LINE('',#170,#171);
#170 = CARTESIAN_POINT('',(22.567251518589,0.,32.682816127056));
#171 = VECTOR('',#172,1.);
#172 = DIRECTION('',(0.290284677254,0.,0.956940335732));
#173 = PCURVE('',#148,#174);
#174 = DEFINITIONAL_REPRESENTATION('',(#175),#179);
#175 = LINE('',#176,#177);
#176 = CARTESIAN_POINT('',(0.,0.));
#177 = VECTOR('',#178,1.);
#178 = DIRECTION('',(0.,1.));
#179 = ( GEOMETRIC_REPRESENTATION_CONTEXT(2) 
PARAMETRIC_REPRESENTATION_CONTEXT() REPRESENTATION_CONTEXT('2D SPACE',''
  ) );
#180 = PCURVE('',#148,#181);
#181 = DEFINITIONAL_REPRESENTATION('',(#182),#186);
#182 = LINE('',#183,#184);
#183 = CARTESIAN_POINT('',(6.28318530718,0.));
#184 = VECTOR('',#185,1.);
#185 = DIRECTION('',(0.,1.));
#186 = ( GEOMETRIC_REPRESENTATION_CONTEXT(2) 
PARAMETRIC_REPRESENTATION_CONTEXT() REPRESENTATION_CONTEXT('2D SPACE',''
  ) );
#187 = ORIENTED_EDGE('',*,*,#188,.F.);
#188 = EDGE_CURVE('',#166,#166,#189,.T.);
#189 = SURFACE_CURVE('',#190,(#195,#202),.PCURVE_S1.);
#190 = CIRCLE('',#191,22.76642163621);
#191 = AXIS2_PLACEMENT_3D('',#192,#193,#194);
#192 = CARTESIAN_POINT('',(0.,0.,33.339392013278));
#193 = DIRECTION('',(0.,0.,1.));
#194 = DIRECTION('',(1.,0.,-0.));
#195 = PCURVE('',#148,#196);
#196 = DEFINITIONAL_REPRESENTATION('',(#197),#201);
#197 = LINE('',#198,#199);
#198 = CARTESIAN_POINT('',(0.,0.656575886221));
#199 = VECTOR('',#200,1.);
#200 = DIRECTION('',(1.,0.));
#201 = ( GEOMETRIC_REPRESENTATION_CONTEXT(2) 
PARAMETRIC_REPRESENTATION_CONTEXT() REPRESENTATION_CONTEXT('2D SPACE',''
  ) );
#202 = PCURVE('',#203,#208);
#203 = CONICAL_SURFACE('',#204,22.76642163621,0.490873852123);
#204 = AXIS2_PLACEMENT_3D('',#205,#206,#207);
#205 = CARTESIAN_POINT('',(0.,0.,33.339392013278));
#206 = DIRECTION('',(0.,0.,1.));
#207 = DIRECTION('',(1.,0.,-0.));
#208 = DEFINITIONAL_REPRESENTATION('',(#209),#213);
#209 = LINE('',#210,#211);
#210 = CARTESIAN_POINT('',(0.,0.));
#211 = VECTOR('',#212,1.);
#212 = DIRECTION('',(1.,0.));
#213 = ( GEOMETRIC_REPRESENTATION_CONTEXT(2) 
PARAMETRIC_REPRESENTATION_CONTEXT() REPRESENTATION_CONTEXT('2D SPACE',''
  ) );
#214 = ORIENTED_EDGE('',*,*,#165,.F.);
#215 = ADVANCED_FACE('',(#216),#203,.F.);
#216 = FACE_BOUND('',#217,.F.);
#217 = EDGE_LOOP('',(#218,#219,#242,#269));
#218 = ORIENTED_EDGE('',*,*,#188,.T.);
#219 = ORIENTED_EDGE('',*,*,#220,.T.);
#220 = EDGE_CURVE('',#166,#221,#223,.T.);
#221 = VERTEX_POINT('',#222);
#222 = CARTESIAN_POINT('',(23.089856356941,0.,33.944495815569));
#223 = SEAM_CURVE('',#224,(#228,#235),.PCURVE_S1.);
#224 = LINE('',#225,#226);
#225 = CARTESIAN_POINT('',(22.76642163621,0.,33.339392013278));
#226 = VECTOR('',#227,1.);
#227 = DIRECTION('',(0.471396736826,0.,0.881921264348));
#228 = PCURVE('',#203,#229);
#229 = DEFINITIONAL_REPRESENTATION('',(#230),#234);
#230 = LINE('',#231,#232);
#231 = CARTESIAN_POINT('',(0.,0.));
#232 = VECTOR('',#233,1.);
#233 = DIRECTION('',(0.,1.));
#234 = ( GEOMETRIC_REPRESENTATION_CONTEXT(2) 
PARAMETRIC_REPRESENTATION_CONTEXT() REPRESENTATION_CONTEXT('2D SPACE',''
  ) );
#235 = PCURVE('',#203,#236);
#236 = DEFINITIONAL_REPRESENTATION('',(#237),#241);
#237 = LINE('',#238,#239);
#238 = CARTESIAN_POINT('',(6.28318530718,0.));
#239 = VECTOR('',#240,1.);
#240 = DIRECTION('',(0.,1.));
#241 = ( GEOMETRIC_REPRESENTATION_CONTEXT(2) 
PARAMETRIC_REPRESENTATION_CONTEXT() REPRESENTATION_CONTEXT('2D SPACE',''
  ) );
#242 = ORIENTED_EDGE('',*,*,#243,.F.);
#243 = EDGE_CURVE('',#221,#221,#244,.T.);
#244 = SURFACE_CURVE('',#245,(#250,#257),.PCURVE_S1.);
#245 = CIRCLE('',#246,23.089856356941);
#246 = AXIS2_PLACEMENT_3D('',#247,#248,#249);
#247 = CARTESIAN_POINT('',(0.,0.,33.944495815569));
#248 = DIRECTION('',(0.,0.,1.));
#249 = DIRECTION('',(1.,0.,-0.));
#250 = PCURVE('',#203,#251);
#251 = DEFINITIONAL_REPRESENTATION('',(#252),#256);
#252 = LINE('',#253,#254);
#253 = CARTESIAN_POINT('',(0.,0.605103802291));
#254 = VECTOR('',#255,1.);
#255 = DIRECTION('',(1.,0.));
#256 = ( GEOMETRIC_REPRESENTATION_CONTEXT(2) 
PARAMETRIC_REPRESENTATION_CONTEXT() REPRESENTATION_CONTEXT('2D SPACE',''
  ) );
#257 = PCURVE('',#258,#263);
#258 = CONICAL_SURFACE('',#259,23.089856356941,0.687223392973);
#259 = AXIS2_PLACEMENT_3D('',#260,#261,#262);
#260 = CARTESIAN_POINT('',(0.,0.,33.944495815569));
#261 = DIRECTION('',(0.,0.,1.));
#262 = DIRECTION('',(1.,0.,-0.));
#263 = DEFINITIONAL_REPRESENTATION('',(#264),#268);
#264 = LINE('',#265,#266);
#265 = CARTESIAN_POINT('',(0.,0.));
#266 = VECTOR('',#267,1.);
#267 = DIRECTION('',(1.,0.));
#268 = ( GEOMETRIC_REPRESENTATION_CONTEXT(2) 
PARAMETRIC_REPRESENTATION_CONTEXT() REPRESENTATION_CONTEXT('2D SPACE',''
  ) );
#269 = ORIENTED_EDGE('',*,*,#220,.F.);
#270 = ADVANCED_FACE('',(#271),#258,.F.);
#271 = FACE_BOUND('',#272,.F.);
#272 = EDGE_LOOP('',(#273,#274,#297,#324));
#273 = ORIENTED_EDGE('',*,*,#243,.T.);
#274 = ORIENTED_EDGE('',*,*,#275,.T.);
#275 = EDGE_CURVE('',#221,#276,#278,.T.);
#276 = VERTEX_POINT('',#277);
#277 = CARTESIAN_POINT('',(23.525126265847,0.,34.474873734153));
#278 = SEAM_CURVE('',#279,(#283,#290),.PCURVE_S1.);
#279 = LINE('',#280,#281);
#280 = CARTESIAN_POINT('',(23.089856356941,0.,33.944495815569));
#281 = VECTOR('',#282,1.);
#282 = DIRECTION('',(0.634393284164,0.,0.773010453363));
#283 = PCURVE('',#258,#284);
#284 = DEFINITIONAL_REPRESENTATION('',(#285),#289);
#285 = LINE('',#286,#287);
#286 = CARTESIAN_POINT('',(0.,0.));
#287 = VECTOR('',#288,1.);
#288 = DIRECTION('',(0.,1.));
#289 = ( GEOMETRIC_REPRESENTATION_CONTEXT(2) 
PARAMETRIC_REPRESENTATION_CONTEXT() REPRESENTATION_CONTEXT('2D SPACE',''
  ) );
#290 = PCURVE('',#258,#291);
#291 = DEFINITIONAL_REPRESENTATION('',(#292),#296);
#292 = LINE('',#293,#294);
#293 = CARTESIAN_POINT('',(6.28318530718,0.));
#294 = VECTOR('',#295,1.);
#295 = DIRECTION('',(0.,1.));
#296 = ( GEOMETRIC_REPRESENTATION_CONTEXT(2) 
PARAMETRIC_REPRESENTATION_CONTEXT() REPRESENTATION_CONTEXT('2D SPACE',''
  ) );
#297 = ORIENTED_EDGE('',*,*,#298,.F.);
#298 = EDGE_CURVE('',#276,#276,#299,.T.);
#299 = SURFACE_CURVE('',#300,(#305,#312),.PCURVE_S1.);
#300 = CIRCLE('',#301,23.525126265847);
#301 = AXIS2_PLACEMENT_3D('',#302,#303,#304);
#302 = CARTESIAN_POINT('',(0.,0.,34.474873734153));
#303 = DIRECTION('',(0.,0.,1.));
#304 = DIRECTION('',(1.,0.,-0.));
#305 = PCURVE('',#258,#306);
#306 = DEFINITIONAL_REPRESENTATION('',(#307),#311);
#307 = LINE('',#308,#309);
#308 = CARTESIAN_POINT('',(0.,0.530377918584));
#309 = VECTOR('',#310,1.);
#310 = DIRECTION('',(1.,0.));
#311 = ( GEOMETRIC_REPRESENTATION_CONTEXT(2) 
PARAMETRIC_REPRESENTATION_CONTEXT() REPRESENTATION_CONTEXT('2D SPACE',''
  ) );
#312 = PCURVE('',#313,#318);
#313 = CONICAL_SURFACE('',#314,23.525126265847,0.883572933822);
#314 = AXIS2_PLACEMENT_3D('',#315,#316,#317);
#315 = CARTESIAN_POINT('',(0.,0.,34.474873734153));
#316 = DIRECTION('',(0.,0.,1.));
#317 = DIRECTION('',(1.,0.,-0.));
#318 = DEFINITIONAL_REPRESENTATION('',(#319),#323);
#319 = LINE('',#320,#321);
#320 = CARTESIAN_POINT('',(0.,0.));
#321 = VECTOR('',#322,1.);
#322 = DIRECTION('',(1.,0.));
#323 = ( GEOMETRIC_REPRESENTATION_CONTEXT(2) 
PARAMETRIC_REPRESENTATION_CONTEXT() REPRESENTATION_CONTEXT('2D SPACE',''
  ) );
#324 = ORIENTED_EDGE('',*,*,#275,.F.);
#325 = ADVANCED_FACE('',(#326),#313,.F.);
#326 = FACE_BOUND('',#327,.F.);
#327 = EDGE_LOOP('',(#328,#329,#352,#379));
#328 = ORIENTED_EDGE('',*,*,#298,.T.);
#329 = ORIENTED_EDGE('',*,*,#330,.T.);
#330 = EDGE_CURVE('',#276,#331,#333,.T.);
#331 = VERTEX_POINT('',#332);
#332 = CARTESIAN_POINT('',(24.055504184431,0.,34.910143643059));
#333 = SEAM_CURVE('',#334,(#338,#345),.PCURVE_S1.);
#334 = LINE('',#335,#336);
#335 = CARTESIAN_POINT('',(23.525126265847,0.,34.474873734153));
#336 = VECTOR('',#337,1.);
#337 = DIRECTION('',(0.773010453363,0.,0.634393284164));
#338 = PCURVE('',#313,#339);
#339 = DEFINITIONAL_REPRESENTATION('',(#340),#344);
#340 = LINE('',#341,#342);
#341 = CARTESIAN_POINT('',(0.,0.));
#342 = VECTOR('',#343,1.);
#343 = DIRECTION('',(0.,1.));
#344 = ( GEOMETRIC_REPRESENTATION_CONTEXT(2) 
PARAMETRIC_REPRESENTATION_CONTEXT() REPRESENTATION_CONTEXT('2D SPACE',''
  ) );
#345 = PCURVE('',#313,#346);
#346 = DEFINITIONAL_REPRESENTATION('',(#347),#351);
#347 = LINE('',#348,#349);
#348 = CARTESIAN_POINT('',(6.28318530718,0.));
#349 = VECTOR('',#350,1.);
#350 = DIRECTION('',(0.,1.));
#351 = ( GEOMETRIC_REPRESENTATION_CONTEXT(2) 
PARAMETRIC_REPRESENTATION_CONTEXT() REPRESENTATION_CONTEXT('2D SPACE',''
  ) );
#352 = ORIENTED_EDGE('',*,*,#353,.F.);
#353 = EDGE_CURVE('',#331,#331,#354,.T.);
#354 = SURFACE_CURVE('',#355,(#360,#367),.PCURVE_S1.);
#355 = CIRCLE('',#356,24.055504184431);
#356 = AXIS2_PLACEMENT_3D('',#357,#358,#359);
#357 = CARTESIAN_POINT('',(0.,0.,34.910143643059));
#358 = DIRECTION('',(0.,0.,1.));
#359 = DIRECTION('',(1.,0.,-0.));
#360 = PCURVE('',#313,#361);
#361 = DEFINITIONAL_REPRESENTATION('',(#362),#366);
#362 = LINE('',#363,#364);
#363 = CARTESIAN_POINT('',(0.,0.435269908906));
#364 = VECTOR('',#365,1.);
#365 = DIRECTION('',(1.,0.));
#366 = ( GEOMETRIC_REPRESENTATION_CONTEXT(2) 
PARAMETRIC_REPRESENTATION_CONTEXT() REPRESENTATION_CONTEXT('2D SPACE',''
  ) );
#367 = PCURVE('',#368,#373);
#368 = CONICAL_SURFACE('',#369,24.055504184431,1.079922474671);
#369 = AXIS2_PLACEMENT_3D('',#370,#371,#372);
#370 = CARTESIAN_POINT('',(0.,0.,34.910143643059));
#371 = DIRECTION('',(0.,0.,1.));
#372 = DIRECTION('',(1.,0.,-0.));
#373 = DEFINITIONAL_REPRESENTATION('',(#374),#378);
#374 = LINE('',#375,#376);
#375 = CARTESIAN_POINT('',(0.,0.));
#376 = VECTOR('',#377,1.);
#377 = DIRECTION('',(1.,0.));
#378 = ( GEOMETRIC_REPRESENTATION_CONTEXT(2) 
PARAMETRIC_REPRESENTATION_CONTEXT() REPRESENTATION_CONTEXT('2D SPACE',''
  ) );
#379 = ORIENTED_EDGE('',*,*,#330,.F.);
#380 = ADVANCED_FACE('',(#381),#368,.F.);
#381 = FACE_BOUND('',#382,.F.);
#382 = EDGE_LOOP('',(#383,#384,#407,#434));
#383 = ORIENTED_EDGE('',*,*,#353,.T.);
#384 = ORIENTED_EDGE('',*,*,#385,.T.);
#385 = EDGE_CURVE('',#331,#386,#388,.T.);
#386 = VERTEX_POINT('',#387);
#387 = CARTESIAN_POINT('',(24.660607986722,0.,35.23357836379));
#388 = SEAM_CURVE('',#389,(#393,#400),.PCURVE_S1.);
#389 = LINE('',#390,#391);
#390 = CARTESIAN_POINT('',(24.055504184431,0.,34.910143643059));
#391 = VECTOR('',#392,1.);
#392 = DIRECTION('',(0.881921264348,0.,0.471396736826));
#393 = PCURVE('',#368,#394);
#394 = DEFINITIONAL_REPRESENTATION('',(#395),#399);
#395 = LINE('',#396,#397);
#396 = CARTESIAN_POINT('',(0.,0.));
#397 = VECTOR('',#398,1.);
#398 = DIRECTION('',(0.,1.));
#399 = ( GEOMETRIC_REPRESENTATION_CONTEXT(2) 
PARAMETRIC_REPRESENTATION_CONTEXT() REPRESENTATION_CONTEXT('2D SPACE',''
  ) );
#400 = PCURVE('',#368,#401);
#401 = DEFINITIONAL_REPRESENTATION('',(#402),#406);
#402 = LINE('',#403,#404);
#403 = CARTESIAN_POINT('',(6.28318530718,0.));
#404 = VECTOR('',#405,1.);
#405 = DIRECTION('',(0.,1.));
#406 = ( GEOMETRIC_REPRESENTATION_CONTEXT(2) 
PARAMETRIC_REPRESENTATION_CONTEXT() REPRESENTATION_CONTEXT('2D SPACE',''
  ) );
#407 = ORIENTED_EDGE('',*,*,#408,.F.);
#408 = EDGE_CURVE('',#386,#386,#409,.T.);
#409 = SURFACE_CURVE('',#410,(#415,#422),.PCURVE_S1.);
#410 = CIRCLE('',#411,24.660607986722);
#411 = AXIS2_PLACEMENT_3D('',#412,#413,#414);
#412 = CARTESIAN_POINT('',(0.,0.,35.23357836379));
#413 = DIRECTION('',(0.,0.,1.));
#414 = DIRECTION('',(1.,0.,-0.));
#415 = PCURVE('',#368,#416);
#416 = DEFINITIONAL_REPRESENTATION('',(#417),#421);
#417 = LINE('',#418,#419);
#418 = CARTESIAN_POINT('',(0.,0.323434720731));
#419 = VECTOR('',#420,1.);
#420 = DIRECTION('',(1.,0.));
#421 = ( GEOMETRIC_REPRESENTATION_CONTEXT(2) 
PARAMETRIC_REPRESENTATION_CONTEXT() REPRESENTATION_CONTEXT('2D SPACE',''
  ) );
#422 = PCURVE('',#423,#428);
#423 = CONICAL_SURFACE('',#424,24.660607986722,1.276272015521);
#424 = AXIS2_PLACEMENT_3D('',#425,#426,#427);
#425 = CARTESIAN_POINT('',(0.,0.,35.23357836379));
#426 = DIRECTION('',(0.,0.,1.));
#427 = DIRECTION('',(1.,0.,-0.));
#428 = DEFINITIONAL_REPRESENTATION('',(#429),#433);
#429 = LINE('',#430,#431);
#430 = CARTESIAN_POINT('',(0.,0.));
#431 = VECTOR('',#432,1.);
#432 = DIRECTION('',(1.,0.));
#433 = ( GEOMETRIC_REPRESENTATION_CONTEXT(2) 
PARAMETRIC_REPRESENTATION_CONTEXT() REPRESENTATION_CONTEXT('2D SPACE',''
  ) );
#434 = ORIENTED_EDGE('',*,*,#385,.F.);
#435 = ADVANCED_FACE('',(#436),#423,.F.);
#436 = FACE_BOUND('',#437,.F.);
#437 = EDGE_LOOP('',(#438,#439,#462,#489));
#438 = ORIENTED_EDGE('',*,*,#408,.T.);
#439 = ORIENTED_EDGE('',*,*,#440,.T.);
#440 = EDGE_CURVE('',#386,#441,#443,.T.);
#441 = VERTEX_POINT('',#442);
#442 = CARTESIAN_POINT('',(25.317183872944,0.,35.432748481411));
#443 = SEAM_CURVE('',#444,(#448,#455),.PCURVE_S1.);
#444 = LINE('',#445,#446);
#445 = CARTESIAN_POINT('',(24.660607986722,0.,35.23357836379));
#446 = VECTOR('',#447,1.);
#447 = DIRECTION('',(0.956940335732,0.,0.290284677254));
#448 = PCURVE('',#423,#449);
#449 = DEFINITIONAL_REPRESENTATION('',(#450),#454);
#450 = LINE('',#451,#452);
#451 = CARTESIAN_POINT('',(0.,0.));
#452 = VECTOR('',#453,1.);
#453 = DIRECTION('',(0.,1.));
#454 = ( GEOMETRIC_REPRESENTATION_CONTEXT(2) 
PARAMETRIC_REPRESENTATION_CONTEXT() REPRESENTATION_CONTEXT('2D SPACE',''
  ) );
#455 = PCURVE('',#423,#456);
#456 = DEFINITIONAL_REPRESENTATION('',(#457),#461);
#457 = LINE('',#458,#459);
#458 = CARTESIAN_POINT('',(6.28318530718,0.));
#459 = VECTOR('',#460,1.);
#460 = DIRECTION('',(0.,1.));
#461 = ( GEOMETRIC_REPRESENTATION_CONTEXT(2) 
PARAMETRIC_REPRESENTATION_CONTEXT() REPRESENTATION_CONTEXT('2D SPACE',''
  ) );
#462 = ORIENTED_EDGE('',*,*,#463,.F.);
#463 = EDGE_CURVE('',#441,#441,#464,.T.);
#464 = SURFACE_CURVE('',#465,(#470,#477),.PCURVE_S1.);
#465 = CIRCLE('',#466,25.317183872944);
#466 = AXIS2_PLACEMENT_3D('',#467,#468,#469);
#467 = CARTESIAN_POINT('',(0.,0.,35.432748481411));
#468 = DIRECTION('',(0.,0.,1.));
#469 = DIRECTION('',(1.,0.,-0.));
#470 = PCURVE('',#423,#471);
#471 = DEFINITIONAL_REPRESENTATION('',(#472),#476);
#472 = LINE('',#473,#474);
#473 = CARTESIAN_POINT('',(0.,0.199170117622));
#474 = VECTOR('',#475,1.);
#475 = DIRECTION('',(1.,0.));
#476 = ( GEOMETRIC_REPRESENTATION_CONTEXT(2) 
PARAMETRIC_REPRESENTATION_CONTEXT() REPRESENTATION_CONTEXT('2D SPACE',''
  ) );
#477 = PCURVE('',#478,#483);
#478 = CONICAL_SURFACE('',#479,25.317183872944,1.47262155637);
#479 = AXIS2_PLACEMENT_3D('',#480,#481,#482);
#480 = CARTESIAN_POINT('',(0.,0.,35.432748481411));
#481 = DIRECTION('',(0.,0.,1.));
#482 = DIRECTION('',(1.,0.,-0.));
#483 = DEFINITIONAL_REPRESENTATION('',(#484),#488);
#484 = LINE('',#485,#486);
#485 = CARTESIAN_POINT('',(0.,0.));
#486 = VECTOR('',#487,1.);
#487 = DIRECTION('',(1.,0.));
#488 = ( GEOMETRIC_REPRESENTATION_CONTEXT(2) 
PARAMETRIC_REPRESENTATION_CONTEXT() REPRESENTATION_CONTEXT('2D SPACE',''
  ) );
#489 = ORIENTED_EDGE('',*,*,#440,.F.);
#490 = ADVANCED_FACE('',(#491),#478,.F.);
#491 = FACE_BOUND('',#492,.F.);
#492 = EDGE_LOOP('',(#493,#494,#517,#544));
#493 = ORIENTED_EDGE('',*,*,#463,.T.);
#494 = ORIENTED_EDGE('',*,*,#495,.T.);
#495 = EDGE_CURVE('',#441,#496,#498,.T.);
#496 = VERTEX_POINT('',#497);
#497 = CARTESIAN_POINT('',(26.,0.,35.5));
#498 = SEAM_CURVE('',#499,(#503,#510),.PCURVE_S1.);
#499 = LINE('',#500,#501);
#500 = CARTESIAN_POINT('',(25.317183872944,0.,35.432748481411));
#501 = VECTOR('',#502,1.);
#502 = DIRECTION('',(0.995184726672,0.,9.801714032956E-02));
#503 = PCURVE('',#478,#504);
#504 = DEFINITIONAL_REPRESENTATION('',(#505),#509);
#505 = LINE('',#506,#507);
#506 = CARTESIAN_POINT('',(0.,0.));
#507 = VECTOR('',#508,1.);
#508 = DIRECTION('',(0.,1.));
#509 = ( GEOMETRIC_REPRESENTATION_CONTEXT(2) 
PARAMETRIC_REPRESENTATION_CONTEXT() REPRESENTATION_CONTEXT('2D SPACE',''
  ) );
#510 = PCURVE('',#478,#511);
#511 = DEFINITIONAL_REPRESENTATION('',(#512),#516);
#512 = LINE('',#513,#514);
#513 = CARTESIAN_POINT('',(6.28318530718,0.));
#514 = VECTOR('',#515,1.);
#515 = DIRECTION('',(0.,1.));
#516 = ( GEOMETRIC_REPRESENTATION_CONTEXT(2) 
PARAMETRIC_REPRESENTATION_CONTEXT() REPRESENTATION_CONTEXT('2D SPACE',''
  ) );
#517 = ORIENTED_EDGE('',*,*,#518,.F.);
#518 = EDGE_CURVE('',#496,#496,#519,.T.);
#519 = SURFACE_CURVE('',#520,(#525,#532),.PCURVE_S1.);
#520 = CIRCLE('',#521,26.);
#521 = AXIS2_PLACEMENT_3D('',#522,#523,#524);
#522 = CARTESIAN_POINT('',(0.,0.,35.5));
#523 = DIRECTION('',(0.,0.,1.));
#524 = DIRECTION('',(1.,0.,-0.));
#525 = PCURVE('',#478,#526);
#526 = DEFINITIONAL_REPRESENTATION('',(#527),#531);
#527 = LINE('',#528,#529);
#528 = CARTESIAN_POINT('',(0.,6.725151858869E-02));
#529 = VECTOR('',#530,1.);
#530 = DIRECTION('',(1.,0.));
#531 = ( GEOMETRIC_REPRESENTATION_CONTEXT(2) 
PARAMETRIC_REPRESENTATION_CONTEXT() REPRESENTATION_CONTEXT('2D SPACE',''
  ) );
#532 = PCURVE('',#533,#538);
#533 = CYLINDRICAL_SURFACE('',#534,26.);
#534 = AXIS2_PLACEMENT_3D('',#535,#536,#537);
#535 = CARTESIAN_POINT('',(0.,0.,35.5));
#536 = DIRECTION('',(-0.,-0.,-1.));
#537 = DIRECTION('',(1.,0.,0.));
#538 = DEFINITIONAL_REPRESENTATION('',(#539),#543);
#539 = LINE('',#540,#541);
#540 = CARTESIAN_POINT('',(-0.,0.));
#541 = VECTOR('',#542,1.);
#542 = DIRECTION('',(-1.,0.));
#543 = ( GEOMETRIC_REPRESENTATION_CONTEXT(2) 
PARAMETRIC_REPRESENTATION_CONTEXT() REPRESENTATION_CONTEXT('2D SPACE',''
  ) );
#544 = ORIENTED_EDGE('',*,*,#495,.F.);
#545 = ADVANCED_FACE('',(#546),#533,.T.);
#546 = FACE_BOUND('',#547,.F.);
#547 = EDGE_LOOP('',(#548,#549,#572,#599));
#548 = ORIENTED_EDGE('',*,*,#518,.T.);
#549 = ORIENTED_EDGE('',*,*,#550,.T.);
#550 = EDGE_CURVE('',#496,#551,#553,.T.);
#551 = VERTEX_POINT('',#552);
#552 = CARTESIAN_POINT('',(26.,0.,34.64));
#553 = SEAM_CURVE('',#554,(#558,#565),.PCURVE_S1.);
#554 = LINE('',#555,#556);
#555 = CARTESIAN_POINT('',(26.,0.,35.5));
#556 = VECTOR('',#557,1.);
#557 = DIRECTION('',(0.,0.,-1.));
#558 = PCURVE('',#533,#559);
#559 = DEFINITIONAL_REPRESENTATION('',(#560),#564);
#560 = LINE('',#561,#562);
#561 = CARTESIAN_POINT('',(-0.,0.));
#562 = VECTOR('',#563,1.);
#563 = DIRECTION('',(-0.,1.));
#564 = ( GEOMETRIC_REPRESENTATION_CONTEXT(2) 
PARAMETRIC_REPRESENTATION_CONTEXT() REPRESENTATION_CONTEXT('2D SPACE',''
  ) );
#565 = PCURVE('',#533,#566);
#566 = DEFINITIONAL_REPRESENTATION('',(#567),#571);
#567 = LINE('',#568,#569);
#568 = CARTESIAN_POINT('',(-6.28318530718,0.));
#569 = VECTOR('',#570,1.);
#570 = DIRECTION('',(-0.,1.));
#571 = ( GEOMETRIC_REPRESENTATION_CONTEXT(2) 
PARAMETRIC_REPRESENTATION_CONTEXT() REPRESENTATION_CONTEXT('2D SPACE',''
  ) );
#572 = ORIENTED_EDGE('',*,*,#573,.F.);
#573 = EDGE_CURVE('',#551,#551,#574,.T.);
#574 = SURFACE_CURVE('',#575,(#580,#587),.PCURVE_S1.);
#575 = CIRCLE('',#576,26.);
#576 = AXIS2_PLACEMENT_3D('',#577,#578,#579);
#577 = CARTESIAN_POINT('',(0.,0.,34.64));
#578 = DIRECTION('',(0.,0.,1.));
#579 = DIRECTION('',(1.,0.,-0.));
#580 = PCURVE('',#533,#581);
#581 = DEFINITIONAL_REPRESENTATION('',(#582),#586);
#582 = LINE('',#583,#584);
#583 = CARTESIAN_POINT('',(-0.,0.86));
#584 = VECTOR('',#585,1.);
#585 = DIRECTION('',(-1.,0.));
#586 = ( GEOMETRIC_REPRESENTATION_CONTEXT(2) 
PARAMETRIC_REPRESENTATION_CONTEXT() REPRESENTATION_CONTEXT('2D SPACE',''
  ) );
#587 = PCURVE('',#588,#593);
#588 = CONICAL_SURFACE('',#589,26.,1.47262155637);
#589 = AXIS2_PLACEMENT_3D('',#590,#591,#592);
#590 = CARTESIAN_POINT('',(0.,0.,34.64));
#591 = DIRECTION('',(0.,0.,1.));
#592 = DIRECTION('',(1.,0.,0.));
#593 = DEFINITIONAL_REPRESENTATION('',(#594),#598);
#594 = LINE('',#595,#596);
#595 = CARTESIAN_POINT('',(0.,-0.));
#596 = VECTOR('',#597,1.);
#597 = DIRECTION('',(1.,-0.));
#598 = ( GEOMETRIC_REPRESENTATION_CONTEXT(2) 
PARAMETRIC_REPRESENTATION_CONTEXT() REPRESENTATION_CONTEXT('2D SPACE',''
  ) );
#599 = ORIENTED_EDGE('',*,*,#550,.F.);
#600 = ADVANCED_FACE('',(#601),#588,.T.);
#601 = FACE_BOUND('',#602,.F.);
#602 = EDGE_LOOP('',(#603,#604,#627,#654));
#603 = ORIENTED_EDGE('',*,*,#573,.T.);
#604 = ORIENTED_EDGE('',*,*,#605,.T.);
#605 = EDGE_CURVE('',#551,#606,#608,.T.);
#606 = VERTEX_POINT('',#607);
#607 = CARTESIAN_POINT('',(25.484961549877,0.,34.589273140265));
#608 = SEAM_CURVE('',#609,(#613,#620),.PCURVE_S1.);
#609 = LINE('',#610,#611);
#610 = CARTESIAN_POINT('',(26.,0.,34.64));
#611 = VECTOR('',#612,1.);
#612 = DIRECTION('',(-0.995184726672,0.,-9.801714032956E-02));
#613 = PCURVE('',#588,#614);
#614 = DEFINITIONAL_REPRESENTATION('',(#615),#619);
#615 = LINE('',#616,#617);
#616 = CARTESIAN_POINT('',(0.,-0.));
#617 = VECTOR('',#618,1.);
#618 = DIRECTION('',(0.,-1.));
#619 = ( GEOMETRIC_REPRESENTATION_CONTEXT(2) 
PARAMETRIC_REPRESENTATION_CONTEXT() REPRESENTATION_CONTEXT('2D SPACE',''
  ) );
#620 = PCURVE('',#588,#621);
#621 = DEFINITIONAL_REPRESENTATION('',(#622),#626);
#622 = LINE('',#623,#624);
#623 = CARTESIAN_POINT('',(6.28318530718,-0.));
#624 = VECTOR('',#625,1.);
#625 = DIRECTION('',(0.,-1.));
#626 = ( GEOMETRIC_REPRESENTATION_CONTEXT(2) 
PARAMETRIC_REPRESENTATION_CONTEXT() REPRESENTATION_CONTEXT('2D SPACE',''
  ) );
#627 = ORIENTED_EDGE('',*,*,#628,.F.);
#628 = EDGE_CURVE('',#606,#606,#629,.T.);
#629 = SURFACE_CURVE('',#630,(#635,#642),.PCURVE_S1.);
#630 = CIRCLE('',#631,25.484961549877);
#631 = AXIS2_PLACEMENT_3D('',#632,#633,#634);
#632 = CARTESIAN_POINT('',(0.,0.,34.589273140265));
#633 = DIRECTION('',(0.,0.,1.));
#634 = DIRECTION('',(1.,0.,-0.));
#635 = PCURVE('',#588,#636);
#636 = DEFINITIONAL_REPRESENTATION('',(#637),#641);
#637 = LINE('',#638,#639);
#638 = CARTESIAN_POINT('',(0.,-5.072685973547E-02));
#639 = VECTOR('',#640,1.);
#640 = DIRECTION('',(1.,-0.));
#641 = ( GEOMETRIC_REPRESENTATION_CONTEXT(2) 
PARAMETRIC_REPRESENTATION_CONTEXT() REPRESENTATION_CONTEXT('2D SPACE',''
  ) );
#642 = PCURVE('',#643,#648);
#643 = CONICAL_SURFACE('',#644,25.484961549877,1.276272015521);
#644 = AXIS2_PLACEMENT_3D('',#645,#646,#647);
#645 = CARTESIAN_POINT('',(0.,0.,34.589273140265));
#646 = DIRECTION('',(0.,0.,1.));
#647 = DIRECTION('',(1.,0.,0.));
#648 = DEFINITIONAL_REPRESENTATION('',(#649),#653);
#649 = LINE('',#650,#651);
#650 = CARTESIAN_POINT('',(0.,-0.));
#651 = VECTOR('',#652,1.);
#652 = DIRECTION('',(1.,-0.));
#653 = ( GEOMETRIC_REPRESENTATION_CONTEXT(2) 
PARAMETRIC_REPRESENTATION_CONTEXT() REPRESENTATION_CONTEXT('2D SPACE',''
  ) );
#654 = ORIENTED_EDGE('',*,*,#605,.F.);
#655 = ADVANCED_FACE('',(#656),#643,.T.);
#656 = FACE_BOUND('',#657,.F.);
#657 = EDGE_LOOP('',(#658,#659,#682,#709));
#658 = ORIENTED_EDGE('',*,*,#628,.T.);
#659 = ORIENTED_EDGE('',*,*,#660,.T.);
#660 = EDGE_CURVE('',#606,#661,#663,.T.);
#661 = VERTEX_POINT('',#662);
#662 = CARTESIAN_POINT('',(24.989715738556,0.,34.43904196583));
#663 = SEAM_CURVE('',#664,(#668,#675),.PCURVE_S1.);
#664 = LINE('',#665,#666);
#665 = CARTESIAN_POINT('',(25.484961549877,0.,34.589273140265));
#666 = VECTOR('',#667,1.);
#667 = DIRECTION('',(-0.956940335732,0.,-0.290284677254));
#668 = PCURVE('',#643,#669);
#669 = DEFINITIONAL_REPRESENTATION('',(#670),#674);
#670 = LINE('',#671,#672);
#671 = CARTESIAN_POINT('',(0.,-0.));
#672 = VECTOR('',#673,1.);
#673 = DIRECTION('',(0.,-1.));
#674 = ( GEOMETRIC_REPRESENTATION_CONTEXT(2) 
PARAMETRIC_REPRESENTATION_CONTEXT() REPRESENTATION_CONTEXT('2D SPACE',''
  ) );
#675 = PCURVE('',#643,#676);
#676 = DEFINITIONAL_REPRESENTATION('',(#677),#681);
#677 = LINE('',#678,#679);
#678 = CARTESIAN_POINT('',(6.28318530718,-0.));
#679 = VECTOR('',#680,1.);
#680 = DIRECTION('',(0.,-1.));
#681 = ( GEOMETRIC_REPRESENTATION_CONTEXT(2) 
PARAMETRIC_REPRESENTATION_CONTEXT() REPRESENTATION_CONTEXT('2D SPACE',''
  ) );
#682 = ORIENTED_EDGE('',*,*,#683,.F.);
#683 = EDGE_CURVE('',#661,#661,#684,.T.);
#684 = SURFACE_CURVE('',#685,(#690,#697),.PCURVE_S1.);
#685 = CIRCLE('',#686,24.989715738556);
#686 = AXIS2_PLACEMENT_3D('',#687,#688,#689);
#687 = CARTESIAN_POINT('',(0.,0.,34.43904196583));
#688 = DIRECTION('',(0.,0.,1.));
#689 = DIRECTION('',(1.,0.,-0.));
#690 = PCURVE('',#643,#691);
#691 = DEFINITIONAL_REPRESENTATION('',(#692),#696);
#692 = LINE('',#693,#694);
#693 = CARTESIAN_POINT('',(0.,-0.150231174435));
#694 = VECTOR('',#695,1.);
#695 = DIRECTION('',(1.,-0.));
#696 = ( GEOMETRIC_REPRESENTATION_CONTEXT(2) 
PARAMETRIC_REPRESENTATION_CONTEXT() REPRESENTATION_CONTEXT('2D SPACE',''
  ) );
#697 = PCURVE('',#698,#703);
#698 = CONICAL_SURFACE('',#699,24.989715738556,1.079922474671);
#699 = AXIS2_PLACEMENT_3D('',#700,#701,#702);
#700 = CARTESIAN_POINT('',(0.,0.,34.43904196583));
#701 = DIRECTION('',(0.,0.,1.));
#702 = DIRECTION('',(1.,0.,0.));
#703 = DEFINITIONAL_REPRESENTATION('',(#704),#708);
#704 = LINE('',#705,#706);
#705 = CARTESIAN_POINT('',(0.,-0.));
#706 = VECTOR('',#707,1.);
#707 = DIRECTION('',(1.,-0.));
#708 = ( GEOMETRIC_REPRESENTATION_CONTEXT(2) 
PARAMETRIC_REPRESENTATION_CONTEXT() REPRESENTATION_CONTEXT('2D SPACE',''
  ) );
#709 = ORIENTED_EDGE('',*,*,#660,.F.);
#710 = ADVANCED_FACE('',(#711),#698,.T.);
#711 = FACE_BOUND('',#712,.F.);
#712 = EDGE_LOOP('',(#713,#714,#737,#764));
#713 = ORIENTED_EDGE('',*,*,#683,.T.);
#714 = ORIENTED_EDGE('',*,*,#715,.T.);
#715 = EDGE_CURVE('',#661,#716,#718,.T.);
#716 = VERTEX_POINT('',#717);
#717 = CARTESIAN_POINT('',(24.533294584828,0.,34.195079776479));
#718 = SEAM_CURVE('',#719,(#723,#730),.PCURVE_S1.);
#719 = LINE('',#720,#721);
#720 = CARTESIAN_POINT('',(24.989715738556,0.,34.43904196583));
#721 = VECTOR('',#722,1.);
#722 = DIRECTION('',(-0.881921264348,0.,-0.471396736826));
#723 = PCURVE('',#698,#724);
#724 = DEFINITIONAL_REPRESENTATION('',(#725),#729);
#725 = LINE('',#726,#727);
#726 = CARTESIAN_POINT('',(0.,-0.));
#727 = VECTOR('',#728,1.);
#728 = DIRECTION('',(0.,-1.));
#729 = ( GEOMETRIC_REPRESENTATION_CONTEXT(2) 
PARAMETRIC_REPRESENTATION_CONTEXT() REPRESENTATION_CONTEXT('2D SPACE',''
  ) );
#730 = PCURVE('',#698,#731);
#731 = DEFINITIONAL_REPRESENTATION('',(#732),#736);
#732 = LINE('',#733,#734);
#733 = CARTESIAN_POINT('',(6.28318530718,-0.));
#734 = VECTOR('',#735,1.);
#735 = DIRECTION('',(0.,-1.));
#736 = ( GEOMETRIC_REPRESENTATION_CONTEXT(2) 
PARAMETRIC_REPRESENTATION_CONTEXT() REPRESENTATION_CONTEXT('2D SPACE',''
  ) );
#737 = ORIENTED_EDGE('',*,*,#738,.F.);
#738 = EDGE_CURVE('',#716,#716,#739,.T.);
#739 = SURFACE_CURVE('',#740,(#745,#752),.PCURVE_S1.);
#740 = CIRCLE('',#741,24.533294584828);
#741 = AXIS2_PLACEMENT_3D('',#742,#743,#744);
#742 = CARTESIAN_POINT('',(0.,0.,34.195079776479));
#743 = DIRECTION('',(0.,0.,1.));
#744 = DIRECTION('',(1.,0.,-0.));
#745 = PCURVE('',#698,#746);
#746 = DEFINITIONAL_REPRESENTATION('',(#747),#751);
#747 = LINE('',#748,#749);
#748 = CARTESIAN_POINT('',(0.,-0.243962189351));
#749 = VECTOR('',#750,1.);
#750 = DIRECTION('',(1.,-0.));
#751 = ( GEOMETRIC_REPRESENTATION_CONTEXT(2) 
PARAMETRIC_REPRESENTATION_CONTEXT() REPRESENTATION_CONTEXT('2D SPACE',''
  ) );
#752 = PCURVE('',#753,#758);
#753 = CONICAL_SURFACE('',#754,24.533294584828,0.883572933822);
#754 = AXIS2_PLACEMENT_3D('',#755,#756,#757);
#755 = CARTESIAN_POINT('',(0.,0.,34.195079776479));
#756 = DIRECTION('',(0.,0.,1.));
#757 = DIRECTION('',(1.,0.,0.));
#758 = DEFINITIONAL_REPRESENTATION('',(#759),#763);
#759 = LINE('',#760,#761);
#760 = CARTESIAN_POINT('',(0.,-0.));
#761 = VECTOR('',#762,1.);
#762 = DIRECTION('',(1.,-0.));
#763 = ( GEOMETRIC_REPRESENTATION_CONTEXT(2) 
PARAMETRIC_REPRESENTATION_CONTEXT() REPRESENTATION_CONTEXT('2D SPACE',''
  ) );
#764 = ORIENTED_EDGE('',*,*,#715,.F.);
#765 = ADVANCED_FACE('',(#766),#753,.T.);
#766 = FACE_BOUND('',#767,.F.);
#767 = EDGE_LOOP('',(#768,#769,#792,#819));
#768 = ORIENTED_EDGE('',*,*,#738,.T.);
#769 = ORIENTED_EDGE('',*,*,#770,.T.);
#770 = EDGE_CURVE('',#716,#771,#773,.T.);
#771 = VERTEX_POINT('',#772);
#772 = CARTESIAN_POINT('',(24.133238097668,0.,33.866761902332));
#773 = SEAM_CURVE('',#774,(#778,#785),.PCURVE_S1.);
#774 = LINE('',#775,#776);
#775 = CARTESIAN_POINT('',(24.533294584828,0.,34.195079776479));
#776 = VECTOR('',#777,1.);
#777 = DIRECTION('',(-0.773010453363,0.,-0.634393284164));
#778 = PCURVE('',#753,#779);
#779 = DEFINITIONAL_REPRESENTATION('',(#780),#784);
#780 = LINE('',#781,#782);
#781 = CARTESIAN_POINT('',(0.,-0.));
#782 = VECTOR('',#783,1.);
#783 = DIRECTION('',(0.,-1.));
#784 = ( GEOMETRIC_REPRESENTATION_CONTEXT(2) 
PARAMETRIC_REPRESENTATION_CONTEXT() REPRESENTATION_CONTEXT('2D SPACE',''
  ) );
#785 = PCURVE('',#753,#786);
#786 = DEFINITIONAL_REPRESENTATION('',(#787),#791);
#787 = LINE('',#788,#789);
#788 = CARTESIAN_POINT('',(6.28318530718,-0.));
#789 = VECTOR('',#790,1.);
#790 = DIRECTION('',(0.,-1.));
#791 = ( GEOMETRIC_REPRESENTATION_CONTEXT(2) 
PARAMETRIC_REPRESENTATION_CONTEXT() REPRESENTATION_CONTEXT('2D SPACE',''
  ) );
#792 = ORIENTED_EDGE('',*,*,#793,.F.);
#793 = EDGE_CURVE('',#771,#771,#794,.T.);
#794 = SURFACE_CURVE('',#795,(#800,#807),.PCURVE_S1.);
#795 = CIRCLE('',#796,24.133238097668);
#796 = AXIS2_PLACEMENT_3D('',#797,#798,#799);
#797 = CARTESIAN_POINT('',(0.,0.,33.866761902332));
#798 = DIRECTION('',(0.,0.,1.));
#799 = DIRECTION('',(1.,0.,-0.));
#800 = PCURVE('',#753,#801);
#801 = DEFINITIONAL_REPRESENTATION('',(#802),#806);
#802 = LINE('',#803,#804);
#803 = CARTESIAN_POINT('',(0.,-0.328317874146));
#804 = VECTOR('',#805,1.);
#805 = DIRECTION('',(1.,-0.));
#806 = ( GEOMETRIC_REPRESENTATION_CONTEXT(2) 
PARAMETRIC_REPRESENTATION_CONTEXT() REPRESENTATION_CONTEXT('2D SPACE',''
  ) );
#807 = PCURVE('',#808,#813);
#808 = CONICAL_SURFACE('',#809,24.133238097668,0.687223392973);
#809 = AXIS2_PLACEMENT_3D('',#810,#811,#812);
#810 = CARTESIAN_POINT('',(0.,0.,33.866761902332));
#811 = DIRECTION('',(0.,0.,1.));
#812 = DIRECTION('',(1.,0.,0.));
#813 = DEFINITIONAL_REPRESENTATION('',(#814),#818);
#814 = LINE('',#815,#816);
#815 = CARTESIAN_POINT('',(0.,-0.));
#816 = VECTOR('',#817,1.);
#817 = DIRECTION('',(1.,-0.));
#818 = ( GEOMETRIC_REPRESENTATION_CONTEXT(2) 
PARAMETRIC_REPRESENTATION_CONTEXT() REPRESENTATION_CONTEXT('2D SPACE',''
  ) );
#819 = ORIENTED_EDGE('',*,*,#770,.F.);
#820 = ADVANCED_FACE('',(#821),#808,.T.);
#821 = FACE_BOUND('',#822,.F.);
#822 = EDGE_LOOP('',(#823,#824,#847,#874));
#823 = ORIENTED_EDGE('',*,*,#793,.T.);
#824 = ORIENTED_EDGE('',*,*,#825,.T.);
#825 = EDGE_CURVE('',#771,#826,#828,.T.);
#826 = VERTEX_POINT('',#827);
#827 = CARTESIAN_POINT('',(23.804920223521,0.,33.466705415172));
#828 = SEAM_CURVE('',#829,(#833,#840),.PCURVE_S1.);
#829 = LINE('',#830,#831);
#830 = CARTESIAN_POINT('',(24.133238097668,0.,33.866761902332));
#831 = VECTOR('',#832,1.);
#832 = DIRECTION('',(-0.634393284164,0.,-0.773010453363));
#833 = PCURVE('',#808,#834);
#834 = DEFINITIONAL_REPRESENTATION('',(#835),#839);
#835 = LINE('',#836,#837);
#836 = CARTESIAN_POINT('',(0.,-0.));
#837 = VECTOR('',#838,1.);
#838 = DIRECTION('',(0.,-1.));
#839 = ( GEOMETRIC_REPRESENTATION_CONTEXT(2) 
PARAMETRIC_REPRESENTATION_CONTEXT() REPRESENTATION_CONTEXT('2D SPACE',''
  ) );
#840 = PCURVE('',#808,#841);
#841 = DEFINITIONAL_REPRESENTATION('',(#842),#846);
#842 = LINE('',#843,#844);
#843 = CARTESIAN_POINT('',(6.28318530718,-0.));
#844 = VECTOR('',#845,1.);
#845 = DIRECTION('',(0.,-1.));
#846 = ( GEOMETRIC_REPRESENTATION_CONTEXT(2) 
PARAMETRIC_REPRESENTATION_CONTEXT() REPRESENTATION_CONTEXT('2D SPACE',''
  ) );
#847 = ORIENTED_EDGE('',*,*,#848,.F.);
#848 = EDGE_CURVE('',#826,#826,#849,.T.);
#849 = SURFACE_CURVE('',#850,(#855,#862),.PCURVE_S1.);
#850 = CIRCLE('',#851,23.804920223521);
#851 = AXIS2_PLACEMENT_3D('',#852,#853,#854);
#852 = CARTESIAN_POINT('',(0.,0.,33.466705415172));
#853 = DIRECTION('',(0.,0.,1.));
#854 = DIRECTION('',(1.,0.,-0.));
#855 = PCURVE('',#808,#856);
#856 = DEFINITIONAL_REPRESENTATION('',(#857),#861);
#857 = LINE('',#858,#859);
#858 = CARTESIAN_POINT('',(0.,-0.400056487161));
#859 = VECTOR('',#860,1.);
#860 = DIRECTION('',(1.,-0.));
#861 = ( GEOMETRIC_REPRESENTATION_CONTEXT(2) 
PARAMETRIC_REPRESENTATION_CONTEXT() REPRESENTATION_CONTEXT('2D SPACE',''
  ) );
#862 = PCURVE('',#863,#868);
#863 = CONICAL_SURFACE('',#864,23.804920223521,0.490873852123);
#864 = AXIS2_PLACEMENT_3D('',#865,#866,#867);
#865 = CARTESIAN_POINT('',(0.,0.,33.466705415172));
#866 = DIRECTION('',(0.,0.,1.));
#867 = DIRECTION('',(1.,0.,0.));
#868 = DEFINITIONAL_REPRESENTATION('',(#869),#873);
#869 = LINE('',#870,#871);
#870 = CARTESIAN_POINT('',(0.,-0.));
#871 = VECTOR('',#872,1.);
#872 = DIRECTION('',(1.,-0.));
#873 = ( GEOMETRIC_REPRESENTATION_CONTEXT(2) 
PARAMETRIC_REPRESENTATION_CONTEXT() REPRESENTATION_CONTEXT('2D SPACE',''
  ) );
#874 = ORIENTED_EDGE('',*,*,#825,.F.);
#875 = ADVANCED_FACE('',(#876),#863,.T.);
#876 = FACE_BOUND('',#877,.F.);
#877 = EDGE_LOOP('',(#878,#879,#902,#929));
#878 = ORIENTED_EDGE('',*,*,#848,.T.);
#879 = ORIENTED_EDGE('',*,*,#880,.T.);
#880 = EDGE_CURVE('',#826,#881,#883,.T.);
#881 = VERTEX_POINT('',#882);
#882 = CARTESIAN_POINT('',(23.56095803417,0.,33.010284261444));
#883 = SEAM_CURVE('',#884,(#888,#895),.PCURVE_S1.);
#884 = LINE('',#885,#886);
#885 = CARTESIAN_POINT('',(23.804920223521,0.,33.466705415172));
#886 = VECTOR('',#887,1.);
#887 = DIRECTION('',(-0.471396736826,0.,-0.881921264348));
#888 = PCURVE('',#863,#889);
#889 = DEFINITIONAL_REPRESENTATION('',(#890),#894);
#890 = LINE('',#891,#892);
#891 = CARTESIAN_POINT('',(0.,-0.));
#892 = VECTOR('',#893,1.);
#893 = DIRECTION('',(0.,-1.));
#894 = ( GEOMETRIC_REPRESENTATION_CONTEXT(2) 
PARAMETRIC_REPRESENTATION_CONTEXT() REPRESENTATION_CONTEXT('2D SPACE',''
  ) );
#895 = PCURVE('',#863,#896);
#896 = DEFINITIONAL_REPRESENTATION('',(#897),#901);
#897 = LINE('',#898,#899);
#898 = CARTESIAN_POINT('',(6.28318530718,-0.));
#899 = VECTOR('',#900,1.);
#900 = DIRECTION('',(0.,-1.));
#901 = ( GEOMETRIC_REPRESENTATION_CONTEXT(2) 
PARAMETRIC_REPRESENTATION_CONTEXT() REPRESENTATION_CONTEXT('2D SPACE',''
  ) );
#902 = ORIENTED_EDGE('',*,*,#903,.F.);
#903 = EDGE_CURVE('',#881,#881,#904,.T.);
#904 = SURFACE_CURVE('',#905,(#910,#917),.PCURVE_S1.);
#905 = CIRCLE('',#906,23.56095803417);
#906 = AXIS2_PLACEMENT_3D('',#907,#908,#909);
#907 = CARTESIAN_POINT('',(0.,0.,33.010284261444));
#908 = DIRECTION('',(0.,0.,1.));
#909 = DIRECTION('',(1.,0.,-0.));
#910 = PCURVE('',#863,#911);
#911 = DEFINITIONAL_REPRESENTATION('',(#912),#916);
#912 = LINE('',#913,#914);
#913 = CARTESIAN_POINT('',(0.,-0.456421153728));
#914 = VECTOR('',#915,1.);
#915 = DIRECTION('',(1.,-0.));
#916 = ( GEOMETRIC_REPRESENTATION_CONTEXT(2) 
PARAMETRIC_REPRESENTATION_CONTEXT() REPRESENTATION_CONTEXT('2D SPACE',''
  ) );
#917 = PCURVE('',#918,#923);
#918 = CONICAL_SURFACE('',#919,23.56095803417,0.294524311274);
#919 = AXIS2_PLACEMENT_3D('',#920,#921,#922);
#920 = CARTESIAN_POINT('',(0.,0.,33.010284261444));
#921 = DIRECTION('',(0.,0.,1.));
#922 = DIRECTION('',(1.,0.,0.));
#923 = DEFINITIONAL_REPRESENTATION('',(#924),#928);
#924 = LINE('',#925,#926);
#925 = CARTESIAN_POINT('',(0.,-0.));
#926 = VECTOR('',#927,1.);
#927 = DIRECTION('',(1.,-0.));
#928 = ( GEOMETRIC_REPRESENTATION_CONTEXT(2) 
PARAMETRIC_REPRESENTATION_CONTEXT() REPRESENTATION_CONTEXT('2D SPACE',''
  ) );
#929 = ORIENTED_EDGE('',*,*,#880,.F.);
#930 = ADVANCED_FACE('',(#931),#918,.T.);
#931 = FACE_BOUND('',#932,.F.);
#932 = EDGE_LOOP('',(#933,#934,#957,#984));
#933 = ORIENTED_EDGE('',*,*,#903,.T.);
#934 = ORIENTED_EDGE('',*,*,#935,.T.);
#935 = EDGE_CURVE('',#881,#936,#938,.T.);
#936 = VERTEX_POINT('',#937);
#937 = CARTESIAN_POINT('',(23.410726859735,0.,32.515038450123));
#938 = SEAM_CURVE('',#939,(#943,#950),.PCURVE_S1.);
#939 = LINE('',#940,#941);
#940 = CARTESIAN_POINT('',(23.56095803417,0.,33.010284261444));
#941 = VECTOR('',#942,1.);
#942 = DIRECTION('',(-0.290284677254,0.,-0.956940335732));
#943 = PCURVE('',#918,#944);
#944 = DEFINITIONAL_REPRESENTATION('',(#945),#949);
#945 = LINE('',#946,#947);
#946 = CARTESIAN_POINT('',(0.,-0.));
#947 = VECTOR('',#948,1.);
#948 = DIRECTION('',(0.,-1.));
#949 = ( GEOMETRIC_REPRESENTATION_CONTEXT(2) 
PARAMETRIC_REPRESENTATION_CONTEXT() REPRESENTATION_CONTEXT('2D SPACE',''
  ) );
#950 = PCURVE('',#918,#951);
#951 = DEFINITIONAL_REPRESENTATION('',(#952),#956);
#952 = LINE('',#953,#954);
#953 = CARTESIAN_POINT('',(6.28318530718,-0.));
#954 = VECTOR('',#955,1.);
#955 = DIRECTION('',(0.,-1.));
#956 = ( GEOMETRIC_REPRESENTATION_CONTEXT(2) 
PARAMETRIC_REPRESENTATION_CONTEXT() REPRESENTATION_CONTEXT('2D SPACE',''
  ) );
#957 = ORIENTED_EDGE('',*,*,#958,.F.);
#958 = EDGE_CURVE('',#936,#936,#959,.T.);
#959 = SURFACE_CURVE('',#960,(#965,#972),.PCURVE_S1.);
#960 = CIRCLE('',#961,23.410726859735);
#961 = AXIS2_PLACEMENT_3D('',#962,#963,#964);
#962 = CARTESIAN_POINT('',(0.,0.,32.515038450123));
#963 = DIRECTION('',(0.,0.,1.));
#964 = DIRECTION('',(1.,0.,-0.));
#965 = PCURVE('',#918,#966);
#966 = DEFINITIONAL_REPRESENTATION('',(#967),#971);
#967 = LINE('',#968,#969);
#968 = CARTESIAN_POINT('',(0.,-0.495245811321));
#969 = VECTOR('',#970,1.);
#970 = DIRECTION('',(1.,-0.));
#971 = ( GEOMETRIC_REPRESENTATION_CONTEXT(2) 
PARAMETRIC_REPRESENTATION_CONTEXT() REPRESENTATION_CONTEXT('2D SPACE',''
  ) );
#972 = PCURVE('',#973,#978);
#973 = CONICAL_SURFACE('',#974,23.410726859735,9.817477042468E-02);
#974 = AXIS2_PLACEMENT_3D('',#975,#976,#977);
#975 = CARTESIAN_POINT('',(0.,0.,32.515038450123));
#976 = DIRECTION('',(0.,0.,1.));
#977 = DIRECTION('',(1.,0.,0.));
#978 = DEFINITIONAL_REPRESENTATION('',(#979),#983);
#979 = LINE('',#980,#981);
#980 = CARTESIAN_POINT('',(0.,-0.));
#981 = VECTOR('',#982,1.);
#982 = DIRECTION('',(1.,-0.));
#983 = ( GEOMETRIC_REPRESENTATION_CONTEXT(2) 
PARAMETRIC_REPRESENTATION_CONTEXT() REPRESENTATION_CONTEXT('2D SPACE',''
  ) );
#984 = ORIENTED_EDGE('',*,*,#935,.F.);
#985 = ADVANCED_FACE('',(#986),#973,.T.);
#986 = FACE_BOUND('',#987,.F.);
#987 = EDGE_LOOP('',(#988,#989,#1012,#1039));
#988 = ORIENTED_EDGE('',*,*,#958,.T.);
#989 = ORIENTED_EDGE('',*,*,#990,.T.);
#990 = EDGE_CURVE('',#936,#991,#993,.T.);
#991 = VERTEX_POINT('',#992);
#992 = CARTESIAN_POINT('',(23.36,0.,32.));
#993 = SEAM_CURVE('',#994,(#998,#1005),.PCURVE_S1.);
#994 = LINE('',#995,#996);
#995 = CARTESIAN_POINT('',(23.410726859735,0.,32.515038450123));
#996 = VECTOR('',#997,1.);
#997 = DIRECTION('',(-9.801714032956E-02,0.,-0.995184726672));
#998 = PCURVE('',#973,#999);
#999 = DEFINITIONAL_REPRESENTATION('',(#1000),#1004);
#1000 = LINE('',#1001,#1002);
#1001 = CARTESIAN_POINT('',(0.,-0.));
#1002 = VECTOR('',#1003,1.);
#1003 = DIRECTION('',(0.,-1.));
#1004 = ( GEOMETRIC_REPRESENTATION_CONTEXT(2) 
PARAMETRIC_REPRESENTATION_CONTEXT() REPRESENTATION_CONTEXT('2D SPACE',''
  ) );
#1005 = PCURVE('',#973,#1006);
#1006 = DEFINITIONAL_REPRESENTATION('',(#1007),#1011);
#1007 = LINE('',#1008,#1009);
#1008 = CARTESIAN_POINT('',(6.28318530718,-0.));
#1009 = VECTOR('',#1010,1.);
#1010 = DIRECTION('',(0.,-1.));
#1011 = ( GEOMETRIC_REPRESENTATION_CONTEXT(2) 
PARAMETRIC_REPRESENTATION_CONTEXT() REPRESENTATION_CONTEXT('2D SPACE',''
  ) );
#1012 = ORIENTED_EDGE('',*,*,#1013,.F.);
#1013 = EDGE_CURVE('',#991,#991,#1014,.T.);
#1014 = SURFACE_CURVE('',#1015,(#1020,#1027),.PCURVE_S1.);
#1015 = CIRCLE('',#1016,23.36);
#1016 = AXIS2_PLACEMENT_3D('',#1017,#1018,#1019);
#1017 = CARTESIAN_POINT('',(0.,0.,32.));
#1018 = DIRECTION('',(0.,0.,1.));
#1019 = DIRECTION('',(1.,0.,-0.));
#1020 = PCURVE('',#973,#1021);
#1021 = DEFINITIONAL_REPRESENTATION('',(#1022),#1026);
#1022 = LINE('',#1023,#1024);
#1023 = CARTESIAN_POINT('',(0.,-0.515038450123));
#1024 = VECTOR('',#1025,1.);
#1025 = DIRECTION('',(1.,-0.));
#1026 = ( GEOMETRIC_REPRESENTATION_CONTEXT(2) 
PARAMETRIC_REPRESENTATION_CONTEXT() REPRESENTATION_CONTEXT('2D SPACE',''
  ) );
#1027 = PCURVE('',#1028,#1033);
#1028 = CONICAL_SURFACE('',#1029,23.36,0.261799387799);
#1029 = AXIS2_PLACEMENT_3D('',#1030,#1031,#1032);
#1030 = CARTESIAN_POINT('',(0.,0.,32.));
#1031 = DIRECTION('',(-0.,-0.,-1.));
#1032 = DIRECTION('',(1.,0.,0.));
#1033 = DEFINITIONAL_REPRESENTATION('',(#1034),#1038);
#1034 = LINE('',#1035,#1036);
#1035 = CARTESIAN_POINT('',(-0.,0.));
#1036 = VECTOR('',#1037,1.);
#1037 = DIRECTION('',(-1.,0.));
#1038 = ( GEOMETRIC_REPRESENTATION_CONTEXT(2) 
PARAMETRIC_REPRESENTATION_CONTEXT() REPRESENTATION_CONTEXT('2D SPACE',''
  ) );
#1039 = ORIENTED_EDGE('',*,*,#990,.F.);
#1040 = ADVANCED_FACE('',(#1041),#1028,.T.);
#1041 = FACE_BOUND('',#1042,.F.);
#1042 = EDGE_LOOP('',(#1043,#1066,#1067,#1068));
#1043 = ORIENTED_EDGE('',*,*,#1044,.F.);
#1044 = EDGE_CURVE('',#991,#1045,#1047,.T.);
#1045 = VERTEX_POINT('',#1046);
#1046 = CARTESIAN_POINT('',(31.703937852305,0.,0.86));
#1047 = SEAM_CURVE('',#1048,(#1052,#1059),.PCURVE_S1.);
#1048 = LINE('',#1049,#1050);
#1049 = CARTESIAN_POINT('',(23.36,0.,32.));
#1050 = VECTOR('',#1051,1.);
#1051 = DIRECTION('',(0.258819045103,0.,-0.965925826289));
#1052 = PCURVE('',#1028,#1053);
#1053 = DEFINITIONAL_REPRESENTATION('',(#1054),#1058);
#1054 = LINE('',#1055,#1056);
#1055 = CARTESIAN_POINT('',(-0.,0.));
#1056 = VECTOR('',#1057,1.);
#1057 = DIRECTION('',(-0.,1.));
#1058 = ( GEOMETRIC_REPRESENTATION_CONTEXT(2) 
PARAMETRIC_REPRESENTATION_CONTEXT() REPRESENTATION_CONTEXT('2D SPACE',''
  ) );
#1059 = PCURVE('',#1028,#1060);
#1060 = DEFINITIONAL_REPRESENTATION('',(#1061),#1065);
#1061 = LINE('',#1062,#1063);
#1062 = CARTESIAN_POINT('',(-6.28318530718,0.));
#1063 = VECTOR('',#1064,1.);
#1064 = DIRECTION('',(-0.,1.));
#1065 = ( GEOMETRIC_REPRESENTATION_CONTEXT(2) 
PARAMETRIC_REPRESENTATION_CONTEXT() REPRESENTATION_CONTEXT('2D SPACE',''
  ) );
#1066 = ORIENTED_EDGE('',*,*,#1013,.T.);
#1067 = ORIENTED_EDGE('',*,*,#1044,.T.);
#1068 = ORIENTED_EDGE('',*,*,#1069,.T.);
#1069 = EDGE_CURVE('',#1045,#1045,#1070,.T.);
#1070 = SURFACE_CURVE('',#1071,(#1076,#1083),.PCURVE_S1.);
#1071 = CIRCLE('',#1072,31.703937852305);
#1072 = AXIS2_PLACEMENT_3D('',#1073,#1074,#1075);
#1073 = CARTESIAN_POINT('',(0.,0.,0.86));
#1074 = DIRECTION('',(0.,0.,-1.));
#1075 = DIRECTION('',(1.,0.,0.));
#1076 = PCURVE('',#1028,#1077);
#1077 = DEFINITIONAL_REPRESENTATION('',(#1078),#1082);
#1078 = LINE('',#1079,#1080);
#1079 = CARTESIAN_POINT('',(-6.28318530718,31.14));
#1080 = VECTOR('',#1081,1.);
#1081 = DIRECTION('',(1.,-0.));
#1082 = ( GEOMETRIC_REPRESENTATION_CONTEXT(2) 
PARAMETRIC_REPRESENTATION_CONTEXT() REPRESENTATION_CONTEXT('2D SPACE',''
  ) );
#1083 = PCURVE('',#1084,#1089);
#1084 = PLANE('',#1085);
#1085 = AXIS2_PLACEMENT_3D('',#1086,#1087,#1088);
#1086 = CARTESIAN_POINT('',(0.,0.,0.86));
#1087 = DIRECTION('',(0.,0.,1.));
#1088 = DIRECTION('',(1.,0.,-0.));
#1089 = DEFINITIONAL_REPRESENTATION('',(#1090),#1098);
#1090 = ( BOUNDED_CURVE() B_SPLINE_CURVE(2,(#1091,#1092,#1093,#1094,
#1095,#1096,#1097),.UNSPECIFIED.,.T.,.F.) B_SPLINE_CURVE_WITH_KNOTS((1,2
    ,2,2,2,1),(-2.094395102393,0.,2.094395102393,4.188790204786,
6.28318530718,8.377580409573),.UNSPECIFIED.) CURVE() 
GEOMETRIC_REPRESENTATION_ITEM() RATIONAL_B_SPLINE_CURVE((1.,0.5,1.,0.5,
1.,0.5,1.)) REPRESENTATION_ITEM('') );
#1091 = CARTESIAN_POINT('',(31.703937852305,0.));
#1092 = CARTESIAN_POINT('',(31.703937852305,-54.91283116019));
#1093 = CARTESIAN_POINT('',(-15.85196892615,-27.45641558009));
#1094 = CARTESIAN_POINT('',(-63.40787570461,-7.765225202238E-15));
#1095 = CARTESIAN_POINT('',(-15.85196892615,27.456415580099));
#1096 = CARTESIAN_POINT('',(31.703937852305,54.912831160199));
#1097 = CARTESIAN_POINT('',(31.703937852305,0.));
#1098 = ( GEOMETRIC_REPRESENTATION_CONTEXT(2) 
PARAMETRIC_REPRESENTATION_CONTEXT() REPRESENTATION_CONTEXT('2D SPACE',''
  ) );
#1099 = ADVANCED_FACE('',(#1100,#1161),#1084,.T.);
#1100 = FACE_BOUND('',#1101,.T.);
#1101 = EDGE_LOOP('',(#1102,#1130));
#1102 = ORIENTED_EDGE('',*,*,#1103,.T.);
#1103 = EDGE_CURVE('',#1104,#1106,#1108,.T.);
#1104 = VERTEX_POINT('',#1105);
#1105 = CARTESIAN_POINT('',(-33.5,3.06587670985,0.86));
#1106 = VERTEX_POINT('',#1107);
#1107 = CARTESIAN_POINT('',(-33.5,-3.06587670985,0.86));
#1108 = SURFACE_CURVE('',#1109,(#1113,#1119),.PCURVE_S1.);
#1109 = LINE('',#1110,#1111);
#1110 = CARTESIAN_POINT('',(-33.5,0.,0.86));
#1111 = VECTOR('',#1112,1.);
#1112 = DIRECTION('',(0.,-1.,0.));
#1113 = PCURVE('',#1084,#1114);
#1114 = DEFINITIONAL_REPRESENTATION('',(#1115),#1118);
#1115 = B_SPLINE_CURVE_WITH_KNOTS('',1,(#1116,#1117),.UNSPECIFIED.,.F.,
  .F.,(2,2),(-19.4,19.4),.PIECEWISE_BEZIER_KNOTS.);
#1116 = CARTESIAN_POINT('',(-33.5,19.4));
#1117 = CARTESIAN_POINT('',(-33.5,-19.4));
#1118 = ( GEOMETRIC_REPRESENTATION_CONTEXT(2) 
PARAMETRIC_REPRESENTATION_CONTEXT() REPRESENTATION_CONTEXT('2D SPACE',''
  ) );
#1119 = PCURVE('',#1120,#1125);
#1120 = PLANE('',#1121);
#1121 = AXIS2_PLACEMENT_3D('',#1122,#1123,#1124);
#1122 = CARTESIAN_POINT('',(-33.5,0.,18.26));
#1123 = DIRECTION('',(-1.,0.,0.));
#1124 = DIRECTION('',(0.,0.,-1.));
#1125 = DEFINITIONAL_REPRESENTATION('',(#1126),#1129);
#1126 = B_SPLINE_CURVE_WITH_KNOTS('',1,(#1127,#1128),.UNSPECIFIED.,.F.,
  .F.,(2,2),(-19.4,19.4),.PIECEWISE_BEZIER_KNOTS.);
#1127 = CARTESIAN_POINT('',(17.4,-19.4));
#1128 = CARTESIAN_POINT('',(17.4,19.4));
#1129 = ( GEOMETRIC_REPRESENTATION_CONTEXT(2) 
PARAMETRIC_REPRESENTATION_CONTEXT() REPRESENTATION_CONTEXT('2D SPACE',''
  ) );
#1130 = ORIENTED_EDGE('',*,*,#1131,.F.);
#1131 = EDGE_CURVE('',#1104,#1106,#1132,.T.);
#1132 = SURFACE_CURVE('',#1133,(#1138,#1149),.PCURVE_S1.);
#1133 = CIRCLE('',#1134,33.64);
#1134 = AXIS2_PLACEMENT_3D('',#1135,#1136,#1137);
#1135 = CARTESIAN_POINT('',(0.,0.,0.86));
#1136 = DIRECTION('',(0.,0.,-1.));
#1137 = DIRECTION('',(-0.995838287753,9.113783322978E-02,0.));
#1138 = PCURVE('',#1084,#1139);
#1139 = DEFINITIONAL_REPRESENTATION('',(#1140),#1148);
#1140 = ( BOUNDED_CURVE() B_SPLINE_CURVE(2,(#1141,#1142,#1143,#1144,
#1145,#1146,#1147),.UNSPECIFIED.,.T.,.F.) B_SPLINE_CURVE_WITH_KNOTS((1,2
    ,2,2,2,1),(-2.094395102393,0.,2.094395102393,4.188790204786,
6.28318530718,8.377580409573),.UNSPECIFIED.) CURVE() 
GEOMETRIC_REPRESENTATION_ITEM() RATIONAL_B_SPLINE_CURVE((1.,0.5,1.,0.5,
1.,0.5,1.)) REPRESENTATION_ITEM('') );
#1141 = CARTESIAN_POINT('',(-33.5,3.06587670985));
#1142 = CARTESIAN_POINT('',(-28.18974576879,61.089578763407));
#1143 = CARTESIAN_POINT('',(19.405127115601,27.478912671854));
#1144 = CARTESIAN_POINT('',(67.,-6.1317534197));
#1145 = CARTESIAN_POINT('',(14.094872884399,-30.5447893817));
#1146 = CARTESIAN_POINT('',(-38.8102542312,-54.9578253437));
#1147 = CARTESIAN_POINT('',(-33.5,3.06587670985));
#1148 = ( GEOMETRIC_REPRESENTATION_CONTEXT(2) 
PARAMETRIC_REPRESENTATION_CONTEXT() REPRESENTATION_CONTEXT('2D SPACE',''
  ) );
#1149 = PCURVE('',#1150,#1155);
#1150 = CYLINDRICAL_SURFACE('',#1151,33.64);
#1151 = AXIS2_PLACEMENT_3D('',#1152,#1153,#1154);
#1152 = CARTESIAN_POINT('',(0.,0.,28.86));
#1153 = DIRECTION('',(-0.,-0.,-1.));
#1154 = DIRECTION('',(1.,0.,0.));
#1155 = DEFINITIONAL_REPRESENTATION('',(#1156),#1160);
#1156 = LINE('',#1157,#1158);
#1157 = CARTESIAN_POINT('',(-9.333513486885,28.));
#1158 = VECTOR('',#1159,1.);
#1159 = DIRECTION('',(1.,-0.));
#1160 = ( GEOMETRIC_REPRESENTATION_CONTEXT(2) 
PARAMETRIC_REPRESENTATION_CONTEXT() REPRESENTATION_CONTEXT('2D SPACE',''
  ) );
#1161 = FACE_BOUND('',#1162,.T.);
#1162 = EDGE_LOOP('',(#1163));
#1163 = ORIENTED_EDGE('',*,*,#1069,.T.);
#1164 = ADVANCED_FACE('',(#1165),#1150,.F.);
#1165 = FACE_BOUND('',#1166,.T.);
#1166 = EDGE_LOOP('',(#1167,#1168,#1189,#1415,#1441,#1469,#1492,#1513,
    #1623,#1733));
#1167 = ORIENTED_EDGE('',*,*,#1131,.T.);
#1168 = ORIENTED_EDGE('',*,*,#1169,.F.);
#1169 = EDGE_CURVE('',#1170,#1106,#1172,.T.);
#1170 = VERTEX_POINT('',#1171);
#1171 = CARTESIAN_POINT('',(-33.5,-3.06587670985,1.777743500271));
#1172 = SURFACE_CURVE('',#1173,(#1177,#1183),.PCURVE_S1.);
#1173 = LINE('',#1174,#1175);
#1174 = CARTESIAN_POINT('',(-33.5,-3.06587670985,28.86));
#1175 = VECTOR('',#1176,1.);
#1176 = DIRECTION('',(-0.,-0.,-1.));
#1177 = PCURVE('',#1150,#1178);
#1178 = DEFINITIONAL_REPRESENTATION('',(#1179),#1182);
#1179 = B_SPLINE_CURVE_WITH_KNOTS('',1,(#1180,#1181),.UNSPECIFIED.,.F.,
  .F.,(2,2),(27.082256499729,28.),.PIECEWISE_BEZIER_KNOTS.);
#1180 = CARTESIAN_POINT('',(-3.232857127474,27.082256499729));
#1181 = CARTESIAN_POINT('',(-3.232857127474,28.));
#1182 = ( GEOMETRIC_REPRESENTATION_CONTEXT(2) 
PARAMETRIC_REPRESENTATION_CONTEXT() REPRESENTATION_CONTEXT('2D SPACE',''
  ) );
#1183 = PCURVE('',#1120,#1184);
#1184 = DEFINITIONAL_REPRESENTATION('',(#1185),#1188);
#1185 = B_SPLINE_CURVE_WITH_KNOTS('',1,(#1186,#1187),.UNSPECIFIED.,.F.,
  .F.,(2,2),(-5.999999999062E-07,28.0000006),.PIECEWISE_BEZIER_KNOTS.);
#1186 = CARTESIAN_POINT('',(-10.6000006,3.06587670985));
#1187 = CARTESIAN_POINT('',(17.4000006,3.06587670985));
#1188 = ( GEOMETRIC_REPRESENTATION_CONTEXT(2) 
PARAMETRIC_REPRESENTATION_CONTEXT() REPRESENTATION_CONTEXT('2D SPACE',''
  ) );
#1189 = ORIENTED_EDGE('',*,*,#1190,.T.);
#1190 = EDGE_CURVE('',#1170,#1191,#1193,.T.);
#1191 = VERTEX_POINT('',#1192);
#1192 = CARTESIAN_POINT('',(-33.5,-3.06587670985,27.842256499729));
#1193 = SURFACE_CURVE('',#1194,(#1263,#1335),.PCURVE_S1.);
#1194 = B_SPLINE_CURVE_WITH_KNOTS('',7,(#1195,#1196,#1197,#1198,#1199,
    #1200,#1201,#1202,#1203,#1204,#1205,#1206,#1207,#1208,#1209,#1210,
    #1211,#1212,#1213,#1214,#1215,#1216,#1217,#1218,#1219,#1220,#1221,
    #1222,#1223,#1224,#1225,#1226,#1227,#1228,#1229,#1230,#1231,#1232,
    #1233,#1234,#1235,#1236,#1237,#1238,#1239,#1240,#1241,#1242,#1243,
    #1244,#1245,#1246,#1247,#1248,#1249,#1250,#1251,#1252,#1253,#1254,
    #1255,#1256,#1257,#1258,#1259,#1260,#1261,#1262),.UNSPECIFIED.,.F.,
  .F.,(8,6,6,6,6,6,6,6,6,6,6,8),(0.,9.254927674952E-02,0.142123933565,
    0.252574511602,0.381518806913,0.500856464318,0.578063074,
    0.618646227473,0.747550778283,0.857998229049,0.907580537955,1.),
  .UNSPECIFIED.);
#1195 = CARTESIAN_POINT('',(-33.5,-3.06587670985,1.777743500271));
#1196 = CARTESIAN_POINT('',(-33.43912658803,-3.731023907117,
    1.873012435084));
#1197 = CARTESIAN_POINT('',(-33.36357847411,-4.38675044872,1.99185848327
    ));
#1198 = CARTESIAN_POINT('',(-33.27426570016,-5.030480469647,
    2.133405080702));
#1199 = CARTESIAN_POINT('',(-33.1723581367,-5.660187613165,
    2.296550855211));
#1200 = CARTESIAN_POINT('',(-33.05916735027,-6.274293418856,
    2.480101221879));
#1201 = CARTESIAN_POINT('',(-32.93606084338,-6.871591765275,
    2.682863529592));
#1202 = CARTESIAN_POINT('',(-32.73388827293,-7.761670166816,
    3.022001418288));
#1203 = CARTESIAN_POINT('',(-32.66091316505,-8.067076615786,
    3.145489264674));
#1204 = CARTESIAN_POINT('',(-32.58569136559,-8.367292340459,
    3.274000028495));
#1205 = CARTESIAN_POINT('',(-32.50843083675,-8.662213393268,
    3.407369922808));
#1206 = CARTESIAN_POINT('',(-32.42933804838,-8.951755723611,
    3.54544264095));
#1207 = CARTESIAN_POINT('',(-32.34861654572,-9.235852648705,
    3.68807135426));
#1208 = CARTESIAN_POINT('',(-32.08343593743,-10.13516252605,
    4.16274146127));
#1209 = CARTESIAN_POINT('',(-31.89334249167,-10.72847760102,
    4.512248583831));
#1210 = CARTESIAN_POINT('',(-31.69835086131,-11.29398735096,
    4.88220745637));
#1211 = CARTESIAN_POINT('',(-31.50059647139,-11.83133771295,
    5.271352207728));
#1212 = CARTESIAN_POINT('',(-31.30217286406,-12.34022291433,
    5.678584211137));
#1213 = CARTESIAN_POINT('',(-31.10512940295,-12.82035374034,
    6.102991363019));
#1214 = CARTESIAN_POINT('',(-30.68540249846,-13.79797307452,
    7.058608177585));
#1215 = CARTESIAN_POINT('',(-30.46402000432,-14.28474473774,
    7.595643554991));
#1216 = CARTESIAN_POINT('',(-30.25053096713,-14.73123077327,
    8.153872509055));
#1217 = CARTESIAN_POINT('',(-30.04827333036,-15.13638124778,
    8.732113655826));
#1218 = CARTESIAN_POINT('',(-29.86069501744,-15.49883188345,
    9.329024837779));
#1219 = CARTESIAN_POINT('',(-29.69122387943,-15.8169807541,
    9.943031656329));
#1220 = CARTESIAN_POINT('',(-29.40580551794,-16.34106722101,
    11.154443243841));
#1221 = CARTESIAN_POINT('',(-29.28680536197,-16.55360972747,
    11.749701914969));
#1222 = CARTESIAN_POINT('',(-29.18857357794,-16.72529129653,
    12.355996584345));
#1223 = CARTESIAN_POINT('',(-29.11339103445,-16.85474380322,
    12.971073348199));
#1224 = CARTESIAN_POINT('',(-29.06301742041,-16.94086115128,
    13.592336242251));
#1225 = CARTESIAN_POINT('',(-29.03840142505,-16.9829575569,
    14.216794424786));
#1226 = CARTESIAN_POINT('',(-29.04020427144,-16.97987449426,
    15.244843910592));
#1227 = CARTESIAN_POINT('',(-29.05167393269,-16.96025990681,
    15.648659550188));
#1228 = CARTESIAN_POINT('',(-29.07390037654,-16.92224291737,
    16.051560431283));
#1229 = CARTESIAN_POINT('',(-29.1067106574,-16.86594214458,
    16.452712665744));
#1230 = CARTESIAN_POINT('',(-29.14978084013,-16.79156866649,
    16.85133678395));
#1231 = CARTESIAN_POINT('',(-29.20265843479,-16.6994075689,
    17.246704598054));
#1232 = CARTESIAN_POINT('',(-29.29744904439,-16.5321948079,
    17.843889600538));
#1233 = CARTESIAN_POINT('',(-29.33266604837,-16.46976281097,
    18.048562212155));
#1234 = CARTESIAN_POINT('',(-29.37036166788,-16.40255858124,
    18.252060196182));
#1235 = CARTESIAN_POINT('',(-29.41044979183,-16.33063354495,
    18.454296690325));
#1236 = CARTESIAN_POINT('',(-29.4528388062,-16.25404099104,
    18.655191312171));
#1237 = CARTESIAN_POINT('',(-29.49743286447,-16.17283497376,
    18.854669716096));
#1238 = CARTESIAN_POINT('',(-29.69246762349,-15.81465084376,
    19.681551062948));
#1239 = CARTESIAN_POINT('',(-29.86201437869,-15.49629813074,
    20.295299255536));
#1240 = CARTESIAN_POINT('',(-30.04964149972,-15.13367425111,
    20.891951482181));
#1241 = CARTESIAN_POINT('',(-30.25192356221,-14.7283787736,
    21.469936094555));
#1242 = CARTESIAN_POINT('',(-30.46541550319,-14.28177363034,
    22.027912723244));
#1243 = CARTESIAN_POINT('',(-30.68678217527,-13.79490665069,
    22.564701009536));
#1244 = CARTESIAN_POINT('',(-31.10650382169,-12.81702562571,
    23.519992982006));
#1245 = CARTESIAN_POINT('',(-31.30356404588,-12.3367062415,
    23.94431165582));
#1246 = CARTESIAN_POINT('',(-31.50199427462,-11.82763215357,
    24.351449737163));
#1247 = CARTESIAN_POINT('',(-31.69974489103,-11.29009231102,
    24.740494442367));
#1248 = CARTESIAN_POINT('',(-31.89472195649,-10.72439256382,
    25.11034623642));
#1249 = CARTESIAN_POINT('',(-32.0847895397,-10.13088751214,
    25.459738189649));
#1250 = CARTESIAN_POINT('',(-32.34993054461,-9.231253198513,
    25.934254928934));
#1251 = CARTESIAN_POINT('',(-32.43064722678,-8.947018874043,
    26.076851189789));
#1252 = CARTESIAN_POINT('',(-32.50973213017,-8.657337536042,
    26.214887806145));
#1253 = CARTESIAN_POINT('',(-32.5869815493,-8.362276053529,
    26.348217765451));
#1254 = CARTESIAN_POINT('',(-32.6621888561,-8.061918709779,
    26.476684574824));
#1255 = CARTESIAN_POINT('',(-32.73514593746,-7.756369737434,
    26.600124264608));
#1256 = CARTESIAN_POINT('',(-32.93705141135,-6.866783863829,
    26.938767902895));
#1257 = CARTESIAN_POINT('',(-33.05992631723,-6.270174323469,
    27.141129483887));
#1258 = CARTESIAN_POINT('',(-33.17290480147,-5.656808686369,
    27.324324295521));
#1259 = CARTESIAN_POINT('',(-33.27462505968,-5.027889788708,
    27.48716444173));
#1260 = CARTESIAN_POINT('',(-33.36378115569,-4.384991047725,
    27.628460358871));
#1261 = CARTESIAN_POINT('',(-33.43920825958,-3.730131504362,
    27.74711538363));
#1262 = CARTESIAN_POINT('',(-33.5,-3.06587670985,27.842256499729));
#1263 = PCURVE('',#1150,#1264);
#1264 = DEFINITIONAL_REPRESENTATION('',(#1265),#1334);
#1265 = B_SPLINE_CURVE_WITH_KNOTS('',7,(#1266,#1267,#1268,#1269,#1270,
    #1271,#1272,#1273,#1274,#1275,#1276,#1277,#1278,#1279,#1280,#1281,
    #1282,#1283,#1284,#1285,#1286,#1287,#1288,#1289,#1290,#1291,#1292,
    #1293,#1294,#1295,#1296,#1297,#1298,#1299,#1300,#1301,#1302,#1303,
    #1304,#1305,#1306,#1307,#1308,#1309,#1310,#1311,#1312,#1313,#1314,
    #1315,#1316,#1317,#1318,#1319,#1320,#1321,#1322,#1323,#1324,#1325,
    #1326,#1327,#1328,#1329,#1330,#1331,#1332,#1333),.UNSPECIFIED.,.F.,
  .F.,(8,6,6,6,6,6,6,6,6,6,6,8),(0.,9.254927674952E-02,0.142123933565,
    0.252574511602,0.381518806913,0.500856464318,0.578063074,
    0.618646227473,0.747550778283,0.857998229049,0.907580537955,1.),
  .UNSPECIFIED.);
#1266 = CARTESIAN_POINT('',(-3.232857127474,27.082256499729));
#1267 = CARTESIAN_POINT('',(-3.252712267691,26.986987564916));
#1268 = CARTESIAN_POINT('',(-3.272328283866,26.86814151673));
#1269 = CARTESIAN_POINT('',(-3.291639259251,26.726594919298));
#1270 = CARTESIAN_POINT('',(-3.310593398087,26.563449144789));
#1271 = CARTESIAN_POINT('',(-3.329149488161,26.379898778121));
#1272 = CARTESIAN_POINT('',(-3.347274627655,26.177136470408));
#1273 = CARTESIAN_POINT('',(-3.37440751734,25.837998581712));
#1274 = CARTESIAN_POINT('',(-3.383741174618,25.714510735326));
#1275 = CARTESIAN_POINT('',(-3.392940541515,25.585999971505));
#1276 = CARTESIAN_POINT('',(-3.402002445804,25.452630077192));
#1277 = CARTESIAN_POINT('',(-3.410924130596,25.31455735905));
#1278 = CARTESIAN_POINT('',(-3.419703195304,25.17192864574));
#1279 = CARTESIAN_POINT('',(-3.447574542938,24.69725853873));
#1280 = CARTESIAN_POINT('',(-3.466089828345,24.34775141617));
#1281 = CARTESIAN_POINT('',(-3.483865116716,23.977792543629));
#1282 = CARTESIAN_POINT('',(-3.500880059868,23.588647792272));
#1283 = CARTESIAN_POINT('',(-3.517112554232,23.181415788864));
#1284 = CARTESIAN_POINT('',(-3.532538350877,22.757008636981));
#1285 = CARTESIAN_POINT('',(-3.564164768884,21.801391822415));
#1286 = CARTESIAN_POINT('',(-3.58005739917,21.264356445008));
#1287 = CARTESIAN_POINT('',(-3.594765108949,20.706127490947));
#1288 = CARTESIAN_POINT('',(-3.608223298648,20.127886344172));
#1289 = CARTESIAN_POINT('',(-3.620353648695,19.530975162222));
#1290 = CARTESIAN_POINT('',(-3.63106873006,18.916968343671));
#1291 = CARTESIAN_POINT('',(-3.648808519259,17.705556756159));
#1292 = CARTESIAN_POINT('',(-3.656049059689,17.110298085031));
#1293 = CARTESIAN_POINT('',(-3.661928618424,16.504003415655));
#1294 = CARTESIAN_POINT('',(-3.666378690158,15.8889266518));
#1295 = CARTESIAN_POINT('',(-3.669344450618,15.26766375775));
#1296 = CARTESIAN_POINT('',(-3.670794073325,14.643205575214));
#1297 = CARTESIAN_POINT('',(-3.670687905414,13.615156089408));
#1298 = CARTESIAN_POINT('',(-3.670012462436,13.211340449812));
#1299 = CARTESIAN_POINT('',(-3.66870337859,12.808439568717));
#1300 = CARTESIAN_POINT('',(-3.66676629553,12.407287334256));
#1301 = CARTESIAN_POINT('',(-3.66421148676,12.00866321605));
#1302 = CARTESIAN_POINT('',(-3.661052996769,11.613295401946));
#1303 = CARTESIAN_POINT('',(-3.655339210303,11.016110399462));
#1304 = CARTESIAN_POINT('',(-3.653208424819,10.811437787845));
#1305 = CARTESIAN_POINT('',(-3.650917879402,10.607939803818));
#1306 = CARTESIAN_POINT('',(-3.648470144667,10.405703309675));
#1307 = CARTESIAN_POINT('',(-3.645867907328,10.204808687829));
#1308 = CARTESIAN_POINT('',(-3.64311391962,10.005330283904));
#1309 = CARTESIAN_POINT('',(-3.630990222232,9.178448937052));
#1310 = CARTESIAN_POINT('',(-3.620268737189,8.564700744464));
#1311 = CARTESIAN_POINT('',(-3.608133149112,7.968048517819));
#1312 = CARTESIAN_POINT('',(-3.594670781443,7.390063905446));
#1313 = CARTESIAN_POINT('',(-3.579959842228,6.832087276755));
#1314 = CARTESIAN_POINT('',(-3.564064828195,6.295298990464));
#1315 = CARTESIAN_POINT('',(-3.532431323497,5.340007017994));
#1316 = CARTESIAN_POINT('',(-3.517000154397,4.915688344181));
#1317 = CARTESIAN_POINT('',(-3.500762361371,4.508550262837));
#1318 = CARTESIAN_POINT('',(-3.483742176425,4.119505557633));
#1319 = CARTESIAN_POINT('',(-3.465961695231,3.74965376358));
#1320 = CARTESIAN_POINT('',(-3.44744127009,3.400261810351));
#1321 = CARTESIAN_POINT('',(-3.41956100458,2.925745071066));
#1322 = CARTESIAN_POINT('',(-3.410778050636,2.783148810211));
#1323 = CARTESIAN_POINT('',(-3.401852442341,2.645112193855));
#1324 = CARTESIAN_POINT('',(-3.392786584619,2.511782234549));
#1325 = CARTESIAN_POINT('',(-3.383583239834,2.383315425176));
#1326 = CARTESIAN_POINT('',(-3.374245586992,2.259875735392));
#1327 = CARTESIAN_POINT('',(-3.347128733061,1.921232097105));
#1328 = CARTESIAN_POINT('',(-3.329025025142,1.718870516113));
#1329 = CARTESIAN_POINT('',(-3.310491693314,1.535675704479));
#1330 = CARTESIAN_POINT('',(-3.291561542792,1.37283555827));
#1331 = CARTESIAN_POINT('',(-3.272275651589,1.231539641129));
#1332 = CARTESIAN_POINT('',(-3.252685628802,1.11288461637));
#1333 = CARTESIAN_POINT('',(-3.232857127474,1.017743500271));
#1334 = ( GEOMETRIC_REPRESENTATION_CONTEXT(2) 
PARAMETRIC_REPRESENTATION_CONTEXT() REPRESENTATION_CONTEXT('2D SPACE',''
  ) );
#1335 = PCURVE('',#1336,#1344);
#1336 = SURFACE_OF_LINEAR_EXTRUSION('',#1337,#1342);
#1337 = ELLIPSE('',#1338,16.981132075472,13.25);
#1338 = AXIS2_PLACEMENT_3D('',#1339,#1340,#1341);
#1339 = CARTESIAN_POINT('',(-35.5,0.,14.81));
#1340 = DIRECTION('',(1.,0.,0.));
#1341 = DIRECTION('',(-0.,1.,0.));
#1342 = VECTOR('',#1343,1.);
#1343 = DIRECTION('',(-1.,-0.,-0.));
#1344 = DEFINITIONAL_REPRESENTATION('',(#1345),#1414);
#1345 = B_SPLINE_CURVE_WITH_KNOTS('',7,(#1346,#1347,#1348,#1349,#1350,
    #1351,#1352,#1353,#1354,#1355,#1356,#1357,#1358,#1359,#1360,#1361,
    #1362,#1363,#1364,#1365,#1366,#1367,#1368,#1369,#1370,#1371,#1372,
    #1373,#1374,#1375,#1376,#1377,#1378,#1379,#1380,#1381,#1382,#1383,
    #1384,#1385,#1386,#1387,#1388,#1389,#1390,#1391,#1392,#1393,#1394,
    #1395,#1396,#1397,#1398,#1399,#1400,#1401,#1402,#1403,#1404,#1405,
    #1406,#1407,#1408,#1409,#1410,#1411,#1412,#1413),.UNSPECIFIED.,.F.,
  .F.,(8,6,6,6,6,6,6,6,6,6,6,8),(0.,9.254927674952E-02,0.142123933565,
    0.252574511602,0.381518806913,0.500856464318,0.578063074,
    0.618646227473,0.747550778283,0.857998229049,0.907580537955,1.),
  .UNSPECIFIED.);
#1346 = CARTESIAN_POINT('',(4.530847360675,-2.));
#1347 = CARTESIAN_POINT('',(4.491023130927,-2.060873411962));
#1348 = CARTESIAN_POINT('',(4.451423307632,-2.136421525882));
#1349 = CARTESIAN_POINT('',(4.412105781757,-2.225734299837));
#1350 = CARTESIAN_POINT('',(4.373105221958,-2.327641863297));
#1351 = CARTESIAN_POINT('',(4.334440560757,-2.440832649722));
#1352 = CARTESIAN_POINT('',(4.296118656564,-2.563939156614));
#1353 = CARTESIAN_POINT('',(4.237787459373,-2.766111727066));
#1354 = CARTESIAN_POINT('',(4.217536832761,-2.839086834942));
#1355 = CARTESIAN_POINT('',(4.197380775991,-2.914308634403));
#1356 = CARTESIAN_POINT('',(4.177317053396,-2.991569163248));
#1357 = CARTESIAN_POINT('',(4.157342683626,-3.070661951618));
#1358 = CARTESIAN_POINT('',(4.137453953925,-3.151383454277));
#1359 = CARTESIAN_POINT('',(4.07351598303,-3.416564062561));
#1360 = CARTESIAN_POINT('',(4.029796278225,-3.606657508325));
#1361 = CARTESIAN_POINT('',(3.986427701065,-3.801649138689));
#1362 = CARTESIAN_POINT('',(3.943352241013,-3.999403528603));
#1363 = CARTESIAN_POINT('',(3.900510488045,-4.197827135937));
#1364 = CARTESIAN_POINT('',(3.857838060569,-4.394870597047));
#1365 = CARTESIAN_POINT('',(3.765555902394,-4.814597501533));
#1366 = CARTESIAN_POINT('',(3.715996245386,-5.03597999568));
#1367 = CARTESIAN_POINT('',(3.666465992793,-5.249469032866));
#1368 = CARTESIAN_POINT('',(3.616877929963,-5.451726669638));
#1369 = CARTESIAN_POINT('',(3.567162073379,-5.639304982553));
#1370 = CARTESIAN_POINT('',(3.517263789781,-5.808776120564));
#1371 = CARTESIAN_POINT('',(3.420767851964,-6.094194482059));
#1372 = CARTESIAN_POINT('',(3.374199262553,-6.213194638024));
#1373 = CARTESIAN_POINT('',(3.327448174341,-6.311426422054));
#1374 = CARTESIAN_POINT('',(3.280532560207,-6.386608965544));
#1375 = CARTESIAN_POINT('',(3.233485999007,-6.436982579586));
#1376 = CARTESIAN_POINT('',(3.186363012525,-6.461598574943));
#1377 = CARTESIAN_POINT('',(3.108774159663,-6.459795728552));
#1378 = CARTESIAN_POINT('',(3.078294889722,-6.448326067308));
#1379 = CARTESIAN_POINT('',(3.047835871103,-6.426099623452));
#1380 = CARTESIAN_POINT('',(3.0174138209,-6.393289342598));
#1381 = CARTESIAN_POINT('',(2.98704227537,-6.35021915987));
#1382 = CARTESIAN_POINT('',(2.956732412376,-6.297341565209));
#1383 = CARTESIAN_POINT('',(2.910598706358,-6.202550955607));
#1384 = CARTESIAN_POINT('',(2.894722951104,-6.167333951629));
#1385 = CARTESIAN_POINT('',(2.878867257909,-6.12963833212));
#1386 = CARTESIAN_POINT('',(2.863032193717,-6.089550208164));
#1387 = CARTESIAN_POINT('',(2.847217953927,-6.047161193795));
#1388 = CARTESIAN_POINT('',(2.831424385651,-6.002567135528));
#1389 = CARTESIAN_POINT('',(2.765549932012,-5.807532376501));
#1390 = CARTESIAN_POINT('',(2.715665170669,-5.637985621309));
#1391 = CARTESIAN_POINT('',(2.665962494366,-5.450358500274));
#1392 = CARTESIAN_POINT('',(2.616387205031,-5.24807643778));
#1393 = CARTESIAN_POINT('',(2.566869295607,-5.034584496807));
#1394 = CARTESIAN_POINT('',(2.517321562719,-4.813217824726));
#1395 = CARTESIAN_POINT('',(2.425048946915,-4.393496178306));
#1396 = CARTESIAN_POINT('',(2.382374182405,-4.196435954117));
#1397 = CARTESIAN_POINT('',(2.339529751699,-3.998005725376));
#1398 = CARTESIAN_POINT('',(2.296451268231,-3.800255108964));
#1399 = CARTESIAN_POINT('',(2.253079329647,-3.605278043504));
#1400 = CARTESIAN_POINT('',(2.209355947335,-3.4152104603));
#1401 = CARTESIAN_POINT('',(2.145408633491,-3.150069455386));
#1402 = CARTESIAN_POINT('',(2.125514427786,-3.069352773218));
#1403 = CARTESIAN_POINT('',(2.105534500063,-2.990267869821));
#1404 = CARTESIAN_POINT('',(2.085465141056,-2.913018450695));
#1405 = CARTESIAN_POINT('',(2.065303374565,-2.837811143897));
#1406 = CARTESIAN_POINT('',(2.045046971944,-2.764854062536));
#1407 = CARTESIAN_POINT('',(1.986758201892,-2.56294858865));
#1408 = CARTESIAN_POINT('',(1.948485416305,-2.440073682765));
#1409 = CARTESIAN_POINT('',(1.909870819037,-2.327095198525));
#1410 = CARTESIAN_POINT('',(1.870921294814,-2.225374940315));
#1411 = CARTESIAN_POINT('',(1.831655748601,-2.136218844304));
#1412 = CARTESIAN_POINT('',(1.792108745595,-2.060791740415));
#1413 = CARTESIAN_POINT('',(1.752337946505,-2.));
#1414 = ( GEOMETRIC_REPRESENTATION_CONTEXT(2) 
PARAMETRIC_REPRESENTATION_CONTEXT() REPRESENTATION_CONTEXT('2D SPACE',''
  ) );
#1415 = ORIENTED_EDGE('',*,*,#1416,.F.);
#1416 = EDGE_CURVE('',#1417,#1191,#1419,.T.);
#1417 = VERTEX_POINT('',#1418);
#1418 = CARTESIAN_POINT('',(-33.5,-3.06587670985,28.86));
#1419 = SURFACE_CURVE('',#1420,(#1424,#1430),.PCURVE_S1.);
#1420 = LINE('',#1421,#1422);
#1421 = CARTESIAN_POINT('',(-33.5,-3.06587670985,28.86));
#1422 = VECTOR('',#1423,1.);
#1423 = DIRECTION('',(-0.,-0.,-1.));
#1424 = PCURVE('',#1150,#1425);
#1425 = DEFINITIONAL_REPRESENTATION('',(#1426),#1429);
#1426 = B_SPLINE_CURVE_WITH_KNOTS('',1,(#1427,#1428),.UNSPECIFIED.,.F.,
  .F.,(2,2),(-0.,1.017743500271),.PIECEWISE_BEZIER_KNOTS.);
#1427 = CARTESIAN_POINT('',(-3.232857127474,0.));
#1428 = CARTESIAN_POINT('',(-3.232857127474,1.017743500271));
#1429 = ( GEOMETRIC_REPRESENTATION_CONTEXT(2) 
PARAMETRIC_REPRESENTATION_CONTEXT() REPRESENTATION_CONTEXT('2D SPACE',''
  ) );
#1430 = PCURVE('',#1431,#1436);
#1431 = PLANE('',#1432);
#1432 = AXIS2_PLACEMENT_3D('',#1433,#1434,#1435);
#1433 = CARTESIAN_POINT('',(-33.5,0.,18.26));
#1434 = DIRECTION('',(-1.,0.,0.));
#1435 = DIRECTION('',(0.,0.,-1.));
#1436 = DEFINITIONAL_REPRESENTATION('',(#1437),#1440);
#1437 = B_SPLINE_CURVE_WITH_KNOTS('',1,(#1438,#1439),.UNSPECIFIED.,.F.,
  .F.,(2,2),(-5.999999999062E-07,28.0000006),.PIECEWISE_BEZIER_KNOTS.);
#1438 = CARTESIAN_POINT('',(-10.6000006,3.06587670985));
#1439 = CARTESIAN_POINT('',(17.4000006,3.06587670985));
#1440 = ( GEOMETRIC_REPRESENTATION_CONTEXT(2) 
PARAMETRIC_REPRESENTATION_CONTEXT() REPRESENTATION_CONTEXT('2D SPACE',''
  ) );
#1441 = ORIENTED_EDGE('',*,*,#1442,.T.);
#1442 = EDGE_CURVE('',#1417,#1443,#1445,.T.);
#1443 = VERTEX_POINT('',#1444);
#1444 = CARTESIAN_POINT('',(33.64,0.,28.86));
#1445 = SURFACE_CURVE('',#1446,(#1451,#1457),.PCURVE_S1.);
#1446 = CIRCLE('',#1447,33.64);
#1447 = AXIS2_PLACEMENT_3D('',#1448,#1449,#1450);
#1448 = CARTESIAN_POINT('',(0.,0.,28.86));
#1449 = DIRECTION('',(0.,0.,1.));
#1450 = DIRECTION('',(1.,0.,-0.));
#1451 = PCURVE('',#1150,#1452);
#1452 = DEFINITIONAL_REPRESENTATION('',(#1453),#1456);
#1453 = B_SPLINE_CURVE_WITH_KNOTS('',1,(#1454,#1455),.UNSPECIFIED.,.F.,
  .F.,(2,2),(3.232857127474,6.28318530718),.PIECEWISE_BEZIER_KNOTS.);
#1454 = CARTESIAN_POINT('',(-3.232857127474,0.));
#1455 = CARTESIAN_POINT('',(-6.28318530718,0.));
#1456 = ( GEOMETRIC_REPRESENTATION_CONTEXT(2) 
PARAMETRIC_REPRESENTATION_CONTEXT() REPRESENTATION_CONTEXT('2D SPACE',''
  ) );
#1457 = PCURVE('',#1458,#1463);
#1458 = CONICAL_SURFACE('',#1459,25.,0.785398163397);
#1459 = AXIS2_PLACEMENT_3D('',#1460,#1461,#1462);
#1460 = CARTESIAN_POINT('',(0.,0.,37.5));
#1461 = DIRECTION('',(-0.,-0.,-1.));
#1462 = DIRECTION('',(1.,0.,0.));
#1463 = DEFINITIONAL_REPRESENTATION('',(#1464),#1468);
#1464 = LINE('',#1465,#1466);
#1465 = CARTESIAN_POINT('',(-0.,8.64));
#1466 = VECTOR('',#1467,1.);
#1467 = DIRECTION('',(-1.,0.));
#1468 = ( GEOMETRIC_REPRESENTATION_CONTEXT(2) 
PARAMETRIC_REPRESENTATION_CONTEXT() REPRESENTATION_CONTEXT('2D SPACE',''
  ) );
#1469 = ORIENTED_EDGE('',*,*,#1470,.T.);
#1470 = EDGE_CURVE('',#1443,#1471,#1473,.T.);
#1471 = VERTEX_POINT('',#1472);
#1472 = CARTESIAN_POINT('',(-33.5,3.06587670985,28.86));
#1473 = SURFACE_CURVE('',#1474,(#1479,#1485),.PCURVE_S1.);
#1474 = CIRCLE('',#1475,33.64);
#1475 = AXIS2_PLACEMENT_3D('',#1476,#1477,#1478);
#1476 = CARTESIAN_POINT('',(0.,0.,28.86));
#1477 = DIRECTION('',(0.,0.,1.));
#1478 = DIRECTION('',(1.,0.,-0.));
#1479 = PCURVE('',#1150,#1480);
#1480 = DEFINITIONAL_REPRESENTATION('',(#1481),#1484);
#1481 = B_SPLINE_CURVE_WITH_KNOTS('',1,(#1482,#1483),.UNSPECIFIED.,.F.,
  .F.,(2,2),(0.,3.050328179706),.PIECEWISE_BEZIER_KNOTS.);
#1482 = CARTESIAN_POINT('',(-6.28318530718,0.));
#1483 = CARTESIAN_POINT('',(-9.333513486885,0.));
#1484 = ( GEOMETRIC_REPRESENTATION_CONTEXT(2) 
PARAMETRIC_REPRESENTATION_CONTEXT() REPRESENTATION_CONTEXT('2D SPACE',''
  ) );
#1485 = PCURVE('',#1458,#1486);
#1486 = DEFINITIONAL_REPRESENTATION('',(#1487),#1491);
#1487 = LINE('',#1488,#1489);
#1488 = CARTESIAN_POINT('',(-0.,8.64));
#1489 = VECTOR('',#1490,1.);
#1490 = DIRECTION('',(-1.,0.));
#1491 = ( GEOMETRIC_REPRESENTATION_CONTEXT(2) 
PARAMETRIC_REPRESENTATION_CONTEXT() REPRESENTATION_CONTEXT('2D SPACE',''
  ) );
#1492 = ORIENTED_EDGE('',*,*,#1493,.T.);
#1493 = EDGE_CURVE('',#1471,#1494,#1496,.T.);
#1494 = VERTEX_POINT('',#1495);
#1495 = CARTESIAN_POINT('',(-33.5,3.06587670985,27.842256499729));
#1496 = SURFACE_CURVE('',#1497,(#1501,#1507),.PCURVE_S1.);
#1497 = LINE('',#1498,#1499);
#1498 = CARTESIAN_POINT('',(-33.5,3.06587670985,28.86));
#1499 = VECTOR('',#1500,1.);
#1500 = DIRECTION('',(-0.,-0.,-1.));
#1501 = PCURVE('',#1150,#1502);
#1502 = DEFINITIONAL_REPRESENTATION('',(#1503),#1506);
#1503 = B_SPLINE_CURVE_WITH_KNOTS('',1,(#1504,#1505),.UNSPECIFIED.,.F.,
  .F.,(2,2),(-0.,1.017743500271),.PIECEWISE_BEZIER_KNOTS.);
#1504 = CARTESIAN_POINT('',(-9.333513486885,0.));
#1505 = CARTESIAN_POINT('',(-9.333513486885,1.017743500271));
#1506 = ( GEOMETRIC_REPRESENTATION_CONTEXT(2) 
PARAMETRIC_REPRESENTATION_CONTEXT() REPRESENTATION_CONTEXT('2D SPACE',''
  ) );
#1507 = PCURVE('',#1431,#1508);
#1508 = DEFINITIONAL_REPRESENTATION('',(#1509),#1512);
#1509 = B_SPLINE_CURVE_WITH_KNOTS('',1,(#1510,#1511),.UNSPECIFIED.,.F.,
  .F.,(2,2),(-5.999999999062E-07,28.0000006),.PIECEWISE_BEZIER_KNOTS.);
#1510 = CARTESIAN_POINT('',(-10.6000006,-3.06587670985));
#1511 = CARTESIAN_POINT('',(17.4000006,-3.06587670985));
#1512 = ( GEOMETRIC_REPRESENTATION_CONTEXT(2) 
PARAMETRIC_REPRESENTATION_CONTEXT() REPRESENTATION_CONTEXT('2D SPACE',''
  ) );
#1513 = ORIENTED_EDGE('',*,*,#1514,.T.);
#1514 = EDGE_CURVE('',#1494,#1515,#1517,.T.);
#1515 = VERTEX_POINT('',#1516);
#1516 = CARTESIAN_POINT('',(-29.03946889038,16.981132075472,14.81));
#1517 = SURFACE_CURVE('',#1518,(#1551,#1587),.PCURVE_S1.);
#1518 = B_SPLINE_CURVE_WITH_KNOTS('',7,(#1519,#1520,#1521,#1522,#1523,
    #1524,#1525,#1526,#1527,#1528,#1529,#1530,#1531,#1532,#1533,#1534,
    #1535,#1536,#1537,#1538,#1539,#1540,#1541,#1542,#1543,#1544,#1545,
    #1546,#1547,#1548,#1549,#1550),.UNSPECIFIED.,.F.,.F.,(8,6,6,6,6,8),(
    0.,0.18549612608,0.283412394088,0.504355225147,0.761829627861,1.),
  .UNSPECIFIED.);
#1519 = CARTESIAN_POINT('',(-33.5,3.06587670985,27.842256499729));
#1520 = CARTESIAN_POINT('',(-33.43899459059,3.732466207285,
    27.746780984476));
#1521 = CARTESIAN_POINT('',(-33.36325078426,4.389593968927,
    27.627626018105));
#1522 = CARTESIAN_POINT('',(-33.27368457318,5.034667381591,
    27.485673913948));
#1523 = CARTESIAN_POINT('',(-33.17147400988,5.665648198052,
    27.322033688568));
#1524 = CARTESIAN_POINT('',(-33.05793980186,6.280949769612,
    27.137908081747));
#1525 = CARTESIAN_POINT('',(-32.93445869655,6.8793606663,26.934497459055
    ));
#1526 = CARTESIAN_POINT('',(-32.73270604956,7.766489043154,
    26.595989253903));
#1527 = CARTESIAN_POINT('',(-32.66061240882,8.068041557541,
    26.473977193889));
#1528 = CARTESIAN_POINT('',(-32.58632910942,8.364530822385,
    26.347067384178));
#1529 = CARTESIAN_POINT('',(-32.51005645082,8.655856758496,
    26.215417549438));
#1530 = CARTESIAN_POINT('',(-32.43199330849,8.941938233207,
    26.079178291442));
#1531 = CARTESIAN_POINT('',(-32.35233578516,9.222710680614,
    25.938491208722));
#1532 = CARTESIAN_POINT('',(-32.0883684733,10.11957854516,25.46629279755
    ));
#1533 = CARTESIAN_POINT('',(-31.89835271935,10.71363779307,
    25.117174648812));
#1534 = CARTESIAN_POINT('',(-31.70339678006,11.279886918917,
    24.747571683324));
#1535 = CARTESIAN_POINT('',(-31.50563848627,11.817969805379,
    24.358753953974));
#1536 = CARTESIAN_POINT('',(-31.30717337547,12.327580309814,
    23.951823671256));
#1537 = CARTESIAN_POINT('',(-31.11005227319,12.808430094575,
    23.527695634584));
#1538 = CARTESIAN_POINT('',(-30.690486833,13.786651633554,
    22.573561144081));
#1539 = CARTESIAN_POINT('',(-30.46931421813,14.27344705199,
    22.037801665837));
#1540 = CARTESIAN_POINT('',(-30.25595504003,14.720098687721,
    21.480896454005));
#1541 = CARTESIAN_POINT('',(-30.0537301391,15.125566724124,
    20.904020758395));
#1542 = CARTESIAN_POINT('',(-29.86606976285,15.488498643897,
    20.30850726859));
#1543 = CARTESIAN_POINT('',(-29.69638583968,15.807304896933,
    19.695916624475));
#1544 = CARTESIAN_POINT('',(-29.41035750198,16.332885436381,
    18.487524762425));
#1545 = CARTESIAN_POINT('',(-29.29096232747,16.546277181909,
    17.893885231951));
#1546 = CARTESIAN_POINT('',(-29.19218446982,16.719017839223,
    17.289198895164));
#1547 = CARTESIAN_POINT('',(-29.11629962896,16.84974393081,
    16.675694240057));
#1548 = CARTESIAN_POINT('',(-29.06507252745,16.937347178157,
    16.055941168076));
#1549 = CARTESIAN_POINT('',(-29.03946889038,16.981132075472,
    15.432904130765));
#1550 = CARTESIAN_POINT('',(-29.03946889038,16.981132075472,14.81));
#1551 = PCURVE('',#1150,#1552);
#1552 = DEFINITIONAL_REPRESENTATION('',(#1553),#1586);
#1553 = B_SPLINE_CURVE_WITH_KNOTS('',7,(#1554,#1555,#1556,#1557,#1558,
    #1559,#1560,#1561,#1562,#1563,#1564,#1565,#1566,#1567,#1568,#1569,
    #1570,#1571,#1572,#1573,#1574,#1575,#1576,#1577,#1578,#1579,#1580,
    #1581,#1582,#1583,#1584,#1585),.UNSPECIFIED.,.F.,.F.,(8,6,6,6,6,8),(
    0.,0.18549612608,0.283412394088,0.504355225147,0.761829627861,1.),
  .UNSPECIFIED.);
#1554 = CARTESIAN_POINT('',(-9.333513486885,1.017743500271));
#1555 = CARTESIAN_POINT('',(-9.313615292932,1.113219015524));
#1556 = CARTESIAN_POINT('',(-9.293957266591,1.232373981895));
#1557 = CARTESIAN_POINT('',(-9.274605752921,1.374326086052));
#1558 = CARTESIAN_POINT('',(-9.255612851187,1.537966311432));
#1559 = CARTESIAN_POINT('',(-9.237019991618,1.722091918253));
#1560 = CARTESIAN_POINT('',(-9.218860232277,1.925502540945));
#1561 = CARTESIAN_POINT('',(-9.191815622258,2.264010746097));
#1562 = CARTESIAN_POINT('',(-9.18259945958,2.386022806111));
#1563 = CARTESIAN_POINT('',(-9.173514293965,2.512932615822));
#1564 = CARTESIAN_POINT('',(-9.164563180142,2.644582450562));
#1565 = CARTESIAN_POINT('',(-9.155748777159,2.780821708558));
#1566 = CARTESIAN_POINT('',(-9.147073403954,2.921508791278));
#1567 = CARTESIAN_POINT('',(-9.119281882218,3.39370720245));
#1568 = CARTESIAN_POINT('',(-9.100746248152,3.742825351188));
#1569 = CARTESIAN_POINT('',(-9.082950547501,4.112428316676));
#1570 = CARTESIAN_POINT('',(-9.065915148986,4.501246046026));
#1571 = CARTESIAN_POINT('',(-9.04966213382,4.908176328744));
#1572 = CARTESIAN_POINT('',(-9.03421569666,5.332304365416));
#1573 = CARTESIAN_POINT('',(-9.00257472067,6.286438855919));
#1574 = CARTESIAN_POINT('',(-8.98668402449,6.822198334163));
#1575 = CARTESIAN_POINT('',(-8.971973537904,7.379103545995));
#1576 = CARTESIAN_POINT('',(-8.958507342284,7.955979241605));
#1577 = CARTESIAN_POINT('',(-8.946363172397,8.55149273141));
#1578 = CARTESIAN_POINT('',(-8.935627873787,9.164083375525));
#1579 = CARTESIAN_POINT('',(-8.917840407037,10.372475237575));
#1580 = CARTESIAN_POINT('',(-8.910572105252,10.966114768049));
#1581 = CARTESIAN_POINT('',(-8.904657163711,11.570801104836));
#1582 = CARTESIAN_POINT('',(-8.900163872269,12.184305759942));
#1583 = CARTESIAN_POINT('',(-8.897147174641,12.804058831924));
#1584 = CARTESIAN_POINT('',(-8.895639403055,13.427095869235));
#1585 = CARTESIAN_POINT('',(-8.895639403055,14.05));
#1586 = ( GEOMETRIC_REPRESENTATION_CONTEXT(2) 
PARAMETRIC_REPRESENTATION_CONTEXT() REPRESENTATION_CONTEXT('2D SPACE',''
  ) );
#1587 = PCURVE('',#1336,#1588);
#1588 = DEFINITIONAL_REPRESENTATION('',(#1589),#1622);
#1589 = B_SPLINE_CURVE_WITH_KNOTS('',7,(#1590,#1591,#1592,#1593,#1594,
    #1595,#1596,#1597,#1598,#1599,#1600,#1601,#1602,#1603,#1604,#1605,
    #1606,#1607,#1608,#1609,#1610,#1611,#1612,#1613,#1614,#1615,#1616,
    #1617,#1618,#1619,#1620,#1621),.UNSPECIFIED.,.F.,.F.,(8,6,6,6,6,8),(
    0.,0.18549612608,0.283412394088,0.504355225147,0.761829627861,1.),
  .UNSPECIFIED.);
#1590 = CARTESIAN_POINT('',(1.389254707085,-2.));
#1591 = CARTESIAN_POINT('',(1.349344122777,-2.061005409409));
#1592 = CARTESIAN_POINT('',(1.309658930088,-2.136749215738));
#1593 = CARTESIAN_POINT('',(1.270257394601,-2.22631542682));
#1594 = CARTESIAN_POINT('',(1.231174354265,-2.328525990112));
#1595 = CARTESIAN_POINT('',(1.192428787251,-2.44206019814));
#1596 = CARTESIAN_POINT('',(1.154027508728,-2.565541303444));
#1597 = CARTESIAN_POINT('',(1.095873260805,-2.767293950435));
#1598 = CARTESIAN_POINT('',(1.075875170101,-2.83938759118));
#1599 = CARTESIAN_POINT('',(1.055969293108,-2.913670890579));
#1600 = CARTESIAN_POINT('',(1.036153474338,-2.989943549178));
#1601 = CARTESIAN_POINT('',(1.016424847727,-3.068006691505));
#1602 = CARTESIAN_POINT('',(0.996779850241,-3.147664214834));
#1603 = CARTESIAN_POINT('',(0.933065470347,-3.411631526694));
#1604 = CARTESIAN_POINT('',(0.889328524571,-3.60164728065));
#1605 = CARTESIAN_POINT('',(0.845943917734,-3.796603219938));
#1606 = CARTESIAN_POINT('',(0.802853703894,-3.994361513726));
#1607 = CARTESIAN_POINT('',(0.759998485797,-4.192826624528));
#1608 = CARTESIAN_POINT('',(0.717313847118,-4.389947726808));
#1609 = CARTESIAN_POINT('',(0.625096946841,-4.809513166993));
#1610 = CARTESIAN_POINT('',(0.575614685676,-5.030685781863));
#1611 = CARTESIAN_POINT('',(0.526163367702,-5.244044959968));
#1612 = CARTESIAN_POINT('',(0.476655985268,-5.446269860894));
#1613 = CARTESIAN_POINT('',(0.427022589282,-5.633930237144));
#1614 = CARTESIAN_POINT('',(0.377208387559,-5.803614160315));
#1615 = CARTESIAN_POINT('',(0.280900115143,-6.08964249802));
#1616 = CARTESIAN_POINT('',(0.23443530382,-6.209037672524));
#1617 = CARTESIAN_POINT('',(0.187788458711,-6.307815530172));
#1618 = CARTESIAN_POINT('',(0.140976828911,-6.383700371037));
#1619 = CARTESIAN_POINT('',(9.40332926733E-02,-6.434927472549));
#1620 = CARTESIAN_POINT('',(4.701163251054E-02,-6.460531109619));
#1621 = CARTESIAN_POINT('',(0.,-6.460531109619));
#1622 = ( GEOMETRIC_REPRESENTATION_CONTEXT(2) 
PARAMETRIC_REPRESENTATION_CONTEXT() REPRESENTATION_CONTEXT('2D SPACE',''
  ) );
#1623 = ORIENTED_EDGE('',*,*,#1624,.T.);
#1624 = EDGE_CURVE('',#1515,#1625,#1627,.T.);
#1625 = VERTEX_POINT('',#1626);
#1626 = CARTESIAN_POINT('',(-33.5,3.06587670985,1.777743500271));
#1627 = SURFACE_CURVE('',#1628,(#1661,#1697),.PCURVE_S1.);
#1628 = B_SPLINE_CURVE_WITH_KNOTS('',7,(#1629,#1630,#1631,#1632,#1633,
    #1634,#1635,#1636,#1637,#1638,#1639,#1640,#1641,#1642,#1643,#1644,
    #1645,#1646,#1647,#1648,#1649,#1650,#1651,#1652,#1653,#1654,#1655,
    #1656,#1657,#1658,#1659,#1660),.UNSPECIFIED.,.F.,.F.,(8,6,6,6,6,8),(
    0.,0.236759511587,0.494751968146,0.71681157292,0.814748388476,1.),
  .UNSPECIFIED.);
#1629 = CARTESIAN_POINT('',(-29.03946889038,16.981132075472,14.81));
#1630 = CARTESIAN_POINT('',(-29.03946889038,16.981132075472,
    14.19078592067));
#1631 = CARTESIAN_POINT('',(-29.06477007831,16.937864401589,
    13.571441901888));
#1632 = CARTESIAN_POINT('',(-29.11539171603,16.85129653661,
    12.95532171512));
#1633 = CARTESIAN_POINT('',(-29.19039136791,16.72210668204,
    12.345339854111));
#1634 = CARTESIAN_POINT('',(-29.28804486389,16.551378514114,
    11.744026698624));
#1635 = CARTESIAN_POINT('',(-29.40612511204,16.340447837614,
    11.153579422306));
#1636 = CARTESIAN_POINT('',(-29.69030045634,15.818711590673,9.9464174616
    ));
#1637 = CARTESIAN_POINT('',(-29.85975758522,15.5006352227,9.332071913497
    ));
#1638 = CARTESIAN_POINT('',(-30.04735026223,15.138213265987,
    8.734830148954));
#1639 = CARTESIAN_POINT('',(-30.24964633342,14.733050516058,
    8.156269642099));
#1640 = CARTESIAN_POINT('',(-30.4631932596,14.286513874412,
    7.597734773705));
#1641 = CARTESIAN_POINT('',(-30.68464865748,13.799655447469,
    7.060408504227));
#1642 = CARTESIAN_POINT('',(-31.10546867665,12.81962653571,
    6.102146838363));
#1643 = CARTESIAN_POINT('',(-31.30356199552,12.336900827303,
    5.675542536701));
#1644 = CARTESIAN_POINT('',(-31.503044513,11.825118121668,5.266295859066
    ));
#1645 = CARTESIAN_POINT('',(-31.70183437963,11.284571545805,
    4.875334000978));
#1646 = CARTESIAN_POINT('',(-31.89780431488,10.715571885734,
    4.503775002011));
#1647 = CARTESIAN_POINT('',(-32.08878404417,10.118480411741,
    4.152907805034));
#1648 = CARTESIAN_POINT('',(-32.35363022969,9.218172602891,
    3.679218206858));
#1649 = CARTESIAN_POINT('',(-32.43328279179,8.937266956463,
    3.538563114307));
#1650 = CARTESIAN_POINT('',(-32.5113380299,8.65105076363,3.402359340938)
  );
#1651 = CARTESIAN_POINT('',(-32.58759969041,8.359588767574,
    3.270748658971));
#1652 = CARTESIAN_POINT('',(-32.66186874901,8.062962321719,
    3.143881845923));
#1653 = CARTESIAN_POINT('',(-32.73394476422,7.76127177499,3.021916798874
    ));
#1654 = CARTESIAN_POINT('',(-32.93543455178,6.874629778125,
    2.683895091142));
#1655 = CARTESIAN_POINT('',(-33.05868748906,6.276896311822,
    2.480879381826));
#1656 = CARTESIAN_POINT('',(-33.17201251729,5.662322862856,
    2.297104170147));
#1657 = CARTESIAN_POINT('',(-33.2740385224,5.032117624924,2.133765122716
    ));
#1658 = CARTESIAN_POINT('',(-33.36345036525,4.387862271554,
    1.992060014494));
#1659 = CARTESIAN_POINT('',(-33.43907497891,3.731587825948,
    1.873093205095));
#1660 = CARTESIAN_POINT('',(-33.5,3.06587670985,1.777743500271));
#1661 = PCURVE('',#1150,#1662);
#1662 = DEFINITIONAL_REPRESENTATION('',(#1663),#1696);
#1663 = B_SPLINE_CURVE_WITH_KNOTS('',7,(#1664,#1665,#1666,#1667,#1668,
    #1669,#1670,#1671,#1672,#1673,#1674,#1675,#1676,#1677,#1678,#1679,
    #1680,#1681,#1682,#1683,#1684,#1685,#1686,#1687,#1688,#1689,#1690,
    #1691,#1692,#1693,#1694,#1695),.UNSPECIFIED.,.F.,.F.,(8,6,6,6,6,8),(
    0.,0.236759511587,0.494751968146,0.71681157292,0.814748388476,1.),
  .UNSPECIFIED.);
#1664 = CARTESIAN_POINT('',(-8.895639403055,14.05));
#1665 = CARTESIAN_POINT('',(-8.895639403055,14.66921407933));
#1666 = CARTESIAN_POINT('',(-8.897129363628,15.288558098112));
#1667 = CARTESIAN_POINT('',(-8.900110406767,15.904678284879));
#1668 = CARTESIAN_POINT('',(-8.904550993604,16.514660145889));
#1669 = CARTESIAN_POINT('',(-8.91039742099,17.115973301376));
#1670 = CARTESIAN_POINT('',(-8.917582808602,17.706420577694));
#1671 = CARTESIAN_POINT('',(-8.935243570152,18.9135825384));
#1672 = CARTESIAN_POINT('',(-8.945956554191,19.527928086502));
#1673 = CARTESIAN_POINT('',(-8.95808634427,20.125169851047));
#1674 = CARTESIAN_POINT('',(-8.971545370507,20.7037303579));
#1675 = CARTESIAN_POINT('',(-8.986255177707,21.262265226295));
#1676 = CARTESIAN_POINT('',(-9.002151050081,21.799591495773));
#1677 = CARTESIAN_POINT('',(-9.033856106223,22.757853161637));
#1678 = CARTESIAN_POINT('',(-9.049365082688,23.184457463299));
#1679 = CARTESIAN_POINT('',(-9.065689191977,23.593704140934));
#1680 = CARTESIAN_POINT('',(-9.082803827062,23.984665999022));
#1681 = CARTESIAN_POINT('',(-9.100686550084,24.35622499799));
#1682 = CARTESIAN_POINT('',(-9.119316685488,24.707092194966));
#1683 = CARTESIAN_POINT('',(-9.147213680982,25.180781793142));
#1684 = CARTESIAN_POINT('',(-9.155892822682,25.321436885693));
#1685 = CARTESIAN_POINT('',(-9.164711026411,25.457640659062));
#1686 = CARTESIAN_POINT('',(-9.17366596911,25.589251341029));
#1687 = CARTESIAN_POINT('',(-9.18275498654,25.716118154077));
#1688 = CARTESIAN_POINT('',(-9.191975017562,25.838083201126));
#1689 = CARTESIAN_POINT('',(-9.219003796746,26.176104908858));
#1690 = CARTESIAN_POINT('',(-9.237142475544,26.379120618174));
#1691 = CARTESIAN_POINT('',(-9.25571294512,26.562895829853));
#1692 = CARTESIAN_POINT('',(-9.274682242663,26.726234877284));
#1693 = CARTESIAN_POINT('',(-9.294009070364,26.867939985506));
#1694 = CARTESIAN_POINT('',(-9.313641513271,26.986906794905));
#1695 = CARTESIAN_POINT('',(-9.333513486885,27.082256499729));
#1696 = ( GEOMETRIC_REPRESENTATION_CONTEXT(2) 
PARAMETRIC_REPRESENTATION_CONTEXT() REPRESENTATION_CONTEXT('2D SPACE',''
  ) );
#1697 = PCURVE('',#1336,#1698);
#1698 = DEFINITIONAL_REPRESENTATION('',(#1699),#1732);
#1699 = B_SPLINE_CURVE_WITH_KNOTS('',7,(#1700,#1701,#1702,#1703,#1704,
    #1705,#1706,#1707,#1708,#1709,#1710,#1711,#1712,#1713,#1714,#1715,
    #1716,#1717,#1718,#1719,#1720,#1721,#1722,#1723,#1724,#1725,#1726,
    #1727,#1728,#1729,#1730,#1731),.UNSPECIFIED.,.F.,.F.,(8,6,6,6,6,8),(
    0.,0.236759511587,0.494751968146,0.71681157292,0.814748388476,1.),
  .UNSPECIFIED.);
#1700 = CARTESIAN_POINT('',(6.28318530718,-6.460531109619));
#1701 = CARTESIAN_POINT('',(6.236452169117,-6.460531109619));
#1702 = CARTESIAN_POINT('',(6.18970922716,-6.435229921687));
#1703 = CARTESIAN_POINT('',(6.143042869942,-6.384608283964));
#1704 = CARTESIAN_POINT('',(6.096506114341,-6.309608632081));
#1705 = CARTESIAN_POINT('',(6.050131591256,-6.211955136104));
#1706 = CARTESIAN_POINT('',(6.003936675261,-6.09387488796));
#1707 = CARTESIAN_POINT('',(5.907788878817,-5.809699543651));
#1708 = CARTESIAN_POINT('',(5.857868607844,-5.640242414777));
#1709 = CARTESIAN_POINT('',(5.808131104234,-5.452649737765));
#1710 = CARTESIAN_POINT('',(5.758521737134,-5.250353666576));
#1711 = CARTESIAN_POINT('',(5.708970484965,-5.036806740396));
#1712 = CARTESIAN_POINT('',(5.659390056877,-4.815351342515));
#1713 = CARTESIAN_POINT('',(5.566863370043,-4.394531323346));
#1714 = CARTESIAN_POINT('',(5.523966328264,-4.196438004473));
#1715 = CARTESIAN_POINT('',(5.480897927125,-3.996955486997));
#1716 = CARTESIAN_POINT('',(5.437592770454,-3.79816562037));
#1717 = CARTESIAN_POINT('',(5.393990570558,-3.602195685111));
#1718 = CARTESIAN_POINT('',(5.350032487402,-3.411215955826));
#1719 = CARTESIAN_POINT('',(5.286087232988,-3.146369770305));
#1720 = CARTESIAN_POINT('',(5.266436942913,-3.066717208201));
#1721 = CARTESIAN_POINT('',(5.246702945399,-2.988661970097));
#1722 = CARTESIAN_POINT('',(5.22688168078,-2.912400309585));
#1723 = CARTESIAN_POINT('',(5.206970287911,-2.838131250987));
#1724 = CARTESIAN_POINT('',(5.18696661797,-2.766055235776));
#1725 = CARTESIAN_POINT('',(5.128854227,-2.564565448211));
#1726 = CARTESIAN_POINT('',(5.090501285045,-2.441312510933));
#1727 = CARTESIAN_POINT('',(5.051804986763,-2.327987482708));
#1728 = CARTESIAN_POINT('',(5.012772173713,-2.225961477594));
#1729 = CARTESIAN_POINT('',(4.973421797194,-2.136549634749));
#1730 = CARTESIAN_POINT('',(4.933788593246,-2.060925021085));
#1731 = CARTESIAN_POINT('',(4.893930600095,-2.));
#1732 = ( GEOMETRIC_REPRESENTATION_CONTEXT(2) 
PARAMETRIC_REPRESENTATION_CONTEXT() REPRESENTATION_CONTEXT('2D SPACE',''
  ) );
#1733 = ORIENTED_EDGE('',*,*,#1734,.T.);
#1734 = EDGE_CURVE('',#1625,#1104,#1735,.T.);
#1735 = SURFACE_CURVE('',#1736,(#1740,#1746),.PCURVE_S1.);
#1736 = LINE('',#1737,#1738);
#1737 = CARTESIAN_POINT('',(-33.5,3.06587670985,28.86));
#1738 = VECTOR('',#1739,1.);
#1739 = DIRECTION('',(-0.,-0.,-1.));
#1740 = PCURVE('',#1150,#1741);
#1741 = DEFINITIONAL_REPRESENTATION('',(#1742),#1745);
#1742 = B_SPLINE_CURVE_WITH_KNOTS('',1,(#1743,#1744),.UNSPECIFIED.,.F.,
  .F.,(2,2),(27.082256499729,28.),.PIECEWISE_BEZIER_KNOTS.);
#1743 = CARTESIAN_POINT('',(-9.333513486885,27.082256499729));
#1744 = CARTESIAN_POINT('',(-9.333513486885,28.));
#1745 = ( GEOMETRIC_REPRESENTATION_CONTEXT(2) 
PARAMETRIC_REPRESENTATION_CONTEXT() REPRESENTATION_CONTEXT('2D SPACE',''
  ) );
#1746 = PCURVE('',#1120,#1747);
#1747 = DEFINITIONAL_REPRESENTATION('',(#1748),#1751);
#1748 = B_SPLINE_CURVE_WITH_KNOTS('',1,(#1749,#1750),.UNSPECIFIED.,.F.,
  .F.,(2,2),(-5.999999999062E-07,28.0000006),.PIECEWISE_BEZIER_KNOTS.);
#1749 = CARTESIAN_POINT('',(-10.6000006,-3.06587670985));
#1750 = CARTESIAN_POINT('',(17.4000006,-3.06587670985));
#1751 = ( GEOMETRIC_REPRESENTATION_CONTEXT(2) 
PARAMETRIC_REPRESENTATION_CONTEXT() REPRESENTATION_CONTEXT('2D SPACE',''
  ) );
#1752 = ADVANCED_FACE('',(#1753),#1458,.F.);
#1753 = FACE_BOUND('',#1754,.T.);
#1754 = EDGE_LOOP('',(#1755,#1778,#1805,#1806,#1807,#1832));
#1755 = ORIENTED_EDGE('',*,*,#1756,.F.);
#1756 = EDGE_CURVE('',#1757,#1443,#1759,.T.);
#1757 = VERTEX_POINT('',#1758);
#1758 = CARTESIAN_POINT('',(25.,0.,37.5));
#1759 = SEAM_CURVE('',#1760,(#1764,#1771),.PCURVE_S1.);
#1760 = LINE('',#1761,#1762);
#1761 = CARTESIAN_POINT('',(25.,0.,37.5));
#1762 = VECTOR('',#1763,1.);
#1763 = DIRECTION('',(0.707106781187,0.,-0.707106781187));
#1764 = PCURVE('',#1458,#1765);
#1765 = DEFINITIONAL_REPRESENTATION('',(#1766),#1770);
#1766 = LINE('',#1767,#1768);
#1767 = CARTESIAN_POINT('',(-0.,0.));
#1768 = VECTOR('',#1769,1.);
#1769 = DIRECTION('',(-0.,1.));
#1770 = ( GEOMETRIC_REPRESENTATION_CONTEXT(2) 
PARAMETRIC_REPRESENTATION_CONTEXT() REPRESENTATION_CONTEXT('2D SPACE',''
  ) );
#1771 = PCURVE('',#1458,#1772);
#1772 = DEFINITIONAL_REPRESENTATION('',(#1773),#1777);
#1773 = LINE('',#1774,#1775);
#1774 = CARTESIAN_POINT('',(-6.28318530718,0.));
#1775 = VECTOR('',#1776,1.);
#1776 = DIRECTION('',(-0.,1.));
#1777 = ( GEOMETRIC_REPRESENTATION_CONTEXT(2) 
PARAMETRIC_REPRESENTATION_CONTEXT() REPRESENTATION_CONTEXT('2D SPACE',''
  ) );
#1778 = ORIENTED_EDGE('',*,*,#1779,.T.);
#1779 = EDGE_CURVE('',#1757,#1757,#1780,.T.);
#1780 = SURFACE_CURVE('',#1781,(#1786,#1793),.PCURVE_S1.);
#1781 = CIRCLE('',#1782,25.);
#1782 = AXIS2_PLACEMENT_3D('',#1783,#1784,#1785);
#1783 = CARTESIAN_POINT('',(0.,0.,37.5));
#1784 = DIRECTION('',(0.,0.,1.));
#1785 = DIRECTION('',(1.,0.,-0.));
#1786 = PCURVE('',#1458,#1787);
#1787 = DEFINITIONAL_REPRESENTATION('',(#1788),#1792);
#1788 = LINE('',#1789,#1790);
#1789 = CARTESIAN_POINT('',(-0.,0.));
#1790 = VECTOR('',#1791,1.);
#1791 = DIRECTION('',(-1.,0.));
#1792 = ( GEOMETRIC_REPRESENTATION_CONTEXT(2) 
PARAMETRIC_REPRESENTATION_CONTEXT() REPRESENTATION_CONTEXT('2D SPACE',''
  ) );
#1793 = PCURVE('',#1794,#1799);
#1794 = CYLINDRICAL_SURFACE('',#1795,25.);
#1795 = AXIS2_PLACEMENT_3D('',#1796,#1797,#1798);
#1796 = CARTESIAN_POINT('',(0.,0.,38.716223663641));
#1797 = DIRECTION('',(-0.,-0.,-1.));
#1798 = DIRECTION('',(1.,0.,0.));
#1799 = DEFINITIONAL_REPRESENTATION('',(#1800),#1804);
#1800 = LINE('',#1801,#1802);
#1801 = CARTESIAN_POINT('',(-0.,1.216223663641));
#1802 = VECTOR('',#1803,1.);
#1803 = DIRECTION('',(-1.,0.));
#1804 = ( GEOMETRIC_REPRESENTATION_CONTEXT(2) 
PARAMETRIC_REPRESENTATION_CONTEXT() REPRESENTATION_CONTEXT('2D SPACE',''
  ) );
#1805 = ORIENTED_EDGE('',*,*,#1756,.T.);
#1806 = ORIENTED_EDGE('',*,*,#1442,.F.);
#1807 = ORIENTED_EDGE('',*,*,#1808,.F.);
#1808 = EDGE_CURVE('',#1471,#1417,#1809,.T.);
#1809 = SURFACE_CURVE('',#1810,(#1815,#1825),.PCURVE_S1.);
#1810 = HYPERBOLA('',#1811,33.5,33.5);
#1811 = AXIS2_PLACEMENT_3D('',#1812,#1813,#1814);
#1812 = CARTESIAN_POINT('',(-33.5,0.,62.5));
#1813 = DIRECTION('',(-1.,0.,0.));
#1814 = DIRECTION('',(-0.,0.,-1.));
#1815 = PCURVE('',#1458,#1816);
#1816 = DEFINITIONAL_REPRESENTATION('',(#1817),#1824);
#1817 = B_SPLINE_CURVE_WITH_KNOTS('',5,(#1818,#1819,#1820,#1821,#1822,
    #1823),.UNSPECIFIED.,.F.,.F.,(6,6),(-9.139143174412E-02,
    9.139143174411E-02),.PIECEWISE_BEZIER_KNOTS.);
#1818 = CARTESIAN_POINT('',(-3.050328179706,8.64));
#1819 = CARTESIAN_POINT('',(-3.086732614467,8.527922055174));
#1820 = CARTESIAN_POINT('',(-3.123288658744,8.472038977809));
#1821 = CARTESIAN_POINT('',(-3.159896648436,8.472038977809));
#1822 = CARTESIAN_POINT('',(-3.196452692712,8.527922055174));
#1823 = CARTESIAN_POINT('',(-3.232857127474,8.64));
#1824 = ( GEOMETRIC_REPRESENTATION_CONTEXT(2) 
PARAMETRIC_REPRESENTATION_CONTEXT() REPRESENTATION_CONTEXT('2D SPACE',''
  ) );
#1825 = PCURVE('',#1431,#1826);
#1826 = DEFINITIONAL_REPRESENTATION('',(#1827),#1831);
#1827 = ( BOUNDED_CURVE() B_SPLINE_CURVE(2,(#1828,#1829,#1830),
.UNSPECIFIED.,.F.,.F.) B_SPLINE_CURVE_WITH_KNOTS((3,3),(
    -9.139143174412E-02,9.139143174411E-02),.PIECEWISE_BEZIER_KNOTS.) 
CURVE() GEOMETRIC_REPRESENTATION_ITEM() RATIONAL_B_SPLINE_CURVE((1.,
1.004179104478,1.)) REPRESENTATION_ITEM('') );
#1828 = CARTESIAN_POINT('',(-10.6,-3.06587670985));
#1829 = CARTESIAN_POINT('',(-10.87941736028,-4.047007204252E-14));
#1830 = CARTESIAN_POINT('',(-10.6,3.06587670985));
#1831 = ( GEOMETRIC_REPRESENTATION_CONTEXT(2) 
PARAMETRIC_REPRESENTATION_CONTEXT() REPRESENTATION_CONTEXT('2D SPACE',''
  ) );
#1832 = ORIENTED_EDGE('',*,*,#1470,.F.);
#1833 = ADVANCED_FACE('',(#1834),#1794,.F.);
#1834 = FACE_BOUND('',#1835,.T.);
#1835 = EDGE_LOOP('',(#1836,#1865,#1886,#1887));
#1836 = ORIENTED_EDGE('',*,*,#1837,.T.);
#1837 = EDGE_CURVE('',#1838,#1838,#1840,.T.);
#1838 = VERTEX_POINT('',#1839);
#1839 = CARTESIAN_POINT('',(25.,0.,38.716223663641));
#1840 = SURFACE_CURVE('',#1841,(#1846,#1853),.PCURVE_S1.);
#1841 = CIRCLE('',#1842,25.);
#1842 = AXIS2_PLACEMENT_3D('',#1843,#1844,#1845);
#1843 = CARTESIAN_POINT('',(0.,0.,38.716223663641));
#1844 = DIRECTION('',(0.,0.,1.));
#1845 = DIRECTION('',(1.,0.,-0.));
#1846 = PCURVE('',#1794,#1847);
#1847 = DEFINITIONAL_REPRESENTATION('',(#1848),#1852);
#1848 = LINE('',#1849,#1850);
#1849 = CARTESIAN_POINT('',(-0.,0.));
#1850 = VECTOR('',#1851,1.);
#1851 = DIRECTION('',(-1.,0.));
#1852 = ( GEOMETRIC_REPRESENTATION_CONTEXT(2) 
PARAMETRIC_REPRESENTATION_CONTEXT() REPRESENTATION_CONTEXT('2D SPACE',''
  ) );
#1853 = PCURVE('',#1854,#1859);
#1854 = CONICAL_SURFACE('',#1855,34.5,0.785398163397);
#1855 = AXIS2_PLACEMENT_3D('',#1856,#1857,#1858);
#1856 = CARTESIAN_POINT('',(0.,0.,29.216223663641));
#1857 = DIRECTION('',(-0.,-0.,-1.));
#1858 = DIRECTION('',(1.,0.,-0.));
#1859 = DEFINITIONAL_REPRESENTATION('',(#1860),#1864);
#1860 = LINE('',#1861,#1862);
#1861 = CARTESIAN_POINT('',(-0.,-9.5));
#1862 = VECTOR('',#1863,1.);
#1863 = DIRECTION('',(-1.,-0.));
#1864 = ( GEOMETRIC_REPRESENTATION_CONTEXT(2) 
PARAMETRIC_REPRESENTATION_CONTEXT() REPRESENTATION_CONTEXT('2D SPACE',''
  ) );
#1865 = ORIENTED_EDGE('',*,*,#1866,.T.);
#1866 = EDGE_CURVE('',#1838,#1757,#1867,.T.);
#1867 = SEAM_CURVE('',#1868,(#1872,#1879),.PCURVE_S1.);
#1868 = LINE('',#1869,#1870);
#1869 = CARTESIAN_POINT('',(25.,0.,38.716223663641));
#1870 = VECTOR('',#1871,1.);
#1871 = DIRECTION('',(0.,0.,-1.));
#1872 = PCURVE('',#1794,#1873);
#1873 = DEFINITIONAL_REPRESENTATION('',(#1874),#1878);
#1874 = LINE('',#1875,#1876);
#1875 = CARTESIAN_POINT('',(-0.,0.));
#1876 = VECTOR('',#1877,1.);
#1877 = DIRECTION('',(-0.,1.));
#1878 = ( GEOMETRIC_REPRESENTATION_CONTEXT(2) 
PARAMETRIC_REPRESENTATION_CONTEXT() REPRESENTATION_CONTEXT('2D SPACE',''
  ) );
#1879 = PCURVE('',#1794,#1880);
#1880 = DEFINITIONAL_REPRESENTATION('',(#1881),#1885);
#1881 = LINE('',#1882,#1883);
#1882 = CARTESIAN_POINT('',(-6.28318530718,0.));
#1883 = VECTOR('',#1884,1.);
#1884 = DIRECTION('',(-0.,1.));
#1885 = ( GEOMETRIC_REPRESENTATION_CONTEXT(2) 
PARAMETRIC_REPRESENTATION_CONTEXT() REPRESENTATION_CONTEXT('2D SPACE',''
  ) );
#1886 = ORIENTED_EDGE('',*,*,#1779,.F.);
#1887 = ORIENTED_EDGE('',*,*,#1866,.F.);
#1888 = ADVANCED_FACE('',(#1889),#1854,.T.);
#1889 = FACE_BOUND('',#1890,.T.);
#1890 = EDGE_LOOP('',(#1891,#1914,#1942,#1975,#1996,#1997));
#1891 = ORIENTED_EDGE('',*,*,#1892,.F.);
#1892 = EDGE_CURVE('',#1893,#1838,#1895,.T.);
#1893 = VERTEX_POINT('',#1894);
#1894 = CARTESIAN_POINT('',(34.5,0.,29.216223663641));
#1895 = SEAM_CURVE('',#1896,(#1900,#1907),.PCURVE_S1.);
#1896 = LINE('',#1897,#1898);
#1897 = CARTESIAN_POINT('',(34.5,0.,29.216223663641));
#1898 = VECTOR('',#1899,1.);
#1899 = DIRECTION('',(-0.707106781187,0.,0.707106781187));
#1900 = PCURVE('',#1854,#1901);
#1901 = DEFINITIONAL_REPRESENTATION('',(#1902),#1906);
#1902 = LINE('',#1903,#1904);
#1903 = CARTESIAN_POINT('',(-0.,-0.));
#1904 = VECTOR('',#1905,1.);
#1905 = DIRECTION('',(-0.,-1.));
#1906 = ( GEOMETRIC_REPRESENTATION_CONTEXT(2) 
PARAMETRIC_REPRESENTATION_CONTEXT() REPRESENTATION_CONTEXT('2D SPACE',''
  ) );
#1907 = PCURVE('',#1854,#1908);
#1908 = DEFINITIONAL_REPRESENTATION('',(#1909),#1913);
#1909 = LINE('',#1910,#1911);
#1910 = CARTESIAN_POINT('',(-6.28318530718,-0.));
#1911 = VECTOR('',#1912,1.);
#1912 = DIRECTION('',(-0.,-1.));
#1913 = ( GEOMETRIC_REPRESENTATION_CONTEXT(2) 
PARAMETRIC_REPRESENTATION_CONTEXT() REPRESENTATION_CONTEXT('2D SPACE',''
  ) );
#1914 = ORIENTED_EDGE('',*,*,#1915,.T.);
#1915 = EDGE_CURVE('',#1893,#1916,#1918,.T.);
#1916 = VERTEX_POINT('',#1917);
#1917 = CARTESIAN_POINT('',(-33.5,8.246211251235,29.216223663641));
#1918 = SURFACE_CURVE('',#1919,(#1924,#1931),.PCURVE_S1.);
#1919 = CIRCLE('',#1920,34.5);
#1920 = AXIS2_PLACEMENT_3D('',#1921,#1922,#1923);
#1921 = CARTESIAN_POINT('',(0.,0.,29.216223663641));
#1922 = DIRECTION('',(0.,0.,1.));
#1923 = DIRECTION('',(1.,0.,-0.));
#1924 = PCURVE('',#1854,#1925);
#1925 = DEFINITIONAL_REPRESENTATION('',(#1926),#1930);
#1926 = LINE('',#1927,#1928);
#1927 = CARTESIAN_POINT('',(-0.,-0.));
#1928 = VECTOR('',#1929,1.);
#1929 = DIRECTION('',(-1.,-0.));
#1930 = ( GEOMETRIC_REPRESENTATION_CONTEXT(2) 
PARAMETRIC_REPRESENTATION_CONTEXT() REPRESENTATION_CONTEXT('2D SPACE',''
  ) );
#1931 = PCURVE('',#1932,#1937);
#1932 = CYLINDRICAL_SURFACE('',#1933,34.5);
#1933 = AXIS2_PLACEMENT_3D('',#1934,#1935,#1936);
#1934 = CARTESIAN_POINT('',(0.,0.,0.));
#1935 = DIRECTION('',(0.,0.,1.));
#1936 = DIRECTION('',(1.,0.,-0.));
#1937 = DEFINITIONAL_REPRESENTATION('',(#1938),#1941);
#1938 = B_SPLINE_CURVE_WITH_KNOTS('',1,(#1939,#1940),.UNSPECIFIED.,.F.,
  .F.,(2,2),(0.,2.900235547328),.PIECEWISE_BEZIER_KNOTS.);
#1939 = CARTESIAN_POINT('',(6.28318530718,29.216223663641));
#1940 = CARTESIAN_POINT('',(9.183420854507,29.216223663641));
#1941 = ( GEOMETRIC_REPRESENTATION_CONTEXT(2) 
PARAMETRIC_REPRESENTATION_CONTEXT() REPRESENTATION_CONTEXT('2D SPACE',''
  ) );
#1942 = ORIENTED_EDGE('',*,*,#1943,.T.);
#1943 = EDGE_CURVE('',#1916,#1944,#1946,.T.);
#1944 = VERTEX_POINT('',#1945);
#1945 = CARTESIAN_POINT('',(-33.5,-8.246211251235,29.216223663641));
#1946 = SURFACE_CURVE('',#1947,(#1952,#1963),.PCURVE_S1.);
#1947 = HYPERBOLA('',#1948,33.5,33.5);
#1948 = AXIS2_PLACEMENT_3D('',#1949,#1950,#1951);
#1949 = CARTESIAN_POINT('',(-33.5,0.,63.716223663641));
#1950 = DIRECTION('',(-1.,0.,0.));
#1951 = DIRECTION('',(-0.,0.,-1.));
#1952 = PCURVE('',#1854,#1953);
#1953 = DEFINITIONAL_REPRESENTATION('',(#1954),#1962);
#1954 = B_SPLINE_CURVE_WITH_KNOTS('',6,(#1955,#1956,#1957,#1958,#1959,
    #1960,#1961),.UNSPECIFIED.,.F.,.F.,(7,7),(-0.243735126922,
    0.243735126922),.PIECEWISE_BEZIER_KNOTS.);
#1955 = CARTESIAN_POINT('',(-2.900235547328,0.));
#1956 = CARTESIAN_POINT('',(-2.979125660873,-0.669963781982));
#1957 = CARTESIAN_POINT('',(-3.059853725669,-1.06665623392));
#1958 = CARTESIAN_POINT('',(-3.14159265359,-1.198037380836));
#1959 = CARTESIAN_POINT('',(-3.22333158151,-1.06665623392));
#1960 = CARTESIAN_POINT('',(-3.304059646307,-0.669963781982));
#1961 = CARTESIAN_POINT('',(-3.382949759852,-3.552713678801E-15));
#1962 = ( GEOMETRIC_REPRESENTATION_CONTEXT(2) 
PARAMETRIC_REPRESENTATION_CONTEXT() REPRESENTATION_CONTEXT('2D SPACE',''
  ) );
#1963 = PCURVE('',#1964,#1969);
#1964 = PLANE('',#1965);
#1965 = AXIS2_PLACEMENT_3D('',#1966,#1967,#1968);
#1966 = CARTESIAN_POINT('',(-33.5,0.,18.26));
#1967 = DIRECTION('',(-1.,0.,0.));
#1968 = DIRECTION('',(0.,0.,-1.));
#1969 = DEFINITIONAL_REPRESENTATION('',(#1970),#1974);
#1970 = ( BOUNDED_CURVE() B_SPLINE_CURVE(2,(#1971,#1972,#1973),
.UNSPECIFIED.,.F.,.F.) B_SPLINE_CURVE_WITH_KNOTS((3,3),(-0.243735126922,
0.243735126922),.PIECEWISE_BEZIER_KNOTS.) CURVE() 
GEOMETRIC_REPRESENTATION_ITEM() RATIONAL_B_SPLINE_CURVE((1.,
1.029850746269,1.)) REPRESENTATION_ITEM('') );
#1971 = CARTESIAN_POINT('',(-10.95622366364,-8.246211251235));
#1972 = CARTESIAN_POINT('',(-12.92723815639,-1.467138451645E-14));
#1973 = CARTESIAN_POINT('',(-10.95622366364,8.246211251235));
#1974 = ( GEOMETRIC_REPRESENTATION_CONTEXT(2) 
PARAMETRIC_REPRESENTATION_CONTEXT() REPRESENTATION_CONTEXT('2D SPACE',''
  ) );
#1975 = ORIENTED_EDGE('',*,*,#1976,.T.);
#1976 = EDGE_CURVE('',#1944,#1893,#1977,.T.);
#1977 = SURFACE_CURVE('',#1978,(#1983,#1990),.PCURVE_S1.);
#1978 = CIRCLE('',#1979,34.5);
#1979 = AXIS2_PLACEMENT_3D('',#1980,#1981,#1982);
#1980 = CARTESIAN_POINT('',(0.,0.,29.216223663641));
#1981 = DIRECTION('',(0.,0.,1.));
#1982 = DIRECTION('',(1.,0.,-0.));
#1983 = PCURVE('',#1854,#1984);
#1984 = DEFINITIONAL_REPRESENTATION('',(#1985),#1989);
#1985 = LINE('',#1986,#1987);
#1986 = CARTESIAN_POINT('',(-0.,-0.));
#1987 = VECTOR('',#1988,1.);
#1988 = DIRECTION('',(-1.,-0.));
#1989 = ( GEOMETRIC_REPRESENTATION_CONTEXT(2) 
PARAMETRIC_REPRESENTATION_CONTEXT() REPRESENTATION_CONTEXT('2D SPACE',''
  ) );
#1990 = PCURVE('',#1932,#1991);
#1991 = DEFINITIONAL_REPRESENTATION('',(#1992),#1995);
#1992 = B_SPLINE_CURVE_WITH_KNOTS('',1,(#1993,#1994),.UNSPECIFIED.,.F.,
  .F.,(2,2),(3.382949759852,6.28318530718),.PIECEWISE_BEZIER_KNOTS.);
#1993 = CARTESIAN_POINT('',(3.382949759852,29.216223663641));
#1994 = CARTESIAN_POINT('',(6.28318530718,29.216223663641));
#1995 = ( GEOMETRIC_REPRESENTATION_CONTEXT(2) 
PARAMETRIC_REPRESENTATION_CONTEXT() REPRESENTATION_CONTEXT('2D SPACE',''
  ) );
#1996 = ORIENTED_EDGE('',*,*,#1892,.T.);
#1997 = ORIENTED_EDGE('',*,*,#1837,.F.);
#1998 = ADVANCED_FACE('',(#1999),#1964,.F.);
#1999 = FACE_BOUND('',#2000,.F.);
#2000 = EDGE_LOOP('',(#2001,#2024,#2053,#2074,#2562,#3050,#3069,#3070,
    #3091));
#2001 = ORIENTED_EDGE('',*,*,#2002,.F.);
#2002 = EDGE_CURVE('',#2003,#2005,#2007,.T.);
#2003 = VERTEX_POINT('',#2004);
#2004 = CARTESIAN_POINT('',(-33.5,-8.246211251235,0.699817768599));
#2005 = VERTEX_POINT('',#2006);
#2006 = CARTESIAN_POINT('',(-33.5,-8.246211251235,3.227175297605));
#2007 = SURFACE_CURVE('',#2008,(#2012,#2018),.PCURVE_S1.);
#2008 = LINE('',#2009,#2010);
#2009 = CARTESIAN_POINT('',(-33.5,-8.246211251235,0.));
#2010 = VECTOR('',#2011,1.);
#2011 = DIRECTION('',(0.,0.,1.));
#2012 = PCURVE('',#1964,#2013);
#2013 = DEFINITIONAL_REPRESENTATION('',(#2014),#2017);
#2014 = B_SPLINE_CURVE_WITH_KNOTS('',1,(#2015,#2016),.UNSPECIFIED.,.F.,
  .F.,(2,2),(-6.E-07,29.216224263641),.PIECEWISE_BEZIER_KNOTS.);
#2015 = CARTESIAN_POINT('',(18.2600006,8.246211251235));
#2016 = CARTESIAN_POINT('',(-10.95622426364,8.246211251235));
#2017 = ( GEOMETRIC_REPRESENTATION_CONTEXT(2) 
PARAMETRIC_REPRESENTATION_CONTEXT() REPRESENTATION_CONTEXT('2D SPACE',''
  ) );
#2018 = PCURVE('',#1932,#2019);
#2019 = DEFINITIONAL_REPRESENTATION('',(#2020),#2023);
#2020 = B_SPLINE_CURVE_WITH_KNOTS('',1,(#2021,#2022),.UNSPECIFIED.,.F.,
  .F.,(2,2),(0.699817768599,3.227175297605),.PIECEWISE_BEZIER_KNOTS.);
#2021 = CARTESIAN_POINT('',(3.382949759852,0.699817768599));
#2022 = CARTESIAN_POINT('',(3.382949759852,3.227175297605));
#2023 = ( GEOMETRIC_REPRESENTATION_CONTEXT(2) 
PARAMETRIC_REPRESENTATION_CONTEXT() REPRESENTATION_CONTEXT('2D SPACE',''
  ) );
#2024 = ORIENTED_EDGE('',*,*,#2025,.T.);
#2025 = EDGE_CURVE('',#2003,#2026,#2028,.T.);
#2026 = VERTEX_POINT('',#2027);
#2027 = CARTESIAN_POINT('',(-33.5,8.246211251235,0.699817768599));
#2028 = SURFACE_CURVE('',#2029,(#2034,#2041),.PCURVE_S1.);
#2029 = CIRCLE('',#2030,19.4);
#2030 = AXIS2_PLACEMENT_3D('',#2031,#2032,#2033);
#2031 = CARTESIAN_POINT('',(-33.5,0.,18.26));
#2032 = DIRECTION('',(-1.,0.,0.));
#2033 = DIRECTION('',(0.,0.,-1.));
#2034 = PCURVE('',#1964,#2035);
#2035 = DEFINITIONAL_REPRESENTATION('',(#2036),#2040);
#2036 = CIRCLE('',#2037,19.4);
#2037 = AXIS2_PLACEMENT_2D('',#2038,#2039);
#2038 = CARTESIAN_POINT('',(0.,0.));
#2039 = DIRECTION('',(1.,0.));
#2040 = ( GEOMETRIC_REPRESENTATION_CONTEXT(2) 
PARAMETRIC_REPRESENTATION_CONTEXT() REPRESENTATION_CONTEXT('2D SPACE',''
  ) );
#2041 = PCURVE('',#2042,#2047);
#2042 = CYLINDRICAL_SURFACE('',#2043,19.4);
#2043 = AXIS2_PLACEMENT_3D('',#2044,#2045,#2046);
#2044 = CARTESIAN_POINT('',(-33.5,0.,18.26));
#2045 = DIRECTION('',(-1.,0.,0.));
#2046 = DIRECTION('',(0.,0.,-1.));
#2047 = DEFINITIONAL_REPRESENTATION('',(#2048),#2052);
#2048 = LINE('',#2049,#2050);
#2049 = CARTESIAN_POINT('',(0.,0.));
#2050 = VECTOR('',#2051,1.);
#2051 = DIRECTION('',(1.,0.));
#2052 = ( GEOMETRIC_REPRESENTATION_CONTEXT(2) 
PARAMETRIC_REPRESENTATION_CONTEXT() REPRESENTATION_CONTEXT('2D SPACE',''
  ) );
#2053 = ORIENTED_EDGE('',*,*,#2054,.T.);
#2054 = EDGE_CURVE('',#2026,#2055,#2057,.T.);
#2055 = VERTEX_POINT('',#2056);
#2056 = CARTESIAN_POINT('',(-33.5,8.246211251235,3.227175297605));
#2057 = SURFACE_CURVE('',#2058,(#2062,#2068),.PCURVE_S1.);
#2058 = LINE('',#2059,#2060);
#2059 = CARTESIAN_POINT('',(-33.5,8.246211251235,0.));
#2060 = VECTOR('',#2061,1.);
#2061 = DIRECTION('',(0.,0.,1.));
#2062 = PCURVE('',#1964,#2063);
#2063 = DEFINITIONAL_REPRESENTATION('',(#2064),#2067);
#2064 = B_SPLINE_CURVE_WITH_KNOTS('',1,(#2065,#2066),.UNSPECIFIED.,.F.,
  .F.,(2,2),(-6.E-07,29.216224263641),.PIECEWISE_BEZIER_KNOTS.);
#2065 = CARTESIAN_POINT('',(18.2600006,-8.246211251235));
#2066 = CARTESIAN_POINT('',(-10.95622426364,-8.246211251235));
#2067 = ( GEOMETRIC_REPRESENTATION_CONTEXT(2) 
PARAMETRIC_REPRESENTATION_CONTEXT() REPRESENTATION_CONTEXT('2D SPACE',''
  ) );
#2068 = PCURVE('',#1932,#2069);
#2069 = DEFINITIONAL_REPRESENTATION('',(#2070),#2073);
#2070 = B_SPLINE_CURVE_WITH_KNOTS('',1,(#2071,#2072),.UNSPECIFIED.,.F.,
  .F.,(2,2),(0.699817768599,3.227175297605),.PIECEWISE_BEZIER_KNOTS.);
#2071 = CARTESIAN_POINT('',(9.183420854507,0.699817768599));
#2072 = CARTESIAN_POINT('',(9.183420854507,3.227175297605));
#2073 = ( GEOMETRIC_REPRESENTATION_CONTEXT(2) 
PARAMETRIC_REPRESENTATION_CONTEXT() REPRESENTATION_CONTEXT('2D SPACE',''
  ) );
#2074 = ORIENTED_EDGE('',*,*,#2075,.F.);
#2075 = EDGE_CURVE('',#2076,#2055,#2078,.T.);
#2076 = VERTEX_POINT('',#2077);
#2077 = CARTESIAN_POINT('',(-33.5,16.981132075472,14.81));
#2078 = SURFACE_CURVE('',#2079,(#2238,#2400),.PCURVE_S1.);
#2079 = B_SPLINE_CURVE_WITH_KNOTS('',7,(#2080,#2081,#2082,#2083,#2084,
    #2085,#2086,#2087,#2088,#2089,#2090,#2091,#2092,#2093,#2094,#2095,
    #2096,#2097,#2098,#2099,#2100,#2101,#2102,#2103,#2104,#2105,#2106,
    #2107,#2108,#2109,#2110,#2111,#2112,#2113,#2114,#2115,#2116,#2117,
    #2118,#2119,#2120,#2121,#2122,#2123,#2124,#2125,#2126,#2127,#2128,
    #2129,#2130,#2131,#2132,#2133,#2134,#2135,#2136,#2137,#2138,#2139,
    #2140,#2141,#2142,#2143,#2144,#2145,#2146,#2147,#2148,#2149,#2150,
    #2151,#2152,#2153,#2154,#2155,#2156,#2157,#2158,#2159,#2160,#2161,
    #2162,#2163,#2164,#2165,#2166,#2167,#2168,#2169,#2170,#2171,#2172,
    #2173,#2174,#2175,#2176,#2177,#2178,#2179,#2180,#2181,#2182,#2183,
    #2184,#2185,#2186,#2187,#2188,#2189,#2190,#2191,#2192,#2193,#2194,
    #2195,#2196,#2197,#2198,#2199,#2200,#2201,#2202,#2203,#2204,#2205,
    #2206,#2207,#2208,#2209,#2210,#2211,#2212,#2213,#2214,#2215,#2216,
    #2217,#2218,#2219,#2220,#2221,#2222,#2223,#2224,#2225,#2226,#2227,
    #2228,#2229,#2230,#2231,#2232,#2233,#2234,#2235,#2236,#2237),
  .UNSPECIFIED.,.T.,.F.,(8,6,6,6,6,6,6,6,6,6,6,6,6,6,6,6,6,6,6,6,6,6,6,6
    ,6,6,8),(0.,5.683386980357E-02,9.162628567338E-02,0.134617772483,
    0.166194082037,0.190030270949,0.249995139145,0.309960007342,
    0.333796196254,0.365372505809,0.408363992618,0.443156408489,
    0.462139883579,0.499998790028,0.52631164473,0.556842455565,
    0.591634960619,0.634626557629,0.666202948123,0.690039198135,
    0.750004220039,0.809969241944,0.833805491956,0.86538188245,
    0.90837347946,0.943165984514,1.),.UNSPECIFIED.);
#2080 = CARTESIAN_POINT('',(-33.5,16.981132075472,14.81));
#2081 = CARTESIAN_POINT('',(-33.5,16.981132152529,14.036485656074));
#2082 = CARTESIAN_POINT('',(-33.5,16.913613812103,13.262466452324));
#2083 = CARTESIAN_POINT('',(-33.5,16.778421351064,12.495974091962));
#2084 = CARTESIAN_POINT('',(-33.5,16.577902322079,11.743732530156));
#2085 = CARTESIAN_POINT('',(-33.5,16.315799784474,11.011400477984));
#2086 = CARTESIAN_POINT('',(-33.5,15.99687249623,10.303661191554));
#2087 = CARTESIAN_POINT('',(-33.5,15.399893490551,9.208408801791));
#2088 = CARTESIAN_POINT('',(-33.5,15.153888369579,8.803028198393));
#2089 = CARTESIAN_POINT('',(-33.5,14.889732926249,8.408913250094));
#2090 = CARTESIAN_POINT('',(-33.5,14.608617900088,8.026646061165));
#2091 = CARTESIAN_POINT('',(-33.5,14.311721782624,7.656658773492));
#2092 = CARTESIAN_POINT('',(-33.5,14.000177578849,7.299257645797));
#2093 = CARTESIAN_POINT('',(-33.5,13.27328156075,6.528827097543));
#2094 = CARTESIAN_POINT('',(-33.5,12.850793978375,6.12256175107));
#2095 = CARTESIAN_POINT('',(-33.5,12.409556378237,5.73620579624));
#2096 = CARTESIAN_POINT('',(-33.5,11.951428678416,5.369942982225));
#2097 = CARTESIAN_POINT('',(-33.5,11.47812478274,5.023819042753));
#2098 = CARTESIAN_POINT('',(-33.5,10.991186205138,4.697774634283));
#2099 = CARTESIAN_POINT('',(-33.5,10.125282010937,4.166857301179));
#2100 = CARTESIAN_POINT('',(-33.5,9.751994908042,3.952807877608));
#2101 = CARTESIAN_POINT('',(-33.5,9.372637441501,3.749482362168));
#2102 = CARTESIAN_POINT('',(-33.5,8.987719628147,3.556823955944));
#2103 = CARTESIAN_POINT('',(-33.5,8.597717380082,3.374768893554));
#2104 = CARTESIAN_POINT('',(-33.5,8.203071439323,3.203248634283));
#2105 = CARTESIAN_POINT('',(-33.5,7.503077391441,2.920614244482));
#2106 = CARTESIAN_POINT('',(-33.5,7.199555977795,2.805000524397));
#2107 = CARTESIAN_POINT('',(-33.5,6.893797866271,2.695320753057));
#2108 = CARTESIAN_POINT('',(-33.5,6.585971374667,2.591545848909));
#2109 = CARTESIAN_POINT('',(-33.5,6.276237343814,2.493647788755));
#2110 = CARTESIAN_POINT('',(-33.5,5.964749137575,2.401599607754));
#2111 = CARTESIAN_POINT('',(-33.5,4.863993985956,2.098460844286));
#2112 = CARTESIAN_POINT('',(-33.5,4.066221191993,1.918423487464));
#2113 = CARTESIAN_POINT('',(-33.5,3.26057387749,1.774822668807));
#2114 = CARTESIAN_POINT('',(-33.5,2.449173373853,1.667350589727));
#2115 = CARTESIAN_POINT('',(-33.5,1.634030071018,1.595786658439));
#2116 = CARTESIAN_POINT('',(-33.5,0.817044192238,1.559999981265));
#2117 = CARTESIAN_POINT('',(-33.5,-0.817044192234,1.559999981264));
#2118 = CARTESIAN_POINT('',(-33.5,-1.634030071015,1.595786658442));
#2119 = CARTESIAN_POINT('',(-33.5,-2.44917337385,1.667350589725));
#2120 = CARTESIAN_POINT('',(-33.5,-3.260573877487,1.774822668805));
#2121 = CARTESIAN_POINT('',(-33.5,-4.06622119199,1.918423487466));
#2122 = CARTESIAN_POINT('',(-33.5,-4.863993985953,2.098460844284));
#2123 = CARTESIAN_POINT('',(-33.5,-5.964749137572,2.401599607754));
#2124 = CARTESIAN_POINT('',(-33.5,-6.276237343811,2.493647788754));
#2125 = CARTESIAN_POINT('',(-33.5,-6.585971374664,2.591545848908));
#2126 = CARTESIAN_POINT('',(-33.5,-6.893797866268,2.695320753056));
#2127 = CARTESIAN_POINT('',(-33.5,-7.199555977792,2.805000524396));
#2128 = CARTESIAN_POINT('',(-33.5,-7.503077391438,2.920614244481));
#2129 = CARTESIAN_POINT('',(-33.5,-8.20307143932,3.203248634282));
#2130 = CARTESIAN_POINT('',(-33.5,-8.597717380079,3.374768893553));
#2131 = CARTESIAN_POINT('',(-33.5,-8.987719628145,3.556823955943));
#2132 = CARTESIAN_POINT('',(-33.5,-9.372637441499,3.749482362167));
#2133 = CARTESIAN_POINT('',(-33.5,-9.751994908039,3.952807877607));
#2134 = CARTESIAN_POINT('',(-33.5,-10.12528201093,4.166857301178));
#2135 = CARTESIAN_POINT('',(-33.5,-10.99118620513,4.697774634281));
#2136 = CARTESIAN_POINT('',(-33.5,-11.47812478273,5.023819042751));
#2137 = CARTESIAN_POINT('',(-33.5,-11.95142867841,5.369942982224));
#2138 = CARTESIAN_POINT('',(-33.5,-12.40955637823,5.736205796238));
#2139 = CARTESIAN_POINT('',(-33.5,-12.85079397837,6.122561751068));
#2140 = CARTESIAN_POINT('',(-33.5,-13.27328156074,6.528827097542));
#2141 = CARTESIAN_POINT('',(-33.5,-14.00017757884,7.299257645795));
#2142 = CARTESIAN_POINT('',(-33.5,-14.31172178262,7.65665877349));
#2143 = CARTESIAN_POINT('',(-33.5,-14.60861790008,8.026646061163));
#2144 = CARTESIAN_POINT('',(-33.5,-14.88973292624,8.408913250091));
#2145 = CARTESIAN_POINT('',(-33.5,-15.15388836957,8.80302819839));
#2146 = CARTESIAN_POINT('',(-33.5,-15.39989349055,9.20840880179));
#2147 = CARTESIAN_POINT('',(-33.5,-15.75026298143,9.851217414024));
#2148 = CARTESIAN_POINT('',(-33.5,-15.86819624884,10.081264579392));
#2149 = CARTESIAN_POINT('',(-33.5,-15.98018851563,10.314316014526));
#2150 = CARTESIAN_POINT('',(-33.5,-16.0860531977,10.550232930718));
#2151 = CARTESIAN_POINT('',(-33.5,-16.18560955032,10.788860996718));
#2152 = CARTESIAN_POINT('',(-33.5,-16.27868526482,11.03002918891));
#2153 = CARTESIAN_POINT('',(-33.5,-16.53749471368,11.759201543455));
#2154 = CARTESIAN_POINT('',(-33.5,-16.68347873146,12.25427488471));
#2155 = CARTESIAN_POINT('',(-33.5,-16.80174516493,12.757179694086));
#2156 = CARTESIAN_POINT('',(-33.5,-16.89123340633,13.266177659966));
#2157 = CARTESIAN_POINT('',(-33.5,-16.9511709846,13.779377861707));
#2158 = CARTESIAN_POINT('',(-33.5,-16.98113212468,14.294727981972));
#2159 = CARTESIAN_POINT('',(-33.5,-16.98113220109,15.168126489093));
#2160 = CARTESIAN_POINT('',(-33.5,-16.96665891192,15.526266513327));
#2161 = CARTESIAN_POINT('',(-33.5,-16.93771169422,15.883695783308));
#2162 = CARTESIAN_POINT('',(-33.5,-16.89438506845,16.239718525029));
#2163 = CARTESIAN_POINT('',(-33.5,-16.83686145021,16.593666758293));
#2164 = CARTESIAN_POINT('',(-33.5,-16.76540401129,16.944899575139));
#2165 = CARTESIAN_POINT('',(-33.5,-16.58166134076,17.696473953069));
#2166 = CARTESIAN_POINT('',(-33.5,-16.46465946755,18.095692378389));
#2167 = CARTESIAN_POINT('',(-33.5,-16.32986906014,18.489504998402));
#2168 = CARTESIAN_POINT('',(-33.5,-16.17792533807,18.877081562821));
#2169 = CARTESIAN_POINT('',(-33.5,-16.00954507056,19.257703408939));
#2170 = CARTESIAN_POINT('',(-33.5,-15.82549804581,19.630752603668));
#2171 = CARTESIAN_POINT('',(-33.5,-15.39989349055,20.411591198207));
#2172 = CARTESIAN_POINT('',(-33.5,-15.15388836958,20.816971801606));
#2173 = CARTESIAN_POINT('',(-33.5,-14.88973292625,21.211086749905));
#2174 = CARTESIAN_POINT('',(-33.5,-14.60861790008,21.593353938834));
#2175 = CARTESIAN_POINT('',(-33.5,-14.31172178262,21.963341226507));
#2176 = CARTESIAN_POINT('',(-33.5,-14.00017757885,22.320742354202));
#2177 = CARTESIAN_POINT('',(-33.5,-13.27328156075,23.091172902456));
#2178 = CARTESIAN_POINT('',(-33.5,-12.85079397837,23.497438248929));
#2179 = CARTESIAN_POINT('',(-33.5,-12.40955637823,23.883794203759));
#2180 = CARTESIAN_POINT('',(-33.5,-11.95142867841,24.250057017774));
#2181 = CARTESIAN_POINT('',(-33.5,-11.47812478274,24.596180957247));
#2182 = CARTESIAN_POINT('',(-33.5,-10.99118620513,24.922225365716));
#2183 = CARTESIAN_POINT('',(-33.5,-10.12528201093,25.45314269882));
#2184 = CARTESIAN_POINT('',(-33.5,-9.751994908043,25.667192122391));
#2185 = CARTESIAN_POINT('',(-33.5,-9.372637441503,25.870517637831));
#2186 = CARTESIAN_POINT('',(-33.5,-8.987719628148,26.063176044055));
#2187 = CARTESIAN_POINT('',(-33.5,-8.597717380083,26.245231106445));
#2188 = CARTESIAN_POINT('',(-33.5,-8.203071439324,26.416751365717));
#2189 = CARTESIAN_POINT('',(-33.5,-7.503077391442,26.699385755518));
#2190 = CARTESIAN_POINT('',(-33.5,-7.199555977796,26.814999475603));
#2191 = CARTESIAN_POINT('',(-33.5,-6.893797866272,26.924679246943));
#2192 = CARTESIAN_POINT('',(-33.5,-6.585971374667,27.028454151091));
#2193 = CARTESIAN_POINT('',(-33.5,-6.276237343815,27.126352211244));
#2194 = CARTESIAN_POINT('',(-33.5,-5.964749137576,27.218400392245));
#2195 = CARTESIAN_POINT('',(-33.5,-4.863993985956,27.521539155715));
#2196 = CARTESIAN_POINT('',(-33.5,-4.066221191995,27.701576512534));
#2197 = CARTESIAN_POINT('',(-33.5,-3.26057387749,27.845177331194));
#2198 = CARTESIAN_POINT('',(-33.5,-2.449173373853,27.952649410274));
#2199 = CARTESIAN_POINT('',(-33.5,-1.63403007102,28.024213341559));
#2200 = CARTESIAN_POINT('',(-33.5,-0.817044192238,28.060000018735));
#2201 = CARTESIAN_POINT('',(-33.5,0.817044192234,28.060000018736));
#2202 = CARTESIAN_POINT('',(-33.5,1.634030071014,28.02421334156));
#2203 = CARTESIAN_POINT('',(-33.5,2.44917337385,27.952649410274));
#2204 = CARTESIAN_POINT('',(-33.5,3.260573877487,27.845177331195));
#2205 = CARTESIAN_POINT('',(-33.5,4.066221191988,27.701576512535));
#2206 = CARTESIAN_POINT('',(-33.5,4.863993985953,27.521539155716));
#2207 = CARTESIAN_POINT('',(-33.5,5.964749137572,27.218400392246));
#2208 = CARTESIAN_POINT('',(-33.5,6.276237343811,27.126352211246));
#2209 = CARTESIAN_POINT('',(-33.5,6.585971374664,27.028454151092));
#2210 = CARTESIAN_POINT('',(-33.5,6.893797866268,26.924679246944));
#2211 = CARTESIAN_POINT('',(-33.5,7.199555977792,26.814999475604));
#2212 = CARTESIAN_POINT('',(-33.5,7.503077391438,26.699385755519));
#2213 = CARTESIAN_POINT('',(-33.5,8.20307143932,26.416751365718));
#2214 = CARTESIAN_POINT('',(-33.5,8.597717380079,26.245231106447));
#2215 = CARTESIAN_POINT('',(-33.5,8.987719628145,26.063176044057));
#2216 = CARTESIAN_POINT('',(-33.5,9.372637441499,25.870517637833));
#2217 = CARTESIAN_POINT('',(-33.5,9.751994908039,25.667192122393));
#2218 = CARTESIAN_POINT('',(-33.5,10.125282010935,25.453142698822));
#2219 = CARTESIAN_POINT('',(-33.5,10.991186205136,24.922225365718));
#2220 = CARTESIAN_POINT('',(-33.5,11.478124782738,24.596180957249));
#2221 = CARTESIAN_POINT('',(-33.5,11.951428678414,24.250057017776));
#2222 = CARTESIAN_POINT('',(-33.5,12.409556378236,23.883794203761));
#2223 = CARTESIAN_POINT('',(-33.5,12.850793978373,23.497438248931));
#2224 = CARTESIAN_POINT('',(-33.5,13.273281560748,23.091172902458));
#2225 = CARTESIAN_POINT('',(-33.5,14.000177578848,22.320742354205));
#2226 = CARTESIAN_POINT('',(-33.5,14.311721782623,21.96334122651));
#2227 = CARTESIAN_POINT('',(-33.5,14.608617900087,21.593353938837));
#2228 = CARTESIAN_POINT('',(-33.5,14.889732926248,21.211086749908));
#2229 = CARTESIAN_POINT('',(-33.5,15.153888369578,20.816971801609));
#2230 = CARTESIAN_POINT('',(-33.5,15.39989349055,20.41159119821));
#2231 = CARTESIAN_POINT('',(-33.5,15.996872496228,19.316338808449));
#2232 = CARTESIAN_POINT('',(-33.5,16.315799784476,18.608599522011));
#2233 = CARTESIAN_POINT('',(-33.5,16.577902322075,17.876267469855));
#2234 = CARTESIAN_POINT('',(-33.5,16.778421351066,17.12402590803));
#2235 = CARTESIAN_POINT('',(-33.5,16.913613812102,16.357533547681));
#2236 = CARTESIAN_POINT('',(-33.5,16.98113215253,15.583514343925));
#2237 = CARTESIAN_POINT('',(-33.5,16.981132075472,14.81));
#2238 = PCURVE('',#1964,#2239);
#2239 = DEFINITIONAL_REPRESENTATION('',(#2240),#2399);
#2240 = B_SPLINE_CURVE_WITH_KNOTS('',7,(#2241,#2242,#2243,#2244,#2245,
    #2246,#2247,#2248,#2249,#2250,#2251,#2252,#2253,#2254,#2255,#2256,
    #2257,#2258,#2259,#2260,#2261,#2262,#2263,#2264,#2265,#2266,#2267,
    #2268,#2269,#2270,#2271,#2272,#2273,#2274,#2275,#2276,#2277,#2278,
    #2279,#2280,#2281,#2282,#2283,#2284,#2285,#2286,#2287,#2288,#2289,
    #2290,#2291,#2292,#2293,#2294,#2295,#2296,#2297,#2298,#2299,#2300,
    #2301,#2302,#2303,#2304,#2305,#2306,#2307,#2308,#2309,#2310,#2311,
    #2312,#2313,#2314,#2315,#2316,#2317,#2318,#2319,#2320,#2321,#2322,
    #2323,#2324,#2325,#2326,#2327,#2328,#2329,#2330,#2331,#2332,#2333,
    #2334,#2335,#2336,#2337,#2338,#2339,#2340,#2341,#2342,#2343,#2344,
    #2345,#2346,#2347,#2348,#2349,#2350,#2351,#2352,#2353,#2354,#2355,
    #2356,#2357,#2358,#2359,#2360,#2361,#2362,#2363,#2364,#2365,#2366,
    #2367,#2368,#2369,#2370,#2371,#2372,#2373,#2374,#2375,#2376,#2377,
    #2378,#2379,#2380,#2381,#2382,#2383,#2384,#2385,#2386,#2387,#2388,
    #2389,#2390,#2391,#2392,#2393,#2394,#2395,#2396,#2397,#2398),
  .UNSPECIFIED.,.F.,.F.,(8,6,6,6,6,6,6,6,6,6,6,6,6,6,6,6,6,6,6,6,6,6,6,6
    ,6,6,8),(0.,5.683386980357E-02,9.162628567338E-02,0.134617772483,
    0.166194082037,0.190030270949,0.249995139145,0.309960007342,
    0.333796196254,0.365372505809,0.408363992618,0.443156408489,
    0.462139883579,0.499998790028,0.52631164473,0.556842455565,
    0.591634960619,0.634626557629,0.666202948123,0.690039198135,
    0.750004220039,0.809969241944,0.833805491956,0.86538188245,
    0.90837347946,0.943165984514,1.),.UNSPECIFIED.);
#2241 = CARTESIAN_POINT('',(3.45,-16.98113207547));
#2242 = CARTESIAN_POINT('',(4.223514343926,-16.98113215252));
#2243 = CARTESIAN_POINT('',(4.997533547676,-16.9136138121));
#2244 = CARTESIAN_POINT('',(5.764025908038,-16.77842135106));
#2245 = CARTESIAN_POINT('',(6.516267469844,-16.57790232207));
#2246 = CARTESIAN_POINT('',(7.248599522016,-16.31579978447));
#2247 = CARTESIAN_POINT('',(7.956338808446,-15.99687249623));
#2248 = CARTESIAN_POINT('',(9.051591198209,-15.39989349055));
#2249 = CARTESIAN_POINT('',(9.456971801607,-15.15388836957));
#2250 = CARTESIAN_POINT('',(9.851086749906,-14.88973292624));
#2251 = CARTESIAN_POINT('',(10.233353938835,-14.60861790008));
#2252 = CARTESIAN_POINT('',(10.603341226508,-14.31172178262));
#2253 = CARTESIAN_POINT('',(10.960742354203,-14.00017757884));
#2254 = CARTESIAN_POINT('',(11.731172902457,-13.27328156075));
#2255 = CARTESIAN_POINT('',(12.13743824893,-12.85079397837));
#2256 = CARTESIAN_POINT('',(12.52379420376,-12.40955637823));
#2257 = CARTESIAN_POINT('',(12.890057017775,-11.95142867841));
#2258 = CARTESIAN_POINT('',(13.236180957247,-11.47812478274));
#2259 = CARTESIAN_POINT('',(13.562225365717,-10.99118620513));
#2260 = CARTESIAN_POINT('',(14.093142698821,-10.12528201093));
#2261 = CARTESIAN_POINT('',(14.307192122392,-9.751994908042));
#2262 = CARTESIAN_POINT('',(14.510517637832,-9.372637441501));
#2263 = CARTESIAN_POINT('',(14.703176044056,-8.987719628147));
#2264 = CARTESIAN_POINT('',(14.885231106446,-8.597717380082));
#2265 = CARTESIAN_POINT('',(15.056751365717,-8.203071439323));
#2266 = CARTESIAN_POINT('',(15.339385755518,-7.503077391441));
#2267 = CARTESIAN_POINT('',(15.454999475603,-7.199555977795));
#2268 = CARTESIAN_POINT('',(15.564679246943,-6.893797866271));
#2269 = CARTESIAN_POINT('',(15.668454151091,-6.585971374667));
#2270 = CARTESIAN_POINT('',(15.766352211245,-6.276237343814));
#2271 = CARTESIAN_POINT('',(15.858400392246,-5.964749137575));
#2272 = CARTESIAN_POINT('',(16.161539155714,-4.863993985956));
#2273 = CARTESIAN_POINT('',(16.341576512536,-4.066221191993));
#2274 = CARTESIAN_POINT('',(16.485177331193,-3.26057387749));
#2275 = CARTESIAN_POINT('',(16.592649410273,-2.449173373853));
#2276 = CARTESIAN_POINT('',(16.664213341561,-1.634030071018));
#2277 = CARTESIAN_POINT('',(16.700000018735,-0.817044192238));
#2278 = CARTESIAN_POINT('',(16.700000018736,0.817044192234));
#2279 = CARTESIAN_POINT('',(16.664213341558,1.634030071015));
#2280 = CARTESIAN_POINT('',(16.592649410275,2.44917337385));
#2281 = CARTESIAN_POINT('',(16.485177331195,3.260573877487));
#2282 = CARTESIAN_POINT('',(16.341576512534,4.06622119199));
#2283 = CARTESIAN_POINT('',(16.161539155716,4.863993985953));
#2284 = CARTESIAN_POINT('',(15.858400392246,5.964749137572));
#2285 = CARTESIAN_POINT('',(15.766352211246,6.276237343811));
#2286 = CARTESIAN_POINT('',(15.668454151092,6.585971374664));
#2287 = CARTESIAN_POINT('',(15.564679246944,6.893797866268));
#2288 = CARTESIAN_POINT('',(15.454999475604,7.199555977792));
#2289 = CARTESIAN_POINT('',(15.339385755519,7.503077391438));
#2290 = CARTESIAN_POINT('',(15.056751365718,8.20307143932));
#2291 = CARTESIAN_POINT('',(14.885231106447,8.597717380079));
#2292 = CARTESIAN_POINT('',(14.703176044057,8.987719628145));
#2293 = CARTESIAN_POINT('',(14.510517637833,9.372637441499));
#2294 = CARTESIAN_POINT('',(14.307192122393,9.751994908039));
#2295 = CARTESIAN_POINT('',(14.093142698822,10.125282010935));
#2296 = CARTESIAN_POINT('',(13.562225365719,10.991186205135));
#2297 = CARTESIAN_POINT('',(13.236180957249,11.478124782738));
#2298 = CARTESIAN_POINT('',(12.890057017776,11.951428678414));
#2299 = CARTESIAN_POINT('',(12.523794203762,12.409556378235));
#2300 = CARTESIAN_POINT('',(12.137438248932,12.850793978373));
#2301 = CARTESIAN_POINT('',(11.731172902458,13.273281560748));
#2302 = CARTESIAN_POINT('',(10.960742354205,14.000177578847));
#2303 = CARTESIAN_POINT('',(10.60334122651,14.311721782623));
#2304 = CARTESIAN_POINT('',(10.233353938837,14.608617900087));
#2305 = CARTESIAN_POINT('',(9.851086749909,14.889732926248));
#2306 = CARTESIAN_POINT('',(9.45697180161,15.153888369578));
#2307 = CARTESIAN_POINT('',(9.05159119821,15.39989349055));
#2308 = CARTESIAN_POINT('',(8.408782585976,15.75026298143));
#2309 = CARTESIAN_POINT('',(8.178735420608,15.868196248841));
#2310 = CARTESIAN_POINT('',(7.945683985474,15.980188515631));
#2311 = CARTESIAN_POINT('',(7.709767069282,16.0860531977));
#2312 = CARTESIAN_POINT('',(7.471139003282,16.18560955032));
#2313 = CARTESIAN_POINT('',(7.22997081109,16.278685264824));
#2314 = CARTESIAN_POINT('',(6.500798456545,16.53749471368));
#2315 = CARTESIAN_POINT('',(6.00572511529,16.683478731462));
#2316 = CARTESIAN_POINT('',(5.502820305914,16.801745164934));
#2317 = CARTESIAN_POINT('',(4.993822340034,16.891233406336));
#2318 = CARTESIAN_POINT('',(4.480622138293,16.951170984601));
#2319 = CARTESIAN_POINT('',(3.965272018028,16.981132124684));
#2320 = CARTESIAN_POINT('',(3.091873510907,16.981132201096));
#2321 = CARTESIAN_POINT('',(2.733733486673,16.966658911923));
#2322 = CARTESIAN_POINT('',(2.376304216692,16.937711694228));
#2323 = CARTESIAN_POINT('',(2.020281474971,16.894385068455));
#2324 = CARTESIAN_POINT('',(1.666333241707,16.836861450215));
#2325 = CARTESIAN_POINT('',(1.315100424861,16.765404011298));
#2326 = CARTESIAN_POINT('',(0.563526046931,16.581661340761));
#2327 = CARTESIAN_POINT('',(0.164307621611,16.464659467553));
#2328 = CARTESIAN_POINT('',(-0.229504998402,16.329869060144));
#2329 = CARTESIAN_POINT('',(-0.617081562821,16.177925338072));
#2330 = CARTESIAN_POINT('',(-0.997703408939,16.009545070568));
#2331 = CARTESIAN_POINT('',(-1.370752603668,15.825498045811));
#2332 = CARTESIAN_POINT('',(-2.151591198207,15.399893490552));
#2333 = CARTESIAN_POINT('',(-2.556971801606,15.15388836958));
#2334 = CARTESIAN_POINT('',(-2.951086749905,14.88973292625));
#2335 = CARTESIAN_POINT('',(-3.333353938834,14.608617900089));
#2336 = CARTESIAN_POINT('',(-3.703341226507,14.311721782625));
#2337 = CARTESIAN_POINT('',(-4.060742354202,14.00017757885));
#2338 = CARTESIAN_POINT('',(-4.831172902456,13.27328156075));
#2339 = CARTESIAN_POINT('',(-5.237438248929,12.850793978376));
#2340 = CARTESIAN_POINT('',(-5.623794203759,12.409556378238));
#2341 = CARTESIAN_POINT('',(-5.990057017774,11.951428678417));
#2342 = CARTESIAN_POINT('',(-6.336180957247,11.478124782741));
#2343 = CARTESIAN_POINT('',(-6.662225365716,10.991186205139));
#2344 = CARTESIAN_POINT('',(-7.19314269882,10.125282010938));
#2345 = CARTESIAN_POINT('',(-7.407192122391,9.751994908043));
#2346 = CARTESIAN_POINT('',(-7.610517637831,9.372637441503));
#2347 = CARTESIAN_POINT('',(-7.803176044055,8.987719628148));
#2348 = CARTESIAN_POINT('',(-7.985231106445,8.597717380083));
#2349 = CARTESIAN_POINT('',(-8.156751365717,8.203071439324));
#2350 = CARTESIAN_POINT('',(-8.439385755518,7.503077391442));
#2351 = CARTESIAN_POINT('',(-8.554999475603,7.199555977796));
#2352 = CARTESIAN_POINT('',(-8.664679246943,6.893797866272));
#2353 = CARTESIAN_POINT('',(-8.768454151091,6.585971374667));
#2354 = CARTESIAN_POINT('',(-8.866352211244,6.276237343815));
#2355 = CARTESIAN_POINT('',(-8.958400392245,5.964749137576));
#2356 = CARTESIAN_POINT('',(-9.261539155715,4.863993985956));
#2357 = CARTESIAN_POINT('',(-9.441576512534,4.066221191995));
#2358 = CARTESIAN_POINT('',(-9.585177331194,3.26057387749));
#2359 = CARTESIAN_POINT('',(-9.692649410274,2.449173373853));
#2360 = CARTESIAN_POINT('',(-9.764213341559,1.63403007102));
#2361 = CARTESIAN_POINT('',(-9.800000018735,0.817044192238));
#2362 = CARTESIAN_POINT('',(-9.800000018736,-0.817044192234));
#2363 = CARTESIAN_POINT('',(-9.76421334156,-1.634030071014));
#2364 = CARTESIAN_POINT('',(-9.692649410274,-2.44917337385));
#2365 = CARTESIAN_POINT('',(-9.585177331195,-3.260573877487));
#2366 = CARTESIAN_POINT('',(-9.441576512535,-4.066221191988));
#2367 = CARTESIAN_POINT('',(-9.261539155716,-4.863993985953));
#2368 = CARTESIAN_POINT('',(-8.958400392246,-5.964749137572));
#2369 = CARTESIAN_POINT('',(-8.866352211246,-6.276237343811));
#2370 = CARTESIAN_POINT('',(-8.768454151092,-6.585971374664));
#2371 = CARTESIAN_POINT('',(-8.664679246944,-6.893797866268));
#2372 = CARTESIAN_POINT('',(-8.554999475604,-7.199555977792));
#2373 = CARTESIAN_POINT('',(-8.439385755519,-7.503077391438));
#2374 = CARTESIAN_POINT('',(-8.156751365718,-8.20307143932));
#2375 = CARTESIAN_POINT('',(-7.985231106447,-8.597717380079));
#2376 = CARTESIAN_POINT('',(-7.803176044057,-8.987719628145));
#2377 = CARTESIAN_POINT('',(-7.610517637833,-9.372637441499));
#2378 = CARTESIAN_POINT('',(-7.407192122393,-9.751994908039));
#2379 = CARTESIAN_POINT('',(-7.193142698822,-10.12528201093));
#2380 = CARTESIAN_POINT('',(-6.662225365718,-10.99118620513));
#2381 = CARTESIAN_POINT('',(-6.336180957249,-11.47812478273));
#2382 = CARTESIAN_POINT('',(-5.990057017776,-11.95142867841));
#2383 = CARTESIAN_POINT('',(-5.623794203761,-12.40955637823));
#2384 = CARTESIAN_POINT('',(-5.237438248931,-12.85079397837));
#2385 = CARTESIAN_POINT('',(-4.831172902458,-13.27328156074));
#2386 = CARTESIAN_POINT('',(-4.060742354205,-14.00017757884));
#2387 = CARTESIAN_POINT('',(-3.70334122651,-14.31172178262));
#2388 = CARTESIAN_POINT('',(-3.333353938837,-14.60861790008));
#2389 = CARTESIAN_POINT('',(-2.951086749908,-14.88973292624));
#2390 = CARTESIAN_POINT('',(-2.556971801609,-15.15388836957));
#2391 = CARTESIAN_POINT('',(-2.15159119821,-15.39989349055));
#2392 = CARTESIAN_POINT('',(-1.056338808449,-15.99687249622));
#2393 = CARTESIAN_POINT('',(-0.348599522011,-16.31579978447));
#2394 = CARTESIAN_POINT('',(0.383732530145,-16.57790232207));
#2395 = CARTESIAN_POINT('',(1.13597409197,-16.77842135106));
#2396 = CARTESIAN_POINT('',(1.902466452319,-16.9136138121));
#2397 = CARTESIAN_POINT('',(2.676485656075,-16.98113215253));
#2398 = CARTESIAN_POINT('',(3.45,-16.98113207547));
#2399 = ( GEOMETRIC_REPRESENTATION_CONTEXT(2) 
PARAMETRIC_REPRESENTATION_CONTEXT() REPRESENTATION_CONTEXT('2D SPACE',''
  ) );
#2400 = PCURVE('',#1336,#2401);
#2401 = DEFINITIONAL_REPRESENTATION('',(#2402),#2561);
#2402 = B_SPLINE_CURVE_WITH_KNOTS('',7,(#2403,#2404,#2405,#2406,#2407,
    #2408,#2409,#2410,#2411,#2412,#2413,#2414,#2415,#2416,#2417,#2418,
    #2419,#2420,#2421,#2422,#2423,#2424,#2425,#2426,#2427,#2428,#2429,
    #2430,#2431,#2432,#2433,#2434,#2435,#2436,#2437,#2438,#2439,#2440,
    #2441,#2442,#2443,#2444,#2445,#2446,#2447,#2448,#2449,#2450,#2451,
    #2452,#2453,#2454,#2455,#2456,#2457,#2458,#2459,#2460,#2461,#2462,
    #2463,#2464,#2465,#2466,#2467,#2468,#2469,#2470,#2471,#2472,#2473,
    #2474,#2475,#2476,#2477,#2478,#2479,#2480,#2481,#2482,#2483,#2484,
    #2485,#2486,#2487,#2488,#2489,#2490,#2491,#2492,#2493,#2494,#2495,
    #2496,#2497,#2498,#2499,#2500,#2501,#2502,#2503,#2504,#2505,#2506,
    #2507,#2508,#2509,#2510,#2511,#2512,#2513,#2514,#2515,#2516,#2517,
    #2518,#2519,#2520,#2521,#2522,#2523,#2524,#2525,#2526,#2527,#2528,
    #2529,#2530,#2531,#2532,#2533,#2534,#2535,#2536,#2537,#2538,#2539,
    #2540,#2541,#2542,#2543,#2544,#2545,#2546,#2547,#2548,#2549,#2550,
    #2551,#2552,#2553,#2554,#2555,#2556,#2557,#2558,#2559,#2560),
  .UNSPECIFIED.,.F.,.F.,(8,6,6,6,6,6,6,6,6,6,6,6,6,6,6,6,6,6,6,6,6,6,6,6
    ,6,6,8),(0.,5.683386980357E-02,9.162628567338E-02,0.134617772483,
    0.166194082037,0.190030270949,0.249995139145,0.309960007342,
    0.333796196254,0.365372505809,0.408363992618,0.443156408489,
    0.462139883579,0.499998790028,0.52631164473,0.556842455565,
    0.591634960619,0.634626557629,0.666202948123,0.690039198135,
    0.750004220039,0.809969241944,0.833805491956,0.86538188245,
    0.90837347946,0.943165984514,1.),.UNSPECIFIED.);
#2403 = CARTESIAN_POINT('',(6.28318530718,-2.));
#2404 = CARTESIAN_POINT('',(6.224806861997,-2.));
#2405 = CARTESIAN_POINT('',(6.166390346411,-2.));
#2406 = CARTESIAN_POINT('',(6.108216804171,-2.));
#2407 = CARTESIAN_POINT('',(6.050467324786,-2.));
#2408 = CARTESIAN_POINT('',(5.993282574677,-2.));
#2409 = CARTESIAN_POINT('',(5.93677851656,-2.));
#2410 = CARTESIAN_POINT('',(5.846952711941,-2.));
#2411 = CARTESIAN_POINT('',(5.813128696527,-2.));
#2412 = CARTESIAN_POINT('',(5.779603791925,-2.));
#2413 = CARTESIAN_POINT('',(5.7463862043,-2.));
#2414 = CARTESIAN_POINT('',(5.713478762646,-2.));
#2415 = CARTESIAN_POINT('',(5.68087972608,-2.));
#2416 = CARTESIAN_POINT('',(5.60867665098,-2.));
#2417 = CARTESIAN_POINT('',(5.56923457253,-2.));
#2418 = CARTESIAN_POINT('',(5.530243974353,-2.));
#2419 = CARTESIAN_POINT('',(5.491688274382,-2.));
#2420 = CARTESIAN_POINT('',(5.453547208464,-2.));
#2421 = CARTESIAN_POINT('',(5.415796348895,-2.));
#2422 = CARTESIAN_POINT('',(5.350944684586,-2.));
#2423 = CARTESIAN_POINT('',(5.323678808606,-2.));
#2424 = CARTESIAN_POINT('',(5.296598090524,-2.));
#2425 = CARTESIAN_POINT('',(5.269691842093,-2.));
#2426 = CARTESIAN_POINT('',(5.24294934311,-2.));
#2427 = CARTESIAN_POINT('',(5.216359593222,-2.));
#2428 = CARTESIAN_POINT('',(5.169945711404,-2.));
#2429 = CARTESIAN_POINT('',(5.150061000947,-2.));
#2430 = CARTESIAN_POINT('',(5.130252165133,-2.));
#2431 = CARTESIAN_POINT('',(5.110514458541,-2.));
#2432 = CARTESIAN_POINT('',(5.090843157555,-2.));
#2433 = CARTESIAN_POINT('',(5.071233560367,-2.));
#2434 = CARTESIAN_POINT('',(5.002492440479,-2.));
#2435 = CARTESIAN_POINT('',(4.953668484959,-2.));
#2436 = CARTESIAN_POINT('',(4.905128229579,-2.));
#2437 = CARTESIAN_POINT('',(4.856799949026,-2.));
#2438 = CARTESIAN_POINT('',(4.808615231352,-2.));
#2439 = CARTESIAN_POINT('',(4.760503795768,-2.));
#2440 = CARTESIAN_POINT('',(4.664274165002,-2.));
#2441 = CARTESIAN_POINT('',(4.616162729418,-2.));
#2442 = CARTESIAN_POINT('',(4.567978011743,-2.));
#2443 = CARTESIAN_POINT('',(4.519649731191,-2.));
#2444 = CARTESIAN_POINT('',(4.471109475812,-2.));
#2445 = CARTESIAN_POINT('',(4.422285520291,-2.));
#2446 = CARTESIAN_POINT('',(4.353544400402,-2.));
#2447 = CARTESIAN_POINT('',(4.333934803214,-2.));
#2448 = CARTESIAN_POINT('',(4.314263502229,-2.));
#2449 = CARTESIAN_POINT('',(4.294525795637,-2.));
#2450 = CARTESIAN_POINT('',(4.274716959822,-2.));
#2451 = CARTESIAN_POINT('',(4.254832249365,-2.));
#2452 = CARTESIAN_POINT('',(4.208418367547,-2.));
#2453 = CARTESIAN_POINT('',(4.181828617659,-2.));
#2454 = CARTESIAN_POINT('',(4.155086118677,-2.));
#2455 = CARTESIAN_POINT('',(4.128179870246,-2.));
#2456 = CARTESIAN_POINT('',(4.101099152163,-2.));
#2457 = CARTESIAN_POINT('',(4.073833276183,-2.));
#2458 = CARTESIAN_POINT('',(4.008981611874,-2.));
#2459 = CARTESIAN_POINT('',(3.971230752305,-2.));
#2460 = CARTESIAN_POINT('',(3.933089686388,-2.));
#2461 = CARTESIAN_POINT('',(3.894533986416,-2.));
#2462 = CARTESIAN_POINT('',(3.855543388239,-2.));
#2463 = CARTESIAN_POINT('',(3.81610130979,-2.));
#2464 = CARTESIAN_POINT('',(3.74389823469,-2.));
#2465 = CARTESIAN_POINT('',(3.711299198124,-2.));
#2466 = CARTESIAN_POINT('',(3.678391756469,-2.));
#2467 = CARTESIAN_POINT('',(3.645174168845,-2.));
#2468 = CARTESIAN_POINT('',(3.611649264242,-2.));
#2469 = CARTESIAN_POINT('',(3.577825248829,-2.));
#2470 = CARTESIAN_POINT('',(3.525106068529,-2.));
#2471 = CARTESIAN_POINT('',(3.506410879445,-2.));
#2472 = CARTESIAN_POINT('',(3.487633444151,-2.));
#2473 = CARTESIAN_POINT('',(3.46877673219,-2.));
#2474 = CARTESIAN_POINT('',(3.449844275882,-2.));
#2475 = CARTESIAN_POINT('',(3.430840261728,-2.));
#2476 = CARTESIAN_POINT('',(3.373736881767,-2.));
#2477 = CARTESIAN_POINT('',(3.33543379073,-2.));
#2478 = CARTESIAN_POINT('',(3.296906826404,-2.));
#2479 = CARTESIAN_POINT('',(3.25820363027,-2.));
#2480 = CARTESIAN_POINT('',(3.219375443516,-2.));
#2481 = CARTESIAN_POINT('',(3.18048111105,-2.));
#2482 = CARTESIAN_POINT('',(3.114564236061,-2.));
#2483 = CARTESIAN_POINT('',(3.087534811547,-2.));
#2484 = CARTESIAN_POINT('',(3.060526752977,-2.));
#2485 = CARTESIAN_POINT('',(3.033560353478,-2.));
#2486 = CARTESIAN_POINT('',(3.006654504981,-2.));
#2487 = CARTESIAN_POINT('',(2.979827376827,-2.));
#2488 = CARTESIAN_POINT('',(2.922081942032,-2.));
#2489 = CARTESIAN_POINT('',(2.89119490712,-2.));
#2490 = CARTESIAN_POINT('',(2.860463487298,-2.));
#2491 = CARTESIAN_POINT('',(2.829909525871,-2.));
#2492 = CARTESIAN_POINT('',(2.799550296754,-2.));
#2493 = CARTESIAN_POINT('',(2.769399589434,-2.));
#2494 = CARTESIAN_POINT('',(2.705360058351,-2.));
#2495 = CARTESIAN_POINT('',(2.671536042937,-2.));
#2496 = CARTESIAN_POINT('',(2.638011138335,-2.));
#2497 = CARTESIAN_POINT('',(2.604793550711,-2.));
#2498 = CARTESIAN_POINT('',(2.571886109056,-2.));
#2499 = CARTESIAN_POINT('',(2.53928707249,-2.));
#2500 = CARTESIAN_POINT('',(2.46708399739,-2.));
#2501 = CARTESIAN_POINT('',(2.42764191894,-2.));
#2502 = CARTESIAN_POINT('',(2.388651320764,-2.));
#2503 = CARTESIAN_POINT('',(2.350095620792,-2.));
#2504 = CARTESIAN_POINT('',(2.311954554875,-2.));
#2505 = CARTESIAN_POINT('',(2.274203695305,-2.));
#2506 = CARTESIAN_POINT('',(2.209352030997,-2.));
#2507 = CARTESIAN_POINT('',(2.182086155017,-2.));
#2508 = CARTESIAN_POINT('',(2.155005436934,-2.));
#2509 = CARTESIAN_POINT('',(2.128099188503,-2.));
#2510 = CARTESIAN_POINT('',(2.101356689521,-2.));
#2511 = CARTESIAN_POINT('',(2.074766939633,-2.));
#2512 = CARTESIAN_POINT('',(2.028353057815,-2.));
#2513 = CARTESIAN_POINT('',(2.008468347358,-2.));
#2514 = CARTESIAN_POINT('',(1.988659511543,-2.));
#2515 = CARTESIAN_POINT('',(1.968921804951,-2.));
#2516 = CARTESIAN_POINT('',(1.949250503966,-2.));
#2517 = CARTESIAN_POINT('',(1.929640906778,-2.));
#2518 = CARTESIAN_POINT('',(1.860899786889,-2.));
#2519 = CARTESIAN_POINT('',(1.812075831369,-2.));
#2520 = CARTESIAN_POINT('',(1.763535575989,-2.));
#2521 = CARTESIAN_POINT('',(1.715207295436,-2.));
#2522 = CARTESIAN_POINT('',(1.667022577763,-2.));
#2523 = CARTESIAN_POINT('',(1.618911142178,-2.));
#2524 = CARTESIAN_POINT('',(1.522681511412,-2.));
#2525 = CARTESIAN_POINT('',(1.474570075828,-2.));
#2526 = CARTESIAN_POINT('',(1.426385358154,-2.));
#2527 = CARTESIAN_POINT('',(1.378057077601,-2.));
#2528 = CARTESIAN_POINT('',(1.329516822222,-2.));
#2529 = CARTESIAN_POINT('',(1.280692866701,-2.));
#2530 = CARTESIAN_POINT('',(1.211951746812,-2.));
#2531 = CARTESIAN_POINT('',(1.192342149624,-2.));
#2532 = CARTESIAN_POINT('',(1.172670848639,-2.));
#2533 = CARTESIAN_POINT('',(1.152933142047,-2.));
#2534 = CARTESIAN_POINT('',(1.133124306232,-2.));
#2535 = CARTESIAN_POINT('',(1.113239595775,-2.));
#2536 = CARTESIAN_POINT('',(1.066825713957,-2.));
#2537 = CARTESIAN_POINT('',(1.040235964069,-2.));
#2538 = CARTESIAN_POINT('',(1.013493465087,-2.));
#2539 = CARTESIAN_POINT('',(0.986587216656,-2.));
#2540 = CARTESIAN_POINT('',(0.959506498573,-2.));
#2541 = CARTESIAN_POINT('',(0.932240622593,-2.));
#2542 = CARTESIAN_POINT('',(0.867388958285,-2.));
#2543 = CARTESIAN_POINT('',(0.829638098715,-2.));
#2544 = CARTESIAN_POINT('',(0.791497032798,-2.));
#2545 = CARTESIAN_POINT('',(0.752941332826,-2.));
#2546 = CARTESIAN_POINT('',(0.71395073465,-2.));
#2547 = CARTESIAN_POINT('',(0.6745086562,-2.));
#2548 = CARTESIAN_POINT('',(0.6023055811,-2.));
#2549 = CARTESIAN_POINT('',(0.569706544534,-2.));
#2550 = CARTESIAN_POINT('',(0.536799102879,-2.));
#2551 = CARTESIAN_POINT('',(0.503581515255,-2.));
#2552 = CARTESIAN_POINT('',(0.470056610653,-2.));
#2553 = CARTESIAN_POINT('',(0.436232595239,-2.));
#2554 = CARTESIAN_POINT('',(0.346406790621,-2.));
#2555 = CARTESIAN_POINT('',(0.289902732499,-2.));
#2556 = CARTESIAN_POINT('',(0.232717982401,-2.));
#2557 = CARTESIAN_POINT('',(0.174968503001,-2.));
#2558 = CARTESIAN_POINT('',(0.116794960772,-2.));
#2559 = CARTESIAN_POINT('',(5.837844518168E-02,-2.));
#2560 = CARTESIAN_POINT('',(0.,-2.));
#2561 = ( GEOMETRIC_REPRESENTATION_CONTEXT(2) 
PARAMETRIC_REPRESENTATION_CONTEXT() REPRESENTATION_CONTEXT('2D SPACE',''
  ) );
#2562 = ORIENTED_EDGE('',*,*,#2563,.F.);
#2563 = EDGE_CURVE('',#2564,#2076,#2566,.T.);
#2564 = VERTEX_POINT('',#2565);
#2565 = CARTESIAN_POINT('',(-33.5,8.246211251235,26.392824702395));
#2566 = SURFACE_CURVE('',#2567,(#2726,#2888),.PCURVE_S1.);
#2567 = B_SPLINE_CURVE_WITH_KNOTS('',7,(#2568,#2569,#2570,#2571,#2572,
    #2573,#2574,#2575,#2576,#2577,#2578,#2579,#2580,#2581,#2582,#2583,
    #2584,#2585,#2586,#2587,#2588,#2589,#2590,#2591,#2592,#2593,#2594,
    #2595,#2596,#2597,#2598,#2599,#2600,#2601,#2602,#2603,#2604,#2605,
    #2606,#2607,#2608,#2609,#2610,#2611,#2612,#2613,#2614,#2615,#2616,
    #2617,#2618,#2619,#2620,#2621,#2622,#2623,#2624,#2625,#2626,#2627,
    #2628,#2629,#2630,#2631,#2632,#2633,#2634,#2635,#2636,#2637,#2638,
    #2639,#2640,#2641,#2642,#2643,#2644,#2645,#2646,#2647,#2648,#2649,
    #2650,#2651,#2652,#2653,#2654,#2655,#2656,#2657,#2658,#2659,#2660,
    #2661,#2662,#2663,#2664,#2665,#2666,#2667,#2668,#2669,#2670,#2671,
    #2672,#2673,#2674,#2675,#2676,#2677,#2678,#2679,#2680,#2681,#2682,
    #2683,#2684,#2685,#2686,#2687,#2688,#2689,#2690,#2691,#2692,#2693,
    #2694,#2695,#2696,#2697,#2698,#2699,#2700,#2701,#2702,#2703,#2704,
    #2705,#2706,#2707,#2708,#2709,#2710,#2711,#2712,#2713,#2714,#2715,
    #2716,#2717,#2718,#2719,#2720,#2721,#2722,#2723,#2724,#2725),
  .UNSPECIFIED.,.T.,.F.,(8,6,6,6,6,6,6,6,6,6,6,6,6,6,6,6,6,6,6,6,6,6,6,6
    ,6,6,8),(0.,5.683386980357E-02,9.162628567338E-02,0.134617772483,
    0.166194082037,0.190030270949,0.249995139145,0.309960007342,
    0.333796196254,0.365372505809,0.408363992618,0.443156408489,
    0.462139883579,0.499998790028,0.52631164473,0.556842455565,
    0.591634960619,0.634626557629,0.666202948123,0.690039198135,
    0.750004220039,0.809969241944,0.833805491956,0.86538188245,
    0.90837347946,0.943165984514,1.),.UNSPECIFIED.);
#2568 = CARTESIAN_POINT('',(-33.5,16.981132075472,14.81));
#2569 = CARTESIAN_POINT('',(-33.5,16.981132152529,14.036485656074));
#2570 = CARTESIAN_POINT('',(-33.5,16.913613812103,13.262466452324));
#2571 = CARTESIAN_POINT('',(-33.5,16.778421351064,12.495974091962));
#2572 = CARTESIAN_POINT('',(-33.5,16.577902322079,11.743732530156));
#2573 = CARTESIAN_POINT('',(-33.5,16.315799784474,11.011400477984));
#2574 = CARTESIAN_POINT('',(-33.5,15.99687249623,10.303661191554));
#2575 = CARTESIAN_POINT('',(-33.5,15.399893490551,9.208408801791));
#2576 = CARTESIAN_POINT('',(-33.5,15.153888369579,8.803028198393));
#2577 = CARTESIAN_POINT('',(-33.5,14.889732926249,8.408913250094));
#2578 = CARTESIAN_POINT('',(-33.5,14.608617900088,8.026646061165));
#2579 = CARTESIAN_POINT('',(-33.5,14.311721782624,7.656658773492));
#2580 = CARTESIAN_POINT('',(-33.5,14.000177578849,7.299257645797));
#2581 = CARTESIAN_POINT('',(-33.5,13.27328156075,6.528827097543));
#2582 = CARTESIAN_POINT('',(-33.5,12.850793978375,6.12256175107));
#2583 = CARTESIAN_POINT('',(-33.5,12.409556378237,5.73620579624));
#2584 = CARTESIAN_POINT('',(-33.5,11.951428678416,5.369942982225));
#2585 = CARTESIAN_POINT('',(-33.5,11.47812478274,5.023819042753));
#2586 = CARTESIAN_POINT('',(-33.5,10.991186205138,4.697774634283));
#2587 = CARTESIAN_POINT('',(-33.5,10.125282010937,4.166857301179));
#2588 = CARTESIAN_POINT('',(-33.5,9.751994908042,3.952807877608));
#2589 = CARTESIAN_POINT('',(-33.5,9.372637441501,3.749482362168));
#2590 = CARTESIAN_POINT('',(-33.5,8.987719628147,3.556823955944));
#2591 = CARTESIAN_POINT('',(-33.5,8.597717380082,3.374768893554));
#2592 = CARTESIAN_POINT('',(-33.5,8.203071439323,3.203248634283));
#2593 = CARTESIAN_POINT('',(-33.5,7.503077391441,2.920614244482));
#2594 = CARTESIAN_POINT('',(-33.5,7.199555977795,2.805000524397));
#2595 = CARTESIAN_POINT('',(-33.5,6.893797866271,2.695320753057));
#2596 = CARTESIAN_POINT('',(-33.5,6.585971374667,2.591545848909));
#2597 = CARTESIAN_POINT('',(-33.5,6.276237343814,2.493647788755));
#2598 = CARTESIAN_POINT('',(-33.5,5.964749137575,2.401599607754));
#2599 = CARTESIAN_POINT('',(-33.5,4.863993985956,2.098460844286));
#2600 = CARTESIAN_POINT('',(-33.5,4.066221191993,1.918423487464));
#2601 = CARTESIAN_POINT('',(-33.5,3.26057387749,1.774822668807));
#2602 = CARTESIAN_POINT('',(-33.5,2.449173373853,1.667350589727));
#2603 = CARTESIAN_POINT('',(-33.5,1.634030071018,1.595786658439));
#2604 = CARTESIAN_POINT('',(-33.5,0.817044192238,1.559999981265));
#2605 = CARTESIAN_POINT('',(-33.5,-0.817044192234,1.559999981264));
#2606 = CARTESIAN_POINT('',(-33.5,-1.634030071015,1.595786658442));
#2607 = CARTESIAN_POINT('',(-33.5,-2.44917337385,1.667350589725));
#2608 = CARTESIAN_POINT('',(-33.5,-3.260573877487,1.774822668805));
#2609 = CARTESIAN_POINT('',(-33.5,-4.06622119199,1.918423487466));
#2610 = CARTESIAN_POINT('',(-33.5,-4.863993985953,2.098460844284));
#2611 = CARTESIAN_POINT('',(-33.5,-5.964749137572,2.401599607754));
#2612 = CARTESIAN_POINT('',(-33.5,-6.276237343811,2.493647788754));
#2613 = CARTESIAN_POINT('',(-33.5,-6.585971374664,2.591545848908));
#2614 = CARTESIAN_POINT('',(-33.5,-6.893797866268,2.695320753056));
#2615 = CARTESIAN_POINT('',(-33.5,-7.199555977792,2.805000524396));
#2616 = CARTESIAN_POINT('',(-33.5,-7.503077391438,2.920614244481));
#2617 = CARTESIAN_POINT('',(-33.5,-8.20307143932,3.203248634282));
#2618 = CARTESIAN_POINT('',(-33.5,-8.597717380079,3.374768893553));
#2619 = CARTESIAN_POINT('',(-33.5,-8.987719628145,3.556823955943));
#2620 = CARTESIAN_POINT('',(-33.5,-9.372637441499,3.749482362167));
#2621 = CARTESIAN_POINT('',(-33.5,-9.751994908039,3.952807877607));
#2622 = CARTESIAN_POINT('',(-33.5,-10.12528201093,4.166857301178));
#2623 = CARTESIAN_POINT('',(-33.5,-10.99118620513,4.697774634281));
#2624 = CARTESIAN_POINT('',(-33.5,-11.47812478273,5.023819042751));
#2625 = CARTESIAN_POINT('',(-33.5,-11.95142867841,5.369942982224));
#2626 = CARTESIAN_POINT('',(-33.5,-12.40955637823,5.736205796238));
#2627 = CARTESIAN_POINT('',(-33.5,-12.85079397837,6.122561751068));
#2628 = CARTESIAN_POINT('',(-33.5,-13.27328156074,6.528827097542));
#2629 = CARTESIAN_POINT('',(-33.5,-14.00017757884,7.299257645795));
#2630 = CARTESIAN_POINT('',(-33.5,-14.31172178262,7.65665877349));
#2631 = CARTESIAN_POINT('',(-33.5,-14.60861790008,8.026646061163));
#2632 = CARTESIAN_POINT('',(-33.5,-14.88973292624,8.408913250091));
#2633 = CARTESIAN_POINT('',(-33.5,-15.15388836957,8.80302819839));
#2634 = CARTESIAN_POINT('',(-33.5,-15.39989349055,9.20840880179));
#2635 = CARTESIAN_POINT('',(-33.5,-15.75026298143,9.851217414024));
#2636 = CARTESIAN_POINT('',(-33.5,-15.86819624884,10.081264579392));
#2637 = CARTESIAN_POINT('',(-33.5,-15.98018851563,10.314316014526));
#2638 = CARTESIAN_POINT('',(-33.5,-16.0860531977,10.550232930718));
#2639 = CARTESIAN_POINT('',(-33.5,-16.18560955032,10.788860996718));
#2640 = CARTESIAN_POINT('',(-33.5,-16.27868526482,11.03002918891));
#2641 = CARTESIAN_POINT('',(-33.5,-16.53749471368,11.759201543455));
#2642 = CARTESIAN_POINT('',(-33.5,-16.68347873146,12.25427488471));
#2643 = CARTESIAN_POINT('',(-33.5,-16.80174516493,12.757179694086));
#2644 = CARTESIAN_POINT('',(-33.5,-16.89123340633,13.266177659966));
#2645 = CARTESIAN_POINT('',(-33.5,-16.9511709846,13.779377861707));
#2646 = CARTESIAN_POINT('',(-33.5,-16.98113212468,14.294727981972));
#2647 = CARTESIAN_POINT('',(-33.5,-16.98113220109,15.168126489093));
#2648 = CARTESIAN_POINT('',(-33.5,-16.96665891192,15.526266513327));
#2649 = CARTESIAN_POINT('',(-33.5,-16.93771169422,15.883695783308));
#2650 = CARTESIAN_POINT('',(-33.5,-16.89438506845,16.239718525029));
#2651 = CARTESIAN_POINT('',(-33.5,-16.83686145021,16.593666758293));
#2652 = CARTESIAN_POINT('',(-33.5,-16.76540401129,16.944899575139));
#2653 = CARTESIAN_POINT('',(-33.5,-16.58166134076,17.696473953069));
#2654 = CARTESIAN_POINT('',(-33.5,-16.46465946755,18.095692378389));
#2655 = CARTESIAN_POINT('',(-33.5,-16.32986906014,18.489504998402));
#2656 = CARTESIAN_POINT('',(-33.5,-16.17792533807,18.877081562821));
#2657 = CARTESIAN_POINT('',(-33.5,-16.00954507056,19.257703408939));
#2658 = CARTESIAN_POINT('',(-33.5,-15.82549804581,19.630752603668));
#2659 = CARTESIAN_POINT('',(-33.5,-15.39989349055,20.411591198207));
#2660 = CARTESIAN_POINT('',(-33.5,-15.15388836958,20.816971801606));
#2661 = CARTESIAN_POINT('',(-33.5,-14.88973292625,21.211086749905));
#2662 = CARTESIAN_POINT('',(-33.5,-14.60861790008,21.593353938834));
#2663 = CARTESIAN_POINT('',(-33.5,-14.31172178262,21.963341226507));
#2664 = CARTESIAN_POINT('',(-33.5,-14.00017757885,22.320742354202));
#2665 = CARTESIAN_POINT('',(-33.5,-13.27328156075,23.091172902456));
#2666 = CARTESIAN_POINT('',(-33.5,-12.85079397837,23.497438248929));
#2667 = CARTESIAN_POINT('',(-33.5,-12.40955637823,23.883794203759));
#2668 = CARTESIAN_POINT('',(-33.5,-11.95142867841,24.250057017774));
#2669 = CARTESIAN_POINT('',(-33.5,-11.47812478274,24.596180957247));
#2670 = CARTESIAN_POINT('',(-33.5,-10.99118620513,24.922225365716));
#2671 = CARTESIAN_POINT('',(-33.5,-10.12528201093,25.45314269882));
#2672 = CARTESIAN_POINT('',(-33.5,-9.751994908043,25.667192122391));
#2673 = CARTESIAN_POINT('',(-33.5,-9.372637441503,25.870517637831));
#2674 = CARTESIAN_POINT('',(-33.5,-8.987719628148,26.063176044055));
#2675 = CARTESIAN_POINT('',(-33.5,-8.597717380083,26.245231106445));
#2676 = CARTESIAN_POINT('',(-33.5,-8.203071439324,26.416751365717));
#2677 = CARTESIAN_POINT('',(-33.5,-7.503077391442,26.699385755518));
#2678 = CARTESIAN_POINT('',(-33.5,-7.199555977796,26.814999475603));
#2679 = CARTESIAN_POINT('',(-33.5,-6.893797866272,26.924679246943));
#2680 = CARTESIAN_POINT('',(-33.5,-6.585971374667,27.028454151091));
#2681 = CARTESIAN_POINT('',(-33.5,-6.276237343815,27.126352211244));
#2682 = CARTESIAN_POINT('',(-33.5,-5.964749137576,27.218400392245));
#2683 = CARTESIAN_POINT('',(-33.5,-4.863993985956,27.521539155715));
#2684 = CARTESIAN_POINT('',(-33.5,-4.066221191995,27.701576512534));
#2685 = CARTESIAN_POINT('',(-33.5,-3.26057387749,27.845177331194));
#2686 = CARTESIAN_POINT('',(-33.5,-2.449173373853,27.952649410274));
#2687 = CARTESIAN_POINT('',(-33.5,-1.63403007102,28.024213341559));
#2688 = CARTESIAN_POINT('',(-33.5,-0.817044192238,28.060000018735));
#2689 = CARTESIAN_POINT('',(-33.5,0.817044192234,28.060000018736));
#2690 = CARTESIAN_POINT('',(-33.5,1.634030071014,28.02421334156));
#2691 = CARTESIAN_POINT('',(-33.5,2.44917337385,27.952649410274));
#2692 = CARTESIAN_POINT('',(-33.5,3.260573877487,27.845177331195));
#2693 = CARTESIAN_POINT('',(-33.5,4.066221191988,27.701576512535));
#2694 = CARTESIAN_POINT('',(-33.5,4.863993985953,27.521539155716));
#2695 = CARTESIAN_POINT('',(-33.5,5.964749137572,27.218400392246));
#2696 = CARTESIAN_POINT('',(-33.5,6.276237343811,27.126352211246));
#2697 = CARTESIAN_POINT('',(-33.5,6.585971374664,27.028454151092));
#2698 = CARTESIAN_POINT('',(-33.5,6.893797866268,26.924679246944));
#2699 = CARTESIAN_POINT('',(-33.5,7.199555977792,26.814999475604));
#2700 = CARTESIAN_POINT('',(-33.5,7.503077391438,26.699385755519));
#2701 = CARTESIAN_POINT('',(-33.5,8.20307143932,26.416751365718));
#2702 = CARTESIAN_POINT('',(-33.5,8.597717380079,26.245231106447));
#2703 = CARTESIAN_POINT('',(-33.5,8.987719628145,26.063176044057));
#2704 = CARTESIAN_POINT('',(-33.5,9.372637441499,25.870517637833));
#2705 = CARTESIAN_POINT('',(-33.5,9.751994908039,25.667192122393));
#2706 = CARTESIAN_POINT('',(-33.5,10.125282010935,25.453142698822));
#2707 = CARTESIAN_POINT('',(-33.5,10.991186205136,24.922225365718));
#2708 = CARTESIAN_POINT('',(-33.5,11.478124782738,24.596180957249));
#2709 = CARTESIAN_POINT('',(-33.5,11.951428678414,24.250057017776));
#2710 = CARTESIAN_POINT('',(-33.5,12.409556378236,23.883794203761));
#2711 = CARTESIAN_POINT('',(-33.5,12.850793978373,23.497438248931));
#2712 = CARTESIAN_POINT('',(-33.5,13.273281560748,23.091172902458));
#2713 = CARTESIAN_POINT('',(-33.5,14.000177578848,22.320742354205));
#2714 = CARTESIAN_POINT('',(-33.5,14.311721782623,21.96334122651));
#2715 = CARTESIAN_POINT('',(-33.5,14.608617900087,21.593353938837));
#2716 = CARTESIAN_POINT('',(-33.5,14.889732926248,21.211086749908));
#2717 = CARTESIAN_POINT('',(-33.5,15.153888369578,20.816971801609));
#2718 = CARTESIAN_POINT('',(-33.5,15.39989349055,20.41159119821));
#2719 = CARTESIAN_POINT('',(-33.5,15.996872496228,19.316338808449));
#2720 = CARTESIAN_POINT('',(-33.5,16.315799784476,18.608599522011));
#2721 = CARTESIAN_POINT('',(-33.5,16.577902322075,17.876267469855));
#2722 = CARTESIAN_POINT('',(-33.5,16.778421351066,17.12402590803));
#2723 = CARTESIAN_POINT('',(-33.5,16.913613812102,16.357533547681));
#2724 = CARTESIAN_POINT('',(-33.5,16.98113215253,15.583514343925));
#2725 = CARTESIAN_POINT('',(-33.5,16.981132075472,14.81));
#2726 = PCURVE('',#1964,#2727);
#2727 = DEFINITIONAL_REPRESENTATION('',(#2728),#2887);
#2728 = B_SPLINE_CURVE_WITH_KNOTS('',7,(#2729,#2730,#2731,#2732,#2733,
    #2734,#2735,#2736,#2737,#2738,#2739,#2740,#2741,#2742,#2743,#2744,
    #2745,#2746,#2747,#2748,#2749,#2750,#2751,#2752,#2753,#2754,#2755,
    #2756,#2757,#2758,#2759,#2760,#2761,#2762,#2763,#2764,#2765,#2766,
    #2767,#2768,#2769,#2770,#2771,#2772,#2773,#2774,#2775,#2776,#2777,
    #2778,#2779,#2780,#2781,#2782,#2783,#2784,#2785,#2786,#2787,#2788,
    #2789,#2790,#2791,#2792,#2793,#2794,#2795,#2796,#2797,#2798,#2799,
    #2800,#2801,#2802,#2803,#2804,#2805,#2806,#2807,#2808,#2809,#2810,
    #2811,#2812,#2813,#2814,#2815,#2816,#2817,#2818,#2819,#2820,#2821,
    #2822,#2823,#2824,#2825,#2826,#2827,#2828,#2829,#2830,#2831,#2832,
    #2833,#2834,#2835,#2836,#2837,#2838,#2839,#2840,#2841,#2842,#2843,
    #2844,#2845,#2846,#2847,#2848,#2849,#2850,#2851,#2852,#2853,#2854,
    #2855,#2856,#2857,#2858,#2859,#2860,#2861,#2862,#2863,#2864,#2865,
    #2866,#2867,#2868,#2869,#2870,#2871,#2872,#2873,#2874,#2875,#2876,
    #2877,#2878,#2879,#2880,#2881,#2882,#2883,#2884,#2885,#2886),
  .UNSPECIFIED.,.F.,.F.,(8,6,6,6,6,6,6,6,6,6,6,6,6,6,6,6,6,6,6,6,6,6,6,6
    ,6,6,8),(0.,5.683386980357E-02,9.162628567338E-02,0.134617772483,
    0.166194082037,0.190030270949,0.249995139145,0.309960007342,
    0.333796196254,0.365372505809,0.408363992618,0.443156408489,
    0.462139883579,0.499998790028,0.52631164473,0.556842455565,
    0.591634960619,0.634626557629,0.666202948123,0.690039198135,
    0.750004220039,0.809969241944,0.833805491956,0.86538188245,
    0.90837347946,0.943165984514,1.),.UNSPECIFIED.);
#2729 = CARTESIAN_POINT('',(3.45,-16.98113207547));
#2730 = CARTESIAN_POINT('',(4.223514343926,-16.98113215252));
#2731 = CARTESIAN_POINT('',(4.997533547676,-16.9136138121));
#2732 = CARTESIAN_POINT('',(5.764025908038,-16.77842135106));
#2733 = CARTESIAN_POINT('',(6.516267469844,-16.57790232207));
#2734 = CARTESIAN_POINT('',(7.248599522016,-16.31579978447));
#2735 = CARTESIAN_POINT('',(7.956338808446,-15.99687249623));
#2736 = CARTESIAN_POINT('',(9.051591198209,-15.39989349055));
#2737 = CARTESIAN_POINT('',(9.456971801607,-15.15388836957));
#2738 = CARTESIAN_POINT('',(9.851086749906,-14.88973292624));
#2739 = CARTESIAN_POINT('',(10.233353938835,-14.60861790008));
#2740 = CARTESIAN_POINT('',(10.603341226508,-14.31172178262));
#2741 = CARTESIAN_POINT('',(10.960742354203,-14.00017757884));
#2742 = CARTESIAN_POINT('',(11.731172902457,-13.27328156075));
#2743 = CARTESIAN_POINT('',(12.13743824893,-12.85079397837));
#2744 = CARTESIAN_POINT('',(12.52379420376,-12.40955637823));
#2745 = CARTESIAN_POINT('',(12.890057017775,-11.95142867841));
#2746 = CARTESIAN_POINT('',(13.236180957247,-11.47812478274));
#2747 = CARTESIAN_POINT('',(13.562225365717,-10.99118620513));
#2748 = CARTESIAN_POINT('',(14.093142698821,-10.12528201093));
#2749 = CARTESIAN_POINT('',(14.307192122392,-9.751994908042));
#2750 = CARTESIAN_POINT('',(14.510517637832,-9.372637441501));
#2751 = CARTESIAN_POINT('',(14.703176044056,-8.987719628147));
#2752 = CARTESIAN_POINT('',(14.885231106446,-8.597717380082));
#2753 = CARTESIAN_POINT('',(15.056751365717,-8.203071439323));
#2754 = CARTESIAN_POINT('',(15.339385755518,-7.503077391441));
#2755 = CARTESIAN_POINT('',(15.454999475603,-7.199555977795));
#2756 = CARTESIAN_POINT('',(15.564679246943,-6.893797866271));
#2757 = CARTESIAN_POINT('',(15.668454151091,-6.585971374667));
#2758 = CARTESIAN_POINT('',(15.766352211245,-6.276237343814));
#2759 = CARTESIAN_POINT('',(15.858400392246,-5.964749137575));
#2760 = CARTESIAN_POINT('',(16.161539155714,-4.863993985956));
#2761 = CARTESIAN_POINT('',(16.341576512536,-4.066221191993));
#2762 = CARTESIAN_POINT('',(16.485177331193,-3.26057387749));
#2763 = CARTESIAN_POINT('',(16.592649410273,-2.449173373853));
#2764 = CARTESIAN_POINT('',(16.664213341561,-1.634030071018));
#2765 = CARTESIAN_POINT('',(16.700000018735,-0.817044192238));
#2766 = CARTESIAN_POINT('',(16.700000018736,0.817044192234));
#2767 = CARTESIAN_POINT('',(16.664213341558,1.634030071015));
#2768 = CARTESIAN_POINT('',(16.592649410275,2.44917337385));
#2769 = CARTESIAN_POINT('',(16.485177331195,3.260573877487));
#2770 = CARTESIAN_POINT('',(16.341576512534,4.06622119199));
#2771 = CARTESIAN_POINT('',(16.161539155716,4.863993985953));
#2772 = CARTESIAN_POINT('',(15.858400392246,5.964749137572));
#2773 = CARTESIAN_POINT('',(15.766352211246,6.276237343811));
#2774 = CARTESIAN_POINT('',(15.668454151092,6.585971374664));
#2775 = CARTESIAN_POINT('',(15.564679246944,6.893797866268));
#2776 = CARTESIAN_POINT('',(15.454999475604,7.199555977792));
#2777 = CARTESIAN_POINT('',(15.339385755519,7.503077391438));
#2778 = CARTESIAN_POINT('',(15.056751365718,8.20307143932));
#2779 = CARTESIAN_POINT('',(14.885231106447,8.597717380079));
#2780 = CARTESIAN_POINT('',(14.703176044057,8.987719628145));
#2781 = CARTESIAN_POINT('',(14.510517637833,9.372637441499));
#2782 = CARTESIAN_POINT('',(14.307192122393,9.751994908039));
#2783 = CARTESIAN_POINT('',(14.093142698822,10.125282010935));
#2784 = CARTESIAN_POINT('',(13.562225365719,10.991186205135));
#2785 = CARTESIAN_POINT('',(13.236180957249,11.478124782738));
#2786 = CARTESIAN_POINT('',(12.890057017776,11.951428678414));
#2787 = CARTESIAN_POINT('',(12.523794203762,12.409556378235));
#2788 = CARTESIAN_POINT('',(12.137438248932,12.850793978373));
#2789 = CARTESIAN_POINT('',(11.731172902458,13.273281560748));
#2790 = CARTESIAN_POINT('',(10.960742354205,14.000177578847));
#2791 = CARTESIAN_POINT('',(10.60334122651,14.311721782623));
#2792 = CARTESIAN_POINT('',(10.233353938837,14.608617900087));
#2793 = CARTESIAN_POINT('',(9.851086749909,14.889732926248));
#2794 = CARTESIAN_POINT('',(9.45697180161,15.153888369578));
#2795 = CARTESIAN_POINT('',(9.05159119821,15.39989349055));
#2796 = CARTESIAN_POINT('',(8.408782585976,15.75026298143));
#2797 = CARTESIAN_POINT('',(8.178735420608,15.868196248841));
#2798 = CARTESIAN_POINT('',(7.945683985474,15.980188515631));
#2799 = CARTESIAN_POINT('',(7.709767069282,16.0860531977));
#2800 = CARTESIAN_POINT('',(7.471139003282,16.18560955032));
#2801 = CARTESIAN_POINT('',(7.22997081109,16.278685264824));
#2802 = CARTESIAN_POINT('',(6.500798456545,16.53749471368));
#2803 = CARTESIAN_POINT('',(6.00572511529,16.683478731462));
#2804 = CARTESIAN_POINT('',(5.502820305914,16.801745164934));
#2805 = CARTESIAN_POINT('',(4.993822340034,16.891233406336));
#2806 = CARTESIAN_POINT('',(4.480622138293,16.951170984601));
#2807 = CARTESIAN_POINT('',(3.965272018028,16.981132124684));
#2808 = CARTESIAN_POINT('',(3.091873510907,16.981132201096));
#2809 = CARTESIAN_POINT('',(2.733733486673,16.966658911923));
#2810 = CARTESIAN_POINT('',(2.376304216692,16.937711694228));
#2811 = CARTESIAN_POINT('',(2.020281474971,16.894385068455));
#2812 = CARTESIAN_POINT('',(1.666333241707,16.836861450215));
#2813 = CARTESIAN_POINT('',(1.315100424861,16.765404011298));
#2814 = CARTESIAN_POINT('',(0.563526046931,16.581661340761));
#2815 = CARTESIAN_POINT('',(0.164307621611,16.464659467553));
#2816 = CARTESIAN_POINT('',(-0.229504998402,16.329869060144));
#2817 = CARTESIAN_POINT('',(-0.617081562821,16.177925338072));
#2818 = CARTESIAN_POINT('',(-0.997703408939,16.009545070568));
#2819 = CARTESIAN_POINT('',(-1.370752603668,15.825498045811));
#2820 = CARTESIAN_POINT('',(-2.151591198207,15.399893490552));
#2821 = CARTESIAN_POINT('',(-2.556971801606,15.15388836958));
#2822 = CARTESIAN_POINT('',(-2.951086749905,14.88973292625));
#2823 = CARTESIAN_POINT('',(-3.333353938834,14.608617900089));
#2824 = CARTESIAN_POINT('',(-3.703341226507,14.311721782625));
#2825 = CARTESIAN_POINT('',(-4.060742354202,14.00017757885));
#2826 = CARTESIAN_POINT('',(-4.831172902456,13.27328156075));
#2827 = CARTESIAN_POINT('',(-5.237438248929,12.850793978376));
#2828 = CARTESIAN_POINT('',(-5.623794203759,12.409556378238));
#2829 = CARTESIAN_POINT('',(-5.990057017774,11.951428678417));
#2830 = CARTESIAN_POINT('',(-6.336180957247,11.478124782741));
#2831 = CARTESIAN_POINT('',(-6.662225365716,10.991186205139));
#2832 = CARTESIAN_POINT('',(-7.19314269882,10.125282010938));
#2833 = CARTESIAN_POINT('',(-7.407192122391,9.751994908043));
#2834 = CARTESIAN_POINT('',(-7.610517637831,9.372637441503));
#2835 = CARTESIAN_POINT('',(-7.803176044055,8.987719628148));
#2836 = CARTESIAN_POINT('',(-7.985231106445,8.597717380083));
#2837 = CARTESIAN_POINT('',(-8.156751365717,8.203071439324));
#2838 = CARTESIAN_POINT('',(-8.439385755518,7.503077391442));
#2839 = CARTESIAN_POINT('',(-8.554999475603,7.199555977796));
#2840 = CARTESIAN_POINT('',(-8.664679246943,6.893797866272));
#2841 = CARTESIAN_POINT('',(-8.768454151091,6.585971374667));
#2842 = CARTESIAN_POINT('',(-8.866352211244,6.276237343815));
#2843 = CARTESIAN_POINT('',(-8.958400392245,5.964749137576));
#2844 = CARTESIAN_POINT('',(-9.261539155715,4.863993985956));
#2845 = CARTESIAN_POINT('',(-9.441576512534,4.066221191995));
#2846 = CARTESIAN_POINT('',(-9.585177331194,3.26057387749));
#2847 = CARTESIAN_POINT('',(-9.692649410274,2.449173373853));
#2848 = CARTESIAN_POINT('',(-9.764213341559,1.63403007102));
#2849 = CARTESIAN_POINT('',(-9.800000018735,0.817044192238));
#2850 = CARTESIAN_POINT('',(-9.800000018736,-0.817044192234));
#2851 = CARTESIAN_POINT('',(-9.76421334156,-1.634030071014));
#2852 = CARTESIAN_POINT('',(-9.692649410274,-2.44917337385));
#2853 = CARTESIAN_POINT('',(-9.585177331195,-3.260573877487));
#2854 = CARTESIAN_POINT('',(-9.441576512535,-4.066221191988));
#2855 = CARTESIAN_POINT('',(-9.261539155716,-4.863993985953));
#2856 = CARTESIAN_POINT('',(-8.958400392246,-5.964749137572));
#2857 = CARTESIAN_POINT('',(-8.866352211246,-6.276237343811));
#2858 = CARTESIAN_POINT('',(-8.768454151092,-6.585971374664));
#2859 = CARTESIAN_POINT('',(-8.664679246944,-6.893797866268));
#2860 = CARTESIAN_POINT('',(-8.554999475604,-7.199555977792));
#2861 = CARTESIAN_POINT('',(-8.439385755519,-7.503077391438));
#2862 = CARTESIAN_POINT('',(-8.156751365718,-8.20307143932));
#2863 = CARTESIAN_POINT('',(-7.985231106447,-8.597717380079));
#2864 = CARTESIAN_POINT('',(-7.803176044057,-8.987719628145));
#2865 = CARTESIAN_POINT('',(-7.610517637833,-9.372637441499));
#2866 = CARTESIAN_POINT('',(-7.407192122393,-9.751994908039));
#2867 = CARTESIAN_POINT('',(-7.193142698822,-10.12528201093));
#2868 = CARTESIAN_POINT('',(-6.662225365718,-10.99118620513));
#2869 = CARTESIAN_POINT('',(-6.336180957249,-11.47812478273));
#2870 = CARTESIAN_POINT('',(-5.990057017776,-11.95142867841));
#2871 = CARTESIAN_POINT('',(-5.623794203761,-12.40955637823));
#2872 = CARTESIAN_POINT('',(-5.237438248931,-12.85079397837));
#2873 = CARTESIAN_POINT('',(-4.831172902458,-13.27328156074));
#2874 = CARTESIAN_POINT('',(-4.060742354205,-14.00017757884));
#2875 = CARTESIAN_POINT('',(-3.70334122651,-14.31172178262));
#2876 = CARTESIAN_POINT('',(-3.333353938837,-14.60861790008));
#2877 = CARTESIAN_POINT('',(-2.951086749908,-14.88973292624));
#2878 = CARTESIAN_POINT('',(-2.556971801609,-15.15388836957));
#2879 = CARTESIAN_POINT('',(-2.15159119821,-15.39989349055));
#2880 = CARTESIAN_POINT('',(-1.056338808449,-15.99687249622));
#2881 = CARTESIAN_POINT('',(-0.348599522011,-16.31579978447));
#2882 = CARTESIAN_POINT('',(0.383732530145,-16.57790232207));
#2883 = CARTESIAN_POINT('',(1.13597409197,-16.77842135106));
#2884 = CARTESIAN_POINT('',(1.902466452319,-16.9136138121));
#2885 = CARTESIAN_POINT('',(2.676485656075,-16.98113215253));
#2886 = CARTESIAN_POINT('',(3.45,-16.98113207547));
#2887 = ( GEOMETRIC_REPRESENTATION_CONTEXT(2) 
PARAMETRIC_REPRESENTATION_CONTEXT() REPRESENTATION_CONTEXT('2D SPACE',''
  ) );
#2888 = PCURVE('',#1336,#2889);
#2889 = DEFINITIONAL_REPRESENTATION('',(#2890),#3049);
#2890 = B_SPLINE_CURVE_WITH_KNOTS('',7,(#2891,#2892,#2893,#2894,#2895,
    #2896,#2897,#2898,#2899,#2900,#2901,#2902,#2903,#2904,#2905,#2906,
    #2907,#2908,#2909,#2910,#2911,#2912,#2913,#2914,#2915,#2916,#2917,
    #2918,#2919,#2920,#2921,#2922,#2923,#2924,#2925,#2926,#2927,#2928,
    #2929,#2930,#2931,#2932,#2933,#2934,#2935,#2936,#2937,#2938,#2939,
    #2940,#2941,#2942,#2943,#2944,#2945,#2946,#2947,#2948,#2949,#2950,
    #2951,#2952,#2953,#2954,#2955,#2956,#2957,#2958,#2959,#2960,#2961,
    #2962,#2963,#2964,#2965,#2966,#2967,#2968,#2969,#2970,#2971,#2972,
    #2973,#2974,#2975,#2976,#2977,#2978,#2979,#2980,#2981,#2982,#2983,
    #2984,#2985,#2986,#2987,#2988,#2989,#2990,#2991,#2992,#2993,#2994,
    #2995,#2996,#2997,#2998,#2999,#3000,#3001,#3002,#3003,#3004,#3005,
    #3006,#3007,#3008,#3009,#3010,#3011,#3012,#3013,#3014,#3015,#3016,
    #3017,#3018,#3019,#3020,#3021,#3022,#3023,#3024,#3025,#3026,#3027,
    #3028,#3029,#3030,#3031,#3032,#3033,#3034,#3035,#3036,#3037,#3038,
    #3039,#3040,#3041,#3042,#3043,#3044,#3045,#3046,#3047,#3048),
  .UNSPECIFIED.,.F.,.F.,(8,6,6,6,6,6,6,6,6,6,6,6,6,6,6,6,6,6,6,6,6,6,6,6
    ,6,6,8),(0.,5.683386980357E-02,9.162628567338E-02,0.134617772483,
    0.166194082037,0.190030270949,0.249995139145,0.309960007342,
    0.333796196254,0.365372505809,0.408363992618,0.443156408489,
    0.462139883579,0.499998790028,0.52631164473,0.556842455565,
    0.591634960619,0.634626557629,0.666202948123,0.690039198135,
    0.750004220039,0.809969241944,0.833805491956,0.86538188245,
    0.90837347946,0.943165984514,1.),.UNSPECIFIED.);
#2891 = CARTESIAN_POINT('',(6.28318530718,-2.));
#2892 = CARTESIAN_POINT('',(6.224806861997,-2.));
#2893 = CARTESIAN_POINT('',(6.166390346411,-2.));
#2894 = CARTESIAN_POINT('',(6.108216804171,-2.));
#2895 = CARTESIAN_POINT('',(6.050467324786,-2.));
#2896 = CARTESIAN_POINT('',(5.993282574677,-2.));
#2897 = CARTESIAN_POINT('',(5.93677851656,-2.));
#2898 = CARTESIAN_POINT('',(5.846952711941,-2.));
#2899 = CARTESIAN_POINT('',(5.813128696527,-2.));
#2900 = CARTESIAN_POINT('',(5.779603791925,-2.));
#2901 = CARTESIAN_POINT('',(5.7463862043,-2.));
#2902 = CARTESIAN_POINT('',(5.713478762646,-2.));
#2903 = CARTESIAN_POINT('',(5.68087972608,-2.));
#2904 = CARTESIAN_POINT('',(5.60867665098,-2.));
#2905 = CARTESIAN_POINT('',(5.56923457253,-2.));
#2906 = CARTESIAN_POINT('',(5.530243974353,-2.));
#2907 = CARTESIAN_POINT('',(5.491688274382,-2.));
#2908 = CARTESIAN_POINT('',(5.453547208464,-2.));
#2909 = CARTESIAN_POINT('',(5.415796348895,-2.));
#2910 = CARTESIAN_POINT('',(5.350944684586,-2.));
#2911 = CARTESIAN_POINT('',(5.323678808606,-2.));
#2912 = CARTESIAN_POINT('',(5.296598090524,-2.));
#2913 = CARTESIAN_POINT('',(5.269691842093,-2.));
#2914 = CARTESIAN_POINT('',(5.24294934311,-2.));
#2915 = CARTESIAN_POINT('',(5.216359593222,-2.));
#2916 = CARTESIAN_POINT('',(5.169945711404,-2.));
#2917 = CARTESIAN_POINT('',(5.150061000947,-2.));
#2918 = CARTESIAN_POINT('',(5.130252165133,-2.));
#2919 = CARTESIAN_POINT('',(5.110514458541,-2.));
#2920 = CARTESIAN_POINT('',(5.090843157555,-2.));
#2921 = CARTESIAN_POINT('',(5.071233560367,-2.));
#2922 = CARTESIAN_POINT('',(5.002492440479,-2.));
#2923 = CARTESIAN_POINT('',(4.953668484959,-2.));
#2924 = CARTESIAN_POINT('',(4.905128229579,-2.));
#2925 = CARTESIAN_POINT('',(4.856799949026,-2.));
#2926 = CARTESIAN_POINT('',(4.808615231352,-2.));
#2927 = CARTESIAN_POINT('',(4.760503795768,-2.));
#2928 = CARTESIAN_POINT('',(4.664274165002,-2.));
#2929 = CARTESIAN_POINT('',(4.616162729418,-2.));
#2930 = CARTESIAN_POINT('',(4.567978011743,-2.));
#2931 = CARTESIAN_POINT('',(4.519649731191,-2.));
#2932 = CARTESIAN_POINT('',(4.471109475812,-2.));
#2933 = CARTESIAN_POINT('',(4.422285520291,-2.));
#2934 = CARTESIAN_POINT('',(4.353544400402,-2.));
#2935 = CARTESIAN_POINT('',(4.333934803214,-2.));
#2936 = CARTESIAN_POINT('',(4.314263502229,-2.));
#2937 = CARTESIAN_POINT('',(4.294525795637,-2.));
#2938 = CARTESIAN_POINT('',(4.274716959822,-2.));
#2939 = CARTESIAN_POINT('',(4.254832249365,-2.));
#2940 = CARTESIAN_POINT('',(4.208418367547,-2.));
#2941 = CARTESIAN_POINT('',(4.181828617659,-2.));
#2942 = CARTESIAN_POINT('',(4.155086118677,-2.));
#2943 = CARTESIAN_POINT('',(4.128179870246,-2.));
#2944 = CARTESIAN_POINT('',(4.101099152163,-2.));
#2945 = CARTESIAN_POINT('',(4.073833276183,-2.));
#2946 = CARTESIAN_POINT('',(4.008981611874,-2.));
#2947 = CARTESIAN_POINT('',(3.971230752305,-2.));
#2948 = CARTESIAN_POINT('',(3.933089686388,-2.));
#2949 = CARTESIAN_POINT('',(3.894533986416,-2.));
#2950 = CARTESIAN_POINT('',(3.855543388239,-2.));
#2951 = CARTESIAN_POINT('',(3.81610130979,-2.));
#2952 = CARTESIAN_POINT('',(3.74389823469,-2.));
#2953 = CARTESIAN_POINT('',(3.711299198124,-2.));
#2954 = CARTESIAN_POINT('',(3.678391756469,-2.));
#2955 = CARTESIAN_POINT('',(3.645174168845,-2.));
#2956 = CARTESIAN_POINT('',(3.611649264242,-2.));
#2957 = CARTESIAN_POINT('',(3.577825248829,-2.));
#2958 = CARTESIAN_POINT('',(3.525106068529,-2.));
#2959 = CARTESIAN_POINT('',(3.506410879445,-2.));
#2960 = CARTESIAN_POINT('',(3.487633444151,-2.));
#2961 = CARTESIAN_POINT('',(3.46877673219,-2.));
#2962 = CARTESIAN_POINT('',(3.449844275882,-2.));
#2963 = CARTESIAN_POINT('',(3.430840261728,-2.));
#2964 = CARTESIAN_POINT('',(3.373736881767,-2.));
#2965 = CARTESIAN_POINT('',(3.33543379073,-2.));
#2966 = CARTESIAN_POINT('',(3.296906826404,-2.));
#2967 = CARTESIAN_POINT('',(3.25820363027,-2.));
#2968 = CARTESIAN_POINT('',(3.219375443516,-2.));
#2969 = CARTESIAN_POINT('',(3.18048111105,-2.));
#2970 = CARTESIAN_POINT('',(3.114564236061,-2.));
#2971 = CARTESIAN_POINT('',(3.087534811547,-2.));
#2972 = CARTESIAN_POINT('',(3.060526752977,-2.));
#2973 = CARTESIAN_POINT('',(3.033560353478,-2.));
#2974 = CARTESIAN_POINT('',(3.006654504981,-2.));
#2975 = CARTESIAN_POINT('',(2.979827376827,-2.));
#2976 = CARTESIAN_POINT('',(2.922081942032,-2.));
#2977 = CARTESIAN_POINT('',(2.89119490712,-2.));
#2978 = CARTESIAN_POINT('',(2.860463487298,-2.));
#2979 = CARTESIAN_POINT('',(2.829909525871,-2.));
#2980 = CARTESIAN_POINT('',(2.799550296754,-2.));
#2981 = CARTESIAN_POINT('',(2.769399589434,-2.));
#2982 = CARTESIAN_POINT('',(2.705360058351,-2.));
#2983 = CARTESIAN_POINT('',(2.671536042937,-2.));
#2984 = CARTESIAN_POINT('',(2.638011138335,-2.));
#2985 = CARTESIAN_POINT('',(2.604793550711,-2.));
#2986 = CARTESIAN_POINT('',(2.571886109056,-2.));
#2987 = CARTESIAN_POINT('',(2.53928707249,-2.));
#2988 = CARTESIAN_POINT('',(2.46708399739,-2.));
#2989 = CARTESIAN_POINT('',(2.42764191894,-2.));
#2990 = CARTESIAN_POINT('',(2.388651320764,-2.));
#2991 = CARTESIAN_POINT('',(2.350095620792,-2.));
#2992 = CARTESIAN_POINT('',(2.311954554875,-2.));
#2993 = CARTESIAN_POINT('',(2.274203695305,-2.));
#2994 = CARTESIAN_POINT('',(2.209352030997,-2.));
#2995 = CARTESIAN_POINT('',(2.182086155017,-2.));
#2996 = CARTESIAN_POINT('',(2.155005436934,-2.));
#2997 = CARTESIAN_POINT('',(2.128099188503,-2.));
#2998 = CARTESIAN_POINT('',(2.101356689521,-2.));
#2999 = CARTESIAN_POINT('',(2.074766939633,-2.));
#3000 = CARTESIAN_POINT('',(2.028353057815,-2.));
#3001 = CARTESIAN_POINT('',(2.008468347358,-2.));
#3002 = CARTESIAN_POINT('',(1.988659511543,-2.));
#3003 = CARTESIAN_POINT('',(1.968921804951,-2.));
#3004 = CARTESIAN_POINT('',(1.949250503966,-2.));
#3005 = CARTESIAN_POINT('',(1.929640906778,-2.));
#3006 = CARTESIAN_POINT('',(1.860899786889,-2.));
#3007 = CARTESIAN_POINT('',(1.812075831369,-2.));
#3008 = CARTESIAN_POINT('',(1.763535575989,-2.));
#3009 = CARTESIAN_POINT('',(1.715207295436,-2.));
#3010 = CARTESIAN_POINT('',(1.667022577763,-2.));
#3011 = CARTESIAN_POINT('',(1.618911142178,-2.));
#3012 = CARTESIAN_POINT('',(1.522681511412,-2.));
#3013 = CARTESIAN_POINT('',(1.474570075828,-2.));
#3014 = CARTESIAN_POINT('',(1.426385358154,-2.));
#3015 = CARTESIAN_POINT('',(1.378057077601,-2.));
#3016 = CARTESIAN_POINT('',(1.329516822222,-2.));
#3017 = CARTESIAN_POINT('',(1.280692866701,-2.));
#3018 = CARTESIAN_POINT('',(1.211951746812,-2.));
#3019 = CARTESIAN_POINT('',(1.192342149624,-2.));
#3020 = CARTESIAN_POINT('',(1.172670848639,-2.));
#3021 = CARTESIAN_POINT('',(1.152933142047,-2.));
#3022 = CARTESIAN_POINT('',(1.133124306232,-2.));
#3023 = CARTESIAN_POINT('',(1.113239595775,-2.));
#3024 = CARTESIAN_POINT('',(1.066825713957,-2.));
#3025 = CARTESIAN_POINT('',(1.040235964069,-2.));
#3026 = CARTESIAN_POINT('',(1.013493465087,-2.));
#3027 = CARTESIAN_POINT('',(0.986587216656,-2.));
#3028 = CARTESIAN_POINT('',(0.959506498573,-2.));
#3029 = CARTESIAN_POINT('',(0.932240622593,-2.));
#3030 = CARTESIAN_POINT('',(0.867388958285,-2.));
#3031 = CARTESIAN_POINT('',(0.829638098715,-2.));
#3032 = CARTESIAN_POINT('',(0.791497032798,-2.));
#3033 = CARTESIAN_POINT('',(0.752941332826,-2.));
#3034 = CARTESIAN_POINT('',(0.71395073465,-2.));
#3035 = CARTESIAN_POINT('',(0.6745086562,-2.));
#3036 = CARTESIAN_POINT('',(0.6023055811,-2.));
#3037 = CARTESIAN_POINT('',(0.569706544534,-2.));
#3038 = CARTESIAN_POINT('',(0.536799102879,-2.));
#3039 = CARTESIAN_POINT('',(0.503581515255,-2.));
#3040 = CARTESIAN_POINT('',(0.470056610653,-2.));
#3041 = CARTESIAN_POINT('',(0.436232595239,-2.));
#3042 = CARTESIAN_POINT('',(0.346406790621,-2.));
#3043 = CARTESIAN_POINT('',(0.289902732499,-2.));
#3044 = CARTESIAN_POINT('',(0.232717982401,-2.));
#3045 = CARTESIAN_POINT('',(0.174968503001,-2.));
#3046 = CARTESIAN_POINT('',(0.116794960772,-2.));
#3047 = CARTESIAN_POINT('',(5.837844518168E-02,-2.));
#3048 = CARTESIAN_POINT('',(0.,-2.));
#3049 = ( GEOMETRIC_REPRESENTATION_CONTEXT(2) 
PARAMETRIC_REPRESENTATION_CONTEXT() REPRESENTATION_CONTEXT('2D SPACE',''
  ) );
#3050 = ORIENTED_EDGE('',*,*,#3051,.T.);
#3051 = EDGE_CURVE('',#2564,#1916,#3052,.T.);
#3052 = SURFACE_CURVE('',#3053,(#3057,#3063),.PCURVE_S1.);
#3053 = LINE('',#3054,#3055);
#3054 = CARTESIAN_POINT('',(-33.5,8.246211251235,0.));
#3055 = VECTOR('',#3056,1.);
#3056 = DIRECTION('',(0.,0.,1.));
#3057 = PCURVE('',#1964,#3058);
#3058 = DEFINITIONAL_REPRESENTATION('',(#3059),#3062);
#3059 = B_SPLINE_CURVE_WITH_KNOTS('',1,(#3060,#3061),.UNSPECIFIED.,.F.,
  .F.,(2,2),(-6.E-07,29.216224263641),.PIECEWISE_BEZIER_KNOTS.);
#3060 = CARTESIAN_POINT('',(18.2600006,-8.246211251235));
#3061 = CARTESIAN_POINT('',(-10.95622426364,-8.246211251235));
#3062 = ( GEOMETRIC_REPRESENTATION_CONTEXT(2) 
PARAMETRIC_REPRESENTATION_CONTEXT() REPRESENTATION_CONTEXT('2D SPACE',''
  ) );
#3063 = PCURVE('',#1932,#3064);
#3064 = DEFINITIONAL_REPRESENTATION('',(#3065),#3068);
#3065 = B_SPLINE_CURVE_WITH_KNOTS('',1,(#3066,#3067),.UNSPECIFIED.,.F.,
  .F.,(2,2),(26.392824702395,29.216223663641),.PIECEWISE_BEZIER_KNOTS.);
#3066 = CARTESIAN_POINT('',(9.183420854507,26.392824702395));
#3067 = CARTESIAN_POINT('',(9.183420854507,29.216223663641));
#3068 = ( GEOMETRIC_REPRESENTATION_CONTEXT(2) 
PARAMETRIC_REPRESENTATION_CONTEXT() REPRESENTATION_CONTEXT('2D SPACE',''
  ) );
#3069 = ORIENTED_EDGE('',*,*,#1943,.T.);
#3070 = ORIENTED_EDGE('',*,*,#3071,.F.);
#3071 = EDGE_CURVE('',#3072,#1944,#3074,.T.);
#3072 = VERTEX_POINT('',#3073);
#3073 = CARTESIAN_POINT('',(-33.5,-8.246211251235,26.392824702395));
#3074 = SURFACE_CURVE('',#3075,(#3079,#3085),.PCURVE_S1.);
#3075 = LINE('',#3076,#3077);
#3076 = CARTESIAN_POINT('',(-33.5,-8.246211251235,0.));
#3077 = VECTOR('',#3078,1.);
#3078 = DIRECTION('',(0.,0.,1.));
#3079 = PCURVE('',#1964,#3080);
#3080 = DEFINITIONAL_REPRESENTATION('',(#3081),#3084);
#3081 = B_SPLINE_CURVE_WITH_KNOTS('',1,(#3082,#3083),.UNSPECIFIED.,.F.,
  .F.,(2,2),(-6.E-07,29.216224263641),.PIECEWISE_BEZIER_KNOTS.);
#3082 = CARTESIAN_POINT('',(18.2600006,8.246211251235));
#3083 = CARTESIAN_POINT('',(-10.95622426364,8.246211251235));
#3084 = ( GEOMETRIC_REPRESENTATION_CONTEXT(2) 
PARAMETRIC_REPRESENTATION_CONTEXT() REPRESENTATION_CONTEXT('2D SPACE',''
  ) );
#3085 = PCURVE('',#1932,#3086);
#3086 = DEFINITIONAL_REPRESENTATION('',(#3087),#3090);
#3087 = B_SPLINE_CURVE_WITH_KNOTS('',1,(#3088,#3089),.UNSPECIFIED.,.F.,
  .F.,(2,2),(26.392824702395,29.216223663641),.PIECEWISE_BEZIER_KNOTS.);
#3088 = CARTESIAN_POINT('',(3.382949759852,26.392824702395));
#3089 = CARTESIAN_POINT('',(3.382949759852,29.216223663641));
#3090 = ( GEOMETRIC_REPRESENTATION_CONTEXT(2) 
PARAMETRIC_REPRESENTATION_CONTEXT() REPRESENTATION_CONTEXT('2D SPACE',''
  ) );
#3091 = ORIENTED_EDGE('',*,*,#3092,.F.);
#3092 = EDGE_CURVE('',#2005,#3072,#3093,.T.);
#3093 = SURFACE_CURVE('',#3094,(#3253,#3415),.PCURVE_S1.);
#3094 = B_SPLINE_CURVE_WITH_KNOTS('',7,(#3095,#3096,#3097,#3098,#3099,
    #3100,#3101,#3102,#3103,#3104,#3105,#3106,#3107,#3108,#3109,#3110,
    #3111,#3112,#3113,#3114,#3115,#3116,#3117,#3118,#3119,#3120,#3121,
    #3122,#3123,#3124,#3125,#3126,#3127,#3128,#3129,#3130,#3131,#3132,
    #3133,#3134,#3135,#3136,#3137,#3138,#3139,#3140,#3141,#3142,#3143,
    #3144,#3145,#3146,#3147,#3148,#3149,#3150,#3151,#3152,#3153,#3154,
    #3155,#3156,#3157,#3158,#3159,#3160,#3161,#3162,#3163,#3164,#3165,
    #3166,#3167,#3168,#3169,#3170,#3171,#3172,#3173,#3174,#3175,#3176,
    #3177,#3178,#3179,#3180,#3181,#3182,#3183,#3184,#3185,#3186,#3187,
    #3188,#3189,#3190,#3191,#3192,#3193,#3194,#3195,#3196,#3197,#3198,
    #3199,#3200,#3201,#3202,#3203,#3204,#3205,#3206,#3207,#3208,#3209,
    #3210,#3211,#3212,#3213,#3214,#3215,#3216,#3217,#3218,#3219,#3220,
    #3221,#3222,#3223,#3224,#3225,#3226,#3227,#3228,#3229,#3230,#3231,
    #3232,#3233,#3234,#3235,#3236,#3237,#3238,#3239,#3240,#3241,#3242,
    #3243,#3244,#3245,#3246,#3247,#3248,#3249,#3250,#3251,#3252),
  .UNSPECIFIED.,.T.,.F.,(8,6,6,6,6,6,6,6,6,6,6,6,6,6,6,6,6,6,6,6,6,6,6,6
    ,6,6,8),(0.,5.683386980357E-02,9.162628567338E-02,0.134617772483,
    0.166194082037,0.190030270949,0.249995139145,0.309960007342,
    0.333796196254,0.365372505809,0.408363992618,0.443156408489,
    0.462139883579,0.499998790028,0.52631164473,0.556842455565,
    0.591634960619,0.634626557629,0.666202948123,0.690039198135,
    0.750004220039,0.809969241944,0.833805491956,0.86538188245,
    0.90837347946,0.943165984514,1.),.UNSPECIFIED.);
#3095 = CARTESIAN_POINT('',(-33.5,16.981132075472,14.81));
#3096 = CARTESIAN_POINT('',(-33.5,16.981132152529,14.036485656074));
#3097 = CARTESIAN_POINT('',(-33.5,16.913613812103,13.262466452324));
#3098 = CARTESIAN_POINT('',(-33.5,16.778421351064,12.495974091962));
#3099 = CARTESIAN_POINT('',(-33.5,16.577902322079,11.743732530156));
#3100 = CARTESIAN_POINT('',(-33.5,16.315799784474,11.011400477984));
#3101 = CARTESIAN_POINT('',(-33.5,15.99687249623,10.303661191554));
#3102 = CARTESIAN_POINT('',(-33.5,15.399893490551,9.208408801791));
#3103 = CARTESIAN_POINT('',(-33.5,15.153888369579,8.803028198393));
#3104 = CARTESIAN_POINT('',(-33.5,14.889732926249,8.408913250094));
#3105 = CARTESIAN_POINT('',(-33.5,14.608617900088,8.026646061165));
#3106 = CARTESIAN_POINT('',(-33.5,14.311721782624,7.656658773492));
#3107 = CARTESIAN_POINT('',(-33.5,14.000177578849,7.299257645797));
#3108 = CARTESIAN_POINT('',(-33.5,13.27328156075,6.528827097543));
#3109 = CARTESIAN_POINT('',(-33.5,12.850793978375,6.12256175107));
#3110 = CARTESIAN_POINT('',(-33.5,12.409556378237,5.73620579624));
#3111 = CARTESIAN_POINT('',(-33.5,11.951428678416,5.369942982225));
#3112 = CARTESIAN_POINT('',(-33.5,11.47812478274,5.023819042753));
#3113 = CARTESIAN_POINT('',(-33.5,10.991186205138,4.697774634283));
#3114 = CARTESIAN_POINT('',(-33.5,10.125282010937,4.166857301179));
#3115 = CARTESIAN_POINT('',(-33.5,9.751994908042,3.952807877608));
#3116 = CARTESIAN_POINT('',(-33.5,9.372637441501,3.749482362168));
#3117 = CARTESIAN_POINT('',(-33.5,8.987719628147,3.556823955944));
#3118 = CARTESIAN_POINT('',(-33.5,8.597717380082,3.374768893554));
#3119 = CARTESIAN_POINT('',(-33.5,8.203071439323,3.203248634283));
#3120 = CARTESIAN_POINT('',(-33.5,7.503077391441,2.920614244482));
#3121 = CARTESIAN_POINT('',(-33.5,7.199555977795,2.805000524397));
#3122 = CARTESIAN_POINT('',(-33.5,6.893797866271,2.695320753057));
#3123 = CARTESIAN_POINT('',(-33.5,6.585971374667,2.591545848909));
#3124 = CARTESIAN_POINT('',(-33.5,6.276237343814,2.493647788755));
#3125 = CARTESIAN_POINT('',(-33.5,5.964749137575,2.401599607754));
#3126 = CARTESIAN_POINT('',(-33.5,4.863993985956,2.098460844286));
#3127 = CARTESIAN_POINT('',(-33.5,4.066221191993,1.918423487464));
#3128 = CARTESIAN_POINT('',(-33.5,3.26057387749,1.774822668807));
#3129 = CARTESIAN_POINT('',(-33.5,2.449173373853,1.667350589727));
#3130 = CARTESIAN_POINT('',(-33.5,1.634030071018,1.595786658439));
#3131 = CARTESIAN_POINT('',(-33.5,0.817044192238,1.559999981265));
#3132 = CARTESIAN_POINT('',(-33.5,-0.817044192234,1.559999981264));
#3133 = CARTESIAN_POINT('',(-33.5,-1.634030071015,1.595786658442));
#3134 = CARTESIAN_POINT('',(-33.5,-2.44917337385,1.667350589725));
#3135 = CARTESIAN_POINT('',(-33.5,-3.260573877487,1.774822668805));
#3136 = CARTESIAN_POINT('',(-33.5,-4.06622119199,1.918423487466));
#3137 = CARTESIAN_POINT('',(-33.5,-4.863993985953,2.098460844284));
#3138 = CARTESIAN_POINT('',(-33.5,-5.964749137572,2.401599607754));
#3139 = CARTESIAN_POINT('',(-33.5,-6.276237343811,2.493647788754));
#3140 = CARTESIAN_POINT('',(-33.5,-6.585971374664,2.591545848908));
#3141 = CARTESIAN_POINT('',(-33.5,-6.893797866268,2.695320753056));
#3142 = CARTESIAN_POINT('',(-33.5,-7.199555977792,2.805000524396));
#3143 = CARTESIAN_POINT('',(-33.5,-7.503077391438,2.920614244481));
#3144 = CARTESIAN_POINT('',(-33.5,-8.20307143932,3.203248634282));
#3145 = CARTESIAN_POINT('',(-33.5,-8.597717380079,3.374768893553));
#3146 = CARTESIAN_POINT('',(-33.5,-8.987719628145,3.556823955943));
#3147 = CARTESIAN_POINT('',(-33.5,-9.372637441499,3.749482362167));
#3148 = CARTESIAN_POINT('',(-33.5,-9.751994908039,3.952807877607));
#3149 = CARTESIAN_POINT('',(-33.5,-10.12528201093,4.166857301178));
#3150 = CARTESIAN_POINT('',(-33.5,-10.99118620513,4.697774634281));
#3151 = CARTESIAN_POINT('',(-33.5,-11.47812478273,5.023819042751));
#3152 = CARTESIAN_POINT('',(-33.5,-11.95142867841,5.369942982224));
#3153 = CARTESIAN_POINT('',(-33.5,-12.40955637823,5.736205796238));
#3154 = CARTESIAN_POINT('',(-33.5,-12.85079397837,6.122561751068));
#3155 = CARTESIAN_POINT('',(-33.5,-13.27328156074,6.528827097542));
#3156 = CARTESIAN_POINT('',(-33.5,-14.00017757884,7.299257645795));
#3157 = CARTESIAN_POINT('',(-33.5,-14.31172178262,7.65665877349));
#3158 = CARTESIAN_POINT('',(-33.5,-14.60861790008,8.026646061163));
#3159 = CARTESIAN_POINT('',(-33.5,-14.88973292624,8.408913250091));
#3160 = CARTESIAN_POINT('',(-33.5,-15.15388836957,8.80302819839));
#3161 = CARTESIAN_POINT('',(-33.5,-15.39989349055,9.20840880179));
#3162 = CARTESIAN_POINT('',(-33.5,-15.75026298143,9.851217414024));
#3163 = CARTESIAN_POINT('',(-33.5,-15.86819624884,10.081264579392));
#3164 = CARTESIAN_POINT('',(-33.5,-15.98018851563,10.314316014526));
#3165 = CARTESIAN_POINT('',(-33.5,-16.0860531977,10.550232930718));
#3166 = CARTESIAN_POINT('',(-33.5,-16.18560955032,10.788860996718));
#3167 = CARTESIAN_POINT('',(-33.5,-16.27868526482,11.03002918891));
#3168 = CARTESIAN_POINT('',(-33.5,-16.53749471368,11.759201543455));
#3169 = CARTESIAN_POINT('',(-33.5,-16.68347873146,12.25427488471));
#3170 = CARTESIAN_POINT('',(-33.5,-16.80174516493,12.757179694086));
#3171 = CARTESIAN_POINT('',(-33.5,-16.89123340633,13.266177659966));
#3172 = CARTESIAN_POINT('',(-33.5,-16.9511709846,13.779377861707));
#3173 = CARTESIAN_POINT('',(-33.5,-16.98113212468,14.294727981972));
#3174 = CARTESIAN_POINT('',(-33.5,-16.98113220109,15.168126489093));
#3175 = CARTESIAN_POINT('',(-33.5,-16.96665891192,15.526266513327));
#3176 = CARTESIAN_POINT('',(-33.5,-16.93771169422,15.883695783308));
#3177 = CARTESIAN_POINT('',(-33.5,-16.89438506845,16.239718525029));
#3178 = CARTESIAN_POINT('',(-33.5,-16.83686145021,16.593666758293));
#3179 = CARTESIAN_POINT('',(-33.5,-16.76540401129,16.944899575139));
#3180 = CARTESIAN_POINT('',(-33.5,-16.58166134076,17.696473953069));
#3181 = CARTESIAN_POINT('',(-33.5,-16.46465946755,18.095692378389));
#3182 = CARTESIAN_POINT('',(-33.5,-16.32986906014,18.489504998402));
#3183 = CARTESIAN_POINT('',(-33.5,-16.17792533807,18.877081562821));
#3184 = CARTESIAN_POINT('',(-33.5,-16.00954507056,19.257703408939));
#3185 = CARTESIAN_POINT('',(-33.5,-15.82549804581,19.630752603668));
#3186 = CARTESIAN_POINT('',(-33.5,-15.39989349055,20.411591198207));
#3187 = CARTESIAN_POINT('',(-33.5,-15.15388836958,20.816971801606));
#3188 = CARTESIAN_POINT('',(-33.5,-14.88973292625,21.211086749905));
#3189 = CARTESIAN_POINT('',(-33.5,-14.60861790008,21.593353938834));
#3190 = CARTESIAN_POINT('',(-33.5,-14.31172178262,21.963341226507));
#3191 = CARTESIAN_POINT('',(-33.5,-14.00017757885,22.320742354202));
#3192 = CARTESIAN_POINT('',(-33.5,-13.27328156075,23.091172902456));
#3193 = CARTESIAN_POINT('',(-33.5,-12.85079397837,23.497438248929));
#3194 = CARTESIAN_POINT('',(-33.5,-12.40955637823,23.883794203759));
#3195 = CARTESIAN_POINT('',(-33.5,-11.95142867841,24.250057017774));
#3196 = CARTESIAN_POINT('',(-33.5,-11.47812478274,24.596180957247));
#3197 = CARTESIAN_POINT('',(-33.5,-10.99118620513,24.922225365716));
#3198 = CARTESIAN_POINT('',(-33.5,-10.12528201093,25.45314269882));
#3199 = CARTESIAN_POINT('',(-33.5,-9.751994908043,25.667192122391));
#3200 = CARTESIAN_POINT('',(-33.5,-9.372637441503,25.870517637831));
#3201 = CARTESIAN_POINT('',(-33.5,-8.987719628148,26.063176044055));
#3202 = CARTESIAN_POINT('',(-33.5,-8.597717380083,26.245231106445));
#3203 = CARTESIAN_POINT('',(-33.5,-8.203071439324,26.416751365717));
#3204 = CARTESIAN_POINT('',(-33.5,-7.503077391442,26.699385755518));
#3205 = CARTESIAN_POINT('',(-33.5,-7.199555977796,26.814999475603));
#3206 = CARTESIAN_POINT('',(-33.5,-6.893797866272,26.924679246943));
#3207 = CARTESIAN_POINT('',(-33.5,-6.585971374667,27.028454151091));
#3208 = CARTESIAN_POINT('',(-33.5,-6.276237343815,27.126352211244));
#3209 = CARTESIAN_POINT('',(-33.5,-5.964749137576,27.218400392245));
#3210 = CARTESIAN_POINT('',(-33.5,-4.863993985956,27.521539155715));
#3211 = CARTESIAN_POINT('',(-33.5,-4.066221191995,27.701576512534));
#3212 = CARTESIAN_POINT('',(-33.5,-3.26057387749,27.845177331194));
#3213 = CARTESIAN_POINT('',(-33.5,-2.449173373853,27.952649410274));
#3214 = CARTESIAN_POINT('',(-33.5,-1.63403007102,28.024213341559));
#3215 = CARTESIAN_POINT('',(-33.5,-0.817044192238,28.060000018735));
#3216 = CARTESIAN_POINT('',(-33.5,0.817044192234,28.060000018736));
#3217 = CARTESIAN_POINT('',(-33.5,1.634030071014,28.02421334156));
#3218 = CARTESIAN_POINT('',(-33.5,2.44917337385,27.952649410274));
#3219 = CARTESIAN_POINT('',(-33.5,3.260573877487,27.845177331195));
#3220 = CARTESIAN_POINT('',(-33.5,4.066221191988,27.701576512535));
#3221 = CARTESIAN_POINT('',(-33.5,4.863993985953,27.521539155716));
#3222 = CARTESIAN_POINT('',(-33.5,5.964749137572,27.218400392246));
#3223 = CARTESIAN_POINT('',(-33.5,6.276237343811,27.126352211246));
#3224 = CARTESIAN_POINT('',(-33.5,6.585971374664,27.028454151092));
#3225 = CARTESIAN_POINT('',(-33.5,6.893797866268,26.924679246944));
#3226 = CARTESIAN_POINT('',(-33.5,7.199555977792,26.814999475604));
#3227 = CARTESIAN_POINT('',(-33.5,7.503077391438,26.699385755519));
#3228 = CARTESIAN_POINT('',(-33.5,8.20307143932,26.416751365718));
#3229 = CARTESIAN_POINT('',(-33.5,8.597717380079,26.245231106447));
#3230 = CARTESIAN_POINT('',(-33.5,8.987719628145,26.063176044057));
#3231 = CARTESIAN_POINT('',(-33.5,9.372637441499,25.870517637833));
#3232 = CARTESIAN_POINT('',(-33.5,9.751994908039,25.667192122393));
#3233 = CARTESIAN_POINT('',(-33.5,10.125282010935,25.453142698822));
#3234 = CARTESIAN_POINT('',(-33.5,10.991186205136,24.922225365718));
#3235 = CARTESIAN_POINT('',(-33.5,11.478124782738,24.596180957249));
#3236 = CARTESIAN_POINT('',(-33.5,11.951428678414,24.250057017776));
#3237 = CARTESIAN_POINT('',(-33.5,12.409556378236,23.883794203761));
#3238 = CARTESIAN_POINT('',(-33.5,12.850793978373,23.497438248931));
#3239 = CARTESIAN_POINT('',(-33.5,13.273281560748,23.091172902458));
#3240 = CARTESIAN_POINT('',(-33.5,14.000177578848,22.320742354205));
#3241 = CARTESIAN_POINT('',(-33.5,14.311721782623,21.96334122651));
#3242 = CARTESIAN_POINT('',(-33.5,14.608617900087,21.593353938837));
#3243 = CARTESIAN_POINT('',(-33.5,14.889732926248,21.211086749908));
#3244 = CARTESIAN_POINT('',(-33.5,15.153888369578,20.816971801609));
#3245 = CARTESIAN_POINT('',(-33.5,15.39989349055,20.41159119821));
#3246 = CARTESIAN_POINT('',(-33.5,15.996872496228,19.316338808449));
#3247 = CARTESIAN_POINT('',(-33.5,16.315799784476,18.608599522011));
#3248 = CARTESIAN_POINT('',(-33.5,16.577902322075,17.876267469855));
#3249 = CARTESIAN_POINT('',(-33.5,16.778421351066,17.12402590803));
#3250 = CARTESIAN_POINT('',(-33.5,16.913613812102,16.357533547681));
#3251 = CARTESIAN_POINT('',(-33.5,16.98113215253,15.583514343925));
#3252 = CARTESIAN_POINT('',(-33.5,16.981132075472,14.81));
#3253 = PCURVE('',#1964,#3254);
#3254 = DEFINITIONAL_REPRESENTATION('',(#3255),#3414);
#3255 = B_SPLINE_CURVE_WITH_KNOTS('',7,(#3256,#3257,#3258,#3259,#3260,
    #3261,#3262,#3263,#3264,#3265,#3266,#3267,#3268,#3269,#3270,#3271,
    #3272,#3273,#3274,#3275,#3276,#3277,#3278,#3279,#3280,#3281,#3282,
    #3283,#3284,#3285,#3286,#3287,#3288,#3289,#3290,#3291,#3292,#3293,
    #3294,#3295,#3296,#3297,#3298,#3299,#3300,#3301,#3302,#3303,#3304,
    #3305,#3306,#3307,#3308,#3309,#3310,#3311,#3312,#3313,#3314,#3315,
    #3316,#3317,#3318,#3319,#3320,#3321,#3322,#3323,#3324,#3325,#3326,
    #3327,#3328,#3329,#3330,#3331,#3332,#3333,#3334,#3335,#3336,#3337,
    #3338,#3339,#3340,#3341,#3342,#3343,#3344,#3345,#3346,#3347,#3348,
    #3349,#3350,#3351,#3352,#3353,#3354,#3355,#3356,#3357,#3358,#3359,
    #3360,#3361,#3362,#3363,#3364,#3365,#3366,#3367,#3368,#3369,#3370,
    #3371,#3372,#3373,#3374,#3375,#3376,#3377,#3378,#3379,#3380,#3381,
    #3382,#3383,#3384,#3385,#3386,#3387,#3388,#3389,#3390,#3391,#3392,
    #3393,#3394,#3395,#3396,#3397,#3398,#3399,#3400,#3401,#3402,#3403,
    #3404,#3405,#3406,#3407,#3408,#3409,#3410,#3411,#3412,#3413),
  .UNSPECIFIED.,.F.,.F.,(8,6,6,6,6,6,6,6,6,6,6,6,6,6,6,6,6,6,6,6,6,6,6,6
    ,6,6,8),(0.,5.683386980357E-02,9.162628567338E-02,0.134617772483,
    0.166194082037,0.190030270949,0.249995139145,0.309960007342,
    0.333796196254,0.365372505809,0.408363992618,0.443156408489,
    0.462139883579,0.499998790028,0.52631164473,0.556842455565,
    0.591634960619,0.634626557629,0.666202948123,0.690039198135,
    0.750004220039,0.809969241944,0.833805491956,0.86538188245,
    0.90837347946,0.943165984514,1.),.UNSPECIFIED.);
#3256 = CARTESIAN_POINT('',(3.45,-16.98113207547));
#3257 = CARTESIAN_POINT('',(4.223514343926,-16.98113215252));
#3258 = CARTESIAN_POINT('',(4.997533547676,-16.9136138121));
#3259 = CARTESIAN_POINT('',(5.764025908038,-16.77842135106));
#3260 = CARTESIAN_POINT('',(6.516267469844,-16.57790232207));
#3261 = CARTESIAN_POINT('',(7.248599522016,-16.31579978447));
#3262 = CARTESIAN_POINT('',(7.956338808446,-15.99687249623));
#3263 = CARTESIAN_POINT('',(9.051591198209,-15.39989349055));
#3264 = CARTESIAN_POINT('',(9.456971801607,-15.15388836957));
#3265 = CARTESIAN_POINT('',(9.851086749906,-14.88973292624));
#3266 = CARTESIAN_POINT('',(10.233353938835,-14.60861790008));
#3267 = CARTESIAN_POINT('',(10.603341226508,-14.31172178262));
#3268 = CARTESIAN_POINT('',(10.960742354203,-14.00017757884));
#3269 = CARTESIAN_POINT('',(11.731172902457,-13.27328156075));
#3270 = CARTESIAN_POINT('',(12.13743824893,-12.85079397837));
#3271 = CARTESIAN_POINT('',(12.52379420376,-12.40955637823));
#3272 = CARTESIAN_POINT('',(12.890057017775,-11.95142867841));
#3273 = CARTESIAN_POINT('',(13.236180957247,-11.47812478274));
#3274 = CARTESIAN_POINT('',(13.562225365717,-10.99118620513));
#3275 = CARTESIAN_POINT('',(14.093142698821,-10.12528201093));
#3276 = CARTESIAN_POINT('',(14.307192122392,-9.751994908042));
#3277 = CARTESIAN_POINT('',(14.510517637832,-9.372637441501));
#3278 = CARTESIAN_POINT('',(14.703176044056,-8.987719628147));
#3279 = CARTESIAN_POINT('',(14.885231106446,-8.597717380082));
#3280 = CARTESIAN_POINT('',(15.056751365717,-8.203071439323));
#3281 = CARTESIAN_POINT('',(15.339385755518,-7.503077391441));
#3282 = CARTESIAN_POINT('',(15.454999475603,-7.199555977795));
#3283 = CARTESIAN_POINT('',(15.564679246943,-6.893797866271));
#3284 = CARTESIAN_POINT('',(15.668454151091,-6.585971374667));
#3285 = CARTESIAN_POINT('',(15.766352211245,-6.276237343814));
#3286 = CARTESIAN_POINT('',(15.858400392246,-5.964749137575));
#3287 = CARTESIAN_POINT('',(16.161539155714,-4.863993985956));
#3288 = CARTESIAN_POINT('',(16.341576512536,-4.066221191993));
#3289 = CARTESIAN_POINT('',(16.485177331193,-3.26057387749));
#3290 = CARTESIAN_POINT('',(16.592649410273,-2.449173373853));
#3291 = CARTESIAN_POINT('',(16.664213341561,-1.634030071018));
#3292 = CARTESIAN_POINT('',(16.700000018735,-0.817044192238));
#3293 = CARTESIAN_POINT('',(16.700000018736,0.817044192234));
#3294 = CARTESIAN_POINT('',(16.664213341558,1.634030071015));
#3295 = CARTESIAN_POINT('',(16.592649410275,2.44917337385));
#3296 = CARTESIAN_POINT('',(16.485177331195,3.260573877487));
#3297 = CARTESIAN_POINT('',(16.341576512534,4.06622119199));
#3298 = CARTESIAN_POINT('',(16.161539155716,4.863993985953));
#3299 = CARTESIAN_POINT('',(15.858400392246,5.964749137572));
#3300 = CARTESIAN_POINT('',(15.766352211246,6.276237343811));
#3301 = CARTESIAN_POINT('',(15.668454151092,6.585971374664));
#3302 = CARTESIAN_POINT('',(15.564679246944,6.893797866268));
#3303 = CARTESIAN_POINT('',(15.454999475604,7.199555977792));
#3304 = CARTESIAN_POINT('',(15.339385755519,7.503077391438));
#3305 = CARTESIAN_POINT('',(15.056751365718,8.20307143932));
#3306 = CARTESIAN_POINT('',(14.885231106447,8.597717380079));
#3307 = CARTESIAN_POINT('',(14.703176044057,8.987719628145));
#3308 = CARTESIAN_POINT('',(14.510517637833,9.372637441499));
#3309 = CARTESIAN_POINT('',(14.307192122393,9.751994908039));
#3310 = CARTESIAN_POINT('',(14.093142698822,10.125282010935));
#3311 = CARTESIAN_POINT('',(13.562225365719,10.991186205135));
#3312 = CARTESIAN_POINT('',(13.236180957249,11.478124782738));
#3313 = CARTESIAN_POINT('',(12.890057017776,11.951428678414));
#3314 = CARTESIAN_POINT('',(12.523794203762,12.409556378235));
#3315 = CARTESIAN_POINT('',(12.137438248932,12.850793978373));
#3316 = CARTESIAN_POINT('',(11.731172902458,13.273281560748));
#3317 = CARTESIAN_POINT('',(10.960742354205,14.000177578847));
#3318 = CARTESIAN_POINT('',(10.60334122651,14.311721782623));
#3319 = CARTESIAN_POINT('',(10.233353938837,14.608617900087));
#3320 = CARTESIAN_POINT('',(9.851086749909,14.889732926248));
#3321 = CARTESIAN_POINT('',(9.45697180161,15.153888369578));
#3322 = CARTESIAN_POINT('',(9.05159119821,15.39989349055));
#3323 = CARTESIAN_POINT('',(8.408782585976,15.75026298143));
#3324 = CARTESIAN_POINT('',(8.178735420608,15.868196248841));
#3325 = CARTESIAN_POINT('',(7.945683985474,15.980188515631));
#3326 = CARTESIAN_POINT('',(7.709767069282,16.0860531977));
#3327 = CARTESIAN_POINT('',(7.471139003282,16.18560955032));
#3328 = CARTESIAN_POINT('',(7.22997081109,16.278685264824));
#3329 = CARTESIAN_POINT('',(6.500798456545,16.53749471368));
#3330 = CARTESIAN_POINT('',(6.00572511529,16.683478731462));
#3331 = CARTESIAN_POINT('',(5.502820305914,16.801745164934));
#3332 = CARTESIAN_POINT('',(4.993822340034,16.891233406336));
#3333 = CARTESIAN_POINT('',(4.480622138293,16.951170984601));
#3334 = CARTESIAN_POINT('',(3.965272018028,16.981132124684));
#3335 = CARTESIAN_POINT('',(3.091873510907,16.981132201096));
#3336 = CARTESIAN_POINT('',(2.733733486673,16.966658911923));
#3337 = CARTESIAN_POINT('',(2.376304216692,16.937711694228));
#3338 = CARTESIAN_POINT('',(2.020281474971,16.894385068455));
#3339 = CARTESIAN_POINT('',(1.666333241707,16.836861450215));
#3340 = CARTESIAN_POINT('',(1.315100424861,16.765404011298));
#3341 = CARTESIAN_POINT('',(0.563526046931,16.581661340761));
#3342 = CARTESIAN_POINT('',(0.164307621611,16.464659467553));
#3343 = CARTESIAN_POINT('',(-0.229504998402,16.329869060144));
#3344 = CARTESIAN_POINT('',(-0.617081562821,16.177925338072));
#3345 = CARTESIAN_POINT('',(-0.997703408939,16.009545070568));
#3346 = CARTESIAN_POINT('',(-1.370752603668,15.825498045811));
#3347 = CARTESIAN_POINT('',(-2.151591198207,15.399893490552));
#3348 = CARTESIAN_POINT('',(-2.556971801606,15.15388836958));
#3349 = CARTESIAN_POINT('',(-2.951086749905,14.88973292625));
#3350 = CARTESIAN_POINT('',(-3.333353938834,14.608617900089));
#3351 = CARTESIAN_POINT('',(-3.703341226507,14.311721782625));
#3352 = CARTESIAN_POINT('',(-4.060742354202,14.00017757885));
#3353 = CARTESIAN_POINT('',(-4.831172902456,13.27328156075));
#3354 = CARTESIAN_POINT('',(-5.237438248929,12.850793978376));
#3355 = CARTESIAN_POINT('',(-5.623794203759,12.409556378238));
#3356 = CARTESIAN_POINT('',(-5.990057017774,11.951428678417));
#3357 = CARTESIAN_POINT('',(-6.336180957247,11.478124782741));
#3358 = CARTESIAN_POINT('',(-6.662225365716,10.991186205139));
#3359 = CARTESIAN_POINT('',(-7.19314269882,10.125282010938));
#3360 = CARTESIAN_POINT('',(-7.407192122391,9.751994908043));
#3361 = CARTESIAN_POINT('',(-7.610517637831,9.372637441503));
#3362 = CARTESIAN_POINT('',(-7.803176044055,8.987719628148));
#3363 = CARTESIAN_POINT('',(-7.985231106445,8.597717380083));
#3364 = CARTESIAN_POINT('',(-8.156751365717,8.203071439324));
#3365 = CARTESIAN_POINT('',(-8.439385755518,7.503077391442));
#3366 = CARTESIAN_POINT('',(-8.554999475603,7.199555977796));
#3367 = CARTESIAN_POINT('',(-8.664679246943,6.893797866272));
#3368 = CARTESIAN_POINT('',(-8.768454151091,6.585971374667));
#3369 = CARTESIAN_POINT('',(-8.866352211244,6.276237343815));
#3370 = CARTESIAN_POINT('',(-8.958400392245,5.964749137576));
#3371 = CARTESIAN_POINT('',(-9.261539155715,4.863993985956));
#3372 = CARTESIAN_POINT('',(-9.441576512534,4.066221191995));
#3373 = CARTESIAN_POINT('',(-9.585177331194,3.26057387749));
#3374 = CARTESIAN_POINT('',(-9.692649410274,2.449173373853));
#3375 = CARTESIAN_POINT('',(-9.764213341559,1.63403007102));
#3376 = CARTESIAN_POINT('',(-9.800000018735,0.817044192238));
#3377 = CARTESIAN_POINT('',(-9.800000018736,-0.817044192234));
#3378 = CARTESIAN_POINT('',(-9.76421334156,-1.634030071014));
#3379 = CARTESIAN_POINT('',(-9.692649410274,-2.44917337385));
#3380 = CARTESIAN_POINT('',(-9.585177331195,-3.260573877487));
#3381 = CARTESIAN_POINT('',(-9.441576512535,-4.066221191988));
#3382 = CARTESIAN_POINT('',(-9.261539155716,-4.863993985953));
#3383 = CARTESIAN_POINT('',(-8.958400392246,-5.964749137572));
#3384 = CARTESIAN_POINT('',(-8.866352211246,-6.276237343811));
#3385 = CARTESIAN_POINT('',(-8.768454151092,-6.585971374664));
#3386 = CARTESIAN_POINT('',(-8.664679246944,-6.893797866268));
#3387 = CARTESIAN_POINT('',(-8.554999475604,-7.199555977792));
#3388 = CARTESIAN_POINT('',(-8.439385755519,-7.503077391438));
#3389 = CARTESIAN_POINT('',(-8.156751365718,-8.20307143932));
#3390 = CARTESIAN_POINT('',(-7.985231106447,-8.597717380079));
#3391 = CARTESIAN_POINT('',(-7.803176044057,-8.987719628145));
#3392 = CARTESIAN_POINT('',(-7.610517637833,-9.372637441499));
#3393 = CARTESIAN_POINT('',(-7.407192122393,-9.751994908039));
#3394 = CARTESIAN_POINT('',(-7.193142698822,-10.12528201093));
#3395 = CARTESIAN_POINT('',(-6.662225365718,-10.99118620513));
#3396 = CARTESIAN_POINT('',(-6.336180957249,-11.47812478273));
#3397 = CARTESIAN_POINT('',(-5.990057017776,-11.95142867841));
#3398 = CARTESIAN_POINT('',(-5.623794203761,-12.40955637823));
#3399 = CARTESIAN_POINT('',(-5.237438248931,-12.85079397837));
#3400 = CARTESIAN_POINT('',(-4.831172902458,-13.27328156074));
#3401 = CARTESIAN_POINT('',(-4.060742354205,-14.00017757884));
#3402 = CARTESIAN_POINT('',(-3.70334122651,-14.31172178262));
#3403 = CARTESIAN_POINT('',(-3.333353938837,-14.60861790008));
#3404 = CARTESIAN_POINT('',(-2.951086749908,-14.88973292624));
#3405 = CARTESIAN_POINT('',(-2.556971801609,-15.15388836957));
#3406 = CARTESIAN_POINT('',(-2.15159119821,-15.39989349055));
#3407 = CARTESIAN_POINT('',(-1.056338808449,-15.99687249622));
#3408 = CARTESIAN_POINT('',(-0.348599522011,-16.31579978447));
#3409 = CARTESIAN_POINT('',(0.383732530145,-16.57790232207));
#3410 = CARTESIAN_POINT('',(1.13597409197,-16.77842135106));
#3411 = CARTESIAN_POINT('',(1.902466452319,-16.9136138121));
#3412 = CARTESIAN_POINT('',(2.676485656075,-16.98113215253));
#3413 = CARTESIAN_POINT('',(3.45,-16.98113207547));
#3414 = ( GEOMETRIC_REPRESENTATION_CONTEXT(2) 
PARAMETRIC_REPRESENTATION_CONTEXT() REPRESENTATION_CONTEXT('2D SPACE',''
  ) );
#3415 = PCURVE('',#1336,#3416);
#3416 = DEFINITIONAL_REPRESENTATION('',(#3417),#3576);
#3417 = B_SPLINE_CURVE_WITH_KNOTS('',7,(#3418,#3419,#3420,#3421,#3422,
    #3423,#3424,#3425,#3426,#3427,#3428,#3429,#3430,#3431,#3432,#3433,
    #3434,#3435,#3436,#3437,#3438,#3439,#3440,#3441,#3442,#3443,#3444,
    #3445,#3446,#3447,#3448,#3449,#3450,#3451,#3452,#3453,#3454,#3455,
    #3456,#3457,#3458,#3459,#3460,#3461,#3462,#3463,#3464,#3465,#3466,
    #3467,#3468,#3469,#3470,#3471,#3472,#3473,#3474,#3475,#3476,#3477,
    #3478,#3479,#3480,#3481,#3482,#3483,#3484,#3485,#3486,#3487,#3488,
    #3489,#3490,#3491,#3492,#3493,#3494,#3495,#3496,#3497,#3498,#3499,
    #3500,#3501,#3502,#3503,#3504,#3505,#3506,#3507,#3508,#3509,#3510,
    #3511,#3512,#3513,#3514,#3515,#3516,#3517,#3518,#3519,#3520,#3521,
    #3522,#3523,#3524,#3525,#3526,#3527,#3528,#3529,#3530,#3531,#3532,
    #3533,#3534,#3535,#3536,#3537,#3538,#3539,#3540,#3541,#3542,#3543,
    #3544,#3545,#3546,#3547,#3548,#3549,#3550,#3551,#3552,#3553,#3554,
    #3555,#3556,#3557,#3558,#3559,#3560,#3561,#3562,#3563,#3564,#3565,
    #3566,#3567,#3568,#3569,#3570,#3571,#3572,#3573,#3574,#3575),
  .UNSPECIFIED.,.F.,.F.,(8,6,6,6,6,6,6,6,6,6,6,6,6,6,6,6,6,6,6,6,6,6,6,6
    ,6,6,8),(0.,5.683386980357E-02,9.162628567338E-02,0.134617772483,
    0.166194082037,0.190030270949,0.249995139145,0.309960007342,
    0.333796196254,0.365372505809,0.408363992618,0.443156408489,
    0.462139883579,0.499998790028,0.52631164473,0.556842455565,
    0.591634960619,0.634626557629,0.666202948123,0.690039198135,
    0.750004220039,0.809969241944,0.833805491956,0.86538188245,
    0.90837347946,0.943165984514,1.),.UNSPECIFIED.);
#3418 = CARTESIAN_POINT('',(6.28318530718,-2.));
#3419 = CARTESIAN_POINT('',(6.224806861997,-2.));
#3420 = CARTESIAN_POINT('',(6.166390346411,-2.));
#3421 = CARTESIAN_POINT('',(6.108216804171,-2.));
#3422 = CARTESIAN_POINT('',(6.050467324786,-2.));
#3423 = CARTESIAN_POINT('',(5.993282574677,-2.));
#3424 = CARTESIAN_POINT('',(5.93677851656,-2.));
#3425 = CARTESIAN_POINT('',(5.846952711941,-2.));
#3426 = CARTESIAN_POINT('',(5.813128696527,-2.));
#3427 = CARTESIAN_POINT('',(5.779603791925,-2.));
#3428 = CARTESIAN_POINT('',(5.7463862043,-2.));
#3429 = CARTESIAN_POINT('',(5.713478762646,-2.));
#3430 = CARTESIAN_POINT('',(5.68087972608,-2.));
#3431 = CARTESIAN_POINT('',(5.60867665098,-2.));
#3432 = CARTESIAN_POINT('',(5.56923457253,-2.));
#3433 = CARTESIAN_POINT('',(5.530243974353,-2.));
#3434 = CARTESIAN_POINT('',(5.491688274382,-2.));
#3435 = CARTESIAN_POINT('',(5.453547208464,-2.));
#3436 = CARTESIAN_POINT('',(5.415796348895,-2.));
#3437 = CARTESIAN_POINT('',(5.350944684586,-2.));
#3438 = CARTESIAN_POINT('',(5.323678808606,-2.));
#3439 = CARTESIAN_POINT('',(5.296598090524,-2.));
#3440 = CARTESIAN_POINT('',(5.269691842093,-2.));
#3441 = CARTESIAN_POINT('',(5.24294934311,-2.));
#3442 = CARTESIAN_POINT('',(5.216359593222,-2.));
#3443 = CARTESIAN_POINT('',(5.169945711404,-2.));
#3444 = CARTESIAN_POINT('',(5.150061000947,-2.));
#3445 = CARTESIAN_POINT('',(5.130252165133,-2.));
#3446 = CARTESIAN_POINT('',(5.110514458541,-2.));
#3447 = CARTESIAN_POINT('',(5.090843157555,-2.));
#3448 = CARTESIAN_POINT('',(5.071233560367,-2.));
#3449 = CARTESIAN_POINT('',(5.002492440479,-2.));
#3450 = CARTESIAN_POINT('',(4.953668484959,-2.));
#3451 = CARTESIAN_POINT('',(4.905128229579,-2.));
#3452 = CARTESIAN_POINT('',(4.856799949026,-2.));
#3453 = CARTESIAN_POINT('',(4.808615231352,-2.));
#3454 = CARTESIAN_POINT('',(4.760503795768,-2.));
#3455 = CARTESIAN_POINT('',(4.664274165002,-2.));
#3456 = CARTESIAN_POINT('',(4.616162729418,-2.));
#3457 = CARTESIAN_POINT('',(4.567978011743,-2.));
#3458 = CARTESIAN_POINT('',(4.519649731191,-2.));
#3459 = CARTESIAN_POINT('',(4.471109475812,-2.));
#3460 = CARTESIAN_POINT('',(4.422285520291,-2.));
#3461 = CARTESIAN_POINT('',(4.353544400402,-2.));
#3462 = CARTESIAN_POINT('',(4.333934803214,-2.));
#3463 = CARTESIAN_POINT('',(4.314263502229,-2.));
#3464 = CARTESIAN_POINT('',(4.294525795637,-2.));
#3465 = CARTESIAN_POINT('',(4.274716959822,-2.));
#3466 = CARTESIAN_POINT('',(4.254832249365,-2.));
#3467 = CARTESIAN_POINT('',(4.208418367547,-2.));
#3468 = CARTESIAN_POINT('',(4.181828617659,-2.));
#3469 = CARTESIAN_POINT('',(4.155086118677,-2.));
#3470 = CARTESIAN_POINT('',(4.128179870246,-2.));
#3471 = CARTESIAN_POINT('',(4.101099152163,-2.));
#3472 = CARTESIAN_POINT('',(4.073833276183,-2.));
#3473 = CARTESIAN_POINT('',(4.008981611874,-2.));
#3474 = CARTESIAN_POINT('',(3.971230752305,-2.));
#3475 = CARTESIAN_POINT('',(3.933089686388,-2.));
#3476 = CARTESIAN_POINT('',(3.894533986416,-2.));
#3477 = CARTESIAN_POINT('',(3.855543388239,-2.));
#3478 = CARTESIAN_POINT('',(3.81610130979,-2.));
#3479 = CARTESIAN_POINT('',(3.74389823469,-2.));
#3480 = CARTESIAN_POINT('',(3.711299198124,-2.));
#3481 = CARTESIAN_POINT('',(3.678391756469,-2.));
#3482 = CARTESIAN_POINT('',(3.645174168845,-2.));
#3483 = CARTESIAN_POINT('',(3.611649264242,-2.));
#3484 = CARTESIAN_POINT('',(3.577825248829,-2.));
#3485 = CARTESIAN_POINT('',(3.525106068529,-2.));
#3486 = CARTESIAN_POINT('',(3.506410879445,-2.));
#3487 = CARTESIAN_POINT('',(3.487633444151,-2.));
#3488 = CARTESIAN_POINT('',(3.46877673219,-2.));
#3489 = CARTESIAN_POINT('',(3.449844275882,-2.));
#3490 = CARTESIAN_POINT('',(3.430840261728,-2.));
#3491 = CARTESIAN_POINT('',(3.373736881767,-2.));
#3492 = CARTESIAN_POINT('',(3.33543379073,-2.));
#3493 = CARTESIAN_POINT('',(3.296906826404,-2.));
#3494 = CARTESIAN_POINT('',(3.25820363027,-2.));
#3495 = CARTESIAN_POINT('',(3.219375443516,-2.));
#3496 = CARTESIAN_POINT('',(3.18048111105,-2.));
#3497 = CARTESIAN_POINT('',(3.114564236061,-2.));
#3498 = CARTESIAN_POINT('',(3.087534811547,-2.));
#3499 = CARTESIAN_POINT('',(3.060526752977,-2.));
#3500 = CARTESIAN_POINT('',(3.033560353478,-2.));
#3501 = CARTESIAN_POINT('',(3.006654504981,-2.));
#3502 = CARTESIAN_POINT('',(2.979827376827,-2.));
#3503 = CARTESIAN_POINT('',(2.922081942032,-2.));
#3504 = CARTESIAN_POINT('',(2.89119490712,-2.));
#3505 = CARTESIAN_POINT('',(2.860463487298,-2.));
#3506 = CARTESIAN_POINT('',(2.829909525871,-2.));
#3507 = CARTESIAN_POINT('',(2.799550296754,-2.));
#3508 = CARTESIAN_POINT('',(2.769399589434,-2.));
#3509 = CARTESIAN_POINT('',(2.705360058351,-2.));
#3510 = CARTESIAN_POINT('',(2.671536042937,-2.));
#3511 = CARTESIAN_POINT('',(2.638011138335,-2.));
#3512 = CARTESIAN_POINT('',(2.604793550711,-2.));
#3513 = CARTESIAN_POINT('',(2.571886109056,-2.));
#3514 = CARTESIAN_POINT('',(2.53928707249,-2.));
#3515 = CARTESIAN_POINT('',(2.46708399739,-2.));
#3516 = CARTESIAN_POINT('',(2.42764191894,-2.));
#3517 = CARTESIAN_POINT('',(2.388651320764,-2.));
#3518 = CARTESIAN_POINT('',(2.350095620792,-2.));
#3519 = CARTESIAN_POINT('',(2.311954554875,-2.));
#3520 = CARTESIAN_POINT('',(2.274203695305,-2.));
#3521 = CARTESIAN_POINT('',(2.209352030997,-2.));
#3522 = CARTESIAN_POINT('',(2.182086155017,-2.));
#3523 = CARTESIAN_POINT('',(2.155005436934,-2.));
#3524 = CARTESIAN_POINT('',(2.128099188503,-2.));
#3525 = CARTESIAN_POINT('',(2.101356689521,-2.));
#3526 = CARTESIAN_POINT('',(2.074766939633,-2.));
#3527 = CARTESIAN_POINT('',(2.028353057815,-2.));
#3528 = CARTESIAN_POINT('',(2.008468347358,-2.));
#3529 = CARTESIAN_POINT('',(1.988659511543,-2.));
#3530 = CARTESIAN_POINT('',(1.968921804951,-2.));
#3531 = CARTESIAN_POINT('',(1.949250503966,-2.));
#3532 = CARTESIAN_POINT('',(1.929640906778,-2.));
#3533 = CARTESIAN_POINT('',(1.860899786889,-2.));
#3534 = CARTESIAN_POINT('',(1.812075831369,-2.));
#3535 = CARTESIAN_POINT('',(1.763535575989,-2.));
#3536 = CARTESIAN_POINT('',(1.715207295436,-2.));
#3537 = CARTESIAN_POINT('',(1.667022577763,-2.));
#3538 = CARTESIAN_POINT('',(1.618911142178,-2.));
#3539 = CARTESIAN_POINT('',(1.522681511412,-2.));
#3540 = CARTESIAN_POINT('',(1.474570075828,-2.));
#3541 = CARTESIAN_POINT('',(1.426385358154,-2.));
#3542 = CARTESIAN_POINT('',(1.378057077601,-2.));
#3543 = CARTESIAN_POINT('',(1.329516822222,-2.));
#3544 = CARTESIAN_POINT('',(1.280692866701,-2.));
#3545 = CARTESIAN_POINT('',(1.211951746812,-2.));
#3546 = CARTESIAN_POINT('',(1.192342149624,-2.));
#3547 = CARTESIAN_POINT('',(1.172670848639,-2.));
#3548 = CARTESIAN_POINT('',(1.152933142047,-2.));
#3549 = CARTESIAN_POINT('',(1.133124306232,-2.));
#3550 = CARTESIAN_POINT('',(1.113239595775,-2.));
#3551 = CARTESIAN_POINT('',(1.066825713957,-2.));
#3552 = CARTESIAN_POINT('',(1.040235964069,-2.));
#3553 = CARTESIAN_POINT('',(1.013493465087,-2.));
#3554 = CARTESIAN_POINT('',(0.986587216656,-2.));
#3555 = CARTESIAN_POINT('',(0.959506498573,-2.));
#3556 = CARTESIAN_POINT('',(0.932240622593,-2.));
#3557 = CARTESIAN_POINT('',(0.867388958285,-2.));
#3558 = CARTESIAN_POINT('',(0.829638098715,-2.));
#3559 = CARTESIAN_POINT('',(0.791497032798,-2.));
#3560 = CARTESIAN_POINT('',(0.752941332826,-2.));
#3561 = CARTESIAN_POINT('',(0.71395073465,-2.));
#3562 = CARTESIAN_POINT('',(0.6745086562,-2.));
#3563 = CARTESIAN_POINT('',(0.6023055811,-2.));
#3564 = CARTESIAN_POINT('',(0.569706544534,-2.));
#3565 = CARTESIAN_POINT('',(0.536799102879,-2.));
#3566 = CARTESIAN_POINT('',(0.503581515255,-2.));
#3567 = CARTESIAN_POINT('',(0.470056610653,-2.));
#3568 = CARTESIAN_POINT('',(0.436232595239,-2.));
#3569 = CARTESIAN_POINT('',(0.346406790621,-2.));
#3570 = CARTESIAN_POINT('',(0.289902732499,-2.));
#3571 = CARTESIAN_POINT('',(0.232717982401,-2.));
#3572 = CARTESIAN_POINT('',(0.174968503001,-2.));
#3573 = CARTESIAN_POINT('',(0.116794960772,-2.));
#3574 = CARTESIAN_POINT('',(5.837844518168E-02,-2.));
#3575 = CARTESIAN_POINT('',(0.,-2.));
#3576 = ( GEOMETRIC_REPRESENTATION_CONTEXT(2) 
PARAMETRIC_REPRESENTATION_CONTEXT() REPRESENTATION_CONTEXT('2D SPACE',''
  ) );
#3577 = ADVANCED_FACE('',(#3578),#2042,.T.);
#3578 = FACE_BOUND('',#3579,.T.);
#3579 = EDGE_LOOP('',(#3580,#3611,#3633,#3669,#3670,#3708));
#3580 = ORIENTED_EDGE('',*,*,#3581,.F.);
#3581 = EDGE_CURVE('',#3582,#3584,#3586,.T.);
#3582 = VERTEX_POINT('',#3583);
#3583 = CARTESIAN_POINT('',(-50.5,-6.552282045211,0.));
#3584 = VERTEX_POINT('',#3585);
#3585 = CARTESIAN_POINT('',(-50.5,6.552282045211,0.));
#3586 = SURFACE_CURVE('',#3587,(#3592,#3599),.PCURVE_S1.);
#3587 = CIRCLE('',#3588,19.4);
#3588 = AXIS2_PLACEMENT_3D('',#3589,#3590,#3591);
#3589 = CARTESIAN_POINT('',(-50.5,0.,18.26));
#3590 = DIRECTION('',(-1.,0.,0.));
#3591 = DIRECTION('',(0.,0.,-1.));
#3592 = PCURVE('',#2042,#3593);
#3593 = DEFINITIONAL_REPRESENTATION('',(#3594),#3598);
#3594 = LINE('',#3595,#3596);
#3595 = CARTESIAN_POINT('',(0.,17.));
#3596 = VECTOR('',#3597,1.);
#3597 = DIRECTION('',(1.,0.));
#3598 = ( GEOMETRIC_REPRESENTATION_CONTEXT(2) 
PARAMETRIC_REPRESENTATION_CONTEXT() REPRESENTATION_CONTEXT('2D SPACE',''
  ) );
#3599 = PCURVE('',#3600,#3605);
#3600 = PLANE('',#3601);
#3601 = AXIS2_PLACEMENT_3D('',#3602,#3603,#3604);
#3602 = CARTESIAN_POINT('',(-50.5,0.,18.26));
#3603 = DIRECTION('',(-1.,0.,0.));
#3604 = DIRECTION('',(0.,0.,-1.));
#3605 = DEFINITIONAL_REPRESENTATION('',(#3606),#3610);
#3606 = CIRCLE('',#3607,19.4);
#3607 = AXIS2_PLACEMENT_2D('',#3608,#3609);
#3608 = CARTESIAN_POINT('',(0.,0.));
#3609 = DIRECTION('',(1.,0.));
#3610 = ( GEOMETRIC_REPRESENTATION_CONTEXT(2) 
PARAMETRIC_REPRESENTATION_CONTEXT() REPRESENTATION_CONTEXT('2D SPACE',''
  ) );
#3611 = ORIENTED_EDGE('',*,*,#3612,.F.);
#3612 = EDGE_CURVE('',#3613,#3582,#3615,.T.);
#3613 = VERTEX_POINT('',#3614);
#3614 = CARTESIAN_POINT('',(-33.87207699566,-6.552282045213,0.));
#3615 = SURFACE_CURVE('',#3616,(#3620,#3626),.PCURVE_S1.);
#3616 = LINE('',#3617,#3618);
#3617 = CARTESIAN_POINT('',(-33.5,-6.552282045211,0.));
#3618 = VECTOR('',#3619,1.);
#3619 = DIRECTION('',(-1.,0.,0.));
#3620 = PCURVE('',#2042,#3621);
#3621 = DEFINITIONAL_REPRESENTATION('',(#3622),#3625);
#3622 = B_SPLINE_CURVE_WITH_KNOTS('',1,(#3623,#3624),.UNSPECIFIED.,.F.,
  .F.,(2,2),(-5.999999999062E-07,17.0000006),.PIECEWISE_BEZIER_KNOTS.);
#3623 = CARTESIAN_POINT('',(0.344521673423,-5.999999999062E-07));
#3624 = CARTESIAN_POINT('',(0.344521673423,17.0000006));
#3625 = ( GEOMETRIC_REPRESENTATION_CONTEXT(2) 
PARAMETRIC_REPRESENTATION_CONTEXT() REPRESENTATION_CONTEXT('2D SPACE',''
  ) );
#3626 = PCURVE('',#43,#3627);
#3627 = DEFINITIONAL_REPRESENTATION('',(#3628),#3632);
#3628 = LINE('',#3629,#3630);
#3629 = CARTESIAN_POINT('',(-33.5,-6.552282045211));
#3630 = VECTOR('',#3631,1.);
#3631 = DIRECTION('',(-1.,0.));
#3632 = ( GEOMETRIC_REPRESENTATION_CONTEXT(2) 
PARAMETRIC_REPRESENTATION_CONTEXT() REPRESENTATION_CONTEXT('2D SPACE',''
  ) );
#3633 = ORIENTED_EDGE('',*,*,#3634,.T.);
#3634 = EDGE_CURVE('',#3613,#2003,#3635,.T.);
#3635 = SURFACE_CURVE('',#3636,(#3645,#3657),.PCURVE_S1.);
#3636 = B_SPLINE_CURVE_WITH_KNOTS('',4,(#3637,#3638,#3639,#3640,#3641,
    #3642,#3643,#3644),.UNSPECIFIED.,.F.,.F.,(5,3,5),(0.,0.52082562865,
    1.),.UNSPECIFIED.);
#3637 = CARTESIAN_POINT('',(-33.87207699566,-6.552282045211,
    -3.552713678801E-15));
#3638 = CARTESIAN_POINT('',(-33.8277304137,-6.781532072651,
    8.22623679439E-02));
#3639 = CARTESIAN_POINT('',(-33.78180848412,-7.007830657701,
    0.167797492377));
#3640 = CARTESIAN_POINT('',(-33.73443232127,-7.231109809019,
    0.25644634875));
#3641 = CARTESIAN_POINT('',(-33.64089888263,-7.653952183444,
    0.432348070944));
#3642 = CARTESIAN_POINT('',(-33.59494707481,-7.853983778163,
    0.519145689976));
#3643 = CARTESIAN_POINT('',(-33.54795233068,-8.051406325034,
    0.608337900531));
#3644 = CARTESIAN_POINT('',(-33.4999994,-8.246213688718,0.699818913234)
  );
#3645 = PCURVE('',#2042,#3646);
#3646 = DEFINITIONAL_REPRESENTATION('',(#3647),#3656);
#3647 = B_SPLINE_CURVE_WITH_KNOTS('',4,(#3648,#3649,#3650,#3651,#3652,
    #3653,#3654,#3655),.UNSPECIFIED.,.F.,.F.,(5,3,5),(0.,0.52082562865,
    1.),.UNSPECIFIED.);
#3648 = CARTESIAN_POINT('',(0.344521673423,0.372076995661));
#3649 = CARTESIAN_POINT('',(0.357076439438,0.327730413701));
#3650 = CARTESIAN_POINT('',(0.369544987007,0.281808484123));
#3651 = CARTESIAN_POINT('',(0.381926523907,0.234432321279));
#3652 = CARTESIAN_POINT('',(0.405533256936,0.140898882636));
#3653 = CARTESIAN_POINT('',(0.4167717316,9.494707481141E-02));
#3654 = CARTESIAN_POINT('',(0.427937301427,4.795233068202E-02));
#3655 = CARTESIAN_POINT('',(0.439031000445,-6.E-07));
#3656 = ( GEOMETRIC_REPRESENTATION_CONTEXT(2) 
PARAMETRIC_REPRESENTATION_CONTEXT() REPRESENTATION_CONTEXT('2D SPACE',''
  ) );
#3657 = PCURVE('',#1932,#3658);
#3658 = DEFINITIONAL_REPRESENTATION('',(#3659),#3668);
#3659 = B_SPLINE_CURVE_WITH_KNOTS('',4,(#3660,#3661,#3662,#3663,#3664,
    #3665,#3666,#3667),.UNSPECIFIED.,.F.,.F.,(5,3,5),(0.,0.52082562865,
    0.99999850111),.UNSPECIFIED.);
#3660 = CARTESIAN_POINT('',(3.332674557746,-3.552713678801E-15));
#3661 = CARTESIAN_POINT('',(3.339442670238,8.22623679439E-02));
#3662 = CARTESIAN_POINT('',(3.34613546304,0.167797492377));
#3663 = CARTESIAN_POINT('',(3.352751160815,0.25644634875));
#3664 = CARTESIAN_POINT('',(3.365303713333,0.432347807286));
#3665 = CARTESIAN_POINT('',(3.371252537925,0.519145146959));
#3666 = CARTESIAN_POINT('',(3.377134632125,0.608337063533));
#3667 = CARTESIAN_POINT('',(3.382949759852,0.699817768599));
#3668 = ( GEOMETRIC_REPRESENTATION_CONTEXT(2) 
PARAMETRIC_REPRESENTATION_CONTEXT() REPRESENTATION_CONTEXT('2D SPACE',''
  ) );
#3669 = ORIENTED_EDGE('',*,*,#2025,.T.);
#3670 = ORIENTED_EDGE('',*,*,#3671,.T.);
#3671 = EDGE_CURVE('',#2026,#3672,#3674,.T.);
#3672 = VERTEX_POINT('',#3673);
#3673 = CARTESIAN_POINT('',(-33.87207699566,6.552282045213,0.));
#3674 = SURFACE_CURVE('',#3675,(#3684,#3696),.PCURVE_S1.);
#3675 = B_SPLINE_CURVE_WITH_KNOTS('',4,(#3676,#3677,#3678,#3679,#3680,
    #3681,#3682,#3683),.UNSPECIFIED.,.F.,.F.,(5,3,5),(0.,0.494554948285,
    1.),.UNSPECIFIED.);
#3676 = CARTESIAN_POINT('',(-33.4999994,8.246213688718,0.699818913234));
#3677 = CARTESIAN_POINT('',(-33.54949152788,8.045153381878,
    0.605401535286));
#3678 = CARTESIAN_POINT('',(-33.59796297111,7.841307326066,
    0.513422248988));
#3679 = CARTESIAN_POINT('',(-33.64532054794,7.634682221981,
    0.423997369209));
#3680 = CARTESIAN_POINT('',(-33.73862572582,7.211320838182,
    0.248600799664));
#3681 = CARTESIAN_POINT('',(-33.78451936779,6.99446238669,0.162748441925
    ));
#3682 = CARTESIAN_POINT('',(-33.82904001932,6.774762055418,
    7.98330655146E-02));
#3683 = CARTESIAN_POINT('',(-33.87207699566,6.552282045211,0.));
#3684 = PCURVE('',#2042,#3685);
#3685 = DEFINITIONAL_REPRESENTATION('',(#3686),#3695);
#3686 = B_SPLINE_CURVE_WITH_KNOTS('',4,(#3687,#3688,#3689,#3690,#3691,
    #3692,#3693,#3694),.UNSPECIFIED.,.F.,.F.,(5,3,5),(0.,0.494554948285,
    1.),.UNSPECIFIED.);
#3687 = CARTESIAN_POINT('',(5.844154306735,-6.E-07));
#3688 = CARTESIAN_POINT('',(5.855604092238,4.949152788702E-02));
#3689 = CARTESIAN_POINT('',(5.867130435865,9.796297110968E-02));
#3690 = CARTESIAN_POINT('',(5.87873447619,0.145320547945));
#3691 = CARTESIAN_POINT('',(5.902355933907,0.238625725825));
#3692 = CARTESIAN_POINT('',(5.914376815693,0.284519367792));
#3693 = CARTESIAN_POINT('',(5.926479624435,0.32904001932));
#3694 = CARTESIAN_POINT('',(5.938663633757,0.372076995661));
#3695 = ( GEOMETRIC_REPRESENTATION_CONTEXT(2) 
PARAMETRIC_REPRESENTATION_CONTEXT() REPRESENTATION_CONTEXT('2D SPACE',''
  ) );
#3696 = PCURVE('',#1932,#3697);
#3697 = DEFINITIONAL_REPRESENTATION('',(#3698),#3707);
#3698 = B_SPLINE_CURVE_WITH_KNOTS('',4,(#3699,#3700,#3701,#3702,#3703,
    #3704,#3705,#3706),.UNSPECIFIED.,.F.,.F.,(5,3,5),(1.498889863146E-06
    ,0.494554948285,1.),.UNSPECIFIED.);
#3699 = CARTESIAN_POINT('',(9.183420854507,0.699817768599));
#3700 = CARTESIAN_POINT('',(9.189422637277,0.605400698977));
#3701 = CARTESIAN_POINT('',(9.195495754161,0.513421706932));
#3702 = CARTESIAN_POINT('',(9.20163994678,0.423997106309));
#3703 = CARTESIAN_POINT('',(9.214205762726,0.248600799664));
#3704 = CARTESIAN_POINT('',(9.220630508257,0.162748441925));
#3705 = CARTESIAN_POINT('',(9.227127814275,7.98330655146E-02));
#3706 = CARTESIAN_POINT('',(9.233696056613,0.));
#3707 = ( GEOMETRIC_REPRESENTATION_CONTEXT(2) 
PARAMETRIC_REPRESENTATION_CONTEXT() REPRESENTATION_CONTEXT('2D SPACE',''
  ) );
#3708 = ORIENTED_EDGE('',*,*,#3709,.T.);
#3709 = EDGE_CURVE('',#3672,#3584,#3710,.T.);
#3710 = SURFACE_CURVE('',#3711,(#3715,#3721),.PCURVE_S1.);
#3711 = LINE('',#3712,#3713);
#3712 = CARTESIAN_POINT('',(-33.5,6.552282045211,0.));
#3713 = VECTOR('',#3714,1.);
#3714 = DIRECTION('',(-1.,0.,0.));
#3715 = PCURVE('',#2042,#3716);
#3716 = DEFINITIONAL_REPRESENTATION('',(#3717),#3720);
#3717 = B_SPLINE_CURVE_WITH_KNOTS('',1,(#3718,#3719),.UNSPECIFIED.,.F.,
  .F.,(2,2),(-5.999999999062E-07,17.0000006),.PIECEWISE_BEZIER_KNOTS.);
#3718 = CARTESIAN_POINT('',(5.938663633757,-5.999999999062E-07));
#3719 = CARTESIAN_POINT('',(5.938663633757,17.0000006));
#3720 = ( GEOMETRIC_REPRESENTATION_CONTEXT(2) 
PARAMETRIC_REPRESENTATION_CONTEXT() REPRESENTATION_CONTEXT('2D SPACE',''
  ) );
#3721 = PCURVE('',#43,#3722);
#3722 = DEFINITIONAL_REPRESENTATION('',(#3723),#3727);
#3723 = LINE('',#3724,#3725);
#3724 = CARTESIAN_POINT('',(-33.5,6.552282045211));
#3725 = VECTOR('',#3726,1.);
#3726 = DIRECTION('',(-1.,0.));
#3727 = ( GEOMETRIC_REPRESENTATION_CONTEXT(2) 
PARAMETRIC_REPRESENTATION_CONTEXT() REPRESENTATION_CONTEXT('2D SPACE',''
  ) );
#3728 = ADVANCED_FACE('',(#3729,#3752),#3600,.T.);
#3729 = FACE_BOUND('',#3730,.T.);
#3730 = EDGE_LOOP('',(#3731,#3751));
#3731 = ORIENTED_EDGE('',*,*,#3732,.F.);
#3732 = EDGE_CURVE('',#3582,#3584,#3733,.T.);
#3733 = SURFACE_CURVE('',#3734,(#3738,#3744),.PCURVE_S1.);
#3734 = LINE('',#3735,#3736);
#3735 = CARTESIAN_POINT('',(-50.5,-50.,0.));
#3736 = VECTOR('',#3737,1.);
#3737 = DIRECTION('',(0.,1.,-0.));
#3738 = PCURVE('',#3600,#3739);
#3739 = DEFINITIONAL_REPRESENTATION('',(#3740),#3743);
#3740 = B_SPLINE_CURVE_WITH_KNOTS('',1,(#3741,#3742),.UNSPECIFIED.,.F.,
  .F.,(2,2),(30.6,69.4),.PIECEWISE_BEZIER_KNOTS.);
#3741 = CARTESIAN_POINT('',(18.26,19.4));
#3742 = CARTESIAN_POINT('',(18.26,-19.4));
#3743 = ( GEOMETRIC_REPRESENTATION_CONTEXT(2) 
PARAMETRIC_REPRESENTATION_CONTEXT() REPRESENTATION_CONTEXT('2D SPACE',''
  ) );
#3744 = PCURVE('',#43,#3745);
#3745 = DEFINITIONAL_REPRESENTATION('',(#3746),#3750);
#3746 = LINE('',#3747,#3748);
#3747 = CARTESIAN_POINT('',(-50.5,-50.));
#3748 = VECTOR('',#3749,1.);
#3749 = DIRECTION('',(0.,1.));
#3750 = ( GEOMETRIC_REPRESENTATION_CONTEXT(2) 
PARAMETRIC_REPRESENTATION_CONTEXT() REPRESENTATION_CONTEXT('2D SPACE',''
  ) );
#3751 = ORIENTED_EDGE('',*,*,#3581,.T.);
#3752 = FACE_BOUND('',#3753,.T.);
#3753 = EDGE_LOOP('',(#3754));
#3754 = ORIENTED_EDGE('',*,*,#3755,.T.);
#3755 = EDGE_CURVE('',#3756,#3756,#3758,.T.);
#3756 = VERTEX_POINT('',#3757);
#3757 = CARTESIAN_POINT('',(-50.5,4.188292053084E-15,35.36));
#3758 = SURFACE_CURVE('',#3759,(#3764,#3775),.PCURVE_S1.);
#3759 = CIRCLE('',#3760,17.1);
#3760 = AXIS2_PLACEMENT_3D('',#3761,#3762,#3763);
#3761 = CARTESIAN_POINT('',(-50.5,0.,18.26));
#3762 = DIRECTION('',(1.,0.,0.));
#3763 = DIRECTION('',(-0.,0.,1.));
#3764 = PCURVE('',#3600,#3765);
#3765 = DEFINITIONAL_REPRESENTATION('',(#3766),#3774);
#3766 = ( BOUNDED_CURVE() B_SPLINE_CURVE(2,(#3767,#3768,#3769,#3770,
#3771,#3772,#3773),.UNSPECIFIED.,.T.,.F.) B_SPLINE_CURVE_WITH_KNOTS((1,2
    ,2,2,2,1),(-2.094395102393,0.,2.094395102393,4.188790204786,
6.28318530718,8.377580409573),.UNSPECIFIED.) CURVE() 
GEOMETRIC_REPRESENTATION_ITEM() RATIONAL_B_SPLINE_CURVE((1.,0.5,1.,0.5,
1.,0.5,1.)) REPRESENTATION_ITEM('') );
#3767 = CARTESIAN_POINT('',(-17.1,0.));
#3768 = CARTESIAN_POINT('',(-17.1,29.618068809428));
#3769 = CARTESIAN_POINT('',(8.55,14.809034404714));
#3770 = CARTESIAN_POINT('',(34.2,4.188292053084E-15));
#3771 = CARTESIAN_POINT('',(8.55,-14.80903440471));
#3772 = CARTESIAN_POINT('',(-17.1,-29.61806880942));
#3773 = CARTESIAN_POINT('',(-17.1,0.));
#3774 = ( GEOMETRIC_REPRESENTATION_CONTEXT(2) 
PARAMETRIC_REPRESENTATION_CONTEXT() REPRESENTATION_CONTEXT('2D SPACE',''
  ) );
#3775 = PCURVE('',#3776,#3781);
#3776 = CYLINDRICAL_SURFACE('',#3777,17.1);
#3777 = AXIS2_PLACEMENT_3D('',#3778,#3779,#3780);
#3778 = CARTESIAN_POINT('',(-50.51,0.,18.26));
#3779 = DIRECTION('',(1.,0.,0.));
#3780 = DIRECTION('',(-0.,0.,1.));
#3781 = DEFINITIONAL_REPRESENTATION('',(#3782),#3786);
#3782 = LINE('',#3783,#3784);
#3783 = CARTESIAN_POINT('',(0.,9.999999999998E-03));
#3784 = VECTOR('',#3785,1.);
#3785 = DIRECTION('',(1.,0.));
#3786 = ( GEOMETRIC_REPRESENTATION_CONTEXT(2) 
PARAMETRIC_REPRESENTATION_CONTEXT() REPRESENTATION_CONTEXT('2D SPACE',''
  ) );
#3787 = ADVANCED_FACE('',(#3788),#3776,.F.);
#3788 = FACE_BOUND('',#3789,.F.);
#3789 = EDGE_LOOP('',(#3790,#3813,#3840,#3841));
#3790 = ORIENTED_EDGE('',*,*,#3791,.T.);
#3791 = EDGE_CURVE('',#3756,#3792,#3794,.T.);
#3792 = VERTEX_POINT('',#3793);
#3793 = CARTESIAN_POINT('',(-41.51,4.188292053084E-15,35.36));
#3794 = SEAM_CURVE('',#3795,(#3799,#3806),.PCURVE_S1.);
#3795 = LINE('',#3796,#3797);
#3796 = CARTESIAN_POINT('',(-50.51,4.188292053084E-15,35.36));
#3797 = VECTOR('',#3798,1.);
#3798 = DIRECTION('',(1.,0.,0.));
#3799 = PCURVE('',#3776,#3800);
#3800 = DEFINITIONAL_REPRESENTATION('',(#3801),#3805);
#3801 = LINE('',#3802,#3803);
#3802 = CARTESIAN_POINT('',(6.28318530718,-0.));
#3803 = VECTOR('',#3804,1.);
#3804 = DIRECTION('',(0.,1.));
#3805 = ( GEOMETRIC_REPRESENTATION_CONTEXT(2) 
PARAMETRIC_REPRESENTATION_CONTEXT() REPRESENTATION_CONTEXT('2D SPACE',''
  ) );
#3806 = PCURVE('',#3776,#3807);
#3807 = DEFINITIONAL_REPRESENTATION('',(#3808),#3812);
#3808 = LINE('',#3809,#3810);
#3809 = CARTESIAN_POINT('',(0.,-0.));
#3810 = VECTOR('',#3811,1.);
#3811 = DIRECTION('',(0.,1.));
#3812 = ( GEOMETRIC_REPRESENTATION_CONTEXT(2) 
PARAMETRIC_REPRESENTATION_CONTEXT() REPRESENTATION_CONTEXT('2D SPACE',''
  ) );
#3813 = ORIENTED_EDGE('',*,*,#3814,.F.);
#3814 = EDGE_CURVE('',#3792,#3792,#3815,.T.);
#3815 = SURFACE_CURVE('',#3816,(#3821,#3828),.PCURVE_S1.);
#3816 = CIRCLE('',#3817,17.1);
#3817 = AXIS2_PLACEMENT_3D('',#3818,#3819,#3820);
#3818 = CARTESIAN_POINT('',(-41.51,0.,18.26));
#3819 = DIRECTION('',(1.,0.,0.));
#3820 = DIRECTION('',(-0.,0.,1.));
#3821 = PCURVE('',#3776,#3822);
#3822 = DEFINITIONAL_REPRESENTATION('',(#3823),#3827);
#3823 = LINE('',#3824,#3825);
#3824 = CARTESIAN_POINT('',(0.,9.));
#3825 = VECTOR('',#3826,1.);
#3826 = DIRECTION('',(1.,0.));
#3827 = ( GEOMETRIC_REPRESENTATION_CONTEXT(2) 
PARAMETRIC_REPRESENTATION_CONTEXT() REPRESENTATION_CONTEXT('2D SPACE',''
  ) );
#3828 = PCURVE('',#3829,#3834);
#3829 = PLANE('',#3830);
#3830 = AXIS2_PLACEMENT_3D('',#3831,#3832,#3833);
#3831 = CARTESIAN_POINT('',(-41.51,0.,18.26));
#3832 = DIRECTION('',(1.,0.,0.));
#3833 = DIRECTION('',(-0.,0.,1.));
#3834 = DEFINITIONAL_REPRESENTATION('',(#3835),#3839);
#3835 = CIRCLE('',#3836,17.1);
#3836 = AXIS2_PLACEMENT_2D('',#3837,#3838);
#3837 = CARTESIAN_POINT('',(0.,0.));
#3838 = DIRECTION('',(1.,0.));
#3839 = ( GEOMETRIC_REPRESENTATION_CONTEXT(2) 
PARAMETRIC_REPRESENTATION_CONTEXT() REPRESENTATION_CONTEXT('2D SPACE',''
  ) );
#3840 = ORIENTED_EDGE('',*,*,#3791,.F.);
#3841 = ORIENTED_EDGE('',*,*,#3755,.T.);
#3842 = ADVANCED_FACE('',(#3843),#3829,.F.);
#3843 = FACE_BOUND('',#3844,.F.);
#3844 = EDGE_LOOP('',(#3845));
#3845 = ORIENTED_EDGE('',*,*,#3814,.T.);
#3846 = ADVANCED_FACE('',(#3847),#1932,.T.);
#3847 = FACE_BOUND('',#3848,.T.);
#3848 = EDGE_LOOP('',(#3849,#3850,#3851,#3852,#4068,#4069,#4070,#4096,
    #4097,#4098,#4208,#4316));
#3849 = ORIENTED_EDGE('',*,*,#1915,.F.);
#3850 = ORIENTED_EDGE('',*,*,#1976,.F.);
#3851 = ORIENTED_EDGE('',*,*,#3071,.F.);
#3852 = ORIENTED_EDGE('',*,*,#3853,.F.);
#3853 = EDGE_CURVE('',#2005,#3072,#3854,.T.);
#3854 = SURFACE_CURVE('',#3855,(#3924,#3996),.PCURVE_S1.);
#3855 = B_SPLINE_CURVE_WITH_KNOTS('',7,(#3856,#3857,#3858,#3859,#3860,
    #3861,#3862,#3863,#3864,#3865,#3866,#3867,#3868,#3869,#3870,#3871,
    #3872,#3873,#3874,#3875,#3876,#3877,#3878,#3879,#3880,#3881,#3882,
    #3883,#3884,#3885,#3886,#3887,#3888,#3889,#3890,#3891,#3892,#3893,
    #3894,#3895,#3896,#3897,#3898,#3899,#3900,#3901,#3902,#3903,#3904,
    #3905,#3906,#3907,#3908,#3909,#3910,#3911,#3912,#3913,#3914,#3915,
    #3916,#3917,#3918,#3919,#3920,#3921,#3922,#3923),.UNSPECIFIED.,.F.,
  .F.,(8,6,6,6,6,6,6,6,6,6,6,8),(0.,6.757030864252E-02,0.110787239068,
    0.21192120447,0.360472870684,0.408125394263,0.499342824758,
    0.638718662293,0.788240765181,0.889381043368,0.932609405422,1.),
  .UNSPECIFIED.);
#3856 = CARTESIAN_POINT('',(-33.87207699566,-6.552282045211,
    2.586096348248));
#3857 = CARTESIAN_POINT('',(-33.79941269704,-6.927920746424,
    2.708685339818));
#3858 = CARTESIAN_POINT('',(-33.72294260963,-7.297168334281,
    2.838822282537));
#3859 = CARTESIAN_POINT('',(-33.64298429699,-7.659747348112,
    2.976231968535));
#3860 = CARTESIAN_POINT('',(-33.55986038314,-8.015431215294,
    3.120643181991));
#3861 = CARTESIAN_POINT('',(-33.47389444044,-8.364038168098,
    3.271793968183));
#3862 = CARTESIAN_POINT('',(-33.3854068775,-8.705425160541,3.42943690253
    ));
#3863 = CARTESIAN_POINT('',(-33.23670302769,-9.253139265833,
    3.698177048923));
#3864 = CARTESIAN_POINT('',(-33.17779214466,-9.463797047576,
    3.805571793951));
#3865 = CARTESIAN_POINT('',(-33.1180603331,-9.671426035713,3.91546877856
    ));
#3866 = CARTESIAN_POINT('',(-33.05758912945,-9.876000945872,
    4.027810548311));
#3867 = CARTESIAN_POINT('',(-32.9964593002,-10.07749992337,
    4.142542275934));
#3868 = CARTESIAN_POINT('',(-32.9347506906,-10.27590416254,
    4.259612026772));
#3869 = CARTESIAN_POINT('',(-32.72696477143,-10.92821268342,
    4.658288611079));
#3870 = CARTESIAN_POINT('',(-32.57865808274,-11.36816428698,
    4.950125957539));
#3871 = CARTESIAN_POINT('',(-32.42862058021,-11.79088575591,
    5.253877617497));
#3872 = CARTESIAN_POINT('',(-32.2778412855,-12.19620981033,5.56899474635
    ));
#3873 = CARTESIAN_POINT('',(-32.12729818699,-12.58396904384,
    5.894983735375));
#3874 = CARTESIAN_POINT('',(-31.97795756483,-12.95399018101,
    6.23140929778));
#3875 = CARTESIAN_POINT('',(-31.61458220975,-13.82325574187,
    7.086851388525));
#3876 = CARTESIAN_POINT('',(-31.4030881113,-14.30164194417,
    7.617418618376));
#3877 = CARTESIAN_POINT('',(-31.19929508411,-14.74070819741,
    8.168462361334));
#3878 = CARTESIAN_POINT('',(-31.00631216571,-15.13943494685,
    8.738782235964));
#3879 = CARTESIAN_POINT('',(-30.8273218853,-15.49653215012,
    9.327028727364));
#3880 = CARTESIAN_POINT('',(-30.66545916165,-15.81051189666,
    9.931637545035));
#3881 = CARTESIAN_POINT('',(-30.47805990464,-16.16624261945,
    10.749279563482));
#3882 = CARTESIAN_POINT('',(-30.43460472108,-16.24803956984,
    10.949335174626));
#3883 = CARTESIAN_POINT('',(-30.39330342001,-16.32518429224,
    11.150793978041));
#3884 = CARTESIAN_POINT('',(-30.35424791949,-16.39762452743,
    11.35358073891));
#3885 = CARTESIAN_POINT('',(-30.31752587265,-16.46530889575,
    11.557614567274));
#3886 = CARTESIAN_POINT('',(-30.28321949967,-16.52818792501,
    11.76280851278));
#3887 = CARTESIAN_POINT('',(-30.19050334635,-16.69729183672,
    12.36389748728));
#3888 = CARTESIAN_POINT('',(-30.13872736198,-16.79059678811,
    12.7626578303));
#3889 = CARTESIAN_POINT('',(-30.09661356912,-16.86579048916,
    13.164662297895));
#3890 = CARTESIAN_POINT('',(-30.06459901018,-16.92259555972,
    13.569177420084));
#3891 = CARTESIAN_POINT('',(-30.04299488916,-16.96080768623,
    13.975421310649));
#3892 = CARTESIAN_POINT('',(-30.03196579739,-16.98031304738,
    14.382560742413));
#3893 = CARTESIAN_POINT('',(-30.03082353279,-16.98233317037,
    15.411809727409));
#3894 = CARTESIAN_POINT('',(-30.05482700066,-16.93988226185,
    16.034106139291));
#3895 = CARTESIAN_POINT('',(-30.1035583364,-16.85371708774,
    16.653298821869));
#3896 = CARTESIAN_POINT('',(-30.17613714677,-16.72447706635,
    17.266495715205));
#3897 = CARTESIAN_POINT('',(-30.27092886558,-16.55319892315,
    17.871162441566));
#3898 = CARTESIAN_POINT('',(-30.38579915436,-16.34117332614,
    18.46507717201));
#3899 = CARTESIAN_POINT('',(-30.6604763537,-15.82018041487,
    19.669823159165));
#3900 = CARTESIAN_POINT('',(-30.82295240454,-15.50526712939,
    20.278767317678));
#3901 = CARTESIAN_POINT('',(-31.00284302083,-15.14664512927,
    20.87116892678));
#3902 = CARTESIAN_POINT('',(-31.19695215524,-14.74583498193,
    21.445429022289));
#3903 = CARTESIAN_POINT('',(-31.40203387387,-14.30415490457,
    22.000170128832));
#3904 = CARTESIAN_POINT('',(-31.61491796109,-13.82264635997,
    22.534168611736));
#3905 = CARTESIAN_POINT('',(-31.9797498763,-12.94957020068,
    23.392653211365));
#3906 = CARTESIAN_POINT('',(-32.12910555814,-12.57936324364,
    23.728974178015));
#3907 = CARTESIAN_POINT('',(-32.27965544209,-12.19141949295,
    24.05485479343));
#3908 = CARTESIAN_POINT('',(-32.43043320293,-11.78591201985,
    24.369859451782));
#3909 = CARTESIAN_POINT('',(-32.58046075007,-11.36300817917,
    24.673494113948));
#3910 = CARTESIAN_POINT('',(-32.72874890709,-10.92287539221,
    24.965209420336));
#3911 = CARTESIAN_POINT('',(-32.93650843487,-10.27027103118,
    25.363727906443));
#3912 = CARTESIAN_POINT('',(-32.99821614559,-10.07174959456,
    25.480765264619));
#3913 = CARTESIAN_POINT('',(-33.05934320989,-9.870132496702,
    25.595462574072));
#3914 = CARTESIAN_POINT('',(-33.11980971819,-9.665438597452,
    25.707767822138));
#3915 = CARTESIAN_POINT('',(-33.17953483868,-9.457689818678,
    25.817626100662));
#3916 = CARTESIAN_POINT('',(-33.23843696933,-9.246911526238,
    25.924979872468));
#3917 = CARTESIAN_POINT('',(-33.38684784017,-8.699864029251,
    26.193129987662));
#3918 = CARTESIAN_POINT('',(-33.47506103391,-8.359306049997,
    26.350257083351));
#3919 = CARTESIAN_POINT('',(-33.56076282133,-8.011568806183,
    26.500924559514));
#3920 = CARTESIAN_POINT('',(-33.64363537473,-7.656794475456,
    26.644886890932));
#3921 = CARTESIAN_POINT('',(-33.72335775092,-7.295163586937,
    26.781884196593));
#3922 = CARTESIAN_POINT('',(-33.7996099536,-6.926901027028,
    26.911647443711));
#3923 = CARTESIAN_POINT('',(-33.87207699566,-6.552282045211,
    27.033903651752));
#3924 = PCURVE('',#1932,#3925);
#3925 = DEFINITIONAL_REPRESENTATION('',(#3926),#3995);
#3926 = B_SPLINE_CURVE_WITH_KNOTS('',7,(#3927,#3928,#3929,#3930,#3931,
    #3932,#3933,#3934,#3935,#3936,#3937,#3938,#3939,#3940,#3941,#3942,
    #3943,#3944,#3945,#3946,#3947,#3948,#3949,#3950,#3951,#3952,#3953,
    #3954,#3955,#3956,#3957,#3958,#3959,#3960,#3961,#3962,#3963,#3964,
    #3965,#3966,#3967,#3968,#3969,#3970,#3971,#3972,#3973,#3974,#3975,
    #3976,#3977,#3978,#3979,#3980,#3981,#3982,#3983,#3984,#3985,#3986,
    #3987,#3988,#3989,#3990,#3991,#3992,#3993,#3994),.UNSPECIFIED.,.F.,
  .F.,(8,6,6,6,6,6,6,6,6,6,6,8),(4.513388811824E-02,6.757030864252E-02,
    0.110787239068,0.21192120447,0.360472870684,0.408125394263,
    0.499342824758,0.638718662293,0.788240765181,0.889381043368,
    0.932609405422,0.954863626792),.UNSPECIFIED.);
#3927 = CARTESIAN_POINT('',(3.382949759797,3.227175299356));
#3928 = CARTESIAN_POINT('',(3.386403560034,3.277326407006));
#3929 = CARTESIAN_POINT('',(3.389837389527,3.328212065207));
#3930 = CARTESIAN_POINT('',(3.393251071846,3.379823105613));
#3931 = CARTESIAN_POINT('',(3.396644440572,3.432150536755));
#3932 = CARTESIAN_POINT('',(3.400017338701,3.485185565304));
#3933 = CARTESIAN_POINT('',(3.403369618061,3.538919617346));
#3934 = CARTESIAN_POINT('',(3.413118298537,3.698177048923));
#3935 = CARTESIAN_POINT('',(3.419458406697,3.805571793951));
#3936 = CARTESIAN_POINT('',(3.425720457159,3.91546877856));
#3937 = CARTESIAN_POINT('',(3.431903508206,4.027810548311));
#3938 = CARTESIAN_POINT('',(3.438006674508,4.142542275934));
#3939 = CARTESIAN_POINT('',(3.444029119191,4.259612026772));
#3940 = CARTESIAN_POINT('',(3.463872687098,4.658288611079));
#3941 = CARTESIAN_POINT('',(3.477328075718,4.950125957539));
#3942 = CARTESIAN_POINT('',(3.490327214833,5.253877617497));
#3943 = CARTESIAN_POINT('',(3.502859902807,5.56899474635));
#3944 = CARTESIAN_POINT('',(3.514914888065,5.894983735375));
#3945 = CARTESIAN_POINT('',(3.526479851641,6.23140929778));
#3946 = CARTESIAN_POINT('',(3.553788818665,7.086851388525));
#3947 = CARTESIAN_POINT('',(3.568946610522,7.617418618376));
#3948 = CARTESIAN_POINT('',(3.58297378082,8.168462361334));
#3949 = CARTESIAN_POINT('',(3.595811102399,8.738782235964));
#3950 = CARTESIAN_POINT('',(3.607387963797,9.327028727364));
#3951 = CARTESIAN_POINT('',(3.61762657814,9.931637545035));
#3952 = CARTESIAN_POINT('',(3.629280872729,10.749279563482));
#3953 = CARTESIAN_POINT('',(3.631965592667,10.949335174626));
#3954 = CARTESIAN_POINT('',(3.634501946599,11.150793978041));
#3955 = CARTESIAN_POINT('',(3.636887372439,11.35358073891));
#3956 = CARTESIAN_POINT('',(3.639119374712,11.557614567274));
#3957 = CARTESIAN_POINT('',(3.641195570315,11.76280851278));
#3958 = CARTESIAN_POINT('',(3.646785522747,12.36389748728));
#3959 = CARTESIAN_POINT('',(3.649878463868,12.7626578303));
#3960 = CARTESIAN_POINT('',(3.652376527897,13.164662297895));
#3961 = CARTESIAN_POINT('',(3.654266537672,13.569177420084));
#3962 = CARTESIAN_POINT('',(3.655538901314,13.975421310649));
#3963 = CARTESIAN_POINT('',(3.656188396397,14.382560742413));
#3964 = CARTESIAN_POINT('',(3.656255663168,15.411809727409));
#3965 = CARTESIAN_POINT('',(3.654842119079,16.034106139291));
#3966 = CARTESIAN_POINT('',(3.651972821399,16.653298821869));
#3967 = CARTESIAN_POINT('',(3.64767645748,17.266495715205));
#3968 = CARTESIAN_POINT('',(3.64200253307,17.871162441566));
#3969 = CARTESIAN_POINT('',(3.635013323482,18.46507717201));
#3970 = CARTESIAN_POINT('',(3.617941839604,19.669823159165));
#3971 = CARTESIAN_POINT('',(3.607671028404,20.278767317678));
#3972 = CARTESIAN_POINT('',(3.596042972539,20.87116892678));
#3973 = CARTESIAN_POINT('',(3.58313711105,21.445429022289));
#3974 = CARTESIAN_POINT('',(3.569025558808,22.000170128832));
#3975 = CARTESIAN_POINT('',(3.553768768708,22.534168611736));
#3976 = CARTESIAN_POINT('',(3.526341611645,23.392653211365));
#3977 = CARTESIAN_POINT('',(3.514771491245,23.728974178015));
#3978 = CARTESIAN_POINT('',(3.502711451218,24.05485479343));
#3979 = CARTESIAN_POINT('',(3.490173798592,24.369859451782));
#3980 = CARTESIAN_POINT('',(3.477169776979,24.673494113948));
#3981 = CARTESIAN_POINT('',(3.463709585115,24.965209420336));
#3982 = CARTESIAN_POINT('',(3.44385807854,25.363727906443));
#3983 = CARTESIAN_POINT('',(3.43783239798,25.480765264619));
#3984 = CARTESIAN_POINT('',(3.431725978913,25.595462574072));
#3985 = CARTESIAN_POINT('',(3.425539659319,25.707767822138));
#3986 = CARTESIAN_POINT('',(3.419274325948,25.817626100662));
#3987 = CARTESIAN_POINT('',(3.412930922284,25.924979872468));
#3988 = CARTESIAN_POINT('',(3.403205162023,26.083715434825));
#3989 = CARTESIAN_POINT('',(3.399879452607,26.136981850943));
#3990 = CARTESIAN_POINT('',(3.396533465022,26.189560348881));
#3991 = CARTESIAN_POINT('',(3.39316734402,26.241442558718));
#3992 = CARTESIAN_POINT('',(3.389781242911,26.292619898363));
#3993 = CARTESIAN_POINT('',(3.386375324127,26.343083593996));
#3994 = CARTESIAN_POINT('',(3.382949759792,26.392824700502));
#3995 = ( GEOMETRIC_REPRESENTATION_CONTEXT(2) 
PARAMETRIC_REPRESENTATION_CONTEXT() REPRESENTATION_CONTEXT('2D SPACE',''
  ) );
#3996 = PCURVE('',#1336,#3997);
#3997 = DEFINITIONAL_REPRESENTATION('',(#3998),#4067);
#3998 = B_SPLINE_CURVE_WITH_KNOTS('',7,(#3999,#4000,#4001,#4002,#4003,
    #4004,#4005,#4006,#4007,#4008,#4009,#4010,#4011,#4012,#4013,#4014,
    #4015,#4016,#4017,#4018,#4019,#4020,#4021,#4022,#4023,#4024,#4025,
    #4026,#4027,#4028,#4029,#4030,#4031,#4032,#4033,#4034,#4035,#4036,
    #4037,#4038,#4039,#4040,#4041,#4042,#4043,#4044,#4045,#4046,#4047,
    #4048,#4049,#4050,#4051,#4052,#4053,#4054,#4055,#4056,#4057,#4058,
    #4059,#4060,#4061,#4062,#4063,#4064,#4065,#4066),.UNSPECIFIED.,.F.,
  .F.,(8,6,6,6,6,6,6,6,6,6,6,8),(0.,6.757030864252E-02,0.110787239068,
    0.21192120447,0.360472870684,0.408125394263,0.499342824758,
    0.638718662293,0.788240765181,0.889381043368,0.932609405422,1.),
  .UNSPECIFIED.);
#3999 = CARTESIAN_POINT('',(4.316252823272,-1.627923004339));
#4000 = CARTESIAN_POINT('',(4.292275005761,-1.700587302951));
#4001 = CARTESIAN_POINT('',(4.268424610286,-1.777057390364));
#4002 = CARTESIAN_POINT('',(4.244702175806,-1.857015703008));
#4003 = CARTESIAN_POINT('',(4.221106511367,-1.94013961686));
#4004 = CARTESIAN_POINT('',(4.19763479039,-2.026105559555));
#4005 = CARTESIAN_POINT('',(4.174282644954,-2.114593122499));
#4006 = CARTESIAN_POINT('',(4.136181346435,-2.263296972309));
#4007 = CARTESIAN_POINT('',(4.121365041646,-2.32220785534));
#4008 = CARTESIAN_POINT('',(4.106593835525,-2.3819396669));
#4009 = CARTESIAN_POINT('',(4.091866086651,-2.442410870543));
#4010 = CARTESIAN_POINT('',(4.077180016051,-2.503540699796));
#4011 = CARTESIAN_POINT('',(4.062533700884,-2.565249309397));
#4012 = CARTESIAN_POINT('',(4.01373872157,-2.773035228565));
#4013 = CARTESIAN_POINT('',(3.979760788087,-2.92134191726));
#4014 = CARTESIAN_POINT('',(3.945961924102,-3.071379419788));
#4015 = CARTESIAN_POINT('',(3.912313714328,-3.222158714498));
#4016 = CARTESIAN_POINT('',(3.878787644021,-3.372701813009));
#4017 = CARTESIAN_POINT('',(3.845354057394,-3.522042435162));
#4018 = CARTESIAN_POINT('',(3.762960893385,-3.88541779025));
#4019 = CARTESIAN_POINT('',(3.714081362741,-4.096911888692));
#4020 = CARTESIAN_POINT('',(3.665237129959,-4.300704915883));
#4021 = CARTESIAN_POINT('',(3.616348901345,-4.493687834283));
#4022 = CARTESIAN_POINT('',(3.567353131549,-4.672678114693));
#4023 = CARTESIAN_POINT('',(3.518200465564,-4.834540838348));
#4024 = CARTESIAN_POINT('',(3.453032811067,-5.021940095354));
#4025 = CARTESIAN_POINT('',(3.437187204416,-5.065395278918));
#4026 = CARTESIAN_POINT('',(3.421322911369,-5.106696579988));
#4027 = CARTESIAN_POINT('',(3.405439751198,-5.145752080504));
#4028 = CARTESIAN_POINT('',(3.389537868472,-5.182474127346));
#4029 = CARTESIAN_POINT('',(3.373617754242,-5.21678050033));
#4030 = CARTESIAN_POINT('',(3.327172405218,-5.309496653647));
#4031 = CARTESIAN_POINT('',(3.296599083436,-5.361272638012));
#4032 = CARTESIAN_POINT('',(3.26596891078,-5.403386430876));
#4033 = CARTESIAN_POINT('',(3.235292204237,-5.435400989813));
#4034 = CARTESIAN_POINT('',(3.204581482665,-5.457005110838));
#4035 = CARTESIAN_POINT('',(3.173852256833,-5.46803420261));
#4036 = CARTESIAN_POINT('',(3.096172997061,-5.469176467204));
#4037 = CARTESIAN_POINT('',(3.049211116345,-5.44517299934));
#4038 = CARTESIAN_POINT('',(3.002318355691,-5.396441663599));
#4039 = CARTESIAN_POINT('',(2.955543598731,-5.323862853227));
#4040 = CARTESIAN_POINT('',(2.908916804876,-5.229071134417));
#4041 = CARTESIAN_POINT('',(2.862453747839,-5.114200845634));
#4042 = CARTESIAN_POINT('',(2.766492715453,-4.839523646293));
#4043 = CARTESIAN_POINT('',(2.717017740854,-4.677047595456));
#4044 = CARTESIAN_POINT('',(2.667702643951,-4.497156979168));
#4045 = CARTESIAN_POINT('',(2.61849738306,-4.303047844759));
#4046 = CARTESIAN_POINT('',(2.569337352522,-4.097966126121));
#4047 = CARTESIAN_POINT('',(2.520141801314,-3.885082038907));
#4048 = CARTESIAN_POINT('',(2.437429283574,-3.520250123693));
#4049 = CARTESIAN_POINT('',(2.403994560069,-3.370894441855));
#4050 = CARTESIAN_POINT('',(2.370467094496,-3.220344557906));
#4051 = CARTESIAN_POINT('',(2.336817228528,-3.069566797068));
#4052 = CARTESIAN_POINT('',(2.303016451122,-2.919539249924));
#4053 = CARTESIAN_POINT('',(2.269036357321,-2.771251092902));
#4054 = CARTESIAN_POINT('',(2.220235016342,-2.563491565123));
#4055 = CARTESIAN_POINT('',(2.205584671359,-2.501783854404));
#4056 = CARTESIAN_POINT('',(2.190894514521,-2.440656790107));
#4057 = CARTESIAN_POINT('',(2.176162623732,-2.380190281804));
#4058 = CARTESIAN_POINT('',(2.161387221233,-2.32046516132));
#4059 = CARTESIAN_POINT('',(2.146566667318,-2.261563030662));
#4060 = CARTESIAN_POINT('',(2.108522301499,-2.113152159823));
#4061 = CARTESIAN_POINT('',(2.085231929034,-2.024938966085));
#4062 = CARTESIAN_POINT('',(2.061822582547,-1.939237178661));
#4063 = CARTESIAN_POINT('',(2.038289940772,-1.856364625267));
#4064 = CARTESIAN_POINT('',(2.014631208625,-1.776642249079));
#4065 = CARTESIAN_POINT('',(1.99084521056,-1.7003900464));
#4066 = CARTESIAN_POINT('',(1.966932483908,-1.627923004339));
#4067 = ( GEOMETRIC_REPRESENTATION_CONTEXT(2) 
PARAMETRIC_REPRESENTATION_CONTEXT() REPRESENTATION_CONTEXT('2D SPACE',''
  ) );
#4068 = ORIENTED_EDGE('',*,*,#2002,.F.);
#4069 = ORIENTED_EDGE('',*,*,#3634,.F.);
#4070 = ORIENTED_EDGE('',*,*,#4071,.F.);
#4071 = EDGE_CURVE('',#3672,#3613,#4072,.T.);
#4072 = SURFACE_CURVE('',#4073,(#4078,#4085),.PCURVE_S1.);
#4073 = CIRCLE('',#4074,34.5);
#4074 = AXIS2_PLACEMENT_3D('',#4075,#4076,#4077);
#4075 = CARTESIAN_POINT('',(0.,0.,0.));
#4076 = DIRECTION('',(0.,0.,-1.));
#4077 = DIRECTION('',(-0.981799333208,0.189921218702,0.));
#4078 = PCURVE('',#1932,#4079);
#4079 = DEFINITIONAL_REPRESENTATION('',(#4080),#4084);
#4080 = LINE('',#4081,#4082);
#4081 = CARTESIAN_POINT('',(9.233696056613,0.));
#4082 = VECTOR('',#4083,1.);
#4083 = DIRECTION('',(-1.,-0.));
#4084 = ( GEOMETRIC_REPRESENTATION_CONTEXT(2) 
PARAMETRIC_REPRESENTATION_CONTEXT() REPRESENTATION_CONTEXT('2D SPACE',''
  ) );
#4085 = PCURVE('',#43,#4086);
#4086 = DEFINITIONAL_REPRESENTATION('',(#4087),#4095);
#4087 = ( BOUNDED_CURVE() B_SPLINE_CURVE(2,(#4088,#4089,#4090,#4091,
#4092,#4093,#4094),.UNSPECIFIED.,.T.,.F.) B_SPLINE_CURVE_WITH_KNOTS((1,2
    ,2,2,2,1),(-2.094395102393,0.,2.094395102393,4.188790204786,
6.28318530718,8.377580409573),.UNSPECIFIED.) CURVE() 
GEOMETRIC_REPRESENTATION_ITEM() RATIONAL_B_SPLINE_CURVE((1.,0.5,1.,0.5,
1.,0.5,1.)) REPRESENTATION_ITEM('') );
#4088 = CARTESIAN_POINT('',(-33.87207699566,6.552282045213));
#4089 = CARTESIAN_POINT('',(-22.52319158783,65.220440359582));
#4090 = CARTESIAN_POINT('',(22.610481201745,26.057938134578));
#4091 = CARTESIAN_POINT('',(67.744153991322,-13.10456409042));
#4092 = CARTESIAN_POINT('',(11.261595793916,-32.61022017979));
#4093 = CARTESIAN_POINT('',(-45.22096240349,-52.11587626915));
#4094 = CARTESIAN_POINT('',(-33.87207699566,6.552282045213));
#4095 = ( GEOMETRIC_REPRESENTATION_CONTEXT(2) 
PARAMETRIC_REPRESENTATION_CONTEXT() REPRESENTATION_CONTEXT('2D SPACE',''
  ) );
#4096 = ORIENTED_EDGE('',*,*,#3671,.F.);
#4097 = ORIENTED_EDGE('',*,*,#2054,.T.);
#4098 = ORIENTED_EDGE('',*,*,#4099,.F.);
#4099 = EDGE_CURVE('',#4100,#2055,#4102,.T.);
#4100 = VERTEX_POINT('',#4101);
#4101 = CARTESIAN_POINT('',(-30.0315026836,16.981132075472,14.81));
#4102 = SURFACE_CURVE('',#4103,(#4136,#4172),.PCURVE_S1.);
#4103 = B_SPLINE_CURVE_WITH_KNOTS('',7,(#4104,#4105,#4106,#4107,#4108,
    #4109,#4110,#4111,#4112,#4113,#4114,#4115,#4116,#4117,#4118,#4119,
    #4120,#4121,#4122,#4123,#4124,#4125,#4126,#4127,#4128,#4129,#4130,
    #4131,#4132,#4133,#4134,#4135),.UNSPECIFIED.,.F.,.F.,(8,6,6,6,6,8),(
    0.,0.277492536509,0.576516811702,0.778794445586,0.865251873942,1.),
  .UNSPECIFIED.);
#4104 = CARTESIAN_POINT('',(-30.0315026836,16.981132075472,14.81));
#4105 = CARTESIAN_POINT('',(-30.0315026836,16.981132075472,
    14.190698274158));
#4106 = CARTESIAN_POINT('',(-30.0559750266,16.937852152356,
    13.571274972939));
#4107 = CARTESIAN_POINT('',(-30.10493711292,16.851261887065,
    12.954981489106));
#4108 = CARTESIAN_POINT('',(-30.17750939197,16.721998463047,
    12.344667591283));
#4109 = CARTESIAN_POINT('',(-30.27207411072,16.551087731954,
    11.742830222564));
#4110 = CARTESIAN_POINT('',(-30.38652425289,16.339803467809,
    11.151658366504));
#4111 = CARTESIAN_POINT('',(-30.66063211322,15.819879078477,
    9.949584446737));
#4112 = CARTESIAN_POINT('',(-30.82311457736,15.50494553785,
    9.340684582874));
#4113 = CARTESIAN_POINT('',(-31.00300768778,15.146308772514,
    8.748326737087));
#4114 = CARTESIAN_POINT('',(-31.19711585293,14.745488991951,
    8.174109445918));
#4115 = CARTESIAN_POINT('',(-31.40219365538,14.303804067437,
    7.619409881409));
#4116 = CARTESIAN_POINT('',(-31.61507138808,13.822295159754,
    7.085451472375));
#4117 = CARTESIAN_POINT('',(-31.97989704154,12.949207212477,
    6.227013281795));
#4118 = CARTESIAN_POINT('',(-32.12925410604,12.578984627217,
    5.890700570483));
#4119 = CARTESIAN_POINT('',(-32.27980469539,12.191025319854,
    5.564828541587));
#4120 = CARTESIAN_POINT('',(-32.43058247776,11.785502345387,
    5.249832828492));
#4121 = CARTESIAN_POINT('',(-32.58060935122,11.362583054962,
    4.946207507266));
#4122 = CARTESIAN_POINT('',(-32.7288961236,10.9224348821,4.654501981619)
  );
#4123 = CARTESIAN_POINT('',(-32.93665403923,10.269804281327,
    4.255995458711));
#4124 = CARTESIAN_POINT('',(-32.9983620959,10.071271771957,
    4.138959986856));
#4125 = CARTESIAN_POINT('',(-33.05948934338,9.869643482543,
    4.024264763749));
#4126 = CARTESIAN_POINT('',(-33.11995586512,9.664938277835,
    3.911961809595));
#4127 = CARTESIAN_POINT('',(-33.1796808222,9.457178085755,3.802106040415
    ));
#4128 = CARTESIAN_POINT('',(-33.2385826055,9.246388279509,3.694755001468
    ));
#4129 = CARTESIAN_POINT('',(-33.38696918312,8.699395557168,
    3.426653875599));
#4130 = CARTESIAN_POINT('',(-33.47515927383,8.358907428705,
    3.269570207414));
#4131 = CARTESIAN_POINT('',(-33.56083881852,8.01124345791,3.118943422064
    ));
#4132 = CARTESIAN_POINT('',(-33.64369020622,7.656545749419,
    2.975018885211));
#4133 = CARTESIAN_POINT('',(-33.72339271457,7.294994728214,
    2.838056303675));
#4134 = CARTESIAN_POINT('',(-33.79962656796,6.926815138938,
    2.708324526871));
#4135 = CARTESIAN_POINT('',(-33.87207699566,6.552282045211,
    2.586096348248));
#4136 = PCURVE('',#1932,#4137);
#4137 = DEFINITIONAL_REPRESENTATION('',(#4138),#4171);
#4138 = B_SPLINE_CURVE_WITH_KNOTS('',7,(#4139,#4140,#4141,#4142,#4143,
    #4144,#4145,#4146,#4147,#4148,#4149,#4150,#4151,#4152,#4153,#4154,
    #4155,#4156,#4157,#4158,#4159,#4160,#4161,#4162,#4163,#4164,#4165,
    #4166,#4167,#4168,#4169,#4170),.UNSPECIFIED.,.F.,.F.,(8,6,6,6,6,8),(
    0.,0.277492536509,0.576516811702,0.778794445586,0.865251873942,
    0.909728702434),.UNSPECIFIED.);
#4139 = CARTESIAN_POINT('',(8.910154945675,14.81));
#4140 = CARTESIAN_POINT('',(8.910154945675,14.190698274158));
#4141 = CARTESIAN_POINT('',(8.911596096209,13.571274972939));
#4142 = CARTESIAN_POINT('',(8.914479411627,12.954981489106));
#4143 = CARTESIAN_POINT('',(8.918776272579,12.344667591283));
#4144 = CARTESIAN_POINT('',(8.924437694923,11.742830222564));
#4145 = CARTESIAN_POINT('',(8.931402216293,11.151658366504));
#4146 = CARTESIAN_POINT('',(8.948438606659,9.949584446737));
#4147 = CARTESIAN_POINT('',(8.958710024723,9.340684582874));
#4148 = CARTESIAN_POINT('',(8.97033849532,8.748326737087));
#4149 = CARTESIAN_POINT('',(8.983244595691,8.174109445918));
#4150 = CARTESIAN_POINT('',(8.997356227557,7.619409881409));
#4151 = CARTESIAN_POINT('',(9.012612952946,7.085451472375));
#4152 = CARTESIAN_POINT('',(9.040040355294,6.227013281795));
#4153 = CARTESIAN_POINT('',(9.051610910674,5.890700570483));
#4154 = CARTESIAN_POINT('',(9.063671378278,5.564828541587));
#4155 = CARTESIAN_POINT('',(9.076209452024,5.249832828492));
#4156 = CARTESIAN_POINT('',(9.089213888918,4.946207507266));
#4157 = CARTESIAN_POINT('',(9.102674490433,4.654501981619));
#4158 = CARTESIAN_POINT('',(9.122526707568,4.255995458711));
#4159 = CARTESIAN_POINT('',(9.128552697567,4.138959986856));
#4160 = CARTESIAN_POINT('',(9.134659428577,4.024264763749));
#4161 = CARTESIAN_POINT('',(9.140846062507,3.911961809595));
#4162 = CARTESIAN_POINT('',(9.147111712471,3.802106040415));
#4163 = CARTESIAN_POINT('',(9.153455434818,3.694755001468));
#4164 = CARTESIAN_POINT('',(9.163179305918,3.536062685768));
#4165 = CARTESIAN_POINT('',(9.16650277678,3.482835636567));
#4166 = CARTESIAN_POINT('',(9.169846497256,3.430295574027));
#4167 = CARTESIAN_POINT('',(9.173210322879,3.378450851037));
#4168 = CARTESIAN_POINT('',(9.17659410065,3.327310032048));
#4169 = CARTESIAN_POINT('',(9.179997668467,3.276881872712));
#4170 = CARTESIAN_POINT('',(9.183420854568,3.22717529951));
#4171 = ( GEOMETRIC_REPRESENTATION_CONTEXT(2) 
PARAMETRIC_REPRESENTATION_CONTEXT() REPRESENTATION_CONTEXT('2D SPACE',''
  ) );
#4172 = PCURVE('',#1336,#4173);
#4173 = DEFINITIONAL_REPRESENTATION('',(#4174),#4207);
#4174 = B_SPLINE_CURVE_WITH_KNOTS('',7,(#4175,#4176,#4177,#4178,#4179,
    #4180,#4181,#4182,#4183,#4184,#4185,#4186,#4187,#4188,#4189,#4190,
    #4191,#4192,#4193,#4194,#4195,#4196,#4197,#4198,#4199,#4200,#4201,
    #4202,#4203,#4204,#4205,#4206),.UNSPECIFIED.,.F.,.F.,(8,6,6,6,6,8),(
    0.,0.277492536509,0.576516811702,0.778794445586,0.865251873942,1.),
  .UNSPECIFIED.);
#4175 = CARTESIAN_POINT('',(6.28318530718,-5.468497316395));
#4176 = CARTESIAN_POINT('',(6.236445554286,-5.468497316395));
#4177 = CARTESIAN_POINT('',(6.189696628492,-5.444024973398));
#4178 = CARTESIAN_POINT('',(6.143017122759,-5.395062887078));
#4179 = CARTESIAN_POINT('',(6.096455112085,-5.322490608025));
#4180 = CARTESIAN_POINT('',(6.050039996805,-5.22792588928));
#4181 = CARTESIAN_POINT('',(6.00378716709,-5.113475747109));
#4182 = CARTESIAN_POINT('',(5.908037333124,-4.839367886771));
#4183 = CARTESIAN_POINT('',(5.85856499871,-4.676885422638));
#4184 = CARTESIAN_POINT('',(5.809252495777,-4.496992312215));
#4185 = CARTESIAN_POINT('',(5.760049777985,-4.30288414706));
#4186 = CARTESIAN_POINT('',(5.710892240621,-4.097806344616));
#4187 = CARTESIAN_POINT('',(5.66169913866,-3.884928611919));
#4188 = CARTESIAN_POINT('',(5.578988933041,-3.520102958455));
#4189 = CARTESIAN_POINT('',(5.545554082738,-3.370745893956));
#4190 = CARTESIAN_POINT('',(5.512026468955,-3.220195304607));
#4191 = CARTESIAN_POINT('',(5.478376433068,-3.069417522235));
#4192 = CARTESIAN_POINT('',(5.444575464258,-2.919390648779));
#4193 = CARTESIAN_POINT('',(5.410595158338,-2.771103876397));
#4194 = CARTESIAN_POINT('',(5.361793156918,-2.56334596077));
#4195 = CARTESIAN_POINT('',(5.347142377675,-2.501637904095));
#4196 = CARTESIAN_POINT('',(5.332451781353,-2.440510656617));
#4197 = CARTESIAN_POINT('',(5.317719445879,-2.380044134879));
#4198 = CARTESIAN_POINT('',(5.302943593559,-2.320319177794));
#4199 = CARTESIAN_POINT('',(5.2881225848,-2.261417394494));
#4200 = CARTESIAN_POINT('',(5.250082917115,-2.113030816874));
#4201 = CARTESIAN_POINT('',(5.226797747993,-2.024840726167));
#4202 = CARTESIAN_POINT('',(5.203393655464,-1.939161181478));
#4203 = CARTESIAN_POINT('',(5.179866322175,-1.856309793774));
#4204 = CARTESIAN_POINT('',(5.156212955684,-1.776607285421));
#4205 = CARTESIAN_POINT('',(5.13243238173,-1.700373432037));
#4206 = CARTESIAN_POINT('',(5.108525137498,-1.627923004339));
#4207 = ( GEOMETRIC_REPRESENTATION_CONTEXT(2) 
PARAMETRIC_REPRESENTATION_CONTEXT() REPRESENTATION_CONTEXT('2D SPACE',''
  ) );
#4208 = ORIENTED_EDGE('',*,*,#4209,.F.);
#4209 = EDGE_CURVE('',#2564,#4100,#4210,.T.);
#4210 = SURFACE_CURVE('',#4211,(#4244,#4280),.PCURVE_S1.);
#4211 = B_SPLINE_CURVE_WITH_KNOTS('',7,(#4212,#4213,#4214,#4215,#4216,
    #4217,#4218,#4219,#4220,#4221,#4222,#4223,#4224,#4225,#4226,#4227,
    #4228,#4229,#4230,#4231,#4232,#4233,#4234,#4235,#4236,#4237,#4238,
    #4239,#4240,#4241,#4242,#4243),.UNSPECIFIED.,.F.,.F.,(8,6,6,6,6,8),(
    0.,0.135050635032,0.221494334072,0.423771194279,0.720840249167,1.),
  .UNSPECIFIED.);
#4212 = CARTESIAN_POINT('',(-33.87207699566,6.552282045211,
    27.033903651752));
#4213 = CARTESIAN_POINT('',(-33.7994639355,6.927655868782,
    26.911401102508));
#4214 = CARTESIAN_POINT('',(-33.72305045014,7.296647599794,
    26.781361239797));
#4215 = CARTESIAN_POINT('',(-33.64315343258,7.658980352724,
    26.644058691842));
#4216 = CARTESIAN_POINT('',(-33.56009482296,8.014427993515,
    26.499764106354));
#4217 = CARTESIAN_POINT('',(-33.47419750932,8.362809076564,
    26.348738898409));
#4218 = CARTESIAN_POINT('',(-33.38578122855,8.703980781717,
    26.191229998328));
#4219 = CARTESIAN_POINT('',(-33.23715232218,9.251526091707,
    25.922641050654));
#4220 = CARTESIAN_POINT('',(-33.17824250506,9.462219350635,
    25.815254732589));
#4221 = CARTESIAN_POINT('',(-33.11851119277,9.669883506381,
    25.705365486818));
#4222 = CARTESIAN_POINT('',(-33.05803994368,9.874493251999,
    25.593030792676));
#4223 = CARTESIAN_POINT('',(-32.99690954609,10.076026714194,
    25.478305501641));
#4224 = CARTESIAN_POINT('',(-32.93519986673,10.274465072266,
    25.361241571592));
#4225 = CARTESIAN_POINT('',(-32.7274189118,10.926854448826,
    24.962601904943));
#4226 = CARTESIAN_POINT('',(-32.57911648877,11.366853466406,
    24.670794744638));
#4227 = CARTESIAN_POINT('',(-32.42908105973,11.789622549471,
    24.367071917861));
#4228 = CARTESIAN_POINT('',(-32.27830169445,12.194994380855,
    24.051982404976));
#4229 = CARTESIAN_POINT('',(-32.12775641595,12.582801565852,
    23.726019928349));
#4230 = CARTESIAN_POINT('',(-31.97841152438,12.952870879396,
    23.38961985946));
#4231 = CARTESIAN_POINT('',(-31.61505497635,13.822173631063,
    22.53431949024));
#4232 = CARTESIAN_POINT('',(-31.40358006146,14.300561532919,
    22.0038742822));
#4233 = CARTESIAN_POINT('',(-31.19979882251,14.739643028403,
    21.452956975606));
#4234 = CARTESIAN_POINT('',(-31.00681877232,15.138399469327,
    20.882767334639));
#4235 = CARTESIAN_POINT('',(-30.82782089243,15.495541851573,
    20.29465396647));
#4236 = CARTESIAN_POINT('',(-30.66593873311,15.809583339874,
    19.690179881138));
#4237 = CARTESIAN_POINT('',(-30.39065984185,16.332166884066,
    18.489642647904));
#4238 = CARTESIAN_POINT('',(-30.27492224234,16.545939472094,
    17.895242432391));
#4239 = CARTESIAN_POINT('',(-30.17925853135,16.718882801176,
    17.289996746907));
#4240 = CARTESIAN_POINT('',(-30.1058223623,16.849696319577,
    16.676126564984));
#4241 = CARTESIAN_POINT('',(-30.0562699324,16.937330601156,
    16.056168574633));
#4242 = CARTESIAN_POINT('',(-30.0315026836,16.981132075472,
    15.433022037803));
#4243 = CARTESIAN_POINT('',(-30.0315026836,16.981132075472,14.81));
#4244 = PCURVE('',#1932,#4245);
#4245 = DEFINITIONAL_REPRESENTATION('',(#4246),#4279);
#4246 = B_SPLINE_CURVE_WITH_KNOTS('',7,(#4247,#4248,#4249,#4250,#4251,
    #4252,#4253,#4254,#4255,#4256,#4257,#4258,#4259,#4260,#4261,#4262,
    #4263,#4264,#4265,#4266,#4267,#4268,#4269,#4270,#4271,#4272,#4273,
    #4274,#4275,#4276,#4277,#4278),.UNSPECIFIED.,.F.,.F.,(8,6,6,6,6,8),(
    9.027132464008E-02,0.135050635032,0.221494334072,0.423771194279,
    0.720840249167,1.),.UNSPECIFIED.);
#4247 = CARTESIAN_POINT('',(9.183420854563,26.392824700607));
#4248 = CARTESIAN_POINT('',(9.179974388746,26.342780092842));
#4249 = CARTESIAN_POINT('',(9.176547808945,26.292004051009));
#4250 = CARTESIAN_POINT('',(9.173141290466,26.240505685115));
#4251 = CARTESIAN_POINT('',(9.169754998686,26.188293929754));
#4252 = CARTESIAN_POINT('',(9.166389089643,26.135377523056));
#4253 = CARTESIAN_POINT('',(9.163043710616,26.081764985637));
#4254 = CARTESIAN_POINT('',(9.153300853143,25.922641050654));
#4255 = CARTESIAN_POINT('',(9.146959763051,25.815254732589));
#4256 = CARTESIAN_POINT('',(9.140696737092,25.705365486818));
#4257 = CARTESIAN_POINT('',(9.134512717496,25.593030792677));
#4258 = CARTESIAN_POINT('',(9.128408590012,25.478305501641));
#4259 = CARTESIAN_POINT('',(9.122385191848,25.361241571592));
#4260 = CARTESIAN_POINT('',(9.10253943451,24.962601904943));
#4261 = CARTESIAN_POINT('',(9.089082783558,24.670794744638));
#4262 = CARTESIAN_POINT('',(9.076082364645,24.367071917861));
#4263 = CARTESIAN_POINT('',(9.063548378756,24.051982404976));
#4264 = CARTESIAN_POINT('',(9.051492075542,23.726019928349));
#4265 = CARTESIAN_POINT('',(9.03992577105,23.38961985946));
#4266 = CARTESIAN_POINT('',(9.012616019668,22.53431949024));
#4267 = CARTESIAN_POINT('',(8.99745840717,22.0038742822));
#4268 = CARTESIAN_POINT('',(8.983430979993,21.452956975606));
#4269 = CARTESIAN_POINT('',(8.970592920509,20.882767334639));
#4270 = CARTESIAN_POINT('',(8.959014790389,20.29465396647));
#4271 = CARTESIAN_POINT('',(8.948774327596,19.690179881138));
#4272 = CARTESIAN_POINT('',(8.931653924721,18.489642647904));
#4273 = CARTESIAN_POINT('',(8.924608225535,17.895242432391));
#4274 = CARTESIAN_POINT('',(8.918879839461,17.289996746907));
#4275 = CARTESIAN_POINT('',(8.91453154257,16.676126564984));
#4276 = CARTESIAN_POINT('',(8.911613462985,16.056168574633));
#4277 = CARTESIAN_POINT('',(8.910154945675,15.433022037803));
#4278 = CARTESIAN_POINT('',(8.910154945675,14.81));
#4279 = ( GEOMETRIC_REPRESENTATION_CONTEXT(2) 
PARAMETRIC_REPRESENTATION_CONTEXT() REPRESENTATION_CONTEXT('2D SPACE',''
  ) );
#4280 = PCURVE('',#1336,#4281);
#4281 = DEFINITIONAL_REPRESENTATION('',(#4282),#4315);
#4282 = B_SPLINE_CURVE_WITH_KNOTS('',7,(#4283,#4284,#4285,#4286,#4287,
    #4288,#4289,#4290,#4291,#4292,#4293,#4294,#4295,#4296,#4297,#4298,
    #4299,#4300,#4301,#4302,#4303,#4304,#4305,#4306,#4307,#4308,#4309,
    #4310,#4311,#4312,#4313,#4314),.UNSPECIFIED.,.F.,.F.,(8,6,6,6,6,8),(
    0.,0.135050635032,0.221494334072,0.423771194279,0.720840249167,1.),
  .UNSPECIFIED.);
#4283 = CARTESIAN_POINT('',(1.174660169682,-1.627923004339));
#4284 = CARTESIAN_POINT('',(1.150699259875,-1.700536064493));
#4285 = CARTESIAN_POINT('',(1.126865591767,-1.776949549857));
#4286 = CARTESIAN_POINT('',(1.103159703917,-1.856846567412));
#4287 = CARTESIAN_POINT('',(1.079580409397,-1.939905177039));
#4288 = CARTESIAN_POINT('',(1.056124889838,-2.025802490672));
#4289 = CARTESIAN_POINT('',(1.032788789464,-2.114218771448));
#4290 = CARTESIAN_POINT('',(0.994701979925,-2.262847677812));
#4291 = CARTESIAN_POINT('',(0.979884274562,-2.321757494937));
#4292 = CARTESIAN_POINT('',(0.965111683354,-2.381488807229));
#4293 = CARTESIAN_POINT('',(0.950382565223,-2.441960056313));
#4294 = CARTESIAN_POINT('',(0.935695141398,-2.503090453902));
#4295 = CARTESIAN_POINT('',(0.921047489106,-2.564800133268));
#4296 = CARTESIAN_POINT('',(0.872250479141,-2.772581088197));
#4297 = CARTESIAN_POINT('',(0.838271895511,-2.92088351123));
#4298 = CARTESIAN_POINT('',(0.804472445262,-3.070918940266));
#4299 = CARTESIAN_POINT('',(0.770823715476,-3.221698305542));
#4300 = CARTESIAN_POINT('',(0.737297192097,-3.372243584043));
#4301 = CARTESIAN_POINT('',(0.703863218427,-3.521588475615));
#4302 = CARTESIAN_POINT('',(0.621477074437,-3.884945023646));
#4303 = CARTESIAN_POINT('',(0.572604981954,-4.096419938532));
#4304 = CARTESIAN_POINT('',(0.523768320817,-4.300201177488));
#4305 = CARTESIAN_POINT('',(0.474887815266,-4.493181227676));
#4306 = CARTESIAN_POINT('',(0.425899922833,-4.672179107565));
#4307 = CARTESIAN_POINT('',(0.376755274513,-4.834061266889));
#4308 = CARTESIAN_POINT('',(0.281065073891,-5.109340158143));
#4309 = CARTESIAN_POINT('',(0.234539301751,-5.225077757658));
#4310 = CARTESIAN_POINT('',(0.187849041536,-5.320741468641));
#4311 = CARTESIAN_POINT('',(0.141009552485,-5.394177637699));
#4312 = CARTESIAN_POINT('',(9.405045570373E-02,-5.443730067599));
#4313 = CARTESIAN_POINT('',(4.702053115493E-02,-5.468497316395));
#4314 = CARTESIAN_POINT('',(0.,-5.468497316395));
#4315 = ( GEOMETRIC_REPRESENTATION_CONTEXT(2) 
PARAMETRIC_REPRESENTATION_CONTEXT() REPRESENTATION_CONTEXT('2D SPACE',''
  ) );
#4316 = ORIENTED_EDGE('',*,*,#3051,.T.);
#4317 = ADVANCED_FACE('',(#4318),#1431,.F.);
#4318 = FACE_BOUND('',#4319,.F.);
#4319 = EDGE_LOOP('',(#4320,#4321,#4322,#4358));
#4320 = ORIENTED_EDGE('',*,*,#1808,.F.);
#4321 = ORIENTED_EDGE('',*,*,#1493,.T.);
#4322 = ORIENTED_EDGE('',*,*,#4323,.F.);
#4323 = EDGE_CURVE('',#1191,#1494,#4324,.T.);
#4324 = SURFACE_CURVE('',#4325,(#4334,#4346),.PCURVE_S1.);
#4325 = B_SPLINE_CURVE_WITH_KNOTS('',4,(#4326,#4327,#4328,#4329,#4330,
    #4331,#4332,#4333),.UNSPECIFIED.,.F.,.F.,(5,3,5),(0.,0.5,1.),
  .UNSPECIFIED.);
#4326 = CARTESIAN_POINT('',(-33.5,-3.06587670985,27.842256499729));
#4327 = CARTESIAN_POINT('',(-33.5,-2.304608384484,27.951292849521));
#4328 = CARTESIAN_POINT('',(-33.5,-1.53810021789,28.023764758319));
#4329 = CARTESIAN_POINT('',(-33.5,-0.769054493014,28.06));
#4330 = CARTESIAN_POINT('',(-33.5,0.769054493011,28.06));
#4331 = CARTESIAN_POINT('',(-33.5,1.538100217888,28.023764758319));
#4332 = CARTESIAN_POINT('',(-33.5,2.304608384483,27.951292849521));
#4333 = CARTESIAN_POINT('',(-33.5,3.06587670985,27.842256499729));
#4334 = PCURVE('',#1431,#4335);
#4335 = DEFINITIONAL_REPRESENTATION('',(#4336),#4345);
#4336 = B_SPLINE_CURVE_WITH_KNOTS('',4,(#4337,#4338,#4339,#4340,#4341,
    #4342,#4343,#4344),.UNSPECIFIED.,.F.,.F.,(5,3,5),(0.,0.5,1.),
  .UNSPECIFIED.);
#4337 = CARTESIAN_POINT('',(-9.582256499729,3.06587670985));
#4338 = CARTESIAN_POINT('',(-9.691292849521,2.304608384484));
#4339 = CARTESIAN_POINT('',(-9.763764758319,1.53810021789));
#4340 = CARTESIAN_POINT('',(-9.8,0.769054493014));
#4341 = CARTESIAN_POINT('',(-9.8,-0.769054493011));
#4342 = CARTESIAN_POINT('',(-9.763764758319,-1.538100217888));
#4343 = CARTESIAN_POINT('',(-9.691292849521,-2.304608384483));
#4344 = CARTESIAN_POINT('',(-9.582256499729,-3.06587670985));
#4345 = ( GEOMETRIC_REPRESENTATION_CONTEXT(2) 
PARAMETRIC_REPRESENTATION_CONTEXT() REPRESENTATION_CONTEXT('2D SPACE',''
  ) );
#4346 = PCURVE('',#1336,#4347);
#4347 = DEFINITIONAL_REPRESENTATION('',(#4348),#4357);
#4348 = B_SPLINE_CURVE_WITH_KNOTS('',4,(#4349,#4350,#4351,#4352,#4353,
    #4354,#4355,#4356),.UNSPECIFIED.,.F.,.F.,(5,3,5),(0.,0.5,1.),
  .UNSPECIFIED.);
#4349 = CARTESIAN_POINT('',(1.752337946505,-2.));
#4350 = CARTESIAN_POINT('',(1.706758675009,-2.));
#4351 = CARTESIAN_POINT('',(1.661373736592,-2.));
#4352 = CARTESIAN_POINT('',(1.616085091384,-2.));
#4353 = CARTESIAN_POINT('',(1.525507562206,-2.));
#4354 = CARTESIAN_POINT('',(1.480218916997,-2.));
#4355 = CARTESIAN_POINT('',(1.434833978581,-2.));
#4356 = CARTESIAN_POINT('',(1.389254707085,-2.));
#4357 = ( GEOMETRIC_REPRESENTATION_CONTEXT(2) 
PARAMETRIC_REPRESENTATION_CONTEXT() REPRESENTATION_CONTEXT('2D SPACE',''
  ) );
#4358 = ORIENTED_EDGE('',*,*,#1416,.F.);
#4359 = ADVANCED_FACE('',(#4360,#4542),#1336,.T.);
#4360 = FACE_BOUND('',#4361,.T.);
#4361 = EDGE_LOOP('',(#4362,#4406,#4427,#4428,#4429,#4450,#4451,#4452,
    #4453,#4489,#4490,#4491,#4492,#4493,#4494));
#4362 = ORIENTED_EDGE('',*,*,#4363,.F.);
#4363 = EDGE_CURVE('',#4364,#4366,#4368,.T.);
#4364 = VERTEX_POINT('',#4365);
#4365 = CARTESIAN_POINT('',(-35.5,16.981132075472,14.81));
#4366 = VERTEX_POINT('',#4367);
#4367 = CARTESIAN_POINT('',(-35.5,1.039794452106E-15,28.06));
#4368 = SURFACE_CURVE('',#4369,(#4374,#4380),.PCURVE_S1.);
#4369 = ELLIPSE('',#4370,16.981132075472,13.25);
#4370 = AXIS2_PLACEMENT_3D('',#4371,#4372,#4373);
#4371 = CARTESIAN_POINT('',(-35.5,0.,14.81));
#4372 = DIRECTION('',(1.,0.,0.));
#4373 = DIRECTION('',(-0.,1.,0.));
#4374 = PCURVE('',#1336,#4375);
#4375 = DEFINITIONAL_REPRESENTATION('',(#4376),#4379);
#4376 = B_SPLINE_CURVE_WITH_KNOTS('',1,(#4377,#4378),.UNSPECIFIED.,.F.,
  .F.,(2,2),(0.,1.570796326795),.PIECEWISE_BEZIER_KNOTS.);
#4377 = CARTESIAN_POINT('',(0.,0.));
#4378 = CARTESIAN_POINT('',(1.570796326795,0.));
#4379 = ( GEOMETRIC_REPRESENTATION_CONTEXT(2) 
PARAMETRIC_REPRESENTATION_CONTEXT() REPRESENTATION_CONTEXT('2D SPACE',''
  ) );
#4380 = PCURVE('',#4381,#4400);
#4381 = B_SPLINE_SURFACE_WITH_KNOTS('',8,1,(
    (#4382,#4383)
    ,(#4384,#4385)
    ,(#4386,#4387)
    ,(#4388,#4389)
    ,(#4390,#4391)
    ,(#4392,#4393)
    ,(#4394,#4395)
    ,(#4396,#4397)
    ,(#4398,#4399
    )),.UNSPECIFIED.,.F.,.F.,.F.,(9,9),(2,2),(4.712388980385,
    6.28318530718),(0.,1.),.PIECEWISE_BEZIER_KNOTS.);
#4382 = CARTESIAN_POINT('',(-41.5,15.,18.26));
#4383 = CARTESIAN_POINT('',(-35.5,16.981132075472,14.81));
#4384 = CARTESIAN_POINT('',(-41.49999999999,15.,21.20524311274));
#4385 = CARTESIAN_POINT('',(-35.5,16.981132075472,17.411631416254));
#4386 = CARTESIAN_POINT('',(-41.5,14.339088165583,24.150487152564));
#4387 = CARTESIAN_POINT('',(-35.5,16.232929998772,20.013263651431));
#4388 = CARTESIAN_POINT('',(-41.49999999999,13.01727098807,
    26.922698515024));
#4389 = CARTESIAN_POINT('',(-35.5,14.736533194043,22.46205035494));
#4390 = CARTESIAN_POINT('',(-41.5,11.088881336699,29.3488813367));
#4391 = CARTESIAN_POINT('',(-35.5,12.553450569847,24.605178514083));
#4392 = CARTESIAN_POINT('',(-41.49999999999,8.662698515025,
    31.27727098807));
#4393 = CARTESIAN_POINT('',(-35.5,9.806828507577,26.308589372797));
#4394 = CARTESIAN_POINT('',(-41.5,5.890487152564,32.599088165582));
#4395 = CARTESIAN_POINT('',(-35.5,6.66847602177,27.476194546264));
#4396 = CARTESIAN_POINT('',(-41.5,2.94524311274,33.26));
#4397 = CARTESIAN_POINT('',(-35.5,3.334237486121,28.06));
#4398 = CARTESIAN_POINT('',(-41.5,5.329070518201E-15,33.26));
#4399 = CARTESIAN_POINT('',(-35.5,1.7763568394E-15,28.06));
#4400 = DEFINITIONAL_REPRESENTATION('',(#4401),#4405);
#4401 = LINE('',#4402,#4403);
#4402 = CARTESIAN_POINT('',(4.712388980385,1.));
#4403 = VECTOR('',#4404,1.);
#4404 = DIRECTION('',(1.,0.));
#4405 = ( GEOMETRIC_REPRESENTATION_CONTEXT(2) 
PARAMETRIC_REPRESENTATION_CONTEXT() REPRESENTATION_CONTEXT('2D SPACE',''
  ) );
#4406 = ORIENTED_EDGE('',*,*,#4407,.T.);
#4407 = EDGE_CURVE('',#4364,#2076,#4408,.T.);
#4408 = SEAM_CURVE('',#4409,(#4413,#4420),.PCURVE_S1.);
#4409 = LINE('',#4410,#4411);
#4410 = CARTESIAN_POINT('',(-35.5,16.981132075472,14.81));
#4411 = VECTOR('',#4412,1.);
#4412 = DIRECTION('',(1.,0.,0.));
#4413 = PCURVE('',#1336,#4414);
#4414 = DEFINITIONAL_REPRESENTATION('',(#4415),#4419);
#4415 = LINE('',#4416,#4417);
#4416 = CARTESIAN_POINT('',(6.28318530718,0.));
#4417 = VECTOR('',#4418,1.);
#4418 = DIRECTION('',(0.,-1.));
#4419 = ( GEOMETRIC_REPRESENTATION_CONTEXT(2) 
PARAMETRIC_REPRESENTATION_CONTEXT() REPRESENTATION_CONTEXT('2D SPACE',''
  ) );
#4420 = PCURVE('',#1336,#4421);
#4421 = DEFINITIONAL_REPRESENTATION('',(#4422),#4426);
#4422 = LINE('',#4423,#4424);
#4423 = CARTESIAN_POINT('',(0.,0.));
#4424 = VECTOR('',#4425,1.);
#4425 = DIRECTION('',(0.,-1.));
#4426 = ( GEOMETRIC_REPRESENTATION_CONTEXT(2) 
PARAMETRIC_REPRESENTATION_CONTEXT() REPRESENTATION_CONTEXT('2D SPACE',''
  ) );
#4427 = ORIENTED_EDGE('',*,*,#2563,.F.);
#4428 = ORIENTED_EDGE('',*,*,#4209,.T.);
#4429 = ORIENTED_EDGE('',*,*,#4430,.T.);
#4430 = EDGE_CURVE('',#4100,#1515,#4431,.T.);
#4431 = SEAM_CURVE('',#4432,(#4436,#4443),.PCURVE_S1.);
#4432 = LINE('',#4433,#4434);
#4433 = CARTESIAN_POINT('',(-35.5,16.981132075472,14.81));
#4434 = VECTOR('',#4435,1.);
#4435 = DIRECTION('',(1.,0.,0.));
#4436 = PCURVE('',#1336,#4437);
#4437 = DEFINITIONAL_REPRESENTATION('',(#4438),#4442);
#4438 = LINE('',#4439,#4440);
#4439 = CARTESIAN_POINT('',(6.28318530718,0.));
#4440 = VECTOR('',#4441,1.);
#4441 = DIRECTION('',(0.,-1.));
#4442 = ( GEOMETRIC_REPRESENTATION_CONTEXT(2) 
PARAMETRIC_REPRESENTATION_CONTEXT() REPRESENTATION_CONTEXT('2D SPACE',''
  ) );
#4443 = PCURVE('',#1336,#4444);
#4444 = DEFINITIONAL_REPRESENTATION('',(#4445),#4449);
#4445 = LINE('',#4446,#4447);
#4446 = CARTESIAN_POINT('',(0.,0.));
#4447 = VECTOR('',#4448,1.);
#4448 = DIRECTION('',(0.,-1.));
#4449 = ( GEOMETRIC_REPRESENTATION_CONTEXT(2) 
PARAMETRIC_REPRESENTATION_CONTEXT() REPRESENTATION_CONTEXT('2D SPACE',''
  ) );
#4450 = ORIENTED_EDGE('',*,*,#1514,.F.);
#4451 = ORIENTED_EDGE('',*,*,#4323,.F.);
#4452 = ORIENTED_EDGE('',*,*,#1190,.F.);
#4453 = ORIENTED_EDGE('',*,*,#4454,.F.);
#4454 = EDGE_CURVE('',#1625,#1170,#4455,.T.);
#4455 = SURFACE_CURVE('',#4456,(#4465,#4477),.PCURVE_S1.);
#4456 = B_SPLINE_CURVE_WITH_KNOTS('',4,(#4457,#4458,#4459,#4460,#4461,
    #4462,#4463,#4464),.UNSPECIFIED.,.F.,.F.,(5,3,5),(0.,0.5,1.),
  .UNSPECIFIED.);
#4457 = CARTESIAN_POINT('',(-33.5,3.06587670985,1.777743500271));
#4458 = CARTESIAN_POINT('',(-33.5,2.304608384484,1.668707150479));
#4459 = CARTESIAN_POINT('',(-33.5,1.53810021789,1.596235241681));
#4460 = CARTESIAN_POINT('',(-33.5,0.769054493014,1.56));
#4461 = CARTESIAN_POINT('',(-33.5,-0.769054493012,1.56));
#4462 = CARTESIAN_POINT('',(-33.5,-1.538100217888,1.596235241681));
#4463 = CARTESIAN_POINT('',(-33.5,-2.304608384483,1.668707150479));
#4464 = CARTESIAN_POINT('',(-33.5,-3.06587670985,1.777743500271));
#4465 = PCURVE('',#1336,#4466);
#4466 = DEFINITIONAL_REPRESENTATION('',(#4467),#4476);
#4467 = B_SPLINE_CURVE_WITH_KNOTS('',4,(#4468,#4469,#4470,#4471,#4472,
    #4473,#4474,#4475),.UNSPECIFIED.,.F.,.F.,(5,3,5),(0.,0.5,1.),
  .UNSPECIFIED.);
#4468 = CARTESIAN_POINT('',(4.893930600095,-2.));
#4469 = CARTESIAN_POINT('',(4.848351328598,-2.));
#4470 = CARTESIAN_POINT('',(4.802966390182,-2.));
#4471 = CARTESIAN_POINT('',(4.757677744973,-2.));
#4472 = CARTESIAN_POINT('',(4.667100215796,-2.));
#4473 = CARTESIAN_POINT('',(4.621811570587,-2.));
#4474 = CARTESIAN_POINT('',(4.576426632171,-2.));
#4475 = CARTESIAN_POINT('',(4.530847360675,-2.));
#4476 = ( GEOMETRIC_REPRESENTATION_CONTEXT(2) 
PARAMETRIC_REPRESENTATION_CONTEXT() REPRESENTATION_CONTEXT('2D SPACE',''
  ) );
#4477 = PCURVE('',#1120,#4478);
#4478 = DEFINITIONAL_REPRESENTATION('',(#4479),#4488);
#4479 = B_SPLINE_CURVE_WITH_KNOTS('',4,(#4480,#4481,#4482,#4483,#4484,
    #4485,#4486,#4487),.UNSPECIFIED.,.F.,.F.,(5,3,5),(0.,0.5,1.),
  .UNSPECIFIED.);
#4480 = CARTESIAN_POINT('',(16.482256499729,-3.06587670985));
#4481 = CARTESIAN_POINT('',(16.591292849521,-2.304608384484));
#4482 = CARTESIAN_POINT('',(16.663764758319,-1.53810021789));
#4483 = CARTESIAN_POINT('',(16.7,-0.769054493014));
#4484 = CARTESIAN_POINT('',(16.7,0.769054493012));
#4485 = CARTESIAN_POINT('',(16.663764758319,1.538100217888));
#4486 = CARTESIAN_POINT('',(16.591292849521,2.304608384483));
#4487 = CARTESIAN_POINT('',(16.482256499729,3.06587670985));
#4488 = ( GEOMETRIC_REPRESENTATION_CONTEXT(2) 
PARAMETRIC_REPRESENTATION_CONTEXT() REPRESENTATION_CONTEXT('2D SPACE',''
  ) );
#4489 = ORIENTED_EDGE('',*,*,#1624,.F.);
#4490 = ORIENTED_EDGE('',*,*,#4430,.F.);
#4491 = ORIENTED_EDGE('',*,*,#4099,.T.);
#4492 = ORIENTED_EDGE('',*,*,#2075,.F.);
#4493 = ORIENTED_EDGE('',*,*,#4407,.F.);
#4494 = ORIENTED_EDGE('',*,*,#4495,.F.);
#4495 = EDGE_CURVE('',#4366,#4364,#4496,.T.);
#4496 = SURFACE_CURVE('',#4497,(#4502,#4508),.PCURVE_S1.);
#4497 = ELLIPSE('',#4498,16.981132075472,13.25);
#4498 = AXIS2_PLACEMENT_3D('',#4499,#4500,#4501);
#4499 = CARTESIAN_POINT('',(-35.5,0.,14.81));
#4500 = DIRECTION('',(1.,0.,0.));
#4501 = DIRECTION('',(-0.,1.,0.));
#4502 = PCURVE('',#1336,#4503);
#4503 = DEFINITIONAL_REPRESENTATION('',(#4504),#4507);
#4504 = B_SPLINE_CURVE_WITH_KNOTS('',1,(#4505,#4506),.UNSPECIFIED.,.F.,
  .F.,(2,2),(1.570796326795,6.28318530718),.PIECEWISE_BEZIER_KNOTS.);
#4505 = CARTESIAN_POINT('',(1.570796326795,0.));
#4506 = CARTESIAN_POINT('',(6.28318530718,0.));
#4507 = ( GEOMETRIC_REPRESENTATION_CONTEXT(2) 
PARAMETRIC_REPRESENTATION_CONTEXT() REPRESENTATION_CONTEXT('2D SPACE',''
  ) );
#4508 = PCURVE('',#4509,#4536);
#4509 = B_SPLINE_SURFACE_WITH_KNOTS('',12,1,(
    (#4510,#4511)
    ,(#4512,#4513)
    ,(#4514,#4515)
    ,(#4516,#4517)
    ,(#4518,#4519)
    ,(#4520,#4521)
    ,(#4522,#4523)
    ,(#4524,#4525)
    ,(#4526,#4527)
    ,(#4528,#4529)
    ,(#4530,#4531)
    ,(#4532,#4533)
    ,(#4534,#4535
    )),.UNSPECIFIED.,.F.,.F.,.F.,(13,13),(2,2),(0.,4.712388980385),(0.,
    1.),.PIECEWISE_BEZIER_KNOTS.);
#4510 = CARTESIAN_POINT('',(-41.5,5.329070518201E-15,33.26));
#4511 = CARTESIAN_POINT('',(-35.5,8.881784197001E-15,28.06));
#4512 = CARTESIAN_POINT('',(-41.5,-5.890486225482,33.260000000002));
#4513 = CARTESIAN_POINT('',(-35.5,-6.668474972243,28.06));
#4514 = CARTESIAN_POINT('',(-41.49999999998,-11.78096981317,
    30.736518290398));
#4515 = CARTESIAN_POINT('',(-35.5,-13.33694695831,25.830924489856));
#4516 = CARTESIAN_POINT('',(-41.50000000003,-16.4823161314,
    25.68958948004));
#4517 = CARTESIAN_POINT('',(-35.49999999999,-18.65922580913,
    21.372804040691));
#4518 = CARTESIAN_POINT('',(-41.49999999993,-18.80523229271,
    18.741675548125));
#4519 = CARTESIAN_POINT('',(-35.50000000001,-21.28894221818,
    15.235480067528));
#4520 = CARTESIAN_POINT('',(-41.50000000009,-17.92774999166,
    11.138699564448));
#4521 = CARTESIAN_POINT('',(-35.49999999998,-20.29556602828,
    8.519517948573));
#4522 = CARTESIAN_POINT('',(-41.49999999989,-13.76001363566,
    4.499986364293));
#4523 = CARTESIAN_POINT('',(-35.50000000002,-15.57737392717,
    2.655321288482));
#4524 = CARTESIAN_POINT('',(-41.50000000009,-7.121300435594,
    0.332250008374));
#4525 = CARTESIAN_POINT('',(-35.49999999998,-8.061849549719,
    -1.026179159288));
#4526 = CARTESIAN_POINT('',(-41.49999999993,0.481675548156,
    -0.545232292746));
#4527 = CARTESIAN_POINT('',(-35.50000000001,0.545293073379,
    -1.801288525246));
#4528 = CARTESIAN_POINT('',(-41.50000000003,7.429589480022,
    1.777683868609));
#4529 = CARTESIAN_POINT('',(-35.49999999999,8.410856015121,
    0.250620750598));
#4530 = CARTESIAN_POINT('',(-41.49999999998,12.476518290406,
    6.479030186819));
#4531 = CARTESIAN_POINT('',(-35.5,14.124360328761,4.403476665025));
#4532 = CARTESIAN_POINT('',(-41.5,15.,12.36951377452));
#4533 = CARTESIAN_POINT('',(-35.5,16.981132075472,9.606737167492));
#4534 = CARTESIAN_POINT('',(-41.5,15.,18.26));
#4535 = CARTESIAN_POINT('',(-35.5,16.981132075472,14.81));
#4536 = DEFINITIONAL_REPRESENTATION('',(#4537),#4541);
#4537 = LINE('',#4538,#4539);
#4538 = CARTESIAN_POINT('',(-1.570796326795,1.));
#4539 = VECTOR('',#4540,1.);
#4540 = DIRECTION('',(1.,0.));
#4541 = ( GEOMETRIC_REPRESENTATION_CONTEXT(2) 
PARAMETRIC_REPRESENTATION_CONTEXT() REPRESENTATION_CONTEXT('2D SPACE',''
  ) );
#4542 = FACE_BOUND('',#4543,.T.);
#4543 = EDGE_LOOP('',(#4544,#4545));
#4544 = ORIENTED_EDGE('',*,*,#3092,.F.);
#4545 = ORIENTED_EDGE('',*,*,#3853,.T.);
#4546 = ADVANCED_FACE('',(#4547),#4509,.F.);
#4547 = FACE_BOUND('',#4548,.F.);
#4548 = EDGE_LOOP('',(#4549,#4580,#4600,#4601));
#4549 = ORIENTED_EDGE('',*,*,#4550,.T.);
#4550 = EDGE_CURVE('',#4551,#4553,#4555,.T.);
#4551 = VERTEX_POINT('',#4552);
#4552 = CARTESIAN_POINT('',(-41.5,0.,33.26));
#4553 = VERTEX_POINT('',#4554);
#4554 = CARTESIAN_POINT('',(-41.5,15.,18.26));
#4555 = SURFACE_CURVE('',#4556,(#4561,#4568),.PCURVE_S1.);
#4556 = CIRCLE('',#4557,15.);
#4557 = AXIS2_PLACEMENT_3D('',#4558,#4559,#4560);
#4558 = CARTESIAN_POINT('',(-41.5,0.,18.26));
#4559 = DIRECTION('',(1.,0.,0.));
#4560 = DIRECTION('',(-0.,0.,1.));
#4561 = PCURVE('',#4509,#4562);
#4562 = DEFINITIONAL_REPRESENTATION('',(#4563),#4567);
#4563 = LINE('',#4564,#4565);
#4564 = CARTESIAN_POINT('',(0.,0.));
#4565 = VECTOR('',#4566,1.);
#4566 = DIRECTION('',(1.,0.));
#4567 = ( GEOMETRIC_REPRESENTATION_CONTEXT(2) 
PARAMETRIC_REPRESENTATION_CONTEXT() REPRESENTATION_CONTEXT('2D SPACE',''
  ) );
#4568 = PCURVE('',#4569,#4574);
#4569 = PLANE('',#4570);
#4570 = AXIS2_PLACEMENT_3D('',#4571,#4572,#4573);
#4571 = CARTESIAN_POINT('',(-41.5,0.,18.26));
#4572 = DIRECTION('',(1.,0.,0.));
#4573 = DIRECTION('',(-0.,0.,1.));
#4574 = DEFINITIONAL_REPRESENTATION('',(#4575),#4579);
#4575 = CIRCLE('',#4576,15.);
#4576 = AXIS2_PLACEMENT_2D('',#4577,#4578);
#4577 = CARTESIAN_POINT('',(0.,0.));
#4578 = DIRECTION('',(1.,0.));
#4579 = ( GEOMETRIC_REPRESENTATION_CONTEXT(2) 
PARAMETRIC_REPRESENTATION_CONTEXT() REPRESENTATION_CONTEXT('2D SPACE',''
  ) );
#4580 = ORIENTED_EDGE('',*,*,#4581,.T.);
#4581 = EDGE_CURVE('',#4553,#4364,#4582,.T.);
#4582 = SURFACE_CURVE('',#4583,(#4586,#4593),.PCURVE_S1.);
#4583 = B_SPLINE_CURVE_WITH_KNOTS('',1,(#4584,#4585),.UNSPECIFIED.,.F.,
  .F.,(2,2),(0.,1.),.PIECEWISE_BEZIER_KNOTS.);
#4584 = CARTESIAN_POINT('',(-41.5,15.,18.26));
#4585 = CARTESIAN_POINT('',(-35.5,16.981132075472,14.81));
#4586 = PCURVE('',#4509,#4587);
#4587 = DEFINITIONAL_REPRESENTATION('',(#4588),#4592);
#4588 = LINE('',#4589,#4590);
#4589 = CARTESIAN_POINT('',(4.712388980385,0.));
#4590 = VECTOR('',#4591,1.);
#4591 = DIRECTION('',(0.,1.));
#4592 = ( GEOMETRIC_REPRESENTATION_CONTEXT(2) 
PARAMETRIC_REPRESENTATION_CONTEXT() REPRESENTATION_CONTEXT('2D SPACE',''
  ) );
#4593 = PCURVE('',#4381,#4594);
#4594 = DEFINITIONAL_REPRESENTATION('',(#4595),#4599);
#4595 = LINE('',#4596,#4597);
#4596 = CARTESIAN_POINT('',(4.712388980385,0.));
#4597 = VECTOR('',#4598,1.);
#4598 = DIRECTION('',(0.,1.));
#4599 = ( GEOMETRIC_REPRESENTATION_CONTEXT(2) 
PARAMETRIC_REPRESENTATION_CONTEXT() REPRESENTATION_CONTEXT('2D SPACE',''
  ) );
#4600 = ORIENTED_EDGE('',*,*,#4495,.F.);
#4601 = ORIENTED_EDGE('',*,*,#4602,.F.);
#4602 = EDGE_CURVE('',#4551,#4366,#4603,.T.);
#4603 = SURFACE_CURVE('',#4604,(#4607,#4614),.PCURVE_S1.);
#4604 = B_SPLINE_CURVE_WITH_KNOTS('',1,(#4605,#4606),.UNSPECIFIED.,.F.,
  .F.,(2,2),(0.,1.),.PIECEWISE_BEZIER_KNOTS.);
#4605 = CARTESIAN_POINT('',(-41.5,5.329070518201E-15,33.26));
#4606 = CARTESIAN_POINT('',(-35.5,8.881784197001E-15,28.06));
#4607 = PCURVE('',#4509,#4608);
#4608 = DEFINITIONAL_REPRESENTATION('',(#4609),#4613);
#4609 = LINE('',#4610,#4611);
#4610 = CARTESIAN_POINT('',(0.,0.));
#4611 = VECTOR('',#4612,1.);
#4612 = DIRECTION('',(0.,1.));
#4613 = ( GEOMETRIC_REPRESENTATION_CONTEXT(2) 
PARAMETRIC_REPRESENTATION_CONTEXT() REPRESENTATION_CONTEXT('2D SPACE',''
  ) );
#4614 = PCURVE('',#4381,#4615);
#4615 = DEFINITIONAL_REPRESENTATION('',(#4616),#4620);
#4616 = LINE('',#4617,#4618);
#4617 = CARTESIAN_POINT('',(6.28318530718,0.));
#4618 = VECTOR('',#4619,1.);
#4619 = DIRECTION('',(0.,1.));
#4620 = ( GEOMETRIC_REPRESENTATION_CONTEXT(2) 
PARAMETRIC_REPRESENTATION_CONTEXT() REPRESENTATION_CONTEXT('2D SPACE',''
  ) );
#4621 = ADVANCED_FACE('',(#4622),#4569,.T.);
#4622 = FACE_BOUND('',#4623,.T.);
#4623 = EDGE_LOOP('',(#4624,#4625));
#4624 = ORIENTED_EDGE('',*,*,#4550,.T.);
#4625 = ORIENTED_EDGE('',*,*,#4626,.T.);
#4626 = EDGE_CURVE('',#4553,#4551,#4627,.T.);
#4627 = SURFACE_CURVE('',#4628,(#4633,#4640),.PCURVE_S1.);
#4628 = CIRCLE('',#4629,15.);
#4629 = AXIS2_PLACEMENT_3D('',#4630,#4631,#4632);
#4630 = CARTESIAN_POINT('',(-41.5,0.,18.26));
#4631 = DIRECTION('',(1.,0.,0.));
#4632 = DIRECTION('',(-0.,0.,1.));
#4633 = PCURVE('',#4569,#4634);
#4634 = DEFINITIONAL_REPRESENTATION('',(#4635),#4639);
#4635 = CIRCLE('',#4636,15.);
#4636 = AXIS2_PLACEMENT_2D('',#4637,#4638);
#4637 = CARTESIAN_POINT('',(0.,0.));
#4638 = DIRECTION('',(1.,0.));
#4639 = ( GEOMETRIC_REPRESENTATION_CONTEXT(2) 
PARAMETRIC_REPRESENTATION_CONTEXT() REPRESENTATION_CONTEXT('2D SPACE',''
  ) );
#4640 = PCURVE('',#4381,#4641);
#4641 = DEFINITIONAL_REPRESENTATION('',(#4642),#4646);
#4642 = LINE('',#4643,#4644);
#4643 = CARTESIAN_POINT('',(0.,0.));
#4644 = VECTOR('',#4645,1.);
#4645 = DIRECTION('',(1.,0.));
#4646 = ( GEOMETRIC_REPRESENTATION_CONTEXT(2) 
PARAMETRIC_REPRESENTATION_CONTEXT() REPRESENTATION_CONTEXT('2D SPACE',''
  ) );
#4647 = ADVANCED_FACE('',(#4648),#4381,.F.);
#4648 = FACE_BOUND('',#4649,.F.);
#4649 = EDGE_LOOP('',(#4650,#4651,#4652,#4653));
#4650 = ORIENTED_EDGE('',*,*,#4626,.T.);
#4651 = ORIENTED_EDGE('',*,*,#4602,.T.);
#4652 = ORIENTED_EDGE('',*,*,#4363,.F.);
#4653 = ORIENTED_EDGE('',*,*,#4581,.F.);
#4654 = ADVANCED_FACE('',(#4655),#1120,.F.);
#4655 = FACE_BOUND('',#4656,.F.);
#4656 = EDGE_LOOP('',(#4657,#4658,#4659,#4660));
#4657 = ORIENTED_EDGE('',*,*,#4454,.F.);
#4658 = ORIENTED_EDGE('',*,*,#1734,.T.);
#4659 = ORIENTED_EDGE('',*,*,#1103,.T.);
#4660 = ORIENTED_EDGE('',*,*,#1169,.F.);
#4661 = ADVANCED_FACE('',(#4662,#4665),#43,.F.);
#4662 = FACE_BOUND('',#4663,.F.);
#4663 = EDGE_LOOP('',(#4664));
#4664 = ORIENTED_EDGE('',*,*,#21,.F.);
#4665 = FACE_BOUND('',#4666,.F.);
#4666 = EDGE_LOOP('',(#4667,#4668,#4669,#4670));
#4667 = ORIENTED_EDGE('',*,*,#4071,.F.);
#4668 = ORIENTED_EDGE('',*,*,#3709,.T.);
#4669 = ORIENTED_EDGE('',*,*,#3732,.F.);
#4670 = ORIENTED_EDGE('',*,*,#3612,.F.);
#4671 = ( GEOMETRIC_REPRESENTATION_CONTEXT(3) 
GLOBAL_UNCERTAINTY_ASSIGNED_CONTEXT((#4675)) 
GLOBAL_UNIT_ASSIGNED_CONTEXT((#4672,#4673,#4674)) REPRESENTATION_CONTEXT
('Context #1','3D Context with UNIT and UNCERTAINTY') );
#4672 = ( LENGTH_UNIT() NAMED_UNIT(*) SI_UNIT(.MILLI.,.METRE.) );
#4673 = ( NAMED_UNIT(*) PLANE_ANGLE_UNIT() SI_UNIT($,.RADIAN.) );
#4674 = ( NAMED_UNIT(*) SI_UNIT($,.STERADIAN.) SOLID_ANGLE_UNIT() );
#4675 = UNCERTAINTY_MEASURE_WITH_UNIT(LENGTH_MEASURE(1.E-06),#4672,
  'distance_accuracy_value','confusion accuracy');
#4676 = PRODUCT_RELATED_PRODUCT_CATEGORY('part',$,(#7));
ENDSEC;
END-ISO-10303-21;
